,Knock-out Genes,Modal Similarity,The Most Similar Inhibitors,Metric,Scores,Searched Mols
0,AKT1,0.85,C1=C(C2=NN=C(O2)SCC=3C=CC(=CC3)C4=CC=C(C=C4)C#N)C=CC5=C1OCO5,Fraggle,0.62,Fc1ccc(cc1)C(=O)OCc1ccc(CSc2nnc(o2)-c2cccc3ccccc23)cc1
1,AKT1,0.88,C12(CN(CCC1)C[C@@H](CN(CCOCC)S(C3=C(C=CC=C3C)C)(=O)=O)O)OC=4C=CC(=CC4CC2)C(=O)N,Fraggle,0.31,CCS(=O)(=O)NCC[C@@H]1CC[C@@H](NC(=O)C2CCCCC2)[C@H](CO)O1
2,AKT1,0.84,C1=CC=C2C(=C1)C=CC(N3C(=NN=C3C=4C=CN=CC4)S)=C2,Fraggle,0.50,Cn1nnnc1Sc2ncnc3scc(c4cccc5ccccc45)c23
3,AKT1,0.85,C1=C(C2=NN=C(O2)SCC=3C=CC(=CC3)C4=CC=C(C=C4)C#N)C=CC5=C1OCO5,Fraggle,0.62,Fc1ccc(cc1)C(=O)OCc1ccc(CSc2nnc(o2)-c2cccc3ccccc23)cc1
4,AKT1,0.80,N1(CCN(CC=2C=C3C(C4=C(C(=NN4)C5=CSC(=C5)C#CCOCCOC)C3=O)=CC2)CC1)C,Fraggle,0.46,COc1ccc(cc1OC2CCOC2)C3=Nn4c(nnc4SC3)c5ccccc5OC
5,AKT1,0.00,BrC1=CC=2C(=NNC2C=C1)C3=CC=CC=C3,Fraggle,0.40,Brc1c(Br)c(Br)c2[nH]nnc2c1Br
6,AKT1,0.85,C1=C(C2=NN=C(O2)SCC=3C=CC(=CC3)C4=CC=C(C=C4)C#N)C=CC5=C1OCO5,Fraggle,0.62,Fc1ccc(cc1)C(=O)OCc1ccc(CSc2nnc(o2)-c2cccc3ccccc23)cc1
7,AKT1,0.85,C12(CN(CC(CN(CCOC)S(C=3C(=NOC3C)C)(=O)=O)O)CCC1)OC=4C=CC(O)=CC4C(C2)=O,Fraggle,0.51,C[C@@H](CO)N1C[C@@H](C)[C@@H](CN(C)CC2CC2)OCCCC[C@@H](C)Oc3ccc(NS(=O)(=O)C)cc3C1=O
8,AKT1,0.84,C12(CN(CC(CN(CCOC)S(C=3C(=NOC3C)C)(=O)=O)O)CCC1)OC=4C=CC(O)=CC4C(C2)=O,Fraggle,0.44,C[C@@H](CO)N1C[C@@H](C)[C@@H](CN(C)Cc2ccc(Cl)c(Cl)c2)Oc3c(NS(=O)(=O)c4cccs4)cccc3C1=O
9,AKT1,0.85,C1=C(C2=NN=C(O2)SCC=3C=CC(=CC3)C4=CC=C(C=C4)C#N)C=CC5=C1OCO5,Fraggle,0.62,Fc1ccc(cc1)C(=O)OCc1ccc(CSc2nnc(o2)-c2cccc3ccccc23)cc1
10,AKT1,0.84,C1=CC=C2C(=C1)C=CC(N3C(=NN=C3C=4C=CN=CC4)S)=C2,Fraggle,0.50,Cn1nnnc1Sc2ncnc3scc(c4cccc5ccccc45)c23
11,AKT1,0.90,C12(CN(C[C@@H](CN(CCOCC)S(C3=C(C=CC=C3C)C)(=O)=O)O)CCC1)OC=4C=CC(=CC4C(C2)=O)O,Fraggle,0.44,CCS(=O)(=O)Nc1ccc2OC[C@@H]3O[C@@H](CC(=O)N4CCN(C)CC4)CC[C@@H]3N(C)C(=O)c2c1
12,AKT1,0.84,C12(CN(CC(CN(CCOC)S(C=3C(=NOC3C)C)(=O)=O)O)CCC1)OC=4C=CC(O)=CC4C(C2)=O,Fraggle,0.44,C[C@@H](CO)N1C[C@@H](C)[C@@H](CN(C)Cc2ccc(Cl)c(Cl)c2)Oc3c(NS(=O)(=O)c4cccs4)cccc3C1=O
13,AKT1,0.00,BrC1=CC=2C(=NNC2C=C1)C3=CC=CC=C3,Fraggle,0.40,Brc1c(Br)c(Br)c2[nH]nnc2c1Br
14,AKT1,0.84,C1=CC=C2C(=C1)C=CC(N3C(=NN=C3C=4C=CN=CC4)S)=C2,Fraggle,0.50,Cn1nnnc1Sc2ncnc3scc(c4cccc5ccccc45)c23
15,AKT1,0.00,BrC1=CC=2C(=NNC2C=C1)C3=CC=CC=C3,Fraggle,0.40,Brc1c(Br)c(Br)c2[nH]nnc2c1Br
16,AKT1,0.92,C(=O)(NC=1C=2C(C(=CC1)OCCN3CCOCC3)=CC=CC2)NC4=CC(=NN4C5=CC=C(C=C5)C)C(C)(C)C,Fraggle,0.46,COc1ccc(cc1)C2(CC2)C(=O)N3CCC(CC3)n4nc(oc4=O)c5ccccc5
17,AKT1,0.92,C(=O)(NC=1C=2C(C(=CC1)OCCN3CCOCC3)=CC=CC2)NC4=CC(=NN4C5=CC=C(C=C5)C)C(C)(C)C,Fraggle,0.46,COc1ccc(cc1)C2(CC2)C(=O)N3CCC(CC3)n4nc(oc4=O)c5ccccc5
18,AKT1,0.84,C1=CC=C2C(=C1)C=CC(N3C(=NN=C3C=4C=CN=CC4)S)=C2,Fraggle,0.50,Cn1nnnc1Sc2ncnc3scc(c4cccc5ccccc45)c23
19,AKT1,0.00,BrC1=CC=2C(=NNC2C=C1)C3=CC=CC=C3,Fraggle,0.40,Brc1c(Br)c(Br)c2[nH]nnc2c1Br
20,AKT1,0.00,BrC1=CC=2C(=NNC2C=C1)C3=CC=CC=C3,Fraggle,0.40,Brc1c(Br)c(Br)c2[nH]nnc2c1Br
21,AKT1,0.87,BrC1=C(N=C2N=CC(=C(O)C2=C1C)C(=O)O)N3CC(NC)CC3,Fraggle,0.49,COc1c(N2CCNC(C)C2)c(F)cc2c1n(cc(C(O)=O)c2=O)C1CC1
22,AKT1,0.85,O=C1N(C(=O)C2=C3C1=CC=C(NCCCC)C3=CC=C2)CCNCCO,Fraggle,0.00,CCCCC/C=CC/C=CC/C=CC/C=CCCCC(=O)NCC(=O)O
23,AKT1,0.84,C1=CC=C2C(=C1)C=CC(N3C(=NN=C3C=4C=CN=CC4)S)=C2,Fraggle,0.50,Cn1nnnc1Sc2ncnc3scc(c4cccc5ccccc45)c23
24,AKT1,0.88,C12(CN(CCC1)C[C@@H](CN(CCOCC)S(C3=C(C=CC=C3C)C)(=O)=O)O)OC=4C=CC(=CC4CC2)C(=O)N,Fraggle,0.31,CCS(=O)(=O)NCC[C@@H]1CC[C@@H](NC(=O)C2CCCCC2)[C@H](CO)O1
25,AKT1,0.84,C1=CC=C2C(=C1)C=CC(N3C(=NN=C3C=4C=CN=CC4)S)=C2,Fraggle,0.50,Cn1nnnc1Sc2ncnc3scc(c4cccc5ccccc45)c23
26,AKT1,0.88,C12(CN(CCC1)C[C@@H](CN(CCOCC)S(C3=C(C=CC=C3C)C)(=O)=O)O)OC=4C=CC(=CC4CC2)C(=O)N,Fraggle,0.31,CCS(=O)(=O)NCC[C@@H]1CC[C@@H](NC(=O)C2CCCCC2)[C@H](CO)O1
27,AKT1,0.92,C(=O)(NC=1C=2C(C(=CC1)OCCN3CCOCC3)=CC=CC2)NC4=CC(=NN4C5=CC=C(C=C5)C)C(C)(C)C,Fraggle,0.46,COc1ccc(cc1)C2(CC2)C(=O)N3CCC(CC3)n4nc(oc4=O)c5ccccc5
28,AKT1,0.84,C1=CC=C2C(=C1)C=CC(N3C(=NN=C3C=4C=CN=CC4)S)=C2,Fraggle,0.50,Cn1nnnc1Sc2ncnc3scc(c4cccc5ccccc45)c23
29,AKT1,0.85,C1=C(C2=NN=C(O2)SCC=3C=CC(=CC3)C4=CC=C(C=C4)C#N)C=CC5=C1OCO5,Fraggle,0.62,Fc1ccc(cc1)C(=O)OCc1ccc(CSc2nnc(o2)-c2cccc3ccccc23)cc1
30,AKT1,0.85,C1=C(C2=NN=C(O2)SCC=3C=CC(=CC3)C4=CC=C(C=C4)C#N)C=CC5=C1OCO5,Fraggle,0.62,Fc1ccc(cc1)C(=O)OCc1ccc(CSc2nnc(o2)-c2cccc3ccccc23)cc1
31,AKT1,0.00,BrC1=CC=2C(=NNC2C=C1)C3=CC=CC=C3,Fraggle,0.40,Brc1c(Br)c(Br)c2[nH]nnc2c1Br
32,AKT1,0.88,C12(CN(CCC1)C[C@@H](CN(CCOCC)S(C3=C(C=CC=C3C)C)(=O)=O)O)OC=4C=CC(=CC4CC2)C(=O)N,Fraggle,0.31,CCS(=O)(=O)NCC[C@@H]1CC[C@@H](NC(=O)C2CCCCC2)[C@H](CO)O1
33,AKT1,0.88,C12(CN(CCC1)C[C@@H](CN(CCOCC)S(C3=C(C=CC=C3C)C)(=O)=O)O)OC=4C=CC(=CC4CC2)C(=O)N,Fraggle,0.31,CCS(=O)(=O)NCC[C@@H]1CC[C@@H](NC(=O)C2CCCCC2)[C@H](CO)O1
34,AKT1,0.85,C12(CN(CC(CN(CCOC)S(C=3C(=NOC3C)C)(=O)=O)O)CCC1)OC=4C=CC(O)=CC4C(C2)=O,Fraggle,0.51,C[C@@H](CO)N1C[C@@H](C)[C@@H](CN(C)CC2CC2)OCCCC[C@@H](C)Oc3ccc(NS(=O)(=O)C)cc3C1=O
35,AKT1,0.88,C12(CN(CCC1)C[C@@H](CN(CCOCC)S(C3=C(C=CC=C3C)C)(=O)=O)O)OC=4C=CC(=CC4CC2)C(=O)N,Fraggle,0.31,CCS(=O)(=O)NCC[C@@H]1CC[C@@H](NC(=O)C2CCCCC2)[C@H](CO)O1
36,AKT1,0.00,BrC1=CC=2C(=NNC2C=C1)C3=CC=CC=C3,Fraggle,0.40,Brc1c(Br)c(Br)c2[nH]nnc2c1Br
37,AKT1,0.84,C1=CC=C2C(=C1)C=CC(N3C(=NN=C3C=4C=CN=CC4)S)=C2,Fraggle,0.50,Cn1nnnc1Sc2ncnc3scc(c4cccc5ccccc45)c23
38,AKT1,0.88,C12(CN(CCC1)C[C@@H](CN(CCOCC)S(C3=C(C=CC=C3C)C)(=O)=O)O)OC=4C=CC(=CC4CC2)C(=O)N,Fraggle,0.31,CCS(=O)(=O)NCC[C@@H]1CC[C@@H](NC(=O)C2CCCCC2)[C@H](CO)O1
39,AKT1,0.88,C12(CN(CCC1)C[C@@H](CN(CCOCC)S(C3=C(C=CC=C3C)C)(=O)=O)O)OC=4C=CC(=CC4CC2)C(=O)N,Fraggle,0.31,CCS(=O)(=O)NCC[C@@H]1CC[C@@H](NC(=O)C2CCCCC2)[C@H](CO)O1
40,AKT1,0.84,C12(CN(CC(CN(CCOC)S(C=3C(=NOC3C)C)(=O)=O)O)CCC1)OC=4C=CC(O)=CC4C(C2)=O,Fraggle,0.44,C[C@@H](CO)N1C[C@@H](C)[C@@H](CN(C)Cc2ccc(Cl)c(Cl)c2)Oc3c(NS(=O)(=O)c4cccs4)cccc3C1=O
41,AKT1,0.85,C1=C(C2=NN=C(O2)SCC=3C=CC(=CC3)C4=CC=C(C=C4)C#N)C=CC5=C1OCO5,Fraggle,0.62,Fc1ccc(cc1)C(=O)OCc1ccc(CSc2nnc(o2)-c2cccc3ccccc23)cc1
42,AKT1,0.84,C1=CC=C2C(=C1)C=CC(N3C(=NN=C3C=4C=CN=CC4)S)=C2,Fraggle,0.50,Cn1nnnc1Sc2ncnc3scc(c4cccc5ccccc45)c23
43,AKT1,0.84,C1=CC=C2C(=C1)C=CC(N3C(=NN=C3C=4C=CN=CC4)S)=C2,Fraggle,0.50,Cn1nnnc1Sc2ncnc3scc(c4cccc5ccccc45)c23
44,AKT1,0.00,BrC1=CC=2C(=NNC2C=C1)C3=CC=CC=C3,Fraggle,0.40,Brc1c(Br)c(Br)c2[nH]nnc2c1Br
45,AKT1,0.00,BrC1=CC=2C(=NNC2C=C1)C3=CC=CC=C3,Fraggle,0.40,Brc1c(Br)c(Br)c2[nH]nnc2c1Br
46,AKT1,0.00,BrC1=CC=2C(=NNC2C=C1)C3=CC=CC=C3,Fraggle,0.40,Brc1c(Br)c(Br)c2[nH]nnc2c1Br
47,AKT1,0.86,S1C=2C(=C(C3=CC=C(S(=O)(=O)C)C=C3)C=NC2)C=C1C(=O)N,Fraggle,0.36,Cc1noc(C)c1C(c2ccccc2)S(=O)(=O)c3ccc(C)cc3
48,AKT1,0.88,C12(CN(CCC1)C[C@@H](CN(CCOCC)S(C3=C(C=CC=C3C)C)(=O)=O)O)OC=4C=CC(=CC4CC2)C(=O)N,Fraggle,0.31,CCS(=O)(=O)NCC[C@@H]1CC[C@@H](NC(=O)C2CCCCC2)[C@H](CO)O1
49,AKT1,0.88,C12(CN(CCC1)C[C@@H](CN(CCOCC)S(C3=C(C=CC=C3C)C)(=O)=O)O)OC=4C=CC(=CC4CC2)C(=O)N,Fraggle,0.31,CCS(=O)(=O)NCC[C@@H]1CC[C@@H](NC(=O)C2CCCCC2)[C@H](CO)O1
50,AKT1,0.85,C1=C(C2=NN=C(O2)SCC=3C=CC(=CC3)C4=CC=C(C=C4)C#N)C=CC5=C1OCO5,Fraggle,0.62,Fc1ccc(cc1)C(=O)OCc1ccc(CSc2nnc(o2)-c2cccc3ccccc23)cc1
51,AKT1,0.85,C1=C(C2=NN=C(O2)SCC=3C=CC(=CC3)C4=CC=C(C=C4)C#N)C=CC5=C1OCO5,Fraggle,0.62,Fc1ccc(cc1)C(=O)OCc1ccc(CSc2nnc(o2)-c2cccc3ccccc23)cc1
52,AKT1,0.00,BrC1=CC=2C(=NNC2C=C1)C3=CC=CC=C3,Fraggle,0.40,Brc1c(Br)c(Br)c2[nH]nnc2c1Br
53,AKT1,0.85,C1=C(C2=NN=C(O2)SCC=3C=CC(=CC3)C4=CC=C(C=C4)C#N)C=CC5=C1OCO5,Fraggle,0.62,Fc1ccc(cc1)C(=O)OCc1ccc(CSc2nnc(o2)-c2cccc3ccccc23)cc1
54,AKT1,0.87,BrC1=C(N=C2N=CC(=C(O)C2=C1C)C(=O)O)N3CC(NC)CC3,Fraggle,0.49,COc1c(N2CCNC(C)C2)c(F)cc2c1n(cc(C(O)=O)c2=O)C1CC1
55,AKT1,0.84,C1=CC=C2C(=C1)C=CC(N3C(=NN=C3C=4C=CN=CC4)S)=C2,Fraggle,0.50,Cn1nnnc1Sc2ncnc3scc(c4cccc5ccccc45)c23
56,AKT1,0.00,BrC1=CC=2C(=NNC2C=C1)C3=CC=CC=C3,Fraggle,0.40,Brc1c(Br)c(Br)c2[nH]nnc2c1Br
57,AKT1,0.85,C12(CN(CC(CN(CCOC)S(C=3C(=NOC3C)C)(=O)=O)O)CCC1)OC=4C=CC(O)=CC4C(C2)=O,Fraggle,0.51,C[C@@H](CO)N1C[C@@H](C)[C@@H](CN(C)CC2CC2)OCCCC[C@@H](C)Oc3ccc(NS(=O)(=O)C)cc3C1=O
58,AKT1,0.00,BrC1=CC=2C(=NNC2C=C1)C3=CC=CC=C3,Fraggle,0.40,Brc1c(Br)c(Br)c2[nH]nnc2c1Br
59,AKT1,0.00,BrC1=CC=2C(=NNC2C=C1)C3=CC=CC=C3,Fraggle,0.40,Brc1c(Br)c(Br)c2[nH]nnc2c1Br
60,AKT1,0.84,C1=CC=C2C(=C1)C=CC(N3C(=NN=C3C=4C=CN=CC4)S)=C2,Fraggle,0.50,Cn1nnnc1Sc2ncnc3scc(c4cccc5ccccc45)c23
61,AKT1,0.85,C1=C(C2=NN=C(O2)SCC=3C=CC(=CC3)C4=CC=C(C=C4)C#N)C=CC5=C1OCO5,Fraggle,0.62,Fc1ccc(cc1)C(=O)OCc1ccc(CSc2nnc(o2)-c2cccc3ccccc23)cc1
62,AKT1,0.82,[N+]=12C(=C3NC=4C=CC=CC4C3=CC1)C(=O)C=5C2=CC=CC5,Fraggle,0.35,OC(c1cnc2ccccn12)(c1ccccc1)c1ccccc1
63,AKT1,0.00,BrC1=CC=2C(=NNC2C=C1)C3=CC=CC=C3,Fraggle,0.40,Brc1c(Br)c(Br)c2[nH]nnc2c1Br
64,AKT1,0.85,C1=C(C2=NN=C(O2)SCC=3C=CC(=CC3)C4=CC=C(C=C4)C#N)C=CC5=C1OCO5,Fraggle,0.62,Fc1ccc(cc1)C(=O)OCc1ccc(CSc2nnc(o2)-c2cccc3ccccc23)cc1
65,AKT1,0.82,[N+]=12C(=C3NC=4C=CC=CC4C3=CC1)C(=O)C=5C2=CC=CC5,Fraggle,0.35,OC(c1cnc2ccccn12)(c1ccccc1)c1ccccc1
66,AKT1,0.00,BrC1=CC=2C(=NNC2C=C1)C3=CC=CC=C3,Fraggle,0.40,Brc1c(Br)c(Br)c2[nH]nnc2c1Br
67,AKT1,0.85,C1=C(C2=NN=C(O2)SCC=3C=CC(=CC3)C4=CC=C(C=C4)C#N)C=CC5=C1OCO5,Fraggle,0.62,Fc1ccc(cc1)C(=O)OCc1ccc(CSc2nnc(o2)-c2cccc3ccccc23)cc1
68,AKT1,0.86,S1C=2C(=C(C3=CC=C(S(=O)(=O)C)C=C3)C=NC2)C=C1C(=O)N,Fraggle,0.36,Cc1noc(C)c1C(c2ccccc2)S(=O)(=O)c3ccc(C)cc3
69,AKT1,0.92,C(=O)(NC=1C=2C(C(=CC1)OCCN3CCOCC3)=CC=CC2)NC4=CC(=NN4C5=CC=C(C=C5)C)C(C)(C)C,Fraggle,0.46,COc1ccc(cc1)C2(CC2)C(=O)N3CCC(CC3)n4nc(oc4=O)c5ccccc5
70,AKT1,0.84,C1=CC=C2C(=C1)C=CC(N3C(=NN=C3C=4C=CN=CC4)S)=C2,Fraggle,0.50,Cn1nnnc1Sc2ncnc3scc(c4cccc5ccccc45)c23
71,AKT1,0.84,C1=CC=C2C(=C1)C=CC(N3C(=NN=C3C=4C=CN=CC4)S)=C2,Fraggle,0.50,Cn1nnnc1Sc2ncnc3scc(c4cccc5ccccc45)c23
72,AKT1,0.00,BrC1=CC=2C(=NNC2C=C1)C3=CC=CC=C3,Fraggle,0.40,Brc1c(Br)c(Br)c2[nH]nnc2c1Br
73,AKT1,0.85,C1=C(C2=NN=C(O2)SCC=3C=CC(=CC3)C4=CC=C(C=C4)C#N)C=CC5=C1OCO5,Fraggle,0.62,Fc1ccc(cc1)C(=O)OCc1ccc(CSc2nnc(o2)-c2cccc3ccccc23)cc1
74,AKT1,0.85,C1=C(C2=NN=C(O2)SCC=3C=CC(=CC3)C4=CC=C(C=C4)C#N)C=CC5=C1OCO5,Fraggle,0.62,Fc1ccc(cc1)C(=O)OCc1ccc(CSc2nnc(o2)-c2cccc3ccccc23)cc1
75,AKT1,0.87,BrC1=C(N=C2N=CC(=C(O)C2=C1C)C(=O)O)N3CC(NC)CC3,Fraggle,0.49,COc1c(N2CCNC(C)C2)c(F)cc2c1n(cc(C(O)=O)c2=O)C1CC1
76,AKT1,0.88,C12(CN(CCC1)C[C@@H](CN(CCOCC)S(C3=C(C=CC=C3C)C)(=O)=O)O)OC=4C=CC(=CC4CC2)C(=O)N,Fraggle,0.31,CCS(=O)(=O)NCC[C@@H]1CC[C@@H](NC(=O)C2CCCCC2)[C@H](CO)O1
77,AKT1,0.86,O=C1NC=2C(NC=3C1=CC=C(C3)C=4C=C(OC)C(OCC(O)CO)=CC4)=CC=C(C2)CCOC5=CC=C(N6CCOCC6)C=C5,Fraggle,0.43,CO[C@@H]1CN(C)C(=O)c2cc(NC(=O)C3CCCCC3)ccc2OC[C@@H](C)NC[C@@H]1C
78,AKT1,0.85,C12(CN(CC(CN(CCOC)S(C=3C(=NOC3C)C)(=O)=O)O)CCC1)OC=4C=CC(O)=CC4C(C2)=O,Fraggle,0.51,C[C@@H](CO)N1C[C@@H](C)[C@@H](CN(C)CC2CC2)OCCCC[C@@H](C)Oc3ccc(NS(=O)(=O)C)cc3C1=O
79,AKT1,0.84,C1=CC=C2C(=C1)C=CC(N3C(=NN=C3C=4C=CN=CC4)S)=C2,Fraggle,0.50,Cn1nnnc1Sc2ncnc3scc(c4cccc5ccccc45)c23
80,AKT1,0.84,C1=CC=C2C(=C1)C=CC(N3C(=NN=C3C=4C=CN=CC4)S)=C2,Fraggle,0.50,Cn1nnnc1Sc2ncnc3scc(c4cccc5ccccc45)c23
81,AKT1,0.85,O=C1N(C(=O)C2=C3C1=CC=C(NCCCC)C3=CC=C2)CCNCCO,Fraggle,0.00,CCCCC/C=CC/C=CC/C=CC/C=CCCCC(=O)NCC(=O)O
82,AKT1,0.85,C1=C(C2=NN=C(O2)SCC=3C=CC(=CC3)C4=CC=C(C=C4)C#N)C=CC5=C1OCO5,Fraggle,0.62,Fc1ccc(cc1)C(=O)OCc1ccc(CSc2nnc(o2)-c2cccc3ccccc23)cc1
83,AKT1,0.00,BrC1=CC=2C(=NNC2C=C1)C3=CC=CC=C3,Fraggle,0.40,Brc1c(Br)c(Br)c2[nH]nnc2c1Br
84,AKT1,0.86,O=C1NC=2C(NC=3C1=CC=C(C3)C=4C=C(OC)C(OCC(O)CO)=CC4)=CC=C(C2)CCOC5=CC=C(N6CCOCC6)C=C5,Fraggle,0.43,CO[C@@H]1CN(C)C(=O)c2cc(NC(=O)C3CCCCC3)ccc2OC[C@@H](C)NC[C@@H]1C
85,AKT1,0.90,C12(CN(C[C@@H](CN(CCOCC)S(C3=C(C=CC=C3C)C)(=O)=O)O)CCC1)OC=4C=CC(=CC4C(C2)=O)O,Fraggle,0.44,CCS(=O)(=O)Nc1ccc2OC[C@@H]3O[C@@H](CC(=O)N4CCN(C)CC4)CC[C@@H]3N(C)C(=O)c2c1
86,AKT1,0.00,BrC1=CC=2C(=NNC2C=C1)C3=CC=CC=C3,Fraggle,0.40,Brc1c(Br)c(Br)c2[nH]nnc2c1Br
87,AKT1,0.85,C1=C(C2=NN=C(O2)SCC=3C=CC(=CC3)C4=CC=C(C=C4)C#N)C=CC5=C1OCO5,Fraggle,0.62,Fc1ccc(cc1)C(=O)OCc1ccc(CSc2nnc(o2)-c2cccc3ccccc23)cc1
88,AKT1,0.88,C12(CN(CCC1)C[C@@H](CN(CCOCC)S(C3=C(C=CC=C3C)C)(=O)=O)O)OC=4C=CC(=CC4CC2)C(=O)N,Fraggle,0.31,CCS(=O)(=O)NCC[C@@H]1CC[C@@H](NC(=O)C2CCCCC2)[C@H](CO)O1
89,AKT1,0.00,BrC1=CC=2C(=NNC2C=C1)C3=CC=CC=C3,Fraggle,0.40,Brc1c(Br)c(Br)c2[nH]nnc2c1Br
90,AKT1,0.85,C1=C(C2=NN=C(O2)SCC=3C=CC(=CC3)C4=CC=C(C=C4)C#N)C=CC5=C1OCO5,Fraggle,0.62,Fc1ccc(cc1)C(=O)OCc1ccc(CSc2nnc(o2)-c2cccc3ccccc23)cc1
91,AKT1,0.00,BrC1=CC=2C(=NNC2C=C1)C3=CC=CC=C3,Fraggle,0.40,Brc1c(Br)c(Br)c2[nH]nnc2c1Br
92,AKT1,0.85,C1=C(C2=NN=C(O2)SCC=3C=CC(=CC3)C4=CC=C(C=C4)C#N)C=CC5=C1OCO5,Fraggle,0.62,Fc1ccc(cc1)C(=O)OCc1ccc(CSc2nnc(o2)-c2cccc3ccccc23)cc1
93,AKT1,0.00,BrC1=CC=2C(=NNC2C=C1)C3=CC=CC=C3,Fraggle,0.40,Brc1c(Br)c(Br)c2[nH]nnc2c1Br
94,AKT1,0.85,C1=C(C2=NN=C(O2)SCC=3C=CC(=CC3)C4=CC=C(C=C4)C#N)C=CC5=C1OCO5,Fraggle,0.62,Fc1ccc(cc1)C(=O)OCc1ccc(CSc2nnc(o2)-c2cccc3ccccc23)cc1
95,AKT1,0.85,C1=C(C2=NN=C(O2)SCC=3C=CC(=CC3)C4=CC=C(C=C4)C#N)C=CC5=C1OCO5,Fraggle,0.62,Fc1ccc(cc1)C(=O)OCc1ccc(CSc2nnc(o2)-c2cccc3ccccc23)cc1
96,AKT1,0.85,C1=C(C2=NN=C(O2)SCC=3C=CC(=CC3)C4=CC=C(C=C4)C#N)C=CC5=C1OCO5,Fraggle,0.62,Fc1ccc(cc1)C(=O)OCc1ccc(CSc2nnc(o2)-c2cccc3ccccc23)cc1
97,AKT1,0.90,C12(CN(C[C@@H](CN(CCOCC)S(C3=C(C=CC=C3C)C)(=O)=O)O)CCC1)OC=4C=CC(=CC4C(C2)=O)O,Fraggle,0.44,CCS(=O)(=O)Nc1ccc2OC[C@@H]3O[C@@H](CC(=O)N4CCN(C)CC4)CC[C@@H]3N(C)C(=O)c2c1
98,AKT1,0.88,C12(CN(CCC1)C[C@@H](CN(CCOCC)S(C3=C(C=CC=C3C)C)(=O)=O)O)OC=4C=CC(=CC4CC2)C(=O)N,Fraggle,0.31,CCS(=O)(=O)NCC[C@@H]1CC[C@@H](NC(=O)C2CCCCC2)[C@H](CO)O1
99,AKT1,0.88,C12(CN(CCC1)C[C@@H](CN(CCOCC)S(C3=C(C=CC=C3C)C)(=O)=O)O)OC=4C=CC(=CC4CC2)C(=O)N,Fraggle,0.31,CCS(=O)(=O)NCC[C@@H]1CC[C@@H](NC(=O)C2CCCCC2)[C@H](CO)O1
100,AKT1,0.85,C1=C(C2=NN=C(O2)SCC=3C=CC(=CC3)C4=CC=C(C=C4)C#N)C=CC5=C1OCO5,MACCS,0.77,Fc1ccc(cc1)C(=O)OCc1ccc(CSc2nnc(o2)-c2cccc3ccccc23)cc1
101,AKT1,0.88,C12(CN(CCC1)C[C@@H](CN(CCOCC)S(C3=C(C=CC=C3C)C)(=O)=O)O)OC=4C=CC(=CC4CC2)C(=O)N,MACCS,0.67,CCS(=O)(=O)NCC[C@@H]1CC[C@@H](NC(=O)C2CCCCC2)[C@H](CO)O1
102,AKT1,0.84,C1=CC=C2C(=C1)C=CC(N3C(=NN=C3C=4C=CN=CC4)S)=C2,MACCS,0.80,Cn1nnnc1Sc2ncnc3scc(c4cccc5ccccc45)c23
103,AKT1,0.85,C1=C(C2=NN=C(O2)SCC=3C=CC(=CC3)C4=CC=C(C=C4)C#N)C=CC5=C1OCO5,MACCS,0.77,Fc1ccc(cc1)C(=O)OCc1ccc(CSc2nnc(o2)-c2cccc3ccccc23)cc1
104,AKT1,0.80,N1(CCN(CC=2C=C3C(C4=C(C(=NN4)C5=CSC(=C5)C#CCOCCOC)C3=O)=CC2)CC1)C,MACCS,0.66,COc1ccc(cc1OC2CCOC2)C3=Nn4c(nnc4SC3)c5ccccc5OC
105,AKT1,0.00,BrC1=CC=2C(=NNC2C=C1)C3=CC=CC=C3,MACCS,0.76,Brc1c(Br)c(Br)c2[nH]nnc2c1Br
106,AKT1,0.85,C1=C(C2=NN=C(O2)SCC=3C=CC(=CC3)C4=CC=C(C=C4)C#N)C=CC5=C1OCO5,MACCS,0.77,Fc1ccc(cc1)C(=O)OCc1ccc(CSc2nnc(o2)-c2cccc3ccccc23)cc1
107,AKT1,0.85,C12(CN(CC(CN(CCOC)S(C=3C(=NOC3C)C)(=O)=O)O)CCC1)OC=4C=CC(O)=CC4C(C2)=O,MACCS,0.76,C[C@@H](CO)N1C[C@@H](C)[C@@H](CN(C)CC2CC2)OCCCC[C@@H](C)Oc3ccc(NS(=O)(=O)C)cc3C1=O
108,AKT1,0.84,C12(CN(CC(CN(CCOC)S(C=3C(=NOC3C)C)(=O)=O)O)CCC1)OC=4C=CC(O)=CC4C(C2)=O,MACCS,0.77,C[C@@H](CO)N1C[C@@H](C)[C@@H](CN(C)Cc2ccc(Cl)c(Cl)c2)Oc3c(NS(=O)(=O)c4cccs4)cccc3C1=O
109,AKT1,0.85,C1=C(C2=NN=C(O2)SCC=3C=CC(=CC3)C4=CC=C(C=C4)C#N)C=CC5=C1OCO5,MACCS,0.77,Fc1ccc(cc1)C(=O)OCc1ccc(CSc2nnc(o2)-c2cccc3ccccc23)cc1
110,AKT1,0.84,C1=CC=C2C(=C1)C=CC(N3C(=NN=C3C=4C=CN=CC4)S)=C2,MACCS,0.80,Cn1nnnc1Sc2ncnc3scc(c4cccc5ccccc45)c23
111,AKT1,0.90,C12(CN(C[C@@H](CN(CCOCC)S(C3=C(C=CC=C3C)C)(=O)=O)O)CCC1)OC=4C=CC(=CC4C(C2)=O)O,MACCS,0.77,CCS(=O)(=O)Nc1ccc2OC[C@@H]3O[C@@H](CC(=O)N4CCN(C)CC4)CC[C@@H]3N(C)C(=O)c2c1
112,AKT1,0.84,C12(CN(CC(CN(CCOC)S(C=3C(=NOC3C)C)(=O)=O)O)CCC1)OC=4C=CC(O)=CC4C(C2)=O,MACCS,0.77,C[C@@H](CO)N1C[C@@H](C)[C@@H](CN(C)Cc2ccc(Cl)c(Cl)c2)Oc3c(NS(=O)(=O)c4cccs4)cccc3C1=O
113,AKT1,0.00,BrC1=CC=2C(=NNC2C=C1)C3=CC=CC=C3,MACCS,0.76,Brc1c(Br)c(Br)c2[nH]nnc2c1Br
114,AKT1,0.84,C1=CC=C2C(=C1)C=CC(N3C(=NN=C3C=4C=CN=CC4)S)=C2,MACCS,0.80,Cn1nnnc1Sc2ncnc3scc(c4cccc5ccccc45)c23
115,AKT1,0.00,BrC1=CC=2C(=NNC2C=C1)C3=CC=CC=C3,MACCS,0.76,Brc1c(Br)c(Br)c2[nH]nnc2c1Br
116,AKT1,0.92,C(=O)(NC=1C=2C(C(=CC1)OCCN3CCOCC3)=CC=CC2)NC4=CC(=NN4C5=CC=C(C=C5)C)C(C)(C)C,MACCS,0.71,COc1ccc(cc1)C2(CC2)C(=O)N3CCC(CC3)n4nc(oc4=O)c5ccccc5
117,AKT1,0.92,C(=O)(NC=1C=2C(C(=CC1)OCCN3CCOCC3)=CC=CC2)NC4=CC(=NN4C5=CC=C(C=C5)C)C(C)(C)C,MACCS,0.71,COc1ccc(cc1)C2(CC2)C(=O)N3CCC(CC3)n4nc(oc4=O)c5ccccc5
118,AKT1,0.84,C1=CC=C2C(=C1)C=CC(N3C(=NN=C3C=4C=CN=CC4)S)=C2,MACCS,0.80,Cn1nnnc1Sc2ncnc3scc(c4cccc5ccccc45)c23
119,AKT1,0.00,BrC1=CC=2C(=NNC2C=C1)C3=CC=CC=C3,MACCS,0.76,Brc1c(Br)c(Br)c2[nH]nnc2c1Br
120,AKT1,0.00,BrC1=CC=2C(=NNC2C=C1)C3=CC=CC=C3,MACCS,0.76,Brc1c(Br)c(Br)c2[nH]nnc2c1Br
121,AKT1,0.87,BrC1=C(N=C2N=CC(=C(O)C2=C1C)C(=O)O)N3CC(NC)CC3,MACCS,0.79,COc1c(N2CCNC(C)C2)c(F)cc2c1n(cc(C(O)=O)c2=O)C1CC1
122,AKT1,0.85,O=C1N(C(=O)C2=C3C1=CC=C(NCCCC)C3=CC=C2)CCNCCO,MACCS,0.55,CCCCC/C=CC/C=CC/C=CC/C=CCCCC(=O)NCC(=O)O
123,AKT1,0.84,C1=CC=C2C(=C1)C=CC(N3C(=NN=C3C=4C=CN=CC4)S)=C2,MACCS,0.80,Cn1nnnc1Sc2ncnc3scc(c4cccc5ccccc45)c23
124,AKT1,0.88,C12(CN(CCC1)C[C@@H](CN(CCOCC)S(C3=C(C=CC=C3C)C)(=O)=O)O)OC=4C=CC(=CC4CC2)C(=O)N,MACCS,0.67,CCS(=O)(=O)NCC[C@@H]1CC[C@@H](NC(=O)C2CCCCC2)[C@H](CO)O1
125,AKT1,0.84,C1=CC=C2C(=C1)C=CC(N3C(=NN=C3C=4C=CN=CC4)S)=C2,MACCS,0.80,Cn1nnnc1Sc2ncnc3scc(c4cccc5ccccc45)c23
126,AKT1,0.88,C12(CN(CCC1)C[C@@H](CN(CCOCC)S(C3=C(C=CC=C3C)C)(=O)=O)O)OC=4C=CC(=CC4CC2)C(=O)N,MACCS,0.67,CCS(=O)(=O)NCC[C@@H]1CC[C@@H](NC(=O)C2CCCCC2)[C@H](CO)O1
127,AKT1,0.92,C(=O)(NC=1C=2C(C(=CC1)OCCN3CCOCC3)=CC=CC2)NC4=CC(=NN4C5=CC=C(C=C5)C)C(C)(C)C,MACCS,0.71,COc1ccc(cc1)C2(CC2)C(=O)N3CCC(CC3)n4nc(oc4=O)c5ccccc5
128,AKT1,0.84,C1=CC=C2C(=C1)C=CC(N3C(=NN=C3C=4C=CN=CC4)S)=C2,MACCS,0.80,Cn1nnnc1Sc2ncnc3scc(c4cccc5ccccc45)c23
129,AKT1,0.85,C1=C(C2=NN=C(O2)SCC=3C=CC(=CC3)C4=CC=C(C=C4)C#N)C=CC5=C1OCO5,MACCS,0.77,Fc1ccc(cc1)C(=O)OCc1ccc(CSc2nnc(o2)-c2cccc3ccccc23)cc1
130,AKT1,0.85,C1=C(C2=NN=C(O2)SCC=3C=CC(=CC3)C4=CC=C(C=C4)C#N)C=CC5=C1OCO5,MACCS,0.77,Fc1ccc(cc1)C(=O)OCc1ccc(CSc2nnc(o2)-c2cccc3ccccc23)cc1
131,AKT1,0.00,BrC1=CC=2C(=NNC2C=C1)C3=CC=CC=C3,MACCS,0.76,Brc1c(Br)c(Br)c2[nH]nnc2c1Br
132,AKT1,0.88,C12(CN(CCC1)C[C@@H](CN(CCOCC)S(C3=C(C=CC=C3C)C)(=O)=O)O)OC=4C=CC(=CC4CC2)C(=O)N,MACCS,0.67,CCS(=O)(=O)NCC[C@@H]1CC[C@@H](NC(=O)C2CCCCC2)[C@H](CO)O1
133,AKT1,0.88,C12(CN(CCC1)C[C@@H](CN(CCOCC)S(C3=C(C=CC=C3C)C)(=O)=O)O)OC=4C=CC(=CC4CC2)C(=O)N,MACCS,0.67,CCS(=O)(=O)NCC[C@@H]1CC[C@@H](NC(=O)C2CCCCC2)[C@H](CO)O1
134,AKT1,0.85,C12(CN(CC(CN(CCOC)S(C=3C(=NOC3C)C)(=O)=O)O)CCC1)OC=4C=CC(O)=CC4C(C2)=O,MACCS,0.76,C[C@@H](CO)N1C[C@@H](C)[C@@H](CN(C)CC2CC2)OCCCC[C@@H](C)Oc3ccc(NS(=O)(=O)C)cc3C1=O
135,AKT1,0.88,C12(CN(CCC1)C[C@@H](CN(CCOCC)S(C3=C(C=CC=C3C)C)(=O)=O)O)OC=4C=CC(=CC4CC2)C(=O)N,MACCS,0.67,CCS(=O)(=O)NCC[C@@H]1CC[C@@H](NC(=O)C2CCCCC2)[C@H](CO)O1
136,AKT1,0.00,BrC1=CC=2C(=NNC2C=C1)C3=CC=CC=C3,MACCS,0.76,Brc1c(Br)c(Br)c2[nH]nnc2c1Br
137,AKT1,0.84,C1=CC=C2C(=C1)C=CC(N3C(=NN=C3C=4C=CN=CC4)S)=C2,MACCS,0.80,Cn1nnnc1Sc2ncnc3scc(c4cccc5ccccc45)c23
138,AKT1,0.88,C12(CN(CCC1)C[C@@H](CN(CCOCC)S(C3=C(C=CC=C3C)C)(=O)=O)O)OC=4C=CC(=CC4CC2)C(=O)N,MACCS,0.67,CCS(=O)(=O)NCC[C@@H]1CC[C@@H](NC(=O)C2CCCCC2)[C@H](CO)O1
139,AKT1,0.88,C12(CN(CCC1)C[C@@H](CN(CCOCC)S(C3=C(C=CC=C3C)C)(=O)=O)O)OC=4C=CC(=CC4CC2)C(=O)N,MACCS,0.67,CCS(=O)(=O)NCC[C@@H]1CC[C@@H](NC(=O)C2CCCCC2)[C@H](CO)O1
140,AKT1,0.84,C12(CN(CC(CN(CCOC)S(C=3C(=NOC3C)C)(=O)=O)O)CCC1)OC=4C=CC(O)=CC4C(C2)=O,MACCS,0.77,C[C@@H](CO)N1C[C@@H](C)[C@@H](CN(C)Cc2ccc(Cl)c(Cl)c2)Oc3c(NS(=O)(=O)c4cccs4)cccc3C1=O
141,AKT1,0.85,C1=C(C2=NN=C(O2)SCC=3C=CC(=CC3)C4=CC=C(C=C4)C#N)C=CC5=C1OCO5,MACCS,0.77,Fc1ccc(cc1)C(=O)OCc1ccc(CSc2nnc(o2)-c2cccc3ccccc23)cc1
142,AKT1,0.84,C1=CC=C2C(=C1)C=CC(N3C(=NN=C3C=4C=CN=CC4)S)=C2,MACCS,0.80,Cn1nnnc1Sc2ncnc3scc(c4cccc5ccccc45)c23
143,AKT1,0.84,C1=CC=C2C(=C1)C=CC(N3C(=NN=C3C=4C=CN=CC4)S)=C2,MACCS,0.80,Cn1nnnc1Sc2ncnc3scc(c4cccc5ccccc45)c23
144,AKT1,0.00,BrC1=CC=2C(=NNC2C=C1)C3=CC=CC=C3,MACCS,0.76,Brc1c(Br)c(Br)c2[nH]nnc2c1Br
145,AKT1,0.00,BrC1=CC=2C(=NNC2C=C1)C3=CC=CC=C3,MACCS,0.76,Brc1c(Br)c(Br)c2[nH]nnc2c1Br
146,AKT1,0.00,BrC1=CC=2C(=NNC2C=C1)C3=CC=CC=C3,MACCS,0.76,Brc1c(Br)c(Br)c2[nH]nnc2c1Br
147,AKT1,0.86,S1C=2C(=C(C3=CC=C(S(=O)(=O)C)C=C3)C=NC2)C=C1C(=O)N,MACCS,0.60,Cc1noc(C)c1C(c2ccccc2)S(=O)(=O)c3ccc(C)cc3
148,AKT1,0.88,C12(CN(CCC1)C[C@@H](CN(CCOCC)S(C3=C(C=CC=C3C)C)(=O)=O)O)OC=4C=CC(=CC4CC2)C(=O)N,MACCS,0.67,CCS(=O)(=O)NCC[C@@H]1CC[C@@H](NC(=O)C2CCCCC2)[C@H](CO)O1
149,AKT1,0.88,C12(CN(CCC1)C[C@@H](CN(CCOCC)S(C3=C(C=CC=C3C)C)(=O)=O)O)OC=4C=CC(=CC4CC2)C(=O)N,MACCS,0.67,CCS(=O)(=O)NCC[C@@H]1CC[C@@H](NC(=O)C2CCCCC2)[C@H](CO)O1
150,AKT1,0.85,C1=C(C2=NN=C(O2)SCC=3C=CC(=CC3)C4=CC=C(C=C4)C#N)C=CC5=C1OCO5,MACCS,0.77,Fc1ccc(cc1)C(=O)OCc1ccc(CSc2nnc(o2)-c2cccc3ccccc23)cc1
151,AKT1,0.85,C1=C(C2=NN=C(O2)SCC=3C=CC(=CC3)C4=CC=C(C=C4)C#N)C=CC5=C1OCO5,MACCS,0.77,Fc1ccc(cc1)C(=O)OCc1ccc(CSc2nnc(o2)-c2cccc3ccccc23)cc1
152,AKT1,0.00,BrC1=CC=2C(=NNC2C=C1)C3=CC=CC=C3,MACCS,0.76,Brc1c(Br)c(Br)c2[nH]nnc2c1Br
153,AKT1,0.85,C1=C(C2=NN=C(O2)SCC=3C=CC(=CC3)C4=CC=C(C=C4)C#N)C=CC5=C1OCO5,MACCS,0.77,Fc1ccc(cc1)C(=O)OCc1ccc(CSc2nnc(o2)-c2cccc3ccccc23)cc1
154,AKT1,0.87,BrC1=C(N=C2N=CC(=C(O)C2=C1C)C(=O)O)N3CC(NC)CC3,MACCS,0.79,COc1c(N2CCNC(C)C2)c(F)cc2c1n(cc(C(O)=O)c2=O)C1CC1
155,AKT1,0.84,C1=CC=C2C(=C1)C=CC(N3C(=NN=C3C=4C=CN=CC4)S)=C2,MACCS,0.80,Cn1nnnc1Sc2ncnc3scc(c4cccc5ccccc45)c23
156,AKT1,0.00,BrC1=CC=2C(=NNC2C=C1)C3=CC=CC=C3,MACCS,0.76,Brc1c(Br)c(Br)c2[nH]nnc2c1Br
157,AKT1,0.85,C12(CN(CC(CN(CCOC)S(C=3C(=NOC3C)C)(=O)=O)O)CCC1)OC=4C=CC(O)=CC4C(C2)=O,MACCS,0.76,C[C@@H](CO)N1C[C@@H](C)[C@@H](CN(C)CC2CC2)OCCCC[C@@H](C)Oc3ccc(NS(=O)(=O)C)cc3C1=O
158,AKT1,0.00,BrC1=CC=2C(=NNC2C=C1)C3=CC=CC=C3,MACCS,0.76,Brc1c(Br)c(Br)c2[nH]nnc2c1Br
159,AKT1,0.00,BrC1=CC=2C(=NNC2C=C1)C3=CC=CC=C3,MACCS,0.76,Brc1c(Br)c(Br)c2[nH]nnc2c1Br
160,AKT1,0.84,C1=CC=C2C(=C1)C=CC(N3C(=NN=C3C=4C=CN=CC4)S)=C2,MACCS,0.80,Cn1nnnc1Sc2ncnc3scc(c4cccc5ccccc45)c23
161,AKT1,0.85,C1=C(C2=NN=C(O2)SCC=3C=CC(=CC3)C4=CC=C(C=C4)C#N)C=CC5=C1OCO5,MACCS,0.77,Fc1ccc(cc1)C(=O)OCc1ccc(CSc2nnc(o2)-c2cccc3ccccc23)cc1
162,AKT1,0.82,[N+]=12C(=C3NC=4C=CC=CC4C3=CC1)C(=O)C=5C2=CC=CC5,MACCS,0.64,OC(c1cnc2ccccn12)(c1ccccc1)c1ccccc1
163,AKT1,0.00,BrC1=CC=2C(=NNC2C=C1)C3=CC=CC=C3,MACCS,0.76,Brc1c(Br)c(Br)c2[nH]nnc2c1Br
164,AKT1,0.85,C1=C(C2=NN=C(O2)SCC=3C=CC(=CC3)C4=CC=C(C=C4)C#N)C=CC5=C1OCO5,MACCS,0.77,Fc1ccc(cc1)C(=O)OCc1ccc(CSc2nnc(o2)-c2cccc3ccccc23)cc1
165,AKT1,0.82,[N+]=12C(=C3NC=4C=CC=CC4C3=CC1)C(=O)C=5C2=CC=CC5,MACCS,0.64,OC(c1cnc2ccccn12)(c1ccccc1)c1ccccc1
166,AKT1,0.00,BrC1=CC=2C(=NNC2C=C1)C3=CC=CC=C3,MACCS,0.76,Brc1c(Br)c(Br)c2[nH]nnc2c1Br
167,AKT1,0.85,C1=C(C2=NN=C(O2)SCC=3C=CC(=CC3)C4=CC=C(C=C4)C#N)C=CC5=C1OCO5,MACCS,0.77,Fc1ccc(cc1)C(=O)OCc1ccc(CSc2nnc(o2)-c2cccc3ccccc23)cc1
168,AKT1,0.86,S1C=2C(=C(C3=CC=C(S(=O)(=O)C)C=C3)C=NC2)C=C1C(=O)N,MACCS,0.60,Cc1noc(C)c1C(c2ccccc2)S(=O)(=O)c3ccc(C)cc3
169,AKT1,0.92,C(=O)(NC=1C=2C(C(=CC1)OCCN3CCOCC3)=CC=CC2)NC4=CC(=NN4C5=CC=C(C=C5)C)C(C)(C)C,MACCS,0.71,COc1ccc(cc1)C2(CC2)C(=O)N3CCC(CC3)n4nc(oc4=O)c5ccccc5
170,AKT1,0.84,C1=CC=C2C(=C1)C=CC(N3C(=NN=C3C=4C=CN=CC4)S)=C2,MACCS,0.80,Cn1nnnc1Sc2ncnc3scc(c4cccc5ccccc45)c23
171,AKT1,0.84,C1=CC=C2C(=C1)C=CC(N3C(=NN=C3C=4C=CN=CC4)S)=C2,MACCS,0.80,Cn1nnnc1Sc2ncnc3scc(c4cccc5ccccc45)c23
172,AKT1,0.00,BrC1=CC=2C(=NNC2C=C1)C3=CC=CC=C3,MACCS,0.76,Brc1c(Br)c(Br)c2[nH]nnc2c1Br
173,AKT1,0.85,C1=C(C2=NN=C(O2)SCC=3C=CC(=CC3)C4=CC=C(C=C4)C#N)C=CC5=C1OCO5,MACCS,0.77,Fc1ccc(cc1)C(=O)OCc1ccc(CSc2nnc(o2)-c2cccc3ccccc23)cc1
174,AKT1,0.85,C1=C(C2=NN=C(O2)SCC=3C=CC(=CC3)C4=CC=C(C=C4)C#N)C=CC5=C1OCO5,MACCS,0.77,Fc1ccc(cc1)C(=O)OCc1ccc(CSc2nnc(o2)-c2cccc3ccccc23)cc1
175,AKT1,0.87,BrC1=C(N=C2N=CC(=C(O)C2=C1C)C(=O)O)N3CC(NC)CC3,MACCS,0.79,COc1c(N2CCNC(C)C2)c(F)cc2c1n(cc(C(O)=O)c2=O)C1CC1
176,AKT1,0.88,C12(CN(CCC1)C[C@@H](CN(CCOCC)S(C3=C(C=CC=C3C)C)(=O)=O)O)OC=4C=CC(=CC4CC2)C(=O)N,MACCS,0.67,CCS(=O)(=O)NCC[C@@H]1CC[C@@H](NC(=O)C2CCCCC2)[C@H](CO)O1
177,AKT1,0.86,O=C1NC=2C(NC=3C1=CC=C(C3)C=4C=C(OC)C(OCC(O)CO)=CC4)=CC=C(C2)CCOC5=CC=C(N6CCOCC6)C=C5,MACCS,0.77,CO[C@@H]1CN(C)C(=O)c2cc(NC(=O)C3CCCCC3)ccc2OC[C@@H](C)NC[C@@H]1C
178,AKT1,0.85,C12(CN(CC(CN(CCOC)S(C=3C(=NOC3C)C)(=O)=O)O)CCC1)OC=4C=CC(O)=CC4C(C2)=O,MACCS,0.76,C[C@@H](CO)N1C[C@@H](C)[C@@H](CN(C)CC2CC2)OCCCC[C@@H](C)Oc3ccc(NS(=O)(=O)C)cc3C1=O
179,AKT1,0.84,C1=CC=C2C(=C1)C=CC(N3C(=NN=C3C=4C=CN=CC4)S)=C2,MACCS,0.80,Cn1nnnc1Sc2ncnc3scc(c4cccc5ccccc45)c23
180,AKT1,0.84,C1=CC=C2C(=C1)C=CC(N3C(=NN=C3C=4C=CN=CC4)S)=C2,MACCS,0.80,Cn1nnnc1Sc2ncnc3scc(c4cccc5ccccc45)c23
181,AKT1,0.85,O=C1N(C(=O)C2=C3C1=CC=C(NCCCC)C3=CC=C2)CCNCCO,MACCS,0.55,CCCCC/C=CC/C=CC/C=CC/C=CCCCC(=O)NCC(=O)O
182,AKT1,0.85,C1=C(C2=NN=C(O2)SCC=3C=CC(=CC3)C4=CC=C(C=C4)C#N)C=CC5=C1OCO5,MACCS,0.77,Fc1ccc(cc1)C(=O)OCc1ccc(CSc2nnc(o2)-c2cccc3ccccc23)cc1
183,AKT1,0.00,BrC1=CC=2C(=NNC2C=C1)C3=CC=CC=C3,MACCS,0.76,Brc1c(Br)c(Br)c2[nH]nnc2c1Br
184,AKT1,0.86,O=C1NC=2C(NC=3C1=CC=C(C3)C=4C=C(OC)C(OCC(O)CO)=CC4)=CC=C(C2)CCOC5=CC=C(N6CCOCC6)C=C5,MACCS,0.77,CO[C@@H]1CN(C)C(=O)c2cc(NC(=O)C3CCCCC3)ccc2OC[C@@H](C)NC[C@@H]1C
185,AKT1,0.90,C12(CN(C[C@@H](CN(CCOCC)S(C3=C(C=CC=C3C)C)(=O)=O)O)CCC1)OC=4C=CC(=CC4C(C2)=O)O,MACCS,0.77,CCS(=O)(=O)Nc1ccc2OC[C@@H]3O[C@@H](CC(=O)N4CCN(C)CC4)CC[C@@H]3N(C)C(=O)c2c1
186,AKT1,0.00,BrC1=CC=2C(=NNC2C=C1)C3=CC=CC=C3,MACCS,0.76,Brc1c(Br)c(Br)c2[nH]nnc2c1Br
187,AKT1,0.85,C1=C(C2=NN=C(O2)SCC=3C=CC(=CC3)C4=CC=C(C=C4)C#N)C=CC5=C1OCO5,MACCS,0.77,Fc1ccc(cc1)C(=O)OCc1ccc(CSc2nnc(o2)-c2cccc3ccccc23)cc1
188,AKT1,0.88,C12(CN(CCC1)C[C@@H](CN(CCOCC)S(C3=C(C=CC=C3C)C)(=O)=O)O)OC=4C=CC(=CC4CC2)C(=O)N,MACCS,0.67,CCS(=O)(=O)NCC[C@@H]1CC[C@@H](NC(=O)C2CCCCC2)[C@H](CO)O1
189,AKT1,0.00,BrC1=CC=2C(=NNC2C=C1)C3=CC=CC=C3,MACCS,0.76,Brc1c(Br)c(Br)c2[nH]nnc2c1Br
190,AKT1,0.85,C1=C(C2=NN=C(O2)SCC=3C=CC(=CC3)C4=CC=C(C=C4)C#N)C=CC5=C1OCO5,MACCS,0.77,Fc1ccc(cc1)C(=O)OCc1ccc(CSc2nnc(o2)-c2cccc3ccccc23)cc1
191,AKT1,0.00,BrC1=CC=2C(=NNC2C=C1)C3=CC=CC=C3,MACCS,0.76,Brc1c(Br)c(Br)c2[nH]nnc2c1Br
192,AKT1,0.85,C1=C(C2=NN=C(O2)SCC=3C=CC(=CC3)C4=CC=C(C=C4)C#N)C=CC5=C1OCO5,MACCS,0.77,Fc1ccc(cc1)C(=O)OCc1ccc(CSc2nnc(o2)-c2cccc3ccccc23)cc1
193,AKT1,0.00,BrC1=CC=2C(=NNC2C=C1)C3=CC=CC=C3,MACCS,0.76,Brc1c(Br)c(Br)c2[nH]nnc2c1Br
194,AKT1,0.85,C1=C(C2=NN=C(O2)SCC=3C=CC(=CC3)C4=CC=C(C=C4)C#N)C=CC5=C1OCO5,MACCS,0.77,Fc1ccc(cc1)C(=O)OCc1ccc(CSc2nnc(o2)-c2cccc3ccccc23)cc1
195,AKT1,0.85,C1=C(C2=NN=C(O2)SCC=3C=CC(=CC3)C4=CC=C(C=C4)C#N)C=CC5=C1OCO5,MACCS,0.77,Fc1ccc(cc1)C(=O)OCc1ccc(CSc2nnc(o2)-c2cccc3ccccc23)cc1
196,AKT1,0.85,C1=C(C2=NN=C(O2)SCC=3C=CC(=CC3)C4=CC=C(C=C4)C#N)C=CC5=C1OCO5,MACCS,0.77,Fc1ccc(cc1)C(=O)OCc1ccc(CSc2nnc(o2)-c2cccc3ccccc23)cc1
197,AKT1,0.90,C12(CN(C[C@@H](CN(CCOCC)S(C3=C(C=CC=C3C)C)(=O)=O)O)CCC1)OC=4C=CC(=CC4C(C2)=O)O,MACCS,0.77,CCS(=O)(=O)Nc1ccc2OC[C@@H]3O[C@@H](CC(=O)N4CCN(C)CC4)CC[C@@H]3N(C)C(=O)c2c1
198,AKT1,0.88,C12(CN(CCC1)C[C@@H](CN(CCOCC)S(C3=C(C=CC=C3C)C)(=O)=O)O)OC=4C=CC(=CC4CC2)C(=O)N,MACCS,0.67,CCS(=O)(=O)NCC[C@@H]1CC[C@@H](NC(=O)C2CCCCC2)[C@H](CO)O1
199,AKT1,0.88,C12(CN(CCC1)C[C@@H](CN(CCOCC)S(C3=C(C=CC=C3C)C)(=O)=O)O)OC=4C=CC(=CC4CC2)C(=O)N,MACCS,0.67,CCS(=O)(=O)NCC[C@@H]1CC[C@@H](NC(=O)C2CCCCC2)[C@H](CO)O1
200,AKT1,0.85,C1=C(C2=NN=C(O2)SCC=3C=CC(=CC3)C4=CC=C(C=C4)C#N)C=CC5=C1OCO5,Morgan,0.31,Fc1ccc(cc1)C(=O)OCc1ccc(CSc2nnc(o2)-c2cccc3ccccc23)cc1
201,AKT1,0.88,O=C1N(C=2C(N(C1CC)C3CCCC3)=NC(=NC2)NC4=C(OC)C=C(C=C4)C(=O)NC5CCCCC5)C,Morgan,0.17,CCS(=O)(=O)NCC[C@@H]1CC[C@@H](NC(=O)C2CCCCC2)[C@H](CO)O1
202,AKT1,0.84,S1C=2N=CN=C(N)C2C(C3=CC=C(NC(=O)NC4=CC=CC=C4)C=C3)=C1,Morgan,0.28,Cn1nnnc1Sc2ncnc3scc(c4cccc5ccccc45)c23
203,AKT1,0.85,C1=C(C2=NN=C(O2)SCC=3C=CC(=CC3)C4=CC=C(C=C4)C#N)C=CC5=C1OCO5,Morgan,0.31,Fc1ccc(cc1)C(=O)OCc1ccc(CSc2nnc(o2)-c2cccc3ccccc23)cc1
204,AKT1,0.80,ClC=1C(OC)=CC(OC)=C(NC2=NN3C(=NN=C3C=C2)C=4C=CC=CC4)C1,Morgan,0.27,COc1ccc(cc1OC2CCOC2)C3=Nn4c(nnc4SC3)c5ccccc5OC
205,AKT1,0.00,C1(=C(C(=C2NC(=NC2=C1Br)N(C)C)Br)Br)Br,Morgan,0.42,Brc1c(Br)c(Br)c2[nH]nnc2c1Br
206,AKT1,0.85,C1=C(C2=NN=C(O2)SCC=3C=CC(=CC3)C4=CC=C(C=C4)C#N)C=CC5=C1OCO5,Morgan,0.31,Fc1ccc(cc1)C(=O)OCc1ccc(CSc2nnc(o2)-c2cccc3ccccc23)cc1
207,AKT1,0.85,C12(CN(C[C@@H](CN(C3CCCCC3)S(C=4C(=NOC4C)C)(=O)=O)O)CCC1)OC=5C=CC(=CC5C(C2)=O)O,Morgan,0.20,C[C@@H](CO)N1C[C@@H](C)[C@@H](CN(C)CC2CC2)OCCCC[C@@H](C)Oc3ccc(NS(=O)(=O)C)cc3C1=O
208,AKT1,0.84,ClC1=CC(CNC2C(=NC=3C=CN=CC3)C(=O)C2=O)=CC=C1Cl,Morgan,0.22,C[C@@H](CO)N1C[C@@H](C)[C@@H](CN(C)Cc2ccc(Cl)c(Cl)c2)Oc3c(NS(=O)(=O)c4cccs4)cccc3C1=O
209,AKT1,0.85,C1=C(C2=NN=C(O2)SCC=3C=CC(=CC3)C4=CC=C(C=C4)C#N)C=CC5=C1OCO5,Morgan,0.31,Fc1ccc(cc1)C(=O)OCc1ccc(CSc2nnc(o2)-c2cccc3ccccc23)cc1
210,AKT1,0.84,S1C=2N=CN=C(N)C2C(C3=CC=C(NC(=O)NC4=CC=CC=C4)C=C3)=C1,Morgan,0.28,Cn1nnnc1Sc2ncnc3scc(c4cccc5ccccc45)c23
211,AKT1,0.90,C1(=CC=C2C(=C1)C(=C(N2)O)C=C3CC(=C(C3=C)C(N4CCN(CC4)C)=O)C)S(=O)(N(C)C5=CC(=CC=C5)Cl)=O,Morgan,0.20,CCS(=O)(=O)Nc1ccc2OC[C@@H]3O[C@@H](CC(=O)N4CCN(C)CC4)CC[C@@H]3N(C)C(=O)c2c1
212,AKT1,0.84,ClC1=CC(CNC2C(=NC=3C=CN=CC3)C(=O)C2=O)=CC=C1Cl,Morgan,0.22,C[C@@H](CO)N1C[C@@H](C)[C@@H](CN(C)Cc2ccc(Cl)c(Cl)c2)Oc3c(NS(=O)(=O)c4cccs4)cccc3C1=O
213,AKT1,0.00,C1(=C(C(=C2NC(=NC2=C1Br)N(C)C)Br)Br)Br,Morgan,0.42,Brc1c(Br)c(Br)c2[nH]nnc2c1Br
214,AKT1,0.84,S1C=2N=CN=C(N)C2C(C3=CC=C(NC(=O)NC4=CC=CC=C4)C=C3)=C1,Morgan,0.28,Cn1nnnc1Sc2ncnc3scc(c4cccc5ccccc45)c23
215,AKT1,0.00,C1(=C(C(=C2NC(=NC2=C1Br)N(C)C)Br)Br)Br,Morgan,0.42,Brc1c(Br)c(Br)c2[nH]nnc2c1Br
216,AKT1,0.92,C(C=1C=C(C(=NC1)C2=CC=C(C=C2)C3(CCC3)N)C=4C=CC=CC4)(=O)N,Morgan,0.29,COc1ccc(cc1)C2(CC2)C(=O)N3CCC(CC3)n4nc(oc4=O)c5ccccc5
217,AKT1,0.92,C(C=1C=C(C(=NC1)C2=CC=C(C=C2)C3(CCC3)N)C=4C=CC=CC4)(=O)N,Morgan,0.29,COc1ccc(cc1)C2(CC2)C(=O)N3CCC(CC3)n4nc(oc4=O)c5ccccc5
218,AKT1,0.84,S1C=2N=CN=C(N)C2C(C3=CC=C(NC(=O)NC4=CC=CC=C4)C=C3)=C1,Morgan,0.28,Cn1nnnc1Sc2ncnc3scc(c4cccc5ccccc45)c23
219,AKT1,0.00,C1(=C(C(=C2NC(=NC2=C1Br)N(C)C)Br)Br)Br,Morgan,0.42,Brc1c(Br)c(Br)c2[nH]nnc2c1Br
220,AKT1,0.00,C1(=C(C(=C2NC(=NC2=C1Br)N(C)C)Br)Br)Br,Morgan,0.42,Brc1c(Br)c(Br)c2[nH]nnc2c1Br
221,AKT1,0.87,S1C=2N(C=3C(C(=O)C2C(=O)O)=CC(F)=C(N4CC(N)CC4)C3F)C(C1)C,Morgan,0.32,COc1c(N2CCNC(C)C2)c(F)cc2c1n(cc(C(O)=O)c2=O)C1CC1
222,AKT1,0.85,C=1C(S(NC=2SC=NN2)(=O)=O)=CC=C(NC(=O)CCCCCCCCC)C1,Morgan,0.15,CCCCC/C=CC/C=CC/C=CC/C=CCCCC(=O)NCC(=O)O
223,AKT1,0.84,S1C=2N=CN=C(N)C2C(C3=CC=C(NC(=O)NC4=CC=CC=C4)C=C3)=C1,Morgan,0.28,Cn1nnnc1Sc2ncnc3scc(c4cccc5ccccc45)c23
224,AKT1,0.88,O=C1N(C=2C(N(C1CC)C3CCCC3)=NC(=NC2)NC4=C(OC)C=C(C=C4)C(=O)NC5CCCCC5)C,Morgan,0.17,CCS(=O)(=O)NCC[C@@H]1CC[C@@H](NC(=O)C2CCCCC2)[C@H](CO)O1
225,AKT1,0.84,S1C=2N=CN=C(N)C2C(C3=CC=C(NC(=O)NC4=CC=CC=C4)C=C3)=C1,Morgan,0.28,Cn1nnnc1Sc2ncnc3scc(c4cccc5ccccc45)c23
226,AKT1,0.88,O=C1N(C=2C(N(C1CC)C3CCCC3)=NC(=NC2)NC4=C(OC)C=C(C=C4)C(=O)NC5CCCCC5)C,Morgan,0.17,CCS(=O)(=O)NCC[C@@H]1CC[C@@H](NC(=O)C2CCCCC2)[C@H](CO)O1
227,AKT1,0.92,C(C=1C=C(C(=NC1)C2=CC=C(C=C2)C3(CCC3)N)C=4C=CC=CC4)(=O)N,Morgan,0.29,COc1ccc(cc1)C2(CC2)C(=O)N3CCC(CC3)n4nc(oc4=O)c5ccccc5
228,AKT1,0.84,S1C=2N=CN=C(N)C2C(C3=CC=C(NC(=O)NC4=CC=CC=C4)C=C3)=C1,Morgan,0.28,Cn1nnnc1Sc2ncnc3scc(c4cccc5ccccc45)c23
229,AKT1,0.85,C1=C(C2=NN=C(O2)SCC=3C=CC(=CC3)C4=CC=C(C=C4)C#N)C=CC5=C1OCO5,Morgan,0.31,Fc1ccc(cc1)C(=O)OCc1ccc(CSc2nnc(o2)-c2cccc3ccccc23)cc1
230,AKT1,0.85,C1=C(C2=NN=C(O2)SCC=3C=CC(=CC3)C4=CC=C(C=C4)C#N)C=CC5=C1OCO5,Morgan,0.31,Fc1ccc(cc1)C(=O)OCc1ccc(CSc2nnc(o2)-c2cccc3ccccc23)cc1
231,AKT1,0.00,C1(=C(C(=C2NC(=NC2=C1Br)N(C)C)Br)Br)Br,Morgan,0.42,Brc1c(Br)c(Br)c2[nH]nnc2c1Br
232,AKT1,0.88,O=C1N(C=2C(N(C1CC)C3CCCC3)=NC(=NC2)NC4=C(OC)C=C(C=C4)C(=O)NC5CCCCC5)C,Morgan,0.17,CCS(=O)(=O)NCC[C@@H]1CC[C@@H](NC(=O)C2CCCCC2)[C@H](CO)O1
233,AKT1,0.88,O=C1N(C=2C(N(C1CC)C3CCCC3)=NC(=NC2)NC4=C(OC)C=C(C=C4)C(=O)NC5CCCCC5)C,Morgan,0.17,CCS(=O)(=O)NCC[C@@H]1CC[C@@H](NC(=O)C2CCCCC2)[C@H](CO)O1
234,AKT1,0.85,C12(CN(C[C@@H](CN(C3CCCCC3)S(C=4C(=NOC4C)C)(=O)=O)O)CCC1)OC=5C=CC(=CC5C(C2)=O)O,Morgan,0.20,C[C@@H](CO)N1C[C@@H](C)[C@@H](CN(C)CC2CC2)OCCCC[C@@H](C)Oc3ccc(NS(=O)(=O)C)cc3C1=O
235,AKT1,0.88,O=C1N(C=2C(N(C1CC)C3CCCC3)=NC(=NC2)NC4=C(OC)C=C(C=C4)C(=O)NC5CCCCC5)C,Morgan,0.17,CCS(=O)(=O)NCC[C@@H]1CC[C@@H](NC(=O)C2CCCCC2)[C@H](CO)O1
236,AKT1,0.00,C1(=C(C(=C2NC(=NC2=C1Br)N(C)C)Br)Br)Br,Morgan,0.42,Brc1c(Br)c(Br)c2[nH]nnc2c1Br
237,AKT1,0.84,S1C=2N=CN=C(N)C2C(C3=CC=C(NC(=O)NC4=CC=CC=C4)C=C3)=C1,Morgan,0.28,Cn1nnnc1Sc2ncnc3scc(c4cccc5ccccc45)c23
238,AKT1,0.88,O=C1N(C=2C(N(C1CC)C3CCCC3)=NC(=NC2)NC4=C(OC)C=C(C=C4)C(=O)NC5CCCCC5)C,Morgan,0.17,CCS(=O)(=O)NCC[C@@H]1CC[C@@H](NC(=O)C2CCCCC2)[C@H](CO)O1
239,AKT1,0.88,O=C1N(C=2C(N(C1CC)C3CCCC3)=NC(=NC2)NC4=C(OC)C=C(C=C4)C(=O)NC5CCCCC5)C,Morgan,0.17,CCS(=O)(=O)NCC[C@@H]1CC[C@@H](NC(=O)C2CCCCC2)[C@H](CO)O1
240,AKT1,0.84,ClC1=CC(CNC2C(=NC=3C=CN=CC3)C(=O)C2=O)=CC=C1Cl,Morgan,0.22,C[C@@H](CO)N1C[C@@H](C)[C@@H](CN(C)Cc2ccc(Cl)c(Cl)c2)Oc3c(NS(=O)(=O)c4cccs4)cccc3C1=O
241,AKT1,0.85,C1=C(C2=NN=C(O2)SCC=3C=CC(=CC3)C4=CC=C(C=C4)C#N)C=CC5=C1OCO5,Morgan,0.31,Fc1ccc(cc1)C(=O)OCc1ccc(CSc2nnc(o2)-c2cccc3ccccc23)cc1
242,AKT1,0.84,S1C=2N=CN=C(N)C2C(C3=CC=C(NC(=O)NC4=CC=CC=C4)C=C3)=C1,Morgan,0.28,Cn1nnnc1Sc2ncnc3scc(c4cccc5ccccc45)c23
243,AKT1,0.84,S1C=2N=CN=C(N)C2C(C3=CC=C(NC(=O)NC4=CC=CC=C4)C=C3)=C1,Morgan,0.28,Cn1nnnc1Sc2ncnc3scc(c4cccc5ccccc45)c23
244,AKT1,0.00,C1(=C(C(=C2NC(=NC2=C1Br)N(C)C)Br)Br)Br,Morgan,0.42,Brc1c(Br)c(Br)c2[nH]nnc2c1Br
245,AKT1,0.00,C1(=C(C(=C2NC(=NC2=C1Br)N(C)C)Br)Br)Br,Morgan,0.42,Brc1c(Br)c(Br)c2[nH]nnc2c1Br
246,AKT1,0.00,C1(=C(C(=C2NC(=NC2=C1Br)N(C)C)Br)Br)Br,Morgan,0.42,Brc1c(Br)c(Br)c2[nH]nnc2c1Br
247,AKT1,0.86,O=C1C(NC(C2=CC=CC=C2)C)C(=NC=3C=CN=CC3)C1=O,Morgan,0.27,Cc1noc(C)c1C(c2ccccc2)S(=O)(=O)c3ccc(C)cc3
248,AKT1,0.88,O=C1N(C=2C(N(C1CC)C3CCCC3)=NC(=NC2)NC4=C(OC)C=C(C=C4)C(=O)NC5CCCCC5)C,Morgan,0.17,CCS(=O)(=O)NCC[C@@H]1CC[C@@H](NC(=O)C2CCCCC2)[C@H](CO)O1
249,AKT1,0.88,O=C1N(C=2C(N(C1CC)C3CCCC3)=NC(=NC2)NC4=C(OC)C=C(C=C4)C(=O)NC5CCCCC5)C,Morgan,0.17,CCS(=O)(=O)NCC[C@@H]1CC[C@@H](NC(=O)C2CCCCC2)[C@H](CO)O1
250,AKT1,0.85,C1=C(C2=NN=C(O2)SCC=3C=CC(=CC3)C4=CC=C(C=C4)C#N)C=CC5=C1OCO5,Morgan,0.31,Fc1ccc(cc1)C(=O)OCc1ccc(CSc2nnc(o2)-c2cccc3ccccc23)cc1
251,AKT1,0.85,C1=C(C2=NN=C(O2)SCC=3C=CC(=CC3)C4=CC=C(C=C4)C#N)C=CC5=C1OCO5,Morgan,0.31,Fc1ccc(cc1)C(=O)OCc1ccc(CSc2nnc(o2)-c2cccc3ccccc23)cc1
252,AKT1,0.00,C1(=C(C(=C2NC(=NC2=C1Br)N(C)C)Br)Br)Br,Morgan,0.42,Brc1c(Br)c(Br)c2[nH]nnc2c1Br
253,AKT1,0.85,C1=C(C2=NN=C(O2)SCC=3C=CC(=CC3)C4=CC=C(C=C4)C#N)C=CC5=C1OCO5,Morgan,0.31,Fc1ccc(cc1)C(=O)OCc1ccc(CSc2nnc(o2)-c2cccc3ccccc23)cc1
254,AKT1,0.87,S1C=2N(C=3C(C(=O)C2C(=O)O)=CC(F)=C(N4CC(N)CC4)C3F)C(C1)C,Morgan,0.32,COc1c(N2CCNC(C)C2)c(F)cc2c1n(cc(C(O)=O)c2=O)C1CC1
255,AKT1,0.84,S1C=2N=CN=C(N)C2C(C3=CC=C(NC(=O)NC4=CC=CC=C4)C=C3)=C1,Morgan,0.28,Cn1nnnc1Sc2ncnc3scc(c4cccc5ccccc45)c23
256,AKT1,0.00,C1(=C(C(=C2NC(=NC2=C1Br)N(C)C)Br)Br)Br,Morgan,0.42,Brc1c(Br)c(Br)c2[nH]nnc2c1Br
257,AKT1,0.85,C12(CN(C[C@@H](CN(C3CCCCC3)S(C=4C(=NOC4C)C)(=O)=O)O)CCC1)OC=5C=CC(=CC5C(C2)=O)O,Morgan,0.20,C[C@@H](CO)N1C[C@@H](C)[C@@H](CN(C)CC2CC2)OCCCC[C@@H](C)Oc3ccc(NS(=O)(=O)C)cc3C1=O
258,AKT1,0.00,C1(=C(C(=C2NC(=NC2=C1Br)N(C)C)Br)Br)Br,Morgan,0.42,Brc1c(Br)c(Br)c2[nH]nnc2c1Br
259,AKT1,0.00,C1(=C(C(=C2NC(=NC2=C1Br)N(C)C)Br)Br)Br,Morgan,0.42,Brc1c(Br)c(Br)c2[nH]nnc2c1Br
260,AKT1,0.84,S1C=2N=CN=C(N)C2C(C3=CC=C(NC(=O)NC4=CC=CC=C4)C=C3)=C1,Morgan,0.28,Cn1nnnc1Sc2ncnc3scc(c4cccc5ccccc45)c23
261,AKT1,0.85,C1=C(C2=NN=C(O2)SCC=3C=CC(=CC3)C4=CC=C(C=C4)C#N)C=CC5=C1OCO5,Morgan,0.31,Fc1ccc(cc1)C(=O)OCc1ccc(CSc2nnc(o2)-c2cccc3ccccc23)cc1
262,AKT1,0.82,S=C(NNC(=O)C(O)(C1=CC=CC=C1)C2=CC=CC=C2)NC=3C=CC(F)=CC3,Morgan,0.35,OC(c1cnc2ccccn12)(c1ccccc1)c1ccccc1
263,AKT1,0.00,C1(=C(C(=C2NC(=NC2=C1Br)N(C)C)Br)Br)Br,Morgan,0.42,Brc1c(Br)c(Br)c2[nH]nnc2c1Br
264,AKT1,0.85,C1=C(C2=NN=C(O2)SCC=3C=CC(=CC3)C4=CC=C(C=C4)C#N)C=CC5=C1OCO5,Morgan,0.31,Fc1ccc(cc1)C(=O)OCc1ccc(CSc2nnc(o2)-c2cccc3ccccc23)cc1
265,AKT1,0.82,S=C(NNC(=O)C(O)(C1=CC=CC=C1)C2=CC=CC=C2)NC=3C=CC(F)=CC3,Morgan,0.35,OC(c1cnc2ccccn12)(c1ccccc1)c1ccccc1
266,AKT1,0.00,C1(=C(C(=C2NC(=NC2=C1Br)N(C)C)Br)Br)Br,Morgan,0.42,Brc1c(Br)c(Br)c2[nH]nnc2c1Br
267,AKT1,0.85,C1=C(C2=NN=C(O2)SCC=3C=CC(=CC3)C4=CC=C(C=C4)C#N)C=CC5=C1OCO5,Morgan,0.31,Fc1ccc(cc1)C(=O)OCc1ccc(CSc2nnc(o2)-c2cccc3ccccc23)cc1
268,AKT1,0.86,O=C1C(NC(C2=CC=CC=C2)C)C(=NC=3C=CN=CC3)C1=O,Morgan,0.27,Cc1noc(C)c1C(c2ccccc2)S(=O)(=O)c3ccc(C)cc3
269,AKT1,0.92,C(C=1C=C(C(=NC1)C2=CC=C(C=C2)C3(CCC3)N)C=4C=CC=CC4)(=O)N,Morgan,0.29,COc1ccc(cc1)C2(CC2)C(=O)N3CCC(CC3)n4nc(oc4=O)c5ccccc5
270,AKT1,0.84,S1C=2N=CN=C(N)C2C(C3=CC=C(NC(=O)NC4=CC=CC=C4)C=C3)=C1,Morgan,0.28,Cn1nnnc1Sc2ncnc3scc(c4cccc5ccccc45)c23
271,AKT1,0.84,S1C=2N=CN=C(N)C2C(C3=CC=C(NC(=O)NC4=CC=CC=C4)C=C3)=C1,Morgan,0.28,Cn1nnnc1Sc2ncnc3scc(c4cccc5ccccc45)c23
272,AKT1,0.00,C1(=C(C(=C2NC(=NC2=C1Br)N(C)C)Br)Br)Br,Morgan,0.42,Brc1c(Br)c(Br)c2[nH]nnc2c1Br
273,AKT1,0.85,C1=C(C2=NN=C(O2)SCC=3C=CC(=CC3)C4=CC=C(C=C4)C#N)C=CC5=C1OCO5,Morgan,0.31,Fc1ccc(cc1)C(=O)OCc1ccc(CSc2nnc(o2)-c2cccc3ccccc23)cc1
274,AKT1,0.85,C1=C(C2=NN=C(O2)SCC=3C=CC(=CC3)C4=CC=C(C=C4)C#N)C=CC5=C1OCO5,Morgan,0.31,Fc1ccc(cc1)C(=O)OCc1ccc(CSc2nnc(o2)-c2cccc3ccccc23)cc1
275,AKT1,0.87,S1C=2N(C=3C(C(=O)C2C(=O)O)=CC(F)=C(N4CC(N)CC4)C3F)C(C1)C,Morgan,0.32,COc1c(N2CCNC(C)C2)c(F)cc2c1n(cc(C(O)=O)c2=O)C1CC1
276,AKT1,0.88,O=C1N(C=2C(N(C1CC)C3CCCC3)=NC(=NC2)NC4=C(OC)C=C(C=C4)C(=O)NC5CCCCC5)C,Morgan,0.17,CCS(=O)(=O)NCC[C@@H]1CC[C@@H](NC(=O)C2CCCCC2)[C@H](CO)O1
277,AKT1,0.86,C1CCC(C(=O)N(C2=CC=C3C(N=C(N3C)NC(C=4C=CC(=CC4)C#N)=O)=C2)C)CC1,Morgan,0.22,CO[C@@H]1CN(C)C(=O)c2cc(NC(=O)C3CCCCC3)ccc2OC[C@@H](C)NC[C@@H]1C
278,AKT1,0.85,C12(CN(C[C@@H](CN(C3CCCCC3)S(C=4C(=NOC4C)C)(=O)=O)O)CCC1)OC=5C=CC(=CC5C(C2)=O)O,Morgan,0.20,C[C@@H](CO)N1C[C@@H](C)[C@@H](CN(C)CC2CC2)OCCCC[C@@H](C)Oc3ccc(NS(=O)(=O)C)cc3C1=O
279,AKT1,0.84,S1C=2N=CN=C(N)C2C(C3=CC=C(NC(=O)NC4=CC=CC=C4)C=C3)=C1,Morgan,0.28,Cn1nnnc1Sc2ncnc3scc(c4cccc5ccccc45)c23
280,AKT1,0.84,S1C=2N=CN=C(N)C2C(C3=CC=C(NC(=O)NC4=CC=CC=C4)C=C3)=C1,Morgan,0.28,Cn1nnnc1Sc2ncnc3scc(c4cccc5ccccc45)c23
281,AKT1,0.85,C=1C(S(NC=2SC=NN2)(=O)=O)=CC=C(NC(=O)CCCCCCCCC)C1,Morgan,0.15,CCCCC/C=CC/C=CC/C=CC/C=CCCCC(=O)NCC(=O)O
282,AKT1,0.85,C1=C(C2=NN=C(O2)SCC=3C=CC(=CC3)C4=CC=C(C=C4)C#N)C=CC5=C1OCO5,Morgan,0.31,Fc1ccc(cc1)C(=O)OCc1ccc(CSc2nnc(o2)-c2cccc3ccccc23)cc1
283,AKT1,0.00,C1(=C(C(=C2NC(=NC2=C1Br)N(C)C)Br)Br)Br,Morgan,0.42,Brc1c(Br)c(Br)c2[nH]nnc2c1Br
284,AKT1,0.86,C1CCC(C(=O)N(C2=CC=C3C(N=C(N3C)NC(C=4C=CC(=CC4)C#N)=O)=C2)C)CC1,Morgan,0.22,CO[C@@H]1CN(C)C(=O)c2cc(NC(=O)C3CCCCC3)ccc2OC[C@@H](C)NC[C@@H]1C
285,AKT1,0.90,C1(=CC=C2C(=C1)C(=C(N2)O)C=C3CC(=C(C3=C)C(N4CCN(CC4)C)=O)C)S(=O)(N(C)C5=CC(=CC=C5)Cl)=O,Morgan,0.20,CCS(=O)(=O)Nc1ccc2OC[C@@H]3O[C@@H](CC(=O)N4CCN(C)CC4)CC[C@@H]3N(C)C(=O)c2c1
286,AKT1,0.00,C1(=C(C(=C2NC(=NC2=C1Br)N(C)C)Br)Br)Br,Morgan,0.42,Brc1c(Br)c(Br)c2[nH]nnc2c1Br
287,AKT1,0.85,C1=C(C2=NN=C(O2)SCC=3C=CC(=CC3)C4=CC=C(C=C4)C#N)C=CC5=C1OCO5,Morgan,0.31,Fc1ccc(cc1)C(=O)OCc1ccc(CSc2nnc(o2)-c2cccc3ccccc23)cc1
288,AKT1,0.88,O=C1N(C=2C(N(C1CC)C3CCCC3)=NC(=NC2)NC4=C(OC)C=C(C=C4)C(=O)NC5CCCCC5)C,Morgan,0.17,CCS(=O)(=O)NCC[C@@H]1CC[C@@H](NC(=O)C2CCCCC2)[C@H](CO)O1
289,AKT1,0.00,C1(=C(C(=C2NC(=NC2=C1Br)N(C)C)Br)Br)Br,Morgan,0.42,Brc1c(Br)c(Br)c2[nH]nnc2c1Br
290,AKT1,0.85,C1=C(C2=NN=C(O2)SCC=3C=CC(=CC3)C4=CC=C(C=C4)C#N)C=CC5=C1OCO5,Morgan,0.31,Fc1ccc(cc1)C(=O)OCc1ccc(CSc2nnc(o2)-c2cccc3ccccc23)cc1
291,AKT1,0.00,C1(=C(C(=C2NC(=NC2=C1Br)N(C)C)Br)Br)Br,Morgan,0.42,Brc1c(Br)c(Br)c2[nH]nnc2c1Br
292,AKT1,0.85,C1=C(C2=NN=C(O2)SCC=3C=CC(=CC3)C4=CC=C(C=C4)C#N)C=CC5=C1OCO5,Morgan,0.31,Fc1ccc(cc1)C(=O)OCc1ccc(CSc2nnc(o2)-c2cccc3ccccc23)cc1
293,AKT1,0.00,C1(=C(C(=C2NC(=NC2=C1Br)N(C)C)Br)Br)Br,Morgan,0.42,Brc1c(Br)c(Br)c2[nH]nnc2c1Br
294,AKT1,0.85,C1=C(C2=NN=C(O2)SCC=3C=CC(=CC3)C4=CC=C(C=C4)C#N)C=CC5=C1OCO5,Morgan,0.31,Fc1ccc(cc1)C(=O)OCc1ccc(CSc2nnc(o2)-c2cccc3ccccc23)cc1
295,AKT1,0.85,C1=C(C2=NN=C(O2)SCC=3C=CC(=CC3)C4=CC=C(C=C4)C#N)C=CC5=C1OCO5,Morgan,0.31,Fc1ccc(cc1)C(=O)OCc1ccc(CSc2nnc(o2)-c2cccc3ccccc23)cc1
296,AKT1,0.85,C1=C(C2=NN=C(O2)SCC=3C=CC(=CC3)C4=CC=C(C=C4)C#N)C=CC5=C1OCO5,Morgan,0.31,Fc1ccc(cc1)C(=O)OCc1ccc(CSc2nnc(o2)-c2cccc3ccccc23)cc1
297,AKT1,0.90,C1(=CC=C2C(=C1)C(=C(N2)O)C=C3CC(=C(C3=C)C(N4CCN(CC4)C)=O)C)S(=O)(N(C)C5=CC(=CC=C5)Cl)=O,Morgan,0.20,CCS(=O)(=O)Nc1ccc2OC[C@@H]3O[C@@H](CC(=O)N4CCN(C)CC4)CC[C@@H]3N(C)C(=O)c2c1
298,AKT1,0.88,O=C1N(C=2C(N(C1CC)C3CCCC3)=NC(=NC2)NC4=C(OC)C=C(C=C4)C(=O)NC5CCCCC5)C,Morgan,0.17,CCS(=O)(=O)NCC[C@@H]1CC[C@@H](NC(=O)C2CCCCC2)[C@H](CO)O1
299,AKT1,0.88,O=C1N(C=2C(N(C1CC)C3CCCC3)=NC(=NC2)NC4=C(OC)C=C(C=C4)C(=O)NC5CCCCC5)C,Morgan,0.17,CCS(=O)(=O)NCC[C@@H]1CC[C@@H](NC(=O)C2CCCCC2)[C@H](CO)O1
300,AKT2,0.83,C1=CC=C2C(=C1)C=CC(N3C(=NN=C3C=4C=CN=CC4)S)=C2,Fraggle,0.50,Cn1nnnc1Sc2ncnc3scc(c4cccc5ccccc45)c23
301,AKT2,0.89,S1C2=C(C(OC3=CC=C(C(F)(F)F)C=C3)=CN=C2)C=C1C=4OC(=NN4)C,Fraggle,0.37,Fc1ccc(cc1)C(=O)OCc1ccc(CSc2nnc(o2)-c2cccc3ccccc23)cc1
302,AKT2,0.81,S(=O)(=O)(NC=1C=C2N=C(C(=NC2=CC1)C)C)C3=CC=C(N)C=C3,Fraggle,0.69,Cc1noc(NS(=O)(=O)c2ccc(N)cc2)c1C
303,AKT2,0.86,C=1C(C(NCC2=CC=CC=C2S(N)(=O)=O)=O)=NC(=C(C#N)C1N)OCC,Fraggle,0.20,CCS(=O)(=O)NCC[C@@H]1CC[C@@H](NC(=O)C2CCCCC2)[C@H](CO)O1
304,AKT2,0.83,S1C=2C(=C(C3=CC=C(S(=O)(=O)C)C=C3)C=NC2)C=C1C(=O)N,Fraggle,0.36,Cc1noc(C)c1C(c2ccccc2)S(=O)(=O)c3ccc(C)cc3
305,AKT2,0.89,S1C2=C(C(OC3=CC=C(C(F)(F)F)C=C3)=CN=C2)C=C1C=4OC(=NN4)C,Fraggle,0.37,Fc1ccc(cc1)C(=O)OCc1ccc(CSc2nnc(o2)-c2cccc3ccccc23)cc1
306,AKT2,0.89,S1C2=C(C(OC3=CC=C(C(F)(F)F)C=C3)=CN=C2)C=C1C=4OC(=NN4)C,Fraggle,0.37,Fc1ccc(cc1)C(=O)OCc1ccc(CSc2nnc(o2)-c2cccc3ccccc23)cc1
307,AKT2,0.89,S1C2=C(C(OC3=CC=C(C(F)(F)F)C=C3)=CN=C2)C=C1C=4OC(=NN4)C,Fraggle,0.37,Fc1ccc(cc1)C(=O)OCc1ccc(CSc2nnc(o2)-c2cccc3ccccc23)cc1
308,AKT2,0.83,O=C1NC=2C(NC=3C1=CC=C(C3)C=4C=C(OC)C(OCC(O)CO)=CC4)=CC=C(C2)CCOC5=CC=C(N6CCOCC6)C=C5,Fraggle,0.43,CO[C@@H]1CN(C)C(=O)c2cc(NC(=O)C3CCCCC3)ccc2OC[C@@H](C)NC[C@@H]1C
309,AKT2,0.86,C=1C(C(NCC2=CC=CC=C2S(N)(=O)=O)=O)=NC(=C(C#N)C1N)OCC,Fraggle,0.20,CCS(=O)(=O)NCC[C@@H]1CC[C@@H](NC(=O)C2CCCCC2)[C@H](CO)O1
310,AKT2,0.89,S1C2=C(C(OC3=CC=C(C(F)(F)F)C=C3)=CN=C2)C=C1C=4OC(=NN4)C,Fraggle,0.37,Fc1ccc(cc1)C(=O)OCc1ccc(CSc2nnc(o2)-c2cccc3ccccc23)cc1
311,AKT2,0.81,S(=O)(=O)(NC=1C=C2N=C(C(=NC2=CC1)C)C)C3=CC=C(N)C=C3,Fraggle,0.53,Nc1cc(Nc2ccc(cc2)S(=O)(=O)N)ncn1
312,AKT2,0.89,S1C2=C(C(OC3=CC=C(C(F)(F)F)C=C3)=CN=C2)C=C1C=4OC(=NN4)C,Fraggle,0.37,Fc1ccc(cc1)C(=O)OCc1ccc(CSc2nnc(o2)-c2cccc3ccccc23)cc1
313,AKT2,0.86,C=1C(C(NCC2=CC=CC=C2S(N)(=O)=O)=O)=NC(=C(C#N)C1N)OCC,Fraggle,0.20,CCS(=O)(=O)NCC[C@@H]1CC[C@@H](NC(=O)C2CCCCC2)[C@H](CO)O1
314,AKT2,0.89,S1C2=C(C(OC3=CC=C(C(F)(F)F)C=C3)=CN=C2)C=C1C=4OC(=NN4)C,Fraggle,0.37,Fc1ccc(cc1)C(=O)OCc1ccc(CSc2nnc(o2)-c2cccc3ccccc23)cc1
315,AKT2,0.85,BrC=1C(NC=2C(S(=O)(=O)NC)=CC=CC2)=NC(NC=3C(OC)=CC=C(N4CCN(CC4)C(=O)C)C3)=NC1,Fraggle,0.40,C[C@@H](CO)N1C[C@@H](C)[C@@H](CN(C)CC2CC2)OCCCC[C@@H](C)Oc3ccc(NS(=O)(=O)C)cc3C1=O
316,AKT2,0.00,BrC1=CC=2C(=NNC2C=C1)C3=CC=CC=C3,Fraggle,0.40,Brc1c(Br)c(Br)c2[nH]nnc2c1Br
317,AKT2,0.86,BrC1=C(N=C2N=CC(=C(O)C2=C1C)C(=O)O)N3CC(NC)CC3,Fraggle,0.49,COc1c(N2CCNC(C)C2)c(F)cc2c1n(cc(C(O)=O)c2=O)C1CC1
318,AKT2,0.86,C=1C(C(NCC2=CC=CC=C2S(N)(=O)=O)=O)=NC(=C(C#N)C1N)OCC,Fraggle,0.20,CCS(=O)(=O)NCC[C@@H]1CC[C@@H](NC(=O)C2CCCCC2)[C@H](CO)O1
319,AKT2,0.86,C=1C(C(NCC2=CC=CC=C2S(N)(=O)=O)=O)=NC(=C(C#N)C1N)OCC,Fraggle,0.20,CCS(=O)(=O)NCC[C@@H]1CC[C@@H](NC(=O)C2CCCCC2)[C@H](CO)O1
320,AKT2,0.89,S1C2=C(C(OC3=CC=C(C(F)(F)F)C=C3)=CN=C2)C=C1C=4OC(=NN4)C,Fraggle,0.37,Fc1ccc(cc1)C(=O)OCc1ccc(CSc2nnc(o2)-c2cccc3ccccc23)cc1
321,AKT2,0.86,BrC1=C(N=C2N=CC(=C(O)C2=C1C)C(=O)O)N3CC(NC)CC3,Fraggle,0.49,COc1c(N2CCNC(C)C2)c(F)cc2c1n(cc(C(O)=O)c2=O)C1CC1
322,AKT2,0.86,C=1C(C(NCC2=CC=CC=C2S(N)(=O)=O)=O)=NC(=C(C#N)C1N)OCC,Fraggle,0.20,CCS(=O)(=O)NCC[C@@H]1CC[C@@H](NC(=O)C2CCCCC2)[C@H](CO)O1
323,AKT2,0.00,BrC1=CC=2C(=NNC2C=C1)C3=CC=CC=C3,Fraggle,0.40,Brc1c(Br)c(Br)c2[nH]nnc2c1Br
324,AKT2,0.86,BrC1=C(N=C2N=CC(=C(O)C2=C1C)C(=O)O)N3CC(NC)CC3,Fraggle,0.49,COc1c(N2CCNC(C)C2)c(F)cc2c1n(cc(C(O)=O)c2=O)C1CC1
325,AKT2,0.88,C(=O)(NC=1C=2C(C(=CC1)OCCN3CCOCC3)=CC=CC2)NC4=CC(=NN4C5=CC=C(C=C5)C)C(C)(C)C,Fraggle,0.46,COc1ccc(cc1)C2(CC2)C(=O)N3CCC(CC3)n4nc(oc4=O)c5ccccc5
326,AKT2,0.83,C1=CC=C2C(=C1)C=CC(N3C(=NN=C3C=4C=CN=CC4)S)=C2,Fraggle,0.50,Cn1nnnc1Sc2ncnc3scc(c4cccc5ccccc45)c23
327,AKT2,0.00,BrC1=CC=2C(=NNC2C=C1)C3=CC=CC=C3,Fraggle,0.40,Brc1c(Br)c(Br)c2[nH]nnc2c1Br
328,AKT2,0.89,S1C2=C(C(OC3=CC=C(C(F)(F)F)C=C3)=CN=C2)C=C1C=4OC(=NN4)C,Fraggle,0.37,Fc1ccc(cc1)C(=O)OCc1ccc(CSc2nnc(o2)-c2cccc3ccccc23)cc1
329,AKT2,0.89,S1C2=C(C(OC3=CC=C(C(F)(F)F)C=C3)=CN=C2)C=C1C=4OC(=NN4)C,Fraggle,0.37,Fc1ccc(cc1)C(=O)OCc1ccc(CSc2nnc(o2)-c2cccc3ccccc23)cc1
330,AKT2,0.83,C1=CC=C2C(=C1)C=CC(N3C(=NN=C3C=4C=CN=CC4)S)=C2,Fraggle,0.50,Cn1nnnc1Sc2ncnc3scc(c4cccc5ccccc45)c23
331,AKT2,0.86,C=1C(C(NCC2=CC=CC=C2S(N)(=O)=O)=O)=NC(=C(C#N)C1N)OCC,Fraggle,0.20,CCS(=O)(=O)NCC[C@@H]1CC[C@@H](NC(=O)C2CCCCC2)[C@H](CO)O1
332,AKT2,0.89,S1C2=C(C(OC3=CC=C(C(F)(F)F)C=C3)=CN=C2)C=C1C=4OC(=NN4)C,Fraggle,0.37,Fc1ccc(cc1)C(=O)OCc1ccc(CSc2nnc(o2)-c2cccc3ccccc23)cc1
333,AKT2,0.86,C=1C(C(NCC2=CC=CC=C2S(N)(=O)=O)=O)=NC(=C(C#N)C1N)OCC,Fraggle,0.20,CCS(=O)(=O)NCC[C@@H]1CC[C@@H](NC(=O)C2CCCCC2)[C@H](CO)O1
334,AKT2,0.89,S1C2=C(C(OC3=CC=C(C(F)(F)F)C=C3)=CN=C2)C=C1C=4OC(=NN4)C,Fraggle,0.37,Fc1ccc(cc1)C(=O)OCc1ccc(CSc2nnc(o2)-c2cccc3ccccc23)cc1
335,AKT2,0.83,C1=CC=C2C(=C1)C=CC(N3C(=NN=C3C=4C=CN=CC4)S)=C2,Fraggle,0.50,Cn1nnnc1Sc2ncnc3scc(c4cccc5ccccc45)c23
336,AKT2,0.89,S1C2=C(C(OC3=CC=C(C(F)(F)F)C=C3)=CN=C2)C=C1C=4OC(=NN4)C,Fraggle,0.37,Fc1ccc(cc1)C(=O)OCc1ccc(CSc2nnc(o2)-c2cccc3ccccc23)cc1
337,AKT2,0.89,S1C2=C(C(OC3=CC=C(C(F)(F)F)C=C3)=CN=C2)C=C1C=4OC(=NN4)C,Fraggle,0.37,Fc1ccc(cc1)C(=O)OCc1ccc(CSc2nnc(o2)-c2cccc3ccccc23)cc1
338,AKT2,0.89,S1C2=C(C(OC3=CC=C(C(F)(F)F)C=C3)=CN=C2)C=C1C=4OC(=NN4)C,Fraggle,0.37,Fc1ccc(cc1)C(=O)OCc1ccc(CSc2nnc(o2)-c2cccc3ccccc23)cc1
339,AKT2,0.81,S(=O)(=O)(NC=1C=C2N=C(C(=NC2=CC1)C)C)C3=CC=C(N)C=C3,Fraggle,0.69,Cc1noc(NS(=O)(=O)c2ccc(N)cc2)c1C
340,AKT2,0.00,BrC1=CC=2C(=NNC2C=C1)C3=CC=CC=C3,Fraggle,0.40,Brc1c(Br)c(Br)c2[nH]nnc2c1Br
341,AKT2,0.83,C1=CC=C2C(=C1)C=CC(N3C(=NN=C3C=4C=CN=CC4)S)=C2,Fraggle,0.50,Cn1nnnc1Sc2ncnc3scc(c4cccc5ccccc45)c23
342,AKT2,0.83,S1C=2C(=C(C3=CC=C(S(=O)(=O)C)C=C3)C=NC2)C=C1C(=O)N,Fraggle,0.36,Cc1noc(C)c1C(c2ccccc2)S(=O)(=O)c3ccc(C)cc3
343,AKT2,0.83,S1C=2C(=C(C3=CC=C(S(=O)(=O)C)C=C3)C=NC2)C=C1C(=O)N,Fraggle,0.36,Cc1noc(C)c1C(c2ccccc2)S(=O)(=O)c3ccc(C)cc3
344,AKT2,0.85,[N+]=12C(=C3NC=4C=CC=CC4C3=CC1)C(=O)C=5C2=CC=CC5,Fraggle,0.35,OC(c1cnc2ccccn12)(c1ccccc1)c1ccccc1
345,AKT2,0.89,S1C2=C(C(OC3=CC=C(C(F)(F)F)C=C3)=CN=C2)C=C1C=4OC(=NN4)C,Fraggle,0.37,Fc1ccc(cc1)C(=O)OCc1ccc(CSc2nnc(o2)-c2cccc3ccccc23)cc1
346,AKT2,0.75,O1C(=NC=2C1=CC=CC2)NC3=CC=C(C=4C=5C(=C(O)NC5)C=C(OCCCN(C)C)C4)C=C3,Fraggle,0.34,C[C@@H](CO)N1C[C@@H](C)[C@@H](CN(C)Cc2ccncc2)Oc3ccc(NC(=O)Nc4cccc5ccccc45)cc3C1=O
347,AKT2,0.89,S1C2=C(C(OC3=CC=C(C(F)(F)F)C=C3)=CN=C2)C=C1C=4OC(=NN4)C,Fraggle,0.37,Fc1ccc(cc1)C(=O)OCc1ccc(CSc2nnc(o2)-c2cccc3ccccc23)cc1
348,AKT2,0.86,C=1C(C(NCC2=CC=CC=C2S(N)(=O)=O)=O)=NC(=C(C#N)C1N)OCC,Fraggle,0.20,CCS(=O)(=O)NCC[C@@H]1CC[C@@H](NC(=O)C2CCCCC2)[C@H](CO)O1
349,AKT2,0.83,C1=CC=C2C(=C1)C=CC(N3C(=NN=C3C=4C=CN=CC4)S)=C2,Fraggle,0.50,Cn1nnnc1Sc2ncnc3scc(c4cccc5ccccc45)c23
350,AKT2,0.89,S1C2=C(C(OC3=CC=C(C(F)(F)F)C=C3)=CN=C2)C=C1C=4OC(=NN4)C,Fraggle,0.37,Fc1ccc(cc1)C(=O)OCc1ccc(CSc2nnc(o2)-c2cccc3ccccc23)cc1
351,AKT2,0.85,BrC=1C(NC=2C(S(=O)(=O)NC)=CC=CC2)=NC(NC=3C(OC)=CC=C(N4CCN(CC4)C(=O)C)C3)=NC1,Fraggle,0.40,C[C@@H](CO)N1C[C@@H](C)[C@@H](CN(C)CC2CC2)OCCCC[C@@H](C)Oc3ccc(NS(=O)(=O)C)cc3C1=O
352,AKT2,0.89,S1C2=C(C(OC3=CC=C(C(F)(F)F)C=C3)=CN=C2)C=C1C=4OC(=NN4)C,Fraggle,0.37,Fc1ccc(cc1)C(=O)OCc1ccc(CSc2nnc(o2)-c2cccc3ccccc23)cc1
353,AKT2,0.89,S1C2=C(C(OC3=CC=C(C(F)(F)F)C=C3)=CN=C2)C=C1C=4OC(=NN4)C,Fraggle,0.37,Fc1ccc(cc1)C(=O)OCc1ccc(CSc2nnc(o2)-c2cccc3ccccc23)cc1
354,AKT2,0.89,S1C2=C(C(OC3=CC=C(C(F)(F)F)C=C3)=CN=C2)C=C1C=4OC(=NN4)C,Fraggle,0.37,Fc1ccc(cc1)C(=O)OCc1ccc(CSc2nnc(o2)-c2cccc3ccccc23)cc1
355,AKT2,0.86,BrC1=C(N=C2N=CC(=C(O)C2=C1C)C(=O)O)N3CC(NC)CC3,Fraggle,0.49,COc1c(N2CCNC(C)C2)c(F)cc2c1n(cc(C(O)=O)c2=O)C1CC1
356,AKT2,0.89,S1C2=C(C(OC3=CC=C(C(F)(F)F)C=C3)=CN=C2)C=C1C=4OC(=NN4)C,Fraggle,0.37,Fc1ccc(cc1)C(=O)OCc1ccc(CSc2nnc(o2)-c2cccc3ccccc23)cc1
357,AKT2,0.86,C=1C(C(NCC2=CC=CC=C2S(N)(=O)=O)=O)=NC(=C(C#N)C1N)OCC,Fraggle,0.20,CCS(=O)(=O)NCC[C@@H]1CC[C@@H](NC(=O)C2CCCCC2)[C@H](CO)O1
358,AKT2,0.86,C=1C(C(NCC2=CC=CC=C2S(N)(=O)=O)=O)=NC(=C(C#N)C1N)OCC,Fraggle,0.20,CCS(=O)(=O)NCC[C@@H]1CC[C@@H](NC(=O)C2CCCCC2)[C@H](CO)O1
359,AKT2,0.86,C=1C(C(NCC2=CC=CC=C2S(N)(=O)=O)=O)=NC(=C(C#N)C1N)OCC,Fraggle,0.20,CCS(=O)(=O)NCC[C@@H]1CC[C@@H](NC(=O)C2CCCCC2)[C@H](CO)O1
360,AKT2,0.86,C=1C(C(NCC2=CC=CC=C2S(N)(=O)=O)=O)=NC(=C(C#N)C1N)OCC,Fraggle,0.20,CCS(=O)(=O)NCC[C@@H]1CC[C@@H](NC(=O)C2CCCCC2)[C@H](CO)O1
361,AKT2,0.86,C=1C(C(NCC2=CC=CC=C2S(N)(=O)=O)=O)=NC(=C(C#N)C1N)OCC,Fraggle,0.20,CCS(=O)(=O)NCC[C@@H]1CC[C@@H](NC(=O)C2CCCCC2)[C@H](CO)O1
362,AKT2,0.89,S1C2=C(C(OC3=CC=C(C(F)(F)F)C=C3)=CN=C2)C=C1C=4OC(=NN4)C,Fraggle,0.37,Fc1ccc(cc1)C(=O)OCc1ccc(CSc2nnc(o2)-c2cccc3ccccc23)cc1
363,AKT2,0.88,C(=O)(NC=1C=2C(C(=CC1)OCCN3CCOCC3)=CC=CC2)NC4=CC(=NN4C5=CC=C(C=C5)C)C(C)(C)C,Fraggle,0.46,COc1ccc(cc1)C2(CC2)C(=O)N3CCC(CC3)n4nc(oc4=O)c5ccccc5
364,AKT2,0.89,S1C2=C(C(OC3=CC=C(C(F)(F)F)C=C3)=CN=C2)C=C1C=4OC(=NN4)C,Fraggle,0.37,Fc1ccc(cc1)C(=O)OCc1ccc(CSc2nnc(o2)-c2cccc3ccccc23)cc1
365,AKT2,0.00,BrC1=CC=2C(=NNC2C=C1)C3=CC=CC=C3,Fraggle,0.40,Brc1c(Br)c(Br)c2[nH]nnc2c1Br
366,AKT2,0.85,BrC=1C(NC=2C(S(=O)(=O)NC)=CC=CC2)=NC(NC=3C(OC)=CC=C(N4CCN(CC4)C(=O)C)C3)=NC1,Fraggle,0.40,C[C@@H](CO)N1C[C@@H](C)[C@@H](CN(C)CC2CC2)OCCCC[C@@H](C)Oc3ccc(NS(=O)(=O)C)cc3C1=O
367,AKT2,0.89,S1C2=C(C(OC3=CC=C(C(F)(F)F)C=C3)=CN=C2)C=C1C=4OC(=NN4)C,Fraggle,0.37,Fc1ccc(cc1)C(=O)OCc1ccc(CSc2nnc(o2)-c2cccc3ccccc23)cc1
368,AKT2,0.00,BrC1=CC=2C(=NNC2C=C1)C3=CC=CC=C3,Fraggle,0.40,Brc1c(Br)c(Br)c2[nH]nnc2c1Br
369,AKT2,0.00,BrC1=CC=2C(=NNC2C=C1)C3=CC=CC=C3,Fraggle,0.40,Brc1c(Br)c(Br)c2[nH]nnc2c1Br
370,AKT2,0.86,C=1C(C(NCC2=CC=CC=C2S(N)(=O)=O)=O)=NC(=C(C#N)C1N)OCC,Fraggle,0.20,CCS(=O)(=O)NCC[C@@H]1CC[C@@H](NC(=O)C2CCCCC2)[C@H](CO)O1
371,AKT2,0.84,O=C1NC=2C(NC=3C1=CC=C(C3)C=4C=C(OC)C(OCC(O)CO)=CC4)=CC=C(C2)CCOC5=CC=C(N6CCOCC6)C=C5,Fraggle,0.45,COc1cccc(CNC(=O)C[C@@H]2CC[C@@H]3[C@@H](COc4ccc(NC(=O)c5cccs5)cc4C(=O)N3C)O2)c1
372,AKT2,0.83,C1=CC=C2C(=C1)C=CC(N3C(=NN=C3C=4C=CN=CC4)S)=C2,Fraggle,0.50,Cn1nnnc1Sc2ncnc3scc(c4cccc5ccccc45)c23
373,AKT2,0.89,S1C2=C(C(OC3=CC=C(C(F)(F)F)C=C3)=CN=C2)C=C1C=4OC(=NN4)C,Fraggle,0.37,Fc1ccc(cc1)C(=O)OCc1ccc(CSc2nnc(o2)-c2cccc3ccccc23)cc1
374,AKT2,0.88,C(=O)(NC=1C=2C(C(=CC1)OCCN3CCOCC3)=CC=CC2)NC4=CC(=NN4C5=CC=C(C=C5)C)C(C)(C)C,Fraggle,0.46,COc1ccc(cc1)C2(CC2)C(=O)N3CCC(CC3)n4nc(oc4=O)c5ccccc5
375,AKT2,0.86,BrC1=C(N=C2N=CC(=C(O)C2=C1C)C(=O)O)N3CC(NC)CC3,Fraggle,0.49,COc1c(N2CCNC(C)C2)c(F)cc2c1n(cc(C(O)=O)c2=O)C1CC1
376,AKT2,0.89,S1C2=C(C(OC3=CC=C(C(F)(F)F)C=C3)=CN=C2)C=C1C=4OC(=NN4)C,Fraggle,0.37,Fc1ccc(cc1)C(=O)OCc1ccc(CSc2nnc(o2)-c2cccc3ccccc23)cc1
377,AKT2,0.89,S1C2=C(C(OC3=CC=C(C(F)(F)F)C=C3)=CN=C2)C=C1C=4OC(=NN4)C,Fraggle,0.37,Fc1ccc(cc1)C(=O)OCc1ccc(CSc2nnc(o2)-c2cccc3ccccc23)cc1
378,AKT2,0.86,C=1C(C(NCC2=CC=CC=C2S(N)(=O)=O)=O)=NC(=C(C#N)C1N)OCC,Fraggle,0.20,CCS(=O)(=O)NCC[C@@H]1CC[C@@H](NC(=O)C2CCCCC2)[C@H](CO)O1
379,AKT2,0.89,S1C2=C(C(OC3=CC=C(C(F)(F)F)C=C3)=CN=C2)C=C1C=4OC(=NN4)C,Fraggle,0.37,Fc1ccc(cc1)C(=O)OCc1ccc(CSc2nnc(o2)-c2cccc3ccccc23)cc1
380,AKT2,0.89,S1C2=C(C(OC3=CC=C(C(F)(F)F)C=C3)=CN=C2)C=C1C=4OC(=NN4)C,Fraggle,0.37,Fc1ccc(cc1)C(=O)OCc1ccc(CSc2nnc(o2)-c2cccc3ccccc23)cc1
381,AKT2,0.00,BrC1=CC=2C(=NNC2C=C1)C3=CC=CC=C3,Fraggle,0.40,Brc1c(Br)c(Br)c2[nH]nnc2c1Br
382,AKT2,0.84,O=C1NC=2C(NC=3C1=CC=C(C3)C=4C=C(OC)C(OCC(O)CO)=CC4)=CC=C(C2)CCOC5=CC=C(N6CCOCC6)C=C5,Fraggle,0.44,C[C@@H](CO)N1C[C@@H](C)[C@H](CN(C)C(=O)CC2CC2)Oc3ncc(cc3C1=O)c4ccccc4C
383,AKT2,0.75,O1C(=NC=2C1=CC=CC2)NC3=CC=C(C=4C=5C(=C(O)NC5)C=C(OCCCN(C)C)C4)C=C3,Fraggle,0.34,C[C@@H](CO)N1C[C@@H](C)[C@@H](CN(C)Cc2ccncc2)Oc3ccc(NC(=O)Nc4cccc5ccccc45)cc3C1=O
384,AKT2,0.89,S1C2=C(C(OC3=CC=C(C(F)(F)F)C=C3)=CN=C2)C=C1C=4OC(=NN4)C,Fraggle,0.37,Fc1ccc(cc1)C(=O)OCc1ccc(CSc2nnc(o2)-c2cccc3ccccc23)cc1
385,AKT2,0.86,C=1C(C(NCC2=CC=CC=C2S(N)(=O)=O)=O)=NC(=C(C#N)C1N)OCC,Fraggle,0.20,CCS(=O)(=O)NCC[C@@H]1CC[C@@H](NC(=O)C2CCCCC2)[C@H](CO)O1
386,AKT2,0.84,O=C1NC=2C(NC=3C1=CC=C(C3)C=4C=C(OC)C(OCC(O)CO)=CC4)=CC=C(C2)CCOC5=CC=C(N6CCOCC6)C=C5,Fraggle,0.45,COc1cccc(CNC(=O)C[C@@H]2CC[C@@H]3[C@@H](COc4ccc(NC(=O)c5cccs5)cc4C(=O)N3C)O2)c1
387,AKT2,0.83,C1=CC=C2C(=C1)C=CC(N3C(=NN=C3C=4C=CN=CC4)S)=C2,Fraggle,0.50,Cn1nnnc1Sc2ncnc3scc(c4cccc5ccccc45)c23
388,AKT2,0.89,S1C2=C(C(OC3=CC=C(C(F)(F)F)C=C3)=CN=C2)C=C1C=4OC(=NN4)C,Fraggle,0.37,Fc1ccc(cc1)C(=O)OCc1ccc(CSc2nnc(o2)-c2cccc3ccccc23)cc1
389,AKT2,0.89,S1C2=C(C(OC3=CC=C(C(F)(F)F)C=C3)=CN=C2)C=C1C=4OC(=NN4)C,Fraggle,0.37,Fc1ccc(cc1)C(=O)OCc1ccc(CSc2nnc(o2)-c2cccc3ccccc23)cc1
390,AKT2,0.83,C1=CC=C2C(=C1)C=CC(N3C(=NN=C3C=4C=CN=CC4)S)=C2,Fraggle,0.50,Cn1nnnc1Sc2ncnc3scc(c4cccc5ccccc45)c23
391,AKT2,0.00,BrC1=CC=2C(=NNC2C=C1)C3=CC=CC=C3,Fraggle,0.40,Brc1c(Br)c(Br)c2[nH]nnc2c1Br
392,AKT2,0.89,S1C2=C(C(OC3=CC=C(C(F)(F)F)C=C3)=CN=C2)C=C1C=4OC(=NN4)C,Fraggle,0.37,Fc1ccc(cc1)C(=O)OCc1ccc(CSc2nnc(o2)-c2cccc3ccccc23)cc1
393,AKT2,0.89,S1C2=C(C(OC3=CC=C(C(F)(F)F)C=C3)=CN=C2)C=C1C=4OC(=NN4)C,Fraggle,0.37,Fc1ccc(cc1)C(=O)OCc1ccc(CSc2nnc(o2)-c2cccc3ccccc23)cc1
394,AKT2,0.89,S1C2=C(C(OC3=CC=C(C(F)(F)F)C=C3)=CN=C2)C=C1C=4OC(=NN4)C,Fraggle,0.37,Fc1ccc(cc1)C(=O)OCc1ccc(CSc2nnc(o2)-c2cccc3ccccc23)cc1
395,AKT2,0.89,S1C2=C(C(OC3=CC=C(C(F)(F)F)C=C3)=CN=C2)C=C1C=4OC(=NN4)C,Fraggle,0.37,Fc1ccc(cc1)C(=O)OCc1ccc(CSc2nnc(o2)-c2cccc3ccccc23)cc1
396,AKT2,0.90,N=1C=NC(=C2[C@@H](C[C@@H](O)C12)C)N3CCN(C([C@H](CNC4CCOCC4)C5=CC(=C(Cl)C=C5)F)=O)CC3,Fraggle,0.45,CCCNC(=O)[C@@H]1[C@@H](CO)[C@@H]2Cn3c(ccc(-c4cccnc4)c3=O)[C@@H]2N1C(=O)c1ccccc1F
397,AKT2,0.89,S1C2=C(C(OC3=CC=C(C(F)(F)F)C=C3)=CN=C2)C=C1C=4OC(=NN4)C,Fraggle,0.37,Fc1ccc(cc1)C(=O)OCc1ccc(CSc2nnc(o2)-c2cccc3ccccc23)cc1
398,AKT2,0.89,S1C2=C(C(OC3=CC=C(C(F)(F)F)C=C3)=CN=C2)C=C1C=4OC(=NN4)C,Fraggle,0.37,Fc1ccc(cc1)C(=O)OCc1ccc(CSc2nnc(o2)-c2cccc3ccccc23)cc1
399,AKT2,0.89,S1C2=C(C(OC3=CC=C(C(F)(F)F)C=C3)=CN=C2)C=C1C=4OC(=NN4)C,Fraggle,0.37,Fc1ccc(cc1)C(=O)OCc1ccc(CSc2nnc(o2)-c2cccc3ccccc23)cc1
400,AKT2,0.83,C1=CC=C2C(=C1)C=CC(N3C(=NN=C3C=4C=CN=CC4)S)=C2,MACCS,0.80,Cn1nnnc1Sc2ncnc3scc(c4cccc5ccccc45)c23
401,AKT2,0.89,S1C2=C(C(OC3=CC=C(C(F)(F)F)C=C3)=CN=C2)C=C1C=4OC(=NN4)C,MACCS,0.65,Fc1ccc(cc1)C(=O)OCc1ccc(CSc2nnc(o2)-c2cccc3ccccc23)cc1
402,AKT2,0.81,S(=O)(=O)(NC=1C=C2N=C(C(=NC2=CC1)C)C)C3=CC=C(N)C=C3,MACCS,0.79,Cc1noc(NS(=O)(=O)c2ccc(N)cc2)c1C
403,AKT2,0.86,C=1C(C(NCC2=CC=CC=C2S(N)(=O)=O)=O)=NC(=C(C#N)C1N)OCC,MACCS,0.63,CCS(=O)(=O)NCC[C@@H]1CC[C@@H](NC(=O)C2CCCCC2)[C@H](CO)O1
404,AKT2,0.83,S1C=2C(=C(C3=CC=C(S(=O)(=O)C)C=C3)C=NC2)C=C1C(=O)N,MACCS,0.60,Cc1noc(C)c1C(c2ccccc2)S(=O)(=O)c3ccc(C)cc3
405,AKT2,0.89,S1C2=C(C(OC3=CC=C(C(F)(F)F)C=C3)=CN=C2)C=C1C=4OC(=NN4)C,MACCS,0.65,Fc1ccc(cc1)C(=O)OCc1ccc(CSc2nnc(o2)-c2cccc3ccccc23)cc1
406,AKT2,0.89,S1C2=C(C(OC3=CC=C(C(F)(F)F)C=C3)=CN=C2)C=C1C=4OC(=NN4)C,MACCS,0.65,Fc1ccc(cc1)C(=O)OCc1ccc(CSc2nnc(o2)-c2cccc3ccccc23)cc1
407,AKT2,0.89,S1C2=C(C(OC3=CC=C(C(F)(F)F)C=C3)=CN=C2)C=C1C=4OC(=NN4)C,MACCS,0.65,Fc1ccc(cc1)C(=O)OCc1ccc(CSc2nnc(o2)-c2cccc3ccccc23)cc1
408,AKT2,0.83,O=C1NC=2C(NC=3C1=CC=C(C3)C=4C=C(OC)C(OCC(O)CO)=CC4)=CC=C(C2)CCOC5=CC=C(N6CCOCC6)C=C5,MACCS,0.77,CO[C@@H]1CN(C)C(=O)c2cc(NC(=O)C3CCCCC3)ccc2OC[C@@H](C)NC[C@@H]1C
409,AKT2,0.86,C=1C(C(NCC2=CC=CC=C2S(N)(=O)=O)=O)=NC(=C(C#N)C1N)OCC,MACCS,0.63,CCS(=O)(=O)NCC[C@@H]1CC[C@@H](NC(=O)C2CCCCC2)[C@H](CO)O1
410,AKT2,0.89,S1C2=C(C(OC3=CC=C(C(F)(F)F)C=C3)=CN=C2)C=C1C=4OC(=NN4)C,MACCS,0.65,Fc1ccc(cc1)C(=O)OCc1ccc(CSc2nnc(o2)-c2cccc3ccccc23)cc1
411,AKT2,0.81,S(=O)(=O)(NC=1C=C2N=C(C(=NC2=CC1)C)C)C3=CC=C(N)C=C3,MACCS,0.82,Nc1cc(Nc2ccc(cc2)S(=O)(=O)N)ncn1
412,AKT2,0.89,S1C2=C(C(OC3=CC=C(C(F)(F)F)C=C3)=CN=C2)C=C1C=4OC(=NN4)C,MACCS,0.65,Fc1ccc(cc1)C(=O)OCc1ccc(CSc2nnc(o2)-c2cccc3ccccc23)cc1
413,AKT2,0.86,C=1C(C(NCC2=CC=CC=C2S(N)(=O)=O)=O)=NC(=C(C#N)C1N)OCC,MACCS,0.63,CCS(=O)(=O)NCC[C@@H]1CC[C@@H](NC(=O)C2CCCCC2)[C@H](CO)O1
414,AKT2,0.89,S1C2=C(C(OC3=CC=C(C(F)(F)F)C=C3)=CN=C2)C=C1C=4OC(=NN4)C,MACCS,0.65,Fc1ccc(cc1)C(=O)OCc1ccc(CSc2nnc(o2)-c2cccc3ccccc23)cc1
415,AKT2,0.85,BrC=1C(NC=2C(S(=O)(=O)NC)=CC=CC2)=NC(NC=3C(OC)=CC=C(N4CCN(CC4)C(=O)C)C3)=NC1,MACCS,0.69,C[C@@H](CO)N1C[C@@H](C)[C@@H](CN(C)CC2CC2)OCCCC[C@@H](C)Oc3ccc(NS(=O)(=O)C)cc3C1=O
416,AKT2,0.00,BrC1=CC=2C(=NNC2C=C1)C3=CC=CC=C3,MACCS,0.76,Brc1c(Br)c(Br)c2[nH]nnc2c1Br
417,AKT2,0.86,BrC1=C(N=C2N=CC(=C(O)C2=C1C)C(=O)O)N3CC(NC)CC3,MACCS,0.79,COc1c(N2CCNC(C)C2)c(F)cc2c1n(cc(C(O)=O)c2=O)C1CC1
418,AKT2,0.86,C=1C(C(NCC2=CC=CC=C2S(N)(=O)=O)=O)=NC(=C(C#N)C1N)OCC,MACCS,0.63,CCS(=O)(=O)NCC[C@@H]1CC[C@@H](NC(=O)C2CCCCC2)[C@H](CO)O1
419,AKT2,0.86,C=1C(C(NCC2=CC=CC=C2S(N)(=O)=O)=O)=NC(=C(C#N)C1N)OCC,MACCS,0.63,CCS(=O)(=O)NCC[C@@H]1CC[C@@H](NC(=O)C2CCCCC2)[C@H](CO)O1
420,AKT2,0.89,S1C2=C(C(OC3=CC=C(C(F)(F)F)C=C3)=CN=C2)C=C1C=4OC(=NN4)C,MACCS,0.65,Fc1ccc(cc1)C(=O)OCc1ccc(CSc2nnc(o2)-c2cccc3ccccc23)cc1
421,AKT2,0.86,BrC1=C(N=C2N=CC(=C(O)C2=C1C)C(=O)O)N3CC(NC)CC3,MACCS,0.79,COc1c(N2CCNC(C)C2)c(F)cc2c1n(cc(C(O)=O)c2=O)C1CC1
422,AKT2,0.86,C=1C(C(NCC2=CC=CC=C2S(N)(=O)=O)=O)=NC(=C(C#N)C1N)OCC,MACCS,0.63,CCS(=O)(=O)NCC[C@@H]1CC[C@@H](NC(=O)C2CCCCC2)[C@H](CO)O1
423,AKT2,0.00,BrC1=CC=2C(=NNC2C=C1)C3=CC=CC=C3,MACCS,0.76,Brc1c(Br)c(Br)c2[nH]nnc2c1Br
424,AKT2,0.86,BrC1=C(N=C2N=CC(=C(O)C2=C1C)C(=O)O)N3CC(NC)CC3,MACCS,0.79,COc1c(N2CCNC(C)C2)c(F)cc2c1n(cc(C(O)=O)c2=O)C1CC1
425,AKT2,0.88,C(=O)(NC=1C=2C(C(=CC1)OCCN3CCOCC3)=CC=CC2)NC4=CC(=NN4C5=CC=C(C=C5)C)C(C)(C)C,MACCS,0.71,COc1ccc(cc1)C2(CC2)C(=O)N3CCC(CC3)n4nc(oc4=O)c5ccccc5
426,AKT2,0.83,C1=CC=C2C(=C1)C=CC(N3C(=NN=C3C=4C=CN=CC4)S)=C2,MACCS,0.80,Cn1nnnc1Sc2ncnc3scc(c4cccc5ccccc45)c23
427,AKT2,0.00,BrC1=CC=2C(=NNC2C=C1)C3=CC=CC=C3,MACCS,0.76,Brc1c(Br)c(Br)c2[nH]nnc2c1Br
428,AKT2,0.89,S1C2=C(C(OC3=CC=C(C(F)(F)F)C=C3)=CN=C2)C=C1C=4OC(=NN4)C,MACCS,0.65,Fc1ccc(cc1)C(=O)OCc1ccc(CSc2nnc(o2)-c2cccc3ccccc23)cc1
429,AKT2,0.89,S1C2=C(C(OC3=CC=C(C(F)(F)F)C=C3)=CN=C2)C=C1C=4OC(=NN4)C,MACCS,0.65,Fc1ccc(cc1)C(=O)OCc1ccc(CSc2nnc(o2)-c2cccc3ccccc23)cc1
430,AKT2,0.83,C1=CC=C2C(=C1)C=CC(N3C(=NN=C3C=4C=CN=CC4)S)=C2,MACCS,0.80,Cn1nnnc1Sc2ncnc3scc(c4cccc5ccccc45)c23
431,AKT2,0.86,C=1C(C(NCC2=CC=CC=C2S(N)(=O)=O)=O)=NC(=C(C#N)C1N)OCC,MACCS,0.63,CCS(=O)(=O)NCC[C@@H]1CC[C@@H](NC(=O)C2CCCCC2)[C@H](CO)O1
432,AKT2,0.89,S1C2=C(C(OC3=CC=C(C(F)(F)F)C=C3)=CN=C2)C=C1C=4OC(=NN4)C,MACCS,0.65,Fc1ccc(cc1)C(=O)OCc1ccc(CSc2nnc(o2)-c2cccc3ccccc23)cc1
433,AKT2,0.86,C=1C(C(NCC2=CC=CC=C2S(N)(=O)=O)=O)=NC(=C(C#N)C1N)OCC,MACCS,0.63,CCS(=O)(=O)NCC[C@@H]1CC[C@@H](NC(=O)C2CCCCC2)[C@H](CO)O1
434,AKT2,0.89,S1C2=C(C(OC3=CC=C(C(F)(F)F)C=C3)=CN=C2)C=C1C=4OC(=NN4)C,MACCS,0.65,Fc1ccc(cc1)C(=O)OCc1ccc(CSc2nnc(o2)-c2cccc3ccccc23)cc1
435,AKT2,0.83,C1=CC=C2C(=C1)C=CC(N3C(=NN=C3C=4C=CN=CC4)S)=C2,MACCS,0.80,Cn1nnnc1Sc2ncnc3scc(c4cccc5ccccc45)c23
436,AKT2,0.89,S1C2=C(C(OC3=CC=C(C(F)(F)F)C=C3)=CN=C2)C=C1C=4OC(=NN4)C,MACCS,0.65,Fc1ccc(cc1)C(=O)OCc1ccc(CSc2nnc(o2)-c2cccc3ccccc23)cc1
437,AKT2,0.89,S1C2=C(C(OC3=CC=C(C(F)(F)F)C=C3)=CN=C2)C=C1C=4OC(=NN4)C,MACCS,0.65,Fc1ccc(cc1)C(=O)OCc1ccc(CSc2nnc(o2)-c2cccc3ccccc23)cc1
438,AKT2,0.89,S1C2=C(C(OC3=CC=C(C(F)(F)F)C=C3)=CN=C2)C=C1C=4OC(=NN4)C,MACCS,0.65,Fc1ccc(cc1)C(=O)OCc1ccc(CSc2nnc(o2)-c2cccc3ccccc23)cc1
439,AKT2,0.81,S(=O)(=O)(NC=1C=C2N=C(C(=NC2=CC1)C)C)C3=CC=C(N)C=C3,MACCS,0.79,Cc1noc(NS(=O)(=O)c2ccc(N)cc2)c1C
440,AKT2,0.00,BrC1=CC=2C(=NNC2C=C1)C3=CC=CC=C3,MACCS,0.76,Brc1c(Br)c(Br)c2[nH]nnc2c1Br
441,AKT2,0.83,C1=CC=C2C(=C1)C=CC(N3C(=NN=C3C=4C=CN=CC4)S)=C2,MACCS,0.80,Cn1nnnc1Sc2ncnc3scc(c4cccc5ccccc45)c23
442,AKT2,0.83,S1C=2C(=C(C3=CC=C(S(=O)(=O)C)C=C3)C=NC2)C=C1C(=O)N,MACCS,0.60,Cc1noc(C)c1C(c2ccccc2)S(=O)(=O)c3ccc(C)cc3
443,AKT2,0.83,S1C=2C(=C(C3=CC=C(S(=O)(=O)C)C=C3)C=NC2)C=C1C(=O)N,MACCS,0.60,Cc1noc(C)c1C(c2ccccc2)S(=O)(=O)c3ccc(C)cc3
444,AKT2,0.85,[N+]=12C(=C3NC=4C=CC=CC4C3=CC1)C(=O)C=5C2=CC=CC5,MACCS,0.64,OC(c1cnc2ccccn12)(c1ccccc1)c1ccccc1
445,AKT2,0.89,S1C2=C(C(OC3=CC=C(C(F)(F)F)C=C3)=CN=C2)C=C1C=4OC(=NN4)C,MACCS,0.65,Fc1ccc(cc1)C(=O)OCc1ccc(CSc2nnc(o2)-c2cccc3ccccc23)cc1
446,AKT2,0.75,O1C(=NC=2C1=CC=CC2)NC3=CC=C(C=4C=5C(=C(O)NC5)C=C(OCCCN(C)C)C4)C=C3,MACCS,0.73,C[C@@H](CO)N1C[C@@H](C)[C@@H](CN(C)Cc2ccncc2)Oc3ccc(NC(=O)Nc4cccc5ccccc45)cc3C1=O
447,AKT2,0.89,S1C2=C(C(OC3=CC=C(C(F)(F)F)C=C3)=CN=C2)C=C1C=4OC(=NN4)C,MACCS,0.65,Fc1ccc(cc1)C(=O)OCc1ccc(CSc2nnc(o2)-c2cccc3ccccc23)cc1
448,AKT2,0.86,C=1C(C(NCC2=CC=CC=C2S(N)(=O)=O)=O)=NC(=C(C#N)C1N)OCC,MACCS,0.63,CCS(=O)(=O)NCC[C@@H]1CC[C@@H](NC(=O)C2CCCCC2)[C@H](CO)O1
449,AKT2,0.83,C1=CC=C2C(=C1)C=CC(N3C(=NN=C3C=4C=CN=CC4)S)=C2,MACCS,0.80,Cn1nnnc1Sc2ncnc3scc(c4cccc5ccccc45)c23
450,AKT2,0.89,S1C2=C(C(OC3=CC=C(C(F)(F)F)C=C3)=CN=C2)C=C1C=4OC(=NN4)C,MACCS,0.65,Fc1ccc(cc1)C(=O)OCc1ccc(CSc2nnc(o2)-c2cccc3ccccc23)cc1
451,AKT2,0.85,BrC=1C(NC=2C(S(=O)(=O)NC)=CC=CC2)=NC(NC=3C(OC)=CC=C(N4CCN(CC4)C(=O)C)C3)=NC1,MACCS,0.69,C[C@@H](CO)N1C[C@@H](C)[C@@H](CN(C)CC2CC2)OCCCC[C@@H](C)Oc3ccc(NS(=O)(=O)C)cc3C1=O
452,AKT2,0.89,S1C2=C(C(OC3=CC=C(C(F)(F)F)C=C3)=CN=C2)C=C1C=4OC(=NN4)C,MACCS,0.65,Fc1ccc(cc1)C(=O)OCc1ccc(CSc2nnc(o2)-c2cccc3ccccc23)cc1
453,AKT2,0.89,S1C2=C(C(OC3=CC=C(C(F)(F)F)C=C3)=CN=C2)C=C1C=4OC(=NN4)C,MACCS,0.65,Fc1ccc(cc1)C(=O)OCc1ccc(CSc2nnc(o2)-c2cccc3ccccc23)cc1
454,AKT2,0.89,S1C2=C(C(OC3=CC=C(C(F)(F)F)C=C3)=CN=C2)C=C1C=4OC(=NN4)C,MACCS,0.65,Fc1ccc(cc1)C(=O)OCc1ccc(CSc2nnc(o2)-c2cccc3ccccc23)cc1
455,AKT2,0.86,BrC1=C(N=C2N=CC(=C(O)C2=C1C)C(=O)O)N3CC(NC)CC3,MACCS,0.79,COc1c(N2CCNC(C)C2)c(F)cc2c1n(cc(C(O)=O)c2=O)C1CC1
456,AKT2,0.89,S1C2=C(C(OC3=CC=C(C(F)(F)F)C=C3)=CN=C2)C=C1C=4OC(=NN4)C,MACCS,0.65,Fc1ccc(cc1)C(=O)OCc1ccc(CSc2nnc(o2)-c2cccc3ccccc23)cc1
457,AKT2,0.86,C=1C(C(NCC2=CC=CC=C2S(N)(=O)=O)=O)=NC(=C(C#N)C1N)OCC,MACCS,0.63,CCS(=O)(=O)NCC[C@@H]1CC[C@@H](NC(=O)C2CCCCC2)[C@H](CO)O1
458,AKT2,0.86,C=1C(C(NCC2=CC=CC=C2S(N)(=O)=O)=O)=NC(=C(C#N)C1N)OCC,MACCS,0.63,CCS(=O)(=O)NCC[C@@H]1CC[C@@H](NC(=O)C2CCCCC2)[C@H](CO)O1
459,AKT2,0.86,C=1C(C(NCC2=CC=CC=C2S(N)(=O)=O)=O)=NC(=C(C#N)C1N)OCC,MACCS,0.63,CCS(=O)(=O)NCC[C@@H]1CC[C@@H](NC(=O)C2CCCCC2)[C@H](CO)O1
460,AKT2,0.86,C=1C(C(NCC2=CC=CC=C2S(N)(=O)=O)=O)=NC(=C(C#N)C1N)OCC,MACCS,0.63,CCS(=O)(=O)NCC[C@@H]1CC[C@@H](NC(=O)C2CCCCC2)[C@H](CO)O1
461,AKT2,0.86,C=1C(C(NCC2=CC=CC=C2S(N)(=O)=O)=O)=NC(=C(C#N)C1N)OCC,MACCS,0.63,CCS(=O)(=O)NCC[C@@H]1CC[C@@H](NC(=O)C2CCCCC2)[C@H](CO)O1
462,AKT2,0.89,S1C2=C(C(OC3=CC=C(C(F)(F)F)C=C3)=CN=C2)C=C1C=4OC(=NN4)C,MACCS,0.65,Fc1ccc(cc1)C(=O)OCc1ccc(CSc2nnc(o2)-c2cccc3ccccc23)cc1
463,AKT2,0.88,C(=O)(NC=1C=2C(C(=CC1)OCCN3CCOCC3)=CC=CC2)NC4=CC(=NN4C5=CC=C(C=C5)C)C(C)(C)C,MACCS,0.71,COc1ccc(cc1)C2(CC2)C(=O)N3CCC(CC3)n4nc(oc4=O)c5ccccc5
464,AKT2,0.89,S1C2=C(C(OC3=CC=C(C(F)(F)F)C=C3)=CN=C2)C=C1C=4OC(=NN4)C,MACCS,0.65,Fc1ccc(cc1)C(=O)OCc1ccc(CSc2nnc(o2)-c2cccc3ccccc23)cc1
465,AKT2,0.00,BrC1=CC=2C(=NNC2C=C1)C3=CC=CC=C3,MACCS,0.76,Brc1c(Br)c(Br)c2[nH]nnc2c1Br
466,AKT2,0.85,BrC=1C(NC=2C(S(=O)(=O)NC)=CC=CC2)=NC(NC=3C(OC)=CC=C(N4CCN(CC4)C(=O)C)C3)=NC1,MACCS,0.69,C[C@@H](CO)N1C[C@@H](C)[C@@H](CN(C)CC2CC2)OCCCC[C@@H](C)Oc3ccc(NS(=O)(=O)C)cc3C1=O
467,AKT2,0.89,S1C2=C(C(OC3=CC=C(C(F)(F)F)C=C3)=CN=C2)C=C1C=4OC(=NN4)C,MACCS,0.65,Fc1ccc(cc1)C(=O)OCc1ccc(CSc2nnc(o2)-c2cccc3ccccc23)cc1
468,AKT2,0.00,BrC1=CC=2C(=NNC2C=C1)C3=CC=CC=C3,MACCS,0.76,Brc1c(Br)c(Br)c2[nH]nnc2c1Br
469,AKT2,0.00,BrC1=CC=2C(=NNC2C=C1)C3=CC=CC=C3,MACCS,0.76,Brc1c(Br)c(Br)c2[nH]nnc2c1Br
470,AKT2,0.86,C=1C(C(NCC2=CC=CC=C2S(N)(=O)=O)=O)=NC(=C(C#N)C1N)OCC,MACCS,0.63,CCS(=O)(=O)NCC[C@@H]1CC[C@@H](NC(=O)C2CCCCC2)[C@H](CO)O1
471,AKT2,0.84,O=C1NC=2C(NC=3C1=CC=C(C3)C=4C=C(OC)C(OCC(O)CO)=CC4)=CC=C(C2)CCOC5=CC=C(N6CCOCC6)C=C5,MACCS,0.77,COc1cccc(CNC(=O)C[C@@H]2CC[C@@H]3[C@@H](COc4ccc(NC(=O)c5cccs5)cc4C(=O)N3C)O2)c1
472,AKT2,0.83,C1=CC=C2C(=C1)C=CC(N3C(=NN=C3C=4C=CN=CC4)S)=C2,MACCS,0.80,Cn1nnnc1Sc2ncnc3scc(c4cccc5ccccc45)c23
473,AKT2,0.89,S1C2=C(C(OC3=CC=C(C(F)(F)F)C=C3)=CN=C2)C=C1C=4OC(=NN4)C,MACCS,0.65,Fc1ccc(cc1)C(=O)OCc1ccc(CSc2nnc(o2)-c2cccc3ccccc23)cc1
474,AKT2,0.88,C(=O)(NC=1C=2C(C(=CC1)OCCN3CCOCC3)=CC=CC2)NC4=CC(=NN4C5=CC=C(C=C5)C)C(C)(C)C,MACCS,0.71,COc1ccc(cc1)C2(CC2)C(=O)N3CCC(CC3)n4nc(oc4=O)c5ccccc5
475,AKT2,0.86,BrC1=C(N=C2N=CC(=C(O)C2=C1C)C(=O)O)N3CC(NC)CC3,MACCS,0.79,COc1c(N2CCNC(C)C2)c(F)cc2c1n(cc(C(O)=O)c2=O)C1CC1
476,AKT2,0.89,S1C2=C(C(OC3=CC=C(C(F)(F)F)C=C3)=CN=C2)C=C1C=4OC(=NN4)C,MACCS,0.65,Fc1ccc(cc1)C(=O)OCc1ccc(CSc2nnc(o2)-c2cccc3ccccc23)cc1
477,AKT2,0.89,S1C2=C(C(OC3=CC=C(C(F)(F)F)C=C3)=CN=C2)C=C1C=4OC(=NN4)C,MACCS,0.65,Fc1ccc(cc1)C(=O)OCc1ccc(CSc2nnc(o2)-c2cccc3ccccc23)cc1
478,AKT2,0.86,C=1C(C(NCC2=CC=CC=C2S(N)(=O)=O)=O)=NC(=C(C#N)C1N)OCC,MACCS,0.63,CCS(=O)(=O)NCC[C@@H]1CC[C@@H](NC(=O)C2CCCCC2)[C@H](CO)O1
479,AKT2,0.89,S1C2=C(C(OC3=CC=C(C(F)(F)F)C=C3)=CN=C2)C=C1C=4OC(=NN4)C,MACCS,0.65,Fc1ccc(cc1)C(=O)OCc1ccc(CSc2nnc(o2)-c2cccc3ccccc23)cc1
480,AKT2,0.89,S1C2=C(C(OC3=CC=C(C(F)(F)F)C=C3)=CN=C2)C=C1C=4OC(=NN4)C,MACCS,0.65,Fc1ccc(cc1)C(=O)OCc1ccc(CSc2nnc(o2)-c2cccc3ccccc23)cc1
481,AKT2,0.00,BrC1=CC=2C(=NNC2C=C1)C3=CC=CC=C3,MACCS,0.76,Brc1c(Br)c(Br)c2[nH]nnc2c1Br
482,AKT2,0.84,O=C1NC=2C(NC=3C1=CC=C(C3)C=4C=C(OC)C(OCC(O)CO)=CC4)=CC=C(C2)CCOC5=CC=C(N6CCOCC6)C=C5,MACCS,0.72,C[C@@H](CO)N1C[C@@H](C)[C@H](CN(C)C(=O)CC2CC2)Oc3ncc(cc3C1=O)c4ccccc4C
483,AKT2,0.75,O1C(=NC=2C1=CC=CC2)NC3=CC=C(C=4C=5C(=C(O)NC5)C=C(OCCCN(C)C)C4)C=C3,MACCS,0.73,C[C@@H](CO)N1C[C@@H](C)[C@@H](CN(C)Cc2ccncc2)Oc3ccc(NC(=O)Nc4cccc5ccccc45)cc3C1=O
484,AKT2,0.89,S1C2=C(C(OC3=CC=C(C(F)(F)F)C=C3)=CN=C2)C=C1C=4OC(=NN4)C,MACCS,0.65,Fc1ccc(cc1)C(=O)OCc1ccc(CSc2nnc(o2)-c2cccc3ccccc23)cc1
485,AKT2,0.86,C=1C(C(NCC2=CC=CC=C2S(N)(=O)=O)=O)=NC(=C(C#N)C1N)OCC,MACCS,0.63,CCS(=O)(=O)NCC[C@@H]1CC[C@@H](NC(=O)C2CCCCC2)[C@H](CO)O1
486,AKT2,0.84,O=C1NC=2C(NC=3C1=CC=C(C3)C=4C=C(OC)C(OCC(O)CO)=CC4)=CC=C(C2)CCOC5=CC=C(N6CCOCC6)C=C5,MACCS,0.77,COc1cccc(CNC(=O)C[C@@H]2CC[C@@H]3[C@@H](COc4ccc(NC(=O)c5cccs5)cc4C(=O)N3C)O2)c1
487,AKT2,0.83,C1=CC=C2C(=C1)C=CC(N3C(=NN=C3C=4C=CN=CC4)S)=C2,MACCS,0.80,Cn1nnnc1Sc2ncnc3scc(c4cccc5ccccc45)c23
488,AKT2,0.89,S1C2=C(C(OC3=CC=C(C(F)(F)F)C=C3)=CN=C2)C=C1C=4OC(=NN4)C,MACCS,0.65,Fc1ccc(cc1)C(=O)OCc1ccc(CSc2nnc(o2)-c2cccc3ccccc23)cc1
489,AKT2,0.89,S1C2=C(C(OC3=CC=C(C(F)(F)F)C=C3)=CN=C2)C=C1C=4OC(=NN4)C,MACCS,0.65,Fc1ccc(cc1)C(=O)OCc1ccc(CSc2nnc(o2)-c2cccc3ccccc23)cc1
490,AKT2,0.83,C1=CC=C2C(=C1)C=CC(N3C(=NN=C3C=4C=CN=CC4)S)=C2,MACCS,0.80,Cn1nnnc1Sc2ncnc3scc(c4cccc5ccccc45)c23
491,AKT2,0.00,BrC1=CC=2C(=NNC2C=C1)C3=CC=CC=C3,MACCS,0.76,Brc1c(Br)c(Br)c2[nH]nnc2c1Br
492,AKT2,0.89,S1C2=C(C(OC3=CC=C(C(F)(F)F)C=C3)=CN=C2)C=C1C=4OC(=NN4)C,MACCS,0.65,Fc1ccc(cc1)C(=O)OCc1ccc(CSc2nnc(o2)-c2cccc3ccccc23)cc1
493,AKT2,0.89,S1C2=C(C(OC3=CC=C(C(F)(F)F)C=C3)=CN=C2)C=C1C=4OC(=NN4)C,MACCS,0.65,Fc1ccc(cc1)C(=O)OCc1ccc(CSc2nnc(o2)-c2cccc3ccccc23)cc1
494,AKT2,0.89,S1C2=C(C(OC3=CC=C(C(F)(F)F)C=C3)=CN=C2)C=C1C=4OC(=NN4)C,MACCS,0.65,Fc1ccc(cc1)C(=O)OCc1ccc(CSc2nnc(o2)-c2cccc3ccccc23)cc1
495,AKT2,0.89,S1C2=C(C(OC3=CC=C(C(F)(F)F)C=C3)=CN=C2)C=C1C=4OC(=NN4)C,MACCS,0.65,Fc1ccc(cc1)C(=O)OCc1ccc(CSc2nnc(o2)-c2cccc3ccccc23)cc1
496,AKT2,0.90,N=1C=NC(=C2[C@@H](C[C@@H](O)C12)C)N3CCN(C([C@H](CNC4CCOCC4)C5=CC(=C(Cl)C=C5)F)=O)CC3,MACCS,0.77,CCCNC(=O)[C@@H]1[C@@H](CO)[C@@H]2Cn3c(ccc(-c4cccnc4)c3=O)[C@@H]2N1C(=O)c1ccccc1F
497,AKT2,0.89,S1C2=C(C(OC3=CC=C(C(F)(F)F)C=C3)=CN=C2)C=C1C=4OC(=NN4)C,MACCS,0.65,Fc1ccc(cc1)C(=O)OCc1ccc(CSc2nnc(o2)-c2cccc3ccccc23)cc1
498,AKT2,0.89,S1C2=C(C(OC3=CC=C(C(F)(F)F)C=C3)=CN=C2)C=C1C=4OC(=NN4)C,MACCS,0.65,Fc1ccc(cc1)C(=O)OCc1ccc(CSc2nnc(o2)-c2cccc3ccccc23)cc1
499,AKT2,0.89,S1C2=C(C(OC3=CC=C(C(F)(F)F)C=C3)=CN=C2)C=C1C=4OC(=NN4)C,MACCS,0.65,Fc1ccc(cc1)C(=O)OCc1ccc(CSc2nnc(o2)-c2cccc3ccccc23)cc1
500,AKT2,0.83,S1C=2N=CN=C(N)C2C(C3=CC=C(NC(=O)NC4=CC=CC=C4)C=C3)=C1,Morgan,0.28,Cn1nnnc1Sc2ncnc3scc(c4cccc5ccccc45)c23
501,AKT2,0.89,O=C(O)C=1N(C=2C(C1C=3C(=CC=CC3)C)=CC=CC2)CCCOC=4C=5C(C=CC4)=CC=CC5,Morgan,0.29,Fc1ccc(cc1)C(=O)OCc1ccc(CSc2nnc(o2)-c2cccc3ccccc23)cc1
502,AKT2,0.81,S(=O)(=O)(NC=1C=C2N=C(C(=NC2=CC1)C)C)C3=CC=C(N)C=C3,Morgan,0.44,Cc1noc(NS(=O)(=O)c2ccc(N)cc2)c1C
503,AKT2,0.86,O=C1N(C=2C(N(C1CC)C3CCCC3)=NC(=NC2)NC4=C(OC)C=C(C=C4)C(=O)NC5CCCCC5)C,Morgan,0.17,CCS(=O)(=O)NCC[C@@H]1CC[C@@H](NC(=O)C2CCCCC2)[C@H](CO)O1
504,AKT2,0.83,O=C1C(NC(C2=CC=CC=C2)C)C(=NC=3C=CN=CC3)C1=O,Morgan,0.27,Cc1noc(C)c1C(c2ccccc2)S(=O)(=O)c3ccc(C)cc3
505,AKT2,0.89,O=C(O)C=1N(C=2C(C1C=3C(=CC=CC3)C)=CC=CC2)CCCOC=4C=5C(C=CC4)=CC=CC5,Morgan,0.29,Fc1ccc(cc1)C(=O)OCc1ccc(CSc2nnc(o2)-c2cccc3ccccc23)cc1
506,AKT2,0.89,O=C(O)C=1N(C=2C(C1C=3C(=CC=CC3)C)=CC=CC2)CCCOC=4C=5C(C=CC4)=CC=CC5,Morgan,0.29,Fc1ccc(cc1)C(=O)OCc1ccc(CSc2nnc(o2)-c2cccc3ccccc23)cc1
507,AKT2,0.89,O=C(O)C=1N(C=2C(C1C=3C(=CC=CC3)C)=CC=CC2)CCCOC=4C=5C(C=CC4)=CC=CC5,Morgan,0.29,Fc1ccc(cc1)C(=O)OCc1ccc(CSc2nnc(o2)-c2cccc3ccccc23)cc1
508,AKT2,0.83,C1CCC(C(=O)N(C2=CC=C3C(N=C(N3C)NC(C=4C=CC(=CC4)C#N)=O)=C2)C)CC1,Morgan,0.22,CO[C@@H]1CN(C)C(=O)c2cc(NC(=O)C3CCCCC3)ccc2OC[C@@H](C)NC[C@@H]1C
509,AKT2,0.86,O=C1N(C=2C(N(C1CC)C3CCCC3)=NC(=NC2)NC4=C(OC)C=C(C=C4)C(=O)NC5CCCCC5)C,Morgan,0.17,CCS(=O)(=O)NCC[C@@H]1CC[C@@H](NC(=O)C2CCCCC2)[C@H](CO)O1
510,AKT2,0.89,O=C(O)C=1N(C=2C(C1C=3C(=CC=CC3)C)=CC=CC2)CCCOC=4C=5C(C=CC4)=CC=CC5,Morgan,0.29,Fc1ccc(cc1)C(=O)OCc1ccc(CSc2nnc(o2)-c2cccc3ccccc23)cc1
511,AKT2,0.81,C=1(C(=CC=CC1F)F)C(N2N=C(NC=3C=CC(=CC3)S(=O)(N)=O)N=C2N)=O,Morgan,0.36,Nc1cc(Nc2ccc(cc2)S(=O)(=O)N)ncn1
512,AKT2,0.89,O=C(O)C=1N(C=2C(C1C=3C(=CC=CC3)C)=CC=CC2)CCCOC=4C=5C(C=CC4)=CC=CC5,Morgan,0.29,Fc1ccc(cc1)C(=O)OCc1ccc(CSc2nnc(o2)-c2cccc3ccccc23)cc1
513,AKT2,0.86,O=C1N(C=2C(N(C1CC)C3CCCC3)=NC(=NC2)NC4=C(OC)C=C(C=C4)C(=O)NC5CCCCC5)C,Morgan,0.17,CCS(=O)(=O)NCC[C@@H]1CC[C@@H](NC(=O)C2CCCCC2)[C@H](CO)O1
514,AKT2,0.89,O=C(O)C=1N(C=2C(C1C=3C(=CC=CC3)C)=CC=CC2)CCCOC=4C=5C(C=CC4)=CC=CC5,Morgan,0.29,Fc1ccc(cc1)C(=O)OCc1ccc(CSc2nnc(o2)-c2cccc3ccccc23)cc1
515,AKT2,0.85,O=C1C(=NC=2C=CN=CC2)C(NC(C3CCCCC3)C)C1=O,Morgan,0.16,C[C@@H](CO)N1C[C@@H](C)[C@@H](CN(C)CC2CC2)OCCCC[C@@H](C)Oc3ccc(NS(=O)(=O)C)cc3C1=O
516,AKT2,0.00,C=1(C(=C(C=C(C1Br)Br)/C=C/C(=O)O)Br)Br,Morgan,0.23,Brc1c(Br)c(Br)c2[nH]nnc2c1Br
517,AKT2,0.86,S1C=2N(C=3C(C(=O)C2C(=O)O)=CC(F)=C(N4CC(N)CC4)C3F)C(C1)C,Morgan,0.32,COc1c(N2CCNC(C)C2)c(F)cc2c1n(cc(C(O)=O)c2=O)C1CC1
518,AKT2,0.86,O=C1N(C=2C(N(C1CC)C3CCCC3)=NC(=NC2)NC4=C(OC)C=C(C=C4)C(=O)NC5CCCCC5)C,Morgan,0.17,CCS(=O)(=O)NCC[C@@H]1CC[C@@H](NC(=O)C2CCCCC2)[C@H](CO)O1
519,AKT2,0.86,O=C1N(C=2C(N(C1CC)C3CCCC3)=NC(=NC2)NC4=C(OC)C=C(C=C4)C(=O)NC5CCCCC5)C,Morgan,0.17,CCS(=O)(=O)NCC[C@@H]1CC[C@@H](NC(=O)C2CCCCC2)[C@H](CO)O1
520,AKT2,0.89,O=C(O)C=1N(C=2C(C1C=3C(=CC=CC3)C)=CC=CC2)CCCOC=4C=5C(C=CC4)=CC=CC5,Morgan,0.29,Fc1ccc(cc1)C(=O)OCc1ccc(CSc2nnc(o2)-c2cccc3ccccc23)cc1
521,AKT2,0.86,S1C=2N(C=3C(C(=O)C2C(=O)O)=CC(F)=C(N4CC(N)CC4)C3F)C(C1)C,Morgan,0.32,COc1c(N2CCNC(C)C2)c(F)cc2c1n(cc(C(O)=O)c2=O)C1CC1
522,AKT2,0.86,O=C1N(C=2C(N(C1CC)C3CCCC3)=NC(=NC2)NC4=C(OC)C=C(C=C4)C(=O)NC5CCCCC5)C,Morgan,0.17,CCS(=O)(=O)NCC[C@@H]1CC[C@@H](NC(=O)C2CCCCC2)[C@H](CO)O1
523,AKT2,0.00,C=1(C(=C(C=C(C1Br)Br)/C=C/C(=O)O)Br)Br,Morgan,0.23,Brc1c(Br)c(Br)c2[nH]nnc2c1Br
524,AKT2,0.86,S1C=2N(C=3C(C(=O)C2C(=O)O)=CC(F)=C(N4CC(N)CC4)C3F)C(C1)C,Morgan,0.32,COc1c(N2CCNC(C)C2)c(F)cc2c1n(cc(C(O)=O)c2=O)C1CC1
525,AKT2,0.88,O=C(NC=1C=C2C(C3=CC=CC=C3)=CNC2=NC1)C=4C=CC(OC)=CC4,Morgan,0.28,COc1ccc(cc1)C2(CC2)C(=O)N3CCC(CC3)n4nc(oc4=O)c5ccccc5
526,AKT2,0.83,S1C=2N=CN=C(N)C2C(C3=CC=C(NC(=O)NC4=CC=CC=C4)C=C3)=C1,Morgan,0.28,Cn1nnnc1Sc2ncnc3scc(c4cccc5ccccc45)c23
527,AKT2,0.00,C=1(C(=C(C=C(C1Br)Br)/C=C/C(=O)O)Br)Br,Morgan,0.23,Brc1c(Br)c(Br)c2[nH]nnc2c1Br
528,AKT2,0.89,O=C(O)C=1N(C=2C(C1C=3C(=CC=CC3)C)=CC=CC2)CCCOC=4C=5C(C=CC4)=CC=CC5,Morgan,0.29,Fc1ccc(cc1)C(=O)OCc1ccc(CSc2nnc(o2)-c2cccc3ccccc23)cc1
529,AKT2,0.89,O=C(O)C=1N(C=2C(C1C=3C(=CC=CC3)C)=CC=CC2)CCCOC=4C=5C(C=CC4)=CC=CC5,Morgan,0.29,Fc1ccc(cc1)C(=O)OCc1ccc(CSc2nnc(o2)-c2cccc3ccccc23)cc1
530,AKT2,0.83,S1C=2N=CN=C(N)C2C(C3=CC=C(NC(=O)NC4=CC=CC=C4)C=C3)=C1,Morgan,0.28,Cn1nnnc1Sc2ncnc3scc(c4cccc5ccccc45)c23
531,AKT2,0.86,O=C1N(C=2C(N(C1CC)C3CCCC3)=NC(=NC2)NC4=C(OC)C=C(C=C4)C(=O)NC5CCCCC5)C,Morgan,0.17,CCS(=O)(=O)NCC[C@@H]1CC[C@@H](NC(=O)C2CCCCC2)[C@H](CO)O1
532,AKT2,0.89,O=C(O)C=1N(C=2C(C1C=3C(=CC=CC3)C)=CC=CC2)CCCOC=4C=5C(C=CC4)=CC=CC5,Morgan,0.29,Fc1ccc(cc1)C(=O)OCc1ccc(CSc2nnc(o2)-c2cccc3ccccc23)cc1
533,AKT2,0.86,O=C1N(C=2C(N(C1CC)C3CCCC3)=NC(=NC2)NC4=C(OC)C=C(C=C4)C(=O)NC5CCCCC5)C,Morgan,0.17,CCS(=O)(=O)NCC[C@@H]1CC[C@@H](NC(=O)C2CCCCC2)[C@H](CO)O1
534,AKT2,0.89,O=C(O)C=1N(C=2C(C1C=3C(=CC=CC3)C)=CC=CC2)CCCOC=4C=5C(C=CC4)=CC=CC5,Morgan,0.29,Fc1ccc(cc1)C(=O)OCc1ccc(CSc2nnc(o2)-c2cccc3ccccc23)cc1
535,AKT2,0.83,S1C=2N=CN=C(N)C2C(C3=CC=C(NC(=O)NC4=CC=CC=C4)C=C3)=C1,Morgan,0.28,Cn1nnnc1Sc2ncnc3scc(c4cccc5ccccc45)c23
536,AKT2,0.89,O=C(O)C=1N(C=2C(C1C=3C(=CC=CC3)C)=CC=CC2)CCCOC=4C=5C(C=CC4)=CC=CC5,Morgan,0.29,Fc1ccc(cc1)C(=O)OCc1ccc(CSc2nnc(o2)-c2cccc3ccccc23)cc1
537,AKT2,0.89,O=C(O)C=1N(C=2C(C1C=3C(=CC=CC3)C)=CC=CC2)CCCOC=4C=5C(C=CC4)=CC=CC5,Morgan,0.29,Fc1ccc(cc1)C(=O)OCc1ccc(CSc2nnc(o2)-c2cccc3ccccc23)cc1
538,AKT2,0.89,O=C(O)C=1N(C=2C(C1C=3C(=CC=CC3)C)=CC=CC2)CCCOC=4C=5C(C=CC4)=CC=CC5,Morgan,0.29,Fc1ccc(cc1)C(=O)OCc1ccc(CSc2nnc(o2)-c2cccc3ccccc23)cc1
539,AKT2,0.81,S(=O)(=O)(NC=1C=C2N=C(C(=NC2=CC1)C)C)C3=CC=C(N)C=C3,Morgan,0.44,Cc1noc(NS(=O)(=O)c2ccc(N)cc2)c1C
540,AKT2,0.00,C=1(C(=C(C=C(C1Br)Br)/C=C/C(=O)O)Br)Br,Morgan,0.23,Brc1c(Br)c(Br)c2[nH]nnc2c1Br
541,AKT2,0.83,S1C=2N=CN=C(N)C2C(C3=CC=C(NC(=O)NC4=CC=CC=C4)C=C3)=C1,Morgan,0.28,Cn1nnnc1Sc2ncnc3scc(c4cccc5ccccc45)c23
542,AKT2,0.83,O=C1C(NC(C2=CC=CC=C2)C)C(=NC=3C=CN=CC3)C1=O,Morgan,0.27,Cc1noc(C)c1C(c2ccccc2)S(=O)(=O)c3ccc(C)cc3
543,AKT2,0.83,O=C1C(NC(C2=CC=CC=C2)C)C(=NC=3C=CN=CC3)C1=O,Morgan,0.27,Cc1noc(C)c1C(c2ccccc2)S(=O)(=O)c3ccc(C)cc3
544,AKT2,0.85,S=C(NNC(=O)C(O)(C1=CC=CC=C1)C2=CC=CC=C2)NC=3C=CC(F)=CC3,Morgan,0.35,OC(c1cnc2ccccn12)(c1ccccc1)c1ccccc1
545,AKT2,0.89,O=C(O)C=1N(C=2C(C1C=3C(=CC=CC3)C)=CC=CC2)CCCOC=4C=5C(C=CC4)=CC=CC5,Morgan,0.29,Fc1ccc(cc1)C(=O)OCc1ccc(CSc2nnc(o2)-c2cccc3ccccc23)cc1
546,AKT2,0.75,O=C(NC=1N(N=C(C1)C(C)(C)C)C=2C=C(C=CC2)C(=O)NCC#N)NC=3C=4C(C=CC3)=CC=CC4,Morgan,0.33,C[C@@H](CO)N1C[C@@H](C)[C@@H](CN(C)Cc2ccncc2)Oc3ccc(NC(=O)Nc4cccc5ccccc45)cc3C1=O
547,AKT2,0.89,O=C(O)C=1N(C=2C(C1C=3C(=CC=CC3)C)=CC=CC2)CCCOC=4C=5C(C=CC4)=CC=CC5,Morgan,0.29,Fc1ccc(cc1)C(=O)OCc1ccc(CSc2nnc(o2)-c2cccc3ccccc23)cc1
548,AKT2,0.86,O=C1N(C=2C(N(C1CC)C3CCCC3)=NC(=NC2)NC4=C(OC)C=C(C=C4)C(=O)NC5CCCCC5)C,Morgan,0.17,CCS(=O)(=O)NCC[C@@H]1CC[C@@H](NC(=O)C2CCCCC2)[C@H](CO)O1
549,AKT2,0.83,S1C=2N=CN=C(N)C2C(C3=CC=C(NC(=O)NC4=CC=CC=C4)C=C3)=C1,Morgan,0.28,Cn1nnnc1Sc2ncnc3scc(c4cccc5ccccc45)c23
550,AKT2,0.89,O=C(O)C=1N(C=2C(C1C=3C(=CC=CC3)C)=CC=CC2)CCCOC=4C=5C(C=CC4)=CC=CC5,Morgan,0.29,Fc1ccc(cc1)C(=O)OCc1ccc(CSc2nnc(o2)-c2cccc3ccccc23)cc1
551,AKT2,0.85,O=C1C(=NC=2C=CN=CC2)C(NC(C3CCCCC3)C)C1=O,Morgan,0.16,C[C@@H](CO)N1C[C@@H](C)[C@@H](CN(C)CC2CC2)OCCCC[C@@H](C)Oc3ccc(NS(=O)(=O)C)cc3C1=O
552,AKT2,0.89,O=C(O)C=1N(C=2C(C1C=3C(=CC=CC3)C)=CC=CC2)CCCOC=4C=5C(C=CC4)=CC=CC5,Morgan,0.29,Fc1ccc(cc1)C(=O)OCc1ccc(CSc2nnc(o2)-c2cccc3ccccc23)cc1
553,AKT2,0.89,O=C(O)C=1N(C=2C(C1C=3C(=CC=CC3)C)=CC=CC2)CCCOC=4C=5C(C=CC4)=CC=CC5,Morgan,0.29,Fc1ccc(cc1)C(=O)OCc1ccc(CSc2nnc(o2)-c2cccc3ccccc23)cc1
554,AKT2,0.89,O=C(O)C=1N(C=2C(C1C=3C(=CC=CC3)C)=CC=CC2)CCCOC=4C=5C(C=CC4)=CC=CC5,Morgan,0.29,Fc1ccc(cc1)C(=O)OCc1ccc(CSc2nnc(o2)-c2cccc3ccccc23)cc1
555,AKT2,0.86,S1C=2N(C=3C(C(=O)C2C(=O)O)=CC(F)=C(N4CC(N)CC4)C3F)C(C1)C,Morgan,0.32,COc1c(N2CCNC(C)C2)c(F)cc2c1n(cc(C(O)=O)c2=O)C1CC1
556,AKT2,0.89,O=C(O)C=1N(C=2C(C1C=3C(=CC=CC3)C)=CC=CC2)CCCOC=4C=5C(C=CC4)=CC=CC5,Morgan,0.29,Fc1ccc(cc1)C(=O)OCc1ccc(CSc2nnc(o2)-c2cccc3ccccc23)cc1
557,AKT2,0.86,O=C1N(C=2C(N(C1CC)C3CCCC3)=NC(=NC2)NC4=C(OC)C=C(C=C4)C(=O)NC5CCCCC5)C,Morgan,0.17,CCS(=O)(=O)NCC[C@@H]1CC[C@@H](NC(=O)C2CCCCC2)[C@H](CO)O1
558,AKT2,0.86,O=C1N(C=2C(N(C1CC)C3CCCC3)=NC(=NC2)NC4=C(OC)C=C(C=C4)C(=O)NC5CCCCC5)C,Morgan,0.17,CCS(=O)(=O)NCC[C@@H]1CC[C@@H](NC(=O)C2CCCCC2)[C@H](CO)O1
559,AKT2,0.86,O=C1N(C=2C(N(C1CC)C3CCCC3)=NC(=NC2)NC4=C(OC)C=C(C=C4)C(=O)NC5CCCCC5)C,Morgan,0.17,CCS(=O)(=O)NCC[C@@H]1CC[C@@H](NC(=O)C2CCCCC2)[C@H](CO)O1
560,AKT2,0.86,O=C1N(C=2C(N(C1CC)C3CCCC3)=NC(=NC2)NC4=C(OC)C=C(C=C4)C(=O)NC5CCCCC5)C,Morgan,0.17,CCS(=O)(=O)NCC[C@@H]1CC[C@@H](NC(=O)C2CCCCC2)[C@H](CO)O1
561,AKT2,0.86,O=C1N(C=2C(N(C1CC)C3CCCC3)=NC(=NC2)NC4=C(OC)C=C(C=C4)C(=O)NC5CCCCC5)C,Morgan,0.17,CCS(=O)(=O)NCC[C@@H]1CC[C@@H](NC(=O)C2CCCCC2)[C@H](CO)O1
562,AKT2,0.89,O=C(O)C=1N(C=2C(C1C=3C(=CC=CC3)C)=CC=CC2)CCCOC=4C=5C(C=CC4)=CC=CC5,Morgan,0.29,Fc1ccc(cc1)C(=O)OCc1ccc(CSc2nnc(o2)-c2cccc3ccccc23)cc1
563,AKT2,0.88,O=C(NC=1C=C2C(C3=CC=CC=C3)=CNC2=NC1)C=4C=CC(OC)=CC4,Morgan,0.28,COc1ccc(cc1)C2(CC2)C(=O)N3CCC(CC3)n4nc(oc4=O)c5ccccc5
564,AKT2,0.89,O=C(O)C=1N(C=2C(C1C=3C(=CC=CC3)C)=CC=CC2)CCCOC=4C=5C(C=CC4)=CC=CC5,Morgan,0.29,Fc1ccc(cc1)C(=O)OCc1ccc(CSc2nnc(o2)-c2cccc3ccccc23)cc1
565,AKT2,0.00,C=1(C(=C(C=C(C1Br)Br)/C=C/C(=O)O)Br)Br,Morgan,0.23,Brc1c(Br)c(Br)c2[nH]nnc2c1Br
566,AKT2,0.85,O=C1C(=NC=2C=CN=CC2)C(NC(C3CCCCC3)C)C1=O,Morgan,0.16,C[C@@H](CO)N1C[C@@H](C)[C@@H](CN(C)CC2CC2)OCCCC[C@@H](C)Oc3ccc(NS(=O)(=O)C)cc3C1=O
567,AKT2,0.89,O=C(O)C=1N(C=2C(C1C=3C(=CC=CC3)C)=CC=CC2)CCCOC=4C=5C(C=CC4)=CC=CC5,Morgan,0.29,Fc1ccc(cc1)C(=O)OCc1ccc(CSc2nnc(o2)-c2cccc3ccccc23)cc1
568,AKT2,0.00,C=1(C(=C(C=C(C1Br)Br)/C=C/C(=O)O)Br)Br,Morgan,0.23,Brc1c(Br)c(Br)c2[nH]nnc2c1Br
569,AKT2,0.00,C=1(C(=C(C=C(C1Br)Br)/C=C/C(=O)O)Br)Br,Morgan,0.23,Brc1c(Br)c(Br)c2[nH]nnc2c1Br
570,AKT2,0.86,O=C1N(C=2C(N(C1CC)C3CCCC3)=NC(=NC2)NC4=C(OC)C=C(C=C4)C(=O)NC5CCCCC5)C,Morgan,0.17,CCS(=O)(=O)NCC[C@@H]1CC[C@@H](NC(=O)C2CCCCC2)[C@H](CO)O1
571,AKT2,0.84,S1C2=NNC(=C2C=C1C(=O)NCC3=CC(OC)=CC=C3)C4=CC=CC=C4,Morgan,0.30,COc1cccc(CNC(=O)C[C@@H]2CC[C@@H]3[C@@H](COc4ccc(NC(=O)c5cccs5)cc4C(=O)N3C)O2)c1
572,AKT2,0.83,S1C=2N=CN=C(N)C2C(C3=CC=C(NC(=O)NC4=CC=CC=C4)C=C3)=C1,Morgan,0.28,Cn1nnnc1Sc2ncnc3scc(c4cccc5ccccc45)c23
573,AKT2,0.89,O=C(O)C=1N(C=2C(C1C=3C(=CC=CC3)C)=CC=CC2)CCCOC=4C=5C(C=CC4)=CC=CC5,Morgan,0.29,Fc1ccc(cc1)C(=O)OCc1ccc(CSc2nnc(o2)-c2cccc3ccccc23)cc1
574,AKT2,0.88,O=C(NC=1C=C2C(C3=CC=CC=C3)=CNC2=NC1)C=4C=CC(OC)=CC4,Morgan,0.28,COc1ccc(cc1)C2(CC2)C(=O)N3CCC(CC3)n4nc(oc4=O)c5ccccc5
575,AKT2,0.86,S1C=2N(C=3C(C(=O)C2C(=O)O)=CC(F)=C(N4CC(N)CC4)C3F)C(C1)C,Morgan,0.32,COc1c(N2CCNC(C)C2)c(F)cc2c1n(cc(C(O)=O)c2=O)C1CC1
576,AKT2,0.89,O=C(O)C=1N(C=2C(C1C=3C(=CC=CC3)C)=CC=CC2)CCCOC=4C=5C(C=CC4)=CC=CC5,Morgan,0.29,Fc1ccc(cc1)C(=O)OCc1ccc(CSc2nnc(o2)-c2cccc3ccccc23)cc1
577,AKT2,0.89,O=C(O)C=1N(C=2C(C1C=3C(=CC=CC3)C)=CC=CC2)CCCOC=4C=5C(C=CC4)=CC=CC5,Morgan,0.29,Fc1ccc(cc1)C(=O)OCc1ccc(CSc2nnc(o2)-c2cccc3ccccc23)cc1
578,AKT2,0.86,O=C1N(C=2C(N(C1CC)C3CCCC3)=NC(=NC2)NC4=C(OC)C=C(C=C4)C(=O)NC5CCCCC5)C,Morgan,0.17,CCS(=O)(=O)NCC[C@@H]1CC[C@@H](NC(=O)C2CCCCC2)[C@H](CO)O1
579,AKT2,0.89,O=C(O)C=1N(C=2C(C1C=3C(=CC=CC3)C)=CC=CC2)CCCOC=4C=5C(C=CC4)=CC=CC5,Morgan,0.29,Fc1ccc(cc1)C(=O)OCc1ccc(CSc2nnc(o2)-c2cccc3ccccc23)cc1
580,AKT2,0.89,O=C(O)C=1N(C=2C(C1C=3C(=CC=CC3)C)=CC=CC2)CCCOC=4C=5C(C=CC4)=CC=CC5,Morgan,0.29,Fc1ccc(cc1)C(=O)OCc1ccc(CSc2nnc(o2)-c2cccc3ccccc23)cc1
581,AKT2,0.00,C=1(C(=C(C=C(C1Br)Br)/C=C/C(=O)O)Br)Br,Morgan,0.23,Brc1c(Br)c(Br)c2[nH]nnc2c1Br
582,AKT2,0.84,OC(=O)C=1NC2=C(C1CCCOC=3C(=C(C=C(C3)C)C)C)C=CC=C2C4=C(C=CC=C4)C,Morgan,0.21,C[C@@H](CO)N1C[C@@H](C)[C@H](CN(C)C(=O)CC2CC2)Oc3ncc(cc3C1=O)c4ccccc4C
583,AKT2,0.75,O=C(NC=1N(N=C(C1)C(C)(C)C)C=2C=C(C=CC2)C(=O)NCC#N)NC=3C=4C(C=CC3)=CC=CC4,Morgan,0.33,C[C@@H](CO)N1C[C@@H](C)[C@@H](CN(C)Cc2ccncc2)Oc3ccc(NC(=O)Nc4cccc5ccccc45)cc3C1=O
584,AKT2,0.89,O=C(O)C=1N(C=2C(C1C=3C(=CC=CC3)C)=CC=CC2)CCCOC=4C=5C(C=CC4)=CC=CC5,Morgan,0.29,Fc1ccc(cc1)C(=O)OCc1ccc(CSc2nnc(o2)-c2cccc3ccccc23)cc1
585,AKT2,0.86,O=C1N(C=2C(N(C1CC)C3CCCC3)=NC(=NC2)NC4=C(OC)C=C(C=C4)C(=O)NC5CCCCC5)C,Morgan,0.17,CCS(=O)(=O)NCC[C@@H]1CC[C@@H](NC(=O)C2CCCCC2)[C@H](CO)O1
586,AKT2,0.84,S1C2=NNC(=C2C=C1C(=O)NCC3=CC(OC)=CC=C3)C4=CC=CC=C4,Morgan,0.30,COc1cccc(CNC(=O)C[C@@H]2CC[C@@H]3[C@@H](COc4ccc(NC(=O)c5cccs5)cc4C(=O)N3C)O2)c1
587,AKT2,0.83,S1C=2N=CN=C(N)C2C(C3=CC=C(NC(=O)NC4=CC=CC=C4)C=C3)=C1,Morgan,0.28,Cn1nnnc1Sc2ncnc3scc(c4cccc5ccccc45)c23
588,AKT2,0.89,O=C(O)C=1N(C=2C(C1C=3C(=CC=CC3)C)=CC=CC2)CCCOC=4C=5C(C=CC4)=CC=CC5,Morgan,0.29,Fc1ccc(cc1)C(=O)OCc1ccc(CSc2nnc(o2)-c2cccc3ccccc23)cc1
589,AKT2,0.89,O=C(O)C=1N(C=2C(C1C=3C(=CC=CC3)C)=CC=CC2)CCCOC=4C=5C(C=CC4)=CC=CC5,Morgan,0.29,Fc1ccc(cc1)C(=O)OCc1ccc(CSc2nnc(o2)-c2cccc3ccccc23)cc1
590,AKT2,0.83,S1C=2N=CN=C(N)C2C(C3=CC=C(NC(=O)NC4=CC=CC=C4)C=C3)=C1,Morgan,0.28,Cn1nnnc1Sc2ncnc3scc(c4cccc5ccccc45)c23
591,AKT2,0.00,C=1(C(=C(C=C(C1Br)Br)/C=C/C(=O)O)Br)Br,Morgan,0.23,Brc1c(Br)c(Br)c2[nH]nnc2c1Br
592,AKT2,0.89,O=C(O)C=1N(C=2C(C1C=3C(=CC=CC3)C)=CC=CC2)CCCOC=4C=5C(C=CC4)=CC=CC5,Morgan,0.29,Fc1ccc(cc1)C(=O)OCc1ccc(CSc2nnc(o2)-c2cccc3ccccc23)cc1
593,AKT2,0.89,O=C(O)C=1N(C=2C(C1C=3C(=CC=CC3)C)=CC=CC2)CCCOC=4C=5C(C=CC4)=CC=CC5,Morgan,0.29,Fc1ccc(cc1)C(=O)OCc1ccc(CSc2nnc(o2)-c2cccc3ccccc23)cc1
594,AKT2,0.89,O=C(O)C=1N(C=2C(C1C=3C(=CC=CC3)C)=CC=CC2)CCCOC=4C=5C(C=CC4)=CC=CC5,Morgan,0.29,Fc1ccc(cc1)C(=O)OCc1ccc(CSc2nnc(o2)-c2cccc3ccccc23)cc1
595,AKT2,0.89,O=C(O)C=1N(C=2C(C1C=3C(=CC=CC3)C)=CC=CC2)CCCOC=4C=5C(C=CC4)=CC=CC5,Morgan,0.29,Fc1ccc(cc1)C(=O)OCc1ccc(CSc2nnc(o2)-c2cccc3ccccc23)cc1
596,AKT2,0.90,FC=1C(C(=O)NC(CC2=CC=CC=C2)CO)=CC=C(C1)C=3C=CN=CC3,Morgan,0.23,CCCNC(=O)[C@@H]1[C@@H](CO)[C@@H]2Cn3c(ccc(-c4cccnc4)c3=O)[C@@H]2N1C(=O)c1ccccc1F
597,AKT2,0.89,O=C(O)C=1N(C=2C(C1C=3C(=CC=CC3)C)=CC=CC2)CCCOC=4C=5C(C=CC4)=CC=CC5,Morgan,0.29,Fc1ccc(cc1)C(=O)OCc1ccc(CSc2nnc(o2)-c2cccc3ccccc23)cc1
598,AKT2,0.89,O=C(O)C=1N(C=2C(C1C=3C(=CC=CC3)C)=CC=CC2)CCCOC=4C=5C(C=CC4)=CC=CC5,Morgan,0.29,Fc1ccc(cc1)C(=O)OCc1ccc(CSc2nnc(o2)-c2cccc3ccccc23)cc1
599,AKT2,0.89,O=C(O)C=1N(C=2C(C1C=3C(=CC=CC3)C)=CC=CC2)CCCOC=4C=5C(C=CC4)=CC=CC5,Morgan,0.29,Fc1ccc(cc1)C(=O)OCc1ccc(CSc2nnc(o2)-c2cccc3ccccc23)cc1
600,AURKB,0.86,S(NC=1C=C2/C(/C(=O)NC2=CC1)=C/C3=C(C=4C(=O)CCCC4N3)CCC(N5CCOCC5)=O)(=O)(=O)C=6C=CC=CC6,Fraggle,0.24,CCS(=O)(=O)NCC[C@@H]1CC[C@@H](NC(=O)C2CCCCC2)[C@H](CO)O1
601,AURKB,0.85,C(=O)(NC=1C=2C(C(=CC1)OCCN3CCOCC3)=CC=CC2)NC4=CC(=NN4C5=CC=C(C=C5)C)C(C)(C)C,Fraggle,0.46,COc1ccc(cc1)C2(CC2)C(=O)N3CCC(CC3)n4nc(oc4=O)c5ccccc5
602,AURKB,0.85,C(=O)(NC=1C=2C(C(=CC1)OCCN3CCOCC3)=CC=CC2)NC4=CC(=NN4C5=CC=C(C=C5)C)C(C)(C)C,Fraggle,0.46,COc1ccc(cc1)C2(CC2)C(=O)N3CCC(CC3)n4nc(oc4=O)c5ccccc5
603,AURKB,0.85,C(=O)(NC=1C=2C(C(=CC1)OCCN3CCOCC3)=CC=CC2)NC4=CC(=NN4C5=CC=C(C=C5)C)C(C)(C)C,Fraggle,0.46,COc1ccc(cc1)C2(CC2)C(=O)N3CCC(CC3)n4nc(oc4=O)c5ccccc5
604,AURKB,0.86,S1C2=C(C(OC3=CC=C(C(F)(F)F)C=C3)=CN=C2)C=C1C=4OC(=NN4)C,Fraggle,0.37,Fc1ccc(cc1)C(=O)OCc1ccc(CSc2nnc(o2)-c2cccc3ccccc23)cc1
605,AURKB,0.86,S1C2=C(C(OC3=CC=C(C(F)(F)F)C=C3)=CN=C2)C=C1C=4OC(=NN4)C,Fraggle,0.37,Fc1ccc(cc1)C(=O)OCc1ccc(CSc2nnc(o2)-c2cccc3ccccc23)cc1
606,AURKB,0.85,C(=O)(NC=1C=2C(C(=CC1)OCCN3CCOCC3)=CC=CC2)NC4=CC(=NN4C5=CC=C(C=C5)C)C(C)(C)C,Fraggle,0.46,COc1ccc(cc1)C2(CC2)C(=O)N3CCC(CC3)n4nc(oc4=O)c5ccccc5
607,AURKB,0.85,C(=O)(NC=1C=2C(C(=CC1)OCCN3CCOCC3)=CC=CC2)NC4=CC(=NN4C5=CC=C(C=C5)C)C(C)(C)C,Fraggle,0.46,COc1ccc(cc1)C2(CC2)C(=O)N3CCC(CC3)n4nc(oc4=O)c5ccccc5
608,AURKB,0.85,C(=O)(NC=1C=2C(C(=CC1)OCCN3CCOCC3)=CC=CC2)NC4=CC(=NN4C5=CC=C(C=C5)C)C(C)(C)C,Fraggle,0.46,COc1ccc(cc1)C2(CC2)C(=O)N3CCC(CC3)n4nc(oc4=O)c5ccccc5
609,AURKB,0.86,S1C2=C(C(OC3=CC=C(C(F)(F)F)C=C3)=CN=C2)C=C1C=4OC(=NN4)C,Fraggle,0.37,Fc1ccc(cc1)C(=O)OCc1ccc(CSc2nnc(o2)-c2cccc3ccccc23)cc1
610,AURKB,0.00,BrC=1C=C2C=3NN=CC3CC2=CC1,Fraggle,0.22,Brc1c(Br)c(Br)c2[nH]nnc2c1Br
611,AURKB,0.85,C(=O)(NC=1C=2C(C(=CC1)OCCN3CCOCC3)=CC=CC2)NC4=CC(=NN4C5=CC=C(C=C5)C)C(C)(C)C,Fraggle,0.46,COc1ccc(cc1)C2(CC2)C(=O)N3CCC(CC3)n4nc(oc4=O)c5ccccc5
612,AURKB,0.85,C(=O)(NC=1C=2C(C(=CC1)OCCN3CCOCC3)=CC=CC2)NC4=CC(=NN4C5=CC=C(C=C5)C)C(C)(C)C,Fraggle,0.46,COc1ccc(cc1)C2(CC2)C(=O)N3CCC(CC3)n4nc(oc4=O)c5ccccc5
613,AURKB,0.85,C(=O)(NC=1C=2C(C(=CC1)OCCN3CCOCC3)=CC=CC2)NC4=CC(=NN4C5=CC=C(C=C5)C)C(C)(C)C,Fraggle,0.46,COc1ccc(cc1)C2(CC2)C(=O)N3CCC(CC3)n4nc(oc4=O)c5ccccc5
614,AURKB,0.86,S(NC=1C=C2/C(/C(=O)NC2=CC1)=C/C3=C(C=4C(=O)CCCC4N3)CCC(N5CCOCC5)=O)(=O)(=O)C=6C=CC=CC6,Fraggle,0.24,CCS(=O)(=O)NCC[C@@H]1CC[C@@H](NC(=O)C2CCCCC2)[C@H](CO)O1
615,AURKB,0.86,S(NC=1C=C2/C(/C(=O)NC2=CC1)=C/C3=C(C=4C(=O)CCCC4N3)CCC(N5CCOCC5)=O)(=O)(=O)C=6C=CC=CC6,Fraggle,0.24,CCS(=O)(=O)NCC[C@@H]1CC[C@@H](NC(=O)C2CCCCC2)[C@H](CO)O1
616,AURKB,0.86,S1C2=C(C(OC3=CC=C(C(F)(F)F)C=C3)=CN=C2)C=C1C=4OC(=NN4)C,Fraggle,0.37,Fc1ccc(cc1)C(=O)OCc1ccc(CSc2nnc(o2)-c2cccc3ccccc23)cc1
617,AURKB,0.86,S(NC=1C=C2/C(/C(=O)NC2=CC1)=C/C3=C(C=4C(=O)CCCC4N3)CCC(N5CCOCC5)=O)(=O)(=O)C=6C=CC=CC6,Fraggle,0.24,CCS(=O)(=O)NCC[C@@H]1CC[C@@H](NC(=O)C2CCCCC2)[C@H](CO)O1
618,AURKB,0.86,S(NC=1C=C2/C(/C(=O)NC2=CC1)=C/C3=C(C=4C(=O)CCCC4N3)CCC(N5CCOCC5)=O)(=O)(=O)C=6C=CC=CC6,Fraggle,0.24,CCS(=O)(=O)NCC[C@@H]1CC[C@@H](NC(=O)C2CCCCC2)[C@H](CO)O1
619,AURKB,0.00,BrC=1C=C2C=3NN=CC3CC2=CC1,Fraggle,0.22,Brc1c(Br)c(Br)c2[nH]nnc2c1Br
620,AURKB,0.85,C(=O)(NC=1C=2C(C(=CC1)OCCN3CCOCC3)=CC=CC2)NC4=CC(=NN4C5=CC=C(C=C5)C)C(C)(C)C,Fraggle,0.46,COc1ccc(cc1)C2(CC2)C(=O)N3CCC(CC3)n4nc(oc4=O)c5ccccc5
621,AURKB,0.86,S1C2=C(C(OC3=CC=C(C(F)(F)F)C=C3)=CN=C2)C=C1C=4OC(=NN4)C,Fraggle,0.37,Fc1ccc(cc1)C(=O)OCc1ccc(CSc2nnc(o2)-c2cccc3ccccc23)cc1
622,AURKB,0.86,S(NC=1C=C2/C(/C(=O)NC2=CC1)=C/C3=C(C=4C(=O)CCCC4N3)CCC(N5CCOCC5)=O)(=O)(=O)C=6C=CC=CC6,Fraggle,0.24,CCS(=O)(=O)NCC[C@@H]1CC[C@@H](NC(=O)C2CCCCC2)[C@H](CO)O1
623,AURKB,0.86,S(NC=1C=C2/C(/C(=O)NC2=CC1)=C/C3=C(C=4C(=O)CCCC4N3)CCC(N5CCOCC5)=O)(=O)(=O)C=6C=CC=CC6,Fraggle,0.24,CCS(=O)(=O)NCC[C@@H]1CC[C@@H](NC(=O)C2CCCCC2)[C@H](CO)O1
624,AURKB,0.86,S(NC=1C=C2/C(/C(=O)NC2=CC1)=C/C3=C(C=4C(=O)CCCC4N3)CCC(N5CCOCC5)=O)(=O)(=O)C=6C=CC=CC6,Fraggle,0.24,CCS(=O)(=O)NCC[C@@H]1CC[C@@H](NC(=O)C2CCCCC2)[C@H](CO)O1
625,AURKB,0.86,S1C2=C(C(OC3=CC=C(C(F)(F)F)C=C3)=CN=C2)C=C1C=4OC(=NN4)C,Fraggle,0.37,Fc1ccc(cc1)C(=O)OCc1ccc(CSc2nnc(o2)-c2cccc3ccccc23)cc1
626,AURKB,0.86,S1C2=C(C(OC3=CC=C(C(F)(F)F)C=C3)=CN=C2)C=C1C=4OC(=NN4)C,Fraggle,0.37,Fc1ccc(cc1)C(=O)OCc1ccc(CSc2nnc(o2)-c2cccc3ccccc23)cc1
627,AURKB,0.85,C(=O)(NC=1C=2C(C(=CC1)OCCN3CCOCC3)=CC=CC2)NC4=CC(=NN4C5=CC=C(C=C5)C)C(C)(C)C,Fraggle,0.46,COc1ccc(cc1)C2(CC2)C(=O)N3CCC(CC3)n4nc(oc4=O)c5ccccc5
628,AURKB,0.85,C(=O)(NC=1C=2C(C(=CC1)OCCN3CCOCC3)=CC=CC2)NC4=CC(=NN4C5=CC=C(C=C5)C)C(C)(C)C,Fraggle,0.46,COc1ccc(cc1)C2(CC2)C(=O)N3CCC(CC3)n4nc(oc4=O)c5ccccc5
629,AURKB,0.85,C(=O)(NC=1C=2C(C(=CC1)OCCN3CCOCC3)=CC=CC2)NC4=CC(=NN4C5=CC=C(C=C5)C)C(C)(C)C,Fraggle,0.46,COc1ccc(cc1)C2(CC2)C(=O)N3CCC(CC3)n4nc(oc4=O)c5ccccc5
630,AURKB,0.86,S1C2=C(C(OC3=CC=C(C(F)(F)F)C=C3)=CN=C2)C=C1C=4OC(=NN4)C,Fraggle,0.37,Fc1ccc(cc1)C(=O)OCc1ccc(CSc2nnc(o2)-c2cccc3ccccc23)cc1
631,AURKB,0.85,C(=O)(NC=1C=2C(C(=CC1)OCCN3CCOCC3)=CC=CC2)NC4=CC(=NN4C5=CC=C(C=C5)C)C(C)(C)C,Fraggle,0.46,COc1ccc(cc1)C2(CC2)C(=O)N3CCC(CC3)n4nc(oc4=O)c5ccccc5
632,AURKB,0.00,BrC=1C=C2C=3NN=CC3CC2=CC1,Fraggle,0.22,Brc1c(Br)c(Br)c2[nH]nnc2c1Br
633,AURKB,0.86,S1C2=C(C(OC3=CC=C(C(F)(F)F)C=C3)=CN=C2)C=C1C=4OC(=NN4)C,Fraggle,0.37,Fc1ccc(cc1)C(=O)OCc1ccc(CSc2nnc(o2)-c2cccc3ccccc23)cc1
634,AURKB,0.85,C(=O)(NC=1C=2C(C(=CC1)OCCN3CCOCC3)=CC=CC2)NC4=CC(=NN4C5=CC=C(C=C5)C)C(C)(C)C,Fraggle,0.46,COc1ccc(cc1)C2(CC2)C(=O)N3CCC(CC3)n4nc(oc4=O)c5ccccc5
635,AURKB,0.00,BrC=1C=C2C=3NN=CC3CC2=CC1,Fraggle,0.22,Brc1c(Br)c(Br)c2[nH]nnc2c1Br
636,AURKB,0.00,BrC=1C=C2C=3NN=CC3CC2=CC1,Fraggle,0.22,Brc1c(Br)c(Br)c2[nH]nnc2c1Br
637,AURKB,0.86,S1C2=C(C(OC3=CC=C(C(F)(F)F)C=C3)=CN=C2)C=C1C=4OC(=NN4)C,Fraggle,0.37,Fc1ccc(cc1)C(=O)OCc1ccc(CSc2nnc(o2)-c2cccc3ccccc23)cc1
638,AURKB,0.86,S1C2=C(C(OC3=CC=C(C(F)(F)F)C=C3)=CN=C2)C=C1C=4OC(=NN4)C,Fraggle,0.37,Fc1ccc(cc1)C(=O)OCc1ccc(CSc2nnc(o2)-c2cccc3ccccc23)cc1
639,AURKB,0.86,S1C2=C(C(OC3=CC=C(C(F)(F)F)C=C3)=CN=C2)C=C1C=4OC(=NN4)C,Fraggle,0.37,Fc1ccc(cc1)C(=O)OCc1ccc(CSc2nnc(o2)-c2cccc3ccccc23)cc1
640,AURKB,0.00,BrC=1C=C2C=3NN=CC3CC2=CC1,Fraggle,0.22,Brc1c(Br)c(Br)c2[nH]nnc2c1Br
641,AURKB,0.85,C(=O)(NC=1C=2C(C(=CC1)OCCN3CCOCC3)=CC=CC2)NC4=CC(=NN4C5=CC=C(C=C5)C)C(C)(C)C,Fraggle,0.46,COc1ccc(cc1)C2(CC2)C(=O)N3CCC(CC3)n4nc(oc4=O)c5ccccc5
642,AURKB,0.86,S1C2=C(C(OC3=CC=C(C(F)(F)F)C=C3)=CN=C2)C=C1C=4OC(=NN4)C,Fraggle,0.37,Fc1ccc(cc1)C(=O)OCc1ccc(CSc2nnc(o2)-c2cccc3ccccc23)cc1
643,AURKB,0.85,C(=O)(NC=1C=2C(C(=CC1)OCCN3CCOCC3)=CC=CC2)NC4=CC(=NN4C5=CC=C(C=C5)C)C(C)(C)C,Fraggle,0.46,COc1ccc(cc1)C2(CC2)C(=O)N3CCC(CC3)n4nc(oc4=O)c5ccccc5
644,AURKB,0.86,S(NC=1C=C2/C(/C(=O)NC2=CC1)=C/C3=C(C=4C(=O)CCCC4N3)CCC(N5CCOCC5)=O)(=O)(=O)C=6C=CC=CC6,Fraggle,0.24,CCS(=O)(=O)NCC[C@@H]1CC[C@@H](NC(=O)C2CCCCC2)[C@H](CO)O1
645,AURKB,0.86,S1C2=C(C(OC3=CC=C(C(F)(F)F)C=C3)=CN=C2)C=C1C=4OC(=NN4)C,Fraggle,0.37,Fc1ccc(cc1)C(=O)OCc1ccc(CSc2nnc(o2)-c2cccc3ccccc23)cc1
646,AURKB,0.86,S1C2=C(C(OC3=CC=C(C(F)(F)F)C=C3)=CN=C2)C=C1C=4OC(=NN4)C,Fraggle,0.37,Fc1ccc(cc1)C(=O)OCc1ccc(CSc2nnc(o2)-c2cccc3ccccc23)cc1
647,AURKB,0.86,S1C2=C(C(OC3=CC=C(C(F)(F)F)C=C3)=CN=C2)C=C1C=4OC(=NN4)C,Fraggle,0.37,Fc1ccc(cc1)C(=O)OCc1ccc(CSc2nnc(o2)-c2cccc3ccccc23)cc1
648,AURKB,0.86,S1C2=C(C(OC3=CC=C(C(F)(F)F)C=C3)=CN=C2)C=C1C=4OC(=NN4)C,Fraggle,0.37,Fc1ccc(cc1)C(=O)OCc1ccc(CSc2nnc(o2)-c2cccc3ccccc23)cc1
649,AURKB,0.86,S(NC=1C=C2/C(/C(=O)NC2=CC1)=C/C3=C(C=4C(=O)CCCC4N3)CCC(N5CCOCC5)=O)(=O)(=O)C=6C=CC=CC6,Fraggle,0.24,CCS(=O)(=O)NCC[C@@H]1CC[C@@H](NC(=O)C2CCCCC2)[C@H](CO)O1
650,AURKB,0.00,BrC=1C=C2C=3NN=CC3CC2=CC1,Fraggle,0.22,Brc1c(Br)c(Br)c2[nH]nnc2c1Br
651,AURKB,0.86,S1C2=C(C(OC3=CC=C(C(F)(F)F)C=C3)=CN=C2)C=C1C=4OC(=NN4)C,Fraggle,0.37,Fc1ccc(cc1)C(=O)OCc1ccc(CSc2nnc(o2)-c2cccc3ccccc23)cc1
652,AURKB,0.85,C(=O)(NC=1C=2C(C(=CC1)OCCN3CCOCC3)=CC=CC2)NC4=CC(=NN4C5=CC=C(C=C5)C)C(C)(C)C,Fraggle,0.46,COc1ccc(cc1)C2(CC2)C(=O)N3CCC(CC3)n4nc(oc4=O)c5ccccc5
653,AURKB,0.00,BrC=1C=C2C=3NN=CC3CC2=CC1,Fraggle,0.22,Brc1c(Br)c(Br)c2[nH]nnc2c1Br
654,AURKB,0.85,C(=O)(NC=1C=2C(C(=CC1)OCCN3CCOCC3)=CC=CC2)NC4=CC(=NN4C5=CC=C(C=C5)C)C(C)(C)C,Fraggle,0.46,COc1ccc(cc1)C2(CC2)C(=O)N3CCC(CC3)n4nc(oc4=O)c5ccccc5
655,AURKB,0.85,C(=O)(NC=1C=2C(C(=CC1)OCCN3CCOCC3)=CC=CC2)NC4=CC(=NN4C5=CC=C(C=C5)C)C(C)(C)C,Fraggle,0.46,COc1ccc(cc1)C2(CC2)C(=O)N3CCC(CC3)n4nc(oc4=O)c5ccccc5
656,AURKB,0.85,C(=O)(NC=1C=2C(C(=CC1)OCCN3CCOCC3)=CC=CC2)NC4=CC(=NN4C5=CC=C(C=C5)C)C(C)(C)C,Fraggle,0.46,COc1ccc(cc1)C2(CC2)C(=O)N3CCC(CC3)n4nc(oc4=O)c5ccccc5
657,AURKB,0.86,S(NC=1C=C2/C(/C(=O)NC2=CC1)=C/C3=C(C=4C(=O)CCCC4N3)CCC(N5CCOCC5)=O)(=O)(=O)C=6C=CC=CC6,Fraggle,0.24,CCS(=O)(=O)NCC[C@@H]1CC[C@@H](NC(=O)C2CCCCC2)[C@H](CO)O1
658,AURKB,0.85,C(=O)(NC=1C=2C(C(=CC1)OCCN3CCOCC3)=CC=CC2)NC4=CC(=NN4C5=CC=C(C=C5)C)C(C)(C)C,Fraggle,0.46,COc1ccc(cc1)C2(CC2)C(=O)N3CCC(CC3)n4nc(oc4=O)c5ccccc5
659,AURKB,0.00,BrC=1C=C2C=3NN=CC3CC2=CC1,Fraggle,0.22,Brc1c(Br)c(Br)c2[nH]nnc2c1Br
660,AURKB,0.85,C(=O)(NC=1C=2C(C(=CC1)OCCN3CCOCC3)=CC=CC2)NC4=CC(=NN4C5=CC=C(C=C5)C)C(C)(C)C,Fraggle,0.46,COc1ccc(cc1)C2(CC2)C(=O)N3CCC(CC3)n4nc(oc4=O)c5ccccc5
661,AURKB,0.85,C(=O)(NC=1C=2C(C(=CC1)OCCN3CCOCC3)=CC=CC2)NC4=CC(=NN4C5=CC=C(C=C5)C)C(C)(C)C,Fraggle,0.46,COc1ccc(cc1)C2(CC2)C(=O)N3CCC(CC3)n4nc(oc4=O)c5ccccc5
662,AURKB,0.86,S(NC=1C=C2/C(/C(=O)NC2=CC1)=C/C3=C(C=4C(=O)CCCC4N3)CCC(N5CCOCC5)=O)(=O)(=O)C=6C=CC=CC6,Fraggle,0.24,CCS(=O)(=O)NCC[C@@H]1CC[C@@H](NC(=O)C2CCCCC2)[C@H](CO)O1
663,AURKB,0.85,C(=O)(NC=1C=2C(C(=CC1)OCCN3CCOCC3)=CC=CC2)NC4=CC(=NN4C5=CC=C(C=C5)C)C(C)(C)C,Fraggle,0.46,COc1ccc(cc1)C2(CC2)C(=O)N3CCC(CC3)n4nc(oc4=O)c5ccccc5
664,AURKB,0.85,C(=O)(NC=1C=2C(C(=CC1)OCCN3CCOCC3)=CC=CC2)NC4=CC(=NN4C5=CC=C(C=C5)C)C(C)(C)C,Fraggle,0.46,COc1ccc(cc1)C2(CC2)C(=O)N3CCC(CC3)n4nc(oc4=O)c5ccccc5
665,AURKB,0.85,C(=O)(NC=1C=2C(C(=CC1)OCCN3CCOCC3)=CC=CC2)NC4=CC(=NN4C5=CC=C(C=C5)C)C(C)(C)C,Fraggle,0.46,COc1ccc(cc1)C2(CC2)C(=O)N3CCC(CC3)n4nc(oc4=O)c5ccccc5
666,AURKB,0.86,S1C2=C(C(OC3=CC=C(C(F)(F)F)C=C3)=CN=C2)C=C1C=4OC(=NN4)C,Fraggle,0.37,Fc1ccc(cc1)C(=O)OCc1ccc(CSc2nnc(o2)-c2cccc3ccccc23)cc1
667,AURKB,0.85,C(=O)(NC=1C=2C(C(=CC1)OCCN3CCOCC3)=CC=CC2)NC4=CC(=NN4C5=CC=C(C=C5)C)C(C)(C)C,Fraggle,0.46,COc1ccc(cc1)C2(CC2)C(=O)N3CCC(CC3)n4nc(oc4=O)c5ccccc5
668,AURKB,0.86,S1C2=C(C(OC3=CC=C(C(F)(F)F)C=C3)=CN=C2)C=C1C=4OC(=NN4)C,Fraggle,0.37,Fc1ccc(cc1)C(=O)OCc1ccc(CSc2nnc(o2)-c2cccc3ccccc23)cc1
669,AURKB,0.00,BrC=1C=C2C=3NN=CC3CC2=CC1,Fraggle,0.22,Brc1c(Br)c(Br)c2[nH]nnc2c1Br
670,AURKB,0.86,S1C2=C(C(OC3=CC=C(C(F)(F)F)C=C3)=CN=C2)C=C1C=4OC(=NN4)C,Fraggle,0.37,Fc1ccc(cc1)C(=O)OCc1ccc(CSc2nnc(o2)-c2cccc3ccccc23)cc1
671,AURKB,0.86,S1C2=C(C(OC3=CC=C(C(F)(F)F)C=C3)=CN=C2)C=C1C=4OC(=NN4)C,Fraggle,0.37,Fc1ccc(cc1)C(=O)OCc1ccc(CSc2nnc(o2)-c2cccc3ccccc23)cc1
672,AURKB,0.85,C(=O)(NC=1C=2C(C(=CC1)OCCN3CCOCC3)=CC=CC2)NC4=CC(=NN4C5=CC=C(C=C5)C)C(C)(C)C,Fraggle,0.46,COc1ccc(cc1)C2(CC2)C(=O)N3CCC(CC3)n4nc(oc4=O)c5ccccc5
673,AURKB,0.85,C(=O)(NC=1C=2C(C(=CC1)OCCN3CCOCC3)=CC=CC2)NC4=CC(=NN4C5=CC=C(C=C5)C)C(C)(C)C,Fraggle,0.46,COc1ccc(cc1)C2(CC2)C(=O)N3CCC(CC3)n4nc(oc4=O)c5ccccc5
674,AURKB,0.00,BrC=1C=C2C=3NN=CC3CC2=CC1,Fraggle,0.22,Brc1c(Br)c(Br)c2[nH]nnc2c1Br
675,AURKB,0.86,S(NC=1C=C2/C(/C(=O)NC2=CC1)=C/C3=C(C=4C(=O)CCCC4N3)CCC(N5CCOCC5)=O)(=O)(=O)C=6C=CC=CC6,Fraggle,0.24,CCS(=O)(=O)NCC[C@@H]1CC[C@@H](NC(=O)C2CCCCC2)[C@H](CO)O1
676,AURKB,0.00,BrC=1C=C2C=3NN=CC3CC2=CC1,Fraggle,0.22,Brc1c(Br)c(Br)c2[nH]nnc2c1Br
677,AURKB,0.00,BrC=1C=C2C=3NN=CC3CC2=CC1,Fraggle,0.22,Brc1c(Br)c(Br)c2[nH]nnc2c1Br
678,AURKB,0.00,BrC=1C=C2C=3NN=CC3CC2=CC1,Fraggle,0.22,Brc1c(Br)c(Br)c2[nH]nnc2c1Br
679,AURKB,0.86,S(NC=1C=C2/C(/C(=O)NC2=CC1)=C/C3=C(C=4C(=O)CCCC4N3)CCC(N5CCOCC5)=O)(=O)(=O)C=6C=CC=CC6,Fraggle,0.24,CCS(=O)(=O)NCC[C@@H]1CC[C@@H](NC(=O)C2CCCCC2)[C@H](CO)O1
680,AURKB,0.85,C(=O)(NC=1C=2C(C(=CC1)OCCN3CCOCC3)=CC=CC2)NC4=CC(=NN4C5=CC=C(C=C5)C)C(C)(C)C,Fraggle,0.46,COc1ccc(cc1)C2(CC2)C(=O)N3CCC(CC3)n4nc(oc4=O)c5ccccc5
681,AURKB,0.85,C(=O)(NC=1C=2C(C(=CC1)OCCN3CCOCC3)=CC=CC2)NC4=CC(=NN4C5=CC=C(C=C5)C)C(C)(C)C,Fraggle,0.46,COc1ccc(cc1)C2(CC2)C(=O)N3CCC(CC3)n4nc(oc4=O)c5ccccc5
682,AURKB,0.86,S(NC=1C=C2/C(/C(=O)NC2=CC1)=C/C3=C(C=4C(=O)CCCC4N3)CCC(N5CCOCC5)=O)(=O)(=O)C=6C=CC=CC6,Fraggle,0.24,CCS(=O)(=O)NCC[C@@H]1CC[C@@H](NC(=O)C2CCCCC2)[C@H](CO)O1
683,AURKB,0.86,S1C2=C(C(OC3=CC=C(C(F)(F)F)C=C3)=CN=C2)C=C1C=4OC(=NN4)C,Fraggle,0.37,Fc1ccc(cc1)C(=O)OCc1ccc(CSc2nnc(o2)-c2cccc3ccccc23)cc1
684,AURKB,0.86,S1C2=C(C(OC3=CC=C(C(F)(F)F)C=C3)=CN=C2)C=C1C=4OC(=NN4)C,Fraggle,0.37,Fc1ccc(cc1)C(=O)OCc1ccc(CSc2nnc(o2)-c2cccc3ccccc23)cc1
685,AURKB,0.86,S1C2=C(C(OC3=CC=C(C(F)(F)F)C=C3)=CN=C2)C=C1C=4OC(=NN4)C,Fraggle,0.37,Fc1ccc(cc1)C(=O)OCc1ccc(CSc2nnc(o2)-c2cccc3ccccc23)cc1
686,AURKB,0.86,S1C2=C(C(OC3=CC=C(C(F)(F)F)C=C3)=CN=C2)C=C1C=4OC(=NN4)C,Fraggle,0.37,Fc1ccc(cc1)C(=O)OCc1ccc(CSc2nnc(o2)-c2cccc3ccccc23)cc1
687,AURKB,0.85,C(=O)(NC=1C=2C(C(=CC1)OCCN3CCOCC3)=CC=CC2)NC4=CC(=NN4C5=CC=C(C=C5)C)C(C)(C)C,Fraggle,0.46,COc1ccc(cc1)C2(CC2)C(=O)N3CCC(CC3)n4nc(oc4=O)c5ccccc5
688,AURKB,0.86,S1C2=C(C(OC3=CC=C(C(F)(F)F)C=C3)=CN=C2)C=C1C=4OC(=NN4)C,Fraggle,0.37,Fc1ccc(cc1)C(=O)OCc1ccc(CSc2nnc(o2)-c2cccc3ccccc23)cc1
689,AURKB,0.85,C(=O)(NC=1C=2C(C(=CC1)OCCN3CCOCC3)=CC=CC2)NC4=CC(=NN4C5=CC=C(C=C5)C)C(C)(C)C,Fraggle,0.46,COc1ccc(cc1)C2(CC2)C(=O)N3CCC(CC3)n4nc(oc4=O)c5ccccc5
690,AURKB,0.86,S(NC=1C=C2/C(/C(=O)NC2=CC1)=C/C3=C(C=4C(=O)CCCC4N3)CCC(N5CCOCC5)=O)(=O)(=O)C=6C=CC=CC6,Fraggle,0.24,CCS(=O)(=O)NCC[C@@H]1CC[C@@H](NC(=O)C2CCCCC2)[C@H](CO)O1
691,AURKB,0.86,S(NC=1C=C2/C(/C(=O)NC2=CC1)=C/C3=C(C=4C(=O)CCCC4N3)CCC(N5CCOCC5)=O)(=O)(=O)C=6C=CC=CC6,Fraggle,0.24,CCS(=O)(=O)NCC[C@@H]1CC[C@@H](NC(=O)C2CCCCC2)[C@H](CO)O1
692,AURKB,0.85,C(=O)(NC=1C=2C(C(=CC1)OCCN3CCOCC3)=CC=CC2)NC4=CC(=NN4C5=CC=C(C=C5)C)C(C)(C)C,Fraggle,0.46,COc1ccc(cc1)C2(CC2)C(=O)N3CCC(CC3)n4nc(oc4=O)c5ccccc5
693,AURKB,0.85,C(=O)(NC=1C=2C(C(=CC1)OCCN3CCOCC3)=CC=CC2)NC4=CC(=NN4C5=CC=C(C=C5)C)C(C)(C)C,Fraggle,0.46,COc1ccc(cc1)C2(CC2)C(=O)N3CCC(CC3)n4nc(oc4=O)c5ccccc5
694,AURKB,0.86,S1C2=C(C(OC3=CC=C(C(F)(F)F)C=C3)=CN=C2)C=C1C=4OC(=NN4)C,Fraggle,0.37,Fc1ccc(cc1)C(=O)OCc1ccc(CSc2nnc(o2)-c2cccc3ccccc23)cc1
695,AURKB,0.86,S(NC=1C=C2/C(/C(=O)NC2=CC1)=C/C3=C(C=4C(=O)CCCC4N3)CCC(N5CCOCC5)=O)(=O)(=O)C=6C=CC=CC6,Fraggle,0.24,CCS(=O)(=O)NCC[C@@H]1CC[C@@H](NC(=O)C2CCCCC2)[C@H](CO)O1
696,AURKB,0.86,S(NC=1C=C2/C(/C(=O)NC2=CC1)=C/C3=C(C=4C(=O)CCCC4N3)CCC(N5CCOCC5)=O)(=O)(=O)C=6C=CC=CC6,Fraggle,0.24,CCS(=O)(=O)NCC[C@@H]1CC[C@@H](NC(=O)C2CCCCC2)[C@H](CO)O1
697,AURKB,0.86,S1C2=C(C(OC3=CC=C(C(F)(F)F)C=C3)=CN=C2)C=C1C=4OC(=NN4)C,Fraggle,0.37,Fc1ccc(cc1)C(=O)OCc1ccc(CSc2nnc(o2)-c2cccc3ccccc23)cc1
698,AURKB,0.85,C(=O)(NC=1C=2C(C(=CC1)OCCN3CCOCC3)=CC=CC2)NC4=CC(=NN4C5=CC=C(C=C5)C)C(C)(C)C,Fraggle,0.46,COc1ccc(cc1)C2(CC2)C(=O)N3CCC(CC3)n4nc(oc4=O)c5ccccc5
699,AURKB,0.86,S(NC=1C=C2/C(/C(=O)NC2=CC1)=C/C3=C(C=4C(=O)CCCC4N3)CCC(N5CCOCC5)=O)(=O)(=O)C=6C=CC=CC6,Fraggle,0.24,CCS(=O)(=O)NCC[C@@H]1CC[C@@H](NC(=O)C2CCCCC2)[C@H](CO)O1
700,AURKB,0.86,S(NC=1C=C2/C(/C(=O)NC2=CC1)=C/C3=C(C=4C(=O)CCCC4N3)CCC(N5CCOCC5)=O)(=O)(=O)C=6C=CC=CC6,MACCS,0.66,CCS(=O)(=O)NCC[C@@H]1CC[C@@H](NC(=O)C2CCCCC2)[C@H](CO)O1
701,AURKB,0.85,C(=O)(NC=1C=2C(C(=CC1)OCCN3CCOCC3)=CC=CC2)NC4=CC(=NN4C5=CC=C(C=C5)C)C(C)(C)C,MACCS,0.71,COc1ccc(cc1)C2(CC2)C(=O)N3CCC(CC3)n4nc(oc4=O)c5ccccc5
702,AURKB,0.85,C(=O)(NC=1C=2C(C(=CC1)OCCN3CCOCC3)=CC=CC2)NC4=CC(=NN4C5=CC=C(C=C5)C)C(C)(C)C,MACCS,0.71,COc1ccc(cc1)C2(CC2)C(=O)N3CCC(CC3)n4nc(oc4=O)c5ccccc5
703,AURKB,0.85,C(=O)(NC=1C=2C(C(=CC1)OCCN3CCOCC3)=CC=CC2)NC4=CC(=NN4C5=CC=C(C=C5)C)C(C)(C)C,MACCS,0.71,COc1ccc(cc1)C2(CC2)C(=O)N3CCC(CC3)n4nc(oc4=O)c5ccccc5
704,AURKB,0.86,S1C2=C(C(OC3=CC=C(C(F)(F)F)C=C3)=CN=C2)C=C1C=4OC(=NN4)C,MACCS,0.65,Fc1ccc(cc1)C(=O)OCc1ccc(CSc2nnc(o2)-c2cccc3ccccc23)cc1
705,AURKB,0.86,S1C2=C(C(OC3=CC=C(C(F)(F)F)C=C3)=CN=C2)C=C1C=4OC(=NN4)C,MACCS,0.65,Fc1ccc(cc1)C(=O)OCc1ccc(CSc2nnc(o2)-c2cccc3ccccc23)cc1
706,AURKB,0.85,C(=O)(NC=1C=2C(C(=CC1)OCCN3CCOCC3)=CC=CC2)NC4=CC(=NN4C5=CC=C(C=C5)C)C(C)(C)C,MACCS,0.71,COc1ccc(cc1)C2(CC2)C(=O)N3CCC(CC3)n4nc(oc4=O)c5ccccc5
707,AURKB,0.85,C(=O)(NC=1C=2C(C(=CC1)OCCN3CCOCC3)=CC=CC2)NC4=CC(=NN4C5=CC=C(C=C5)C)C(C)(C)C,MACCS,0.71,COc1ccc(cc1)C2(CC2)C(=O)N3CCC(CC3)n4nc(oc4=O)c5ccccc5
708,AURKB,0.85,C(=O)(NC=1C=2C(C(=CC1)OCCN3CCOCC3)=CC=CC2)NC4=CC(=NN4C5=CC=C(C=C5)C)C(C)(C)C,MACCS,0.71,COc1ccc(cc1)C2(CC2)C(=O)N3CCC(CC3)n4nc(oc4=O)c5ccccc5
709,AURKB,0.86,S1C2=C(C(OC3=CC=C(C(F)(F)F)C=C3)=CN=C2)C=C1C=4OC(=NN4)C,MACCS,0.65,Fc1ccc(cc1)C(=O)OCc1ccc(CSc2nnc(o2)-c2cccc3ccccc23)cc1
710,AURKB,0.00,BrC=1C=C2C=3NN=CC3CC2=CC1,MACCS,0.79,Brc1c(Br)c(Br)c2[nH]nnc2c1Br
711,AURKB,0.85,C(=O)(NC=1C=2C(C(=CC1)OCCN3CCOCC3)=CC=CC2)NC4=CC(=NN4C5=CC=C(C=C5)C)C(C)(C)C,MACCS,0.71,COc1ccc(cc1)C2(CC2)C(=O)N3CCC(CC3)n4nc(oc4=O)c5ccccc5
712,AURKB,0.85,C(=O)(NC=1C=2C(C(=CC1)OCCN3CCOCC3)=CC=CC2)NC4=CC(=NN4C5=CC=C(C=C5)C)C(C)(C)C,MACCS,0.71,COc1ccc(cc1)C2(CC2)C(=O)N3CCC(CC3)n4nc(oc4=O)c5ccccc5
713,AURKB,0.85,C(=O)(NC=1C=2C(C(=CC1)OCCN3CCOCC3)=CC=CC2)NC4=CC(=NN4C5=CC=C(C=C5)C)C(C)(C)C,MACCS,0.71,COc1ccc(cc1)C2(CC2)C(=O)N3CCC(CC3)n4nc(oc4=O)c5ccccc5
714,AURKB,0.86,S(NC=1C=C2/C(/C(=O)NC2=CC1)=C/C3=C(C=4C(=O)CCCC4N3)CCC(N5CCOCC5)=O)(=O)(=O)C=6C=CC=CC6,MACCS,0.66,CCS(=O)(=O)NCC[C@@H]1CC[C@@H](NC(=O)C2CCCCC2)[C@H](CO)O1
715,AURKB,0.86,S(NC=1C=C2/C(/C(=O)NC2=CC1)=C/C3=C(C=4C(=O)CCCC4N3)CCC(N5CCOCC5)=O)(=O)(=O)C=6C=CC=CC6,MACCS,0.66,CCS(=O)(=O)NCC[C@@H]1CC[C@@H](NC(=O)C2CCCCC2)[C@H](CO)O1
716,AURKB,0.86,S1C2=C(C(OC3=CC=C(C(F)(F)F)C=C3)=CN=C2)C=C1C=4OC(=NN4)C,MACCS,0.65,Fc1ccc(cc1)C(=O)OCc1ccc(CSc2nnc(o2)-c2cccc3ccccc23)cc1
717,AURKB,0.86,S(NC=1C=C2/C(/C(=O)NC2=CC1)=C/C3=C(C=4C(=O)CCCC4N3)CCC(N5CCOCC5)=O)(=O)(=O)C=6C=CC=CC6,MACCS,0.66,CCS(=O)(=O)NCC[C@@H]1CC[C@@H](NC(=O)C2CCCCC2)[C@H](CO)O1
718,AURKB,0.86,S(NC=1C=C2/C(/C(=O)NC2=CC1)=C/C3=C(C=4C(=O)CCCC4N3)CCC(N5CCOCC5)=O)(=O)(=O)C=6C=CC=CC6,MACCS,0.66,CCS(=O)(=O)NCC[C@@H]1CC[C@@H](NC(=O)C2CCCCC2)[C@H](CO)O1
719,AURKB,0.00,BrC=1C=C2C=3NN=CC3CC2=CC1,MACCS,0.79,Brc1c(Br)c(Br)c2[nH]nnc2c1Br
720,AURKB,0.85,C(=O)(NC=1C=2C(C(=CC1)OCCN3CCOCC3)=CC=CC2)NC4=CC(=NN4C5=CC=C(C=C5)C)C(C)(C)C,MACCS,0.71,COc1ccc(cc1)C2(CC2)C(=O)N3CCC(CC3)n4nc(oc4=O)c5ccccc5
721,AURKB,0.86,S1C2=C(C(OC3=CC=C(C(F)(F)F)C=C3)=CN=C2)C=C1C=4OC(=NN4)C,MACCS,0.65,Fc1ccc(cc1)C(=O)OCc1ccc(CSc2nnc(o2)-c2cccc3ccccc23)cc1
722,AURKB,0.86,S(NC=1C=C2/C(/C(=O)NC2=CC1)=C/C3=C(C=4C(=O)CCCC4N3)CCC(N5CCOCC5)=O)(=O)(=O)C=6C=CC=CC6,MACCS,0.66,CCS(=O)(=O)NCC[C@@H]1CC[C@@H](NC(=O)C2CCCCC2)[C@H](CO)O1
723,AURKB,0.86,S(NC=1C=C2/C(/C(=O)NC2=CC1)=C/C3=C(C=4C(=O)CCCC4N3)CCC(N5CCOCC5)=O)(=O)(=O)C=6C=CC=CC6,MACCS,0.66,CCS(=O)(=O)NCC[C@@H]1CC[C@@H](NC(=O)C2CCCCC2)[C@H](CO)O1
724,AURKB,0.86,S(NC=1C=C2/C(/C(=O)NC2=CC1)=C/C3=C(C=4C(=O)CCCC4N3)CCC(N5CCOCC5)=O)(=O)(=O)C=6C=CC=CC6,MACCS,0.66,CCS(=O)(=O)NCC[C@@H]1CC[C@@H](NC(=O)C2CCCCC2)[C@H](CO)O1
725,AURKB,0.86,S1C2=C(C(OC3=CC=C(C(F)(F)F)C=C3)=CN=C2)C=C1C=4OC(=NN4)C,MACCS,0.65,Fc1ccc(cc1)C(=O)OCc1ccc(CSc2nnc(o2)-c2cccc3ccccc23)cc1
726,AURKB,0.86,S1C2=C(C(OC3=CC=C(C(F)(F)F)C=C3)=CN=C2)C=C1C=4OC(=NN4)C,MACCS,0.65,Fc1ccc(cc1)C(=O)OCc1ccc(CSc2nnc(o2)-c2cccc3ccccc23)cc1
727,AURKB,0.85,C(=O)(NC=1C=2C(C(=CC1)OCCN3CCOCC3)=CC=CC2)NC4=CC(=NN4C5=CC=C(C=C5)C)C(C)(C)C,MACCS,0.71,COc1ccc(cc1)C2(CC2)C(=O)N3CCC(CC3)n4nc(oc4=O)c5ccccc5
728,AURKB,0.85,C(=O)(NC=1C=2C(C(=CC1)OCCN3CCOCC3)=CC=CC2)NC4=CC(=NN4C5=CC=C(C=C5)C)C(C)(C)C,MACCS,0.71,COc1ccc(cc1)C2(CC2)C(=O)N3CCC(CC3)n4nc(oc4=O)c5ccccc5
729,AURKB,0.85,C(=O)(NC=1C=2C(C(=CC1)OCCN3CCOCC3)=CC=CC2)NC4=CC(=NN4C5=CC=C(C=C5)C)C(C)(C)C,MACCS,0.71,COc1ccc(cc1)C2(CC2)C(=O)N3CCC(CC3)n4nc(oc4=O)c5ccccc5
730,AURKB,0.86,S1C2=C(C(OC3=CC=C(C(F)(F)F)C=C3)=CN=C2)C=C1C=4OC(=NN4)C,MACCS,0.65,Fc1ccc(cc1)C(=O)OCc1ccc(CSc2nnc(o2)-c2cccc3ccccc23)cc1
731,AURKB,0.85,C(=O)(NC=1C=2C(C(=CC1)OCCN3CCOCC3)=CC=CC2)NC4=CC(=NN4C5=CC=C(C=C5)C)C(C)(C)C,MACCS,0.71,COc1ccc(cc1)C2(CC2)C(=O)N3CCC(CC3)n4nc(oc4=O)c5ccccc5
732,AURKB,0.00,BrC=1C=C2C=3NN=CC3CC2=CC1,MACCS,0.79,Brc1c(Br)c(Br)c2[nH]nnc2c1Br
733,AURKB,0.86,S1C2=C(C(OC3=CC=C(C(F)(F)F)C=C3)=CN=C2)C=C1C=4OC(=NN4)C,MACCS,0.65,Fc1ccc(cc1)C(=O)OCc1ccc(CSc2nnc(o2)-c2cccc3ccccc23)cc1
734,AURKB,0.85,C(=O)(NC=1C=2C(C(=CC1)OCCN3CCOCC3)=CC=CC2)NC4=CC(=NN4C5=CC=C(C=C5)C)C(C)(C)C,MACCS,0.71,COc1ccc(cc1)C2(CC2)C(=O)N3CCC(CC3)n4nc(oc4=O)c5ccccc5
735,AURKB,0.00,BrC=1C=C2C=3NN=CC3CC2=CC1,MACCS,0.79,Brc1c(Br)c(Br)c2[nH]nnc2c1Br
736,AURKB,0.00,BrC=1C=C2C=3NN=CC3CC2=CC1,MACCS,0.79,Brc1c(Br)c(Br)c2[nH]nnc2c1Br
737,AURKB,0.86,S1C2=C(C(OC3=CC=C(C(F)(F)F)C=C3)=CN=C2)C=C1C=4OC(=NN4)C,MACCS,0.65,Fc1ccc(cc1)C(=O)OCc1ccc(CSc2nnc(o2)-c2cccc3ccccc23)cc1
738,AURKB,0.86,S1C2=C(C(OC3=CC=C(C(F)(F)F)C=C3)=CN=C2)C=C1C=4OC(=NN4)C,MACCS,0.65,Fc1ccc(cc1)C(=O)OCc1ccc(CSc2nnc(o2)-c2cccc3ccccc23)cc1
739,AURKB,0.86,S1C2=C(C(OC3=CC=C(C(F)(F)F)C=C3)=CN=C2)C=C1C=4OC(=NN4)C,MACCS,0.65,Fc1ccc(cc1)C(=O)OCc1ccc(CSc2nnc(o2)-c2cccc3ccccc23)cc1
740,AURKB,0.00,BrC=1C=C2C=3NN=CC3CC2=CC1,MACCS,0.79,Brc1c(Br)c(Br)c2[nH]nnc2c1Br
741,AURKB,0.85,C(=O)(NC=1C=2C(C(=CC1)OCCN3CCOCC3)=CC=CC2)NC4=CC(=NN4C5=CC=C(C=C5)C)C(C)(C)C,MACCS,0.71,COc1ccc(cc1)C2(CC2)C(=O)N3CCC(CC3)n4nc(oc4=O)c5ccccc5
742,AURKB,0.86,S1C2=C(C(OC3=CC=C(C(F)(F)F)C=C3)=CN=C2)C=C1C=4OC(=NN4)C,MACCS,0.65,Fc1ccc(cc1)C(=O)OCc1ccc(CSc2nnc(o2)-c2cccc3ccccc23)cc1
743,AURKB,0.85,C(=O)(NC=1C=2C(C(=CC1)OCCN3CCOCC3)=CC=CC2)NC4=CC(=NN4C5=CC=C(C=C5)C)C(C)(C)C,MACCS,0.71,COc1ccc(cc1)C2(CC2)C(=O)N3CCC(CC3)n4nc(oc4=O)c5ccccc5
744,AURKB,0.86,S(NC=1C=C2/C(/C(=O)NC2=CC1)=C/C3=C(C=4C(=O)CCCC4N3)CCC(N5CCOCC5)=O)(=O)(=O)C=6C=CC=CC6,MACCS,0.66,CCS(=O)(=O)NCC[C@@H]1CC[C@@H](NC(=O)C2CCCCC2)[C@H](CO)O1
745,AURKB,0.86,S1C2=C(C(OC3=CC=C(C(F)(F)F)C=C3)=CN=C2)C=C1C=4OC(=NN4)C,MACCS,0.65,Fc1ccc(cc1)C(=O)OCc1ccc(CSc2nnc(o2)-c2cccc3ccccc23)cc1
746,AURKB,0.86,S1C2=C(C(OC3=CC=C(C(F)(F)F)C=C3)=CN=C2)C=C1C=4OC(=NN4)C,MACCS,0.65,Fc1ccc(cc1)C(=O)OCc1ccc(CSc2nnc(o2)-c2cccc3ccccc23)cc1
747,AURKB,0.86,S1C2=C(C(OC3=CC=C(C(F)(F)F)C=C3)=CN=C2)C=C1C=4OC(=NN4)C,MACCS,0.65,Fc1ccc(cc1)C(=O)OCc1ccc(CSc2nnc(o2)-c2cccc3ccccc23)cc1
748,AURKB,0.86,S1C2=C(C(OC3=CC=C(C(F)(F)F)C=C3)=CN=C2)C=C1C=4OC(=NN4)C,MACCS,0.65,Fc1ccc(cc1)C(=O)OCc1ccc(CSc2nnc(o2)-c2cccc3ccccc23)cc1
749,AURKB,0.86,S(NC=1C=C2/C(/C(=O)NC2=CC1)=C/C3=C(C=4C(=O)CCCC4N3)CCC(N5CCOCC5)=O)(=O)(=O)C=6C=CC=CC6,MACCS,0.66,CCS(=O)(=O)NCC[C@@H]1CC[C@@H](NC(=O)C2CCCCC2)[C@H](CO)O1
750,AURKB,0.00,BrC=1C=C2C=3NN=CC3CC2=CC1,MACCS,0.79,Brc1c(Br)c(Br)c2[nH]nnc2c1Br
751,AURKB,0.86,S1C2=C(C(OC3=CC=C(C(F)(F)F)C=C3)=CN=C2)C=C1C=4OC(=NN4)C,MACCS,0.65,Fc1ccc(cc1)C(=O)OCc1ccc(CSc2nnc(o2)-c2cccc3ccccc23)cc1
752,AURKB,0.85,C(=O)(NC=1C=2C(C(=CC1)OCCN3CCOCC3)=CC=CC2)NC4=CC(=NN4C5=CC=C(C=C5)C)C(C)(C)C,MACCS,0.71,COc1ccc(cc1)C2(CC2)C(=O)N3CCC(CC3)n4nc(oc4=O)c5ccccc5
753,AURKB,0.00,BrC=1C=C2C=3NN=CC3CC2=CC1,MACCS,0.79,Brc1c(Br)c(Br)c2[nH]nnc2c1Br
754,AURKB,0.85,C(=O)(NC=1C=2C(C(=CC1)OCCN3CCOCC3)=CC=CC2)NC4=CC(=NN4C5=CC=C(C=C5)C)C(C)(C)C,MACCS,0.71,COc1ccc(cc1)C2(CC2)C(=O)N3CCC(CC3)n4nc(oc4=O)c5ccccc5
755,AURKB,0.85,C(=O)(NC=1C=2C(C(=CC1)OCCN3CCOCC3)=CC=CC2)NC4=CC(=NN4C5=CC=C(C=C5)C)C(C)(C)C,MACCS,0.71,COc1ccc(cc1)C2(CC2)C(=O)N3CCC(CC3)n4nc(oc4=O)c5ccccc5
756,AURKB,0.85,C(=O)(NC=1C=2C(C(=CC1)OCCN3CCOCC3)=CC=CC2)NC4=CC(=NN4C5=CC=C(C=C5)C)C(C)(C)C,MACCS,0.71,COc1ccc(cc1)C2(CC2)C(=O)N3CCC(CC3)n4nc(oc4=O)c5ccccc5
757,AURKB,0.86,S(NC=1C=C2/C(/C(=O)NC2=CC1)=C/C3=C(C=4C(=O)CCCC4N3)CCC(N5CCOCC5)=O)(=O)(=O)C=6C=CC=CC6,MACCS,0.66,CCS(=O)(=O)NCC[C@@H]1CC[C@@H](NC(=O)C2CCCCC2)[C@H](CO)O1
758,AURKB,0.85,C(=O)(NC=1C=2C(C(=CC1)OCCN3CCOCC3)=CC=CC2)NC4=CC(=NN4C5=CC=C(C=C5)C)C(C)(C)C,MACCS,0.71,COc1ccc(cc1)C2(CC2)C(=O)N3CCC(CC3)n4nc(oc4=O)c5ccccc5
759,AURKB,0.00,BrC=1C=C2C=3NN=CC3CC2=CC1,MACCS,0.79,Brc1c(Br)c(Br)c2[nH]nnc2c1Br
760,AURKB,0.85,C(=O)(NC=1C=2C(C(=CC1)OCCN3CCOCC3)=CC=CC2)NC4=CC(=NN4C5=CC=C(C=C5)C)C(C)(C)C,MACCS,0.71,COc1ccc(cc1)C2(CC2)C(=O)N3CCC(CC3)n4nc(oc4=O)c5ccccc5
761,AURKB,0.85,C(=O)(NC=1C=2C(C(=CC1)OCCN3CCOCC3)=CC=CC2)NC4=CC(=NN4C5=CC=C(C=C5)C)C(C)(C)C,MACCS,0.71,COc1ccc(cc1)C2(CC2)C(=O)N3CCC(CC3)n4nc(oc4=O)c5ccccc5
762,AURKB,0.86,S(NC=1C=C2/C(/C(=O)NC2=CC1)=C/C3=C(C=4C(=O)CCCC4N3)CCC(N5CCOCC5)=O)(=O)(=O)C=6C=CC=CC6,MACCS,0.66,CCS(=O)(=O)NCC[C@@H]1CC[C@@H](NC(=O)C2CCCCC2)[C@H](CO)O1
763,AURKB,0.85,C(=O)(NC=1C=2C(C(=CC1)OCCN3CCOCC3)=CC=CC2)NC4=CC(=NN4C5=CC=C(C=C5)C)C(C)(C)C,MACCS,0.71,COc1ccc(cc1)C2(CC2)C(=O)N3CCC(CC3)n4nc(oc4=O)c5ccccc5
764,AURKB,0.85,C(=O)(NC=1C=2C(C(=CC1)OCCN3CCOCC3)=CC=CC2)NC4=CC(=NN4C5=CC=C(C=C5)C)C(C)(C)C,MACCS,0.71,COc1ccc(cc1)C2(CC2)C(=O)N3CCC(CC3)n4nc(oc4=O)c5ccccc5
765,AURKB,0.85,C(=O)(NC=1C=2C(C(=CC1)OCCN3CCOCC3)=CC=CC2)NC4=CC(=NN4C5=CC=C(C=C5)C)C(C)(C)C,MACCS,0.71,COc1ccc(cc1)C2(CC2)C(=O)N3CCC(CC3)n4nc(oc4=O)c5ccccc5
766,AURKB,0.86,S1C2=C(C(OC3=CC=C(C(F)(F)F)C=C3)=CN=C2)C=C1C=4OC(=NN4)C,MACCS,0.65,Fc1ccc(cc1)C(=O)OCc1ccc(CSc2nnc(o2)-c2cccc3ccccc23)cc1
767,AURKB,0.85,C(=O)(NC=1C=2C(C(=CC1)OCCN3CCOCC3)=CC=CC2)NC4=CC(=NN4C5=CC=C(C=C5)C)C(C)(C)C,MACCS,0.71,COc1ccc(cc1)C2(CC2)C(=O)N3CCC(CC3)n4nc(oc4=O)c5ccccc5
768,AURKB,0.86,S1C2=C(C(OC3=CC=C(C(F)(F)F)C=C3)=CN=C2)C=C1C=4OC(=NN4)C,MACCS,0.65,Fc1ccc(cc1)C(=O)OCc1ccc(CSc2nnc(o2)-c2cccc3ccccc23)cc1
769,AURKB,0.00,BrC=1C=C2C=3NN=CC3CC2=CC1,MACCS,0.79,Brc1c(Br)c(Br)c2[nH]nnc2c1Br
770,AURKB,0.86,S1C2=C(C(OC3=CC=C(C(F)(F)F)C=C3)=CN=C2)C=C1C=4OC(=NN4)C,MACCS,0.65,Fc1ccc(cc1)C(=O)OCc1ccc(CSc2nnc(o2)-c2cccc3ccccc23)cc1
771,AURKB,0.86,S1C2=C(C(OC3=CC=C(C(F)(F)F)C=C3)=CN=C2)C=C1C=4OC(=NN4)C,MACCS,0.65,Fc1ccc(cc1)C(=O)OCc1ccc(CSc2nnc(o2)-c2cccc3ccccc23)cc1
772,AURKB,0.85,C(=O)(NC=1C=2C(C(=CC1)OCCN3CCOCC3)=CC=CC2)NC4=CC(=NN4C5=CC=C(C=C5)C)C(C)(C)C,MACCS,0.71,COc1ccc(cc1)C2(CC2)C(=O)N3CCC(CC3)n4nc(oc4=O)c5ccccc5
773,AURKB,0.85,C(=O)(NC=1C=2C(C(=CC1)OCCN3CCOCC3)=CC=CC2)NC4=CC(=NN4C5=CC=C(C=C5)C)C(C)(C)C,MACCS,0.71,COc1ccc(cc1)C2(CC2)C(=O)N3CCC(CC3)n4nc(oc4=O)c5ccccc5
774,AURKB,0.00,BrC=1C=C2C=3NN=CC3CC2=CC1,MACCS,0.79,Brc1c(Br)c(Br)c2[nH]nnc2c1Br
775,AURKB,0.86,S(NC=1C=C2/C(/C(=O)NC2=CC1)=C/C3=C(C=4C(=O)CCCC4N3)CCC(N5CCOCC5)=O)(=O)(=O)C=6C=CC=CC6,MACCS,0.66,CCS(=O)(=O)NCC[C@@H]1CC[C@@H](NC(=O)C2CCCCC2)[C@H](CO)O1
776,AURKB,0.00,BrC=1C=C2C=3NN=CC3CC2=CC1,MACCS,0.79,Brc1c(Br)c(Br)c2[nH]nnc2c1Br
777,AURKB,0.00,BrC=1C=C2C=3NN=CC3CC2=CC1,MACCS,0.79,Brc1c(Br)c(Br)c2[nH]nnc2c1Br
778,AURKB,0.00,BrC=1C=C2C=3NN=CC3CC2=CC1,MACCS,0.79,Brc1c(Br)c(Br)c2[nH]nnc2c1Br
779,AURKB,0.86,S(NC=1C=C2/C(/C(=O)NC2=CC1)=C/C3=C(C=4C(=O)CCCC4N3)CCC(N5CCOCC5)=O)(=O)(=O)C=6C=CC=CC6,MACCS,0.66,CCS(=O)(=O)NCC[C@@H]1CC[C@@H](NC(=O)C2CCCCC2)[C@H](CO)O1
780,AURKB,0.85,C(=O)(NC=1C=2C(C(=CC1)OCCN3CCOCC3)=CC=CC2)NC4=CC(=NN4C5=CC=C(C=C5)C)C(C)(C)C,MACCS,0.71,COc1ccc(cc1)C2(CC2)C(=O)N3CCC(CC3)n4nc(oc4=O)c5ccccc5
781,AURKB,0.85,C(=O)(NC=1C=2C(C(=CC1)OCCN3CCOCC3)=CC=CC2)NC4=CC(=NN4C5=CC=C(C=C5)C)C(C)(C)C,MACCS,0.71,COc1ccc(cc1)C2(CC2)C(=O)N3CCC(CC3)n4nc(oc4=O)c5ccccc5
782,AURKB,0.86,S(NC=1C=C2/C(/C(=O)NC2=CC1)=C/C3=C(C=4C(=O)CCCC4N3)CCC(N5CCOCC5)=O)(=O)(=O)C=6C=CC=CC6,MACCS,0.66,CCS(=O)(=O)NCC[C@@H]1CC[C@@H](NC(=O)C2CCCCC2)[C@H](CO)O1
783,AURKB,0.86,S1C2=C(C(OC3=CC=C(C(F)(F)F)C=C3)=CN=C2)C=C1C=4OC(=NN4)C,MACCS,0.65,Fc1ccc(cc1)C(=O)OCc1ccc(CSc2nnc(o2)-c2cccc3ccccc23)cc1
784,AURKB,0.86,S1C2=C(C(OC3=CC=C(C(F)(F)F)C=C3)=CN=C2)C=C1C=4OC(=NN4)C,MACCS,0.65,Fc1ccc(cc1)C(=O)OCc1ccc(CSc2nnc(o2)-c2cccc3ccccc23)cc1
785,AURKB,0.86,S1C2=C(C(OC3=CC=C(C(F)(F)F)C=C3)=CN=C2)C=C1C=4OC(=NN4)C,MACCS,0.65,Fc1ccc(cc1)C(=O)OCc1ccc(CSc2nnc(o2)-c2cccc3ccccc23)cc1
786,AURKB,0.86,S1C2=C(C(OC3=CC=C(C(F)(F)F)C=C3)=CN=C2)C=C1C=4OC(=NN4)C,MACCS,0.65,Fc1ccc(cc1)C(=O)OCc1ccc(CSc2nnc(o2)-c2cccc3ccccc23)cc1
787,AURKB,0.85,C(=O)(NC=1C=2C(C(=CC1)OCCN3CCOCC3)=CC=CC2)NC4=CC(=NN4C5=CC=C(C=C5)C)C(C)(C)C,MACCS,0.71,COc1ccc(cc1)C2(CC2)C(=O)N3CCC(CC3)n4nc(oc4=O)c5ccccc5
788,AURKB,0.86,S1C2=C(C(OC3=CC=C(C(F)(F)F)C=C3)=CN=C2)C=C1C=4OC(=NN4)C,MACCS,0.65,Fc1ccc(cc1)C(=O)OCc1ccc(CSc2nnc(o2)-c2cccc3ccccc23)cc1
789,AURKB,0.85,C(=O)(NC=1C=2C(C(=CC1)OCCN3CCOCC3)=CC=CC2)NC4=CC(=NN4C5=CC=C(C=C5)C)C(C)(C)C,MACCS,0.71,COc1ccc(cc1)C2(CC2)C(=O)N3CCC(CC3)n4nc(oc4=O)c5ccccc5
790,AURKB,0.86,S(NC=1C=C2/C(/C(=O)NC2=CC1)=C/C3=C(C=4C(=O)CCCC4N3)CCC(N5CCOCC5)=O)(=O)(=O)C=6C=CC=CC6,MACCS,0.66,CCS(=O)(=O)NCC[C@@H]1CC[C@@H](NC(=O)C2CCCCC2)[C@H](CO)O1
791,AURKB,0.86,S(NC=1C=C2/C(/C(=O)NC2=CC1)=C/C3=C(C=4C(=O)CCCC4N3)CCC(N5CCOCC5)=O)(=O)(=O)C=6C=CC=CC6,MACCS,0.66,CCS(=O)(=O)NCC[C@@H]1CC[C@@H](NC(=O)C2CCCCC2)[C@H](CO)O1
792,AURKB,0.85,C(=O)(NC=1C=2C(C(=CC1)OCCN3CCOCC3)=CC=CC2)NC4=CC(=NN4C5=CC=C(C=C5)C)C(C)(C)C,MACCS,0.71,COc1ccc(cc1)C2(CC2)C(=O)N3CCC(CC3)n4nc(oc4=O)c5ccccc5
793,AURKB,0.85,C(=O)(NC=1C=2C(C(=CC1)OCCN3CCOCC3)=CC=CC2)NC4=CC(=NN4C5=CC=C(C=C5)C)C(C)(C)C,MACCS,0.71,COc1ccc(cc1)C2(CC2)C(=O)N3CCC(CC3)n4nc(oc4=O)c5ccccc5
794,AURKB,0.86,S1C2=C(C(OC3=CC=C(C(F)(F)F)C=C3)=CN=C2)C=C1C=4OC(=NN4)C,MACCS,0.65,Fc1ccc(cc1)C(=O)OCc1ccc(CSc2nnc(o2)-c2cccc3ccccc23)cc1
795,AURKB,0.86,S(NC=1C=C2/C(/C(=O)NC2=CC1)=C/C3=C(C=4C(=O)CCCC4N3)CCC(N5CCOCC5)=O)(=O)(=O)C=6C=CC=CC6,MACCS,0.66,CCS(=O)(=O)NCC[C@@H]1CC[C@@H](NC(=O)C2CCCCC2)[C@H](CO)O1
796,AURKB,0.86,S(NC=1C=C2/C(/C(=O)NC2=CC1)=C/C3=C(C=4C(=O)CCCC4N3)CCC(N5CCOCC5)=O)(=O)(=O)C=6C=CC=CC6,MACCS,0.66,CCS(=O)(=O)NCC[C@@H]1CC[C@@H](NC(=O)C2CCCCC2)[C@H](CO)O1
797,AURKB,0.86,S1C2=C(C(OC3=CC=C(C(F)(F)F)C=C3)=CN=C2)C=C1C=4OC(=NN4)C,MACCS,0.65,Fc1ccc(cc1)C(=O)OCc1ccc(CSc2nnc(o2)-c2cccc3ccccc23)cc1
798,AURKB,0.85,C(=O)(NC=1C=2C(C(=CC1)OCCN3CCOCC3)=CC=CC2)NC4=CC(=NN4C5=CC=C(C=C5)C)C(C)(C)C,MACCS,0.71,COc1ccc(cc1)C2(CC2)C(=O)N3CCC(CC3)n4nc(oc4=O)c5ccccc5
799,AURKB,0.86,S(NC=1C=C2/C(/C(=O)NC2=CC1)=C/C3=C(C=4C(=O)CCCC4N3)CCC(N5CCOCC5)=O)(=O)(=O)C=6C=CC=CC6,MACCS,0.66,CCS(=O)(=O)NCC[C@@H]1CC[C@@H](NC(=O)C2CCCCC2)[C@H](CO)O1
800,AURKB,0.86,N(C1=NC=C(C(=N1)NCCCNC(=O)C2CCC2)C3CC3)C4=CN(N=C4)C,Morgan,0.17,CCS(=O)(=O)NCC[C@@H]1CC[C@@H](NC(=O)C2CCCCC2)[C@H](CO)O1
801,AURKB,0.85,O=C(NC=1C=C2C(C3=CC=CC=C3)=CNC2=NC1)C=4C=CC(OC)=CC4,Morgan,0.28,COc1ccc(cc1)C2(CC2)C(=O)N3CCC(CC3)n4nc(oc4=O)c5ccccc5
802,AURKB,0.85,O=C(NC=1C=C2C(C3=CC=CC=C3)=CNC2=NC1)C=4C=CC(OC)=CC4,Morgan,0.28,COc1ccc(cc1)C2(CC2)C(=O)N3CCC(CC3)n4nc(oc4=O)c5ccccc5
803,AURKB,0.85,O=C(NC=1C=C2C(C3=CC=CC=C3)=CNC2=NC1)C=4C=CC(OC)=CC4,Morgan,0.28,COc1ccc(cc1)C2(CC2)C(=O)N3CCC(CC3)n4nc(oc4=O)c5ccccc5
804,AURKB,0.86,FC=1C=CC(C(=O)NC=2C=C(C3NC=4C(C5C3CC=C5)=C6C(=CC4)C=CC=C6)C=CC2)=CC1,Morgan,0.32,Fc1ccc(cc1)C(=O)OCc1ccc(CSc2nnc(o2)-c2cccc3ccccc23)cc1
805,AURKB,0.86,FC=1C=CC(C(=O)NC=2C=C(C3NC=4C(C5C3CC=C5)=C6C(=CC4)C=CC=C6)C=CC2)=CC1,Morgan,0.32,Fc1ccc(cc1)C(=O)OCc1ccc(CSc2nnc(o2)-c2cccc3ccccc23)cc1
806,AURKB,0.85,O=C(NC=1C=C2C(C3=CC=CC=C3)=CNC2=NC1)C=4C=CC(OC)=CC4,Morgan,0.28,COc1ccc(cc1)C2(CC2)C(=O)N3CCC(CC3)n4nc(oc4=O)c5ccccc5
807,AURKB,0.85,O=C(NC=1C=C2C(C3=CC=CC=C3)=CNC2=NC1)C=4C=CC(OC)=CC4,Morgan,0.28,COc1ccc(cc1)C2(CC2)C(=O)N3CCC(CC3)n4nc(oc4=O)c5ccccc5
808,AURKB,0.85,O=C(NC=1C=C2C(C3=CC=CC=C3)=CNC2=NC1)C=4C=CC(OC)=CC4,Morgan,0.28,COc1ccc(cc1)C2(CC2)C(=O)N3CCC(CC3)n4nc(oc4=O)c5ccccc5
809,AURKB,0.86,FC=1C=CC(C(=O)NC=2C=C(C3NC=4C(C5C3CC=C5)=C6C(=CC4)C=CC=C6)C=CC2)=CC1,Morgan,0.32,Fc1ccc(cc1)C(=O)OCc1ccc(CSc2nnc(o2)-c2cccc3ccccc23)cc1
810,AURKB,0.00,C=1(C(=C(C=C(C1Br)Br)/C=C/C(=O)O)Br)Br,Morgan,0.23,Brc1c(Br)c(Br)c2[nH]nnc2c1Br
811,AURKB,0.85,O=C(NC=1C=C2C(C3=CC=CC=C3)=CNC2=NC1)C=4C=CC(OC)=CC4,Morgan,0.28,COc1ccc(cc1)C2(CC2)C(=O)N3CCC(CC3)n4nc(oc4=O)c5ccccc5
812,AURKB,0.85,O=C(NC=1C=C2C(C3=CC=CC=C3)=CNC2=NC1)C=4C=CC(OC)=CC4,Morgan,0.28,COc1ccc(cc1)C2(CC2)C(=O)N3CCC(CC3)n4nc(oc4=O)c5ccccc5
813,AURKB,0.85,O=C(NC=1C=C2C(C3=CC=CC=C3)=CNC2=NC1)C=4C=CC(OC)=CC4,Morgan,0.28,COc1ccc(cc1)C2(CC2)C(=O)N3CCC(CC3)n4nc(oc4=O)c5ccccc5
814,AURKB,0.86,N(C1=NC=C(C(=N1)NCCCNC(=O)C2CCC2)C3CC3)C4=CN(N=C4)C,Morgan,0.17,CCS(=O)(=O)NCC[C@@H]1CC[C@@H](NC(=O)C2CCCCC2)[C@H](CO)O1
815,AURKB,0.86,N(C1=NC=C(C(=N1)NCCCNC(=O)C2CCC2)C3CC3)C4=CN(N=C4)C,Morgan,0.17,CCS(=O)(=O)NCC[C@@H]1CC[C@@H](NC(=O)C2CCCCC2)[C@H](CO)O1
816,AURKB,0.86,FC=1C=CC(C(=O)NC=2C=C(C3NC=4C(C5C3CC=C5)=C6C(=CC4)C=CC=C6)C=CC2)=CC1,Morgan,0.32,Fc1ccc(cc1)C(=O)OCc1ccc(CSc2nnc(o2)-c2cccc3ccccc23)cc1
817,AURKB,0.86,N(C1=NC=C(C(=N1)NCCCNC(=O)C2CCC2)C3CC3)C4=CN(N=C4)C,Morgan,0.17,CCS(=O)(=O)NCC[C@@H]1CC[C@@H](NC(=O)C2CCCCC2)[C@H](CO)O1
818,AURKB,0.86,N(C1=NC=C(C(=N1)NCCCNC(=O)C2CCC2)C3CC3)C4=CN(N=C4)C,Morgan,0.17,CCS(=O)(=O)NCC[C@@H]1CC[C@@H](NC(=O)C2CCCCC2)[C@H](CO)O1
819,AURKB,0.00,C=1(C(=C(C=C(C1Br)Br)/C=C/C(=O)O)Br)Br,Morgan,0.23,Brc1c(Br)c(Br)c2[nH]nnc2c1Br
820,AURKB,0.85,O=C(NC=1C=C2C(C3=CC=CC=C3)=CNC2=NC1)C=4C=CC(OC)=CC4,Morgan,0.28,COc1ccc(cc1)C2(CC2)C(=O)N3CCC(CC3)n4nc(oc4=O)c5ccccc5
821,AURKB,0.86,FC=1C=CC(C(=O)NC=2C=C(C3NC=4C(C5C3CC=C5)=C6C(=CC4)C=CC=C6)C=CC2)=CC1,Morgan,0.32,Fc1ccc(cc1)C(=O)OCc1ccc(CSc2nnc(o2)-c2cccc3ccccc23)cc1
822,AURKB,0.86,N(C1=NC=C(C(=N1)NCCCNC(=O)C2CCC2)C3CC3)C4=CN(N=C4)C,Morgan,0.17,CCS(=O)(=O)NCC[C@@H]1CC[C@@H](NC(=O)C2CCCCC2)[C@H](CO)O1
823,AURKB,0.86,N(C1=NC=C(C(=N1)NCCCNC(=O)C2CCC2)C3CC3)C4=CN(N=C4)C,Morgan,0.17,CCS(=O)(=O)NCC[C@@H]1CC[C@@H](NC(=O)C2CCCCC2)[C@H](CO)O1
824,AURKB,0.86,N(C1=NC=C(C(=N1)NCCCNC(=O)C2CCC2)C3CC3)C4=CN(N=C4)C,Morgan,0.17,CCS(=O)(=O)NCC[C@@H]1CC[C@@H](NC(=O)C2CCCCC2)[C@H](CO)O1
825,AURKB,0.86,FC=1C=CC(C(=O)NC=2C=C(C3NC=4C(C5C3CC=C5)=C6C(=CC4)C=CC=C6)C=CC2)=CC1,Morgan,0.32,Fc1ccc(cc1)C(=O)OCc1ccc(CSc2nnc(o2)-c2cccc3ccccc23)cc1
826,AURKB,0.86,FC=1C=CC(C(=O)NC=2C=C(C3NC=4C(C5C3CC=C5)=C6C(=CC4)C=CC=C6)C=CC2)=CC1,Morgan,0.32,Fc1ccc(cc1)C(=O)OCc1ccc(CSc2nnc(o2)-c2cccc3ccccc23)cc1
827,AURKB,0.85,O=C(NC=1C=C2C(C3=CC=CC=C3)=CNC2=NC1)C=4C=CC(OC)=CC4,Morgan,0.28,COc1ccc(cc1)C2(CC2)C(=O)N3CCC(CC3)n4nc(oc4=O)c5ccccc5
828,AURKB,0.85,O=C(NC=1C=C2C(C3=CC=CC=C3)=CNC2=NC1)C=4C=CC(OC)=CC4,Morgan,0.28,COc1ccc(cc1)C2(CC2)C(=O)N3CCC(CC3)n4nc(oc4=O)c5ccccc5
829,AURKB,0.85,O=C(NC=1C=C2C(C3=CC=CC=C3)=CNC2=NC1)C=4C=CC(OC)=CC4,Morgan,0.28,COc1ccc(cc1)C2(CC2)C(=O)N3CCC(CC3)n4nc(oc4=O)c5ccccc5
830,AURKB,0.86,FC=1C=CC(C(=O)NC=2C=C(C3NC=4C(C5C3CC=C5)=C6C(=CC4)C=CC=C6)C=CC2)=CC1,Morgan,0.32,Fc1ccc(cc1)C(=O)OCc1ccc(CSc2nnc(o2)-c2cccc3ccccc23)cc1
831,AURKB,0.85,O=C(NC=1C=C2C(C3=CC=CC=C3)=CNC2=NC1)C=4C=CC(OC)=CC4,Morgan,0.28,COc1ccc(cc1)C2(CC2)C(=O)N3CCC(CC3)n4nc(oc4=O)c5ccccc5
832,AURKB,0.00,C=1(C(=C(C=C(C1Br)Br)/C=C/C(=O)O)Br)Br,Morgan,0.23,Brc1c(Br)c(Br)c2[nH]nnc2c1Br
833,AURKB,0.86,FC=1C=CC(C(=O)NC=2C=C(C3NC=4C(C5C3CC=C5)=C6C(=CC4)C=CC=C6)C=CC2)=CC1,Morgan,0.32,Fc1ccc(cc1)C(=O)OCc1ccc(CSc2nnc(o2)-c2cccc3ccccc23)cc1
834,AURKB,0.85,O=C(NC=1C=C2C(C3=CC=CC=C3)=CNC2=NC1)C=4C=CC(OC)=CC4,Morgan,0.28,COc1ccc(cc1)C2(CC2)C(=O)N3CCC(CC3)n4nc(oc4=O)c5ccccc5
835,AURKB,0.00,C=1(C(=C(C=C(C1Br)Br)/C=C/C(=O)O)Br)Br,Morgan,0.23,Brc1c(Br)c(Br)c2[nH]nnc2c1Br
836,AURKB,0.00,C=1(C(=C(C=C(C1Br)Br)/C=C/C(=O)O)Br)Br,Morgan,0.23,Brc1c(Br)c(Br)c2[nH]nnc2c1Br
837,AURKB,0.86,FC=1C=CC(C(=O)NC=2C=C(C3NC=4C(C5C3CC=C5)=C6C(=CC4)C=CC=C6)C=CC2)=CC1,Morgan,0.32,Fc1ccc(cc1)C(=O)OCc1ccc(CSc2nnc(o2)-c2cccc3ccccc23)cc1
838,AURKB,0.86,FC=1C=CC(C(=O)NC=2C=C(C3NC=4C(C5C3CC=C5)=C6C(=CC4)C=CC=C6)C=CC2)=CC1,Morgan,0.32,Fc1ccc(cc1)C(=O)OCc1ccc(CSc2nnc(o2)-c2cccc3ccccc23)cc1
839,AURKB,0.86,FC=1C=CC(C(=O)NC=2C=C(C3NC=4C(C5C3CC=C5)=C6C(=CC4)C=CC=C6)C=CC2)=CC1,Morgan,0.32,Fc1ccc(cc1)C(=O)OCc1ccc(CSc2nnc(o2)-c2cccc3ccccc23)cc1
840,AURKB,0.00,C=1(C(=C(C=C(C1Br)Br)/C=C/C(=O)O)Br)Br,Morgan,0.23,Brc1c(Br)c(Br)c2[nH]nnc2c1Br
841,AURKB,0.85,O=C(NC=1C=C2C(C3=CC=CC=C3)=CNC2=NC1)C=4C=CC(OC)=CC4,Morgan,0.28,COc1ccc(cc1)C2(CC2)C(=O)N3CCC(CC3)n4nc(oc4=O)c5ccccc5
842,AURKB,0.86,FC=1C=CC(C(=O)NC=2C=C(C3NC=4C(C5C3CC=C5)=C6C(=CC4)C=CC=C6)C=CC2)=CC1,Morgan,0.32,Fc1ccc(cc1)C(=O)OCc1ccc(CSc2nnc(o2)-c2cccc3ccccc23)cc1
843,AURKB,0.85,O=C(NC=1C=C2C(C3=CC=CC=C3)=CNC2=NC1)C=4C=CC(OC)=CC4,Morgan,0.28,COc1ccc(cc1)C2(CC2)C(=O)N3CCC(CC3)n4nc(oc4=O)c5ccccc5
844,AURKB,0.86,N(C1=NC=C(C(=N1)NCCCNC(=O)C2CCC2)C3CC3)C4=CN(N=C4)C,Morgan,0.17,CCS(=O)(=O)NCC[C@@H]1CC[C@@H](NC(=O)C2CCCCC2)[C@H](CO)O1
845,AURKB,0.86,FC=1C=CC(C(=O)NC=2C=C(C3NC=4C(C5C3CC=C5)=C6C(=CC4)C=CC=C6)C=CC2)=CC1,Morgan,0.32,Fc1ccc(cc1)C(=O)OCc1ccc(CSc2nnc(o2)-c2cccc3ccccc23)cc1
846,AURKB,0.86,FC=1C=CC(C(=O)NC=2C=C(C3NC=4C(C5C3CC=C5)=C6C(=CC4)C=CC=C6)C=CC2)=CC1,Morgan,0.32,Fc1ccc(cc1)C(=O)OCc1ccc(CSc2nnc(o2)-c2cccc3ccccc23)cc1
847,AURKB,0.86,FC=1C=CC(C(=O)NC=2C=C(C3NC=4C(C5C3CC=C5)=C6C(=CC4)C=CC=C6)C=CC2)=CC1,Morgan,0.32,Fc1ccc(cc1)C(=O)OCc1ccc(CSc2nnc(o2)-c2cccc3ccccc23)cc1
848,AURKB,0.86,FC=1C=CC(C(=O)NC=2C=C(C3NC=4C(C5C3CC=C5)=C6C(=CC4)C=CC=C6)C=CC2)=CC1,Morgan,0.32,Fc1ccc(cc1)C(=O)OCc1ccc(CSc2nnc(o2)-c2cccc3ccccc23)cc1
849,AURKB,0.86,N(C1=NC=C(C(=N1)NCCCNC(=O)C2CCC2)C3CC3)C4=CN(N=C4)C,Morgan,0.17,CCS(=O)(=O)NCC[C@@H]1CC[C@@H](NC(=O)C2CCCCC2)[C@H](CO)O1
850,AURKB,0.00,C=1(C(=C(C=C(C1Br)Br)/C=C/C(=O)O)Br)Br,Morgan,0.23,Brc1c(Br)c(Br)c2[nH]nnc2c1Br
851,AURKB,0.86,FC=1C=CC(C(=O)NC=2C=C(C3NC=4C(C5C3CC=C5)=C6C(=CC4)C=CC=C6)C=CC2)=CC1,Morgan,0.32,Fc1ccc(cc1)C(=O)OCc1ccc(CSc2nnc(o2)-c2cccc3ccccc23)cc1
852,AURKB,0.85,O=C(NC=1C=C2C(C3=CC=CC=C3)=CNC2=NC1)C=4C=CC(OC)=CC4,Morgan,0.28,COc1ccc(cc1)C2(CC2)C(=O)N3CCC(CC3)n4nc(oc4=O)c5ccccc5
853,AURKB,0.00,C=1(C(=C(C=C(C1Br)Br)/C=C/C(=O)O)Br)Br,Morgan,0.23,Brc1c(Br)c(Br)c2[nH]nnc2c1Br
854,AURKB,0.85,O=C(NC=1C=C2C(C3=CC=CC=C3)=CNC2=NC1)C=4C=CC(OC)=CC4,Morgan,0.28,COc1ccc(cc1)C2(CC2)C(=O)N3CCC(CC3)n4nc(oc4=O)c5ccccc5
855,AURKB,0.85,O=C(NC=1C=C2C(C3=CC=CC=C3)=CNC2=NC1)C=4C=CC(OC)=CC4,Morgan,0.28,COc1ccc(cc1)C2(CC2)C(=O)N3CCC(CC3)n4nc(oc4=O)c5ccccc5
856,AURKB,0.85,O=C(NC=1C=C2C(C3=CC=CC=C3)=CNC2=NC1)C=4C=CC(OC)=CC4,Morgan,0.28,COc1ccc(cc1)C2(CC2)C(=O)N3CCC(CC3)n4nc(oc4=O)c5ccccc5
857,AURKB,0.86,N(C1=NC=C(C(=N1)NCCCNC(=O)C2CCC2)C3CC3)C4=CN(N=C4)C,Morgan,0.17,CCS(=O)(=O)NCC[C@@H]1CC[C@@H](NC(=O)C2CCCCC2)[C@H](CO)O1
858,AURKB,0.85,O=C(NC=1C=C2C(C3=CC=CC=C3)=CNC2=NC1)C=4C=CC(OC)=CC4,Morgan,0.28,COc1ccc(cc1)C2(CC2)C(=O)N3CCC(CC3)n4nc(oc4=O)c5ccccc5
859,AURKB,0.00,C=1(C(=C(C=C(C1Br)Br)/C=C/C(=O)O)Br)Br,Morgan,0.23,Brc1c(Br)c(Br)c2[nH]nnc2c1Br
860,AURKB,0.85,O=C(NC=1C=C2C(C3=CC=CC=C3)=CNC2=NC1)C=4C=CC(OC)=CC4,Morgan,0.28,COc1ccc(cc1)C2(CC2)C(=O)N3CCC(CC3)n4nc(oc4=O)c5ccccc5
861,AURKB,0.85,O=C(NC=1C=C2C(C3=CC=CC=C3)=CNC2=NC1)C=4C=CC(OC)=CC4,Morgan,0.28,COc1ccc(cc1)C2(CC2)C(=O)N3CCC(CC3)n4nc(oc4=O)c5ccccc5
862,AURKB,0.86,N(C1=NC=C(C(=N1)NCCCNC(=O)C2CCC2)C3CC3)C4=CN(N=C4)C,Morgan,0.17,CCS(=O)(=O)NCC[C@@H]1CC[C@@H](NC(=O)C2CCCCC2)[C@H](CO)O1
863,AURKB,0.85,O=C(NC=1C=C2C(C3=CC=CC=C3)=CNC2=NC1)C=4C=CC(OC)=CC4,Morgan,0.28,COc1ccc(cc1)C2(CC2)C(=O)N3CCC(CC3)n4nc(oc4=O)c5ccccc5
864,AURKB,0.85,O=C(NC=1C=C2C(C3=CC=CC=C3)=CNC2=NC1)C=4C=CC(OC)=CC4,Morgan,0.28,COc1ccc(cc1)C2(CC2)C(=O)N3CCC(CC3)n4nc(oc4=O)c5ccccc5
865,AURKB,0.85,O=C(NC=1C=C2C(C3=CC=CC=C3)=CNC2=NC1)C=4C=CC(OC)=CC4,Morgan,0.28,COc1ccc(cc1)C2(CC2)C(=O)N3CCC(CC3)n4nc(oc4=O)c5ccccc5
866,AURKB,0.86,FC=1C=CC(C(=O)NC=2C=C(C3NC=4C(C5C3CC=C5)=C6C(=CC4)C=CC=C6)C=CC2)=CC1,Morgan,0.32,Fc1ccc(cc1)C(=O)OCc1ccc(CSc2nnc(o2)-c2cccc3ccccc23)cc1
867,AURKB,0.85,O=C(NC=1C=C2C(C3=CC=CC=C3)=CNC2=NC1)C=4C=CC(OC)=CC4,Morgan,0.28,COc1ccc(cc1)C2(CC2)C(=O)N3CCC(CC3)n4nc(oc4=O)c5ccccc5
868,AURKB,0.86,FC=1C=CC(C(=O)NC=2C=C(C3NC=4C(C5C3CC=C5)=C6C(=CC4)C=CC=C6)C=CC2)=CC1,Morgan,0.32,Fc1ccc(cc1)C(=O)OCc1ccc(CSc2nnc(o2)-c2cccc3ccccc23)cc1
869,AURKB,0.00,C=1(C(=C(C=C(C1Br)Br)/C=C/C(=O)O)Br)Br,Morgan,0.23,Brc1c(Br)c(Br)c2[nH]nnc2c1Br
870,AURKB,0.86,FC=1C=CC(C(=O)NC=2C=C(C3NC=4C(C5C3CC=C5)=C6C(=CC4)C=CC=C6)C=CC2)=CC1,Morgan,0.32,Fc1ccc(cc1)C(=O)OCc1ccc(CSc2nnc(o2)-c2cccc3ccccc23)cc1
871,AURKB,0.86,FC=1C=CC(C(=O)NC=2C=C(C3NC=4C(C5C3CC=C5)=C6C(=CC4)C=CC=C6)C=CC2)=CC1,Morgan,0.32,Fc1ccc(cc1)C(=O)OCc1ccc(CSc2nnc(o2)-c2cccc3ccccc23)cc1
872,AURKB,0.85,O=C(NC=1C=C2C(C3=CC=CC=C3)=CNC2=NC1)C=4C=CC(OC)=CC4,Morgan,0.28,COc1ccc(cc1)C2(CC2)C(=O)N3CCC(CC3)n4nc(oc4=O)c5ccccc5
873,AURKB,0.85,O=C(NC=1C=C2C(C3=CC=CC=C3)=CNC2=NC1)C=4C=CC(OC)=CC4,Morgan,0.28,COc1ccc(cc1)C2(CC2)C(=O)N3CCC(CC3)n4nc(oc4=O)c5ccccc5
874,AURKB,0.00,C=1(C(=C(C=C(C1Br)Br)/C=C/C(=O)O)Br)Br,Morgan,0.23,Brc1c(Br)c(Br)c2[nH]nnc2c1Br
875,AURKB,0.86,N(C1=NC=C(C(=N1)NCCCNC(=O)C2CCC2)C3CC3)C4=CN(N=C4)C,Morgan,0.17,CCS(=O)(=O)NCC[C@@H]1CC[C@@H](NC(=O)C2CCCCC2)[C@H](CO)O1
876,AURKB,0.00,C=1(C(=C(C=C(C1Br)Br)/C=C/C(=O)O)Br)Br,Morgan,0.23,Brc1c(Br)c(Br)c2[nH]nnc2c1Br
877,AURKB,0.00,C=1(C(=C(C=C(C1Br)Br)/C=C/C(=O)O)Br)Br,Morgan,0.23,Brc1c(Br)c(Br)c2[nH]nnc2c1Br
878,AURKB,0.00,C=1(C(=C(C=C(C1Br)Br)/C=C/C(=O)O)Br)Br,Morgan,0.23,Brc1c(Br)c(Br)c2[nH]nnc2c1Br
879,AURKB,0.86,N(C1=NC=C(C(=N1)NCCCNC(=O)C2CCC2)C3CC3)C4=CN(N=C4)C,Morgan,0.17,CCS(=O)(=O)NCC[C@@H]1CC[C@@H](NC(=O)C2CCCCC2)[C@H](CO)O1
880,AURKB,0.85,O=C(NC=1C=C2C(C3=CC=CC=C3)=CNC2=NC1)C=4C=CC(OC)=CC4,Morgan,0.28,COc1ccc(cc1)C2(CC2)C(=O)N3CCC(CC3)n4nc(oc4=O)c5ccccc5
881,AURKB,0.85,O=C(NC=1C=C2C(C3=CC=CC=C3)=CNC2=NC1)C=4C=CC(OC)=CC4,Morgan,0.28,COc1ccc(cc1)C2(CC2)C(=O)N3CCC(CC3)n4nc(oc4=O)c5ccccc5
882,AURKB,0.86,N(C1=NC=C(C(=N1)NCCCNC(=O)C2CCC2)C3CC3)C4=CN(N=C4)C,Morgan,0.17,CCS(=O)(=O)NCC[C@@H]1CC[C@@H](NC(=O)C2CCCCC2)[C@H](CO)O1
883,AURKB,0.86,FC=1C=CC(C(=O)NC=2C=C(C3NC=4C(C5C3CC=C5)=C6C(=CC4)C=CC=C6)C=CC2)=CC1,Morgan,0.32,Fc1ccc(cc1)C(=O)OCc1ccc(CSc2nnc(o2)-c2cccc3ccccc23)cc1
884,AURKB,0.86,FC=1C=CC(C(=O)NC=2C=C(C3NC=4C(C5C3CC=C5)=C6C(=CC4)C=CC=C6)C=CC2)=CC1,Morgan,0.32,Fc1ccc(cc1)C(=O)OCc1ccc(CSc2nnc(o2)-c2cccc3ccccc23)cc1
885,AURKB,0.86,FC=1C=CC(C(=O)NC=2C=C(C3NC=4C(C5C3CC=C5)=C6C(=CC4)C=CC=C6)C=CC2)=CC1,Morgan,0.32,Fc1ccc(cc1)C(=O)OCc1ccc(CSc2nnc(o2)-c2cccc3ccccc23)cc1
886,AURKB,0.86,FC=1C=CC(C(=O)NC=2C=C(C3NC=4C(C5C3CC=C5)=C6C(=CC4)C=CC=C6)C=CC2)=CC1,Morgan,0.32,Fc1ccc(cc1)C(=O)OCc1ccc(CSc2nnc(o2)-c2cccc3ccccc23)cc1
887,AURKB,0.85,O=C(NC=1C=C2C(C3=CC=CC=C3)=CNC2=NC1)C=4C=CC(OC)=CC4,Morgan,0.28,COc1ccc(cc1)C2(CC2)C(=O)N3CCC(CC3)n4nc(oc4=O)c5ccccc5
888,AURKB,0.86,FC=1C=CC(C(=O)NC=2C=C(C3NC=4C(C5C3CC=C5)=C6C(=CC4)C=CC=C6)C=CC2)=CC1,Morgan,0.32,Fc1ccc(cc1)C(=O)OCc1ccc(CSc2nnc(o2)-c2cccc3ccccc23)cc1
889,AURKB,0.85,O=C(NC=1C=C2C(C3=CC=CC=C3)=CNC2=NC1)C=4C=CC(OC)=CC4,Morgan,0.28,COc1ccc(cc1)C2(CC2)C(=O)N3CCC(CC3)n4nc(oc4=O)c5ccccc5
890,AURKB,0.86,N(C1=NC=C(C(=N1)NCCCNC(=O)C2CCC2)C3CC3)C4=CN(N=C4)C,Morgan,0.17,CCS(=O)(=O)NCC[C@@H]1CC[C@@H](NC(=O)C2CCCCC2)[C@H](CO)O1
891,AURKB,0.86,N(C1=NC=C(C(=N1)NCCCNC(=O)C2CCC2)C3CC3)C4=CN(N=C4)C,Morgan,0.17,CCS(=O)(=O)NCC[C@@H]1CC[C@@H](NC(=O)C2CCCCC2)[C@H](CO)O1
892,AURKB,0.85,O=C(NC=1C=C2C(C3=CC=CC=C3)=CNC2=NC1)C=4C=CC(OC)=CC4,Morgan,0.28,COc1ccc(cc1)C2(CC2)C(=O)N3CCC(CC3)n4nc(oc4=O)c5ccccc5
893,AURKB,0.85,O=C(NC=1C=C2C(C3=CC=CC=C3)=CNC2=NC1)C=4C=CC(OC)=CC4,Morgan,0.28,COc1ccc(cc1)C2(CC2)C(=O)N3CCC(CC3)n4nc(oc4=O)c5ccccc5
894,AURKB,0.86,FC=1C=CC(C(=O)NC=2C=C(C3NC=4C(C5C3CC=C5)=C6C(=CC4)C=CC=C6)C=CC2)=CC1,Morgan,0.32,Fc1ccc(cc1)C(=O)OCc1ccc(CSc2nnc(o2)-c2cccc3ccccc23)cc1
895,AURKB,0.86,N(C1=NC=C(C(=N1)NCCCNC(=O)C2CCC2)C3CC3)C4=CN(N=C4)C,Morgan,0.17,CCS(=O)(=O)NCC[C@@H]1CC[C@@H](NC(=O)C2CCCCC2)[C@H](CO)O1
896,AURKB,0.86,N(C1=NC=C(C(=N1)NCCCNC(=O)C2CCC2)C3CC3)C4=CN(N=C4)C,Morgan,0.17,CCS(=O)(=O)NCC[C@@H]1CC[C@@H](NC(=O)C2CCCCC2)[C@H](CO)O1
897,AURKB,0.86,FC=1C=CC(C(=O)NC=2C=C(C3NC=4C(C5C3CC=C5)=C6C(=CC4)C=CC=C6)C=CC2)=CC1,Morgan,0.32,Fc1ccc(cc1)C(=O)OCc1ccc(CSc2nnc(o2)-c2cccc3ccccc23)cc1
898,AURKB,0.85,O=C(NC=1C=C2C(C3=CC=CC=C3)=CNC2=NC1)C=4C=CC(OC)=CC4,Morgan,0.28,COc1ccc(cc1)C2(CC2)C(=O)N3CCC(CC3)n4nc(oc4=O)c5ccccc5
899,AURKB,0.86,N(C1=NC=C(C(=N1)NCCCNC(=O)C2CCC2)C3CC3)C4=CN(N=C4)C,Morgan,0.17,CCS(=O)(=O)NCC[C@@H]1CC[C@@H](NC(=O)C2CCCCC2)[C@H](CO)O1
900,CTSK,0.83,S(=O)(C=1C=C(C=2N=C(N=C(CCC)C2)C#N)C=CC1)(C)=O,Fraggle,0.33,Cc1noc(C)c1C(c2ccccc2)S(=O)(=O)c3ccc(C)cc3
901,CTSK,0.79,N1(S(=O)(=O)C)CC(NC([C@@H](N[C@H](C(F)(F)F)C2=CC=C(C=C2)C3=CC=C(C=C3)S(C)(=O)=O)CC(F)(C)C)=O)C(C1)=O,Fraggle,0.35,C[C@@H](CO)N1C[C@@H](C)[C@@H](CN(C)Cc2ccc(Cl)c(Cl)c2)Oc3c(NS(=O)(=O)c4cccs4)cccc3C1=O
902,CTSK,0.78,C1(=NN(C=2C(Cl)=CC=CC2)C=N1)C(N[C@H](C(=O)NCCNC3=CC=C(C=C3)OC)CC(C)C)=O,Fraggle,0.43,C[C@@H](O)CNC(C)(C)CC(=O)N[C@@H]1CCc2ccccc2N(Cc3ccc(cc3)c4ccccc4c5nn[nH]n5)C1=O
903,CTSK,0.79,N1(S(=O)(=O)C)CC(NC([C@@H](N[C@H](C(F)(F)F)C2=CC=C(C=C2)C3=CC=C(C=C3)S(C)(=O)=O)CC(F)(C)C)=O)C(C1)=O,Fraggle,0.35,C[C@@H](CO)N1C[C@@H](C)[C@@H](CN(C)Cc2ccc(Cl)c(Cl)c2)Oc3c(NS(=O)(=O)c4cccs4)cccc3C1=O
904,CTSK,0.85,S(C[C@H]1[C@@H](CCCC1)C(=O)NCC#N)C=2OC(=NN2)C=3C=CN=CC3,Fraggle,0.46,Fc1ccc(cc1)C(=O)OCc1ccc(CSc2nnc(o2)-c2cccc3ccccc23)cc1
905,CTSK,0.84,FC1=CC2=C(N(C[C@@H](NC(=O)[C@@H](NC(=O)C3=CC(OC)=CC=C3)CCC4CCCCC4)[C@H](O)C)CC2)C=C1,Fraggle,0.40,COc1c(N2CCNC(C)C2)c(F)cc2c1n(cc(C(O)=O)c2=O)C1CC1
906,CTSK,0.85,S(C[C@H]1[C@@H](CCCC1)C(=O)NCC#N)C=2OC(=NN2)C=3C=CN=CC3,Fraggle,0.46,Fc1ccc(cc1)C(=O)OCc1ccc(CSc2nnc(o2)-c2cccc3ccccc23)cc1
907,CTSK,0.85,N(S(CC=1C=CC=CC1)(=O)=O)C2=CC=C(C(=O)N[C@H](C(N[C@@H]3C(CO[C@H]3CC)=O)=O)CC4(CCCC4)C)C=C2,Fraggle,0.46,CCS(=O)(=O)NCC[C@@H]1CC[C@@H](NC(=O)C2CCCCC2)[C@H](CO)O1
908,CTSK,0.85,N(S(CC=1C=CC=CC1)(=O)=O)C2=CC=C(C(=O)N[C@H](C(N[C@@H]3C(CO[C@H]3CC)=O)=O)CC4(CCCC4)C)C=C2,Fraggle,0.46,CCS(=O)(=O)NCC[C@@H]1CC[C@@H](NC(=O)C2CCCCC2)[C@H](CO)O1
909,CTSK,0.85,N(S(CC=1C=CC=CC1)(=O)=O)C2=CC=C(C(=O)N[C@H](C(N[C@@H]3C(CO[C@H]3CC)=O)=O)CC4(CCCC4)C)C=C2,Fraggle,0.46,CCS(=O)(=O)NCC[C@@H]1CC[C@@H](NC(=O)C2CCCCC2)[C@H](CO)O1
910,CTSK,0.84,FC1=CC2=C(N(C[C@@H](NC(=O)[C@@H](NC(=O)C3=CC(OC)=CC=C3)CCC4CCCCC4)[C@H](O)C)CC2)C=C1,Fraggle,0.40,COc1c(N2CCNC(C)C2)c(F)cc2c1n(cc(C(O)=O)c2=O)C1CC1
911,CTSK,0.84,FC1=CC2=C(N(C[C@@H](NC(=O)[C@@H](NC(=O)C3=CC(OC)=CC=C3)CCC4CCCCC4)[C@H](O)C)CC2)C=C1,Fraggle,0.40,COc1c(N2CCNC(C)C2)c(F)cc2c1n(cc(C(O)=O)c2=O)C1CC1
912,CTSK,0.79,N1(S(=O)(=O)C)CC(NC([C@@H](N[C@H](C(F)(F)F)C2=CC=C(C=C2)C3=CC=C(C=C3)S(C)(=O)=O)CC(F)(C)C)=O)C(C1)=O,Fraggle,0.35,C[C@@H](CO)N1C[C@@H](C)[C@@H](CN(C)Cc2ccc(Cl)c(Cl)c2)Oc3c(NS(=O)(=O)c4cccs4)cccc3C1=O
913,CTSK,0.84,FC1=CC2=C(N(C[C@@H](NC(=O)[C@@H](NC(=O)C3=CC(OC)=CC=C3)CCC4CCCCC4)[C@H](O)C)CC2)C=C1,Fraggle,0.40,COc1c(N2CCNC(C)C2)c(F)cc2c1n(cc(C(O)=O)c2=O)C1CC1
914,CTSK,0.00,FC(F)(F)C=1C=C(C=2NC(=C3N=CN=C3C2)C#N)C=CC1,Fraggle,0.00,Brc1c(Br)c(Br)c2[nH]nnc2c1Br
915,CTSK,0.84,FC1=CC2=C(N(C[C@@H](NC(=O)[C@@H](NC(=O)C3=CC(OC)=CC=C3)CCC4CCCCC4)[C@H](O)C)CC2)C=C1,Fraggle,0.40,COc1c(N2CCNC(C)C2)c(F)cc2c1n(cc(C(O)=O)c2=O)C1CC1
916,CTSK,0.85,S(C[C@H]1[C@@H](CCCC1)C(=O)NCC#N)C=2OC(=NN2)C=3C=CN=CC3,Fraggle,0.46,Fc1ccc(cc1)C(=O)OCc1ccc(CSc2nnc(o2)-c2cccc3ccccc23)cc1
917,CTSK,0.85,S(C[C@H]1[C@@H](CCCC1)C(=O)NCC#N)C=2OC(=NN2)C=3C=CN=CC3,Fraggle,0.46,Fc1ccc(cc1)C(=O)OCc1ccc(CSc2nnc(o2)-c2cccc3ccccc23)cc1
918,CTSK,0.85,N(S(CC=1C=CC=CC1)(=O)=O)C2=CC=C(C(=O)N[C@H](C(N[C@@H]3C(CO[C@H]3CC)=O)=O)CC4(CCCC4)C)C=C2,Fraggle,0.46,CCS(=O)(=O)NCC[C@@H]1CC[C@@H](NC(=O)C2CCCCC2)[C@H](CO)O1
919,CTSK,0.85,S(C[C@H]1[C@@H](CCCC1)C(=O)NCC#N)C=2OC(=NN2)C=3C=CN=CC3,Fraggle,0.46,Fc1ccc(cc1)C(=O)OCc1ccc(CSc2nnc(o2)-c2cccc3ccccc23)cc1
920,CTSK,0.85,S(C[C@H]1[C@@H](CCCC1)C(=O)NCC#N)C=2OC(=NN2)C=3C=CN=CC3,Fraggle,0.46,Fc1ccc(cc1)C(=O)OCc1ccc(CSc2nnc(o2)-c2cccc3ccccc23)cc1
921,CTSK,0.85,S(C[C@H]1[C@@H](CCCC1)C(=O)NCC#N)C=2OC(=NN2)C=3C=CN=CC3,Fraggle,0.46,Fc1ccc(cc1)C(=O)OCc1ccc(CSc2nnc(o2)-c2cccc3ccccc23)cc1
922,CTSK,0.79,N1(S(=O)(=O)C)CC(NC([C@@H](N[C@H](C(F)(F)F)C2=CC=C(C=C2)C3=CC=C(C=C3)S(C)(=O)=O)CC(F)(C)C)=O)C(C1)=O,Fraggle,0.35,C[C@@H](CO)N1C[C@@H](C)[C@@H](CN(C)Cc2ccc(Cl)c(Cl)c2)Oc3c(NS(=O)(=O)c4cccs4)cccc3C1=O
923,CTSK,0.84,N1=C(N=CC=2C=C(N(CCC3CCCCC3)C21)CSC=4C=CN=CC4)C#N,Fraggle,0.31,Cn1nnnc1Sc2ncnc3scc(c4cccc5ccccc45)c23
924,CTSK,0.85,S(C[C@H]1[C@@H](CCCC1)C(=O)NCC#N)C=2OC(=NN2)C=3C=CN=CC3,Fraggle,0.46,Fc1ccc(cc1)C(=O)OCc1ccc(CSc2nnc(o2)-c2cccc3ccccc23)cc1
925,CTSK,0.85,S(C[C@H]1[C@@H](CCCC1)C(=O)NCC#N)C=2OC(=NN2)C=3C=CN=CC3,Fraggle,0.46,Fc1ccc(cc1)C(=O)OCc1ccc(CSc2nnc(o2)-c2cccc3ccccc23)cc1
926,CTSK,0.85,S(C[C@H]1[C@@H](CCCC1)C(=O)NCC#N)C=2OC(=NN2)C=3C=CN=CC3,Fraggle,0.46,Fc1ccc(cc1)C(=O)OCc1ccc(CSc2nnc(o2)-c2cccc3ccccc23)cc1
927,CTSK,0.85,S(C[C@H]1[C@@H](CCCC1)C(=O)NCC#N)C=2OC(=NN2)C=3C=CN=CC3,Fraggle,0.46,Fc1ccc(cc1)C(=O)OCc1ccc(CSc2nnc(o2)-c2cccc3ccccc23)cc1
928,CTSK,0.84,FC1=CC2=C(N(C[C@@H](NC(=O)[C@@H](NC(=O)C3=CC(OC)=CC=C3)CCC4CCCCC4)[C@H](O)C)CC2)C=C1,Fraggle,0.40,COc1c(N2CCNC(C)C2)c(F)cc2c1n(cc(C(O)=O)c2=O)C1CC1
929,CTSK,0.85,S(C[C@H]1[C@@H](CCCC1)C(=O)NCC#N)C=2OC(=NN2)C=3C=CN=CC3,Fraggle,0.46,Fc1ccc(cc1)C(=O)OCc1ccc(CSc2nnc(o2)-c2cccc3ccccc23)cc1
930,CTSK,0.79,N1(S(=O)(=O)C)CC(NC([C@@H](N[C@H](C(F)(F)F)C2=CC=C(C=C2)C3=CC=C(C=C3)S(C)(=O)=O)CC(F)(C)C)=O)C(C1)=O,Fraggle,0.35,C[C@@H](CO)N1C[C@@H](C)[C@@H](CN(C)Cc2ccc(Cl)c(Cl)c2)Oc3c(NS(=O)(=O)c4cccs4)cccc3C1=O
931,CTSK,0.83,S(=O)(C=1C=C(C=2N=C(N=C(CCC)C2)C#N)C=CC1)(C)=O,Fraggle,0.33,Cc1noc(C)c1C(c2ccccc2)S(=O)(=O)c3ccc(C)cc3
932,CTSK,0.85,S(C[C@H]1[C@@H](CCCC1)C(=O)NCC#N)C=2OC(=NN2)C=3C=CN=CC3,Fraggle,0.46,Fc1ccc(cc1)C(=O)OCc1ccc(CSc2nnc(o2)-c2cccc3ccccc23)cc1
933,CTSK,0.91,C1C(C1)(NC([C@H]2[C@@H](CCCC2)C(=O)N3CCC4=C(C3)C5=C(N4)C(=CC=C5)OC)=O)C#N,Fraggle,0.46,COc1ccc(cc1)C2(CC2)C(=O)N3CCC(CC3)n4nc(oc4=O)c5ccccc5
934,CTSK,0.85,N(S(CC=1C=CC=CC1)(=O)=O)C2=CC=C(C(=O)N[C@H](C(N[C@@H]3C(CO[C@H]3CC)=O)=O)CC4(CCCC4)C)C=C2,Fraggle,0.46,CCS(=O)(=O)NCC[C@@H]1CC[C@@H](NC(=O)C2CCCCC2)[C@H](CO)O1
935,CTSK,0.88,C=1(OC=2C=CC(=CC2C1)OCCN3CCOCC3)C(N[C@H](C(NC4C(CN(C(CC5=CC(C6=NC=CC=C6)=CC=C5)=O)CCC4)O)=O)CC(C)C)=O,Fraggle,0.52,O[C@@H]1COC[C@@H]2O[C@@H](CC(=O)Nc3ccc(cc3)-c3ccccc3)CC[C@H]2N(C1)C(=O)c1cccnc1
936,CTSK,0.85,S(C[C@H]1[C@@H](CCCC1)C(=O)NCC#N)C=2OC(=NN2)C=3C=CN=CC3,Fraggle,0.46,Fc1ccc(cc1)C(=O)OCc1ccc(CSc2nnc(o2)-c2cccc3ccccc23)cc1
937,CTSK,0.83,S(=O)(C=1C=C(C=2N=C(N=C(CCC)C2)C#N)C=CC1)(C)=O,Fraggle,0.33,Cc1noc(C)c1C(c2ccccc2)S(=O)(=O)c3ccc(C)cc3
938,CTSK,0.78,C1(=NN(C=2C(Cl)=CC=CC2)C=N1)C(N[C@H](C(=O)NCCNC3=CC=C(C=C3)OC)CC(C)C)=O,Fraggle,0.43,C[C@@H](O)CNC(C)(C)CC(=O)N[C@@H]1CCc2ccccc2N(Cc3ccc(cc3)c4ccccc4c5nn[nH]n5)C1=O
939,CTSK,0.85,S(C[C@H]1[C@@H](CCCC1)C(=O)NCC#N)C=2OC(=NN2)C=3C=CN=CC3,Fraggle,0.46,Fc1ccc(cc1)C(=O)OCc1ccc(CSc2nnc(o2)-c2cccc3ccccc23)cc1
940,CTSK,0.85,N(S(CC=1C=CC=CC1)(=O)=O)C2=CC=C(C(=O)N[C@H](C(N[C@@H]3C(CO[C@H]3CC)=O)=O)CC4(CCCC4)C)C=C2,Fraggle,0.46,CCS(=O)(=O)NCC[C@@H]1CC[C@@H](NC(=O)C2CCCCC2)[C@H](CO)O1
941,CTSK,0.79,N1(S(=O)(=O)C)CC(NC([C@@H](N[C@H](C(F)(F)F)C2=CC=C(C=C2)C3=CC=C(C=C3)S(C)(=O)=O)CC(F)(C)C)=O)C(C1)=O,Fraggle,0.35,C[C@@H](CO)N1C[C@@H](C)[C@@H](CN(C)Cc2ccc(Cl)c(Cl)c2)Oc3c(NS(=O)(=O)c4cccs4)cccc3C1=O
942,CTSK,0.85,N(S(CC=1C=CC=CC1)(=O)=O)C2=CC=C(C(=O)N[C@H](C(N[C@@H]3C(CO[C@H]3CC)=O)=O)CC4(CCCC4)C)C=C2,Fraggle,0.46,CCS(=O)(=O)NCC[C@@H]1CC[C@@H](NC(=O)C2CCCCC2)[C@H](CO)O1
943,CTSK,0.84,FC1=CC2=C(N(C[C@@H](NC(=O)[C@@H](NC(=O)C3=CC(OC)=CC=C3)CCC4CCCCC4)[C@H](O)C)CC2)C=C1,Fraggle,0.40,COc1c(N2CCNC(C)C2)c(F)cc2c1n(cc(C(O)=O)c2=O)C1CC1
944,CTSK,0.85,S(C[C@H]1[C@@H](CCCC1)C(=O)NCC#N)C=2OC(=NN2)C=3C=CN=CC3,Fraggle,0.46,Fc1ccc(cc1)C(=O)OCc1ccc(CSc2nnc(o2)-c2cccc3ccccc23)cc1
945,CTSK,0.85,S(C[C@H]1[C@@H](CCCC1)C(=O)NCC#N)C=2OC(=NN2)C=3C=CN=CC3,Fraggle,0.46,Fc1ccc(cc1)C(=O)OCc1ccc(CSc2nnc(o2)-c2cccc3ccccc23)cc1
946,CTSK,0.85,S(C[C@H]1[C@@H](CCCC1)C(=O)NCC#N)C=2OC(=NN2)C=3C=CN=CC3,Fraggle,0.46,Fc1ccc(cc1)C(=O)OCc1ccc(CSc2nnc(o2)-c2cccc3ccccc23)cc1
947,CTSK,0.84,FC1=CC2=C(N(C[C@@H](NC(=O)[C@@H](NC(=O)C3=CC(OC)=CC=C3)CCC4CCCCC4)[C@H](O)C)CC2)C=C1,Fraggle,0.40,COc1c(N2CCNC(C)C2)c(F)cc2c1n(cc(C(O)=O)c2=O)C1CC1
948,CTSK,0.79,N1(S(=O)(=O)C)CC(NC([C@@H](N[C@H](C(F)(F)F)C2=CC=C(C=C2)C3=CC=C(C=C3)S(C)(=O)=O)CC(F)(C)C)=O)C(C1)=O,Fraggle,0.35,C[C@@H](CO)N1C[C@@H](C)[C@@H](CN(C)Cc2ccc(Cl)c(Cl)c2)Oc3c(NS(=O)(=O)c4cccs4)cccc3C1=O
949,CTSK,0.85,S(C[C@H]1[C@@H](CCCC1)C(=O)NCC#N)C=2OC(=NN2)C=3C=CN=CC3,Fraggle,0.46,Fc1ccc(cc1)C(=O)OCc1ccc(CSc2nnc(o2)-c2cccc3ccccc23)cc1
950,CTSK,0.83,S(=O)(C=1C=C(C=2N=C(N=C(CCC)C2)C#N)C=CC1)(C)=O,Fraggle,0.33,Cc1noc(C)c1C(c2ccccc2)S(=O)(=O)c3ccc(C)cc3
951,CTSK,0.85,N(S(CC=1C=CC=CC1)(=O)=O)C2=CC=C(C(=O)N[C@H](C(N[C@@H]3C(CO[C@H]3CC)=O)=O)CC4(CCCC4)C)C=C2,Fraggle,0.46,CCS(=O)(=O)NCC[C@@H]1CC[C@@H](NC(=O)C2CCCCC2)[C@H](CO)O1
952,CTSK,0.84,N1=C(N=CC=2C=C(N(CCC3CCCCC3)C21)CSC=4C=CN=CC4)C#N,Fraggle,0.31,Cn1nnnc1Sc2ncnc3scc(c4cccc5ccccc45)c23
953,CTSK,0.85,S(C[C@H]1[C@@H](CCCC1)C(=O)NCC#N)C=2OC(=NN2)C=3C=CN=CC3,Fraggle,0.46,Fc1ccc(cc1)C(=O)OCc1ccc(CSc2nnc(o2)-c2cccc3ccccc23)cc1
954,CTSK,0.00,FC(F)(F)C=1C=C(C=2NC(=C3N=CN=C3C2)C#N)C=CC1,Fraggle,0.00,Brc1c(Br)c(Br)c2[nH]nnc2c1Br
955,CTSK,0.85,N(S(CC=1C=CC=CC1)(=O)=O)C2=CC=C(C(=O)N[C@H](C(N[C@@H]3C(CO[C@H]3CC)=O)=O)CC4(CCCC4)C)C=C2,Fraggle,0.46,CCS(=O)(=O)NCC[C@@H]1CC[C@@H](NC(=O)C2CCCCC2)[C@H](CO)O1
956,CTSK,0.85,S(C[C@H]1[C@@H](CCCC1)C(=O)NCC#N)C=2OC(=NN2)C=3C=CN=CC3,Fraggle,0.46,Fc1ccc(cc1)C(=O)OCc1ccc(CSc2nnc(o2)-c2cccc3ccccc23)cc1
957,CTSK,0.85,N(S(CC=1C=CC=CC1)(=O)=O)C2=CC=C(C(=O)N[C@H](C(N[C@@H]3C(CO[C@H]3CC)=O)=O)CC4(CCCC4)C)C=C2,Fraggle,0.46,CCS(=O)(=O)NCC[C@@H]1CC[C@@H](NC(=O)C2CCCCC2)[C@H](CO)O1
958,CTSK,0.91,C1C(C1)(NC([C@H]2[C@@H](CCCC2)C(=O)N3CCC4=C(C3)C5=C(N4)C(=CC=C5)OC)=O)C#N,Fraggle,0.46,COc1ccc(cc1)C2(CC2)C(=O)N3CCC(CC3)n4nc(oc4=O)c5ccccc5
959,CTSK,0.84,N1=C(N=CC=2C=C(N(CCC3CCCCC3)C21)CSC=4C=CN=CC4)C#N,Fraggle,0.31,Cn1nnnc1Sc2ncnc3scc(c4cccc5ccccc45)c23
960,CTSK,0.85,N(S(CC=1C=CC=CC1)(=O)=O)C2=CC=C(C(=O)N[C@H](C(N[C@@H]3C(CO[C@H]3CC)=O)=O)CC4(CCCC4)C)C=C2,Fraggle,0.46,CCS(=O)(=O)NCC[C@@H]1CC[C@@H](NC(=O)C2CCCCC2)[C@H](CO)O1
961,CTSK,0.83,S(=O)(C=1C=C(C=2N=C(N=C(CCC)C2)C#N)C=CC1)(C)=O,Fraggle,0.33,Cc1noc(C)c1C(c2ccccc2)S(=O)(=O)c3ccc(C)cc3
962,CTSK,0.79,N1(S(=O)(=O)C)CC(NC([C@@H](N[C@H](C(F)(F)F)C2=CC=C(C=C2)C3=CC=C(C=C3)S(C)(=O)=O)CC(F)(C)C)=O)C(C1)=O,Fraggle,0.35,C[C@@H](CO)N1C[C@@H](C)[C@@H](CN(C)Cc2ccc(Cl)c(Cl)c2)Oc3c(NS(=O)(=O)c4cccs4)cccc3C1=O
963,CTSK,0.85,N(S(CC=1C=CC=CC1)(=O)=O)C2=CC=C(C(=O)N[C@H](C(N[C@@H]3C(CO[C@H]3CC)=O)=O)CC4(CCCC4)C)C=C2,Fraggle,0.46,CCS(=O)(=O)NCC[C@@H]1CC[C@@H](NC(=O)C2CCCCC2)[C@H](CO)O1
964,CTSK,0.85,S(C[C@H]1[C@@H](CCCC1)C(=O)NCC#N)C=2OC(=NN2)C=3C=CN=CC3,Fraggle,0.46,Fc1ccc(cc1)C(=O)OCc1ccc(CSc2nnc(o2)-c2cccc3ccccc23)cc1
965,CTSK,0.85,S(C[C@H]1[C@@H](CCCC1)C(=O)NCC#N)C=2OC(=NN2)C=3C=CN=CC3,Fraggle,0.46,Fc1ccc(cc1)C(=O)OCc1ccc(CSc2nnc(o2)-c2cccc3ccccc23)cc1
966,CTSK,0.84,FC1=CC2=C(N(C[C@@H](NC(=O)[C@@H](NC(=O)C3=CC(OC)=CC=C3)CCC4CCCCC4)[C@H](O)C)CC2)C=C1,Fraggle,0.40,COc1c(N2CCNC(C)C2)c(F)cc2c1n(cc(C(O)=O)c2=O)C1CC1
967,CTSK,0.79,N1(S(=O)(=O)C)CC(NC([C@@H](N[C@H](C(F)(F)F)C2=CC=C(C=C2)C3=CC=C(C=C3)S(C)(=O)=O)CC(F)(C)C)=O)C(C1)=O,Fraggle,0.35,C[C@@H](CO)N1C[C@@H](C)[C@@H](CN(C)Cc2ccc(Cl)c(Cl)c2)Oc3c(NS(=O)(=O)c4cccs4)cccc3C1=O
968,CTSK,0.85,S(C[C@H]1[C@@H](CCCC1)C(=O)NCC#N)C=2OC(=NN2)C=3C=CN=CC3,Fraggle,0.46,Fc1ccc(cc1)C(=O)OCc1ccc(CSc2nnc(o2)-c2cccc3ccccc23)cc1
969,CTSK,0.84,N1=C(N=CC=2C=C(N(CCC3CCCCC3)C21)CSC=4C=CN=CC4)C#N,Fraggle,0.31,Cn1nnnc1Sc2ncnc3scc(c4cccc5ccccc45)c23
970,CTSK,0.85,S(C[C@H]1[C@@H](CCCC1)C(=O)NCC#N)C=2OC(=NN2)C=3C=CN=CC3,Fraggle,0.46,Fc1ccc(cc1)C(=O)OCc1ccc(CSc2nnc(o2)-c2cccc3ccccc23)cc1
971,CTSK,0.85,S(C[C@H]1[C@@H](CCCC1)C(=O)NCC#N)C=2OC(=NN2)C=3C=CN=CC3,Fraggle,0.46,Fc1ccc(cc1)C(=O)OCc1ccc(CSc2nnc(o2)-c2cccc3ccccc23)cc1
972,CTSK,0.00,FC(F)(F)C=1C=C(C=2NC(=C3N=CN=C3C2)C#N)C=CC1,Fraggle,0.00,Brc1c(Br)c(Br)c2[nH]nnc2c1Br
973,CTSK,0.85,S(C[C@H]1[C@@H](CCCC1)C(=O)NCC#N)C=2OC(=NN2)C=3C=CN=CC3,Fraggle,0.46,Fc1ccc(cc1)C(=O)OCc1ccc(CSc2nnc(o2)-c2cccc3ccccc23)cc1
974,CTSK,0.85,S(C[C@H]1[C@@H](CCCC1)C(=O)NCC#N)C=2OC(=NN2)C=3C=CN=CC3,Fraggle,0.46,Fc1ccc(cc1)C(=O)OCc1ccc(CSc2nnc(o2)-c2cccc3ccccc23)cc1
975,CTSK,0.85,S(C[C@H]1[C@@H](CCCC1)C(=O)NCC#N)C=2OC(=NN2)C=3C=CN=CC3,Fraggle,0.46,Fc1ccc(cc1)C(=O)OCc1ccc(CSc2nnc(o2)-c2cccc3ccccc23)cc1
976,CTSK,0.85,N(S(CC=1C=CC=CC1)(=O)=O)C2=CC=C(C(=O)N[C@H](C(N[C@@H]3C(CO[C@H]3CC)=O)=O)CC4(CCCC4)C)C=C2,Fraggle,0.46,CCS(=O)(=O)NCC[C@@H]1CC[C@@H](NC(=O)C2CCCCC2)[C@H](CO)O1
977,CTSK,0.84,FC1=CC2=C(N(C[C@@H](NC(=O)[C@@H](NC(=O)C3=CC(OC)=CC=C3)CCC4CCCCC4)[C@H](O)C)CC2)C=C1,Fraggle,0.40,COc1c(N2CCNC(C)C2)c(F)cc2c1n(cc(C(O)=O)c2=O)C1CC1
978,CTSK,0.84,N1=C(N=CC=2C=C(N(CCC3CCCCC3)C21)CSC=4C=CN=CC4)C#N,Fraggle,0.31,Cn1nnnc1Sc2ncnc3scc(c4cccc5ccccc45)c23
979,CTSK,0.84,N1=C(N=CC=2C=C(N(CCC3CCCCC3)C21)CSC=4C=CN=CC4)C#N,Fraggle,0.31,Cn1nnnc1Sc2ncnc3scc(c4cccc5ccccc45)c23
980,CTSK,0.85,N(S(CC=1C=CC=CC1)(=O)=O)C2=CC=C(C(=O)N[C@H](C(N[C@@H]3C(CO[C@H]3CC)=O)=O)CC4(CCCC4)C)C=C2,Fraggle,0.46,CCS(=O)(=O)NCC[C@@H]1CC[C@@H](NC(=O)C2CCCCC2)[C@H](CO)O1
981,CTSK,0.84,FC1=CC2=C(N(C[C@@H](NC(=O)[C@@H](NC(=O)C3=CC(OC)=CC=C3)CCC4CCCCC4)[C@H](O)C)CC2)C=C1,Fraggle,0.40,COc1c(N2CCNC(C)C2)c(F)cc2c1n(cc(C(O)=O)c2=O)C1CC1
982,CTSK,0.85,S(C[C@H]1[C@@H](CCCC1)C(=O)NCC#N)C=2OC(=NN2)C=3C=CN=CC3,Fraggle,0.46,Fc1ccc(cc1)C(=O)OCc1ccc(CSc2nnc(o2)-c2cccc3ccccc23)cc1
983,CTSK,0.85,S(C[C@H]1[C@@H](CCCC1)C(=O)NCC#N)C=2OC(=NN2)C=3C=CN=CC3,Fraggle,0.46,Fc1ccc(cc1)C(=O)OCc1ccc(CSc2nnc(o2)-c2cccc3ccccc23)cc1
984,CTSK,0.85,S(C[C@H]1[C@@H](CCCC1)C(=O)NCC#N)C=2OC(=NN2)C=3C=CN=CC3,Fraggle,0.46,Fc1ccc(cc1)C(=O)OCc1ccc(CSc2nnc(o2)-c2cccc3ccccc23)cc1
985,CTSK,0.85,S(C[C@H]1[C@@H](CCCC1)C(=O)NCC#N)C=2OC(=NN2)C=3C=CN=CC3,Fraggle,0.46,Fc1ccc(cc1)C(=O)OCc1ccc(CSc2nnc(o2)-c2cccc3ccccc23)cc1
986,CTSK,0.85,N(S(CC=1C=CC=CC1)(=O)=O)C2=CC=C(C(=O)N[C@H](C(N[C@@H]3C(CO[C@H]3CC)=O)=O)CC4(CCCC4)C)C=C2,Fraggle,0.46,CCS(=O)(=O)NCC[C@@H]1CC[C@@H](NC(=O)C2CCCCC2)[C@H](CO)O1
987,CTSK,0.85,N(S(CC=1C=CC=CC1)(=O)=O)C2=CC=C(C(=O)N[C@H](C(N[C@@H]3C(CO[C@H]3CC)=O)=O)CC4(CCCC4)C)C=C2,Fraggle,0.46,CCS(=O)(=O)NCC[C@@H]1CC[C@@H](NC(=O)C2CCCCC2)[C@H](CO)O1
988,CTSK,0.85,S(C[C@H]1[C@@H](CCCC1)C(=O)NCC#N)C=2OC(=NN2)C=3C=CN=CC3,Fraggle,0.46,Fc1ccc(cc1)C(=O)OCc1ccc(CSc2nnc(o2)-c2cccc3ccccc23)cc1
989,CTSK,0.84,FC1=CC2=C(N(C[C@@H](NC(=O)[C@@H](NC(=O)C3=CC(OC)=CC=C3)CCC4CCCCC4)[C@H](O)C)CC2)C=C1,Fraggle,0.40,COc1c(N2CCNC(C)C2)c(F)cc2c1n(cc(C(O)=O)c2=O)C1CC1
990,CTSK,0.78,C1(=NN(C=2C(Cl)=CC=CC2)C=N1)C(N[C@H](C(=O)NCCNC3=CC=C(C=C3)OC)CC(C)C)=O,Fraggle,0.43,C[C@@H](O)CNC(C)(C)CC(=O)N[C@@H]1CCc2ccccc2N(Cc3ccc(cc3)c4ccccc4c5nn[nH]n5)C1=O
991,CTSK,0.79,N1(S(=O)(=O)C)CC(NC([C@@H](N[C@H](C(F)(F)F)C2=CC=C(C=C2)C3=CC=C(C=C3)S(C)(=O)=O)CC(F)(C)C)=O)C(C1)=O,Fraggle,0.35,C[C@@H](CO)N1C[C@@H](C)[C@@H](CN(C)Cc2ccc(Cl)c(Cl)c2)Oc3c(NS(=O)(=O)c4cccs4)cccc3C1=O
992,CTSK,0.85,S(C[C@H]1[C@@H](CCCC1)C(=O)NCC#N)C=2OC(=NN2)C=3C=CN=CC3,Fraggle,0.46,Fc1ccc(cc1)C(=O)OCc1ccc(CSc2nnc(o2)-c2cccc3ccccc23)cc1
993,CTSK,0.85,N(S(CC=1C=CC=CC1)(=O)=O)C2=CC=C(C(=O)N[C@H](C(N[C@@H]3C(CO[C@H]3CC)=O)=O)CC4(CCCC4)C)C=C2,Fraggle,0.46,CCS(=O)(=O)NCC[C@@H]1CC[C@@H](NC(=O)C2CCCCC2)[C@H](CO)O1
994,CTSK,1.00,N=1C=2N(C(=CC2C=NC1C#N)CC3=CC=C(C=C3)Cl)CCCC(C)(C)C,Fraggle,0.60,CN(C)CCCN1c2ccccc2Sc2ccc(Cl)cc12
995,CTSK,0.84,FC1=CC2=C(N(C[C@@H](NC(=O)[C@@H](NC(=O)C3=CC(OC)=CC=C3)CCC4CCCCC4)[C@H](O)C)CC2)C=C1,Fraggle,0.40,COc1c(N2CCNC(C)C2)c(F)cc2c1n(cc(C(O)=O)c2=O)C1CC1
996,CTSK,0.84,FC1=CC2=C(N(C[C@@H](NC(=O)[C@@H](NC(=O)C3=CC(OC)=CC=C3)CCC4CCCCC4)[C@H](O)C)CC2)C=C1,Fraggle,0.40,COc1c(N2CCNC(C)C2)c(F)cc2c1n(cc(C(O)=O)c2=O)C1CC1
997,CTSK,0.85,N(S(CC=1C=CC=CC1)(=O)=O)C2=CC=C(C(=O)N[C@H](C(N[C@@H]3C(CO[C@H]3CC)=O)=O)CC4(CCCC4)C)C=C2,Fraggle,0.46,CCS(=O)(=O)NCC[C@@H]1CC[C@@H](NC(=O)C2CCCCC2)[C@H](CO)O1
998,CTSK,0.85,N(S(CC=1C=CC=CC1)(=O)=O)C2=CC=C(C(=O)N[C@H](C(N[C@@H]3C(CO[C@H]3CC)=O)=O)CC4(CCCC4)C)C=C2,Fraggle,0.46,CCS(=O)(=O)NCC[C@@H]1CC[C@@H](NC(=O)C2CCCCC2)[C@H](CO)O1
999,CTSK,0.85,S(C[C@H]1[C@@H](CCCC1)C(=O)NCC#N)C=2OC(=NN2)C=3C=CN=CC3,Fraggle,0.46,Fc1ccc(cc1)C(=O)OCc1ccc(CSc2nnc(o2)-c2cccc3ccccc23)cc1
1000,CTSK,0.83,S(=O)(C=1C=C(C=2N=C(N=C(CCC)C2)C#N)C=CC1)(C)=O,MACCS,0.55,Cc1noc(C)c1C(c2ccccc2)S(=O)(=O)c3ccc(C)cc3
1001,CTSK,0.79,N1(S(=O)(=O)C)CC(NC([C@@H](N[C@H](C(F)(F)F)C2=CC=C(C=C2)C3=CC=C(C=C3)S(C)(=O)=O)CC(F)(C)C)=O)C(C1)=O,MACCS,0.73,C[C@@H](CO)N1C[C@@H](C)[C@@H](CN(C)Cc2ccc(Cl)c(Cl)c2)Oc3c(NS(=O)(=O)c4cccs4)cccc3C1=O
1002,CTSK,0.78,C1(=NN(C=2C(Cl)=CC=CC2)C=N1)C(N[C@H](C(=O)NCCNC3=CC=C(C=C3)OC)CC(C)C)=O,MACCS,0.75,C[C@@H](O)CNC(C)(C)CC(=O)N[C@@H]1CCc2ccccc2N(Cc3ccc(cc3)c4ccccc4c5nn[nH]n5)C1=O
1003,CTSK,0.79,N1(S(=O)(=O)C)CC(NC([C@@H](N[C@H](C(F)(F)F)C2=CC=C(C=C2)C3=CC=C(C=C3)S(C)(=O)=O)CC(F)(C)C)=O)C(C1)=O,MACCS,0.73,C[C@@H](CO)N1C[C@@H](C)[C@@H](CN(C)Cc2ccc(Cl)c(Cl)c2)Oc3c(NS(=O)(=O)c4cccs4)cccc3C1=O
1004,CTSK,0.85,S(C[C@H]1[C@@H](CCCC1)C(=O)NCC#N)C=2OC(=NN2)C=3C=CN=CC3,MACCS,0.58,Fc1ccc(cc1)C(=O)OCc1ccc(CSc2nnc(o2)-c2cccc3ccccc23)cc1
1005,CTSK,0.84,FC1=CC2=C(N(C[C@@H](NC(=O)[C@@H](NC(=O)C3=CC(OC)=CC=C3)CCC4CCCCC4)[C@H](O)C)CC2)C=C1,MACCS,0.73,COc1c(N2CCNC(C)C2)c(F)cc2c1n(cc(C(O)=O)c2=O)C1CC1
1006,CTSK,0.85,S(C[C@H]1[C@@H](CCCC1)C(=O)NCC#N)C=2OC(=NN2)C=3C=CN=CC3,MACCS,0.58,Fc1ccc(cc1)C(=O)OCc1ccc(CSc2nnc(o2)-c2cccc3ccccc23)cc1
1007,CTSK,0.85,N(S(CC=1C=CC=CC1)(=O)=O)C2=CC=C(C(=O)N[C@H](C(N[C@@H]3C(CO[C@H]3CC)=O)=O)CC4(CCCC4)C)C=C2,MACCS,0.76,CCS(=O)(=O)NCC[C@@H]1CC[C@@H](NC(=O)C2CCCCC2)[C@H](CO)O1
1008,CTSK,0.85,N(S(CC=1C=CC=CC1)(=O)=O)C2=CC=C(C(=O)N[C@H](C(N[C@@H]3C(CO[C@H]3CC)=O)=O)CC4(CCCC4)C)C=C2,MACCS,0.76,CCS(=O)(=O)NCC[C@@H]1CC[C@@H](NC(=O)C2CCCCC2)[C@H](CO)O1
1009,CTSK,0.85,N(S(CC=1C=CC=CC1)(=O)=O)C2=CC=C(C(=O)N[C@H](C(N[C@@H]3C(CO[C@H]3CC)=O)=O)CC4(CCCC4)C)C=C2,MACCS,0.76,CCS(=O)(=O)NCC[C@@H]1CC[C@@H](NC(=O)C2CCCCC2)[C@H](CO)O1
1010,CTSK,0.84,FC1=CC2=C(N(C[C@@H](NC(=O)[C@@H](NC(=O)C3=CC(OC)=CC=C3)CCC4CCCCC4)[C@H](O)C)CC2)C=C1,MACCS,0.73,COc1c(N2CCNC(C)C2)c(F)cc2c1n(cc(C(O)=O)c2=O)C1CC1
1011,CTSK,0.84,FC1=CC2=C(N(C[C@@H](NC(=O)[C@@H](NC(=O)C3=CC(OC)=CC=C3)CCC4CCCCC4)[C@H](O)C)CC2)C=C1,MACCS,0.73,COc1c(N2CCNC(C)C2)c(F)cc2c1n(cc(C(O)=O)c2=O)C1CC1
1012,CTSK,0.79,N1(S(=O)(=O)C)CC(NC([C@@H](N[C@H](C(F)(F)F)C2=CC=C(C=C2)C3=CC=C(C=C3)S(C)(=O)=O)CC(F)(C)C)=O)C(C1)=O,MACCS,0.73,C[C@@H](CO)N1C[C@@H](C)[C@@H](CN(C)Cc2ccc(Cl)c(Cl)c2)Oc3c(NS(=O)(=O)c4cccs4)cccc3C1=O
1013,CTSK,0.84,FC1=CC2=C(N(C[C@@H](NC(=O)[C@@H](NC(=O)C3=CC(OC)=CC=C3)CCC4CCCCC4)[C@H](O)C)CC2)C=C1,MACCS,0.73,COc1c(N2CCNC(C)C2)c(F)cc2c1n(cc(C(O)=O)c2=O)C1CC1
1014,CTSK,0.00,FC(F)(F)C=1C=C(C=2NC(=C3N=CN=C3C2)C#N)C=CC1,MACCS,0.55,Brc1c(Br)c(Br)c2[nH]nnc2c1Br
1015,CTSK,0.84,FC1=CC2=C(N(C[C@@H](NC(=O)[C@@H](NC(=O)C3=CC(OC)=CC=C3)CCC4CCCCC4)[C@H](O)C)CC2)C=C1,MACCS,0.73,COc1c(N2CCNC(C)C2)c(F)cc2c1n(cc(C(O)=O)c2=O)C1CC1
1016,CTSK,0.85,S(C[C@H]1[C@@H](CCCC1)C(=O)NCC#N)C=2OC(=NN2)C=3C=CN=CC3,MACCS,0.58,Fc1ccc(cc1)C(=O)OCc1ccc(CSc2nnc(o2)-c2cccc3ccccc23)cc1
1017,CTSK,0.85,S(C[C@H]1[C@@H](CCCC1)C(=O)NCC#N)C=2OC(=NN2)C=3C=CN=CC3,MACCS,0.58,Fc1ccc(cc1)C(=O)OCc1ccc(CSc2nnc(o2)-c2cccc3ccccc23)cc1
1018,CTSK,0.85,N(S(CC=1C=CC=CC1)(=O)=O)C2=CC=C(C(=O)N[C@H](C(N[C@@H]3C(CO[C@H]3CC)=O)=O)CC4(CCCC4)C)C=C2,MACCS,0.76,CCS(=O)(=O)NCC[C@@H]1CC[C@@H](NC(=O)C2CCCCC2)[C@H](CO)O1
1019,CTSK,0.85,S(C[C@H]1[C@@H](CCCC1)C(=O)NCC#N)C=2OC(=NN2)C=3C=CN=CC3,MACCS,0.58,Fc1ccc(cc1)C(=O)OCc1ccc(CSc2nnc(o2)-c2cccc3ccccc23)cc1
1020,CTSK,0.85,S(C[C@H]1[C@@H](CCCC1)C(=O)NCC#N)C=2OC(=NN2)C=3C=CN=CC3,MACCS,0.58,Fc1ccc(cc1)C(=O)OCc1ccc(CSc2nnc(o2)-c2cccc3ccccc23)cc1
1021,CTSK,0.85,S(C[C@H]1[C@@H](CCCC1)C(=O)NCC#N)C=2OC(=NN2)C=3C=CN=CC3,MACCS,0.58,Fc1ccc(cc1)C(=O)OCc1ccc(CSc2nnc(o2)-c2cccc3ccccc23)cc1
1022,CTSK,0.79,N1(S(=O)(=O)C)CC(NC([C@@H](N[C@H](C(F)(F)F)C2=CC=C(C=C2)C3=CC=C(C=C3)S(C)(=O)=O)CC(F)(C)C)=O)C(C1)=O,MACCS,0.73,C[C@@H](CO)N1C[C@@H](C)[C@@H](CN(C)Cc2ccc(Cl)c(Cl)c2)Oc3c(NS(=O)(=O)c4cccs4)cccc3C1=O
1023,CTSK,0.84,N1=C(N=CC=2C=C(N(CCC3CCCCC3)C21)CSC=4C=CN=CC4)C#N,MACCS,0.57,Cn1nnnc1Sc2ncnc3scc(c4cccc5ccccc45)c23
1024,CTSK,0.85,S(C[C@H]1[C@@H](CCCC1)C(=O)NCC#N)C=2OC(=NN2)C=3C=CN=CC3,MACCS,0.58,Fc1ccc(cc1)C(=O)OCc1ccc(CSc2nnc(o2)-c2cccc3ccccc23)cc1
1025,CTSK,0.85,S(C[C@H]1[C@@H](CCCC1)C(=O)NCC#N)C=2OC(=NN2)C=3C=CN=CC3,MACCS,0.58,Fc1ccc(cc1)C(=O)OCc1ccc(CSc2nnc(o2)-c2cccc3ccccc23)cc1
1026,CTSK,0.85,S(C[C@H]1[C@@H](CCCC1)C(=O)NCC#N)C=2OC(=NN2)C=3C=CN=CC3,MACCS,0.58,Fc1ccc(cc1)C(=O)OCc1ccc(CSc2nnc(o2)-c2cccc3ccccc23)cc1
1027,CTSK,0.85,S(C[C@H]1[C@@H](CCCC1)C(=O)NCC#N)C=2OC(=NN2)C=3C=CN=CC3,MACCS,0.58,Fc1ccc(cc1)C(=O)OCc1ccc(CSc2nnc(o2)-c2cccc3ccccc23)cc1
1028,CTSK,0.84,FC1=CC2=C(N(C[C@@H](NC(=O)[C@@H](NC(=O)C3=CC(OC)=CC=C3)CCC4CCCCC4)[C@H](O)C)CC2)C=C1,MACCS,0.73,COc1c(N2CCNC(C)C2)c(F)cc2c1n(cc(C(O)=O)c2=O)C1CC1
1029,CTSK,0.85,S(C[C@H]1[C@@H](CCCC1)C(=O)NCC#N)C=2OC(=NN2)C=3C=CN=CC3,MACCS,0.58,Fc1ccc(cc1)C(=O)OCc1ccc(CSc2nnc(o2)-c2cccc3ccccc23)cc1
1030,CTSK,0.79,N1(S(=O)(=O)C)CC(NC([C@@H](N[C@H](C(F)(F)F)C2=CC=C(C=C2)C3=CC=C(C=C3)S(C)(=O)=O)CC(F)(C)C)=O)C(C1)=O,MACCS,0.73,C[C@@H](CO)N1C[C@@H](C)[C@@H](CN(C)Cc2ccc(Cl)c(Cl)c2)Oc3c(NS(=O)(=O)c4cccs4)cccc3C1=O
1031,CTSK,0.83,S(=O)(C=1C=C(C=2N=C(N=C(CCC)C2)C#N)C=CC1)(C)=O,MACCS,0.55,Cc1noc(C)c1C(c2ccccc2)S(=O)(=O)c3ccc(C)cc3
1032,CTSK,0.85,S(C[C@H]1[C@@H](CCCC1)C(=O)NCC#N)C=2OC(=NN2)C=3C=CN=CC3,MACCS,0.58,Fc1ccc(cc1)C(=O)OCc1ccc(CSc2nnc(o2)-c2cccc3ccccc23)cc1
1033,CTSK,0.91,C1C(C1)(NC([C@H]2[C@@H](CCCC2)C(=O)N3CCC4=C(C3)C5=C(N4)C(=CC=C5)OC)=O)C#N,MACCS,0.74,COc1ccc(cc1)C2(CC2)C(=O)N3CCC(CC3)n4nc(oc4=O)c5ccccc5
1034,CTSK,0.85,N(S(CC=1C=CC=CC1)(=O)=O)C2=CC=C(C(=O)N[C@H](C(N[C@@H]3C(CO[C@H]3CC)=O)=O)CC4(CCCC4)C)C=C2,MACCS,0.76,CCS(=O)(=O)NCC[C@@H]1CC[C@@H](NC(=O)C2CCCCC2)[C@H](CO)O1
1035,CTSK,0.88,C=1(OC=2C=CC(=CC2C1)OCCN3CCOCC3)C(N[C@H](C(NC4C(CN(C(CC5=CC(C6=NC=CC=C6)=CC=C5)=O)CCC4)O)=O)CC(C)C)=O,MACCS,0.78,O[C@@H]1COC[C@@H]2O[C@@H](CC(=O)Nc3ccc(cc3)-c3ccccc3)CC[C@H]2N(C1)C(=O)c1cccnc1
1036,CTSK,0.85,S(C[C@H]1[C@@H](CCCC1)C(=O)NCC#N)C=2OC(=NN2)C=3C=CN=CC3,MACCS,0.58,Fc1ccc(cc1)C(=O)OCc1ccc(CSc2nnc(o2)-c2cccc3ccccc23)cc1
1037,CTSK,0.83,S(=O)(C=1C=C(C=2N=C(N=C(CCC)C2)C#N)C=CC1)(C)=O,MACCS,0.55,Cc1noc(C)c1C(c2ccccc2)S(=O)(=O)c3ccc(C)cc3
1038,CTSK,0.78,C1(=NN(C=2C(Cl)=CC=CC2)C=N1)C(N[C@H](C(=O)NCCNC3=CC=C(C=C3)OC)CC(C)C)=O,MACCS,0.75,C[C@@H](O)CNC(C)(C)CC(=O)N[C@@H]1CCc2ccccc2N(Cc3ccc(cc3)c4ccccc4c5nn[nH]n5)C1=O
1039,CTSK,0.85,S(C[C@H]1[C@@H](CCCC1)C(=O)NCC#N)C=2OC(=NN2)C=3C=CN=CC3,MACCS,0.58,Fc1ccc(cc1)C(=O)OCc1ccc(CSc2nnc(o2)-c2cccc3ccccc23)cc1
1040,CTSK,0.85,N(S(CC=1C=CC=CC1)(=O)=O)C2=CC=C(C(=O)N[C@H](C(N[C@@H]3C(CO[C@H]3CC)=O)=O)CC4(CCCC4)C)C=C2,MACCS,0.76,CCS(=O)(=O)NCC[C@@H]1CC[C@@H](NC(=O)C2CCCCC2)[C@H](CO)O1
1041,CTSK,0.79,N1(S(=O)(=O)C)CC(NC([C@@H](N[C@H](C(F)(F)F)C2=CC=C(C=C2)C3=CC=C(C=C3)S(C)(=O)=O)CC(F)(C)C)=O)C(C1)=O,MACCS,0.73,C[C@@H](CO)N1C[C@@H](C)[C@@H](CN(C)Cc2ccc(Cl)c(Cl)c2)Oc3c(NS(=O)(=O)c4cccs4)cccc3C1=O
1042,CTSK,0.85,N(S(CC=1C=CC=CC1)(=O)=O)C2=CC=C(C(=O)N[C@H](C(N[C@@H]3C(CO[C@H]3CC)=O)=O)CC4(CCCC4)C)C=C2,MACCS,0.76,CCS(=O)(=O)NCC[C@@H]1CC[C@@H](NC(=O)C2CCCCC2)[C@H](CO)O1
1043,CTSK,0.84,FC1=CC2=C(N(C[C@@H](NC(=O)[C@@H](NC(=O)C3=CC(OC)=CC=C3)CCC4CCCCC4)[C@H](O)C)CC2)C=C1,MACCS,0.73,COc1c(N2CCNC(C)C2)c(F)cc2c1n(cc(C(O)=O)c2=O)C1CC1
1044,CTSK,0.85,S(C[C@H]1[C@@H](CCCC1)C(=O)NCC#N)C=2OC(=NN2)C=3C=CN=CC3,MACCS,0.58,Fc1ccc(cc1)C(=O)OCc1ccc(CSc2nnc(o2)-c2cccc3ccccc23)cc1
1045,CTSK,0.85,S(C[C@H]1[C@@H](CCCC1)C(=O)NCC#N)C=2OC(=NN2)C=3C=CN=CC3,MACCS,0.58,Fc1ccc(cc1)C(=O)OCc1ccc(CSc2nnc(o2)-c2cccc3ccccc23)cc1
1046,CTSK,0.85,S(C[C@H]1[C@@H](CCCC1)C(=O)NCC#N)C=2OC(=NN2)C=3C=CN=CC3,MACCS,0.58,Fc1ccc(cc1)C(=O)OCc1ccc(CSc2nnc(o2)-c2cccc3ccccc23)cc1
1047,CTSK,0.84,FC1=CC2=C(N(C[C@@H](NC(=O)[C@@H](NC(=O)C3=CC(OC)=CC=C3)CCC4CCCCC4)[C@H](O)C)CC2)C=C1,MACCS,0.73,COc1c(N2CCNC(C)C2)c(F)cc2c1n(cc(C(O)=O)c2=O)C1CC1
1048,CTSK,0.79,N1(S(=O)(=O)C)CC(NC([C@@H](N[C@H](C(F)(F)F)C2=CC=C(C=C2)C3=CC=C(C=C3)S(C)(=O)=O)CC(F)(C)C)=O)C(C1)=O,MACCS,0.73,C[C@@H](CO)N1C[C@@H](C)[C@@H](CN(C)Cc2ccc(Cl)c(Cl)c2)Oc3c(NS(=O)(=O)c4cccs4)cccc3C1=O
1049,CTSK,0.85,S(C[C@H]1[C@@H](CCCC1)C(=O)NCC#N)C=2OC(=NN2)C=3C=CN=CC3,MACCS,0.58,Fc1ccc(cc1)C(=O)OCc1ccc(CSc2nnc(o2)-c2cccc3ccccc23)cc1
1050,CTSK,0.83,S(=O)(C=1C=C(C=2N=C(N=C(CCC)C2)C#N)C=CC1)(C)=O,MACCS,0.55,Cc1noc(C)c1C(c2ccccc2)S(=O)(=O)c3ccc(C)cc3
1051,CTSK,0.85,N(S(CC=1C=CC=CC1)(=O)=O)C2=CC=C(C(=O)N[C@H](C(N[C@@H]3C(CO[C@H]3CC)=O)=O)CC4(CCCC4)C)C=C2,MACCS,0.76,CCS(=O)(=O)NCC[C@@H]1CC[C@@H](NC(=O)C2CCCCC2)[C@H](CO)O1
1052,CTSK,0.84,N1=C(N=CC=2C=C(N(CCC3CCCCC3)C21)CSC=4C=CN=CC4)C#N,MACCS,0.57,Cn1nnnc1Sc2ncnc3scc(c4cccc5ccccc45)c23
1053,CTSK,0.85,S(C[C@H]1[C@@H](CCCC1)C(=O)NCC#N)C=2OC(=NN2)C=3C=CN=CC3,MACCS,0.58,Fc1ccc(cc1)C(=O)OCc1ccc(CSc2nnc(o2)-c2cccc3ccccc23)cc1
1054,CTSK,0.00,FC(F)(F)C=1C=C(C=2NC(=C3N=CN=C3C2)C#N)C=CC1,MACCS,0.55,Brc1c(Br)c(Br)c2[nH]nnc2c1Br
1055,CTSK,0.85,N(S(CC=1C=CC=CC1)(=O)=O)C2=CC=C(C(=O)N[C@H](C(N[C@@H]3C(CO[C@H]3CC)=O)=O)CC4(CCCC4)C)C=C2,MACCS,0.76,CCS(=O)(=O)NCC[C@@H]1CC[C@@H](NC(=O)C2CCCCC2)[C@H](CO)O1
1056,CTSK,0.85,S(C[C@H]1[C@@H](CCCC1)C(=O)NCC#N)C=2OC(=NN2)C=3C=CN=CC3,MACCS,0.58,Fc1ccc(cc1)C(=O)OCc1ccc(CSc2nnc(o2)-c2cccc3ccccc23)cc1
1057,CTSK,0.85,N(S(CC=1C=CC=CC1)(=O)=O)C2=CC=C(C(=O)N[C@H](C(N[C@@H]3C(CO[C@H]3CC)=O)=O)CC4(CCCC4)C)C=C2,MACCS,0.76,CCS(=O)(=O)NCC[C@@H]1CC[C@@H](NC(=O)C2CCCCC2)[C@H](CO)O1
1058,CTSK,0.91,C1C(C1)(NC([C@H]2[C@@H](CCCC2)C(=O)N3CCC4=C(C3)C5=C(N4)C(=CC=C5)OC)=O)C#N,MACCS,0.74,COc1ccc(cc1)C2(CC2)C(=O)N3CCC(CC3)n4nc(oc4=O)c5ccccc5
1059,CTSK,0.84,N1=C(N=CC=2C=C(N(CCC3CCCCC3)C21)CSC=4C=CN=CC4)C#N,MACCS,0.57,Cn1nnnc1Sc2ncnc3scc(c4cccc5ccccc45)c23
1060,CTSK,0.85,N(S(CC=1C=CC=CC1)(=O)=O)C2=CC=C(C(=O)N[C@H](C(N[C@@H]3C(CO[C@H]3CC)=O)=O)CC4(CCCC4)C)C=C2,MACCS,0.76,CCS(=O)(=O)NCC[C@@H]1CC[C@@H](NC(=O)C2CCCCC2)[C@H](CO)O1
1061,CTSK,0.83,S(=O)(C=1C=C(C=2N=C(N=C(CCC)C2)C#N)C=CC1)(C)=O,MACCS,0.55,Cc1noc(C)c1C(c2ccccc2)S(=O)(=O)c3ccc(C)cc3
1062,CTSK,0.79,N1(S(=O)(=O)C)CC(NC([C@@H](N[C@H](C(F)(F)F)C2=CC=C(C=C2)C3=CC=C(C=C3)S(C)(=O)=O)CC(F)(C)C)=O)C(C1)=O,MACCS,0.73,C[C@@H](CO)N1C[C@@H](C)[C@@H](CN(C)Cc2ccc(Cl)c(Cl)c2)Oc3c(NS(=O)(=O)c4cccs4)cccc3C1=O
1063,CTSK,0.85,N(S(CC=1C=CC=CC1)(=O)=O)C2=CC=C(C(=O)N[C@H](C(N[C@@H]3C(CO[C@H]3CC)=O)=O)CC4(CCCC4)C)C=C2,MACCS,0.76,CCS(=O)(=O)NCC[C@@H]1CC[C@@H](NC(=O)C2CCCCC2)[C@H](CO)O1
1064,CTSK,0.85,S(C[C@H]1[C@@H](CCCC1)C(=O)NCC#N)C=2OC(=NN2)C=3C=CN=CC3,MACCS,0.58,Fc1ccc(cc1)C(=O)OCc1ccc(CSc2nnc(o2)-c2cccc3ccccc23)cc1
1065,CTSK,0.85,S(C[C@H]1[C@@H](CCCC1)C(=O)NCC#N)C=2OC(=NN2)C=3C=CN=CC3,MACCS,0.58,Fc1ccc(cc1)C(=O)OCc1ccc(CSc2nnc(o2)-c2cccc3ccccc23)cc1
1066,CTSK,0.84,FC1=CC2=C(N(C[C@@H](NC(=O)[C@@H](NC(=O)C3=CC(OC)=CC=C3)CCC4CCCCC4)[C@H](O)C)CC2)C=C1,MACCS,0.73,COc1c(N2CCNC(C)C2)c(F)cc2c1n(cc(C(O)=O)c2=O)C1CC1
1067,CTSK,0.79,N1(S(=O)(=O)C)CC(NC([C@@H](N[C@H](C(F)(F)F)C2=CC=C(C=C2)C3=CC=C(C=C3)S(C)(=O)=O)CC(F)(C)C)=O)C(C1)=O,MACCS,0.73,C[C@@H](CO)N1C[C@@H](C)[C@@H](CN(C)Cc2ccc(Cl)c(Cl)c2)Oc3c(NS(=O)(=O)c4cccs4)cccc3C1=O
1068,CTSK,0.85,S(C[C@H]1[C@@H](CCCC1)C(=O)NCC#N)C=2OC(=NN2)C=3C=CN=CC3,MACCS,0.58,Fc1ccc(cc1)C(=O)OCc1ccc(CSc2nnc(o2)-c2cccc3ccccc23)cc1
1069,CTSK,0.84,N1=C(N=CC=2C=C(N(CCC3CCCCC3)C21)CSC=4C=CN=CC4)C#N,MACCS,0.57,Cn1nnnc1Sc2ncnc3scc(c4cccc5ccccc45)c23
1070,CTSK,0.85,S(C[C@H]1[C@@H](CCCC1)C(=O)NCC#N)C=2OC(=NN2)C=3C=CN=CC3,MACCS,0.58,Fc1ccc(cc1)C(=O)OCc1ccc(CSc2nnc(o2)-c2cccc3ccccc23)cc1
1071,CTSK,0.85,S(C[C@H]1[C@@H](CCCC1)C(=O)NCC#N)C=2OC(=NN2)C=3C=CN=CC3,MACCS,0.58,Fc1ccc(cc1)C(=O)OCc1ccc(CSc2nnc(o2)-c2cccc3ccccc23)cc1
1072,CTSK,0.00,FC(F)(F)C=1C=C(C=2NC(=C3N=CN=C3C2)C#N)C=CC1,MACCS,0.55,Brc1c(Br)c(Br)c2[nH]nnc2c1Br
1073,CTSK,0.85,S(C[C@H]1[C@@H](CCCC1)C(=O)NCC#N)C=2OC(=NN2)C=3C=CN=CC3,MACCS,0.58,Fc1ccc(cc1)C(=O)OCc1ccc(CSc2nnc(o2)-c2cccc3ccccc23)cc1
1074,CTSK,0.85,S(C[C@H]1[C@@H](CCCC1)C(=O)NCC#N)C=2OC(=NN2)C=3C=CN=CC3,MACCS,0.58,Fc1ccc(cc1)C(=O)OCc1ccc(CSc2nnc(o2)-c2cccc3ccccc23)cc1
1075,CTSK,0.85,S(C[C@H]1[C@@H](CCCC1)C(=O)NCC#N)C=2OC(=NN2)C=3C=CN=CC3,MACCS,0.58,Fc1ccc(cc1)C(=O)OCc1ccc(CSc2nnc(o2)-c2cccc3ccccc23)cc1
1076,CTSK,0.85,N(S(CC=1C=CC=CC1)(=O)=O)C2=CC=C(C(=O)N[C@H](C(N[C@@H]3C(CO[C@H]3CC)=O)=O)CC4(CCCC4)C)C=C2,MACCS,0.76,CCS(=O)(=O)NCC[C@@H]1CC[C@@H](NC(=O)C2CCCCC2)[C@H](CO)O1
1077,CTSK,0.84,FC1=CC2=C(N(C[C@@H](NC(=O)[C@@H](NC(=O)C3=CC(OC)=CC=C3)CCC4CCCCC4)[C@H](O)C)CC2)C=C1,MACCS,0.73,COc1c(N2CCNC(C)C2)c(F)cc2c1n(cc(C(O)=O)c2=O)C1CC1
1078,CTSK,0.84,N1=C(N=CC=2C=C(N(CCC3CCCCC3)C21)CSC=4C=CN=CC4)C#N,MACCS,0.57,Cn1nnnc1Sc2ncnc3scc(c4cccc5ccccc45)c23
1079,CTSK,0.84,N1=C(N=CC=2C=C(N(CCC3CCCCC3)C21)CSC=4C=CN=CC4)C#N,MACCS,0.57,Cn1nnnc1Sc2ncnc3scc(c4cccc5ccccc45)c23
1080,CTSK,0.85,N(S(CC=1C=CC=CC1)(=O)=O)C2=CC=C(C(=O)N[C@H](C(N[C@@H]3C(CO[C@H]3CC)=O)=O)CC4(CCCC4)C)C=C2,MACCS,0.76,CCS(=O)(=O)NCC[C@@H]1CC[C@@H](NC(=O)C2CCCCC2)[C@H](CO)O1
1081,CTSK,0.84,FC1=CC2=C(N(C[C@@H](NC(=O)[C@@H](NC(=O)C3=CC(OC)=CC=C3)CCC4CCCCC4)[C@H](O)C)CC2)C=C1,MACCS,0.73,COc1c(N2CCNC(C)C2)c(F)cc2c1n(cc(C(O)=O)c2=O)C1CC1
1082,CTSK,0.85,S(C[C@H]1[C@@H](CCCC1)C(=O)NCC#N)C=2OC(=NN2)C=3C=CN=CC3,MACCS,0.58,Fc1ccc(cc1)C(=O)OCc1ccc(CSc2nnc(o2)-c2cccc3ccccc23)cc1
1083,CTSK,0.85,S(C[C@H]1[C@@H](CCCC1)C(=O)NCC#N)C=2OC(=NN2)C=3C=CN=CC3,MACCS,0.58,Fc1ccc(cc1)C(=O)OCc1ccc(CSc2nnc(o2)-c2cccc3ccccc23)cc1
1084,CTSK,0.85,S(C[C@H]1[C@@H](CCCC1)C(=O)NCC#N)C=2OC(=NN2)C=3C=CN=CC3,MACCS,0.58,Fc1ccc(cc1)C(=O)OCc1ccc(CSc2nnc(o2)-c2cccc3ccccc23)cc1
1085,CTSK,0.85,S(C[C@H]1[C@@H](CCCC1)C(=O)NCC#N)C=2OC(=NN2)C=3C=CN=CC3,MACCS,0.58,Fc1ccc(cc1)C(=O)OCc1ccc(CSc2nnc(o2)-c2cccc3ccccc23)cc1
1086,CTSK,0.85,N(S(CC=1C=CC=CC1)(=O)=O)C2=CC=C(C(=O)N[C@H](C(N[C@@H]3C(CO[C@H]3CC)=O)=O)CC4(CCCC4)C)C=C2,MACCS,0.76,CCS(=O)(=O)NCC[C@@H]1CC[C@@H](NC(=O)C2CCCCC2)[C@H](CO)O1
1087,CTSK,0.85,N(S(CC=1C=CC=CC1)(=O)=O)C2=CC=C(C(=O)N[C@H](C(N[C@@H]3C(CO[C@H]3CC)=O)=O)CC4(CCCC4)C)C=C2,MACCS,0.76,CCS(=O)(=O)NCC[C@@H]1CC[C@@H](NC(=O)C2CCCCC2)[C@H](CO)O1
1088,CTSK,0.85,S(C[C@H]1[C@@H](CCCC1)C(=O)NCC#N)C=2OC(=NN2)C=3C=CN=CC3,MACCS,0.58,Fc1ccc(cc1)C(=O)OCc1ccc(CSc2nnc(o2)-c2cccc3ccccc23)cc1
1089,CTSK,0.84,FC1=CC2=C(N(C[C@@H](NC(=O)[C@@H](NC(=O)C3=CC(OC)=CC=C3)CCC4CCCCC4)[C@H](O)C)CC2)C=C1,MACCS,0.73,COc1c(N2CCNC(C)C2)c(F)cc2c1n(cc(C(O)=O)c2=O)C1CC1
1090,CTSK,0.78,C1(=NN(C=2C(Cl)=CC=CC2)C=N1)C(N[C@H](C(=O)NCCNC3=CC=C(C=C3)OC)CC(C)C)=O,MACCS,0.75,C[C@@H](O)CNC(C)(C)CC(=O)N[C@@H]1CCc2ccccc2N(Cc3ccc(cc3)c4ccccc4c5nn[nH]n5)C1=O
1091,CTSK,0.79,N1(S(=O)(=O)C)CC(NC([C@@H](N[C@H](C(F)(F)F)C2=CC=C(C=C2)C3=CC=C(C=C3)S(C)(=O)=O)CC(F)(C)C)=O)C(C1)=O,MACCS,0.73,C[C@@H](CO)N1C[C@@H](C)[C@@H](CN(C)Cc2ccc(Cl)c(Cl)c2)Oc3c(NS(=O)(=O)c4cccs4)cccc3C1=O
1092,CTSK,0.85,S(C[C@H]1[C@@H](CCCC1)C(=O)NCC#N)C=2OC(=NN2)C=3C=CN=CC3,MACCS,0.58,Fc1ccc(cc1)C(=O)OCc1ccc(CSc2nnc(o2)-c2cccc3ccccc23)cc1
1093,CTSK,0.85,N(S(CC=1C=CC=CC1)(=O)=O)C2=CC=C(C(=O)N[C@H](C(N[C@@H]3C(CO[C@H]3CC)=O)=O)CC4(CCCC4)C)C=C2,MACCS,0.76,CCS(=O)(=O)NCC[C@@H]1CC[C@@H](NC(=O)C2CCCCC2)[C@H](CO)O1
1094,CTSK,1.00,N=1C=2N(C(=CC2C=NC1C#N)CC3=CC=C(C=C3)Cl)CCCC(C)(C)C,MACCS,0.64,CN(C)CCCN1c2ccccc2Sc2ccc(Cl)cc12
1095,CTSK,0.84,FC1=CC2=C(N(C[C@@H](NC(=O)[C@@H](NC(=O)C3=CC(OC)=CC=C3)CCC4CCCCC4)[C@H](O)C)CC2)C=C1,MACCS,0.73,COc1c(N2CCNC(C)C2)c(F)cc2c1n(cc(C(O)=O)c2=O)C1CC1
1096,CTSK,0.84,FC1=CC2=C(N(C[C@@H](NC(=O)[C@@H](NC(=O)C3=CC(OC)=CC=C3)CCC4CCCCC4)[C@H](O)C)CC2)C=C1,MACCS,0.73,COc1c(N2CCNC(C)C2)c(F)cc2c1n(cc(C(O)=O)c2=O)C1CC1
1097,CTSK,0.85,N(S(CC=1C=CC=CC1)(=O)=O)C2=CC=C(C(=O)N[C@H](C(N[C@@H]3C(CO[C@H]3CC)=O)=O)CC4(CCCC4)C)C=C2,MACCS,0.76,CCS(=O)(=O)NCC[C@@H]1CC[C@@H](NC(=O)C2CCCCC2)[C@H](CO)O1
1098,CTSK,0.85,N(S(CC=1C=CC=CC1)(=O)=O)C2=CC=C(C(=O)N[C@H](C(N[C@@H]3C(CO[C@H]3CC)=O)=O)CC4(CCCC4)C)C=C2,MACCS,0.76,CCS(=O)(=O)NCC[C@@H]1CC[C@@H](NC(=O)C2CCCCC2)[C@H](CO)O1
1099,CTSK,0.85,S(C[C@H]1[C@@H](CCCC1)C(=O)NCC#N)C=2OC(=NN2)C=3C=CN=CC3,MACCS,0.58,Fc1ccc(cc1)C(=O)OCc1ccc(CSc2nnc(o2)-c2cccc3ccccc23)cc1
1100,CTSK,0.83,C(N[C@H](C(=O)NCCNC1=CC=C(C=C1)C)CC(C)C)(=O)OCC=2C=CC=CC2,Morgan,0.26,Cc1noc(C)c1C(c2ccccc2)S(=O)(=O)c3ccc(C)cc3
1101,CTSK,0.79,N(S(C1=CC=CS1)(=O)=O)C=2C=CC(C(=O)N[C@H](C(N[C@@H]3C(CO[C@H]3CC)=O)=O)CC4(CCCC4)C)=CC2,Morgan,0.24,C[C@@H](CO)N1C[C@@H](C)[C@@H](CN(C)Cc2ccc(Cl)c(Cl)c2)Oc3c(NS(=O)(=O)c4cccs4)cccc3C1=O
1102,CTSK,0.78,O(C(CC(C)C)C(=O)NCCNC=1C=CC(OC)=CC1)C=2C(C3=CC=CC=C3)=CC=CC2,Morgan,0.24,C[C@@H](O)CNC(C)(C)CC(=O)N[C@@H]1CCc2ccccc2N(Cc3ccc(cc3)c4ccccc4c5nn[nH]n5)C1=O
1103,CTSK,0.79,N(S(C1=CC=CS1)(=O)=O)C=2C=CC(C(=O)N[C@H](C(N[C@@H]3C(CO[C@H]3CC)=O)=O)CC4(CCCC4)C)=CC2,Morgan,0.24,C[C@@H](CO)N1C[C@@H](C)[C@@H](CN(C)Cc2ccc(Cl)c(Cl)c2)Oc3c(NS(=O)(=O)c4cccs4)cccc3C1=O
1104,CTSK,0.85,C=1C(C[C@H](NC(=O)C2=C3C(=CC=C2)C=CC=C3)C(=O)NCC#N)=CC=CC1Cl,Morgan,0.24,Fc1ccc(cc1)C(=O)OCc1ccc(CSc2nnc(o2)-c2cccc3ccccc23)cc1
1105,CTSK,0.84,O=C(N1CCN(CC1)C2=CC(OC)=C(OC)C=C2)[C@H]3[C@@H](CCCC3)C(=O)NCC#N,Morgan,0.17,COc1c(N2CCNC(C)C2)c(F)cc2c1n(cc(C(O)=O)c2=O)C1CC1
1106,CTSK,0.85,C=1C(C[C@H](NC(=O)C2=C3C(=CC=C2)C=CC=C3)C(=O)NCC#N)=CC=CC1Cl,Morgan,0.24,Fc1ccc(cc1)C(=O)OCc1ccc(CSc2nnc(o2)-c2cccc3ccccc23)cc1
1107,CTSK,0.85,N1(C#N)CC(C1)CNC(=O)C2CCCCC2,Morgan,0.27,CCS(=O)(=O)NCC[C@@H]1CC[C@@H](NC(=O)C2CCCCC2)[C@H](CO)O1
1108,CTSK,0.85,N1(C#N)CC(C1)CNC(=O)C2CCCCC2,Morgan,0.27,CCS(=O)(=O)NCC[C@@H]1CC[C@@H](NC(=O)C2CCCCC2)[C@H](CO)O1
1109,CTSK,0.85,N1(C#N)CC(C1)CNC(=O)C2CCCCC2,Morgan,0.27,CCS(=O)(=O)NCC[C@@H]1CC[C@@H](NC(=O)C2CCCCC2)[C@H](CO)O1
1110,CTSK,0.84,O=C(N1CCN(CC1)C2=CC(OC)=C(OC)C=C2)[C@H]3[C@@H](CCCC3)C(=O)NCC#N,Morgan,0.17,COc1c(N2CCNC(C)C2)c(F)cc2c1n(cc(C(O)=O)c2=O)C1CC1
1111,CTSK,0.84,O=C(N1CCN(CC1)C2=CC(OC)=C(OC)C=C2)[C@H]3[C@@H](CCCC3)C(=O)NCC#N,Morgan,0.17,COc1c(N2CCNC(C)C2)c(F)cc2c1n(cc(C(O)=O)c2=O)C1CC1
1112,CTSK,0.79,N(S(C1=CC=CS1)(=O)=O)C=2C=CC(C(=O)N[C@H](C(N[C@@H]3C(CO[C@H]3CC)=O)=O)CC4(CCCC4)C)=CC2,Morgan,0.24,C[C@@H](CO)N1C[C@@H](C)[C@@H](CN(C)Cc2ccc(Cl)c(Cl)c2)Oc3c(NS(=O)(=O)c4cccs4)cccc3C1=O
1113,CTSK,0.84,O=C(N1CCN(CC1)C2=CC(OC)=C(OC)C=C2)[C@H]3[C@@H](CCCC3)C(=O)NCC#N,Morgan,0.17,COc1c(N2CCNC(C)C2)c(F)cc2c1n(cc(C(O)=O)c2=O)C1CC1
1114,CTSK,0.00,N(CC=1NN=NN1)C2=NC(=NC(=C2N)NCC(C)C)C#N,Morgan,0.10,Brc1c(Br)c(Br)c2[nH]nnc2c1Br
1115,CTSK,0.84,O=C(N1CCN(CC1)C2=CC(OC)=C(OC)C=C2)[C@H]3[C@@H](CCCC3)C(=O)NCC#N,Morgan,0.17,COc1c(N2CCNC(C)C2)c(F)cc2c1n(cc(C(O)=O)c2=O)C1CC1
1116,CTSK,0.85,C=1C(C[C@H](NC(=O)C2=C3C(=CC=C2)C=CC=C3)C(=O)NCC#N)=CC=CC1Cl,Morgan,0.24,Fc1ccc(cc1)C(=O)OCc1ccc(CSc2nnc(o2)-c2cccc3ccccc23)cc1
1117,CTSK,0.85,C=1C(C[C@H](NC(=O)C2=C3C(=CC=C2)C=CC=C3)C(=O)NCC#N)=CC=CC1Cl,Morgan,0.24,Fc1ccc(cc1)C(=O)OCc1ccc(CSc2nnc(o2)-c2cccc3ccccc23)cc1
1118,CTSK,0.85,N1(C#N)CC(C1)CNC(=O)C2CCCCC2,Morgan,0.27,CCS(=O)(=O)NCC[C@@H]1CC[C@@H](NC(=O)C2CCCCC2)[C@H](CO)O1
1119,CTSK,0.85,C=1C(C[C@H](NC(=O)C2=C3C(=CC=C2)C=CC=C3)C(=O)NCC#N)=CC=CC1Cl,Morgan,0.24,Fc1ccc(cc1)C(=O)OCc1ccc(CSc2nnc(o2)-c2cccc3ccccc23)cc1
1120,CTSK,0.85,C=1C(C[C@H](NC(=O)C2=C3C(=CC=C2)C=CC=C3)C(=O)NCC#N)=CC=CC1Cl,Morgan,0.24,Fc1ccc(cc1)C(=O)OCc1ccc(CSc2nnc(o2)-c2cccc3ccccc23)cc1
1121,CTSK,0.85,C=1C(C[C@H](NC(=O)C2=C3C(=CC=C2)C=CC=C3)C(=O)NCC#N)=CC=CC1Cl,Morgan,0.24,Fc1ccc(cc1)C(=O)OCc1ccc(CSc2nnc(o2)-c2cccc3ccccc23)cc1
1122,CTSK,0.79,N(S(C1=CC=CS1)(=O)=O)C=2C=CC(C(=O)N[C@H](C(N[C@@H]3C(CO[C@H]3CC)=O)=O)CC4(CCCC4)C)=CC2,Morgan,0.24,C[C@@H](CO)N1C[C@@H](C)[C@@H](CN(C)Cc2ccc(Cl)c(Cl)c2)Oc3c(NS(=O)(=O)c4cccs4)cccc3C1=O
1123,CTSK,0.84,C=1C(C[C@H](NC(=O)C2=C3C(=CC=C2)C=CC=C3)C(=O)NCC#N)=CC=CC1Cl,Morgan,0.20,Cn1nnnc1Sc2ncnc3scc(c4cccc5ccccc45)c23
1124,CTSK,0.85,C=1C(C[C@H](NC(=O)C2=C3C(=CC=C2)C=CC=C3)C(=O)NCC#N)=CC=CC1Cl,Morgan,0.24,Fc1ccc(cc1)C(=O)OCc1ccc(CSc2nnc(o2)-c2cccc3ccccc23)cc1
1125,CTSK,0.85,C=1C(C[C@H](NC(=O)C2=C3C(=CC=C2)C=CC=C3)C(=O)NCC#N)=CC=CC1Cl,Morgan,0.24,Fc1ccc(cc1)C(=O)OCc1ccc(CSc2nnc(o2)-c2cccc3ccccc23)cc1
1126,CTSK,0.85,C=1C(C[C@H](NC(=O)C2=C3C(=CC=C2)C=CC=C3)C(=O)NCC#N)=CC=CC1Cl,Morgan,0.24,Fc1ccc(cc1)C(=O)OCc1ccc(CSc2nnc(o2)-c2cccc3ccccc23)cc1
1127,CTSK,0.85,C=1C(C[C@H](NC(=O)C2=C3C(=CC=C2)C=CC=C3)C(=O)NCC#N)=CC=CC1Cl,Morgan,0.24,Fc1ccc(cc1)C(=O)OCc1ccc(CSc2nnc(o2)-c2cccc3ccccc23)cc1
1128,CTSK,0.84,O=C(N1CCN(CC1)C2=CC(OC)=C(OC)C=C2)[C@H]3[C@@H](CCCC3)C(=O)NCC#N,Morgan,0.17,COc1c(N2CCNC(C)C2)c(F)cc2c1n(cc(C(O)=O)c2=O)C1CC1
1129,CTSK,0.85,C=1C(C[C@H](NC(=O)C2=C3C(=CC=C2)C=CC=C3)C(=O)NCC#N)=CC=CC1Cl,Morgan,0.24,Fc1ccc(cc1)C(=O)OCc1ccc(CSc2nnc(o2)-c2cccc3ccccc23)cc1
1130,CTSK,0.79,N(S(C1=CC=CS1)(=O)=O)C=2C=CC(C(=O)N[C@H](C(N[C@@H]3C(CO[C@H]3CC)=O)=O)CC4(CCCC4)C)=CC2,Morgan,0.24,C[C@@H](CO)N1C[C@@H](C)[C@@H](CN(C)Cc2ccc(Cl)c(Cl)c2)Oc3c(NS(=O)(=O)c4cccs4)cccc3C1=O
1131,CTSK,0.83,C(N[C@H](C(=O)NCCNC1=CC=C(C=C1)C)CC(C)C)(=O)OCC=2C=CC=CC2,Morgan,0.26,Cc1noc(C)c1C(c2ccccc2)S(=O)(=O)c3ccc(C)cc3
1132,CTSK,0.85,C=1C(C[C@H](NC(=O)C2=C3C(=CC=C2)C=CC=C3)C(=O)NCC#N)=CC=CC1Cl,Morgan,0.24,Fc1ccc(cc1)C(=O)OCc1ccc(CSc2nnc(o2)-c2cccc3ccccc23)cc1
1133,CTSK,0.91,O(C1(CCCCC1)C(=O)NCCNC=2C=CC(OC)=CC2)C3=CC=C(C=C3)C4=CC=CC=C4,Morgan,0.30,COc1ccc(cc1)C2(CC2)C(=O)N3CCC(CC3)n4nc(oc4=O)c5ccccc5
1134,CTSK,0.85,N1(C#N)CC(C1)CNC(=O)C2CCCCC2,Morgan,0.27,CCS(=O)(=O)NCC[C@@H]1CC[C@@H](NC(=O)C2CCCCC2)[C@H](CO)O1
1135,CTSK,0.88,C(NC1CN(C#N)CC1)(C=2C=CC(=CC2)C3=CC=CC=C3)=O,Morgan,0.30,O[C@@H]1COC[C@@H]2O[C@@H](CC(=O)Nc3ccc(cc3)-c3ccccc3)CC[C@H]2N(C1)C(=O)c1cccnc1
1136,CTSK,0.85,C=1C(C[C@H](NC(=O)C2=C3C(=CC=C2)C=CC=C3)C(=O)NCC#N)=CC=CC1Cl,Morgan,0.24,Fc1ccc(cc1)C(=O)OCc1ccc(CSc2nnc(o2)-c2cccc3ccccc23)cc1
1137,CTSK,0.83,C(N[C@H](C(=O)NCCNC1=CC=C(C=C1)C)CC(C)C)(=O)OCC=2C=CC=CC2,Morgan,0.26,Cc1noc(C)c1C(c2ccccc2)S(=O)(=O)c3ccc(C)cc3
1138,CTSK,0.78,O(C(CC(C)C)C(=O)NCCNC=1C=CC(OC)=CC1)C=2C(C3=CC=CC=C3)=CC=CC2,Morgan,0.24,C[C@@H](O)CNC(C)(C)CC(=O)N[C@@H]1CCc2ccccc2N(Cc3ccc(cc3)c4ccccc4c5nn[nH]n5)C1=O
1139,CTSK,0.85,C=1C(C[C@H](NC(=O)C2=C3C(=CC=C2)C=CC=C3)C(=O)NCC#N)=CC=CC1Cl,Morgan,0.24,Fc1ccc(cc1)C(=O)OCc1ccc(CSc2nnc(o2)-c2cccc3ccccc23)cc1
1140,CTSK,0.85,N1(C#N)CC(C1)CNC(=O)C2CCCCC2,Morgan,0.27,CCS(=O)(=O)NCC[C@@H]1CC[C@@H](NC(=O)C2CCCCC2)[C@H](CO)O1
1141,CTSK,0.79,N(S(C1=CC=CS1)(=O)=O)C=2C=CC(C(=O)N[C@H](C(N[C@@H]3C(CO[C@H]3CC)=O)=O)CC4(CCCC4)C)=CC2,Morgan,0.24,C[C@@H](CO)N1C[C@@H](C)[C@@H](CN(C)Cc2ccc(Cl)c(Cl)c2)Oc3c(NS(=O)(=O)c4cccs4)cccc3C1=O
1142,CTSK,0.85,N1(C#N)CC(C1)CNC(=O)C2CCCCC2,Morgan,0.27,CCS(=O)(=O)NCC[C@@H]1CC[C@@H](NC(=O)C2CCCCC2)[C@H](CO)O1
1143,CTSK,0.84,O=C(N1CCN(CC1)C2=CC(OC)=C(OC)C=C2)[C@H]3[C@@H](CCCC3)C(=O)NCC#N,Morgan,0.17,COc1c(N2CCNC(C)C2)c(F)cc2c1n(cc(C(O)=O)c2=O)C1CC1
1144,CTSK,0.85,C=1C(C[C@H](NC(=O)C2=C3C(=CC=C2)C=CC=C3)C(=O)NCC#N)=CC=CC1Cl,Morgan,0.24,Fc1ccc(cc1)C(=O)OCc1ccc(CSc2nnc(o2)-c2cccc3ccccc23)cc1
1145,CTSK,0.85,C=1C(C[C@H](NC(=O)C2=C3C(=CC=C2)C=CC=C3)C(=O)NCC#N)=CC=CC1Cl,Morgan,0.24,Fc1ccc(cc1)C(=O)OCc1ccc(CSc2nnc(o2)-c2cccc3ccccc23)cc1
1146,CTSK,0.85,C=1C(C[C@H](NC(=O)C2=C3C(=CC=C2)C=CC=C3)C(=O)NCC#N)=CC=CC1Cl,Morgan,0.24,Fc1ccc(cc1)C(=O)OCc1ccc(CSc2nnc(o2)-c2cccc3ccccc23)cc1
1147,CTSK,0.84,O=C(N1CCN(CC1)C2=CC(OC)=C(OC)C=C2)[C@H]3[C@@H](CCCC3)C(=O)NCC#N,Morgan,0.17,COc1c(N2CCNC(C)C2)c(F)cc2c1n(cc(C(O)=O)c2=O)C1CC1
1148,CTSK,0.79,N(S(C1=CC=CS1)(=O)=O)C=2C=CC(C(=O)N[C@H](C(N[C@@H]3C(CO[C@H]3CC)=O)=O)CC4(CCCC4)C)=CC2,Morgan,0.24,C[C@@H](CO)N1C[C@@H](C)[C@@H](CN(C)Cc2ccc(Cl)c(Cl)c2)Oc3c(NS(=O)(=O)c4cccs4)cccc3C1=O
1149,CTSK,0.85,C=1C(C[C@H](NC(=O)C2=C3C(=CC=C2)C=CC=C3)C(=O)NCC#N)=CC=CC1Cl,Morgan,0.24,Fc1ccc(cc1)C(=O)OCc1ccc(CSc2nnc(o2)-c2cccc3ccccc23)cc1
1150,CTSK,0.83,C(N[C@H](C(=O)NCCNC1=CC=C(C=C1)C)CC(C)C)(=O)OCC=2C=CC=CC2,Morgan,0.26,Cc1noc(C)c1C(c2ccccc2)S(=O)(=O)c3ccc(C)cc3
1151,CTSK,0.85,N1(C#N)CC(C1)CNC(=O)C2CCCCC2,Morgan,0.27,CCS(=O)(=O)NCC[C@@H]1CC[C@@H](NC(=O)C2CCCCC2)[C@H](CO)O1
1152,CTSK,0.84,C=1C(C[C@H](NC(=O)C2=C3C(=CC=C2)C=CC=C3)C(=O)NCC#N)=CC=CC1Cl,Morgan,0.20,Cn1nnnc1Sc2ncnc3scc(c4cccc5ccccc45)c23
1153,CTSK,0.85,C=1C(C[C@H](NC(=O)C2=C3C(=CC=C2)C=CC=C3)C(=O)NCC#N)=CC=CC1Cl,Morgan,0.24,Fc1ccc(cc1)C(=O)OCc1ccc(CSc2nnc(o2)-c2cccc3ccccc23)cc1
1154,CTSK,0.00,N(CC=1NN=NN1)C2=NC(=NC(=C2N)NCC(C)C)C#N,Morgan,0.10,Brc1c(Br)c(Br)c2[nH]nnc2c1Br
1155,CTSK,0.85,N1(C#N)CC(C1)CNC(=O)C2CCCCC2,Morgan,0.27,CCS(=O)(=O)NCC[C@@H]1CC[C@@H](NC(=O)C2CCCCC2)[C@H](CO)O1
1156,CTSK,0.85,C=1C(C[C@H](NC(=O)C2=C3C(=CC=C2)C=CC=C3)C(=O)NCC#N)=CC=CC1Cl,Morgan,0.24,Fc1ccc(cc1)C(=O)OCc1ccc(CSc2nnc(o2)-c2cccc3ccccc23)cc1
1157,CTSK,0.85,N1(C#N)CC(C1)CNC(=O)C2CCCCC2,Morgan,0.27,CCS(=O)(=O)NCC[C@@H]1CC[C@@H](NC(=O)C2CCCCC2)[C@H](CO)O1
1158,CTSK,0.91,O(C1(CCCCC1)C(=O)NCCNC=2C=CC(OC)=CC2)C3=CC=C(C=C3)C4=CC=CC=C4,Morgan,0.30,COc1ccc(cc1)C2(CC2)C(=O)N3CCC(CC3)n4nc(oc4=O)c5ccccc5
1159,CTSK,0.84,C=1C(C[C@H](NC(=O)C2=C3C(=CC=C2)C=CC=C3)C(=O)NCC#N)=CC=CC1Cl,Morgan,0.20,Cn1nnnc1Sc2ncnc3scc(c4cccc5ccccc45)c23
1160,CTSK,0.85,N1(C#N)CC(C1)CNC(=O)C2CCCCC2,Morgan,0.27,CCS(=O)(=O)NCC[C@@H]1CC[C@@H](NC(=O)C2CCCCC2)[C@H](CO)O1
1161,CTSK,0.83,C(N[C@H](C(=O)NCCNC1=CC=C(C=C1)C)CC(C)C)(=O)OCC=2C=CC=CC2,Morgan,0.26,Cc1noc(C)c1C(c2ccccc2)S(=O)(=O)c3ccc(C)cc3
1162,CTSK,0.79,N(S(C1=CC=CS1)(=O)=O)C=2C=CC(C(=O)N[C@H](C(N[C@@H]3C(CO[C@H]3CC)=O)=O)CC4(CCCC4)C)=CC2,Morgan,0.24,C[C@@H](CO)N1C[C@@H](C)[C@@H](CN(C)Cc2ccc(Cl)c(Cl)c2)Oc3c(NS(=O)(=O)c4cccs4)cccc3C1=O
1163,CTSK,0.85,N1(C#N)CC(C1)CNC(=O)C2CCCCC2,Morgan,0.27,CCS(=O)(=O)NCC[C@@H]1CC[C@@H](NC(=O)C2CCCCC2)[C@H](CO)O1
1164,CTSK,0.85,C=1C(C[C@H](NC(=O)C2=C3C(=CC=C2)C=CC=C3)C(=O)NCC#N)=CC=CC1Cl,Morgan,0.24,Fc1ccc(cc1)C(=O)OCc1ccc(CSc2nnc(o2)-c2cccc3ccccc23)cc1
1165,CTSK,0.85,C=1C(C[C@H](NC(=O)C2=C3C(=CC=C2)C=CC=C3)C(=O)NCC#N)=CC=CC1Cl,Morgan,0.24,Fc1ccc(cc1)C(=O)OCc1ccc(CSc2nnc(o2)-c2cccc3ccccc23)cc1
1166,CTSK,0.84,O=C(N1CCN(CC1)C2=CC(OC)=C(OC)C=C2)[C@H]3[C@@H](CCCC3)C(=O)NCC#N,Morgan,0.17,COc1c(N2CCNC(C)C2)c(F)cc2c1n(cc(C(O)=O)c2=O)C1CC1
1167,CTSK,0.79,N(S(C1=CC=CS1)(=O)=O)C=2C=CC(C(=O)N[C@H](C(N[C@@H]3C(CO[C@H]3CC)=O)=O)CC4(CCCC4)C)=CC2,Morgan,0.24,C[C@@H](CO)N1C[C@@H](C)[C@@H](CN(C)Cc2ccc(Cl)c(Cl)c2)Oc3c(NS(=O)(=O)c4cccs4)cccc3C1=O
1168,CTSK,0.85,C=1C(C[C@H](NC(=O)C2=C3C(=CC=C2)C=CC=C3)C(=O)NCC#N)=CC=CC1Cl,Morgan,0.24,Fc1ccc(cc1)C(=O)OCc1ccc(CSc2nnc(o2)-c2cccc3ccccc23)cc1
1169,CTSK,0.84,C=1C(C[C@H](NC(=O)C2=C3C(=CC=C2)C=CC=C3)C(=O)NCC#N)=CC=CC1Cl,Morgan,0.20,Cn1nnnc1Sc2ncnc3scc(c4cccc5ccccc45)c23
1170,CTSK,0.85,C=1C(C[C@H](NC(=O)C2=C3C(=CC=C2)C=CC=C3)C(=O)NCC#N)=CC=CC1Cl,Morgan,0.24,Fc1ccc(cc1)C(=O)OCc1ccc(CSc2nnc(o2)-c2cccc3ccccc23)cc1
1171,CTSK,0.85,C=1C(C[C@H](NC(=O)C2=C3C(=CC=C2)C=CC=C3)C(=O)NCC#N)=CC=CC1Cl,Morgan,0.24,Fc1ccc(cc1)C(=O)OCc1ccc(CSc2nnc(o2)-c2cccc3ccccc23)cc1
1172,CTSK,0.00,N(CC=1NN=NN1)C2=NC(=NC(=C2N)NCC(C)C)C#N,Morgan,0.10,Brc1c(Br)c(Br)c2[nH]nnc2c1Br
1173,CTSK,0.85,C=1C(C[C@H](NC(=O)C2=C3C(=CC=C2)C=CC=C3)C(=O)NCC#N)=CC=CC1Cl,Morgan,0.24,Fc1ccc(cc1)C(=O)OCc1ccc(CSc2nnc(o2)-c2cccc3ccccc23)cc1
1174,CTSK,0.85,C=1C(C[C@H](NC(=O)C2=C3C(=CC=C2)C=CC=C3)C(=O)NCC#N)=CC=CC1Cl,Morgan,0.24,Fc1ccc(cc1)C(=O)OCc1ccc(CSc2nnc(o2)-c2cccc3ccccc23)cc1
1175,CTSK,0.85,C=1C(C[C@H](NC(=O)C2=C3C(=CC=C2)C=CC=C3)C(=O)NCC#N)=CC=CC1Cl,Morgan,0.24,Fc1ccc(cc1)C(=O)OCc1ccc(CSc2nnc(o2)-c2cccc3ccccc23)cc1
1176,CTSK,0.85,N1(C#N)CC(C1)CNC(=O)C2CCCCC2,Morgan,0.27,CCS(=O)(=O)NCC[C@@H]1CC[C@@H](NC(=O)C2CCCCC2)[C@H](CO)O1
1177,CTSK,0.84,O=C(N1CCN(CC1)C2=CC(OC)=C(OC)C=C2)[C@H]3[C@@H](CCCC3)C(=O)NCC#N,Morgan,0.17,COc1c(N2CCNC(C)C2)c(F)cc2c1n(cc(C(O)=O)c2=O)C1CC1
1178,CTSK,0.84,C=1C(C[C@H](NC(=O)C2=C3C(=CC=C2)C=CC=C3)C(=O)NCC#N)=CC=CC1Cl,Morgan,0.20,Cn1nnnc1Sc2ncnc3scc(c4cccc5ccccc45)c23
1179,CTSK,0.84,C=1C(C[C@H](NC(=O)C2=C3C(=CC=C2)C=CC=C3)C(=O)NCC#N)=CC=CC1Cl,Morgan,0.20,Cn1nnnc1Sc2ncnc3scc(c4cccc5ccccc45)c23
1180,CTSK,0.85,N1(C#N)CC(C1)CNC(=O)C2CCCCC2,Morgan,0.27,CCS(=O)(=O)NCC[C@@H]1CC[C@@H](NC(=O)C2CCCCC2)[C@H](CO)O1
1181,CTSK,0.84,O=C(N1CCN(CC1)C2=CC(OC)=C(OC)C=C2)[C@H]3[C@@H](CCCC3)C(=O)NCC#N,Morgan,0.17,COc1c(N2CCNC(C)C2)c(F)cc2c1n(cc(C(O)=O)c2=O)C1CC1
1182,CTSK,0.85,C=1C(C[C@H](NC(=O)C2=C3C(=CC=C2)C=CC=C3)C(=O)NCC#N)=CC=CC1Cl,Morgan,0.24,Fc1ccc(cc1)C(=O)OCc1ccc(CSc2nnc(o2)-c2cccc3ccccc23)cc1
1183,CTSK,0.85,C=1C(C[C@H](NC(=O)C2=C3C(=CC=C2)C=CC=C3)C(=O)NCC#N)=CC=CC1Cl,Morgan,0.24,Fc1ccc(cc1)C(=O)OCc1ccc(CSc2nnc(o2)-c2cccc3ccccc23)cc1
1184,CTSK,0.85,C=1C(C[C@H](NC(=O)C2=C3C(=CC=C2)C=CC=C3)C(=O)NCC#N)=CC=CC1Cl,Morgan,0.24,Fc1ccc(cc1)C(=O)OCc1ccc(CSc2nnc(o2)-c2cccc3ccccc23)cc1
1185,CTSK,0.85,C=1C(C[C@H](NC(=O)C2=C3C(=CC=C2)C=CC=C3)C(=O)NCC#N)=CC=CC1Cl,Morgan,0.24,Fc1ccc(cc1)C(=O)OCc1ccc(CSc2nnc(o2)-c2cccc3ccccc23)cc1
1186,CTSK,0.85,N1(C#N)CC(C1)CNC(=O)C2CCCCC2,Morgan,0.27,CCS(=O)(=O)NCC[C@@H]1CC[C@@H](NC(=O)C2CCCCC2)[C@H](CO)O1
1187,CTSK,0.85,N1(C#N)CC(C1)CNC(=O)C2CCCCC2,Morgan,0.27,CCS(=O)(=O)NCC[C@@H]1CC[C@@H](NC(=O)C2CCCCC2)[C@H](CO)O1
1188,CTSK,0.85,C=1C(C[C@H](NC(=O)C2=C3C(=CC=C2)C=CC=C3)C(=O)NCC#N)=CC=CC1Cl,Morgan,0.24,Fc1ccc(cc1)C(=O)OCc1ccc(CSc2nnc(o2)-c2cccc3ccccc23)cc1
1189,CTSK,0.84,O=C(N1CCN(CC1)C2=CC(OC)=C(OC)C=C2)[C@H]3[C@@H](CCCC3)C(=O)NCC#N,Morgan,0.17,COc1c(N2CCNC(C)C2)c(F)cc2c1n(cc(C(O)=O)c2=O)C1CC1
1190,CTSK,0.78,O(C(CC(C)C)C(=O)NCCNC=1C=CC(OC)=CC1)C=2C(C3=CC=CC=C3)=CC=CC2,Morgan,0.24,C[C@@H](O)CNC(C)(C)CC(=O)N[C@@H]1CCc2ccccc2N(Cc3ccc(cc3)c4ccccc4c5nn[nH]n5)C1=O
1191,CTSK,0.79,N(S(C1=CC=CS1)(=O)=O)C=2C=CC(C(=O)N[C@H](C(N[C@@H]3C(CO[C@H]3CC)=O)=O)CC4(CCCC4)C)=CC2,Morgan,0.24,C[C@@H](CO)N1C[C@@H](C)[C@@H](CN(C)Cc2ccc(Cl)c(Cl)c2)Oc3c(NS(=O)(=O)c4cccs4)cccc3C1=O
1192,CTSK,0.85,C=1C(C[C@H](NC(=O)C2=C3C(=CC=C2)C=CC=C3)C(=O)NCC#N)=CC=CC1Cl,Morgan,0.24,Fc1ccc(cc1)C(=O)OCc1ccc(CSc2nnc(o2)-c2cccc3ccccc23)cc1
1193,CTSK,0.85,N1(C#N)CC(C1)CNC(=O)C2CCCCC2,Morgan,0.27,CCS(=O)(=O)NCC[C@@H]1CC[C@@H](NC(=O)C2CCCCC2)[C@H](CO)O1
1194,CTSK,1.00,C1(N(C(=O)N(N=C1C#N)C2=CC=CC(=C2)C(F)(F)F)CCCN(C)C)=O,Morgan,0.23,CN(C)CCCN1c2ccccc2Sc2ccc(Cl)cc12
1195,CTSK,0.84,O=C(N1CCN(CC1)C2=CC(OC)=C(OC)C=C2)[C@H]3[C@@H](CCCC3)C(=O)NCC#N,Morgan,0.17,COc1c(N2CCNC(C)C2)c(F)cc2c1n(cc(C(O)=O)c2=O)C1CC1
1196,CTSK,0.84,O=C(N1CCN(CC1)C2=CC(OC)=C(OC)C=C2)[C@H]3[C@@H](CCCC3)C(=O)NCC#N,Morgan,0.17,COc1c(N2CCNC(C)C2)c(F)cc2c1n(cc(C(O)=O)c2=O)C1CC1
1197,CTSK,0.85,N1(C#N)CC(C1)CNC(=O)C2CCCCC2,Morgan,0.27,CCS(=O)(=O)NCC[C@@H]1CC[C@@H](NC(=O)C2CCCCC2)[C@H](CO)O1
1198,CTSK,0.85,N1(C#N)CC(C1)CNC(=O)C2CCCCC2,Morgan,0.27,CCS(=O)(=O)NCC[C@@H]1CC[C@@H](NC(=O)C2CCCCC2)[C@H](CO)O1
1199,CTSK,0.85,C=1C(C[C@H](NC(=O)C2=C3C(=CC=C2)C=CC=C3)C(=O)NCC#N)=CC=CC1Cl,Morgan,0.24,Fc1ccc(cc1)C(=O)OCc1ccc(CSc2nnc(o2)-c2cccc3ccccc23)cc1
1200,EGFR,0.85,C1=C(C2=NN=C(O2)SCC=3C=CC(=CC3)C4=CC=C(C=C4)C#N)C=CC5=C1OCO5,Fraggle,0.62,Fc1ccc(cc1)C(=O)OCc1ccc(CSc2nnc(o2)-c2cccc3ccccc23)cc1
1201,EGFR,0.85,C1=C(C2=NN=C(O2)SCC=3C=CC(=CC3)C4=CC=C(C=C4)C#N)C=CC5=C1OCO5,Fraggle,0.62,Fc1ccc(cc1)C(=O)OCc1ccc(CSc2nnc(o2)-c2cccc3ccccc23)cc1
1202,EGFR,0.85,C1=C(C2=NN=C(O2)SCC=3C=CC(=CC3)C4=CC=C(C=C4)C#N)C=CC5=C1OCO5,Fraggle,0.62,Fc1ccc(cc1)C(=O)OCc1ccc(CSc2nnc(o2)-c2cccc3ccccc23)cc1
1203,EGFR,0.85,C1=C(C2=NN=C(O2)SCC=3C=CC(=CC3)C4=CC=C(C=C4)C#N)C=CC5=C1OCO5,Fraggle,0.62,Fc1ccc(cc1)C(=O)OCc1ccc(CSc2nnc(o2)-c2cccc3ccccc23)cc1
1204,EGFR,0.84,S(O)(O)(=CC[C@H](NC(=O)[C@@H](OC[C@@H](NC[C@@H](N)CS)[C@H](CC)C)CC1=CC=CC=C1)C(OC(C)C)=O)=C,Fraggle,0.39,CCS(=O)(=O)NCC[C@@H]1CC[C@@H](NC(=O)C2CCCCC2)[C@H](CO)O1
1205,EGFR,0.85,C1=C(C2=NN=C(O2)SCC=3C=CC(=CC3)C4=CC=C(C=C4)C#N)C=CC5=C1OCO5,Fraggle,0.62,Fc1ccc(cc1)C(=O)OCc1ccc(CSc2nnc(o2)-c2cccc3ccccc23)cc1
1206,EGFR,0.84,S(O)(O)(=CC[C@H](NC(=O)[C@@H](OC[C@@H](NC[C@@H](N)CS)[C@H](CC)C)CC1=CC=CC=C1)C(OC(C)C)=O)=C,Fraggle,0.39,CCS(=O)(=O)NCC[C@@H]1CC[C@@H](NC(=O)C2CCCCC2)[C@H](CO)O1
1207,EGFR,0.85,C1=C(C2=NN=C(O2)SCC=3C=CC(=CC3)C4=CC=C(C=C4)C#N)C=CC5=C1OCO5,Fraggle,0.62,Fc1ccc(cc1)C(=O)OCc1ccc(CSc2nnc(o2)-c2cccc3ccccc23)cc1
1208,EGFR,0.85,C1=C(C2=NN=C(O2)SCC=3C=CC(=CC3)C4=CC=C(C=C4)C#N)C=CC5=C1OCO5,Fraggle,0.62,Fc1ccc(cc1)C(=O)OCc1ccc(CSc2nnc(o2)-c2cccc3ccccc23)cc1
1209,EGFR,0.85,C1=C(C2=NN=C(O2)SCC=3C=CC(=CC3)C4=CC=C(C=C4)C#N)C=CC5=C1OCO5,Fraggle,0.62,Fc1ccc(cc1)C(=O)OCc1ccc(CSc2nnc(o2)-c2cccc3ccccc23)cc1
1210,EGFR,0.86,C=1C2=C(N(C(O2)=O)CCCN3CCOCC3)C=C4C(=NC=NC14)NC=5C=CC(=CC5)OC,Fraggle,0.00,COc1ccc(cc1)C2(CC2)C(=O)N3CCC(CC3)n4nc(oc4=O)c5ccccc5
1211,EGFR,0.83,C1=CC=C2C(=C1)C=CC(N3C(=NN=C3C=4C=CN=CC4)S)=C2,Fraggle,0.50,Cn1nnnc1Sc2ncnc3scc(c4cccc5ccccc45)c23
1212,EGFR,0.85,C1=C(C2=NN=C(O2)SCC=3C=CC(=CC3)C4=CC=C(C=C4)C#N)C=CC5=C1OCO5,Fraggle,0.62,Fc1ccc(cc1)C(=O)OCc1ccc(CSc2nnc(o2)-c2cccc3ccccc23)cc1
1213,EGFR,0.00,BrC=1C=C2C=3NN=CC3CC2=CC1,Fraggle,0.22,Brc1c(Br)c(Br)c2[nH]nnc2c1Br
1214,EGFR,0.00,BrC=1C=C2C=3NN=CC3CC2=CC1,Fraggle,0.22,Brc1c(Br)c(Br)c2[nH]nnc2c1Br
1215,EGFR,0.85,C1=C(C2=NN=C(O2)SCC=3C=CC(=CC3)C4=CC=C(C=C4)C#N)C=CC5=C1OCO5,Fraggle,0.62,Fc1ccc(cc1)C(=O)OCc1ccc(CSc2nnc(o2)-c2cccc3ccccc23)cc1
1216,EGFR,0.78,COC1=CC(=CC=C1NC2=NC(NC3=CC=CC(F)=C3C(O)=O)=C4C=CNC4=N2)N5CCN(CC5)C(C)C,Fraggle,0.46,COc1c(N2CCNC(C)C2)c(F)cc2c1n(cc(C(O)=O)c2=O)C1CC1
1217,EGFR,0.78,COC1=CC(=CC=C1NC2=NC(NC3=CC=CC(F)=C3C(O)=O)=C4C=CNC4=N2)N5CCN(CC5)C(C)C,Fraggle,0.46,COc1c(N2CCNC(C)C2)c(F)cc2c1n(cc(C(O)=O)c2=O)C1CC1
1218,EGFR,0.85,C1=C(C2=NN=C(O2)SCC=3C=CC(=CC3)C4=CC=C(C=C4)C#N)C=CC5=C1OCO5,Fraggle,0.62,Fc1ccc(cc1)C(=O)OCc1ccc(CSc2nnc(o2)-c2cccc3ccccc23)cc1
1219,EGFR,0.84,S(O)(O)(=CC[C@H](NC(=O)[C@@H](OC[C@@H](NC[C@@H](N)CS)[C@H](CC)C)CC1=CC=CC=C1)C(OC(C)C)=O)=C,Fraggle,0.39,CCS(=O)(=O)NCC[C@@H]1CC[C@@H](NC(=O)C2CCCCC2)[C@H](CO)O1
1220,EGFR,0.77,C1=C(C=2C(=NC=NC2C=C1)NC=3C=CC(OC4=CN=C(C=C4)C)=C(C)C3)O[C@@H](C(N(CCO)C)=O)C,Fraggle,0.40,CO[C@@H]1CN(C)C(=O)c2cc(NC(=O)C3CCCCC3)ccc2OC[C@@H](C)NC[C@@H]1C
1221,EGFR,0.83,C1=CC=C2C(=C1)C=CC(N3C(=NN=C3C=4C=CN=CC4)S)=C2,Fraggle,0.50,Cn1nnnc1Sc2ncnc3scc(c4cccc5ccccc45)c23
1222,EGFR,0.85,C1=C(C2=NN=C(O2)SCC=3C=CC(=CC3)C4=CC=C(C=C4)C#N)C=CC5=C1OCO5,Fraggle,0.62,Fc1ccc(cc1)C(=O)OCc1ccc(CSc2nnc(o2)-c2cccc3ccccc23)cc1
1223,EGFR,0.83,C1=CC=C2C(=C1)C=CC(N3C(=NN=C3C=4C=CN=CC4)S)=C2,Fraggle,0.50,Cn1nnnc1Sc2ncnc3scc(c4cccc5ccccc45)c23
1224,EGFR,0.83,C1=CC=C2C(=C1)C=CC(N3C(=NN=C3C=4C=CN=CC4)S)=C2,Fraggle,0.50,Cn1nnnc1Sc2ncnc3scc(c4cccc5ccccc45)c23
1225,EGFR,0.84,S(O)(O)(=CC[C@H](NC(=O)[C@@H](OC[C@@H](NC[C@@H](N)CS)[C@H](CC)C)CC1=CC=CC=C1)C(OC(C)C)=O)=C,Fraggle,0.39,CCS(=O)(=O)NCC[C@@H]1CC[C@@H](NC(=O)C2CCCCC2)[C@H](CO)O1
1226,EGFR,0.85,C1=C(C2=NN=C(O2)SCC=3C=CC(=CC3)C4=CC=C(C=C4)C#N)C=CC5=C1OCO5,Fraggle,0.62,Fc1ccc(cc1)C(=O)OCc1ccc(CSc2nnc(o2)-c2cccc3ccccc23)cc1
1227,EGFR,0.83,C1=CC=C2C(=C1)C=CC(N3C(=NN=C3C=4C=CN=CC4)S)=C2,Fraggle,0.50,Cn1nnnc1Sc2ncnc3scc(c4cccc5ccccc45)c23
1228,EGFR,0.83,C1=CC=C2C(=C1)C=CC(N3C(=NN=C3C=4C=CN=CC4)S)=C2,Fraggle,0.50,Cn1nnnc1Sc2ncnc3scc(c4cccc5ccccc45)c23
1229,EGFR,0.84,S(O)(O)(=CC[C@H](NC(=O)[C@@H](OC[C@@H](NC[C@@H](N)CS)[C@H](CC)C)CC1=CC=CC=C1)C(OC(C)C)=O)=C,Fraggle,0.39,CCS(=O)(=O)NCC[C@@H]1CC[C@@H](NC(=O)C2CCCCC2)[C@H](CO)O1
1230,EGFR,0.78,COC1=CC(=CC=C1NC2=NC(NC3=CC=CC(F)=C3C(O)=O)=C4C=CNC4=N2)N5CCN(CC5)C(C)C,Fraggle,0.46,COc1c(N2CCNC(C)C2)c(F)cc2c1n(cc(C(O)=O)c2=O)C1CC1
1231,EGFR,0.78,COC1=CC(=CC=C1NC2=NC(NC3=CC=CC(F)=C3C(O)=O)=C4C=CNC4=N2)N5CCN(CC5)C(C)C,Fraggle,0.46,COc1c(N2CCNC(C)C2)c(F)cc2c1n(cc(C(O)=O)c2=O)C1CC1
1232,EGFR,0.85,C1=C(C2=NN=C(O2)SCC=3C=CC(=CC3)C4=CC=C(C=C4)C#N)C=CC5=C1OCO5,Fraggle,0.62,Fc1ccc(cc1)C(=O)OCc1ccc(CSc2nnc(o2)-c2cccc3ccccc23)cc1
1233,EGFR,0.84,S(O)(O)(=CC[C@H](NC(=O)[C@@H](OC[C@@H](NC[C@@H](N)CS)[C@H](CC)C)CC1=CC=CC=C1)C(OC(C)C)=O)=C,Fraggle,0.39,CCS(=O)(=O)NCC[C@@H]1CC[C@@H](NC(=O)C2CCCCC2)[C@H](CO)O1
1234,EGFR,0.85,C1=C(C2=NN=C(O2)SCC=3C=CC(=CC3)C4=CC=C(C=C4)C#N)C=CC5=C1OCO5,Fraggle,0.62,Fc1ccc(cc1)C(=O)OCc1ccc(CSc2nnc(o2)-c2cccc3ccccc23)cc1
1235,EGFR,0.00,BrC=1C=C2C=3NN=CC3CC2=CC1,Fraggle,0.22,Brc1c(Br)c(Br)c2[nH]nnc2c1Br
1236,EGFR,0.86,C=1C2=C(N(C(O2)=O)CCCN3CCOCC3)C=C4C(=NC=NC14)NC=5C=CC(=CC5)OC,Fraggle,0.00,COc1ccc(cc1)C2(CC2)C(=O)N3CCC(CC3)n4nc(oc4=O)c5ccccc5
1237,EGFR,0.84,S(O)(O)(=CC[C@H](NC(=O)[C@@H](OC[C@@H](NC[C@@H](N)CS)[C@H](CC)C)CC1=CC=CC=C1)C(OC(C)C)=O)=C,Fraggle,0.39,CCS(=O)(=O)NCC[C@@H]1CC[C@@H](NC(=O)C2CCCCC2)[C@H](CO)O1
1238,EGFR,0.85,C1=C(C2=NN=C(O2)SCC=3C=CC(=CC3)C4=CC=C(C=C4)C#N)C=CC5=C1OCO5,Fraggle,0.62,Fc1ccc(cc1)C(=O)OCc1ccc(CSc2nnc(o2)-c2cccc3ccccc23)cc1
1239,EGFR,0.85,C1=C(C2=NN=C(O2)SCC=3C=CC(=CC3)C4=CC=C(C=C4)C#N)C=CC5=C1OCO5,Fraggle,0.62,Fc1ccc(cc1)C(=O)OCc1ccc(CSc2nnc(o2)-c2cccc3ccccc23)cc1
1240,EGFR,0.78,COC1=CC(=CC=C1NC2=NC(NC3=CC=CC(F)=C3C(O)=O)=C4C=CNC4=N2)N5CCN(CC5)C(C)C,Fraggle,0.46,COc1c(N2CCNC(C)C2)c(F)cc2c1n(cc(C(O)=O)c2=O)C1CC1
1241,EGFR,0.85,C1=C(C2=NN=C(O2)SCC=3C=CC(=CC3)C4=CC=C(C=C4)C#N)C=CC5=C1OCO5,Fraggle,0.62,Fc1ccc(cc1)C(=O)OCc1ccc(CSc2nnc(o2)-c2cccc3ccccc23)cc1
1242,EGFR,0.84,S(O)(O)(=CC[C@H](NC(=O)[C@@H](OC[C@@H](NC[C@@H](N)CS)[C@H](CC)C)CC1=CC=CC=C1)C(OC(C)C)=O)=C,Fraggle,0.39,CCS(=O)(=O)NCC[C@@H]1CC[C@@H](NC(=O)C2CCCCC2)[C@H](CO)O1
1243,EGFR,0.83,C1=CC=C2C(=C1)C=CC(N3C(=NN=C3C=4C=CN=CC4)S)=C2,Fraggle,0.50,Cn1nnnc1Sc2ncnc3scc(c4cccc5ccccc45)c23
1244,EGFR,0.85,C1=C(C2=NN=C(O2)SCC=3C=CC(=CC3)C4=CC=C(C=C4)C#N)C=CC5=C1OCO5,Fraggle,0.62,Fc1ccc(cc1)C(=O)OCc1ccc(CSc2nnc(o2)-c2cccc3ccccc23)cc1
1245,EGFR,0.86,C=1C2=C(N(C(O2)=O)CCCN3CCOCC3)C=C4C(=NC=NC14)NC=5C=CC(=CC5)OC,Fraggle,0.00,COc1ccc(cc1)C2(CC2)C(=O)N3CCC(CC3)n4nc(oc4=O)c5ccccc5
1246,EGFR,0.85,C1=C(C2=NN=C(O2)SCC=3C=CC(=CC3)C4=CC=C(C=C4)C#N)C=CC5=C1OCO5,Fraggle,0.62,Fc1ccc(cc1)C(=O)OCc1ccc(CSc2nnc(o2)-c2cccc3ccccc23)cc1
1247,EGFR,0.83,C1=CC=C2C(=C1)C=CC(N3C(=NN=C3C=4C=CN=CC4)S)=C2,Fraggle,0.50,Cn1nnnc1Sc2ncnc3scc(c4cccc5ccccc45)c23
1248,EGFR,0.85,C1=C(C2=NN=C(O2)SCC=3C=CC(=CC3)C4=CC=C(C=C4)C#N)C=CC5=C1OCO5,Fraggle,0.62,Fc1ccc(cc1)C(=O)OCc1ccc(CSc2nnc(o2)-c2cccc3ccccc23)cc1
1249,EGFR,0.85,C1=C(C2=NN=C(O2)SCC=3C=CC(=CC3)C4=CC=C(C=C4)C#N)C=CC5=C1OCO5,Fraggle,0.62,Fc1ccc(cc1)C(=O)OCc1ccc(CSc2nnc(o2)-c2cccc3ccccc23)cc1
1250,EGFR,0.74,O=C1N(C(=O)C2=C3C1=CC=C(NCCCC)C3=CC=C2)CCNCCO,Fraggle,0.00,CCc1cccc(CC)c1NC(=O)CN(CC(O)=O)CC(O)=O
1251,EGFR,0.78,COC1=CC(=CC=C1NC2=NC(NC3=CC=CC(F)=C3C(O)=O)=C4C=CNC4=N2)N5CCN(CC5)C(C)C,Fraggle,0.46,COc1c(N2CCNC(C)C2)c(F)cc2c1n(cc(C(O)=O)c2=O)C1CC1
1252,EGFR,0.83,C1=CC=C2C(=C1)C=CC(N3C(=NN=C3C=4C=CN=CC4)S)=C2,Fraggle,0.50,Cn1nnnc1Sc2ncnc3scc(c4cccc5ccccc45)c23
1253,EGFR,0.85,C1=C(C2=NN=C(O2)SCC=3C=CC(=CC3)C4=CC=C(C=C4)C#N)C=CC5=C1OCO5,Fraggle,0.62,Fc1ccc(cc1)C(=O)OCc1ccc(CSc2nnc(o2)-c2cccc3ccccc23)cc1
1254,EGFR,0.00,BrC=1C=C2C=3NN=CC3CC2=CC1,Fraggle,0.22,Brc1c(Br)c(Br)c2[nH]nnc2c1Br
1255,EGFR,0.00,BrC=1C=C2C=3NN=CC3CC2=CC1,Fraggle,0.22,Brc1c(Br)c(Br)c2[nH]nnc2c1Br
1256,EGFR,0.85,C1=C(C2=NN=C(O2)SCC=3C=CC(=CC3)C4=CC=C(C=C4)C#N)C=CC5=C1OCO5,Fraggle,0.62,Fc1ccc(cc1)C(=O)OCc1ccc(CSc2nnc(o2)-c2cccc3ccccc23)cc1
1257,EGFR,0.83,C1=CC=C2C(=C1)C=CC(N3C(=NN=C3C=4C=CN=CC4)S)=C2,Fraggle,0.50,Cn1nnnc1Sc2ncnc3scc(c4cccc5ccccc45)c23
1258,EGFR,0.84,S(O)(O)(=CC[C@H](NC(=O)[C@@H](OC[C@@H](NC[C@@H](N)CS)[C@H](CC)C)CC1=CC=CC=C1)C(OC(C)C)=O)=C,Fraggle,0.39,CCS(=O)(=O)NCC[C@@H]1CC[C@@H](NC(=O)C2CCCCC2)[C@H](CO)O1
1259,EGFR,0.84,S(O)(O)(=CC[C@H](NC(=O)[C@@H](OC[C@@H](NC[C@@H](N)CS)[C@H](CC)C)CC1=CC=CC=C1)C(OC(C)C)=O)=C,Fraggle,0.39,CCS(=O)(=O)NCC[C@@H]1CC[C@@H](NC(=O)C2CCCCC2)[C@H](CO)O1
1260,EGFR,0.85,C1=C(C2=NN=C(O2)SCC=3C=CC(=CC3)C4=CC=C(C=C4)C#N)C=CC5=C1OCO5,Fraggle,0.62,Fc1ccc(cc1)C(=O)OCc1ccc(CSc2nnc(o2)-c2cccc3ccccc23)cc1
1261,EGFR,0.85,C1=C(C2=NN=C(O2)SCC=3C=CC(=CC3)C4=CC=C(C=C4)C#N)C=CC5=C1OCO5,Fraggle,0.62,Fc1ccc(cc1)C(=O)OCc1ccc(CSc2nnc(o2)-c2cccc3ccccc23)cc1
1262,EGFR,0.85,C1=C(C2=NN=C(O2)SCC=3C=CC(=CC3)C4=CC=C(C=C4)C#N)C=CC5=C1OCO5,Fraggle,0.62,Fc1ccc(cc1)C(=O)OCc1ccc(CSc2nnc(o2)-c2cccc3ccccc23)cc1
1263,EGFR,0.85,C1=C(C2=NN=C(O2)SCC=3C=CC(=CC3)C4=CC=C(C=C4)C#N)C=CC5=C1OCO5,Fraggle,0.62,Fc1ccc(cc1)C(=O)OCc1ccc(CSc2nnc(o2)-c2cccc3ccccc23)cc1
1264,EGFR,0.00,BrC=1C=C2C=3NN=CC3CC2=CC1,Fraggle,0.22,Brc1c(Br)c(Br)c2[nH]nnc2c1Br
1265,EGFR,0.78,COC1=CC(=CC=C1NC2=NC(NC3=CC=CC(F)=C3C(O)=O)=C4C=CNC4=N2)N5CCN(CC5)C(C)C,Fraggle,0.46,COc1c(N2CCNC(C)C2)c(F)cc2c1n(cc(C(O)=O)c2=O)C1CC1
1266,EGFR,0.83,C1=CC=C2C(=C1)C=CC(N3C(=NN=C3C=4C=CN=CC4)S)=C2,Fraggle,0.50,Cn1nnnc1Sc2ncnc3scc(c4cccc5ccccc45)c23
1267,EGFR,0.78,COC1=CC(=CC=C1NC2=NC(NC3=CC=CC(F)=C3C(O)=O)=C4C=CNC4=N2)N5CCN(CC5)C(C)C,Fraggle,0.46,COc1c(N2CCNC(C)C2)c(F)cc2c1n(cc(C(O)=O)c2=O)C1CC1
1268,EGFR,0.85,C1=C(C2=NN=C(O2)SCC=3C=CC(=CC3)C4=CC=C(C=C4)C#N)C=CC5=C1OCO5,Fraggle,0.62,Fc1ccc(cc1)C(=O)OCc1ccc(CSc2nnc(o2)-c2cccc3ccccc23)cc1
1269,EGFR,0.83,C=1(C=C(C=CC1)C2=CSC=C2)S(=O)(=O)NC3=CC(=C(C=C3)OC=4C=CN=C5C=C(C(=CC45)OC)OCCCN6CCN(CC6)C)F,Fraggle,0.45,C[C@@H](CO)N1C[C@@H](C)[C@@H](CN(C)Cc2ccc(Cl)c(Cl)c2)Oc3c(NS(=O)(=O)c4cccs4)cccc3C1=O
1270,EGFR,0.85,CCS(=O)(=O)C=1C=CC(OC)=C(NC2=NC=C(O2)C3=CC=CC(OC)=C3)C1,Fraggle,0.44,Cc1noc(C)c1C(c2ccccc2)S(=O)(=O)c3ccc(C)cc3
1271,EGFR,0.85,C1=C(C2=NN=C(O2)SCC=3C=CC(=CC3)C4=CC=C(C=C4)C#N)C=CC5=C1OCO5,Fraggle,0.62,Fc1ccc(cc1)C(=O)OCc1ccc(CSc2nnc(o2)-c2cccc3ccccc23)cc1
1272,EGFR,0.85,C1=C(C2=NN=C(O2)SCC=3C=CC(=CC3)C4=CC=C(C=C4)C#N)C=CC5=C1OCO5,Fraggle,0.62,Fc1ccc(cc1)C(=O)OCc1ccc(CSc2nnc(o2)-c2cccc3ccccc23)cc1
1273,EGFR,0.83,C=1(C=C(C=CC1)C2=CSC=C2)S(=O)(=O)NC3=CC(=C(C=C3)OC=4C=CN=C5C=C(C(=CC45)OC)OCCCN6CCN(CC6)C)F,Fraggle,0.45,C[C@@H](CO)N1C[C@@H](C)[C@@H](CN(C)Cc2ccc(Cl)c(Cl)c2)Oc3c(NS(=O)(=O)c4cccs4)cccc3C1=O
1274,EGFR,0.00,BrC=1C=C2C=3NN=CC3CC2=CC1,Fraggle,0.22,Brc1c(Br)c(Br)c2[nH]nnc2c1Br
1275,EGFR,0.85,C1=C(C2=NN=C(O2)SCC=3C=CC(=CC3)C4=CC=C(C=C4)C#N)C=CC5=C1OCO5,Fraggle,0.62,Fc1ccc(cc1)C(=O)OCc1ccc(CSc2nnc(o2)-c2cccc3ccccc23)cc1
1276,EGFR,0.85,C1=C(C2=NN=C(O2)SCC=3C=CC(=CC3)C4=CC=C(C=C4)C#N)C=CC5=C1OCO5,Fraggle,0.62,Fc1ccc(cc1)C(=O)OCc1ccc(CSc2nnc(o2)-c2cccc3ccccc23)cc1
1277,EGFR,0.85,C1=C(C2=NN=C(O2)SCC=3C=CC(=CC3)C4=CC=C(C=C4)C#N)C=CC5=C1OCO5,Fraggle,0.62,Fc1ccc(cc1)C(=O)OCc1ccc(CSc2nnc(o2)-c2cccc3ccccc23)cc1
1278,EGFR,0.83,C1=CC=C2C(=C1)C=CC(N3C(=NN=C3C=4C=CN=CC4)S)=C2,Fraggle,0.50,Cn1nnnc1Sc2ncnc3scc(c4cccc5ccccc45)c23
1279,EGFR,0.85,CCS(=O)(=O)C=1C=CC(OC)=C(NC2=NC=C(O2)C3=CC=CC(OC)=C3)C1,Fraggle,0.44,Cc1noc(C)c1C(c2ccccc2)S(=O)(=O)c3ccc(C)cc3
1280,EGFR,0.85,C1=C(C2=NN=C(O2)SCC=3C=CC(=CC3)C4=CC=C(C=C4)C#N)C=CC5=C1OCO5,Fraggle,0.62,Fc1ccc(cc1)C(=O)OCc1ccc(CSc2nnc(o2)-c2cccc3ccccc23)cc1
1281,EGFR,0.84,S(O)(O)(=CC[C@H](NC(=O)[C@@H](OC[C@@H](NC[C@@H](N)CS)[C@H](CC)C)CC1=CC=CC=C1)C(OC(C)C)=O)=C,Fraggle,0.39,CCS(=O)(=O)NCC[C@@H]1CC[C@@H](NC(=O)C2CCCCC2)[C@H](CO)O1
1282,EGFR,0.84,S(O)(O)(=CC[C@H](NC(=O)[C@@H](OC[C@@H](NC[C@@H](N)CS)[C@H](CC)C)CC1=CC=CC=C1)C(OC(C)C)=O)=C,Fraggle,0.39,CCS(=O)(=O)NCC[C@@H]1CC[C@@H](NC(=O)C2CCCCC2)[C@H](CO)O1
1283,EGFR,0.85,C1=C(C2=NN=C(O2)SCC=3C=CC(=CC3)C4=CC=C(C=C4)C#N)C=CC5=C1OCO5,Fraggle,0.62,Fc1ccc(cc1)C(=O)OCc1ccc(CSc2nnc(o2)-c2cccc3ccccc23)cc1
1284,EGFR,0.83,C1=CC=C2C(=C1)C=CC(N3C(=NN=C3C=4C=CN=CC4)S)=C2,Fraggle,0.50,Cn1nnnc1Sc2ncnc3scc(c4cccc5ccccc45)c23
1285,EGFR,0.77,C1=C(C=2C(=NC=NC2C=C1)NC=3C=CC(OC4=CN=C(C=C4)C)=C(C)C3)O[C@@H](C(N(CCO)C)=O)C,Fraggle,0.40,CO[C@@H]1CN(C)C(=O)c2cc(NC(=O)C3CCCCC3)ccc2OC[C@@H](C)NC[C@@H]1C
1286,EGFR,0.86,C=1C2=C(N(C(O2)=O)CCCN3CCOCC3)C=C4C(=NC=NC14)NC=5C=CC(=CC5)OC,Fraggle,0.00,COc1ccc(cc1)C2(CC2)C(=O)N3CCC(CC3)n4nc(oc4=O)c5ccccc5
1287,EGFR,0.85,C1=C(C2=NN=C(O2)SCC=3C=CC(=CC3)C4=CC=C(C=C4)C#N)C=CC5=C1OCO5,Fraggle,0.62,Fc1ccc(cc1)C(=O)OCc1ccc(CSc2nnc(o2)-c2cccc3ccccc23)cc1
1288,EGFR,0.78,COC1=CC(=CC=C1NC2=NC(NC3=CC=CC(F)=C3C(O)=O)=C4C=CNC4=N2)N5CCN(CC5)C(C)C,Fraggle,0.46,COc1c(N2CCNC(C)C2)c(F)cc2c1n(cc(C(O)=O)c2=O)C1CC1
1289,EGFR,0.88,N(C1=CC(=CC(=C1OC)NS(=O)(=O)C)C(C)(C)C)C(=O)NC2=C3C(=C(C=C2)C4=CC=C(N=C4)CN5CCOCC5)C=CC=C3,Fraggle,0.47,C[C@@H](CO)N1C[C@@H](C)[C@@H](CN(C)CC2CC2)OCCCC[C@@H](C)Oc3ccc(NS(=O)(=O)C)cc3C1=O
1290,EGFR,0.85,C1=C(C2=NN=C(O2)SCC=3C=CC(=CC3)C4=CC=C(C=C4)C#N)C=CC5=C1OCO5,Fraggle,0.62,Fc1ccc(cc1)C(=O)OCc1ccc(CSc2nnc(o2)-c2cccc3ccccc23)cc1
1291,EGFR,0.78,COC1=CC(=CC=C1NC2=NC(NC3=CC=CC(F)=C3C(O)=O)=C4C=CNC4=N2)N5CCN(CC5)C(C)C,Fraggle,0.46,COc1c(N2CCNC(C)C2)c(F)cc2c1n(cc(C(O)=O)c2=O)C1CC1
1292,EGFR,0.85,CCS(=O)(=O)C=1C=CC(OC)=C(NC2=NC=C(O2)C3=CC=CC(OC)=C3)C1,Fraggle,0.44,Cc1noc(C)c1C(c2ccccc2)S(=O)(=O)c3ccc(C)cc3
1293,EGFR,0.85,C1=C(C2=NN=C(O2)SCC=3C=CC(=CC3)C4=CC=C(C=C4)C#N)C=CC5=C1OCO5,Fraggle,0.62,Fc1ccc(cc1)C(=O)OCc1ccc(CSc2nnc(o2)-c2cccc3ccccc23)cc1
1294,EGFR,0.85,C1=C(C2=NN=C(O2)SCC=3C=CC(=CC3)C4=CC=C(C=C4)C#N)C=CC5=C1OCO5,Fraggle,0.62,Fc1ccc(cc1)C(=O)OCc1ccc(CSc2nnc(o2)-c2cccc3ccccc23)cc1
1295,EGFR,0.00,BrC=1C=C2C=3NN=CC3CC2=CC1,Fraggle,0.22,Brc1c(Br)c(Br)c2[nH]nnc2c1Br
1296,EGFR,0.78,COC1=CC(=CC=C1NC2=NC(NC3=CC=CC(F)=C3C(O)=O)=C4C=CNC4=N2)N5CCN(CC5)C(C)C,Fraggle,0.46,COc1c(N2CCNC(C)C2)c(F)cc2c1n(cc(C(O)=O)c2=O)C1CC1
1297,EGFR,0.85,C1=C(C2=NN=C(O2)SCC=3C=CC(=CC3)C4=CC=C(C=C4)C#N)C=CC5=C1OCO5,Fraggle,0.62,Fc1ccc(cc1)C(=O)OCc1ccc(CSc2nnc(o2)-c2cccc3ccccc23)cc1
1298,EGFR,0.84,S(O)(O)(=CC[C@H](NC(=O)[C@@H](OC[C@@H](NC[C@@H](N)CS)[C@H](CC)C)CC1=CC=CC=C1)C(OC(C)C)=O)=C,Fraggle,0.39,CCS(=O)(=O)NCC[C@@H]1CC[C@@H](NC(=O)C2CCCCC2)[C@H](CO)O1
1299,EGFR,0.84,S(O)(O)(=CC[C@H](NC(=O)[C@@H](OC[C@@H](NC[C@@H](N)CS)[C@H](CC)C)CC1=CC=CC=C1)C(OC(C)C)=O)=C,Fraggle,0.39,CCS(=O)(=O)NCC[C@@H]1CC[C@@H](NC(=O)C2CCCCC2)[C@H](CO)O1
1300,EGFR,0.85,C1=C(C2=NN=C(O2)SCC=3C=CC(=CC3)C4=CC=C(C=C4)C#N)C=CC5=C1OCO5,MACCS,0.77,Fc1ccc(cc1)C(=O)OCc1ccc(CSc2nnc(o2)-c2cccc3ccccc23)cc1
1301,EGFR,0.85,C1=C(C2=NN=C(O2)SCC=3C=CC(=CC3)C4=CC=C(C=C4)C#N)C=CC5=C1OCO5,MACCS,0.77,Fc1ccc(cc1)C(=O)OCc1ccc(CSc2nnc(o2)-c2cccc3ccccc23)cc1
1302,EGFR,0.85,C1=C(C2=NN=C(O2)SCC=3C=CC(=CC3)C4=CC=C(C=C4)C#N)C=CC5=C1OCO5,MACCS,0.77,Fc1ccc(cc1)C(=O)OCc1ccc(CSc2nnc(o2)-c2cccc3ccccc23)cc1
1303,EGFR,0.85,C1=C(C2=NN=C(O2)SCC=3C=CC(=CC3)C4=CC=C(C=C4)C#N)C=CC5=C1OCO5,MACCS,0.77,Fc1ccc(cc1)C(=O)OCc1ccc(CSc2nnc(o2)-c2cccc3ccccc23)cc1
1304,EGFR,0.84,S(O)(O)(=CC[C@H](NC(=O)[C@@H](OC[C@@H](NC[C@@H](N)CS)[C@H](CC)C)CC1=CC=CC=C1)C(OC(C)C)=O)=C,MACCS,0.65,CCS(=O)(=O)NCC[C@@H]1CC[C@@H](NC(=O)C2CCCCC2)[C@H](CO)O1
1305,EGFR,0.85,C1=C(C2=NN=C(O2)SCC=3C=CC(=CC3)C4=CC=C(C=C4)C#N)C=CC5=C1OCO5,MACCS,0.77,Fc1ccc(cc1)C(=O)OCc1ccc(CSc2nnc(o2)-c2cccc3ccccc23)cc1
1306,EGFR,0.84,S(O)(O)(=CC[C@H](NC(=O)[C@@H](OC[C@@H](NC[C@@H](N)CS)[C@H](CC)C)CC1=CC=CC=C1)C(OC(C)C)=O)=C,MACCS,0.65,CCS(=O)(=O)NCC[C@@H]1CC[C@@H](NC(=O)C2CCCCC2)[C@H](CO)O1
1307,EGFR,0.85,C1=C(C2=NN=C(O2)SCC=3C=CC(=CC3)C4=CC=C(C=C4)C#N)C=CC5=C1OCO5,MACCS,0.77,Fc1ccc(cc1)C(=O)OCc1ccc(CSc2nnc(o2)-c2cccc3ccccc23)cc1
1308,EGFR,0.85,C1=C(C2=NN=C(O2)SCC=3C=CC(=CC3)C4=CC=C(C=C4)C#N)C=CC5=C1OCO5,MACCS,0.77,Fc1ccc(cc1)C(=O)OCc1ccc(CSc2nnc(o2)-c2cccc3ccccc23)cc1
1309,EGFR,0.85,C1=C(C2=NN=C(O2)SCC=3C=CC(=CC3)C4=CC=C(C=C4)C#N)C=CC5=C1OCO5,MACCS,0.77,Fc1ccc(cc1)C(=O)OCc1ccc(CSc2nnc(o2)-c2cccc3ccccc23)cc1
1310,EGFR,0.86,C=1C2=C(N(C(O2)=O)CCCN3CCOCC3)C=C4C(=NC=NC14)NC=5C=CC(=CC5)OC,MACCS,0.75,COc1ccc(cc1)C2(CC2)C(=O)N3CCC(CC3)n4nc(oc4=O)c5ccccc5
1311,EGFR,0.83,C1=CC=C2C(=C1)C=CC(N3C(=NN=C3C=4C=CN=CC4)S)=C2,MACCS,0.80,Cn1nnnc1Sc2ncnc3scc(c4cccc5ccccc45)c23
1312,EGFR,0.85,C1=C(C2=NN=C(O2)SCC=3C=CC(=CC3)C4=CC=C(C=C4)C#N)C=CC5=C1OCO5,MACCS,0.77,Fc1ccc(cc1)C(=O)OCc1ccc(CSc2nnc(o2)-c2cccc3ccccc23)cc1
1313,EGFR,0.00,BrC=1C=C2C=3NN=CC3CC2=CC1,MACCS,0.79,Brc1c(Br)c(Br)c2[nH]nnc2c1Br
1314,EGFR,0.00,BrC=1C=C2C=3NN=CC3CC2=CC1,MACCS,0.79,Brc1c(Br)c(Br)c2[nH]nnc2c1Br
1315,EGFR,0.85,C1=C(C2=NN=C(O2)SCC=3C=CC(=CC3)C4=CC=C(C=C4)C#N)C=CC5=C1OCO5,MACCS,0.77,Fc1ccc(cc1)C(=O)OCc1ccc(CSc2nnc(o2)-c2cccc3ccccc23)cc1
1316,EGFR,0.78,COC1=CC(=CC=C1NC2=NC(NC3=CC=CC(F)=C3C(O)=O)=C4C=CNC4=N2)N5CCN(CC5)C(C)C,MACCS,0.78,COc1c(N2CCNC(C)C2)c(F)cc2c1n(cc(C(O)=O)c2=O)C1CC1
1317,EGFR,0.78,COC1=CC(=CC=C1NC2=NC(NC3=CC=CC(F)=C3C(O)=O)=C4C=CNC4=N2)N5CCN(CC5)C(C)C,MACCS,0.78,COc1c(N2CCNC(C)C2)c(F)cc2c1n(cc(C(O)=O)c2=O)C1CC1
1318,EGFR,0.85,C1=C(C2=NN=C(O2)SCC=3C=CC(=CC3)C4=CC=C(C=C4)C#N)C=CC5=C1OCO5,MACCS,0.77,Fc1ccc(cc1)C(=O)OCc1ccc(CSc2nnc(o2)-c2cccc3ccccc23)cc1
1319,EGFR,0.84,S(O)(O)(=CC[C@H](NC(=O)[C@@H](OC[C@@H](NC[C@@H](N)CS)[C@H](CC)C)CC1=CC=CC=C1)C(OC(C)C)=O)=C,MACCS,0.65,CCS(=O)(=O)NCC[C@@H]1CC[C@@H](NC(=O)C2CCCCC2)[C@H](CO)O1
1320,EGFR,0.77,C1=C(C=2C(=NC=NC2C=C1)NC=3C=CC(OC4=CN=C(C=C4)C)=C(C)C3)O[C@@H](C(N(CCO)C)=O)C,MACCS,0.77,CO[C@@H]1CN(C)C(=O)c2cc(NC(=O)C3CCCCC3)ccc2OC[C@@H](C)NC[C@@H]1C
1321,EGFR,0.83,C1=CC=C2C(=C1)C=CC(N3C(=NN=C3C=4C=CN=CC4)S)=C2,MACCS,0.80,Cn1nnnc1Sc2ncnc3scc(c4cccc5ccccc45)c23
1322,EGFR,0.85,C1=C(C2=NN=C(O2)SCC=3C=CC(=CC3)C4=CC=C(C=C4)C#N)C=CC5=C1OCO5,MACCS,0.77,Fc1ccc(cc1)C(=O)OCc1ccc(CSc2nnc(o2)-c2cccc3ccccc23)cc1
1323,EGFR,0.83,C1=CC=C2C(=C1)C=CC(N3C(=NN=C3C=4C=CN=CC4)S)=C2,MACCS,0.80,Cn1nnnc1Sc2ncnc3scc(c4cccc5ccccc45)c23
1324,EGFR,0.83,C1=CC=C2C(=C1)C=CC(N3C(=NN=C3C=4C=CN=CC4)S)=C2,MACCS,0.80,Cn1nnnc1Sc2ncnc3scc(c4cccc5ccccc45)c23
1325,EGFR,0.84,S(O)(O)(=CC[C@H](NC(=O)[C@@H](OC[C@@H](NC[C@@H](N)CS)[C@H](CC)C)CC1=CC=CC=C1)C(OC(C)C)=O)=C,MACCS,0.65,CCS(=O)(=O)NCC[C@@H]1CC[C@@H](NC(=O)C2CCCCC2)[C@H](CO)O1
1326,EGFR,0.85,C1=C(C2=NN=C(O2)SCC=3C=CC(=CC3)C4=CC=C(C=C4)C#N)C=CC5=C1OCO5,MACCS,0.77,Fc1ccc(cc1)C(=O)OCc1ccc(CSc2nnc(o2)-c2cccc3ccccc23)cc1
1327,EGFR,0.83,C1=CC=C2C(=C1)C=CC(N3C(=NN=C3C=4C=CN=CC4)S)=C2,MACCS,0.80,Cn1nnnc1Sc2ncnc3scc(c4cccc5ccccc45)c23
1328,EGFR,0.83,C1=CC=C2C(=C1)C=CC(N3C(=NN=C3C=4C=CN=CC4)S)=C2,MACCS,0.80,Cn1nnnc1Sc2ncnc3scc(c4cccc5ccccc45)c23
1329,EGFR,0.84,S(O)(O)(=CC[C@H](NC(=O)[C@@H](OC[C@@H](NC[C@@H](N)CS)[C@H](CC)C)CC1=CC=CC=C1)C(OC(C)C)=O)=C,MACCS,0.65,CCS(=O)(=O)NCC[C@@H]1CC[C@@H](NC(=O)C2CCCCC2)[C@H](CO)O1
1330,EGFR,0.78,COC1=CC(=CC=C1NC2=NC(NC3=CC=CC(F)=C3C(O)=O)=C4C=CNC4=N2)N5CCN(CC5)C(C)C,MACCS,0.78,COc1c(N2CCNC(C)C2)c(F)cc2c1n(cc(C(O)=O)c2=O)C1CC1
1331,EGFR,0.78,COC1=CC(=CC=C1NC2=NC(NC3=CC=CC(F)=C3C(O)=O)=C4C=CNC4=N2)N5CCN(CC5)C(C)C,MACCS,0.78,COc1c(N2CCNC(C)C2)c(F)cc2c1n(cc(C(O)=O)c2=O)C1CC1
1332,EGFR,0.85,C1=C(C2=NN=C(O2)SCC=3C=CC(=CC3)C4=CC=C(C=C4)C#N)C=CC5=C1OCO5,MACCS,0.77,Fc1ccc(cc1)C(=O)OCc1ccc(CSc2nnc(o2)-c2cccc3ccccc23)cc1
1333,EGFR,0.84,S(O)(O)(=CC[C@H](NC(=O)[C@@H](OC[C@@H](NC[C@@H](N)CS)[C@H](CC)C)CC1=CC=CC=C1)C(OC(C)C)=O)=C,MACCS,0.65,CCS(=O)(=O)NCC[C@@H]1CC[C@@H](NC(=O)C2CCCCC2)[C@H](CO)O1
1334,EGFR,0.85,C1=C(C2=NN=C(O2)SCC=3C=CC(=CC3)C4=CC=C(C=C4)C#N)C=CC5=C1OCO5,MACCS,0.77,Fc1ccc(cc1)C(=O)OCc1ccc(CSc2nnc(o2)-c2cccc3ccccc23)cc1
1335,EGFR,0.00,BrC=1C=C2C=3NN=CC3CC2=CC1,MACCS,0.79,Brc1c(Br)c(Br)c2[nH]nnc2c1Br
1336,EGFR,0.86,C=1C2=C(N(C(O2)=O)CCCN3CCOCC3)C=C4C(=NC=NC14)NC=5C=CC(=CC5)OC,MACCS,0.75,COc1ccc(cc1)C2(CC2)C(=O)N3CCC(CC3)n4nc(oc4=O)c5ccccc5
1337,EGFR,0.84,S(O)(O)(=CC[C@H](NC(=O)[C@@H](OC[C@@H](NC[C@@H](N)CS)[C@H](CC)C)CC1=CC=CC=C1)C(OC(C)C)=O)=C,MACCS,0.65,CCS(=O)(=O)NCC[C@@H]1CC[C@@H](NC(=O)C2CCCCC2)[C@H](CO)O1
1338,EGFR,0.85,C1=C(C2=NN=C(O2)SCC=3C=CC(=CC3)C4=CC=C(C=C4)C#N)C=CC5=C1OCO5,MACCS,0.77,Fc1ccc(cc1)C(=O)OCc1ccc(CSc2nnc(o2)-c2cccc3ccccc23)cc1
1339,EGFR,0.85,C1=C(C2=NN=C(O2)SCC=3C=CC(=CC3)C4=CC=C(C=C4)C#N)C=CC5=C1OCO5,MACCS,0.77,Fc1ccc(cc1)C(=O)OCc1ccc(CSc2nnc(o2)-c2cccc3ccccc23)cc1
1340,EGFR,0.78,COC1=CC(=CC=C1NC2=NC(NC3=CC=CC(F)=C3C(O)=O)=C4C=CNC4=N2)N5CCN(CC5)C(C)C,MACCS,0.78,COc1c(N2CCNC(C)C2)c(F)cc2c1n(cc(C(O)=O)c2=O)C1CC1
1341,EGFR,0.85,C1=C(C2=NN=C(O2)SCC=3C=CC(=CC3)C4=CC=C(C=C4)C#N)C=CC5=C1OCO5,MACCS,0.77,Fc1ccc(cc1)C(=O)OCc1ccc(CSc2nnc(o2)-c2cccc3ccccc23)cc1
1342,EGFR,0.84,S(O)(O)(=CC[C@H](NC(=O)[C@@H](OC[C@@H](NC[C@@H](N)CS)[C@H](CC)C)CC1=CC=CC=C1)C(OC(C)C)=O)=C,MACCS,0.65,CCS(=O)(=O)NCC[C@@H]1CC[C@@H](NC(=O)C2CCCCC2)[C@H](CO)O1
1343,EGFR,0.83,C1=CC=C2C(=C1)C=CC(N3C(=NN=C3C=4C=CN=CC4)S)=C2,MACCS,0.80,Cn1nnnc1Sc2ncnc3scc(c4cccc5ccccc45)c23
1344,EGFR,0.85,C1=C(C2=NN=C(O2)SCC=3C=CC(=CC3)C4=CC=C(C=C4)C#N)C=CC5=C1OCO5,MACCS,0.77,Fc1ccc(cc1)C(=O)OCc1ccc(CSc2nnc(o2)-c2cccc3ccccc23)cc1
1345,EGFR,0.86,C=1C2=C(N(C(O2)=O)CCCN3CCOCC3)C=C4C(=NC=NC14)NC=5C=CC(=CC5)OC,MACCS,0.75,COc1ccc(cc1)C2(CC2)C(=O)N3CCC(CC3)n4nc(oc4=O)c5ccccc5
1346,EGFR,0.85,C1=C(C2=NN=C(O2)SCC=3C=CC(=CC3)C4=CC=C(C=C4)C#N)C=CC5=C1OCO5,MACCS,0.77,Fc1ccc(cc1)C(=O)OCc1ccc(CSc2nnc(o2)-c2cccc3ccccc23)cc1
1347,EGFR,0.83,C1=CC=C2C(=C1)C=CC(N3C(=NN=C3C=4C=CN=CC4)S)=C2,MACCS,0.80,Cn1nnnc1Sc2ncnc3scc(c4cccc5ccccc45)c23
1348,EGFR,0.85,C1=C(C2=NN=C(O2)SCC=3C=CC(=CC3)C4=CC=C(C=C4)C#N)C=CC5=C1OCO5,MACCS,0.77,Fc1ccc(cc1)C(=O)OCc1ccc(CSc2nnc(o2)-c2cccc3ccccc23)cc1
1349,EGFR,0.85,C1=C(C2=NN=C(O2)SCC=3C=CC(=CC3)C4=CC=C(C=C4)C#N)C=CC5=C1OCO5,MACCS,0.77,Fc1ccc(cc1)C(=O)OCc1ccc(CSc2nnc(o2)-c2cccc3ccccc23)cc1
1350,EGFR,0.74,O=C1N(C(=O)C2=C3C1=CC=C(NCCCC)C3=CC=C2)CCNCCO,MACCS,0.63,CCc1cccc(CC)c1NC(=O)CN(CC(O)=O)CC(O)=O
1351,EGFR,0.78,COC1=CC(=CC=C1NC2=NC(NC3=CC=CC(F)=C3C(O)=O)=C4C=CNC4=N2)N5CCN(CC5)C(C)C,MACCS,0.78,COc1c(N2CCNC(C)C2)c(F)cc2c1n(cc(C(O)=O)c2=O)C1CC1
1352,EGFR,0.83,C1=CC=C2C(=C1)C=CC(N3C(=NN=C3C=4C=CN=CC4)S)=C2,MACCS,0.80,Cn1nnnc1Sc2ncnc3scc(c4cccc5ccccc45)c23
1353,EGFR,0.85,C1=C(C2=NN=C(O2)SCC=3C=CC(=CC3)C4=CC=C(C=C4)C#N)C=CC5=C1OCO5,MACCS,0.77,Fc1ccc(cc1)C(=O)OCc1ccc(CSc2nnc(o2)-c2cccc3ccccc23)cc1
1354,EGFR,0.00,BrC=1C=C2C=3NN=CC3CC2=CC1,MACCS,0.79,Brc1c(Br)c(Br)c2[nH]nnc2c1Br
1355,EGFR,0.00,BrC=1C=C2C=3NN=CC3CC2=CC1,MACCS,0.79,Brc1c(Br)c(Br)c2[nH]nnc2c1Br
1356,EGFR,0.85,C1=C(C2=NN=C(O2)SCC=3C=CC(=CC3)C4=CC=C(C=C4)C#N)C=CC5=C1OCO5,MACCS,0.77,Fc1ccc(cc1)C(=O)OCc1ccc(CSc2nnc(o2)-c2cccc3ccccc23)cc1
1357,EGFR,0.83,C1=CC=C2C(=C1)C=CC(N3C(=NN=C3C=4C=CN=CC4)S)=C2,MACCS,0.80,Cn1nnnc1Sc2ncnc3scc(c4cccc5ccccc45)c23
1358,EGFR,0.84,S(O)(O)(=CC[C@H](NC(=O)[C@@H](OC[C@@H](NC[C@@H](N)CS)[C@H](CC)C)CC1=CC=CC=C1)C(OC(C)C)=O)=C,MACCS,0.65,CCS(=O)(=O)NCC[C@@H]1CC[C@@H](NC(=O)C2CCCCC2)[C@H](CO)O1
1359,EGFR,0.84,S(O)(O)(=CC[C@H](NC(=O)[C@@H](OC[C@@H](NC[C@@H](N)CS)[C@H](CC)C)CC1=CC=CC=C1)C(OC(C)C)=O)=C,MACCS,0.65,CCS(=O)(=O)NCC[C@@H]1CC[C@@H](NC(=O)C2CCCCC2)[C@H](CO)O1
1360,EGFR,0.85,C1=C(C2=NN=C(O2)SCC=3C=CC(=CC3)C4=CC=C(C=C4)C#N)C=CC5=C1OCO5,MACCS,0.77,Fc1ccc(cc1)C(=O)OCc1ccc(CSc2nnc(o2)-c2cccc3ccccc23)cc1
1361,EGFR,0.85,C1=C(C2=NN=C(O2)SCC=3C=CC(=CC3)C4=CC=C(C=C4)C#N)C=CC5=C1OCO5,MACCS,0.77,Fc1ccc(cc1)C(=O)OCc1ccc(CSc2nnc(o2)-c2cccc3ccccc23)cc1
1362,EGFR,0.85,C1=C(C2=NN=C(O2)SCC=3C=CC(=CC3)C4=CC=C(C=C4)C#N)C=CC5=C1OCO5,MACCS,0.77,Fc1ccc(cc1)C(=O)OCc1ccc(CSc2nnc(o2)-c2cccc3ccccc23)cc1
1363,EGFR,0.85,C1=C(C2=NN=C(O2)SCC=3C=CC(=CC3)C4=CC=C(C=C4)C#N)C=CC5=C1OCO5,MACCS,0.77,Fc1ccc(cc1)C(=O)OCc1ccc(CSc2nnc(o2)-c2cccc3ccccc23)cc1
1364,EGFR,0.00,BrC=1C=C2C=3NN=CC3CC2=CC1,MACCS,0.79,Brc1c(Br)c(Br)c2[nH]nnc2c1Br
1365,EGFR,0.78,COC1=CC(=CC=C1NC2=NC(NC3=CC=CC(F)=C3C(O)=O)=C4C=CNC4=N2)N5CCN(CC5)C(C)C,MACCS,0.78,COc1c(N2CCNC(C)C2)c(F)cc2c1n(cc(C(O)=O)c2=O)C1CC1
1366,EGFR,0.83,C1=CC=C2C(=C1)C=CC(N3C(=NN=C3C=4C=CN=CC4)S)=C2,MACCS,0.80,Cn1nnnc1Sc2ncnc3scc(c4cccc5ccccc45)c23
1367,EGFR,0.78,COC1=CC(=CC=C1NC2=NC(NC3=CC=CC(F)=C3C(O)=O)=C4C=CNC4=N2)N5CCN(CC5)C(C)C,MACCS,0.78,COc1c(N2CCNC(C)C2)c(F)cc2c1n(cc(C(O)=O)c2=O)C1CC1
1368,EGFR,0.85,C1=C(C2=NN=C(O2)SCC=3C=CC(=CC3)C4=CC=C(C=C4)C#N)C=CC5=C1OCO5,MACCS,0.77,Fc1ccc(cc1)C(=O)OCc1ccc(CSc2nnc(o2)-c2cccc3ccccc23)cc1
1369,EGFR,0.83,C=1(C=C(C=CC1)C2=CSC=C2)S(=O)(=O)NC3=CC(=C(C=C3)OC=4C=CN=C5C=C(C(=CC45)OC)OCCCN6CCN(CC6)C)F,MACCS,0.77,C[C@@H](CO)N1C[C@@H](C)[C@@H](CN(C)Cc2ccc(Cl)c(Cl)c2)Oc3c(NS(=O)(=O)c4cccs4)cccc3C1=O
1370,EGFR,0.85,CCS(=O)(=O)C=1C=CC(OC)=C(NC2=NC=C(O2)C3=CC=CC(OC)=C3)C1,MACCS,0.61,Cc1noc(C)c1C(c2ccccc2)S(=O)(=O)c3ccc(C)cc3
1371,EGFR,0.85,C1=C(C2=NN=C(O2)SCC=3C=CC(=CC3)C4=CC=C(C=C4)C#N)C=CC5=C1OCO5,MACCS,0.77,Fc1ccc(cc1)C(=O)OCc1ccc(CSc2nnc(o2)-c2cccc3ccccc23)cc1
1372,EGFR,0.85,C1=C(C2=NN=C(O2)SCC=3C=CC(=CC3)C4=CC=C(C=C4)C#N)C=CC5=C1OCO5,MACCS,0.77,Fc1ccc(cc1)C(=O)OCc1ccc(CSc2nnc(o2)-c2cccc3ccccc23)cc1
1373,EGFR,0.83,C=1(C=C(C=CC1)C2=CSC=C2)S(=O)(=O)NC3=CC(=C(C=C3)OC=4C=CN=C5C=C(C(=CC45)OC)OCCCN6CCN(CC6)C)F,MACCS,0.77,C[C@@H](CO)N1C[C@@H](C)[C@@H](CN(C)Cc2ccc(Cl)c(Cl)c2)Oc3c(NS(=O)(=O)c4cccs4)cccc3C1=O
1374,EGFR,0.00,BrC=1C=C2C=3NN=CC3CC2=CC1,MACCS,0.79,Brc1c(Br)c(Br)c2[nH]nnc2c1Br
1375,EGFR,0.85,C1=C(C2=NN=C(O2)SCC=3C=CC(=CC3)C4=CC=C(C=C4)C#N)C=CC5=C1OCO5,MACCS,0.77,Fc1ccc(cc1)C(=O)OCc1ccc(CSc2nnc(o2)-c2cccc3ccccc23)cc1
1376,EGFR,0.85,C1=C(C2=NN=C(O2)SCC=3C=CC(=CC3)C4=CC=C(C=C4)C#N)C=CC5=C1OCO5,MACCS,0.77,Fc1ccc(cc1)C(=O)OCc1ccc(CSc2nnc(o2)-c2cccc3ccccc23)cc1
1377,EGFR,0.85,C1=C(C2=NN=C(O2)SCC=3C=CC(=CC3)C4=CC=C(C=C4)C#N)C=CC5=C1OCO5,MACCS,0.77,Fc1ccc(cc1)C(=O)OCc1ccc(CSc2nnc(o2)-c2cccc3ccccc23)cc1
1378,EGFR,0.83,C1=CC=C2C(=C1)C=CC(N3C(=NN=C3C=4C=CN=CC4)S)=C2,MACCS,0.80,Cn1nnnc1Sc2ncnc3scc(c4cccc5ccccc45)c23
1379,EGFR,0.85,CCS(=O)(=O)C=1C=CC(OC)=C(NC2=NC=C(O2)C3=CC=CC(OC)=C3)C1,MACCS,0.61,Cc1noc(C)c1C(c2ccccc2)S(=O)(=O)c3ccc(C)cc3
1380,EGFR,0.85,C1=C(C2=NN=C(O2)SCC=3C=CC(=CC3)C4=CC=C(C=C4)C#N)C=CC5=C1OCO5,MACCS,0.77,Fc1ccc(cc1)C(=O)OCc1ccc(CSc2nnc(o2)-c2cccc3ccccc23)cc1
1381,EGFR,0.84,S(O)(O)(=CC[C@H](NC(=O)[C@@H](OC[C@@H](NC[C@@H](N)CS)[C@H](CC)C)CC1=CC=CC=C1)C(OC(C)C)=O)=C,MACCS,0.65,CCS(=O)(=O)NCC[C@@H]1CC[C@@H](NC(=O)C2CCCCC2)[C@H](CO)O1
1382,EGFR,0.84,S(O)(O)(=CC[C@H](NC(=O)[C@@H](OC[C@@H](NC[C@@H](N)CS)[C@H](CC)C)CC1=CC=CC=C1)C(OC(C)C)=O)=C,MACCS,0.65,CCS(=O)(=O)NCC[C@@H]1CC[C@@H](NC(=O)C2CCCCC2)[C@H](CO)O1
1383,EGFR,0.85,C1=C(C2=NN=C(O2)SCC=3C=CC(=CC3)C4=CC=C(C=C4)C#N)C=CC5=C1OCO5,MACCS,0.77,Fc1ccc(cc1)C(=O)OCc1ccc(CSc2nnc(o2)-c2cccc3ccccc23)cc1
1384,EGFR,0.83,C1=CC=C2C(=C1)C=CC(N3C(=NN=C3C=4C=CN=CC4)S)=C2,MACCS,0.80,Cn1nnnc1Sc2ncnc3scc(c4cccc5ccccc45)c23
1385,EGFR,0.77,C1=C(C=2C(=NC=NC2C=C1)NC=3C=CC(OC4=CN=C(C=C4)C)=C(C)C3)O[C@@H](C(N(CCO)C)=O)C,MACCS,0.77,CO[C@@H]1CN(C)C(=O)c2cc(NC(=O)C3CCCCC3)ccc2OC[C@@H](C)NC[C@@H]1C
1386,EGFR,0.86,C=1C2=C(N(C(O2)=O)CCCN3CCOCC3)C=C4C(=NC=NC14)NC=5C=CC(=CC5)OC,MACCS,0.75,COc1ccc(cc1)C2(CC2)C(=O)N3CCC(CC3)n4nc(oc4=O)c5ccccc5
1387,EGFR,0.85,C1=C(C2=NN=C(O2)SCC=3C=CC(=CC3)C4=CC=C(C=C4)C#N)C=CC5=C1OCO5,MACCS,0.77,Fc1ccc(cc1)C(=O)OCc1ccc(CSc2nnc(o2)-c2cccc3ccccc23)cc1
1388,EGFR,0.78,COC1=CC(=CC=C1NC2=NC(NC3=CC=CC(F)=C3C(O)=O)=C4C=CNC4=N2)N5CCN(CC5)C(C)C,MACCS,0.78,COc1c(N2CCNC(C)C2)c(F)cc2c1n(cc(C(O)=O)c2=O)C1CC1
1389,EGFR,0.88,N(C1=CC(=CC(=C1OC)NS(=O)(=O)C)C(C)(C)C)C(=O)NC2=C3C(=C(C=C2)C4=CC=C(N=C4)CN5CCOCC5)C=CC=C3,MACCS,0.74,C[C@@H](CO)N1C[C@@H](C)[C@@H](CN(C)CC2CC2)OCCCC[C@@H](C)Oc3ccc(NS(=O)(=O)C)cc3C1=O
1390,EGFR,0.85,C1=C(C2=NN=C(O2)SCC=3C=CC(=CC3)C4=CC=C(C=C4)C#N)C=CC5=C1OCO5,MACCS,0.77,Fc1ccc(cc1)C(=O)OCc1ccc(CSc2nnc(o2)-c2cccc3ccccc23)cc1
1391,EGFR,0.78,COC1=CC(=CC=C1NC2=NC(NC3=CC=CC(F)=C3C(O)=O)=C4C=CNC4=N2)N5CCN(CC5)C(C)C,MACCS,0.78,COc1c(N2CCNC(C)C2)c(F)cc2c1n(cc(C(O)=O)c2=O)C1CC1
1392,EGFR,0.85,CCS(=O)(=O)C=1C=CC(OC)=C(NC2=NC=C(O2)C3=CC=CC(OC)=C3)C1,MACCS,0.61,Cc1noc(C)c1C(c2ccccc2)S(=O)(=O)c3ccc(C)cc3
1393,EGFR,0.85,C1=C(C2=NN=C(O2)SCC=3C=CC(=CC3)C4=CC=C(C=C4)C#N)C=CC5=C1OCO5,MACCS,0.77,Fc1ccc(cc1)C(=O)OCc1ccc(CSc2nnc(o2)-c2cccc3ccccc23)cc1
1394,EGFR,0.85,C1=C(C2=NN=C(O2)SCC=3C=CC(=CC3)C4=CC=C(C=C4)C#N)C=CC5=C1OCO5,MACCS,0.77,Fc1ccc(cc1)C(=O)OCc1ccc(CSc2nnc(o2)-c2cccc3ccccc23)cc1
1395,EGFR,0.00,BrC=1C=C2C=3NN=CC3CC2=CC1,MACCS,0.79,Brc1c(Br)c(Br)c2[nH]nnc2c1Br
1396,EGFR,0.78,COC1=CC(=CC=C1NC2=NC(NC3=CC=CC(F)=C3C(O)=O)=C4C=CNC4=N2)N5CCN(CC5)C(C)C,MACCS,0.78,COc1c(N2CCNC(C)C2)c(F)cc2c1n(cc(C(O)=O)c2=O)C1CC1
1397,EGFR,0.85,C1=C(C2=NN=C(O2)SCC=3C=CC(=CC3)C4=CC=C(C=C4)C#N)C=CC5=C1OCO5,MACCS,0.77,Fc1ccc(cc1)C(=O)OCc1ccc(CSc2nnc(o2)-c2cccc3ccccc23)cc1
1398,EGFR,0.84,S(O)(O)(=CC[C@H](NC(=O)[C@@H](OC[C@@H](NC[C@@H](N)CS)[C@H](CC)C)CC1=CC=CC=C1)C(OC(C)C)=O)=C,MACCS,0.65,CCS(=O)(=O)NCC[C@@H]1CC[C@@H](NC(=O)C2CCCCC2)[C@H](CO)O1
1399,EGFR,0.84,S(O)(O)(=CC[C@H](NC(=O)[C@@H](OC[C@@H](NC[C@@H](N)CS)[C@H](CC)C)CC1=CC=CC=C1)C(OC(C)C)=O)=C,MACCS,0.65,CCS(=O)(=O)NCC[C@@H]1CC[C@@H](NC(=O)C2CCCCC2)[C@H](CO)O1
1400,EGFR,0.85,C1=CC(C2=NN=C(SCC3=CC=CC=C3)O2)=C(C=C1)F,Morgan,0.36,Fc1ccc(cc1)C(=O)OCc1ccc(CSc2nnc(o2)-c2cccc3ccccc23)cc1
1401,EGFR,0.85,C1=CC(C2=NN=C(SCC3=CC=CC=C3)O2)=C(C=C1)F,Morgan,0.36,Fc1ccc(cc1)C(=O)OCc1ccc(CSc2nnc(o2)-c2cccc3ccccc23)cc1
1402,EGFR,0.85,C1=CC(C2=NN=C(SCC3=CC=CC=C3)O2)=C(C=C1)F,Morgan,0.36,Fc1ccc(cc1)C(=O)OCc1ccc(CSc2nnc(o2)-c2cccc3ccccc23)cc1
1403,EGFR,0.85,C1=CC(C2=NN=C(SCC3=CC=CC=C3)O2)=C(C=C1)F,Morgan,0.36,Fc1ccc(cc1)C(=O)OCc1ccc(CSc2nnc(o2)-c2cccc3ccccc23)cc1
1404,EGFR,0.84,O=C1N(C=2C(N(C1CC)C3CCCC3)=NC(=NC2)NC4=C(OC)C=C(C=C4)C(=O)NC5CCCCC5)C,Morgan,0.17,CCS(=O)(=O)NCC[C@@H]1CC[C@@H](NC(=O)C2CCCCC2)[C@H](CO)O1
1405,EGFR,0.85,C1=CC(C2=NN=C(SCC3=CC=CC=C3)O2)=C(C=C1)F,Morgan,0.36,Fc1ccc(cc1)C(=O)OCc1ccc(CSc2nnc(o2)-c2cccc3ccccc23)cc1
1406,EGFR,0.84,O=C1N(C=2C(N(C1CC)C3CCCC3)=NC(=NC2)NC4=C(OC)C=C(C=C4)C(=O)NC5CCCCC5)C,Morgan,0.17,CCS(=O)(=O)NCC[C@@H]1CC[C@@H](NC(=O)C2CCCCC2)[C@H](CO)O1
1407,EGFR,0.85,C1=CC(C2=NN=C(SCC3=CC=CC=C3)O2)=C(C=C1)F,Morgan,0.36,Fc1ccc(cc1)C(=O)OCc1ccc(CSc2nnc(o2)-c2cccc3ccccc23)cc1
1408,EGFR,0.85,C1=CC(C2=NN=C(SCC3=CC=CC=C3)O2)=C(C=C1)F,Morgan,0.36,Fc1ccc(cc1)C(=O)OCc1ccc(CSc2nnc(o2)-c2cccc3ccccc23)cc1
1409,EGFR,0.85,C1=CC(C2=NN=C(SCC3=CC=CC=C3)O2)=C(C=C1)F,Morgan,0.36,Fc1ccc(cc1)C(=O)OCc1ccc(CSc2nnc(o2)-c2cccc3ccccc23)cc1
1410,EGFR,0.86,N1C(=O)C(=C(C1=O)C2=CC=CC=C2)C3=CC=C(C=C3)OC,Morgan,0.32,COc1ccc(cc1)C2(CC2)C(=O)N3CCC(CC3)n4nc(oc4=O)c5ccccc5
1411,EGFR,0.83,N1(N=C(C=2C1=NC=NC2N)C3=CC=4C(C=C3)=CC=CC4)C,Morgan,0.28,Cn1nnnc1Sc2ncnc3scc(c4cccc5ccccc45)c23
1412,EGFR,0.85,C1=CC(C2=NN=C(SCC3=CC=CC=C3)O2)=C(C=C1)F,Morgan,0.36,Fc1ccc(cc1)C(=O)OCc1ccc(CSc2nnc(o2)-c2cccc3ccccc23)cc1
1413,EGFR,0.00,BrC=1C=C2C=3NN=CC3CC2=CC1,Morgan,0.12,Brc1c(Br)c(Br)c2[nH]nnc2c1Br
1414,EGFR,0.00,BrC=1C=C2C=3NN=CC3CC2=CC1,Morgan,0.12,Brc1c(Br)c(Br)c2[nH]nnc2c1Br
1415,EGFR,0.85,C1=CC(C2=NN=C(SCC3=CC=CC=C3)O2)=C(C=C1)F,Morgan,0.36,Fc1ccc(cc1)C(=O)OCc1ccc(CSc2nnc(o2)-c2cccc3ccccc23)cc1
1416,EGFR,0.78,FC=1C(N2CC3C(C3N)C2)=NC=4N(C=5C(F)=CC(F)=CC5)C=C(C(=O)C4C1)C(=O)O,Morgan,0.24,COc1c(N2CCNC(C)C2)c(F)cc2c1n(cc(C(O)=O)c2=O)C1CC1
1417,EGFR,0.78,FC=1C(N2CC3C(C3N)C2)=NC=4N(C=5C(F)=CC(F)=CC5)C=C(C(=O)C4C1)C(=O)O,Morgan,0.24,COc1c(N2CCNC(C)C2)c(F)cc2c1n(cc(C(O)=O)c2=O)C1CC1
1418,EGFR,0.85,C1=CC(C2=NN=C(SCC3=CC=CC=C3)O2)=C(C=C1)F,Morgan,0.36,Fc1ccc(cc1)C(=O)OCc1ccc(CSc2nnc(o2)-c2cccc3ccccc23)cc1
1419,EGFR,0.84,O=C1N(C=2C(N(C1CC)C3CCCC3)=NC(=NC2)NC4=C(OC)C=C(C=C4)C(=O)NC5CCCCC5)C,Morgan,0.17,CCS(=O)(=O)NCC[C@@H]1CC[C@@H](NC(=O)C2CCCCC2)[C@H](CO)O1
1420,EGFR,0.77,C1CCC(C(=O)N(C2=CC=C3C(N=C(N3C)NC(C=4C=CC(=CC4)C#N)=O)=C2)C)CC1,Morgan,0.22,CO[C@@H]1CN(C)C(=O)c2cc(NC(=O)C3CCCCC3)ccc2OC[C@@H](C)NC[C@@H]1C
1421,EGFR,0.83,N1(N=C(C=2C1=NC=NC2N)C3=CC=4C(C=C3)=CC=CC4)C,Morgan,0.28,Cn1nnnc1Sc2ncnc3scc(c4cccc5ccccc45)c23
1422,EGFR,0.85,C1=CC(C2=NN=C(SCC3=CC=CC=C3)O2)=C(C=C1)F,Morgan,0.36,Fc1ccc(cc1)C(=O)OCc1ccc(CSc2nnc(o2)-c2cccc3ccccc23)cc1
1423,EGFR,0.83,N1(N=C(C=2C1=NC=NC2N)C3=CC=4C(C=C3)=CC=CC4)C,Morgan,0.28,Cn1nnnc1Sc2ncnc3scc(c4cccc5ccccc45)c23
1424,EGFR,0.83,N1(N=C(C=2C1=NC=NC2N)C3=CC=4C(C=C3)=CC=CC4)C,Morgan,0.28,Cn1nnnc1Sc2ncnc3scc(c4cccc5ccccc45)c23
1425,EGFR,0.84,O=C1N(C=2C(N(C1CC)C3CCCC3)=NC(=NC2)NC4=C(OC)C=C(C=C4)C(=O)NC5CCCCC5)C,Morgan,0.17,CCS(=O)(=O)NCC[C@@H]1CC[C@@H](NC(=O)C2CCCCC2)[C@H](CO)O1
1426,EGFR,0.85,C1=CC(C2=NN=C(SCC3=CC=CC=C3)O2)=C(C=C1)F,Morgan,0.36,Fc1ccc(cc1)C(=O)OCc1ccc(CSc2nnc(o2)-c2cccc3ccccc23)cc1
1427,EGFR,0.83,N1(N=C(C=2C1=NC=NC2N)C3=CC=4C(C=C3)=CC=CC4)C,Morgan,0.28,Cn1nnnc1Sc2ncnc3scc(c4cccc5ccccc45)c23
1428,EGFR,0.83,N1(N=C(C=2C1=NC=NC2N)C3=CC=4C(C=C3)=CC=CC4)C,Morgan,0.28,Cn1nnnc1Sc2ncnc3scc(c4cccc5ccccc45)c23
1429,EGFR,0.84,O=C1N(C=2C(N(C1CC)C3CCCC3)=NC(=NC2)NC4=C(OC)C=C(C=C4)C(=O)NC5CCCCC5)C,Morgan,0.17,CCS(=O)(=O)NCC[C@@H]1CC[C@@H](NC(=O)C2CCCCC2)[C@H](CO)O1
1430,EGFR,0.78,FC=1C(N2CC3C(C3N)C2)=NC=4N(C=5C(F)=CC(F)=CC5)C=C(C(=O)C4C1)C(=O)O,Morgan,0.24,COc1c(N2CCNC(C)C2)c(F)cc2c1n(cc(C(O)=O)c2=O)C1CC1
1431,EGFR,0.78,FC=1C(N2CC3C(C3N)C2)=NC=4N(C=5C(F)=CC(F)=CC5)C=C(C(=O)C4C1)C(=O)O,Morgan,0.24,COc1c(N2CCNC(C)C2)c(F)cc2c1n(cc(C(O)=O)c2=O)C1CC1
1432,EGFR,0.85,C1=CC(C2=NN=C(SCC3=CC=CC=C3)O2)=C(C=C1)F,Morgan,0.36,Fc1ccc(cc1)C(=O)OCc1ccc(CSc2nnc(o2)-c2cccc3ccccc23)cc1
1433,EGFR,0.84,O=C1N(C=2C(N(C1CC)C3CCCC3)=NC(=NC2)NC4=C(OC)C=C(C=C4)C(=O)NC5CCCCC5)C,Morgan,0.17,CCS(=O)(=O)NCC[C@@H]1CC[C@@H](NC(=O)C2CCCCC2)[C@H](CO)O1
1434,EGFR,0.85,C1=CC(C2=NN=C(SCC3=CC=CC=C3)O2)=C(C=C1)F,Morgan,0.36,Fc1ccc(cc1)C(=O)OCc1ccc(CSc2nnc(o2)-c2cccc3ccccc23)cc1
1435,EGFR,0.00,BrC=1C=C2C=3NN=CC3CC2=CC1,Morgan,0.12,Brc1c(Br)c(Br)c2[nH]nnc2c1Br
1436,EGFR,0.86,N1C(=O)C(=C(C1=O)C2=CC=CC=C2)C3=CC=C(C=C3)OC,Morgan,0.32,COc1ccc(cc1)C2(CC2)C(=O)N3CCC(CC3)n4nc(oc4=O)c5ccccc5
1437,EGFR,0.84,O=C1N(C=2C(N(C1CC)C3CCCC3)=NC(=NC2)NC4=C(OC)C=C(C=C4)C(=O)NC5CCCCC5)C,Morgan,0.17,CCS(=O)(=O)NCC[C@@H]1CC[C@@H](NC(=O)C2CCCCC2)[C@H](CO)O1
1438,EGFR,0.85,C1=CC(C2=NN=C(SCC3=CC=CC=C3)O2)=C(C=C1)F,Morgan,0.36,Fc1ccc(cc1)C(=O)OCc1ccc(CSc2nnc(o2)-c2cccc3ccccc23)cc1
1439,EGFR,0.85,C1=CC(C2=NN=C(SCC3=CC=CC=C3)O2)=C(C=C1)F,Morgan,0.36,Fc1ccc(cc1)C(=O)OCc1ccc(CSc2nnc(o2)-c2cccc3ccccc23)cc1
1440,EGFR,0.78,FC=1C(N2CC3C(C3N)C2)=NC=4N(C=5C(F)=CC(F)=CC5)C=C(C(=O)C4C1)C(=O)O,Morgan,0.24,COc1c(N2CCNC(C)C2)c(F)cc2c1n(cc(C(O)=O)c2=O)C1CC1
1441,EGFR,0.85,C1=CC(C2=NN=C(SCC3=CC=CC=C3)O2)=C(C=C1)F,Morgan,0.36,Fc1ccc(cc1)C(=O)OCc1ccc(CSc2nnc(o2)-c2cccc3ccccc23)cc1
1442,EGFR,0.84,O=C1N(C=2C(N(C1CC)C3CCCC3)=NC(=NC2)NC4=C(OC)C=C(C=C4)C(=O)NC5CCCCC5)C,Morgan,0.17,CCS(=O)(=O)NCC[C@@H]1CC[C@@H](NC(=O)C2CCCCC2)[C@H](CO)O1
1443,EGFR,0.83,N1(N=C(C=2C1=NC=NC2N)C3=CC=4C(C=C3)=CC=CC4)C,Morgan,0.28,Cn1nnnc1Sc2ncnc3scc(c4cccc5ccccc45)c23
1444,EGFR,0.85,C1=CC(C2=NN=C(SCC3=CC=CC=C3)O2)=C(C=C1)F,Morgan,0.36,Fc1ccc(cc1)C(=O)OCc1ccc(CSc2nnc(o2)-c2cccc3ccccc23)cc1
1445,EGFR,0.86,N1C(=O)C(=C(C1=O)C2=CC=CC=C2)C3=CC=C(C=C3)OC,Morgan,0.32,COc1ccc(cc1)C2(CC2)C(=O)N3CCC(CC3)n4nc(oc4=O)c5ccccc5
1446,EGFR,0.85,C1=CC(C2=NN=C(SCC3=CC=CC=C3)O2)=C(C=C1)F,Morgan,0.36,Fc1ccc(cc1)C(=O)OCc1ccc(CSc2nnc(o2)-c2cccc3ccccc23)cc1
1447,EGFR,0.83,N1(N=C(C=2C1=NC=NC2N)C3=CC=4C(C=C3)=CC=CC4)C,Morgan,0.28,Cn1nnnc1Sc2ncnc3scc(c4cccc5ccccc45)c23
1448,EGFR,0.85,C1=CC(C2=NN=C(SCC3=CC=CC=C3)O2)=C(C=C1)F,Morgan,0.36,Fc1ccc(cc1)C(=O)OCc1ccc(CSc2nnc(o2)-c2cccc3ccccc23)cc1
1449,EGFR,0.85,C1=CC(C2=NN=C(SCC3=CC=CC=C3)O2)=C(C=C1)F,Morgan,0.36,Fc1ccc(cc1)C(=O)OCc1ccc(CSc2nnc(o2)-c2cccc3ccccc23)cc1
1450,EGFR,0.74,C1=CC(C(=O)NC2=CC=CC(C(N(CC)CC)=O)=C2)=C(O)C=C1NC(C=C)=O,Morgan,0.21,CCc1cccc(CC)c1NC(=O)CN(CC(O)=O)CC(O)=O
1451,EGFR,0.78,FC=1C(N2CC3C(C3N)C2)=NC=4N(C=5C(F)=CC(F)=CC5)C=C(C(=O)C4C1)C(=O)O,Morgan,0.24,COc1c(N2CCNC(C)C2)c(F)cc2c1n(cc(C(O)=O)c2=O)C1CC1
1452,EGFR,0.83,N1(N=C(C=2C1=NC=NC2N)C3=CC=4C(C=C3)=CC=CC4)C,Morgan,0.28,Cn1nnnc1Sc2ncnc3scc(c4cccc5ccccc45)c23
1453,EGFR,0.85,C1=CC(C2=NN=C(SCC3=CC=CC=C3)O2)=C(C=C1)F,Morgan,0.36,Fc1ccc(cc1)C(=O)OCc1ccc(CSc2nnc(o2)-c2cccc3ccccc23)cc1
1454,EGFR,0.00,BrC=1C=C2C=3NN=CC3CC2=CC1,Morgan,0.12,Brc1c(Br)c(Br)c2[nH]nnc2c1Br
1455,EGFR,0.00,BrC=1C=C2C=3NN=CC3CC2=CC1,Morgan,0.12,Brc1c(Br)c(Br)c2[nH]nnc2c1Br
1456,EGFR,0.85,C1=CC(C2=NN=C(SCC3=CC=CC=C3)O2)=C(C=C1)F,Morgan,0.36,Fc1ccc(cc1)C(=O)OCc1ccc(CSc2nnc(o2)-c2cccc3ccccc23)cc1
1457,EGFR,0.83,N1(N=C(C=2C1=NC=NC2N)C3=CC=4C(C=C3)=CC=CC4)C,Morgan,0.28,Cn1nnnc1Sc2ncnc3scc(c4cccc5ccccc45)c23
1458,EGFR,0.84,O=C1N(C=2C(N(C1CC)C3CCCC3)=NC(=NC2)NC4=C(OC)C=C(C=C4)C(=O)NC5CCCCC5)C,Morgan,0.17,CCS(=O)(=O)NCC[C@@H]1CC[C@@H](NC(=O)C2CCCCC2)[C@H](CO)O1
1459,EGFR,0.84,O=C1N(C=2C(N(C1CC)C3CCCC3)=NC(=NC2)NC4=C(OC)C=C(C=C4)C(=O)NC5CCCCC5)C,Morgan,0.17,CCS(=O)(=O)NCC[C@@H]1CC[C@@H](NC(=O)C2CCCCC2)[C@H](CO)O1
1460,EGFR,0.85,C1=CC(C2=NN=C(SCC3=CC=CC=C3)O2)=C(C=C1)F,Morgan,0.36,Fc1ccc(cc1)C(=O)OCc1ccc(CSc2nnc(o2)-c2cccc3ccccc23)cc1
1461,EGFR,0.85,C1=CC(C2=NN=C(SCC3=CC=CC=C3)O2)=C(C=C1)F,Morgan,0.36,Fc1ccc(cc1)C(=O)OCc1ccc(CSc2nnc(o2)-c2cccc3ccccc23)cc1
1462,EGFR,0.85,C1=CC(C2=NN=C(SCC3=CC=CC=C3)O2)=C(C=C1)F,Morgan,0.36,Fc1ccc(cc1)C(=O)OCc1ccc(CSc2nnc(o2)-c2cccc3ccccc23)cc1
1463,EGFR,0.85,C1=CC(C2=NN=C(SCC3=CC=CC=C3)O2)=C(C=C1)F,Morgan,0.36,Fc1ccc(cc1)C(=O)OCc1ccc(CSc2nnc(o2)-c2cccc3ccccc23)cc1
1464,EGFR,0.00,BrC=1C=C2C=3NN=CC3CC2=CC1,Morgan,0.12,Brc1c(Br)c(Br)c2[nH]nnc2c1Br
1465,EGFR,0.78,FC=1C(N2CC3C(C3N)C2)=NC=4N(C=5C(F)=CC(F)=CC5)C=C(C(=O)C4C1)C(=O)O,Morgan,0.24,COc1c(N2CCNC(C)C2)c(F)cc2c1n(cc(C(O)=O)c2=O)C1CC1
1466,EGFR,0.83,N1(N=C(C=2C1=NC=NC2N)C3=CC=4C(C=C3)=CC=CC4)C,Morgan,0.28,Cn1nnnc1Sc2ncnc3scc(c4cccc5ccccc45)c23
1467,EGFR,0.78,FC=1C(N2CC3C(C3N)C2)=NC=4N(C=5C(F)=CC(F)=CC5)C=C(C(=O)C4C1)C(=O)O,Morgan,0.24,COc1c(N2CCNC(C)C2)c(F)cc2c1n(cc(C(O)=O)c2=O)C1CC1
1468,EGFR,0.85,C1=CC(C2=NN=C(SCC3=CC=CC=C3)O2)=C(C=C1)F,Morgan,0.36,Fc1ccc(cc1)C(=O)OCc1ccc(CSc2nnc(o2)-c2cccc3ccccc23)cc1
1469,EGFR,0.83,ClC1=CC(CNC2C(=NC=3C=CN=CC3)C(=O)C2=O)=CC=C1Cl,Morgan,0.22,C[C@@H](CO)N1C[C@@H](C)[C@@H](CN(C)Cc2ccc(Cl)c(Cl)c2)Oc3c(NS(=O)(=O)c4cccs4)cccc3C1=O
1470,EGFR,0.85,O=C1NC=2C(N=C(C1=NNC3=CC=C(C=C3)C)C)=CC=CC2,Morgan,0.29,Cc1noc(C)c1C(c2ccccc2)S(=O)(=O)c3ccc(C)cc3
1471,EGFR,0.85,C1=CC(C2=NN=C(SCC3=CC=CC=C3)O2)=C(C=C1)F,Morgan,0.36,Fc1ccc(cc1)C(=O)OCc1ccc(CSc2nnc(o2)-c2cccc3ccccc23)cc1
1472,EGFR,0.85,C1=CC(C2=NN=C(SCC3=CC=CC=C3)O2)=C(C=C1)F,Morgan,0.36,Fc1ccc(cc1)C(=O)OCc1ccc(CSc2nnc(o2)-c2cccc3ccccc23)cc1
1473,EGFR,0.83,ClC1=CC(CNC2C(=NC=3C=CN=CC3)C(=O)C2=O)=CC=C1Cl,Morgan,0.22,C[C@@H](CO)N1C[C@@H](C)[C@@H](CN(C)Cc2ccc(Cl)c(Cl)c2)Oc3c(NS(=O)(=O)c4cccs4)cccc3C1=O
1474,EGFR,0.00,BrC=1C=C2C=3NN=CC3CC2=CC1,Morgan,0.12,Brc1c(Br)c(Br)c2[nH]nnc2c1Br
1475,EGFR,0.85,C1=CC(C2=NN=C(SCC3=CC=CC=C3)O2)=C(C=C1)F,Morgan,0.36,Fc1ccc(cc1)C(=O)OCc1ccc(CSc2nnc(o2)-c2cccc3ccccc23)cc1
1476,EGFR,0.85,C1=CC(C2=NN=C(SCC3=CC=CC=C3)O2)=C(C=C1)F,Morgan,0.36,Fc1ccc(cc1)C(=O)OCc1ccc(CSc2nnc(o2)-c2cccc3ccccc23)cc1
1477,EGFR,0.85,C1=CC(C2=NN=C(SCC3=CC=CC=C3)O2)=C(C=C1)F,Morgan,0.36,Fc1ccc(cc1)C(=O)OCc1ccc(CSc2nnc(o2)-c2cccc3ccccc23)cc1
1478,EGFR,0.83,N1(N=C(C=2C1=NC=NC2N)C3=CC=4C(C=C3)=CC=CC4)C,Morgan,0.28,Cn1nnnc1Sc2ncnc3scc(c4cccc5ccccc45)c23
1479,EGFR,0.85,O=C1NC=2C(N=C(C1=NNC3=CC=C(C=C3)C)C)=CC=CC2,Morgan,0.29,Cc1noc(C)c1C(c2ccccc2)S(=O)(=O)c3ccc(C)cc3
1480,EGFR,0.85,C1=CC(C2=NN=C(SCC3=CC=CC=C3)O2)=C(C=C1)F,Morgan,0.36,Fc1ccc(cc1)C(=O)OCc1ccc(CSc2nnc(o2)-c2cccc3ccccc23)cc1
1481,EGFR,0.84,O=C1N(C=2C(N(C1CC)C3CCCC3)=NC(=NC2)NC4=C(OC)C=C(C=C4)C(=O)NC5CCCCC5)C,Morgan,0.17,CCS(=O)(=O)NCC[C@@H]1CC[C@@H](NC(=O)C2CCCCC2)[C@H](CO)O1
1482,EGFR,0.84,O=C1N(C=2C(N(C1CC)C3CCCC3)=NC(=NC2)NC4=C(OC)C=C(C=C4)C(=O)NC5CCCCC5)C,Morgan,0.17,CCS(=O)(=O)NCC[C@@H]1CC[C@@H](NC(=O)C2CCCCC2)[C@H](CO)O1
1483,EGFR,0.85,C1=CC(C2=NN=C(SCC3=CC=CC=C3)O2)=C(C=C1)F,Morgan,0.36,Fc1ccc(cc1)C(=O)OCc1ccc(CSc2nnc(o2)-c2cccc3ccccc23)cc1
1484,EGFR,0.83,N1(N=C(C=2C1=NC=NC2N)C3=CC=4C(C=C3)=CC=CC4)C,Morgan,0.28,Cn1nnnc1Sc2ncnc3scc(c4cccc5ccccc45)c23
1485,EGFR,0.77,C1CCC(C(=O)N(C2=CC=C3C(N=C(N3C)NC(C=4C=CC(=CC4)C#N)=O)=C2)C)CC1,Morgan,0.22,CO[C@@H]1CN(C)C(=O)c2cc(NC(=O)C3CCCCC3)ccc2OC[C@@H](C)NC[C@@H]1C
1486,EGFR,0.86,N1C(=O)C(=C(C1=O)C2=CC=CC=C2)C3=CC=C(C=C3)OC,Morgan,0.32,COc1ccc(cc1)C2(CC2)C(=O)N3CCC(CC3)n4nc(oc4=O)c5ccccc5
1487,EGFR,0.85,C1=CC(C2=NN=C(SCC3=CC=CC=C3)O2)=C(C=C1)F,Morgan,0.36,Fc1ccc(cc1)C(=O)OCc1ccc(CSc2nnc(o2)-c2cccc3ccccc23)cc1
1488,EGFR,0.78,FC=1C(N2CC3C(C3N)C2)=NC=4N(C=5C(F)=CC(F)=CC5)C=C(C(=O)C4C1)C(=O)O,Morgan,0.24,COc1c(N2CCNC(C)C2)c(F)cc2c1n(cc(C(O)=O)c2=O)C1CC1
1489,EGFR,0.88,C=1C=C(C2=CC=C3N(C(=O)NC=4C(=CC=CC4)CC)C[C@H](OC3=C2)C)C=CC1[C@H]5CC[C@H](CC(=O)O)CC5,Morgan,0.18,C[C@@H](CO)N1C[C@@H](C)[C@@H](CN(C)CC2CC2)OCCCC[C@@H](C)Oc3ccc(NS(=O)(=O)C)cc3C1=O
1490,EGFR,0.85,C1=CC(C2=NN=C(SCC3=CC=CC=C3)O2)=C(C=C1)F,Morgan,0.36,Fc1ccc(cc1)C(=O)OCc1ccc(CSc2nnc(o2)-c2cccc3ccccc23)cc1
1491,EGFR,0.78,FC=1C(N2CC3C(C3N)C2)=NC=4N(C=5C(F)=CC(F)=CC5)C=C(C(=O)C4C1)C(=O)O,Morgan,0.24,COc1c(N2CCNC(C)C2)c(F)cc2c1n(cc(C(O)=O)c2=O)C1CC1
1492,EGFR,0.85,O=C1NC=2C(N=C(C1=NNC3=CC=C(C=C3)C)C)=CC=CC2,Morgan,0.29,Cc1noc(C)c1C(c2ccccc2)S(=O)(=O)c3ccc(C)cc3
1493,EGFR,0.85,C1=CC(C2=NN=C(SCC3=CC=CC=C3)O2)=C(C=C1)F,Morgan,0.36,Fc1ccc(cc1)C(=O)OCc1ccc(CSc2nnc(o2)-c2cccc3ccccc23)cc1
1494,EGFR,0.85,C1=CC(C2=NN=C(SCC3=CC=CC=C3)O2)=C(C=C1)F,Morgan,0.36,Fc1ccc(cc1)C(=O)OCc1ccc(CSc2nnc(o2)-c2cccc3ccccc23)cc1
1495,EGFR,0.00,BrC=1C=C2C=3NN=CC3CC2=CC1,Morgan,0.12,Brc1c(Br)c(Br)c2[nH]nnc2c1Br
1496,EGFR,0.78,FC=1C(N2CC3C(C3N)C2)=NC=4N(C=5C(F)=CC(F)=CC5)C=C(C(=O)C4C1)C(=O)O,Morgan,0.24,COc1c(N2CCNC(C)C2)c(F)cc2c1n(cc(C(O)=O)c2=O)C1CC1
1497,EGFR,0.85,C1=CC(C2=NN=C(SCC3=CC=CC=C3)O2)=C(C=C1)F,Morgan,0.36,Fc1ccc(cc1)C(=O)OCc1ccc(CSc2nnc(o2)-c2cccc3ccccc23)cc1
1498,EGFR,0.84,O=C1N(C=2C(N(C1CC)C3CCCC3)=NC(=NC2)NC4=C(OC)C=C(C=C4)C(=O)NC5CCCCC5)C,Morgan,0.17,CCS(=O)(=O)NCC[C@@H]1CC[C@@H](NC(=O)C2CCCCC2)[C@H](CO)O1
1499,EGFR,0.84,O=C1N(C=2C(N(C1CC)C3CCCC3)=NC(=NC2)NC4=C(OC)C=C(C=C4)C(=O)NC5CCCCC5)C,Morgan,0.17,CCS(=O)(=O)NCC[C@@H]1CC[C@@H](NC(=O)C2CCCCC2)[C@H](CO)O1
1500,HDAC1,0.00,BrC=1C=CC(C2=NN(C=C2/C=C\C(=O)NC=3C=CC=CC3)C4=CC=CC=C4)=CC1,Fraggle,0.16,Brc1c(Br)c(Br)c2[nH]nnc2c1Br
1501,HDAC1,0.86,C1=C(C(C(F)(F)F)=O)SC(C=2OC(=NN2)C=3C=CC=CC3)=C1,Fraggle,0.67,Fc1ccc(cc1)C(=O)OCc1ccc(CSc2nnc(o2)-c2cccc3ccccc23)cc1
1502,HDAC1,0.84,C(CCCNC(NC(C1=CC=C(C=C1)NS(=O)(=O)C2=CC=CC=C2)=O)=O)CC(=NO)O,Fraggle,0.24,CCS(=O)(=O)NCC[C@@H]1CC[C@@H](NC(=O)C2CCCCC2)[C@H](CO)O1
1503,HDAC1,0.86,C1=C(C(C(F)(F)F)=O)SC(C=2OC(=NN2)C=3C=CC=CC3)=C1,Fraggle,0.67,Fc1ccc(cc1)C(=O)OCc1ccc(CSc2nnc(o2)-c2cccc3ccccc23)cc1
1504,HDAC1,0.84,C=1CC(C(N(C1)CC2=CN(N=N2)C3=CC=CC=C3)=S)=O,Fraggle,0.30,Cn1nnnc1Sc2ncnc3scc(c4cccc5ccccc45)c23
1505,HDAC1,0.86,C1=C(C(C(F)(F)F)=O)SC(C=2OC(=NN2)C=3C=CC=CC3)=C1,Fraggle,0.67,Fc1ccc(cc1)C(=O)OCc1ccc(CSc2nnc(o2)-c2cccc3ccccc23)cc1
1506,HDAC1,0.84,C(CCCNC(NC(C1=CC=C(C=C1)NS(=O)(=O)C2=CC=CC=C2)=O)=O)CC(=NO)O,Fraggle,0.24,CCS(=O)(=O)NCC[C@@H]1CC[C@@H](NC(=O)C2CCCCC2)[C@H](CO)O1
1507,HDAC1,0.86,C1=C(C(C(F)(F)F)=O)SC(C=2OC(=NN2)C=3C=CC=CC3)=C1,Fraggle,0.67,Fc1ccc(cc1)C(=O)OCc1ccc(CSc2nnc(o2)-c2cccc3ccccc23)cc1
1508,HDAC1,0.82,O1CCN(CC=2C=3C=4C(C(=O)N(CCCCCC(=O)NC=5C(N)=CC=CC5)C(=O)C4C=CC3)=CC2O)CC1,Fraggle,0.00,C[C@@H](CO)N1C[C@@H](C)[C@H](CN(C)C(=O)CC2CC2)Oc3ncc(cc3C1=O)c4ccccc4C
1509,HDAC1,0.90,C1=CC(C=2NC([C@@H](NC(=O)CC3=C(NC4=C3C=C(C=C4)OC)C)CCCCCC(NS(C(F)(F)F)(=O)=O)=O)=NC2)=CC=5C1=CC=CC5,Fraggle,0.35,C[C@@H](CO)N1C[C@@H](C)[C@H](CN(C)S(=O)(=O)c2cccc(F)c2)OCc3cn(CCCC1=O)nn3
1510,HDAC1,0.84,C(CCCNC(NC(C1=CC=C(C=C1)NS(=O)(=O)C2=CC=CC=C2)=O)=O)CC(=NO)O,Fraggle,0.24,CCS(=O)(=O)NCC[C@@H]1CC[C@@H](NC(=O)C2CCCCC2)[C@H](CO)O1
1511,HDAC1,0.84,C(CCCNC(NC(C1=CC=C(C=C1)NS(=O)(=O)C2=CC=CC=C2)=O)=O)CC(=NO)O,Fraggle,0.24,CCS(=O)(=O)NCC[C@@H]1CC[C@@H](NC(=O)C2CCCCC2)[C@H](CO)O1
1512,HDAC1,0.84,C(CCCNC(NC(C1=CC=C(C=C1)NS(=O)(=O)C2=CC=CC=C2)=O)=O)CC(=NO)O,Fraggle,0.24,CCS(=O)(=O)NCC[C@@H]1CC[C@@H](NC(=O)C2CCCCC2)[C@H](CO)O1
1513,HDAC1,0.86,C1=C(C(C(F)(F)F)=O)SC(C=2OC(=NN2)C=3C=CC=CC3)=C1,Fraggle,0.67,Fc1ccc(cc1)C(=O)OCc1ccc(CSc2nnc(o2)-c2cccc3ccccc23)cc1
1514,HDAC1,0.79,N1(C(C=2C=C(O)C(=CC2C1=O)CN3CCOCC3)=O)CCCCCC(NC=4C(N)=CC=CC4)=O,Fraggle,0.38,OC[C@@H]1[C@H]2Cn3c(ccc(-c4ccncc4)c3=O)[C@H]2N(Cc2cocn2)[C@H]1C(=O)N1CCCCC1
1515,HDAC1,0.86,C1=C(C(C(F)(F)F)=O)SC(C=2OC(=NN2)C=3C=CC=CC3)=C1,Fraggle,0.67,Fc1ccc(cc1)C(=O)OCc1ccc(CSc2nnc(o2)-c2cccc3ccccc23)cc1
1516,HDAC1,0.86,C1=C(C(C(F)(F)F)=O)SC(C=2OC(=NN2)C=3C=CC=CC3)=C1,Fraggle,0.67,Fc1ccc(cc1)C(=O)OCc1ccc(CSc2nnc(o2)-c2cccc3ccccc23)cc1
1517,HDAC1,0.86,C1=C(C(C(F)(F)F)=O)SC(C=2OC(=NN2)C=3C=CC=CC3)=C1,Fraggle,0.67,Fc1ccc(cc1)C(=O)OCc1ccc(CSc2nnc(o2)-c2cccc3ccccc23)cc1
1518,HDAC1,0.91,C1=CC(C=2NC([C@@H](NC(=O)CC3=C(NC4=C3C=C(C=C4)OC)C)CCCCCC(NS(C)(=O)=O)=O)=NC2)=CC=5C1=CC=CC5,Fraggle,0.36,C[C@@H](CO)N1C[C@@H](C)[C@@H](CN(C)CC2CC2)OCCCC[C@@H](C)Oc3ccc(NS(=O)(=O)C)cc3C1=O
1519,HDAC1,0.84,C(CCCNC(NC(C1=CC=C(C=C1)NS(=O)(=O)C2=CC=CC=C2)=O)=O)CC(=NO)O,Fraggle,0.24,CCS(=O)(=O)NCC[C@@H]1CC[C@@H](NC(=O)C2CCCCC2)[C@H](CO)O1
1520,HDAC1,0.00,BrC=1C=CC(C2=NN(C=C2/C=C\C(=O)NC=3C=CC=CC3)C4=CC=CC=C4)=CC1,Fraggle,0.16,Brc1c(Br)c(Br)c2[nH]nnc2c1Br
1521,HDAC1,0.85,C=1C=C(C=NC1N2C[C@@H](N(CC2)C(NCC3=CC=C(C=C3)OC)=O)C)C(NC=4C(=CC=CC4)N)=O,Fraggle,0.44,COc1c(N2CCNC(C)C2)c(F)cc2c1n(cc(C(O)=O)c2=O)C1CC1
1522,HDAC1,0.85,C=1C=C(C=NC1N2C[C@@H](N(CC2)C(NCC3=CC=C(C=C3)OC)=O)C)C(NC=4C(=CC=CC4)N)=O,Fraggle,0.44,COc1c(N2CCNC(C)C2)c(F)cc2c1n(cc(C(O)=O)c2=O)C1CC1
1523,HDAC1,0.86,C1=C(C(C(F)(F)F)=O)SC(C=2OC(=NN2)C=3C=CC=CC3)=C1,Fraggle,0.67,Fc1ccc(cc1)C(=O)OCc1ccc(CSc2nnc(o2)-c2cccc3ccccc23)cc1
1524,HDAC1,0.85,C=1C=C(C=NC1N2C[C@@H](N(CC2)C(NCC3=CC=C(C=C3)OC)=O)C)C(NC=4C(=CC=CC4)N)=O,Fraggle,0.44,COc1c(N2CCNC(C)C2)c(F)cc2c1n(cc(C(O)=O)c2=O)C1CC1
1525,HDAC1,0.84,C(CCCNC(NC(C1=CC=C(C=C1)NS(=O)(=O)C2=CC=CC=C2)=O)=O)CC(=NO)O,Fraggle,0.24,CCS(=O)(=O)NCC[C@@H]1CC[C@@H](NC(=O)C2CCCCC2)[C@H](CO)O1
1526,HDAC1,0.84,C=1CC(C(N(C1)CC2=CN(N=N2)C3=CC=CC=C3)=S)=O,Fraggle,0.30,Cn1nnnc1Sc2ncnc3scc(c4cccc5ccccc45)c23
1527,HDAC1,0.86,C1=C(C(C(F)(F)F)=O)SC(C=2OC(=NN2)C=3C=CC=CC3)=C1,Fraggle,0.67,Fc1ccc(cc1)C(=O)OCc1ccc(CSc2nnc(o2)-c2cccc3ccccc23)cc1
1528,HDAC1,0.79,N1(C(C=2C=C(O)C(=CC2C1=O)CN3CCOCC3)=O)CCCCCC(NC=4C(N)=CC=CC4)=O,Fraggle,0.38,OC[C@@H]1[C@H]2Cn3c(ccc(-c4ccncc4)c3=O)[C@H]2N(Cc2cocn2)[C@H]1C(=O)N1CCCCC1
1529,HDAC1,0.84,C(CCCNC(NC(C1=CC=C(C=C1)NS(=O)(=O)C2=CC=CC=C2)=O)=O)CC(=NO)O,Fraggle,0.24,CCS(=O)(=O)NCC[C@@H]1CC[C@@H](NC(=O)C2CCCCC2)[C@H](CO)O1
1530,HDAC1,0.84,C(CCCNC(NC(C1=CC=C(C=C1)NS(=O)(=O)C2=CC=CC=C2)=O)=O)CC(=NO)O,Fraggle,0.24,CCS(=O)(=O)NCC[C@@H]1CC[C@@H](NC(=O)C2CCCCC2)[C@H](CO)O1
1531,HDAC1,0.86,C1=C(C(C(F)(F)F)=O)SC(C=2OC(=NN2)C=3C=CC=CC3)=C1,Fraggle,0.67,Fc1ccc(cc1)C(=O)OCc1ccc(CSc2nnc(o2)-c2cccc3ccccc23)cc1
1532,HDAC1,0.00,BrC=1C=CC(C2=NN(C=C2/C=C\C(=O)NC=3C=CC=CC3)C4=CC=CC=C4)=CC1,Fraggle,0.16,Brc1c(Br)c(Br)c2[nH]nnc2c1Br
1533,HDAC1,0.85,C=1C=C(C=NC1N2C[C@@H](N(CC2)C(NCC3=CC=C(C=C3)OC)=O)C)C(NC=4C(=CC=CC4)N)=O,Fraggle,0.44,COc1c(N2CCNC(C)C2)c(F)cc2c1n(cc(C(O)=O)c2=O)C1CC1
1534,HDAC1,0.85,C=1C=C(C=NC1N2C[C@@H](N(CC2)C(NCC3=CC=C(C=C3)OC)=O)C)C(NC=4C(=CC=CC4)N)=O,Fraggle,0.44,COc1c(N2CCNC(C)C2)c(F)cc2c1n(cc(C(O)=O)c2=O)C1CC1
1535,HDAC1,0.00,BrC=1C=CC(C2=NN(C=C2/C=C\C(=O)NC=3C=CC=CC3)C4=CC=CC=C4)=CC1,Fraggle,0.16,Brc1c(Br)c(Br)c2[nH]nnc2c1Br
1536,HDAC1,0.77,O1CCN(CC=2C=3C=4C(C(=O)N(CCCCCC(=O)NC=5C(N)=CC=CC5)C(=O)C4C=CC3)=CC2O)CC1,Fraggle,0.00,CCOC(=O)[C@H](CCc1ccccc1)N[C@@H](C)C(=O)N1Cc2ccccc2C[C@H]1C(O)=O
1537,HDAC1,0.86,C1=C(C(C(F)(F)F)=O)SC(C=2OC(=NN2)C=3C=CC=CC3)=C1,Fraggle,0.67,Fc1ccc(cc1)C(=O)OCc1ccc(CSc2nnc(o2)-c2cccc3ccccc23)cc1
1538,HDAC1,0.84,C(CCCNC(NC(C1=CC=C(C=C1)NS(=O)(=O)C2=CC=CC=C2)=O)=O)CC(=NO)O,Fraggle,0.24,CCS(=O)(=O)NCC[C@@H]1CC[C@@H](NC(=O)C2CCCCC2)[C@H](CO)O1
1539,HDAC1,0.86,C1=C(C(C(F)(F)F)=O)SC(C=2OC(=NN2)C=3C=CC=CC3)=C1,Fraggle,0.67,Fc1ccc(cc1)C(=O)OCc1ccc(CSc2nnc(o2)-c2cccc3ccccc23)cc1
1540,HDAC1,0.86,C1=C(C(C(F)(F)F)=O)SC(C=2OC(=NN2)C=3C=CC=CC3)=C1,Fraggle,0.67,Fc1ccc(cc1)C(=O)OCc1ccc(CSc2nnc(o2)-c2cccc3ccccc23)cc1
1541,HDAC1,0.86,C1=C(C(C(F)(F)F)=O)SC(C=2OC(=NN2)C=3C=CC=CC3)=C1,Fraggle,0.67,Fc1ccc(cc1)C(=O)OCc1ccc(CSc2nnc(o2)-c2cccc3ccccc23)cc1
1542,HDAC1,0.86,C1=C(C(C(F)(F)F)=O)SC(C=2OC(=NN2)C=3C=CC=CC3)=C1,Fraggle,0.67,Fc1ccc(cc1)C(=O)OCc1ccc(CSc2nnc(o2)-c2cccc3ccccc23)cc1
1543,HDAC1,0.79,N1(C(C=2C=C(O)C(=CC2C1=O)CN3CCOCC3)=O)CCCCCC(NC=4C(N)=CC=CC4)=O,Fraggle,0.38,OC[C@@H]1[C@H]2Cn3c(ccc(-c4ccncc4)c3=O)[C@H]2N(Cc2cocn2)[C@H]1C(=O)N1CCCCC1
1544,HDAC1,0.85,C=1C=C(C=NC1N2C[C@@H](N(CC2)C(NCC3=CC=C(C=C3)OC)=O)C)C(NC=4C(=CC=CC4)N)=O,Fraggle,0.44,COc1c(N2CCNC(C)C2)c(F)cc2c1n(cc(C(O)=O)c2=O)C1CC1
1545,HDAC1,0.86,C1=C(C(C(F)(F)F)=O)SC(C=2OC(=NN2)C=3C=CC=CC3)=C1,Fraggle,0.67,Fc1ccc(cc1)C(=O)OCc1ccc(CSc2nnc(o2)-c2cccc3ccccc23)cc1
1546,HDAC1,0.86,C1=C(C(C(F)(F)F)=O)SC(C=2OC(=NN2)C=3C=CC=CC3)=C1,Fraggle,0.67,Fc1ccc(cc1)C(=O)OCc1ccc(CSc2nnc(o2)-c2cccc3ccccc23)cc1
1547,HDAC1,0.86,C1=C(C(C(F)(F)F)=O)SC(C=2OC(=NN2)C=3C=CC=CC3)=C1,Fraggle,0.67,Fc1ccc(cc1)C(=O)OCc1ccc(CSc2nnc(o2)-c2cccc3ccccc23)cc1
1548,HDAC1,0.88,O1C2(CCN(CC2)C=3N=CC(=CC3)C(=O)NC=4C=C(C5=CN(N=C5)C)C=CC4N)CNC1=O,Fraggle,0.36,COc1ccc(cc1)C2(CC2)C(=O)N3CCC(CC3)n4nc(oc4=O)c5ccccc5
1549,HDAC1,0.86,C1=C(C(C(F)(F)F)=O)SC(C=2OC(=NN2)C=3C=CC=CC3)=C1,Fraggle,0.67,Fc1ccc(cc1)C(=O)OCc1ccc(CSc2nnc(o2)-c2cccc3ccccc23)cc1
1550,HDAC1,0.86,C1=C(C(C(F)(F)F)=O)SC(C=2OC(=NN2)C=3C=CC=CC3)=C1,Fraggle,0.67,Fc1ccc(cc1)C(=O)OCc1ccc(CSc2nnc(o2)-c2cccc3ccccc23)cc1
1551,HDAC1,0.86,C1=C(C(C(F)(F)F)=O)SC(C=2OC(=NN2)C=3C=CC=CC3)=C1,Fraggle,0.67,Fc1ccc(cc1)C(=O)OCc1ccc(CSc2nnc(o2)-c2cccc3ccccc23)cc1
1552,HDAC1,0.85,C=1C=C(C=NC1N2C[C@@H](N(CC2)C(NCC3=CC=C(C=C3)OC)=O)C)C(NC=4C(=CC=CC4)N)=O,Fraggle,0.44,COc1c(N2CCNC(C)C2)c(F)cc2c1n(cc(C(O)=O)c2=O)C1CC1
1553,HDAC1,0.86,C1=C(C(C(F)(F)F)=O)SC(C=2OC(=NN2)C=3C=CC=CC3)=C1,Fraggle,0.67,Fc1ccc(cc1)C(=O)OCc1ccc(CSc2nnc(o2)-c2cccc3ccccc23)cc1
1554,HDAC1,0.84,C=1CC(C(N(C1)CC2=CN(N=N2)C3=CC=CC=C3)=S)=O,Fraggle,0.30,Cn1nnnc1Sc2ncnc3scc(c4cccc5ccccc45)c23
1555,HDAC1,0.90,S1C(C2=NC(=NO2)CS(C3=CC=CS3)(=O)=O)=CC=C1C(=O)C(F)(F)F,Fraggle,0.47,Cc1noc(C)c1C(c2ccccc2)S(=O)(=O)c3ccc(C)cc3
1556,HDAC1,0.85,C=1C=C(C=NC1N2C[C@@H](N(CC2)C(NCC3=CC=C(C=C3)OC)=O)C)C(NC=4C(=CC=CC4)N)=O,Fraggle,0.44,COc1c(N2CCNC(C)C2)c(F)cc2c1n(cc(C(O)=O)c2=O)C1CC1
1557,HDAC1,0.82,O1CCN(CC=2C=3C=4C(C(=O)N(CCCCCC(=O)NC=5C(N)=CC=CC5)C(=O)C4C=CC3)=CC2O)CC1,Fraggle,0.00,C[C@@H](CO)N1C[C@@H](C)[C@H](CN(C)C(=O)CC2CC2)Oc3ncc(cc3C1=O)c4ccccc4C
1558,HDAC1,0.84,C=1CC(C(N(C1)CC2=CN(N=N2)C3=CC=CC=C3)=S)=O,Fraggle,0.30,Cn1nnnc1Sc2ncnc3scc(c4cccc5ccccc45)c23
1559,HDAC1,0.84,C(CCCNC(NC(C1=CC=C(C=C1)NS(=O)(=O)C2=CC=CC=C2)=O)=O)CC(=NO)O,Fraggle,0.24,CCS(=O)(=O)NCC[C@@H]1CC[C@@H](NC(=O)C2CCCCC2)[C@H](CO)O1
1560,HDAC1,0.84,C(CCCNC(NC(C1=CC=C(C=C1)NS(=O)(=O)C2=CC=CC=C2)=O)=O)CC(=NO)O,Fraggle,0.24,CCS(=O)(=O)NCC[C@@H]1CC[C@@H](NC(=O)C2CCCCC2)[C@H](CO)O1
1561,HDAC1,0.84,C(CCCNC(NC(C1=CC=C(C=C1)NS(=O)(=O)C2=CC=CC=C2)=O)=O)CC(=NO)O,Fraggle,0.24,CCS(=O)(=O)NCC[C@@H]1CC[C@@H](NC(=O)C2CCCCC2)[C@H](CO)O1
1562,HDAC1,0.84,C(CCCNC(NC(C1=CC=C(C=C1)NS(=O)(=O)C2=CC=CC=C2)=O)=O)CC(=NO)O,Fraggle,0.24,CCS(=O)(=O)NCC[C@@H]1CC[C@@H](NC(=O)C2CCCCC2)[C@H](CO)O1
1563,HDAC1,0.86,C1=C(C(C(F)(F)F)=O)SC(C=2OC(=NN2)C=3C=CC=CC3)=C1,Fraggle,0.67,Fc1ccc(cc1)C(=O)OCc1ccc(CSc2nnc(o2)-c2cccc3ccccc23)cc1
1564,HDAC1,0.84,C=1CC(C(N(C1)CC2=CN(N=N2)C3=CC=CC=C3)=S)=O,Fraggle,0.30,Cn1nnnc1Sc2ncnc3scc(c4cccc5ccccc45)c23
1565,HDAC1,0.84,C(CCCNC(NC(C1=CC=C(C=C1)NS(=O)(=O)C2=CC=CC=C2)=O)=O)CC(=NO)O,Fraggle,0.24,CCS(=O)(=O)NCC[C@@H]1CC[C@@H](NC(=O)C2CCCCC2)[C@H](CO)O1
1566,HDAC1,0.84,C=1CC(C(N(C1)CC2=CN(N=N2)C3=CC=CC=C3)=S)=O,Fraggle,0.30,Cn1nnnc1Sc2ncnc3scc(c4cccc5ccccc45)c23
1567,HDAC1,0.86,C1=C(C(C(F)(F)F)=O)SC(C=2OC(=NN2)C=3C=CC=CC3)=C1,Fraggle,0.67,Fc1ccc(cc1)C(=O)OCc1ccc(CSc2nnc(o2)-c2cccc3ccccc23)cc1
1568,HDAC1,0.84,C(CCCNC(NC(C1=CC=C(C=C1)NS(=O)(=O)C2=CC=CC=C2)=O)=O)CC(=NO)O,Fraggle,0.24,CCS(=O)(=O)NCC[C@@H]1CC[C@@H](NC(=O)C2CCCCC2)[C@H](CO)O1
1569,HDAC1,0.86,C1=C(C(C(F)(F)F)=O)SC(C=2OC(=NN2)C=3C=CC=CC3)=C1,Fraggle,0.67,Fc1ccc(cc1)C(=O)OCc1ccc(CSc2nnc(o2)-c2cccc3ccccc23)cc1
1570,HDAC1,0.84,C=1CC(C(N(C1)CC2=CN(N=N2)C3=CC=CC=C3)=S)=O,Fraggle,0.30,Cn1nnnc1Sc2ncnc3scc(c4cccc5ccccc45)c23
1571,HDAC1,0.85,C=1C=C(C=NC1N2C[C@@H](N(CC2)C(NCC3=CC=C(C=C3)OC)=O)C)C(NC=4C(=CC=CC4)N)=O,Fraggle,0.44,COc1c(N2CCNC(C)C2)c(F)cc2c1n(cc(C(O)=O)c2=O)C1CC1
1572,HDAC1,0.91,C1=CC(C=2NC([C@@H](NC(=O)CC3=C(NC4=C3C=C(C=C4)OC)C)CCCCCC(NS(C)(=O)=O)=O)=NC2)=CC=5C1=CC=CC5,Fraggle,0.36,C[C@@H](CO)N1C[C@@H](C)[C@@H](CN(C)CC2CC2)OCCCC[C@@H](C)Oc3ccc(NS(=O)(=O)C)cc3C1=O
1573,HDAC1,0.82,O1CCN(CC=2C=3C=4C(C(=O)N(CCCCCC(=O)NC=5C(N)=CC=CC5)C(=O)C4C=CC3)=CC2O)CC1,Fraggle,0.00,C[C@@H](CO)N1C[C@@H](C)[C@H](CN(C)C(=O)CC2CC2)Oc3ncc(cc3C1=O)c4ccccc4C
1574,HDAC1,0.85,C=1C=C(C=NC1N2C[C@@H](N(CC2)C(NCC3=CC=C(C=C3)OC)=O)C)C(NC=4C(=CC=CC4)N)=O,Fraggle,0.44,COc1c(N2CCNC(C)C2)c(F)cc2c1n(cc(C(O)=O)c2=O)C1CC1
1575,HDAC1,0.77,O1CCN(CC=2C=3C=4C(C(=O)N(CCCCCC(=O)NC=5C(N)=CC=CC5)C(=O)C4C=CC3)=CC2O)CC1,Fraggle,0.00,CCOC(=O)[C@H](CCc1ccccc1)N[C@@H](C)C(=O)N1Cc2ccccc2C[C@H]1C(O)=O
1576,HDAC1,0.86,C1=C(C(C(F)(F)F)=O)SC(C=2OC(=NN2)C=3C=CC=CC3)=C1,Fraggle,0.67,Fc1ccc(cc1)C(=O)OCc1ccc(CSc2nnc(o2)-c2cccc3ccccc23)cc1
1577,HDAC1,0.84,C(CCCNC(NC(C1=CC=C(C=C1)NS(=O)(=O)C2=CC=CC=C2)=O)=O)CC(=NO)O,Fraggle,0.24,CCS(=O)(=O)NCC[C@@H]1CC[C@@H](NC(=O)C2CCCCC2)[C@H](CO)O1
1578,HDAC1,0.00,BrC=1C=CC(C2=NN(C=C2/C=C\C(=O)NC=3C=CC=CC3)C4=CC=CC=C4)=CC1,Fraggle,0.16,Brc1c(Br)c(Br)c2[nH]nnc2c1Br
1579,HDAC1,0.82,O1CCN(CC=2C=3C=4C(C(=O)N(CCCCCC(=O)NC=5C(N)=CC=CC5)C(=O)C4C=CC3)=CC2O)CC1,Fraggle,0.00,C[C@@H](CO)N1C[C@@H](C)[C@H](CN(C)C(=O)CC2CC2)Oc3ncc(cc3C1=O)c4ccccc4C
1580,HDAC1,0.86,C1=C(C(C(F)(F)F)=O)SC(C=2OC(=NN2)C=3C=CC=CC3)=C1,Fraggle,0.67,Fc1ccc(cc1)C(=O)OCc1ccc(CSc2nnc(o2)-c2cccc3ccccc23)cc1
1581,HDAC1,0.84,C=1CC(C(N(C1)CC2=CN(N=N2)C3=CC=CC=C3)=S)=O,Fraggle,0.30,Cn1nnnc1Sc2ncnc3scc(c4cccc5ccccc45)c23
1582,HDAC1,0.00,BrC=1C=CC(C2=NN(C=C2/C=C\C(=O)NC=3C=CC=CC3)C4=CC=CC=C4)=CC1,Fraggle,0.16,Brc1c(Br)c(Br)c2[nH]nnc2c1Br
1583,HDAC1,0.86,C1=C(C(C(F)(F)F)=O)SC(C=2OC(=NN2)C=3C=CC=CC3)=C1,Fraggle,0.67,Fc1ccc(cc1)C(=O)OCc1ccc(CSc2nnc(o2)-c2cccc3ccccc23)cc1
1584,HDAC1,0.86,C1=C(C(C(F)(F)F)=O)SC(C=2OC(=NN2)C=3C=CC=CC3)=C1,Fraggle,0.67,Fc1ccc(cc1)C(=O)OCc1ccc(CSc2nnc(o2)-c2cccc3ccccc23)cc1
1585,HDAC1,0.86,C1=C(C(C(F)(F)F)=O)SC(C=2OC(=NN2)C=3C=CC=CC3)=C1,Fraggle,0.67,Fc1ccc(cc1)C(=O)OCc1ccc(CSc2nnc(o2)-c2cccc3ccccc23)cc1
1586,HDAC1,0.00,BrC=1C=CC(C2=NN(C=C2/C=C\C(=O)NC=3C=CC=CC3)C4=CC=CC=C4)=CC1,Fraggle,0.16,Brc1c(Br)c(Br)c2[nH]nnc2c1Br
1587,HDAC1,0.00,BrC=1C=CC(C2=NN(C=C2/C=C\C(=O)NC=3C=CC=CC3)C4=CC=CC=C4)=CC1,Fraggle,0.16,Brc1c(Br)c(Br)c2[nH]nnc2c1Br
1588,HDAC1,0.84,C(CCCNC(NC(C1=CC=C(C=C1)NS(=O)(=O)C2=CC=CC=C2)=O)=O)CC(=NO)O,Fraggle,0.24,CCS(=O)(=O)NCC[C@@H]1CC[C@@H](NC(=O)C2CCCCC2)[C@H](CO)O1
1589,HDAC1,0.84,C(CCCNC(NC(C1=CC=C(C=C1)NS(=O)(=O)C2=CC=CC=C2)=O)=O)CC(=NO)O,Fraggle,0.24,CCS(=O)(=O)NCC[C@@H]1CC[C@@H](NC(=O)C2CCCCC2)[C@H](CO)O1
1590,HDAC1,0.84,C=1CC(C(N(C1)CC2=CN(N=N2)C3=CC=CC=C3)=S)=O,Fraggle,0.30,Cn1nnnc1Sc2ncnc3scc(c4cccc5ccccc45)c23
1591,HDAC1,0.86,C1=C(C(C(F)(F)F)=O)SC(C=2OC(=NN2)C=3C=CC=CC3)=C1,Fraggle,0.67,Fc1ccc(cc1)C(=O)OCc1ccc(CSc2nnc(o2)-c2cccc3ccccc23)cc1
1592,HDAC1,0.84,C(CCCNC(NC(C1=CC=C(C=C1)NS(=O)(=O)C2=CC=CC=C2)=O)=O)CC(=NO)O,Fraggle,0.24,CCS(=O)(=O)NCC[C@@H]1CC[C@@H](NC(=O)C2CCCCC2)[C@H](CO)O1
1593,HDAC1,0.88,O1C2(CCN(CC2)C=3N=CC(=CC3)C(=O)NC=4C=C(C5=CN(N=C5)C)C=CC4N)CNC1=O,Fraggle,0.36,COc1ccc(cc1)C2(CC2)C(=O)N3CCC(CC3)n4nc(oc4=O)c5ccccc5
1594,HDAC1,0.84,C(CCCNC(NC(C1=CC=C(C=C1)NS(=O)(=O)C2=CC=CC=C2)=O)=O)CC(=NO)O,Fraggle,0.24,CCS(=O)(=O)NCC[C@@H]1CC[C@@H](NC(=O)C2CCCCC2)[C@H](CO)O1
1595,HDAC1,0.85,S(=O)(=O)(NCCCC[C@H](NC(=O)CC=1C=2C(NC1C)=CC=C(OC)C2)C(=O)NC=3SC=C(N3)C4=CC=CC=C4)N,Fraggle,0.40,C[C@@H](CO)N1C[C@@H](C)[C@@H](CN(C)Cc2ccc(Cl)c(Cl)c2)Oc3c(NS(=O)(=O)c4cccs4)cccc3C1=O
1596,HDAC1,0.86,C1=C(C(C(F)(F)F)=O)SC(C=2OC(=NN2)C=3C=CC=CC3)=C1,Fraggle,0.67,Fc1ccc(cc1)C(=O)OCc1ccc(CSc2nnc(o2)-c2cccc3ccccc23)cc1
1597,HDAC1,0.85,C=1C=C(C=NC1N2C[C@@H](N(CC2)C(NCC3=CC=C(C=C3)OC)=O)C)C(NC=4C(=CC=CC4)N)=O,Fraggle,0.44,COc1c(N2CCNC(C)C2)c(F)cc2c1n(cc(C(O)=O)c2=O)C1CC1
1598,HDAC1,0.86,C1=C(C(C(F)(F)F)=O)SC(C=2OC(=NN2)C=3C=CC=CC3)=C1,Fraggle,0.67,Fc1ccc(cc1)C(=O)OCc1ccc(CSc2nnc(o2)-c2cccc3ccccc23)cc1
1599,HDAC1,0.84,C(CCCNC(NC(C1=CC=C(C=C1)NS(=O)(=O)C2=CC=CC=C2)=O)=O)CC(=NO)O,Fraggle,0.24,CCS(=O)(=O)NCC[C@@H]1CC[C@@H](NC(=O)C2CCCCC2)[C@H](CO)O1
1600,HDAC1,0.00,BrC=1C=CC(C2=NN(C=C2/C=C\C(=O)NC=3C=CC=CC3)C4=CC=CC=C4)=CC1,MACCS,0.53,Brc1c(Br)c(Br)c2[nH]nnc2c1Br
1601,HDAC1,0.86,C1=C(C(C(F)(F)F)=O)SC(C=2OC(=NN2)C=3C=CC=CC3)=C1,MACCS,0.64,Fc1ccc(cc1)C(=O)OCc1ccc(CSc2nnc(o2)-c2cccc3ccccc23)cc1
1602,HDAC1,0.84,C(CCCNC(NC(C1=CC=C(C=C1)NS(=O)(=O)C2=CC=CC=C2)=O)=O)CC(=NO)O,MACCS,0.67,CCS(=O)(=O)NCC[C@@H]1CC[C@@H](NC(=O)C2CCCCC2)[C@H](CO)O1
1603,HDAC1,0.86,C1=C(C(C(F)(F)F)=O)SC(C=2OC(=NN2)C=3C=CC=CC3)=C1,MACCS,0.64,Fc1ccc(cc1)C(=O)OCc1ccc(CSc2nnc(o2)-c2cccc3ccccc23)cc1
1604,HDAC1,0.84,C=1CC(C(N(C1)CC2=CN(N=N2)C3=CC=CC=C3)=S)=O,MACCS,0.56,Cn1nnnc1Sc2ncnc3scc(c4cccc5ccccc45)c23
1605,HDAC1,0.86,C1=C(C(C(F)(F)F)=O)SC(C=2OC(=NN2)C=3C=CC=CC3)=C1,MACCS,0.64,Fc1ccc(cc1)C(=O)OCc1ccc(CSc2nnc(o2)-c2cccc3ccccc23)cc1
1606,HDAC1,0.84,C(CCCNC(NC(C1=CC=C(C=C1)NS(=O)(=O)C2=CC=CC=C2)=O)=O)CC(=NO)O,MACCS,0.67,CCS(=O)(=O)NCC[C@@H]1CC[C@@H](NC(=O)C2CCCCC2)[C@H](CO)O1
1607,HDAC1,0.86,C1=C(C(C(F)(F)F)=O)SC(C=2OC(=NN2)C=3C=CC=CC3)=C1,MACCS,0.64,Fc1ccc(cc1)C(=O)OCc1ccc(CSc2nnc(o2)-c2cccc3ccccc23)cc1
1608,HDAC1,0.82,O1CCN(CC=2C=3C=4C(C(=O)N(CCCCCC(=O)NC=5C(N)=CC=CC5)C(=O)C4C=CC3)=CC2O)CC1,MACCS,0.70,C[C@@H](CO)N1C[C@@H](C)[C@H](CN(C)C(=O)CC2CC2)Oc3ncc(cc3C1=O)c4ccccc4C
1609,HDAC1,0.90,C1=CC(C=2NC([C@@H](NC(=O)CC3=C(NC4=C3C=C(C=C4)OC)C)CCCCCC(NS(C(F)(F)F)(=O)=O)=O)=NC2)=CC=5C1=CC=CC5,MACCS,0.65,C[C@@H](CO)N1C[C@@H](C)[C@H](CN(C)S(=O)(=O)c2cccc(F)c2)OCc3cn(CCCC1=O)nn3
1610,HDAC1,0.84,C(CCCNC(NC(C1=CC=C(C=C1)NS(=O)(=O)C2=CC=CC=C2)=O)=O)CC(=NO)O,MACCS,0.67,CCS(=O)(=O)NCC[C@@H]1CC[C@@H](NC(=O)C2CCCCC2)[C@H](CO)O1
1611,HDAC1,0.84,C(CCCNC(NC(C1=CC=C(C=C1)NS(=O)(=O)C2=CC=CC=C2)=O)=O)CC(=NO)O,MACCS,0.67,CCS(=O)(=O)NCC[C@@H]1CC[C@@H](NC(=O)C2CCCCC2)[C@H](CO)O1
1612,HDAC1,0.84,C(CCCNC(NC(C1=CC=C(C=C1)NS(=O)(=O)C2=CC=CC=C2)=O)=O)CC(=NO)O,MACCS,0.67,CCS(=O)(=O)NCC[C@@H]1CC[C@@H](NC(=O)C2CCCCC2)[C@H](CO)O1
1613,HDAC1,0.86,C1=C(C(C(F)(F)F)=O)SC(C=2OC(=NN2)C=3C=CC=CC3)=C1,MACCS,0.64,Fc1ccc(cc1)C(=O)OCc1ccc(CSc2nnc(o2)-c2cccc3ccccc23)cc1
1614,HDAC1,0.79,N1(C(C=2C=C(O)C(=CC2C1=O)CN3CCOCC3)=O)CCCCCC(NC=4C(N)=CC=CC4)=O,MACCS,0.78,OC[C@@H]1[C@H]2Cn3c(ccc(-c4ccncc4)c3=O)[C@H]2N(Cc2cocn2)[C@H]1C(=O)N1CCCCC1
1615,HDAC1,0.86,C1=C(C(C(F)(F)F)=O)SC(C=2OC(=NN2)C=3C=CC=CC3)=C1,MACCS,0.64,Fc1ccc(cc1)C(=O)OCc1ccc(CSc2nnc(o2)-c2cccc3ccccc23)cc1
1616,HDAC1,0.86,C1=C(C(C(F)(F)F)=O)SC(C=2OC(=NN2)C=3C=CC=CC3)=C1,MACCS,0.64,Fc1ccc(cc1)C(=O)OCc1ccc(CSc2nnc(o2)-c2cccc3ccccc23)cc1
1617,HDAC1,0.86,C1=C(C(C(F)(F)F)=O)SC(C=2OC(=NN2)C=3C=CC=CC3)=C1,MACCS,0.64,Fc1ccc(cc1)C(=O)OCc1ccc(CSc2nnc(o2)-c2cccc3ccccc23)cc1
1618,HDAC1,0.91,C1=CC(C=2NC([C@@H](NC(=O)CC3=C(NC4=C3C=C(C=C4)OC)C)CCCCCC(NS(C)(=O)=O)=O)=NC2)=CC=5C1=CC=CC5,MACCS,0.68,C[C@@H](CO)N1C[C@@H](C)[C@@H](CN(C)CC2CC2)OCCCC[C@@H](C)Oc3ccc(NS(=O)(=O)C)cc3C1=O
1619,HDAC1,0.84,C(CCCNC(NC(C1=CC=C(C=C1)NS(=O)(=O)C2=CC=CC=C2)=O)=O)CC(=NO)O,MACCS,0.67,CCS(=O)(=O)NCC[C@@H]1CC[C@@H](NC(=O)C2CCCCC2)[C@H](CO)O1
1620,HDAC1,0.00,BrC=1C=CC(C2=NN(C=C2/C=C\C(=O)NC=3C=CC=CC3)C4=CC=CC=C4)=CC1,MACCS,0.53,Brc1c(Br)c(Br)c2[nH]nnc2c1Br
1621,HDAC1,0.85,C=1C=C(C=NC1N2C[C@@H](N(CC2)C(NCC3=CC=C(C=C3)OC)=O)C)C(NC=4C(=CC=CC4)N)=O,MACCS,0.70,COc1c(N2CCNC(C)C2)c(F)cc2c1n(cc(C(O)=O)c2=O)C1CC1
1622,HDAC1,0.85,C=1C=C(C=NC1N2C[C@@H](N(CC2)C(NCC3=CC=C(C=C3)OC)=O)C)C(NC=4C(=CC=CC4)N)=O,MACCS,0.70,COc1c(N2CCNC(C)C2)c(F)cc2c1n(cc(C(O)=O)c2=O)C1CC1
1623,HDAC1,0.86,C1=C(C(C(F)(F)F)=O)SC(C=2OC(=NN2)C=3C=CC=CC3)=C1,MACCS,0.64,Fc1ccc(cc1)C(=O)OCc1ccc(CSc2nnc(o2)-c2cccc3ccccc23)cc1
1624,HDAC1,0.85,C=1C=C(C=NC1N2C[C@@H](N(CC2)C(NCC3=CC=C(C=C3)OC)=O)C)C(NC=4C(=CC=CC4)N)=O,MACCS,0.70,COc1c(N2CCNC(C)C2)c(F)cc2c1n(cc(C(O)=O)c2=O)C1CC1
1625,HDAC1,0.84,C(CCCNC(NC(C1=CC=C(C=C1)NS(=O)(=O)C2=CC=CC=C2)=O)=O)CC(=NO)O,MACCS,0.67,CCS(=O)(=O)NCC[C@@H]1CC[C@@H](NC(=O)C2CCCCC2)[C@H](CO)O1
1626,HDAC1,0.84,C=1CC(C(N(C1)CC2=CN(N=N2)C3=CC=CC=C3)=S)=O,MACCS,0.56,Cn1nnnc1Sc2ncnc3scc(c4cccc5ccccc45)c23
1627,HDAC1,0.86,C1=C(C(C(F)(F)F)=O)SC(C=2OC(=NN2)C=3C=CC=CC3)=C1,MACCS,0.64,Fc1ccc(cc1)C(=O)OCc1ccc(CSc2nnc(o2)-c2cccc3ccccc23)cc1
1628,HDAC1,0.79,N1(C(C=2C=C(O)C(=CC2C1=O)CN3CCOCC3)=O)CCCCCC(NC=4C(N)=CC=CC4)=O,MACCS,0.78,OC[C@@H]1[C@H]2Cn3c(ccc(-c4ccncc4)c3=O)[C@H]2N(Cc2cocn2)[C@H]1C(=O)N1CCCCC1
1629,HDAC1,0.84,C(CCCNC(NC(C1=CC=C(C=C1)NS(=O)(=O)C2=CC=CC=C2)=O)=O)CC(=NO)O,MACCS,0.67,CCS(=O)(=O)NCC[C@@H]1CC[C@@H](NC(=O)C2CCCCC2)[C@H](CO)O1
1630,HDAC1,0.84,C(CCCNC(NC(C1=CC=C(C=C1)NS(=O)(=O)C2=CC=CC=C2)=O)=O)CC(=NO)O,MACCS,0.67,CCS(=O)(=O)NCC[C@@H]1CC[C@@H](NC(=O)C2CCCCC2)[C@H](CO)O1
1631,HDAC1,0.86,C1=C(C(C(F)(F)F)=O)SC(C=2OC(=NN2)C=3C=CC=CC3)=C1,MACCS,0.64,Fc1ccc(cc1)C(=O)OCc1ccc(CSc2nnc(o2)-c2cccc3ccccc23)cc1
1632,HDAC1,0.00,BrC=1C=CC(C2=NN(C=C2/C=C\C(=O)NC=3C=CC=CC3)C4=CC=CC=C4)=CC1,MACCS,0.53,Brc1c(Br)c(Br)c2[nH]nnc2c1Br
1633,HDAC1,0.85,C=1C=C(C=NC1N2C[C@@H](N(CC2)C(NCC3=CC=C(C=C3)OC)=O)C)C(NC=4C(=CC=CC4)N)=O,MACCS,0.70,COc1c(N2CCNC(C)C2)c(F)cc2c1n(cc(C(O)=O)c2=O)C1CC1
1634,HDAC1,0.85,C=1C=C(C=NC1N2C[C@@H](N(CC2)C(NCC3=CC=C(C=C3)OC)=O)C)C(NC=4C(=CC=CC4)N)=O,MACCS,0.70,COc1c(N2CCNC(C)C2)c(F)cc2c1n(cc(C(O)=O)c2=O)C1CC1
1635,HDAC1,0.00,BrC=1C=CC(C2=NN(C=C2/C=C\C(=O)NC=3C=CC=CC3)C4=CC=CC=C4)=CC1,MACCS,0.53,Brc1c(Br)c(Br)c2[nH]nnc2c1Br
1636,HDAC1,0.77,O1CCN(CC=2C=3C=4C(C(=O)N(CCCCCC(=O)NC=5C(N)=CC=CC5)C(=O)C4C=CC3)=CC2O)CC1,MACCS,0.71,CCOC(=O)[C@H](CCc1ccccc1)N[C@@H](C)C(=O)N1Cc2ccccc2C[C@H]1C(O)=O
1637,HDAC1,0.86,C1=C(C(C(F)(F)F)=O)SC(C=2OC(=NN2)C=3C=CC=CC3)=C1,MACCS,0.64,Fc1ccc(cc1)C(=O)OCc1ccc(CSc2nnc(o2)-c2cccc3ccccc23)cc1
1638,HDAC1,0.84,C(CCCNC(NC(C1=CC=C(C=C1)NS(=O)(=O)C2=CC=CC=C2)=O)=O)CC(=NO)O,MACCS,0.67,CCS(=O)(=O)NCC[C@@H]1CC[C@@H](NC(=O)C2CCCCC2)[C@H](CO)O1
1639,HDAC1,0.86,C1=C(C(C(F)(F)F)=O)SC(C=2OC(=NN2)C=3C=CC=CC3)=C1,MACCS,0.64,Fc1ccc(cc1)C(=O)OCc1ccc(CSc2nnc(o2)-c2cccc3ccccc23)cc1
1640,HDAC1,0.86,C1=C(C(C(F)(F)F)=O)SC(C=2OC(=NN2)C=3C=CC=CC3)=C1,MACCS,0.64,Fc1ccc(cc1)C(=O)OCc1ccc(CSc2nnc(o2)-c2cccc3ccccc23)cc1
1641,HDAC1,0.86,C1=C(C(C(F)(F)F)=O)SC(C=2OC(=NN2)C=3C=CC=CC3)=C1,MACCS,0.64,Fc1ccc(cc1)C(=O)OCc1ccc(CSc2nnc(o2)-c2cccc3ccccc23)cc1
1642,HDAC1,0.86,C1=C(C(C(F)(F)F)=O)SC(C=2OC(=NN2)C=3C=CC=CC3)=C1,MACCS,0.64,Fc1ccc(cc1)C(=O)OCc1ccc(CSc2nnc(o2)-c2cccc3ccccc23)cc1
1643,HDAC1,0.79,N1(C(C=2C=C(O)C(=CC2C1=O)CN3CCOCC3)=O)CCCCCC(NC=4C(N)=CC=CC4)=O,MACCS,0.78,OC[C@@H]1[C@H]2Cn3c(ccc(-c4ccncc4)c3=O)[C@H]2N(Cc2cocn2)[C@H]1C(=O)N1CCCCC1
1644,HDAC1,0.85,C=1C=C(C=NC1N2C[C@@H](N(CC2)C(NCC3=CC=C(C=C3)OC)=O)C)C(NC=4C(=CC=CC4)N)=O,MACCS,0.70,COc1c(N2CCNC(C)C2)c(F)cc2c1n(cc(C(O)=O)c2=O)C1CC1
1645,HDAC1,0.86,C1=C(C(C(F)(F)F)=O)SC(C=2OC(=NN2)C=3C=CC=CC3)=C1,MACCS,0.64,Fc1ccc(cc1)C(=O)OCc1ccc(CSc2nnc(o2)-c2cccc3ccccc23)cc1
1646,HDAC1,0.86,C1=C(C(C(F)(F)F)=O)SC(C=2OC(=NN2)C=3C=CC=CC3)=C1,MACCS,0.64,Fc1ccc(cc1)C(=O)OCc1ccc(CSc2nnc(o2)-c2cccc3ccccc23)cc1
1647,HDAC1,0.86,C1=C(C(C(F)(F)F)=O)SC(C=2OC(=NN2)C=3C=CC=CC3)=C1,MACCS,0.64,Fc1ccc(cc1)C(=O)OCc1ccc(CSc2nnc(o2)-c2cccc3ccccc23)cc1
1648,HDAC1,0.88,O1C2(CCN(CC2)C=3N=CC(=CC3)C(=O)NC=4C=C(C5=CN(N=C5)C)C=CC4N)CNC1=O,MACCS,0.78,COc1ccc(cc1)C2(CC2)C(=O)N3CCC(CC3)n4nc(oc4=O)c5ccccc5
1649,HDAC1,0.86,C1=C(C(C(F)(F)F)=O)SC(C=2OC(=NN2)C=3C=CC=CC3)=C1,MACCS,0.64,Fc1ccc(cc1)C(=O)OCc1ccc(CSc2nnc(o2)-c2cccc3ccccc23)cc1
1650,HDAC1,0.86,C1=C(C(C(F)(F)F)=O)SC(C=2OC(=NN2)C=3C=CC=CC3)=C1,MACCS,0.64,Fc1ccc(cc1)C(=O)OCc1ccc(CSc2nnc(o2)-c2cccc3ccccc23)cc1
1651,HDAC1,0.86,C1=C(C(C(F)(F)F)=O)SC(C=2OC(=NN2)C=3C=CC=CC3)=C1,MACCS,0.64,Fc1ccc(cc1)C(=O)OCc1ccc(CSc2nnc(o2)-c2cccc3ccccc23)cc1
1652,HDAC1,0.85,C=1C=C(C=NC1N2C[C@@H](N(CC2)C(NCC3=CC=C(C=C3)OC)=O)C)C(NC=4C(=CC=CC4)N)=O,MACCS,0.70,COc1c(N2CCNC(C)C2)c(F)cc2c1n(cc(C(O)=O)c2=O)C1CC1
1653,HDAC1,0.86,C1=C(C(C(F)(F)F)=O)SC(C=2OC(=NN2)C=3C=CC=CC3)=C1,MACCS,0.64,Fc1ccc(cc1)C(=O)OCc1ccc(CSc2nnc(o2)-c2cccc3ccccc23)cc1
1654,HDAC1,0.84,C=1CC(C(N(C1)CC2=CN(N=N2)C3=CC=CC=C3)=S)=O,MACCS,0.56,Cn1nnnc1Sc2ncnc3scc(c4cccc5ccccc45)c23
1655,HDAC1,0.90,S1C(C2=NC(=NO2)CS(C3=CC=CS3)(=O)=O)=CC=C1C(=O)C(F)(F)F,MACCS,0.57,Cc1noc(C)c1C(c2ccccc2)S(=O)(=O)c3ccc(C)cc3
1656,HDAC1,0.85,C=1C=C(C=NC1N2C[C@@H](N(CC2)C(NCC3=CC=C(C=C3)OC)=O)C)C(NC=4C(=CC=CC4)N)=O,MACCS,0.70,COc1c(N2CCNC(C)C2)c(F)cc2c1n(cc(C(O)=O)c2=O)C1CC1
1657,HDAC1,0.82,O1CCN(CC=2C=3C=4C(C(=O)N(CCCCCC(=O)NC=5C(N)=CC=CC5)C(=O)C4C=CC3)=CC2O)CC1,MACCS,0.70,C[C@@H](CO)N1C[C@@H](C)[C@H](CN(C)C(=O)CC2CC2)Oc3ncc(cc3C1=O)c4ccccc4C
1658,HDAC1,0.84,C=1CC(C(N(C1)CC2=CN(N=N2)C3=CC=CC=C3)=S)=O,MACCS,0.56,Cn1nnnc1Sc2ncnc3scc(c4cccc5ccccc45)c23
1659,HDAC1,0.84,C(CCCNC(NC(C1=CC=C(C=C1)NS(=O)(=O)C2=CC=CC=C2)=O)=O)CC(=NO)O,MACCS,0.67,CCS(=O)(=O)NCC[C@@H]1CC[C@@H](NC(=O)C2CCCCC2)[C@H](CO)O1
1660,HDAC1,0.84,C(CCCNC(NC(C1=CC=C(C=C1)NS(=O)(=O)C2=CC=CC=C2)=O)=O)CC(=NO)O,MACCS,0.67,CCS(=O)(=O)NCC[C@@H]1CC[C@@H](NC(=O)C2CCCCC2)[C@H](CO)O1
1661,HDAC1,0.84,C(CCCNC(NC(C1=CC=C(C=C1)NS(=O)(=O)C2=CC=CC=C2)=O)=O)CC(=NO)O,MACCS,0.67,CCS(=O)(=O)NCC[C@@H]1CC[C@@H](NC(=O)C2CCCCC2)[C@H](CO)O1
1662,HDAC1,0.84,C(CCCNC(NC(C1=CC=C(C=C1)NS(=O)(=O)C2=CC=CC=C2)=O)=O)CC(=NO)O,MACCS,0.67,CCS(=O)(=O)NCC[C@@H]1CC[C@@H](NC(=O)C2CCCCC2)[C@H](CO)O1
1663,HDAC1,0.86,C1=C(C(C(F)(F)F)=O)SC(C=2OC(=NN2)C=3C=CC=CC3)=C1,MACCS,0.64,Fc1ccc(cc1)C(=O)OCc1ccc(CSc2nnc(o2)-c2cccc3ccccc23)cc1
1664,HDAC1,0.84,C=1CC(C(N(C1)CC2=CN(N=N2)C3=CC=CC=C3)=S)=O,MACCS,0.56,Cn1nnnc1Sc2ncnc3scc(c4cccc5ccccc45)c23
1665,HDAC1,0.84,C(CCCNC(NC(C1=CC=C(C=C1)NS(=O)(=O)C2=CC=CC=C2)=O)=O)CC(=NO)O,MACCS,0.67,CCS(=O)(=O)NCC[C@@H]1CC[C@@H](NC(=O)C2CCCCC2)[C@H](CO)O1
1666,HDAC1,0.84,C=1CC(C(N(C1)CC2=CN(N=N2)C3=CC=CC=C3)=S)=O,MACCS,0.56,Cn1nnnc1Sc2ncnc3scc(c4cccc5ccccc45)c23
1667,HDAC1,0.86,C1=C(C(C(F)(F)F)=O)SC(C=2OC(=NN2)C=3C=CC=CC3)=C1,MACCS,0.64,Fc1ccc(cc1)C(=O)OCc1ccc(CSc2nnc(o2)-c2cccc3ccccc23)cc1
1668,HDAC1,0.84,C(CCCNC(NC(C1=CC=C(C=C1)NS(=O)(=O)C2=CC=CC=C2)=O)=O)CC(=NO)O,MACCS,0.67,CCS(=O)(=O)NCC[C@@H]1CC[C@@H](NC(=O)C2CCCCC2)[C@H](CO)O1
1669,HDAC1,0.86,C1=C(C(C(F)(F)F)=O)SC(C=2OC(=NN2)C=3C=CC=CC3)=C1,MACCS,0.64,Fc1ccc(cc1)C(=O)OCc1ccc(CSc2nnc(o2)-c2cccc3ccccc23)cc1
1670,HDAC1,0.84,C=1CC(C(N(C1)CC2=CN(N=N2)C3=CC=CC=C3)=S)=O,MACCS,0.56,Cn1nnnc1Sc2ncnc3scc(c4cccc5ccccc45)c23
1671,HDAC1,0.85,C=1C=C(C=NC1N2C[C@@H](N(CC2)C(NCC3=CC=C(C=C3)OC)=O)C)C(NC=4C(=CC=CC4)N)=O,MACCS,0.70,COc1c(N2CCNC(C)C2)c(F)cc2c1n(cc(C(O)=O)c2=O)C1CC1
1672,HDAC1,0.91,C1=CC(C=2NC([C@@H](NC(=O)CC3=C(NC4=C3C=C(C=C4)OC)C)CCCCCC(NS(C)(=O)=O)=O)=NC2)=CC=5C1=CC=CC5,MACCS,0.68,C[C@@H](CO)N1C[C@@H](C)[C@@H](CN(C)CC2CC2)OCCCC[C@@H](C)Oc3ccc(NS(=O)(=O)C)cc3C1=O
1673,HDAC1,0.82,O1CCN(CC=2C=3C=4C(C(=O)N(CCCCCC(=O)NC=5C(N)=CC=CC5)C(=O)C4C=CC3)=CC2O)CC1,MACCS,0.70,C[C@@H](CO)N1C[C@@H](C)[C@H](CN(C)C(=O)CC2CC2)Oc3ncc(cc3C1=O)c4ccccc4C
1674,HDAC1,0.85,C=1C=C(C=NC1N2C[C@@H](N(CC2)C(NCC3=CC=C(C=C3)OC)=O)C)C(NC=4C(=CC=CC4)N)=O,MACCS,0.70,COc1c(N2CCNC(C)C2)c(F)cc2c1n(cc(C(O)=O)c2=O)C1CC1
1675,HDAC1,0.77,O1CCN(CC=2C=3C=4C(C(=O)N(CCCCCC(=O)NC=5C(N)=CC=CC5)C(=O)C4C=CC3)=CC2O)CC1,MACCS,0.71,CCOC(=O)[C@H](CCc1ccccc1)N[C@@H](C)C(=O)N1Cc2ccccc2C[C@H]1C(O)=O
1676,HDAC1,0.86,C1=C(C(C(F)(F)F)=O)SC(C=2OC(=NN2)C=3C=CC=CC3)=C1,MACCS,0.64,Fc1ccc(cc1)C(=O)OCc1ccc(CSc2nnc(o2)-c2cccc3ccccc23)cc1
1677,HDAC1,0.84,C(CCCNC(NC(C1=CC=C(C=C1)NS(=O)(=O)C2=CC=CC=C2)=O)=O)CC(=NO)O,MACCS,0.67,CCS(=O)(=O)NCC[C@@H]1CC[C@@H](NC(=O)C2CCCCC2)[C@H](CO)O1
1678,HDAC1,0.00,BrC=1C=CC(C2=NN(C=C2/C=C\C(=O)NC=3C=CC=CC3)C4=CC=CC=C4)=CC1,MACCS,0.53,Brc1c(Br)c(Br)c2[nH]nnc2c1Br
1679,HDAC1,0.82,O1CCN(CC=2C=3C=4C(C(=O)N(CCCCCC(=O)NC=5C(N)=CC=CC5)C(=O)C4C=CC3)=CC2O)CC1,MACCS,0.70,C[C@@H](CO)N1C[C@@H](C)[C@H](CN(C)C(=O)CC2CC2)Oc3ncc(cc3C1=O)c4ccccc4C
1680,HDAC1,0.86,C1=C(C(C(F)(F)F)=O)SC(C=2OC(=NN2)C=3C=CC=CC3)=C1,MACCS,0.64,Fc1ccc(cc1)C(=O)OCc1ccc(CSc2nnc(o2)-c2cccc3ccccc23)cc1
1681,HDAC1,0.84,C=1CC(C(N(C1)CC2=CN(N=N2)C3=CC=CC=C3)=S)=O,MACCS,0.56,Cn1nnnc1Sc2ncnc3scc(c4cccc5ccccc45)c23
1682,HDAC1,0.00,BrC=1C=CC(C2=NN(C=C2/C=C\C(=O)NC=3C=CC=CC3)C4=CC=CC=C4)=CC1,MACCS,0.53,Brc1c(Br)c(Br)c2[nH]nnc2c1Br
1683,HDAC1,0.86,C1=C(C(C(F)(F)F)=O)SC(C=2OC(=NN2)C=3C=CC=CC3)=C1,MACCS,0.64,Fc1ccc(cc1)C(=O)OCc1ccc(CSc2nnc(o2)-c2cccc3ccccc23)cc1
1684,HDAC1,0.86,C1=C(C(C(F)(F)F)=O)SC(C=2OC(=NN2)C=3C=CC=CC3)=C1,MACCS,0.64,Fc1ccc(cc1)C(=O)OCc1ccc(CSc2nnc(o2)-c2cccc3ccccc23)cc1
1685,HDAC1,0.86,C1=C(C(C(F)(F)F)=O)SC(C=2OC(=NN2)C=3C=CC=CC3)=C1,MACCS,0.64,Fc1ccc(cc1)C(=O)OCc1ccc(CSc2nnc(o2)-c2cccc3ccccc23)cc1
1686,HDAC1,0.00,BrC=1C=CC(C2=NN(C=C2/C=C\C(=O)NC=3C=CC=CC3)C4=CC=CC=C4)=CC1,MACCS,0.53,Brc1c(Br)c(Br)c2[nH]nnc2c1Br
1687,HDAC1,0.00,BrC=1C=CC(C2=NN(C=C2/C=C\C(=O)NC=3C=CC=CC3)C4=CC=CC=C4)=CC1,MACCS,0.53,Brc1c(Br)c(Br)c2[nH]nnc2c1Br
1688,HDAC1,0.84,C(CCCNC(NC(C1=CC=C(C=C1)NS(=O)(=O)C2=CC=CC=C2)=O)=O)CC(=NO)O,MACCS,0.67,CCS(=O)(=O)NCC[C@@H]1CC[C@@H](NC(=O)C2CCCCC2)[C@H](CO)O1
1689,HDAC1,0.84,C(CCCNC(NC(C1=CC=C(C=C1)NS(=O)(=O)C2=CC=CC=C2)=O)=O)CC(=NO)O,MACCS,0.67,CCS(=O)(=O)NCC[C@@H]1CC[C@@H](NC(=O)C2CCCCC2)[C@H](CO)O1
1690,HDAC1,0.84,C=1CC(C(N(C1)CC2=CN(N=N2)C3=CC=CC=C3)=S)=O,MACCS,0.56,Cn1nnnc1Sc2ncnc3scc(c4cccc5ccccc45)c23
1691,HDAC1,0.86,C1=C(C(C(F)(F)F)=O)SC(C=2OC(=NN2)C=3C=CC=CC3)=C1,MACCS,0.64,Fc1ccc(cc1)C(=O)OCc1ccc(CSc2nnc(o2)-c2cccc3ccccc23)cc1
1692,HDAC1,0.84,C(CCCNC(NC(C1=CC=C(C=C1)NS(=O)(=O)C2=CC=CC=C2)=O)=O)CC(=NO)O,MACCS,0.67,CCS(=O)(=O)NCC[C@@H]1CC[C@@H](NC(=O)C2CCCCC2)[C@H](CO)O1
1693,HDAC1,0.88,O1C2(CCN(CC2)C=3N=CC(=CC3)C(=O)NC=4C=C(C5=CN(N=C5)C)C=CC4N)CNC1=O,MACCS,0.78,COc1ccc(cc1)C2(CC2)C(=O)N3CCC(CC3)n4nc(oc4=O)c5ccccc5
1694,HDAC1,0.84,C(CCCNC(NC(C1=CC=C(C=C1)NS(=O)(=O)C2=CC=CC=C2)=O)=O)CC(=NO)O,MACCS,0.67,CCS(=O)(=O)NCC[C@@H]1CC[C@@H](NC(=O)C2CCCCC2)[C@H](CO)O1
1695,HDAC1,0.85,S(=O)(=O)(NCCCC[C@H](NC(=O)CC=1C=2C(NC1C)=CC=C(OC)C2)C(=O)NC=3SC=C(N3)C4=CC=CC=C4)N,MACCS,0.67,C[C@@H](CO)N1C[C@@H](C)[C@@H](CN(C)Cc2ccc(Cl)c(Cl)c2)Oc3c(NS(=O)(=O)c4cccs4)cccc3C1=O
1696,HDAC1,0.86,C1=C(C(C(F)(F)F)=O)SC(C=2OC(=NN2)C=3C=CC=CC3)=C1,MACCS,0.64,Fc1ccc(cc1)C(=O)OCc1ccc(CSc2nnc(o2)-c2cccc3ccccc23)cc1
1697,HDAC1,0.85,C=1C=C(C=NC1N2C[C@@H](N(CC2)C(NCC3=CC=C(C=C3)OC)=O)C)C(NC=4C(=CC=CC4)N)=O,MACCS,0.70,COc1c(N2CCNC(C)C2)c(F)cc2c1n(cc(C(O)=O)c2=O)C1CC1
1698,HDAC1,0.86,C1=C(C(C(F)(F)F)=O)SC(C=2OC(=NN2)C=3C=CC=CC3)=C1,MACCS,0.64,Fc1ccc(cc1)C(=O)OCc1ccc(CSc2nnc(o2)-c2cccc3ccccc23)cc1
1699,HDAC1,0.84,C(CCCNC(NC(C1=CC=C(C=C1)NS(=O)(=O)C2=CC=CC=C2)=O)=O)CC(=NO)O,MACCS,0.67,CCS(=O)(=O)NCC[C@@H]1CC[C@@H](NC(=O)C2CCCCC2)[C@H](CO)O1
1700,HDAC1,0.00,C=1(C(=CC(C/C(=N\O)/C(=O)NCCS)=CC1Br)Br)O,Morgan,0.08,Brc1c(Br)c(Br)c2[nH]nnc2c1Br
1701,HDAC1,0.86,C=1(CSC=2OC(=NN2)C=3C=CC=CC3)C=CC(C(=O)NC=4C(=CC=CC4)N)=CC1,Morgan,0.39,Fc1ccc(cc1)C(=O)OCc1ccc(CSc2nnc(o2)-c2cccc3ccccc23)cc1
1702,HDAC1,0.84,C(S)CCCC[C@@H](C(NC1CCCC1)=O)NC(=O)OC2CCCCC2,Morgan,0.22,CCS(=O)(=O)NCC[C@@H]1CC[C@@H](NC(=O)C2CCCCC2)[C@H](CO)O1
1703,HDAC1,0.86,C=1(CSC=2OC(=NN2)C=3C=CC=CC3)C=CC(C(=O)NC=4C(=CC=CC4)N)=CC1,Morgan,0.39,Fc1ccc(cc1)C(=O)OCc1ccc(CSc2nnc(o2)-c2cccc3ccccc23)cc1
1704,HDAC1,0.84,S(C1=CC=CC=2C1=CC=CC2)(=O)(=O)NC3=CC=C4C(=C3)SC(=C4)C(O)=NO,Morgan,0.23,Cn1nnnc1Sc2ncnc3scc(c4cccc5ccccc45)c23
1705,HDAC1,0.86,C=1(CSC=2OC(=NN2)C=3C=CC=CC3)C=CC(C(=O)NC=4C(=CC=CC4)N)=CC1,Morgan,0.39,Fc1ccc(cc1)C(=O)OCc1ccc(CSc2nnc(o2)-c2cccc3ccccc23)cc1
1706,HDAC1,0.84,C(S)CCCC[C@@H](C(NC1CCCC1)=O)NC(=O)OC2CCCCC2,Morgan,0.22,CCS(=O)(=O)NCC[C@@H]1CC[C@@H](NC(=O)C2CCCCC2)[C@H](CO)O1
1707,HDAC1,0.86,C=1(CSC=2OC(=NN2)C=3C=CC=CC3)C=CC(C(=O)NC=4C(=CC=CC4)N)=CC1,Morgan,0.39,Fc1ccc(cc1)C(=O)OCc1ccc(CSc2nnc(o2)-c2cccc3ccccc23)cc1
1708,HDAC1,0.82,C=1CC(C(N(C1)CC2=CC=C(C=C2)C3=CC=CC=C3C)=S)=O,Morgan,0.23,C[C@@H](CO)N1C[C@@H](C)[C@H](CN(C)C(=O)CC2CC2)Oc3ncc(cc3C1=O)c4ccccc4C
1709,HDAC1,0.90,C=1(S(N(C2=CC=C(C=C2)OC)C)(=O)=O)C=C(C(CSC(SCC)=S)=O)C=CC1,Morgan,0.18,C[C@@H](CO)N1C[C@@H](C)[C@H](CN(C)S(=O)(=O)c2cccc(F)c2)OCc3cn(CCCC1=O)nn3
1710,HDAC1,0.84,C(S)CCCC[C@@H](C(NC1CCCC1)=O)NC(=O)OC2CCCCC2,Morgan,0.22,CCS(=O)(=O)NCC[C@@H]1CC[C@@H](NC(=O)C2CCCCC2)[C@H](CO)O1
1711,HDAC1,0.84,C(S)CCCC[C@@H](C(NC1CCCC1)=O)NC(=O)OC2CCCCC2,Morgan,0.22,CCS(=O)(=O)NCC[C@@H]1CC[C@@H](NC(=O)C2CCCCC2)[C@H](CO)O1
1712,HDAC1,0.84,C(S)CCCC[C@@H](C(NC1CCCC1)=O)NC(=O)OC2CCCCC2,Morgan,0.22,CCS(=O)(=O)NCC[C@@H]1CC[C@@H](NC(=O)C2CCCCC2)[C@H](CO)O1
1713,HDAC1,0.86,C=1(CSC=2OC(=NN2)C=3C=CC=CC3)C=CC(C(=O)NC=4C(=CC=CC4)N)=CC1,Morgan,0.39,Fc1ccc(cc1)C(=O)OCc1ccc(CSc2nnc(o2)-c2cccc3ccccc23)cc1
1714,HDAC1,0.79,C=1CC(C(N(C1)CC2=CC=C(C=C2)C=3C=CN=CC3)=S)=O,Morgan,0.21,OC[C@@H]1[C@H]2Cn3c(ccc(-c4ccncc4)c3=O)[C@H]2N(Cc2cocn2)[C@H]1C(=O)N1CCCCC1
1715,HDAC1,0.86,C=1(CSC=2OC(=NN2)C=3C=CC=CC3)C=CC(C(=O)NC=4C(=CC=CC4)N)=CC1,Morgan,0.39,Fc1ccc(cc1)C(=O)OCc1ccc(CSc2nnc(o2)-c2cccc3ccccc23)cc1
1716,HDAC1,0.86,C=1(CSC=2OC(=NN2)C=3C=CC=CC3)C=CC(C(=O)NC=4C(=CC=CC4)N)=CC1,Morgan,0.39,Fc1ccc(cc1)C(=O)OCc1ccc(CSc2nnc(o2)-c2cccc3ccccc23)cc1
1717,HDAC1,0.86,C=1(CSC=2OC(=NN2)C=3C=CC=CC3)C=CC(C(=O)NC=4C(=CC=CC4)N)=CC1,Morgan,0.39,Fc1ccc(cc1)C(=O)OCc1ccc(CSc2nnc(o2)-c2cccc3ccccc23)cc1
1718,HDAC1,0.91,C=1C=CC=C2C1OCCCCCCCOC(C(=O)N2)CCCCCC(=NO)O,Morgan,0.16,C[C@@H](CO)N1C[C@@H](C)[C@@H](CN(C)CC2CC2)OCCCC[C@@H](C)Oc3ccc(NS(=O)(=O)C)cc3C1=O
1719,HDAC1,0.84,C(S)CCCC[C@@H](C(NC1CCCC1)=O)NC(=O)OC2CCCCC2,Morgan,0.22,CCS(=O)(=O)NCC[C@@H]1CC[C@@H](NC(=O)C2CCCCC2)[C@H](CO)O1
1720,HDAC1,0.00,C=1(C(=CC(C/C(=N\O)/C(=O)NCCS)=CC1Br)Br)O,Morgan,0.08,Brc1c(Br)c(Br)c2[nH]nnc2c1Br
1721,HDAC1,0.85,C=1C=C(C(NC2=CC=CC=C2N)=O)C=NC1N3CCN[C@H](C3)C,Morgan,0.21,COc1c(N2CCNC(C)C2)c(F)cc2c1n(cc(C(O)=O)c2=O)C1CC1
1722,HDAC1,0.85,C=1C=C(C(NC2=CC=CC=C2N)=O)C=NC1N3CCN[C@H](C3)C,Morgan,0.21,COc1c(N2CCNC(C)C2)c(F)cc2c1n(cc(C(O)=O)c2=O)C1CC1
1723,HDAC1,0.86,C=1(CSC=2OC(=NN2)C=3C=CC=CC3)C=CC(C(=O)NC=4C(=CC=CC4)N)=CC1,Morgan,0.39,Fc1ccc(cc1)C(=O)OCc1ccc(CSc2nnc(o2)-c2cccc3ccccc23)cc1
1724,HDAC1,0.85,C=1C=C(C(NC2=CC=CC=C2N)=O)C=NC1N3CCN[C@H](C3)C,Morgan,0.21,COc1c(N2CCNC(C)C2)c(F)cc2c1n(cc(C(O)=O)c2=O)C1CC1
1725,HDAC1,0.84,C(S)CCCC[C@@H](C(NC1CCCC1)=O)NC(=O)OC2CCCCC2,Morgan,0.22,CCS(=O)(=O)NCC[C@@H]1CC[C@@H](NC(=O)C2CCCCC2)[C@H](CO)O1
1726,HDAC1,0.84,S(C1=CC=CC=2C1=CC=CC2)(=O)(=O)NC3=CC=C4C(=C3)SC(=C4)C(O)=NO,Morgan,0.23,Cn1nnnc1Sc2ncnc3scc(c4cccc5ccccc45)c23
1727,HDAC1,0.86,C=1(CSC=2OC(=NN2)C=3C=CC=CC3)C=CC(C(=O)NC=4C(=CC=CC4)N)=CC1,Morgan,0.39,Fc1ccc(cc1)C(=O)OCc1ccc(CSc2nnc(o2)-c2cccc3ccccc23)cc1
1728,HDAC1,0.79,C=1CC(C(N(C1)CC2=CC=C(C=C2)C=3C=CN=CC3)=S)=O,Morgan,0.21,OC[C@@H]1[C@H]2Cn3c(ccc(-c4ccncc4)c3=O)[C@H]2N(Cc2cocn2)[C@H]1C(=O)N1CCCCC1
1729,HDAC1,0.84,C(S)CCCC[C@@H](C(NC1CCCC1)=O)NC(=O)OC2CCCCC2,Morgan,0.22,CCS(=O)(=O)NCC[C@@H]1CC[C@@H](NC(=O)C2CCCCC2)[C@H](CO)O1
1730,HDAC1,0.84,C(S)CCCC[C@@H](C(NC1CCCC1)=O)NC(=O)OC2CCCCC2,Morgan,0.22,CCS(=O)(=O)NCC[C@@H]1CC[C@@H](NC(=O)C2CCCCC2)[C@H](CO)O1
1731,HDAC1,0.86,C=1(CSC=2OC(=NN2)C=3C=CC=CC3)C=CC(C(=O)NC=4C(=CC=CC4)N)=CC1,Morgan,0.39,Fc1ccc(cc1)C(=O)OCc1ccc(CSc2nnc(o2)-c2cccc3ccccc23)cc1
1732,HDAC1,0.00,C=1(C(=CC(C/C(=N\O)/C(=O)NCCS)=CC1Br)Br)O,Morgan,0.08,Brc1c(Br)c(Br)c2[nH]nnc2c1Br
1733,HDAC1,0.85,C=1C=C(C(NC2=CC=CC=C2N)=O)C=NC1N3CCN[C@H](C3)C,Morgan,0.21,COc1c(N2CCNC(C)C2)c(F)cc2c1n(cc(C(O)=O)c2=O)C1CC1
1734,HDAC1,0.85,C=1C=C(C(NC2=CC=CC=C2N)=O)C=NC1N3CCN[C@H](C3)C,Morgan,0.21,COc1c(N2CCNC(C)C2)c(F)cc2c1n(cc(C(O)=O)c2=O)C1CC1
1735,HDAC1,0.00,C=1(C(=CC(C/C(=N\O)/C(=O)NCCS)=CC1Br)Br)O,Morgan,0.08,Brc1c(Br)c(Br)c2[nH]nnc2c1Br
1736,HDAC1,0.77,O=C(NC=1C=CC=CC1)[C@@H](NC(OCC2=CC=CC=C2)=O)CCCCCC(O)=NO,Morgan,0.28,CCOC(=O)[C@H](CCc1ccccc1)N[C@@H](C)C(=O)N1Cc2ccccc2C[C@H]1C(O)=O
1737,HDAC1,0.86,C=1(CSC=2OC(=NN2)C=3C=CC=CC3)C=CC(C(=O)NC=4C(=CC=CC4)N)=CC1,Morgan,0.39,Fc1ccc(cc1)C(=O)OCc1ccc(CSc2nnc(o2)-c2cccc3ccccc23)cc1
1738,HDAC1,0.84,C(S)CCCC[C@@H](C(NC1CCCC1)=O)NC(=O)OC2CCCCC2,Morgan,0.22,CCS(=O)(=O)NCC[C@@H]1CC[C@@H](NC(=O)C2CCCCC2)[C@H](CO)O1
1739,HDAC1,0.86,C=1(CSC=2OC(=NN2)C=3C=CC=CC3)C=CC(C(=O)NC=4C(=CC=CC4)N)=CC1,Morgan,0.39,Fc1ccc(cc1)C(=O)OCc1ccc(CSc2nnc(o2)-c2cccc3ccccc23)cc1
1740,HDAC1,0.86,C=1(CSC=2OC(=NN2)C=3C=CC=CC3)C=CC(C(=O)NC=4C(=CC=CC4)N)=CC1,Morgan,0.39,Fc1ccc(cc1)C(=O)OCc1ccc(CSc2nnc(o2)-c2cccc3ccccc23)cc1
1741,HDAC1,0.86,C=1(CSC=2OC(=NN2)C=3C=CC=CC3)C=CC(C(=O)NC=4C(=CC=CC4)N)=CC1,Morgan,0.39,Fc1ccc(cc1)C(=O)OCc1ccc(CSc2nnc(o2)-c2cccc3ccccc23)cc1
1742,HDAC1,0.86,C=1(CSC=2OC(=NN2)C=3C=CC=CC3)C=CC(C(=O)NC=4C(=CC=CC4)N)=CC1,Morgan,0.39,Fc1ccc(cc1)C(=O)OCc1ccc(CSc2nnc(o2)-c2cccc3ccccc23)cc1
1743,HDAC1,0.79,C=1CC(C(N(C1)CC2=CC=C(C=C2)C=3C=CN=CC3)=S)=O,Morgan,0.21,OC[C@@H]1[C@H]2Cn3c(ccc(-c4ccncc4)c3=O)[C@H]2N(Cc2cocn2)[C@H]1C(=O)N1CCCCC1
1744,HDAC1,0.85,C=1C=C(C(NC2=CC=CC=C2N)=O)C=NC1N3CCN[C@H](C3)C,Morgan,0.21,COc1c(N2CCNC(C)C2)c(F)cc2c1n(cc(C(O)=O)c2=O)C1CC1
1745,HDAC1,0.86,C=1(CSC=2OC(=NN2)C=3C=CC=CC3)C=CC(C(=O)NC=4C(=CC=CC4)N)=CC1,Morgan,0.39,Fc1ccc(cc1)C(=O)OCc1ccc(CSc2nnc(o2)-c2cccc3ccccc23)cc1
1746,HDAC1,0.86,C=1(CSC=2OC(=NN2)C=3C=CC=CC3)C=CC(C(=O)NC=4C(=CC=CC4)N)=CC1,Morgan,0.39,Fc1ccc(cc1)C(=O)OCc1ccc(CSc2nnc(o2)-c2cccc3ccccc23)cc1
1747,HDAC1,0.86,C=1(CSC=2OC(=NN2)C=3C=CC=CC3)C=CC(C(=O)NC=4C(=CC=CC4)N)=CC1,Morgan,0.39,Fc1ccc(cc1)C(=O)OCc1ccc(CSc2nnc(o2)-c2cccc3ccccc23)cc1
1748,HDAC1,0.88,C=1C=C(SC1C(N2CCC(CC2)C3=NN=C(O3)C=4C=CC=CC4)=O)C(=O)C(F)(F)F,Morgan,0.31,COc1ccc(cc1)C2(CC2)C(=O)N3CCC(CC3)n4nc(oc4=O)c5ccccc5
1749,HDAC1,0.86,C=1(CSC=2OC(=NN2)C=3C=CC=CC3)C=CC(C(=O)NC=4C(=CC=CC4)N)=CC1,Morgan,0.39,Fc1ccc(cc1)C(=O)OCc1ccc(CSc2nnc(o2)-c2cccc3ccccc23)cc1
1750,HDAC1,0.86,C=1(CSC=2OC(=NN2)C=3C=CC=CC3)C=CC(C(=O)NC=4C(=CC=CC4)N)=CC1,Morgan,0.39,Fc1ccc(cc1)C(=O)OCc1ccc(CSc2nnc(o2)-c2cccc3ccccc23)cc1
1751,HDAC1,0.86,C=1(CSC=2OC(=NN2)C=3C=CC=CC3)C=CC(C(=O)NC=4C(=CC=CC4)N)=CC1,Morgan,0.39,Fc1ccc(cc1)C(=O)OCc1ccc(CSc2nnc(o2)-c2cccc3ccccc23)cc1
1752,HDAC1,0.85,C=1C=C(C(NC2=CC=CC=C2N)=O)C=NC1N3CCN[C@H](C3)C,Morgan,0.21,COc1c(N2CCNC(C)C2)c(F)cc2c1n(cc(C(O)=O)c2=O)C1CC1
1753,HDAC1,0.86,C=1(CSC=2OC(=NN2)C=3C=CC=CC3)C=CC(C(=O)NC=4C(=CC=CC4)N)=CC1,Morgan,0.39,Fc1ccc(cc1)C(=O)OCc1ccc(CSc2nnc(o2)-c2cccc3ccccc23)cc1
1754,HDAC1,0.84,S(C1=CC=CC=2C1=CC=CC2)(=O)(=O)NC3=CC=C4C(=C3)SC(=C4)C(O)=NO,Morgan,0.23,Cn1nnnc1Sc2ncnc3scc(c4cccc5ccccc45)c23
1755,HDAC1,0.90,S(NC1=CC=C(/C=C/C(NC=2C(N)=CC=CC2)=O)C=C1)(C3=CC=C(C=C3)C)(=O)=O,Morgan,0.29,Cc1noc(C)c1C(c2ccccc2)S(=O)(=O)c3ccc(C)cc3
1756,HDAC1,0.85,C=1C=C(C(NC2=CC=CC=C2N)=O)C=NC1N3CCN[C@H](C3)C,Morgan,0.21,COc1c(N2CCNC(C)C2)c(F)cc2c1n(cc(C(O)=O)c2=O)C1CC1
1757,HDAC1,0.82,C=1CC(C(N(C1)CC2=CC=C(C=C2)C3=CC=CC=C3C)=S)=O,Morgan,0.23,C[C@@H](CO)N1C[C@@H](C)[C@H](CN(C)C(=O)CC2CC2)Oc3ncc(cc3C1=O)c4ccccc4C
1758,HDAC1,0.84,S(C1=CC=CC=2C1=CC=CC2)(=O)(=O)NC3=CC=C4C(=C3)SC(=C4)C(O)=NO,Morgan,0.23,Cn1nnnc1Sc2ncnc3scc(c4cccc5ccccc45)c23
1759,HDAC1,0.84,C(S)CCCC[C@@H](C(NC1CCCC1)=O)NC(=O)OC2CCCCC2,Morgan,0.22,CCS(=O)(=O)NCC[C@@H]1CC[C@@H](NC(=O)C2CCCCC2)[C@H](CO)O1
1760,HDAC1,0.84,C(S)CCCC[C@@H](C(NC1CCCC1)=O)NC(=O)OC2CCCCC2,Morgan,0.22,CCS(=O)(=O)NCC[C@@H]1CC[C@@H](NC(=O)C2CCCCC2)[C@H](CO)O1
1761,HDAC1,0.84,C(S)CCCC[C@@H](C(NC1CCCC1)=O)NC(=O)OC2CCCCC2,Morgan,0.22,CCS(=O)(=O)NCC[C@@H]1CC[C@@H](NC(=O)C2CCCCC2)[C@H](CO)O1
1762,HDAC1,0.84,C(S)CCCC[C@@H](C(NC1CCCC1)=O)NC(=O)OC2CCCCC2,Morgan,0.22,CCS(=O)(=O)NCC[C@@H]1CC[C@@H](NC(=O)C2CCCCC2)[C@H](CO)O1
1763,HDAC1,0.86,C=1(CSC=2OC(=NN2)C=3C=CC=CC3)C=CC(C(=O)NC=4C(=CC=CC4)N)=CC1,Morgan,0.39,Fc1ccc(cc1)C(=O)OCc1ccc(CSc2nnc(o2)-c2cccc3ccccc23)cc1
1764,HDAC1,0.84,S(C1=CC=CC=2C1=CC=CC2)(=O)(=O)NC3=CC=C4C(=C3)SC(=C4)C(O)=NO,Morgan,0.23,Cn1nnnc1Sc2ncnc3scc(c4cccc5ccccc45)c23
1765,HDAC1,0.84,C(S)CCCC[C@@H](C(NC1CCCC1)=O)NC(=O)OC2CCCCC2,Morgan,0.22,CCS(=O)(=O)NCC[C@@H]1CC[C@@H](NC(=O)C2CCCCC2)[C@H](CO)O1
1766,HDAC1,0.84,S(C1=CC=CC=2C1=CC=CC2)(=O)(=O)NC3=CC=C4C(=C3)SC(=C4)C(O)=NO,Morgan,0.23,Cn1nnnc1Sc2ncnc3scc(c4cccc5ccccc45)c23
1767,HDAC1,0.86,C=1(CSC=2OC(=NN2)C=3C=CC=CC3)C=CC(C(=O)NC=4C(=CC=CC4)N)=CC1,Morgan,0.39,Fc1ccc(cc1)C(=O)OCc1ccc(CSc2nnc(o2)-c2cccc3ccccc23)cc1
1768,HDAC1,0.84,C(S)CCCC[C@@H](C(NC1CCCC1)=O)NC(=O)OC2CCCCC2,Morgan,0.22,CCS(=O)(=O)NCC[C@@H]1CC[C@@H](NC(=O)C2CCCCC2)[C@H](CO)O1
1769,HDAC1,0.86,C=1(CSC=2OC(=NN2)C=3C=CC=CC3)C=CC(C(=O)NC=4C(=CC=CC4)N)=CC1,Morgan,0.39,Fc1ccc(cc1)C(=O)OCc1ccc(CSc2nnc(o2)-c2cccc3ccccc23)cc1
1770,HDAC1,0.84,S(C1=CC=CC=2C1=CC=CC2)(=O)(=O)NC3=CC=C4C(=C3)SC(=C4)C(O)=NO,Morgan,0.23,Cn1nnnc1Sc2ncnc3scc(c4cccc5ccccc45)c23
1771,HDAC1,0.85,C=1C=C(C(NC2=CC=CC=C2N)=O)C=NC1N3CCN[C@H](C3)C,Morgan,0.21,COc1c(N2CCNC(C)C2)c(F)cc2c1n(cc(C(O)=O)c2=O)C1CC1
1772,HDAC1,0.91,C=1C=CC=C2C1OCCCCCCCOC(C(=O)N2)CCCCCC(=NO)O,Morgan,0.16,C[C@@H](CO)N1C[C@@H](C)[C@@H](CN(C)CC2CC2)OCCCC[C@@H](C)Oc3ccc(NS(=O)(=O)C)cc3C1=O
1773,HDAC1,0.82,C=1CC(C(N(C1)CC2=CC=C(C=C2)C3=CC=CC=C3C)=S)=O,Morgan,0.23,C[C@@H](CO)N1C[C@@H](C)[C@H](CN(C)C(=O)CC2CC2)Oc3ncc(cc3C1=O)c4ccccc4C
1774,HDAC1,0.85,C=1C=C(C(NC2=CC=CC=C2N)=O)C=NC1N3CCN[C@H](C3)C,Morgan,0.21,COc1c(N2CCNC(C)C2)c(F)cc2c1n(cc(C(O)=O)c2=O)C1CC1
1775,HDAC1,0.77,O=C(NC=1C=CC=CC1)[C@@H](NC(OCC2=CC=CC=C2)=O)CCCCCC(O)=NO,Morgan,0.28,CCOC(=O)[C@H](CCc1ccccc1)N[C@@H](C)C(=O)N1Cc2ccccc2C[C@H]1C(O)=O
1776,HDAC1,0.86,C=1(CSC=2OC(=NN2)C=3C=CC=CC3)C=CC(C(=O)NC=4C(=CC=CC4)N)=CC1,Morgan,0.39,Fc1ccc(cc1)C(=O)OCc1ccc(CSc2nnc(o2)-c2cccc3ccccc23)cc1
1777,HDAC1,0.84,C(S)CCCC[C@@H](C(NC1CCCC1)=O)NC(=O)OC2CCCCC2,Morgan,0.22,CCS(=O)(=O)NCC[C@@H]1CC[C@@H](NC(=O)C2CCCCC2)[C@H](CO)O1
1778,HDAC1,0.00,C=1(C(=CC(C/C(=N\O)/C(=O)NCCS)=CC1Br)Br)O,Morgan,0.08,Brc1c(Br)c(Br)c2[nH]nnc2c1Br
1779,HDAC1,0.82,C=1CC(C(N(C1)CC2=CC=C(C=C2)C3=CC=CC=C3C)=S)=O,Morgan,0.23,C[C@@H](CO)N1C[C@@H](C)[C@H](CN(C)C(=O)CC2CC2)Oc3ncc(cc3C1=O)c4ccccc4C
1780,HDAC1,0.86,C=1(CSC=2OC(=NN2)C=3C=CC=CC3)C=CC(C(=O)NC=4C(=CC=CC4)N)=CC1,Morgan,0.39,Fc1ccc(cc1)C(=O)OCc1ccc(CSc2nnc(o2)-c2cccc3ccccc23)cc1
1781,HDAC1,0.84,S(C1=CC=CC=2C1=CC=CC2)(=O)(=O)NC3=CC=C4C(=C3)SC(=C4)C(O)=NO,Morgan,0.23,Cn1nnnc1Sc2ncnc3scc(c4cccc5ccccc45)c23
1782,HDAC1,0.00,C=1(C(=CC(C/C(=N\O)/C(=O)NCCS)=CC1Br)Br)O,Morgan,0.08,Brc1c(Br)c(Br)c2[nH]nnc2c1Br
1783,HDAC1,0.86,C=1(CSC=2OC(=NN2)C=3C=CC=CC3)C=CC(C(=O)NC=4C(=CC=CC4)N)=CC1,Morgan,0.39,Fc1ccc(cc1)C(=O)OCc1ccc(CSc2nnc(o2)-c2cccc3ccccc23)cc1
1784,HDAC1,0.86,C=1(CSC=2OC(=NN2)C=3C=CC=CC3)C=CC(C(=O)NC=4C(=CC=CC4)N)=CC1,Morgan,0.39,Fc1ccc(cc1)C(=O)OCc1ccc(CSc2nnc(o2)-c2cccc3ccccc23)cc1
1785,HDAC1,0.86,C=1(CSC=2OC(=NN2)C=3C=CC=CC3)C=CC(C(=O)NC=4C(=CC=CC4)N)=CC1,Morgan,0.39,Fc1ccc(cc1)C(=O)OCc1ccc(CSc2nnc(o2)-c2cccc3ccccc23)cc1
1786,HDAC1,0.00,C=1(C(=CC(C/C(=N\O)/C(=O)NCCS)=CC1Br)Br)O,Morgan,0.08,Brc1c(Br)c(Br)c2[nH]nnc2c1Br
1787,HDAC1,0.00,C=1(C(=CC(C/C(=N\O)/C(=O)NCCS)=CC1Br)Br)O,Morgan,0.08,Brc1c(Br)c(Br)c2[nH]nnc2c1Br
1788,HDAC1,0.84,C(S)CCCC[C@@H](C(NC1CCCC1)=O)NC(=O)OC2CCCCC2,Morgan,0.22,CCS(=O)(=O)NCC[C@@H]1CC[C@@H](NC(=O)C2CCCCC2)[C@H](CO)O1
1789,HDAC1,0.84,C(S)CCCC[C@@H](C(NC1CCCC1)=O)NC(=O)OC2CCCCC2,Morgan,0.22,CCS(=O)(=O)NCC[C@@H]1CC[C@@H](NC(=O)C2CCCCC2)[C@H](CO)O1
1790,HDAC1,0.84,S(C1=CC=CC=2C1=CC=CC2)(=O)(=O)NC3=CC=C4C(=C3)SC(=C4)C(O)=NO,Morgan,0.23,Cn1nnnc1Sc2ncnc3scc(c4cccc5ccccc45)c23
1791,HDAC1,0.86,C=1(CSC=2OC(=NN2)C=3C=CC=CC3)C=CC(C(=O)NC=4C(=CC=CC4)N)=CC1,Morgan,0.39,Fc1ccc(cc1)C(=O)OCc1ccc(CSc2nnc(o2)-c2cccc3ccccc23)cc1
1792,HDAC1,0.84,C(S)CCCC[C@@H](C(NC1CCCC1)=O)NC(=O)OC2CCCCC2,Morgan,0.22,CCS(=O)(=O)NCC[C@@H]1CC[C@@H](NC(=O)C2CCCCC2)[C@H](CO)O1
1793,HDAC1,0.88,C=1C=C(SC1C(N2CCC(CC2)C3=NN=C(O3)C=4C=CC=CC4)=O)C(=O)C(F)(F)F,Morgan,0.31,COc1ccc(cc1)C2(CC2)C(=O)N3CCC(CC3)n4nc(oc4=O)c5ccccc5
1794,HDAC1,0.84,C(S)CCCC[C@@H](C(NC1CCCC1)=O)NC(=O)OC2CCCCC2,Morgan,0.22,CCS(=O)(=O)NCC[C@@H]1CC[C@@H](NC(=O)C2CCCCC2)[C@H](CO)O1
1795,HDAC1,0.85,S(C=1C=C(Cl)C(=CC1)Cl)(NC=2C=CC(/C=C/C(O)=NO)=CC2)(=O)=O,Morgan,0.21,C[C@@H](CO)N1C[C@@H](C)[C@@H](CN(C)Cc2ccc(Cl)c(Cl)c2)Oc3c(NS(=O)(=O)c4cccs4)cccc3C1=O
1796,HDAC1,0.86,C=1(CSC=2OC(=NN2)C=3C=CC=CC3)C=CC(C(=O)NC=4C(=CC=CC4)N)=CC1,Morgan,0.39,Fc1ccc(cc1)C(=O)OCc1ccc(CSc2nnc(o2)-c2cccc3ccccc23)cc1
1797,HDAC1,0.85,C=1C=C(C(NC2=CC=CC=C2N)=O)C=NC1N3CCN[C@H](C3)C,Morgan,0.21,COc1c(N2CCNC(C)C2)c(F)cc2c1n(cc(C(O)=O)c2=O)C1CC1
1798,HDAC1,0.86,C=1(CSC=2OC(=NN2)C=3C=CC=CC3)C=CC(C(=O)NC=4C(=CC=CC4)N)=CC1,Morgan,0.39,Fc1ccc(cc1)C(=O)OCc1ccc(CSc2nnc(o2)-c2cccc3ccccc23)cc1
1799,HDAC1,0.84,C(S)CCCC[C@@H](C(NC1CCCC1)=O)NC(=O)OC2CCCCC2,Morgan,0.22,CCS(=O)(=O)NCC[C@@H]1CC[C@@H](NC(=O)C2CCCCC2)[C@H](CO)O1
1800,MTOR,0.82,S1C2=C(N=C1SCC(=O)NC3=CC(=CC=C3)C)C=CC(NC(=O)COC4=C(F)C=CC=C4)=C2,Fraggle,0.34,Fc1ccc(cc1)C(=O)OCc1ccc(CSc2nnc(o2)-c2cccc3ccccc23)cc1
1801,MTOR,0.83,C1=CC=C2C(=C1)C=CC(N3C(=NN=C3C=4C=CN=CC4)S)=C2,Fraggle,0.50,Cn1nnnc1Sc2ncnc3scc(c4cccc5ccccc45)c23
1802,MTOR,0.84,ClC1=C(NC(=O)CN2C=3C(C(=O)N(C2=O)CCCC(=O)NCCCOC)=CC=CC3)C=CC(=C1)C,Fraggle,0.42,COc1c(N2CCNC(C)C2)c(F)cc2c1n(cc(C(O)=O)c2=O)C1CC1
1803,MTOR,0.81,S(=O)(=O)(NC1=C(C=C(C=C1)C)C)C2=CC=C(C=3ON=C(C3)C)C=C2,Fraggle,0.63,Cc1noc(C)c1C(c2ccccc2)S(=O)(=O)c3ccc(C)cc3
1804,MTOR,0.82,S1C2=C(N=C1SCC(=O)NC3=CC(=CC=C3)C)C=CC(NC(=O)COC4=C(F)C=CC=C4)=C2,Fraggle,0.34,Fc1ccc(cc1)C(=O)OCc1ccc(CSc2nnc(o2)-c2cccc3ccccc23)cc1
1805,MTOR,0.81,S(=O)(=O)(NC1=C(C=C(C=C1)C)C)C2=CC=C(C=3ON=C(C3)C)C=C2,Fraggle,0.63,Cc1noc(C)c1C(c2ccccc2)S(=O)(=O)c3ccc(C)cc3
1806,MTOR,0.83,O=C(N1CCN(CC1)C2CCCCC2)C3=C(N(N=C3)C4=CC=C(OC)C=C4)C5CCN(CC5)C(OC(C)(C)C)=O,Fraggle,0.40,COc1ccc(cc1)C2(CC2)C(=O)N3CCC(CC3)n4nc(oc4=O)c5ccccc5
1807,MTOR,0.84,ClC1=C(NC(=O)CN2C=3C(C(=O)N(C2=O)CCCC(=O)NCCCOC)=CC=CC3)C=CC(=C1)C,Fraggle,0.42,COc1c(N2CCNC(C)C2)c(F)cc2c1n(cc(C(O)=O)c2=O)C1CC1
1808,MTOR,1.14,S(=O)(=O)(NC1CCCC1)C=2C=C3N(C(=O)COC3=CC2)CC(=O)N(CC4=CC=CC=C4)CC,Fraggle,0.73,CCS(=O)(=O)Nc1ccc2OC[C@@H]3O[C@H](CC(=O)N4CCN(C)CC4)CC[C@@H]3N(C)C(=O)c2c1
1809,MTOR,0.84,ClC1=C(NC(=O)CN2C=3C(C(=O)N(C2=O)CCCC(=O)NCCCOC)=CC=CC3)C=CC(=C1)C,Fraggle,0.42,COc1c(N2CCNC(C)C2)c(F)cc2c1n(cc(C(O)=O)c2=O)C1CC1
1810,MTOR,0.00,C1=NC=2NN=C(C#CC=3C=CC=NC3)C2C=C1,Fraggle,0.56,Brc1c(Br)c(Br)c2[nH]nnc2c1Br
1811,MTOR,0.87,FC1=C(C=2N(C(O)=C3OC4=C(C(=O)C23)C=C(C=C4)C)CCCN(C)C)C=CC=C1,Fraggle,0.00,C[C@@H](CO)N1C[C@@H](C)[C@H](CN(C)C(=O)CC2CC2)Oc3ncc(cc3C1=O)c4ccccc4C
1812,MTOR,1.14,S(=O)(=O)(NC1CCCC1)C=2C=C3N(C(=O)COC3=CC2)CC(=O)N(CC4=CC=CC=C4)CC,Fraggle,0.73,CCS(=O)(=O)Nc1ccc2OC[C@@H]3O[C@H](CC(=O)N4CCN(C)CC4)CC[C@@H]3N(C)C(=O)c2c1
1813,MTOR,0.86,S(=O)(=O)(N)C1=CC=C(C=C1)CCNC(=O)C2CC3=C(OC2)C=CC=C3,Fraggle,0.24,CCS(=O)(=O)NCC[C@@H]1CC[C@@H](NC(=O)C2CCCCC2)[C@H](CO)O1
1814,MTOR,0.82,S1C2=C(N=C1SCC(=O)NC3=CC(=CC=C3)C)C=CC(NC(=O)COC4=C(F)C=CC=C4)=C2,Fraggle,0.34,Fc1ccc(cc1)C(=O)OCc1ccc(CSc2nnc(o2)-c2cccc3ccccc23)cc1
1815,MTOR,0.84,ClC1=C(NC(=O)CN2C=3C(C(=O)N(C2=O)CCCC(=O)NCCCOC)=CC=CC3)C=CC(=C1)C,Fraggle,0.42,COc1c(N2CCNC(C)C2)c(F)cc2c1n(cc(C(O)=O)c2=O)C1CC1
1816,MTOR,0.86,S(=O)(=O)(N)C1=CC=C(C=C1)CCNC(=O)C2CC3=C(OC2)C=CC=C3,Fraggle,0.24,CCS(=O)(=O)NCC[C@@H]1CC[C@@H](NC(=O)C2CCCCC2)[C@H](CO)O1
1817,MTOR,0.83,O=C(N1CCN(CC1)C2CCCCC2)C3=C(N(N=C3)C4=CC=C(OC)C=C4)C5CCN(CC5)C(OC(C)(C)C)=O,Fraggle,0.40,COc1ccc(cc1)C2(CC2)C(=O)N3CCC(CC3)n4nc(oc4=O)c5ccccc5
1818,MTOR,0.86,S(=O)(=O)(NCC1CCC(C(=O)NC=2C(OC)=CC=CC2)CC1)C3=CC4=C(N(C(C4)C)C(=O)C)C=C3,Fraggle,0.44,C[C@@H](CO)N1C[C@@H](C)[C@@H](CN(C)CC2CC2)OCCCC[C@@H](C)Oc3ccc(NS(=O)(=O)C)cc3C1=O
1819,MTOR,0.84,ClC1=C(NC(=O)CN2C=3C(C(=O)N(C2=O)CCCC(=O)NCCCOC)=CC=CC3)C=CC(=C1)C,Fraggle,0.42,COc1c(N2CCNC(C)C2)c(F)cc2c1n(cc(C(O)=O)c2=O)C1CC1
1820,MTOR,0.84,ClC1=C(NC(=O)CN2C=3C(C(=O)N(C2=O)CCCC(=O)NCCCOC)=CC=CC3)C=CC(=C1)C,Fraggle,0.42,COc1c(N2CCNC(C)C2)c(F)cc2c1n(cc(C(O)=O)c2=O)C1CC1
1821,MTOR,0.86,S(=O)(=O)(N)C1=CC=C(C=C1)CCNC(=O)C2CC3=C(OC2)C=CC=C3,Fraggle,0.24,CCS(=O)(=O)NCC[C@@H]1CC[C@@H](NC(=O)C2CCCCC2)[C@H](CO)O1
1822,MTOR,0.87,FC1=C(C=2N(C(O)=C3OC4=C(C(=O)C23)C=C(C=C4)C)CCCN(C)C)C=CC=C1,Fraggle,0.00,C[C@@H](CO)N1C[C@@H](C)[C@H](CN(C)C(=O)CC2CC2)Oc3ncc(cc3C1=O)c4ccccc4C
1823,MTOR,0.83,C1=CC=C2C(=C1)C=CC(N3C(=NN=C3C=4C=CN=CC4)S)=C2,Fraggle,0.50,Cn1nnnc1Sc2ncnc3scc(c4cccc5ccccc45)c23
1824,MTOR,0.84,ClC1=C(NC(=O)CN2C=3C(C(=O)N(C2=O)CCCC(=O)NCCCOC)=CC=CC3)C=CC(=C1)C,Fraggle,0.42,COc1c(N2CCNC(C)C2)c(F)cc2c1n(cc(C(O)=O)c2=O)C1CC1
1825,MTOR,0.82,S1C2=C(N=C1SCC(=O)NC3=CC(=CC=C3)C)C=CC(NC(=O)COC4=C(F)C=CC=C4)=C2,Fraggle,0.34,Fc1ccc(cc1)C(=O)OCc1ccc(CSc2nnc(o2)-c2cccc3ccccc23)cc1
1826,MTOR,0.83,O=C(N1CCN(CC1)C2CCCCC2)C3=C(N(N=C3)C4=CC=C(OC)C=C4)C5CCN(CC5)C(OC(C)(C)C)=O,Fraggle,0.40,COc1ccc(cc1)C2(CC2)C(=O)N3CCC(CC3)n4nc(oc4=O)c5ccccc5
1827,MTOR,0.83,C1=CC=C2C(=C1)C=CC(N3C(=NN=C3C=4C=CN=CC4)S)=C2,Fraggle,0.50,Cn1nnnc1Sc2ncnc3scc(c4cccc5ccccc45)c23
1828,MTOR,0.82,S1C2=C(N=C1SCC(=O)NC3=CC(=CC=C3)C)C=CC(NC(=O)COC4=C(F)C=CC=C4)=C2,Fraggle,0.34,Fc1ccc(cc1)C(=O)OCc1ccc(CSc2nnc(o2)-c2cccc3ccccc23)cc1
1829,MTOR,0.82,S1C2=C(N=C1SCC(=O)NC3=CC(=CC=C3)C)C=CC(NC(=O)COC4=C(F)C=CC=C4)=C2,Fraggle,0.34,Fc1ccc(cc1)C(=O)OCc1ccc(CSc2nnc(o2)-c2cccc3ccccc23)cc1
1830,MTOR,0.84,ClC1=C(NC(=O)CN2C=3C(C(=O)N(C2=O)CCCC(=O)NCCCOC)=CC=CC3)C=CC(=C1)C,Fraggle,0.42,COc1c(N2CCNC(C)C2)c(F)cc2c1n(cc(C(O)=O)c2=O)C1CC1
1831,MTOR,0.77,O1[C@H]2N3C(O[C@H]2[C@H](O)[C@H]1CO)=NC(=N)C=C3,Fraggle,0.00,NC(=O)c1ncn(n1)C1OC(CO)C(O)C1O
1832,MTOR,0.86,S(=O)(=O)(N)C1=CC=C(C=C1)CCNC(=O)C2CC3=C(OC2)C=CC=C3,Fraggle,0.24,CCS(=O)(=O)NCC[C@@H]1CC[C@@H](NC(=O)C2CCCCC2)[C@H](CO)O1
1833,MTOR,0.84,C1=CC=C2C(=C1C=3C=CC(=C4C3SC5=C4C=CC=C5)NC(CN6CCN(CC6)CC)=O)OC(=CC2=O)N7CCOCC7,Fraggle,0.34,COc1cccc(CNC(=O)C[C@@H]2CC[C@@H]3[C@@H](COc4ccc(NC(=O)c5cccs5)cc4C(=O)N3C)O2)c1
1834,MTOR,0.84,ClC1=C(NC(=O)CN2C=3C(C(=O)N(C2=O)CCCC(=O)NCCCOC)=CC=CC3)C=CC(=C1)C,Fraggle,0.42,COc1c(N2CCNC(C)C2)c(F)cc2c1n(cc(C(O)=O)c2=O)C1CC1
1835,MTOR,0.86,S(=O)(=O)(N)C1=CC=C(C=C1)CCNC(=O)C2CC3=C(OC2)C=CC=C3,Fraggle,0.24,CCS(=O)(=O)NCC[C@@H]1CC[C@@H](NC(=O)C2CCCCC2)[C@H](CO)O1
1836,MTOR,0.81,S(=O)(=O)(NC1=C(C=C(C=C1)C)C)C2=CC=C(C=3ON=C(C3)C)C=C2,Fraggle,0.63,Cc1noc(C)c1C(c2ccccc2)S(=O)(=O)c3ccc(C)cc3
1837,MTOR,0.83,C1=CC=C2C(=C1)C=CC(N3C(=NN=C3C=4C=CN=CC4)S)=C2,Fraggle,0.50,Cn1nnnc1Sc2ncnc3scc(c4cccc5ccccc45)c23
1838,MTOR,0.82,S1C2=C(N=C1SCC(=O)NC3=CC(=CC=C3)C)C=CC(NC(=O)COC4=C(F)C=CC=C4)=C2,Fraggle,0.34,Fc1ccc(cc1)C(=O)OCc1ccc(CSc2nnc(o2)-c2cccc3ccccc23)cc1
1839,MTOR,1.10,ClC1=C(NC(=O)CN2C=3C(C(=O)N(C2=O)CCCC(=O)NCCCOC)=CC=CC3)C=CC(=C1)C,Fraggle,0.37,CCCNC(=O)N1C[C@@H](C)[C@@H](CN(C)C(=O)c2ccc(NC(=O)C3CCC3)cc2OC[C@@H]1C)OC
1840,MTOR,0.82,S1C2=C(N=C1SCC(=O)NC3=CC(=CC=C3)C)C=CC(NC(=O)COC4=C(F)C=CC=C4)=C2,Fraggle,0.34,Fc1ccc(cc1)C(=O)OCc1ccc(CSc2nnc(o2)-c2cccc3ccccc23)cc1
1841,MTOR,0.83,C1=CC=C2C(=C1)C=CC(N3C(=NN=C3C=4C=CN=CC4)S)=C2,Fraggle,0.50,Cn1nnnc1Sc2ncnc3scc(c4cccc5ccccc45)c23
1842,MTOR,0.84,ClC1=C(NC(=O)CN2C=3C(C(=O)N(C2=O)CCCC(=O)NCCCOC)=CC=CC3)C=CC(=C1)C,Fraggle,0.42,COc1c(N2CCNC(C)C2)c(F)cc2c1n(cc(C(O)=O)c2=O)C1CC1
1843,MTOR,0.83,O=C(N1CCN(CC1)C2CCCCC2)C3=C(N(N=C3)C4=CC=C(OC)C=C4)C5CCN(CC5)C(OC(C)(C)C)=O,Fraggle,0.40,COc1ccc(cc1)C2(CC2)C(=O)N3CCC(CC3)n4nc(oc4=O)c5ccccc5
1844,MTOR,0.83,O=C(N1CCN(CC1)C2CCCCC2)C3=C(N(N=C3)C4=CC=C(OC)C=C4)C5CCN(CC5)C(OC(C)(C)C)=O,Fraggle,0.40,COc1ccc(cc1)C2(CC2)C(=O)N3CCC(CC3)n4nc(oc4=O)c5ccccc5
1845,MTOR,0.83,O=C(N1CCN(CC1)C2CCCCC2)C3=C(N(N=C3)C4=CC=C(OC)C=C4)C5CCN(CC5)C(OC(C)(C)C)=O,Fraggle,0.40,COc1ccc(cc1)C2(CC2)C(=O)N3CCC(CC3)n4nc(oc4=O)c5ccccc5
1846,MTOR,0.82,S1C2=C(N=C1SCC(=O)NC3=CC(=CC=C3)C)C=CC(NC(=O)COC4=C(F)C=CC=C4)=C2,Fraggle,0.34,Fc1ccc(cc1)C(=O)OCc1ccc(CSc2nnc(o2)-c2cccc3ccccc23)cc1
1847,MTOR,0.82,S1C2=C(N=C1SCC(=O)NC3=CC(=CC=C3)C)C=CC(NC(=O)COC4=C(F)C=CC=C4)=C2,Fraggle,0.34,Fc1ccc(cc1)C(=O)OCc1ccc(CSc2nnc(o2)-c2cccc3ccccc23)cc1
1848,MTOR,0.87,FC1=C(C=2N(C(O)=C3OC4=C(C(=O)C23)C=C(C=C4)C)CCCN(C)C)C=CC=C1,Fraggle,0.00,C[C@@H](CO)N1C[C@@H](C)[C@H](CN(C)C(=O)CC2CC2)Oc3ncc(cc3C1=O)c4ccccc4C
1849,MTOR,0.83,O=C(N1CCN(CC1)C2CCCCC2)C3=C(N(N=C3)C4=CC=C(OC)C=C4)C5CCN(CC5)C(OC(C)(C)C)=O,Fraggle,0.40,COc1ccc(cc1)C2(CC2)C(=O)N3CCC(CC3)n4nc(oc4=O)c5ccccc5
1850,MTOR,0.84,ClC1=C(NC(=O)CN2C=3C(C(=O)N(C2=O)CCCC(=O)NCCCOC)=CC=CC3)C=CC(=C1)C,Fraggle,0.42,COc1c(N2CCNC(C)C2)c(F)cc2c1n(cc(C(O)=O)c2=O)C1CC1
1851,MTOR,0.82,S1C2=C(N=C1SCC(=O)NC3=CC(=CC=C3)C)C=CC(NC(=O)COC4=C(F)C=CC=C4)=C2,Fraggle,0.34,Fc1ccc(cc1)C(=O)OCc1ccc(CSc2nnc(o2)-c2cccc3ccccc23)cc1
1852,MTOR,0.82,S1C2=C(N=C1SCC(=O)NC3=CC(=CC=C3)C)C=CC(NC(=O)COC4=C(F)C=CC=C4)=C2,Fraggle,0.34,Fc1ccc(cc1)C(=O)OCc1ccc(CSc2nnc(o2)-c2cccc3ccccc23)cc1
1853,MTOR,0.84,ClC1=C(NC(=O)CN2C=3C(C(=O)N(C2=O)CCCC(=O)NCCCOC)=CC=CC3)C=CC(=C1)C,Fraggle,0.42,COc1c(N2CCNC(C)C2)c(F)cc2c1n(cc(C(O)=O)c2=O)C1CC1
1854,MTOR,0.78,O1C(=O)C(N(CC1)CC)CC(=O)NC=2C(OC)=CC=C(C2)C,Fraggle,0.57,CO[C@@H]1CN(C)C(=O)c2cc(NC(=O)C3CCCCC3)ccc2OC[C@@H](C)NC[C@@H]1C
1855,MTOR,0.77,O1[C@H]2N3C(O[C@H]2[C@H](O)[C@H]1CO)=NC(=N)C=C3,Fraggle,0.00,NC(=O)c1ncn(n1)C1OC(CO)C(O)C1O
1856,MTOR,0.84,ClC1=C(NC(=O)CN2C=3C(C(=O)N(C2=O)CCCC(=O)NCCCOC)=CC=CC3)C=CC(=C1)C,Fraggle,0.42,COc1c(N2CCNC(C)C2)c(F)cc2c1n(cc(C(O)=O)c2=O)C1CC1
1857,MTOR,0.84,C1=CC=C2C(=C1C=3C=CC(=C4C3SC5=C4C=CC=C5)NC(CN6CCN(CC6)CC)=O)OC(=CC2=O)N7CCOCC7,Fraggle,0.34,COc1cccc(CNC(=O)C[C@@H]2CC[C@@H]3[C@@H](COc4ccc(NC(=O)c5cccs5)cc4C(=O)N3C)O2)c1
1858,MTOR,0.82,S1C2=C(N=C1SCC(=O)NC3=CC(=CC=C3)C)C=CC(NC(=O)COC4=C(F)C=CC=C4)=C2,Fraggle,0.34,Fc1ccc(cc1)C(=O)OCc1ccc(CSc2nnc(o2)-c2cccc3ccccc23)cc1
1859,MTOR,0.81,S(=O)(=O)(NC1=C(C=C(C=C1)C)C)C2=CC=C(C=3ON=C(C3)C)C=C2,Fraggle,0.63,Cc1noc(C)c1C(c2ccccc2)S(=O)(=O)c3ccc(C)cc3
1860,MTOR,0.83,C1=CC=C2C(=C1)C=CC(N3C(=NN=C3C=4C=CN=CC4)S)=C2,Fraggle,0.50,Cn1nnnc1Sc2ncnc3scc(c4cccc5ccccc45)c23
1861,MTOR,0.83,C1=CC=C2C(=C1)C=CC(N3C(=NN=C3C=4C=CN=CC4)S)=C2,Fraggle,0.50,Cn1nnnc1Sc2ncnc3scc(c4cccc5ccccc45)c23
1862,MTOR,0.82,S1C2=C(N=C1SCC(=O)NC3=CC(=CC=C3)C)C=CC(NC(=O)COC4=C(F)C=CC=C4)=C2,Fraggle,0.34,Fc1ccc(cc1)C(=O)OCc1ccc(CSc2nnc(o2)-c2cccc3ccccc23)cc1
1863,MTOR,0.86,S(=O)(=O)(N)C1=CC=C(C=C1)CCNC(=O)C2CC3=C(OC2)C=CC=C3,Fraggle,0.24,CCS(=O)(=O)NCC[C@@H]1CC[C@@H](NC(=O)C2CCCCC2)[C@H](CO)O1
1864,MTOR,0.81,S(=O)(=O)(NC1=C(C=C(C=C1)C)C)C2=CC=C(C=3ON=C(C3)C)C=C2,Fraggle,0.63,Cc1noc(C)c1C(c2ccccc2)S(=O)(=O)c3ccc(C)cc3
1865,MTOR,0.82,S1C2=C(N=C1SCC(=O)NC3=CC(=CC=C3)C)C=CC(NC(=O)COC4=C(F)C=CC=C4)=C2,Fraggle,0.34,Fc1ccc(cc1)C(=O)OCc1ccc(CSc2nnc(o2)-c2cccc3ccccc23)cc1
1866,MTOR,0.84,ClC1=C(NC(=O)CN2C=3C(C(=O)N(C2=O)CCCC(=O)NCCCOC)=CC=CC3)C=CC(=C1)C,Fraggle,0.42,COc1c(N2CCNC(C)C2)c(F)cc2c1n(cc(C(O)=O)c2=O)C1CC1
1867,MTOR,0.81,S(=O)(=O)(NC1=C(C=C(C=C1)C)C)C2=CC=C(C=3ON=C(C3)C)C=C2,Fraggle,0.63,Cc1noc(C)c1C(c2ccccc2)S(=O)(=O)c3ccc(C)cc3
1868,MTOR,0.86,S(=O)(=O)(N)C1=CC=C(C=C1)CCNC(=O)C2CC3=C(OC2)C=CC=C3,Fraggle,0.24,CCS(=O)(=O)NCC[C@@H]1CC[C@@H](NC(=O)C2CCCCC2)[C@H](CO)O1
1869,MTOR,0.82,S1C2=C(N=C1SCC(=O)NC3=CC(=CC=C3)C)C=CC(NC(=O)COC4=C(F)C=CC=C4)=C2,Fraggle,0.34,Fc1ccc(cc1)C(=O)OCc1ccc(CSc2nnc(o2)-c2cccc3ccccc23)cc1
1870,MTOR,0.77,O1[C@H]2N3C(O[C@H]2[C@H](O)[C@H]1CO)=NC(=N)C=C3,Fraggle,0.00,NC(=O)c1ncn(n1)C1OC(CO)C(O)C1O
1871,MTOR,0.86,S(=O)(=O)(NC=1C=C(OC)C(OC)=C(OC)C1)C2=CC3=C(N(CCC3)C(=O)C)C=C2,Fraggle,0.54,COc1ccccc1NC(=O)C[C@H]1CC[C@H]2[C@@H](COc3ccc(NS(C)(=O)=O)cc3C(=O)N2C)O1
1872,MTOR,0.00,C1=NC=2NN=C(C#CC=3C=CC=NC3)C2C=C1,Fraggle,0.56,Brc1c(Br)c(Br)c2[nH]nnc2c1Br
1873,MTOR,0.81,S(=O)(=O)(NC1=C(C=C(C=C1)C)C)C2=CC=C(C=3ON=C(C3)C)C=C2,Fraggle,0.63,Cc1noc(C)c1C(c2ccccc2)S(=O)(=O)c3ccc(C)cc3
1874,MTOR,0.82,S1C2=C(N=C1SCC(=O)NC3=CC(=CC=C3)C)C=CC(NC(=O)COC4=C(F)C=CC=C4)=C2,Fraggle,0.34,Fc1ccc(cc1)C(=O)OCc1ccc(CSc2nnc(o2)-c2cccc3ccccc23)cc1
1875,MTOR,0.83,C1=CC=C2C(=C1)C=CC(N3C(=NN=C3C=4C=CN=CC4)S)=C2,Fraggle,0.50,Cn1nnnc1Sc2ncnc3scc(c4cccc5ccccc45)c23
1876,MTOR,0.83,C1=CC=C2C(=C1)C=CC(N3C(=NN=C3C=4C=CN=CC4)S)=C2,Fraggle,0.50,Cn1nnnc1Sc2ncnc3scc(c4cccc5ccccc45)c23
1877,MTOR,0.82,S1C2=C(N=C1SCC(=O)NC3=CC(=CC=C3)C)C=CC(NC(=O)COC4=C(F)C=CC=C4)=C2,Fraggle,0.34,Fc1ccc(cc1)C(=O)OCc1ccc(CSc2nnc(o2)-c2cccc3ccccc23)cc1
1878,MTOR,0.88,O=C1N(C=CC=2N=C(C(=CC21)C(=O)NC3=CC=C(OC)C=C3)C)CC=4OC=CC4,Fraggle,0.44,CC(=O)c1c(C)n(c2ccc(C)cc2)c3ccc(OC(=O)CN4C(=O)c5ccccc5C4=O)cc13
1879,MTOR,0.81,S(=O)(=O)(NC1=C(C=C(C=C1)C)C)C2=CC=C(C=3ON=C(C3)C)C=C2,Fraggle,0.63,Cc1noc(C)c1C(c2ccccc2)S(=O)(=O)c3ccc(C)cc3
1880,MTOR,0.88,O=C1N(C=CC=2N=C(C(=CC21)C(=O)NC3=CC=C(OC)C=C3)C)CC=4OC=CC4,Fraggle,0.44,CC(=O)c1c(C)n(c2ccc(C)cc2)c3ccc(OC(=O)CN4C(=O)c5ccccc5C4=O)cc13
1881,MTOR,0.82,S1C2=C(N=C1SCC(=O)NC3=CC(=CC=C3)C)C=CC(NC(=O)COC4=C(F)C=CC=C4)=C2,Fraggle,0.34,Fc1ccc(cc1)C(=O)OCc1ccc(CSc2nnc(o2)-c2cccc3ccccc23)cc1
1882,MTOR,0.77,O1[C@H]2N3C(O[C@H]2[C@H](O)[C@H]1CO)=NC(=N)C=C3,Fraggle,0.00,NC(=O)c1ncn(n1)C1OC(CO)C(O)C1O
1883,MTOR,0.84,ClC1=C(NC(=O)CN2C=3C(C(=O)N(C2=O)CCCC(=O)NCCCOC)=CC=CC3)C=CC(=C1)C,Fraggle,0.42,COc1c(N2CCNC(C)C2)c(F)cc2c1n(cc(C(O)=O)c2=O)C1CC1
1884,MTOR,0.86,S(=O)(=O)(N)C1=CC=C(C=C1)CCNC(=O)C2CC3=C(OC2)C=CC=C3,Fraggle,0.24,CCS(=O)(=O)NCC[C@@H]1CC[C@@H](NC(=O)C2CCCCC2)[C@H](CO)O1
1885,MTOR,0.87,FC1=C(C=2N(C(O)=C3OC4=C(C(=O)C23)C=C(C=C4)C)CCCN(C)C)C=CC=C1,Fraggle,0.00,C[C@@H](CO)N1C[C@@H](C)[C@H](CN(C)C(=O)CC2CC2)Oc3ncc(cc3C1=O)c4ccccc4C
1886,MTOR,0.82,S1C2=C(N=C1SCC(=O)NC3=CC(=CC=C3)C)C=CC(NC(=O)COC4=C(F)C=CC=C4)=C2,Fraggle,0.34,Fc1ccc(cc1)C(=O)OCc1ccc(CSc2nnc(o2)-c2cccc3ccccc23)cc1
1887,MTOR,0.82,S1C2=C(N=C1SCC(=O)NC3=CC(=CC=C3)C)C=CC(NC(=O)COC4=C(F)C=CC=C4)=C2,Fraggle,0.34,Fc1ccc(cc1)C(=O)OCc1ccc(CSc2nnc(o2)-c2cccc3ccccc23)cc1
1888,MTOR,0.82,S1C2=C(N=C1SCC(=O)NC3=CC(=CC=C3)C)C=CC(NC(=O)COC4=C(F)C=CC=C4)=C2,Fraggle,0.34,Fc1ccc(cc1)C(=O)OCc1ccc(CSc2nnc(o2)-c2cccc3ccccc23)cc1
1889,MTOR,0.82,S1C2=C(N=C1SCC(=O)NC3=CC(=CC=C3)C)C=CC(NC(=O)COC4=C(F)C=CC=C4)=C2,Fraggle,0.34,Fc1ccc(cc1)C(=O)OCc1ccc(CSc2nnc(o2)-c2cccc3ccccc23)cc1
1890,MTOR,0.83,C1=CC=C2C(=C1)C=CC(N3C(=NN=C3C=4C=CN=CC4)S)=C2,Fraggle,0.50,Cn1nnnc1Sc2ncnc3scc(c4cccc5ccccc45)c23
1891,MTOR,0.84,ClC1=C(NC(=O)CN2C=3C(C(=O)N(C2=O)CCCC(=O)NCCCOC)=CC=CC3)C=CC(=C1)C,Fraggle,0.42,COc1c(N2CCNC(C)C2)c(F)cc2c1n(cc(C(O)=O)c2=O)C1CC1
1892,MTOR,0.82,S1C2=C(N=C1SCC(=O)NC3=CC(=CC=C3)C)C=CC(NC(=O)COC4=C(F)C=CC=C4)=C2,Fraggle,0.34,Fc1ccc(cc1)C(=O)OCc1ccc(CSc2nnc(o2)-c2cccc3ccccc23)cc1
1893,MTOR,0.82,S1C2=C(N=C1SCC(=O)NC3=CC(=CC=C3)C)C=CC(NC(=O)COC4=C(F)C=CC=C4)=C2,Fraggle,0.34,Fc1ccc(cc1)C(=O)OCc1ccc(CSc2nnc(o2)-c2cccc3ccccc23)cc1
1894,MTOR,0.84,ClC1=C(NC(=O)CN2C=3C(C(=O)N(C2=O)CCCC(=O)NCCCOC)=CC=CC3)C=CC(=C1)C,Fraggle,0.42,COc1c(N2CCNC(C)C2)c(F)cc2c1n(cc(C(O)=O)c2=O)C1CC1
1895,MTOR,0.82,S1C2=C(N=C1SCC(=O)NC3=CC(=CC=C3)C)C=CC(NC(=O)COC4=C(F)C=CC=C4)=C2,Fraggle,0.34,Fc1ccc(cc1)C(=O)OCc1ccc(CSc2nnc(o2)-c2cccc3ccccc23)cc1
1896,MTOR,0.84,ClC1=C(NC(=O)CN2C=3C(C(=O)N(C2=O)CCCC(=O)NCCCOC)=CC=CC3)C=CC(=C1)C,Fraggle,0.42,COc1c(N2CCNC(C)C2)c(F)cc2c1n(cc(C(O)=O)c2=O)C1CC1
1897,MTOR,0.87,FC1=C(C=2N(C(O)=C3OC4=C(C(=O)C23)C=C(C=C4)C)CCCN(C)C)C=CC=C1,Fraggle,0.00,C[C@@H](CO)N1C[C@@H](C)[C@H](CN(C)C(=O)CC2CC2)Oc3ncc(cc3C1=O)c4ccccc4C
1898,MTOR,0.81,S(=O)(=O)(NC1=C(C=C(C=C1)C)C)C2=CC=C(C=3ON=C(C3)C)C=C2,Fraggle,0.63,Cc1noc(C)c1C(c2ccccc2)S(=O)(=O)c3ccc(C)cc3
1899,MTOR,0.86,S(=O)(=O)(N)C1=CC=C(C=C1)CCNC(=O)C2CC3=C(OC2)C=CC=C3,Fraggle,0.24,CCS(=O)(=O)NCC[C@@H]1CC[C@@H](NC(=O)C2CCCCC2)[C@H](CO)O1
1900,MTOR,0.82,S1C2=C(N=C1SCC(=O)NC3=CC(=CC=C3)C)C=CC(NC(=O)COC4=C(F)C=CC=C4)=C2,MACCS,0.62,Fc1ccc(cc1)C(=O)OCc1ccc(CSc2nnc(o2)-c2cccc3ccccc23)cc1
1901,MTOR,0.83,C1=CC=C2C(=C1)C=CC(N3C(=NN=C3C=4C=CN=CC4)S)=C2,MACCS,0.80,Cn1nnnc1Sc2ncnc3scc(c4cccc5ccccc45)c23
1902,MTOR,0.84,ClC1=C(NC(=O)CN2C=3C(C(=O)N(C2=O)CCCC(=O)NCCCOC)=CC=CC3)C=CC(=C1)C,MACCS,0.79,COc1c(N2CCNC(C)C2)c(F)cc2c1n(cc(C(O)=O)c2=O)C1CC1
1903,MTOR,0.81,S(=O)(=O)(NC1=C(C=C(C=C1)C)C)C2=CC=C(C=3ON=C(C3)C)C=C2,MACCS,0.80,Cc1noc(C)c1C(c2ccccc2)S(=O)(=O)c3ccc(C)cc3
1904,MTOR,0.82,S1C2=C(N=C1SCC(=O)NC3=CC(=CC=C3)C)C=CC(NC(=O)COC4=C(F)C=CC=C4)=C2,MACCS,0.62,Fc1ccc(cc1)C(=O)OCc1ccc(CSc2nnc(o2)-c2cccc3ccccc23)cc1
1905,MTOR,0.81,S(=O)(=O)(NC1=C(C=C(C=C1)C)C)C2=CC=C(C=3ON=C(C3)C)C=C2,MACCS,0.80,Cc1noc(C)c1C(c2ccccc2)S(=O)(=O)c3ccc(C)cc3
1906,MTOR,0.83,O=C(N1CCN(CC1)C2CCCCC2)C3=C(N(N=C3)C4=CC=C(OC)C=C4)C5CCN(CC5)C(OC(C)(C)C)=O,MACCS,0.88,COc1ccc(cc1)C2(CC2)C(=O)N3CCC(CC3)n4nc(oc4=O)c5ccccc5
1907,MTOR,0.84,ClC1=C(NC(=O)CN2C=3C(C(=O)N(C2=O)CCCC(=O)NCCCOC)=CC=CC3)C=CC(=C1)C,MACCS,0.79,COc1c(N2CCNC(C)C2)c(F)cc2c1n(cc(C(O)=O)c2=O)C1CC1
1908,MTOR,1.14,S(=O)(=O)(NC1CCCC1)C=2C=C3N(C(=O)COC3=CC2)CC(=O)N(CC4=CC=CC=C4)CC,MACCS,0.84,CCS(=O)(=O)Nc1ccc2OC[C@@H]3O[C@H](CC(=O)N4CCN(C)CC4)CC[C@@H]3N(C)C(=O)c2c1
1909,MTOR,0.84,ClC1=C(NC(=O)CN2C=3C(C(=O)N(C2=O)CCCC(=O)NCCCOC)=CC=CC3)C=CC(=C1)C,MACCS,0.79,COc1c(N2CCNC(C)C2)c(F)cc2c1n(cc(C(O)=O)c2=O)C1CC1
1910,MTOR,0.00,C1=NC=2NN=C(C#CC=3C=CC=NC3)C2C=C1,MACCS,0.66,Brc1c(Br)c(Br)c2[nH]nnc2c1Br
1911,MTOR,0.87,FC1=C(C=2N(C(O)=C3OC4=C(C(=O)C23)C=C(C=C4)C)CCCN(C)C)C=CC=C1,MACCS,0.75,C[C@@H](CO)N1C[C@@H](C)[C@H](CN(C)C(=O)CC2CC2)Oc3ncc(cc3C1=O)c4ccccc4C
1912,MTOR,1.14,S(=O)(=O)(NC1CCCC1)C=2C=C3N(C(=O)COC3=CC2)CC(=O)N(CC4=CC=CC=C4)CC,MACCS,0.84,CCS(=O)(=O)Nc1ccc2OC[C@@H]3O[C@H](CC(=O)N4CCN(C)CC4)CC[C@@H]3N(C)C(=O)c2c1
1913,MTOR,0.86,S(=O)(=O)(N)C1=CC=C(C=C1)CCNC(=O)C2CC3=C(OC2)C=CC=C3,MACCS,0.70,CCS(=O)(=O)NCC[C@@H]1CC[C@@H](NC(=O)C2CCCCC2)[C@H](CO)O1
1914,MTOR,0.82,S1C2=C(N=C1SCC(=O)NC3=CC(=CC=C3)C)C=CC(NC(=O)COC4=C(F)C=CC=C4)=C2,MACCS,0.62,Fc1ccc(cc1)C(=O)OCc1ccc(CSc2nnc(o2)-c2cccc3ccccc23)cc1
1915,MTOR,0.84,ClC1=C(NC(=O)CN2C=3C(C(=O)N(C2=O)CCCC(=O)NCCCOC)=CC=CC3)C=CC(=C1)C,MACCS,0.79,COc1c(N2CCNC(C)C2)c(F)cc2c1n(cc(C(O)=O)c2=O)C1CC1
1916,MTOR,0.86,S(=O)(=O)(N)C1=CC=C(C=C1)CCNC(=O)C2CC3=C(OC2)C=CC=C3,MACCS,0.70,CCS(=O)(=O)NCC[C@@H]1CC[C@@H](NC(=O)C2CCCCC2)[C@H](CO)O1
1917,MTOR,0.83,O=C(N1CCN(CC1)C2CCCCC2)C3=C(N(N=C3)C4=CC=C(OC)C=C4)C5CCN(CC5)C(OC(C)(C)C)=O,MACCS,0.88,COc1ccc(cc1)C2(CC2)C(=O)N3CCC(CC3)n4nc(oc4=O)c5ccccc5
1918,MTOR,0.86,S(=O)(=O)(NCC1CCC(C(=O)NC=2C(OC)=CC=CC2)CC1)C3=CC4=C(N(C(C4)C)C(=O)C)C=C3,MACCS,0.78,C[C@@H](CO)N1C[C@@H](C)[C@@H](CN(C)CC2CC2)OCCCC[C@@H](C)Oc3ccc(NS(=O)(=O)C)cc3C1=O
1919,MTOR,0.84,ClC1=C(NC(=O)CN2C=3C(C(=O)N(C2=O)CCCC(=O)NCCCOC)=CC=CC3)C=CC(=C1)C,MACCS,0.79,COc1c(N2CCNC(C)C2)c(F)cc2c1n(cc(C(O)=O)c2=O)C1CC1
1920,MTOR,0.84,ClC1=C(NC(=O)CN2C=3C(C(=O)N(C2=O)CCCC(=O)NCCCOC)=CC=CC3)C=CC(=C1)C,MACCS,0.79,COc1c(N2CCNC(C)C2)c(F)cc2c1n(cc(C(O)=O)c2=O)C1CC1
1921,MTOR,0.86,S(=O)(=O)(N)C1=CC=C(C=C1)CCNC(=O)C2CC3=C(OC2)C=CC=C3,MACCS,0.70,CCS(=O)(=O)NCC[C@@H]1CC[C@@H](NC(=O)C2CCCCC2)[C@H](CO)O1
1922,MTOR,0.87,FC1=C(C=2N(C(O)=C3OC4=C(C(=O)C23)C=C(C=C4)C)CCCN(C)C)C=CC=C1,MACCS,0.75,C[C@@H](CO)N1C[C@@H](C)[C@H](CN(C)C(=O)CC2CC2)Oc3ncc(cc3C1=O)c4ccccc4C
1923,MTOR,0.83,C1=CC=C2C(=C1)C=CC(N3C(=NN=C3C=4C=CN=CC4)S)=C2,MACCS,0.80,Cn1nnnc1Sc2ncnc3scc(c4cccc5ccccc45)c23
1924,MTOR,0.84,ClC1=C(NC(=O)CN2C=3C(C(=O)N(C2=O)CCCC(=O)NCCCOC)=CC=CC3)C=CC(=C1)C,MACCS,0.79,COc1c(N2CCNC(C)C2)c(F)cc2c1n(cc(C(O)=O)c2=O)C1CC1
1925,MTOR,0.82,S1C2=C(N=C1SCC(=O)NC3=CC(=CC=C3)C)C=CC(NC(=O)COC4=C(F)C=CC=C4)=C2,MACCS,0.62,Fc1ccc(cc1)C(=O)OCc1ccc(CSc2nnc(o2)-c2cccc3ccccc23)cc1
1926,MTOR,0.83,O=C(N1CCN(CC1)C2CCCCC2)C3=C(N(N=C3)C4=CC=C(OC)C=C4)C5CCN(CC5)C(OC(C)(C)C)=O,MACCS,0.88,COc1ccc(cc1)C2(CC2)C(=O)N3CCC(CC3)n4nc(oc4=O)c5ccccc5
1927,MTOR,0.83,C1=CC=C2C(=C1)C=CC(N3C(=NN=C3C=4C=CN=CC4)S)=C2,MACCS,0.80,Cn1nnnc1Sc2ncnc3scc(c4cccc5ccccc45)c23
1928,MTOR,0.82,S1C2=C(N=C1SCC(=O)NC3=CC(=CC=C3)C)C=CC(NC(=O)COC4=C(F)C=CC=C4)=C2,MACCS,0.62,Fc1ccc(cc1)C(=O)OCc1ccc(CSc2nnc(o2)-c2cccc3ccccc23)cc1
1929,MTOR,0.82,S1C2=C(N=C1SCC(=O)NC3=CC(=CC=C3)C)C=CC(NC(=O)COC4=C(F)C=CC=C4)=C2,MACCS,0.62,Fc1ccc(cc1)C(=O)OCc1ccc(CSc2nnc(o2)-c2cccc3ccccc23)cc1
1930,MTOR,0.84,ClC1=C(NC(=O)CN2C=3C(C(=O)N(C2=O)CCCC(=O)NCCCOC)=CC=CC3)C=CC(=C1)C,MACCS,0.79,COc1c(N2CCNC(C)C2)c(F)cc2c1n(cc(C(O)=O)c2=O)C1CC1
1931,MTOR,0.77,O1[C@H]2N3C(O[C@H]2[C@H](O)[C@H]1CO)=NC(=N)C=C3,MACCS,0.67,NC(=O)c1ncn(n1)C1OC(CO)C(O)C1O
1932,MTOR,0.86,S(=O)(=O)(N)C1=CC=C(C=C1)CCNC(=O)C2CC3=C(OC2)C=CC=C3,MACCS,0.70,CCS(=O)(=O)NCC[C@@H]1CC[C@@H](NC(=O)C2CCCCC2)[C@H](CO)O1
1933,MTOR,0.84,C1=CC=C2C(=C1C=3C=CC(=C4C3SC5=C4C=CC=C5)NC(CN6CCN(CC6)CC)=O)OC(=CC2=O)N7CCOCC7,MACCS,0.84,COc1cccc(CNC(=O)C[C@@H]2CC[C@@H]3[C@@H](COc4ccc(NC(=O)c5cccs5)cc4C(=O)N3C)O2)c1
1934,MTOR,0.84,ClC1=C(NC(=O)CN2C=3C(C(=O)N(C2=O)CCCC(=O)NCCCOC)=CC=CC3)C=CC(=C1)C,MACCS,0.79,COc1c(N2CCNC(C)C2)c(F)cc2c1n(cc(C(O)=O)c2=O)C1CC1
1935,MTOR,0.86,S(=O)(=O)(N)C1=CC=C(C=C1)CCNC(=O)C2CC3=C(OC2)C=CC=C3,MACCS,0.70,CCS(=O)(=O)NCC[C@@H]1CC[C@@H](NC(=O)C2CCCCC2)[C@H](CO)O1
1936,MTOR,0.81,S(=O)(=O)(NC1=C(C=C(C=C1)C)C)C2=CC=C(C=3ON=C(C3)C)C=C2,MACCS,0.80,Cc1noc(C)c1C(c2ccccc2)S(=O)(=O)c3ccc(C)cc3
1937,MTOR,0.83,C1=CC=C2C(=C1)C=CC(N3C(=NN=C3C=4C=CN=CC4)S)=C2,MACCS,0.80,Cn1nnnc1Sc2ncnc3scc(c4cccc5ccccc45)c23
1938,MTOR,0.82,S1C2=C(N=C1SCC(=O)NC3=CC(=CC=C3)C)C=CC(NC(=O)COC4=C(F)C=CC=C4)=C2,MACCS,0.62,Fc1ccc(cc1)C(=O)OCc1ccc(CSc2nnc(o2)-c2cccc3ccccc23)cc1
1939,MTOR,1.10,ClC1=C(NC(=O)CN2C=3C(C(=O)N(C2=O)CCCC(=O)NCCCOC)=CC=CC3)C=CC(=C1)C,MACCS,0.81,CCCNC(=O)N1C[C@@H](C)[C@@H](CN(C)C(=O)c2ccc(NC(=O)C3CCC3)cc2OC[C@@H]1C)OC
1940,MTOR,0.82,S1C2=C(N=C1SCC(=O)NC3=CC(=CC=C3)C)C=CC(NC(=O)COC4=C(F)C=CC=C4)=C2,MACCS,0.62,Fc1ccc(cc1)C(=O)OCc1ccc(CSc2nnc(o2)-c2cccc3ccccc23)cc1
1941,MTOR,0.83,C1=CC=C2C(=C1)C=CC(N3C(=NN=C3C=4C=CN=CC4)S)=C2,MACCS,0.80,Cn1nnnc1Sc2ncnc3scc(c4cccc5ccccc45)c23
1942,MTOR,0.84,ClC1=C(NC(=O)CN2C=3C(C(=O)N(C2=O)CCCC(=O)NCCCOC)=CC=CC3)C=CC(=C1)C,MACCS,0.79,COc1c(N2CCNC(C)C2)c(F)cc2c1n(cc(C(O)=O)c2=O)C1CC1
1943,MTOR,0.83,O=C(N1CCN(CC1)C2CCCCC2)C3=C(N(N=C3)C4=CC=C(OC)C=C4)C5CCN(CC5)C(OC(C)(C)C)=O,MACCS,0.88,COc1ccc(cc1)C2(CC2)C(=O)N3CCC(CC3)n4nc(oc4=O)c5ccccc5
1944,MTOR,0.83,O=C(N1CCN(CC1)C2CCCCC2)C3=C(N(N=C3)C4=CC=C(OC)C=C4)C5CCN(CC5)C(OC(C)(C)C)=O,MACCS,0.88,COc1ccc(cc1)C2(CC2)C(=O)N3CCC(CC3)n4nc(oc4=O)c5ccccc5
1945,MTOR,0.83,O=C(N1CCN(CC1)C2CCCCC2)C3=C(N(N=C3)C4=CC=C(OC)C=C4)C5CCN(CC5)C(OC(C)(C)C)=O,MACCS,0.88,COc1ccc(cc1)C2(CC2)C(=O)N3CCC(CC3)n4nc(oc4=O)c5ccccc5
1946,MTOR,0.82,S1C2=C(N=C1SCC(=O)NC3=CC(=CC=C3)C)C=CC(NC(=O)COC4=C(F)C=CC=C4)=C2,MACCS,0.62,Fc1ccc(cc1)C(=O)OCc1ccc(CSc2nnc(o2)-c2cccc3ccccc23)cc1
1947,MTOR,0.82,S1C2=C(N=C1SCC(=O)NC3=CC(=CC=C3)C)C=CC(NC(=O)COC4=C(F)C=CC=C4)=C2,MACCS,0.62,Fc1ccc(cc1)C(=O)OCc1ccc(CSc2nnc(o2)-c2cccc3ccccc23)cc1
1948,MTOR,0.87,FC1=C(C=2N(C(O)=C3OC4=C(C(=O)C23)C=C(C=C4)C)CCCN(C)C)C=CC=C1,MACCS,0.75,C[C@@H](CO)N1C[C@@H](C)[C@H](CN(C)C(=O)CC2CC2)Oc3ncc(cc3C1=O)c4ccccc4C
1949,MTOR,0.83,O=C(N1CCN(CC1)C2CCCCC2)C3=C(N(N=C3)C4=CC=C(OC)C=C4)C5CCN(CC5)C(OC(C)(C)C)=O,MACCS,0.88,COc1ccc(cc1)C2(CC2)C(=O)N3CCC(CC3)n4nc(oc4=O)c5ccccc5
1950,MTOR,0.84,ClC1=C(NC(=O)CN2C=3C(C(=O)N(C2=O)CCCC(=O)NCCCOC)=CC=CC3)C=CC(=C1)C,MACCS,0.79,COc1c(N2CCNC(C)C2)c(F)cc2c1n(cc(C(O)=O)c2=O)C1CC1
1951,MTOR,0.82,S1C2=C(N=C1SCC(=O)NC3=CC(=CC=C3)C)C=CC(NC(=O)COC4=C(F)C=CC=C4)=C2,MACCS,0.62,Fc1ccc(cc1)C(=O)OCc1ccc(CSc2nnc(o2)-c2cccc3ccccc23)cc1
1952,MTOR,0.82,S1C2=C(N=C1SCC(=O)NC3=CC(=CC=C3)C)C=CC(NC(=O)COC4=C(F)C=CC=C4)=C2,MACCS,0.62,Fc1ccc(cc1)C(=O)OCc1ccc(CSc2nnc(o2)-c2cccc3ccccc23)cc1
1953,MTOR,0.84,ClC1=C(NC(=O)CN2C=3C(C(=O)N(C2=O)CCCC(=O)NCCCOC)=CC=CC3)C=CC(=C1)C,MACCS,0.79,COc1c(N2CCNC(C)C2)c(F)cc2c1n(cc(C(O)=O)c2=O)C1CC1
1954,MTOR,0.78,O1C(=O)C(N(CC1)CC)CC(=O)NC=2C(OC)=CC=C(C2)C,MACCS,0.81,CO[C@@H]1CN(C)C(=O)c2cc(NC(=O)C3CCCCC3)ccc2OC[C@@H](C)NC[C@@H]1C
1955,MTOR,0.77,O1[C@H]2N3C(O[C@H]2[C@H](O)[C@H]1CO)=NC(=N)C=C3,MACCS,0.67,NC(=O)c1ncn(n1)C1OC(CO)C(O)C1O
1956,MTOR,0.84,ClC1=C(NC(=O)CN2C=3C(C(=O)N(C2=O)CCCC(=O)NCCCOC)=CC=CC3)C=CC(=C1)C,MACCS,0.79,COc1c(N2CCNC(C)C2)c(F)cc2c1n(cc(C(O)=O)c2=O)C1CC1
1957,MTOR,0.84,C1=CC=C2C(=C1C=3C=CC(=C4C3SC5=C4C=CC=C5)NC(CN6CCN(CC6)CC)=O)OC(=CC2=O)N7CCOCC7,MACCS,0.84,COc1cccc(CNC(=O)C[C@@H]2CC[C@@H]3[C@@H](COc4ccc(NC(=O)c5cccs5)cc4C(=O)N3C)O2)c1
1958,MTOR,0.82,S1C2=C(N=C1SCC(=O)NC3=CC(=CC=C3)C)C=CC(NC(=O)COC4=C(F)C=CC=C4)=C2,MACCS,0.62,Fc1ccc(cc1)C(=O)OCc1ccc(CSc2nnc(o2)-c2cccc3ccccc23)cc1
1959,MTOR,0.81,S(=O)(=O)(NC1=C(C=C(C=C1)C)C)C2=CC=C(C=3ON=C(C3)C)C=C2,MACCS,0.80,Cc1noc(C)c1C(c2ccccc2)S(=O)(=O)c3ccc(C)cc3
1960,MTOR,0.83,C1=CC=C2C(=C1)C=CC(N3C(=NN=C3C=4C=CN=CC4)S)=C2,MACCS,0.80,Cn1nnnc1Sc2ncnc3scc(c4cccc5ccccc45)c23
1961,MTOR,0.83,C1=CC=C2C(=C1)C=CC(N3C(=NN=C3C=4C=CN=CC4)S)=C2,MACCS,0.80,Cn1nnnc1Sc2ncnc3scc(c4cccc5ccccc45)c23
1962,MTOR,0.82,S1C2=C(N=C1SCC(=O)NC3=CC(=CC=C3)C)C=CC(NC(=O)COC4=C(F)C=CC=C4)=C2,MACCS,0.62,Fc1ccc(cc1)C(=O)OCc1ccc(CSc2nnc(o2)-c2cccc3ccccc23)cc1
1963,MTOR,0.86,S(=O)(=O)(N)C1=CC=C(C=C1)CCNC(=O)C2CC3=C(OC2)C=CC=C3,MACCS,0.70,CCS(=O)(=O)NCC[C@@H]1CC[C@@H](NC(=O)C2CCCCC2)[C@H](CO)O1
1964,MTOR,0.81,S(=O)(=O)(NC1=C(C=C(C=C1)C)C)C2=CC=C(C=3ON=C(C3)C)C=C2,MACCS,0.80,Cc1noc(C)c1C(c2ccccc2)S(=O)(=O)c3ccc(C)cc3
1965,MTOR,0.82,S1C2=C(N=C1SCC(=O)NC3=CC(=CC=C3)C)C=CC(NC(=O)COC4=C(F)C=CC=C4)=C2,MACCS,0.62,Fc1ccc(cc1)C(=O)OCc1ccc(CSc2nnc(o2)-c2cccc3ccccc23)cc1
1966,MTOR,0.84,ClC1=C(NC(=O)CN2C=3C(C(=O)N(C2=O)CCCC(=O)NCCCOC)=CC=CC3)C=CC(=C1)C,MACCS,0.79,COc1c(N2CCNC(C)C2)c(F)cc2c1n(cc(C(O)=O)c2=O)C1CC1
1967,MTOR,0.81,S(=O)(=O)(NC1=C(C=C(C=C1)C)C)C2=CC=C(C=3ON=C(C3)C)C=C2,MACCS,0.80,Cc1noc(C)c1C(c2ccccc2)S(=O)(=O)c3ccc(C)cc3
1968,MTOR,0.86,S(=O)(=O)(N)C1=CC=C(C=C1)CCNC(=O)C2CC3=C(OC2)C=CC=C3,MACCS,0.70,CCS(=O)(=O)NCC[C@@H]1CC[C@@H](NC(=O)C2CCCCC2)[C@H](CO)O1
1969,MTOR,0.82,S1C2=C(N=C1SCC(=O)NC3=CC(=CC=C3)C)C=CC(NC(=O)COC4=C(F)C=CC=C4)=C2,MACCS,0.62,Fc1ccc(cc1)C(=O)OCc1ccc(CSc2nnc(o2)-c2cccc3ccccc23)cc1
1970,MTOR,0.77,O1[C@H]2N3C(O[C@H]2[C@H](O)[C@H]1CO)=NC(=N)C=C3,MACCS,0.67,NC(=O)c1ncn(n1)C1OC(CO)C(O)C1O
1971,MTOR,0.86,S(=O)(=O)(NC=1C=C(OC)C(OC)=C(OC)C1)C2=CC3=C(N(CCC3)C(=O)C)C=C2,MACCS,0.83,COc1ccccc1NC(=O)C[C@H]1CC[C@H]2[C@@H](COc3ccc(NS(C)(=O)=O)cc3C(=O)N2C)O1
1972,MTOR,0.00,C1=NC=2NN=C(C#CC=3C=CC=NC3)C2C=C1,MACCS,0.66,Brc1c(Br)c(Br)c2[nH]nnc2c1Br
1973,MTOR,0.81,S(=O)(=O)(NC1=C(C=C(C=C1)C)C)C2=CC=C(C=3ON=C(C3)C)C=C2,MACCS,0.80,Cc1noc(C)c1C(c2ccccc2)S(=O)(=O)c3ccc(C)cc3
1974,MTOR,0.82,S1C2=C(N=C1SCC(=O)NC3=CC(=CC=C3)C)C=CC(NC(=O)COC4=C(F)C=CC=C4)=C2,MACCS,0.62,Fc1ccc(cc1)C(=O)OCc1ccc(CSc2nnc(o2)-c2cccc3ccccc23)cc1
1975,MTOR,0.83,C1=CC=C2C(=C1)C=CC(N3C(=NN=C3C=4C=CN=CC4)S)=C2,MACCS,0.80,Cn1nnnc1Sc2ncnc3scc(c4cccc5ccccc45)c23
1976,MTOR,0.83,C1=CC=C2C(=C1)C=CC(N3C(=NN=C3C=4C=CN=CC4)S)=C2,MACCS,0.80,Cn1nnnc1Sc2ncnc3scc(c4cccc5ccccc45)c23
1977,MTOR,0.82,S1C2=C(N=C1SCC(=O)NC3=CC(=CC=C3)C)C=CC(NC(=O)COC4=C(F)C=CC=C4)=C2,MACCS,0.62,Fc1ccc(cc1)C(=O)OCc1ccc(CSc2nnc(o2)-c2cccc3ccccc23)cc1
1978,MTOR,0.88,O=C1N(C=CC=2N=C(C(=CC21)C(=O)NC3=CC=C(OC)C=C3)C)CC=4OC=CC4,MACCS,0.84,CC(=O)c1c(C)n(c2ccc(C)cc2)c3ccc(OC(=O)CN4C(=O)c5ccccc5C4=O)cc13
1979,MTOR,0.81,S(=O)(=O)(NC1=C(C=C(C=C1)C)C)C2=CC=C(C=3ON=C(C3)C)C=C2,MACCS,0.80,Cc1noc(C)c1C(c2ccccc2)S(=O)(=O)c3ccc(C)cc3
1980,MTOR,0.88,O=C1N(C=CC=2N=C(C(=CC21)C(=O)NC3=CC=C(OC)C=C3)C)CC=4OC=CC4,MACCS,0.84,CC(=O)c1c(C)n(c2ccc(C)cc2)c3ccc(OC(=O)CN4C(=O)c5ccccc5C4=O)cc13
1981,MTOR,0.82,S1C2=C(N=C1SCC(=O)NC3=CC(=CC=C3)C)C=CC(NC(=O)COC4=C(F)C=CC=C4)=C2,MACCS,0.62,Fc1ccc(cc1)C(=O)OCc1ccc(CSc2nnc(o2)-c2cccc3ccccc23)cc1
1982,MTOR,0.77,O1[C@H]2N3C(O[C@H]2[C@H](O)[C@H]1CO)=NC(=N)C=C3,MACCS,0.67,NC(=O)c1ncn(n1)C1OC(CO)C(O)C1O
1983,MTOR,0.84,ClC1=C(NC(=O)CN2C=3C(C(=O)N(C2=O)CCCC(=O)NCCCOC)=CC=CC3)C=CC(=C1)C,MACCS,0.79,COc1c(N2CCNC(C)C2)c(F)cc2c1n(cc(C(O)=O)c2=O)C1CC1
1984,MTOR,0.86,S(=O)(=O)(N)C1=CC=C(C=C1)CCNC(=O)C2CC3=C(OC2)C=CC=C3,MACCS,0.70,CCS(=O)(=O)NCC[C@@H]1CC[C@@H](NC(=O)C2CCCCC2)[C@H](CO)O1
1985,MTOR,0.87,FC1=C(C=2N(C(O)=C3OC4=C(C(=O)C23)C=C(C=C4)C)CCCN(C)C)C=CC=C1,MACCS,0.75,C[C@@H](CO)N1C[C@@H](C)[C@H](CN(C)C(=O)CC2CC2)Oc3ncc(cc3C1=O)c4ccccc4C
1986,MTOR,0.82,S1C2=C(N=C1SCC(=O)NC3=CC(=CC=C3)C)C=CC(NC(=O)COC4=C(F)C=CC=C4)=C2,MACCS,0.62,Fc1ccc(cc1)C(=O)OCc1ccc(CSc2nnc(o2)-c2cccc3ccccc23)cc1
1987,MTOR,0.82,S1C2=C(N=C1SCC(=O)NC3=CC(=CC=C3)C)C=CC(NC(=O)COC4=C(F)C=CC=C4)=C2,MACCS,0.62,Fc1ccc(cc1)C(=O)OCc1ccc(CSc2nnc(o2)-c2cccc3ccccc23)cc1
1988,MTOR,0.82,S1C2=C(N=C1SCC(=O)NC3=CC(=CC=C3)C)C=CC(NC(=O)COC4=C(F)C=CC=C4)=C2,MACCS,0.62,Fc1ccc(cc1)C(=O)OCc1ccc(CSc2nnc(o2)-c2cccc3ccccc23)cc1
1989,MTOR,0.82,S1C2=C(N=C1SCC(=O)NC3=CC(=CC=C3)C)C=CC(NC(=O)COC4=C(F)C=CC=C4)=C2,MACCS,0.62,Fc1ccc(cc1)C(=O)OCc1ccc(CSc2nnc(o2)-c2cccc3ccccc23)cc1
1990,MTOR,0.83,C1=CC=C2C(=C1)C=CC(N3C(=NN=C3C=4C=CN=CC4)S)=C2,MACCS,0.80,Cn1nnnc1Sc2ncnc3scc(c4cccc5ccccc45)c23
1991,MTOR,0.84,ClC1=C(NC(=O)CN2C=3C(C(=O)N(C2=O)CCCC(=O)NCCCOC)=CC=CC3)C=CC(=C1)C,MACCS,0.79,COc1c(N2CCNC(C)C2)c(F)cc2c1n(cc(C(O)=O)c2=O)C1CC1
1992,MTOR,0.82,S1C2=C(N=C1SCC(=O)NC3=CC(=CC=C3)C)C=CC(NC(=O)COC4=C(F)C=CC=C4)=C2,MACCS,0.62,Fc1ccc(cc1)C(=O)OCc1ccc(CSc2nnc(o2)-c2cccc3ccccc23)cc1
1993,MTOR,0.82,S1C2=C(N=C1SCC(=O)NC3=CC(=CC=C3)C)C=CC(NC(=O)COC4=C(F)C=CC=C4)=C2,MACCS,0.62,Fc1ccc(cc1)C(=O)OCc1ccc(CSc2nnc(o2)-c2cccc3ccccc23)cc1
1994,MTOR,0.84,ClC1=C(NC(=O)CN2C=3C(C(=O)N(C2=O)CCCC(=O)NCCCOC)=CC=CC3)C=CC(=C1)C,MACCS,0.79,COc1c(N2CCNC(C)C2)c(F)cc2c1n(cc(C(O)=O)c2=O)C1CC1
1995,MTOR,0.82,S1C2=C(N=C1SCC(=O)NC3=CC(=CC=C3)C)C=CC(NC(=O)COC4=C(F)C=CC=C4)=C2,MACCS,0.62,Fc1ccc(cc1)C(=O)OCc1ccc(CSc2nnc(o2)-c2cccc3ccccc23)cc1
1996,MTOR,0.84,ClC1=C(NC(=O)CN2C=3C(C(=O)N(C2=O)CCCC(=O)NCCCOC)=CC=CC3)C=CC(=C1)C,MACCS,0.79,COc1c(N2CCNC(C)C2)c(F)cc2c1n(cc(C(O)=O)c2=O)C1CC1
1997,MTOR,0.87,FC1=C(C=2N(C(O)=C3OC4=C(C(=O)C23)C=C(C=C4)C)CCCN(C)C)C=CC=C1,MACCS,0.75,C[C@@H](CO)N1C[C@@H](C)[C@H](CN(C)C(=O)CC2CC2)Oc3ncc(cc3C1=O)c4ccccc4C
1998,MTOR,0.81,S(=O)(=O)(NC1=C(C=C(C=C1)C)C)C2=CC=C(C=3ON=C(C3)C)C=C2,MACCS,0.80,Cc1noc(C)c1C(c2ccccc2)S(=O)(=O)c3ccc(C)cc3
1999,MTOR,0.86,S(=O)(=O)(N)C1=CC=C(C=C1)CCNC(=O)C2CC3=C(OC2)C=CC=C3,MACCS,0.70,CCS(=O)(=O)NCC[C@@H]1CC[C@@H](NC(=O)C2CCCCC2)[C@H](CO)O1
2000,MTOR,0.82,S(C=1N(C(=NN1)C=2C=CC(OCC)=CC2)C3=CC=CC=C3)CC(=O)C=4C=CC(F)=CC4,Morgan,0.32,Fc1ccc(cc1)C(=O)OCc1ccc(CSc2nnc(o2)-c2cccc3ccccc23)cc1
2001,MTOR,0.83,S(C=1N(N=NN1)C)CCCNCC=2C=C(OCC3=C(F)C=CC=C3)C=CC2,Morgan,0.25,Cn1nnnc1Sc2ncnc3scc(c4cccc5ccccc45)c23
2002,MTOR,0.84,O=C1N(C=C(C2=C1N(C3=C2C=CC=C3)C)C(=O)NC=4C=C(OC)C(OC)=C(OC)C4)C5CCCC5,Morgan,0.22,COc1c(N2CCNC(C)C2)c(F)cc2c1n(cc(C(O)=O)c2=O)C1CC1
2003,MTOR,0.81,S(=O)(=O)(C=1N=C(OC1SC(C2=CC=CC=C2)C)C=3OC=CC3)C4=CC=C(C=C4)C,Morgan,0.40,Cc1noc(C)c1C(c2ccccc2)S(=O)(=O)c3ccc(C)cc3
2004,MTOR,0.82,S(C=1N(C(=NN1)C=2C=CC(OCC)=CC2)C3=CC=CC=C3)CC(=O)C=4C=CC(F)=CC4,Morgan,0.32,Fc1ccc(cc1)C(=O)OCc1ccc(CSc2nnc(o2)-c2cccc3ccccc23)cc1
2005,MTOR,0.81,S(=O)(=O)(C=1N=C(OC1SC(C2=CC=CC=C2)C)C=3OC=CC3)C4=CC=C(C=C4)C,Morgan,0.40,Cc1noc(C)c1C(c2ccccc2)S(=O)(=O)c3ccc(C)cc3
2006,MTOR,0.83,O1N=C(C(=O)N2CCN(C3=CC=CC=C3)CC2)C=C1C4=CC=C(OC)C=C4,Morgan,0.34,COc1ccc(cc1)C2(CC2)C(=O)N3CCC(CC3)n4nc(oc4=O)c5ccccc5
2007,MTOR,0.84,O=C1N(C=C(C2=C1N(C3=C2C=CC=C3)C)C(=O)NC=4C=C(OC)C(OC)=C(OC)C4)C5CCCC5,Morgan,0.22,COc1c(N2CCNC(C)C2)c(F)cc2c1n(cc(C(O)=O)c2=O)C1CC1
2008,MTOR,1.14,C1=CN=C2C(=C1N3CCC(CC3)C(N4CCN(CC4)C)=O)C(/C=C/5\OC=6C(C5=O)=CC(NC(NC7=CN=CC=C7)=O)=CC6)=CN2C,Morgan,0.23,CCS(=O)(=O)Nc1ccc2OC[C@@H]3O[C@H](CC(=O)N4CCN(C)CC4)CC[C@@H]3N(C)C(=O)c2c1
2009,MTOR,0.84,O=C1N(C=C(C2=C1N(C3=C2C=CC=C3)C)C(=O)NC=4C=C(OC)C(OC)=C(OC)C4)C5CCCC5,Morgan,0.22,COc1c(N2CCNC(C)C2)c(F)cc2c1n(cc(C(O)=O)c2=O)C1CC1
2010,MTOR,0.00,C1(=C(C(=C2NC(=NC2=C1Br)N(C)C)Br)Br)Br,Morgan,0.42,Brc1c(Br)c(Br)c2[nH]nnc2c1Br
2011,MTOR,0.87,S1C2=C(N(C(=O)N(C2=O)CC3CCC(CC3)C(=O)NCCC)CC4=C(C=CC=C4)C)C=C1,Morgan,0.22,C[C@@H](CO)N1C[C@@H](C)[C@H](CN(C)C(=O)CC2CC2)Oc3ncc(cc3C1=O)c4ccccc4C
2012,MTOR,1.14,C1=CN=C2C(=C1N3CCC(CC3)C(N4CCN(CC4)C)=O)C(/C=C/5\OC=6C(C5=O)=CC(NC(NC7=CN=CC=C7)=O)=CC6)=CN2C,Morgan,0.23,CCS(=O)(=O)Nc1ccc2OC[C@@H]3O[C@H](CC(=O)N4CCN(C)CC4)CC[C@@H]3N(C)C(=O)c2c1
2013,MTOR,0.86,ClC1=CC(=C(N2C(CN(S(=O)(=O)CC)CC2=O)(C(=O)NC3CCCCC3)C)C=C1)C,Morgan,0.20,CCS(=O)(=O)NCC[C@@H]1CC[C@@H](NC(=O)C2CCCCC2)[C@H](CO)O1
2014,MTOR,0.82,S(C=1N(C(=NN1)C=2C=CC(OCC)=CC2)C3=CC=CC=C3)CC(=O)C=4C=CC(F)=CC4,Morgan,0.32,Fc1ccc(cc1)C(=O)OCc1ccc(CSc2nnc(o2)-c2cccc3ccccc23)cc1
2015,MTOR,0.84,O=C1N(C=C(C2=C1N(C3=C2C=CC=C3)C)C(=O)NC=4C=C(OC)C(OC)=C(OC)C4)C5CCCC5,Morgan,0.22,COc1c(N2CCNC(C)C2)c(F)cc2c1n(cc(C(O)=O)c2=O)C1CC1
2016,MTOR,0.86,ClC1=CC(=C(N2C(CN(S(=O)(=O)CC)CC2=O)(C(=O)NC3CCCCC3)C)C=C1)C,Morgan,0.20,CCS(=O)(=O)NCC[C@@H]1CC[C@@H](NC(=O)C2CCCCC2)[C@H](CO)O1
2017,MTOR,0.83,O1N=C(C(=O)N2CCN(C3=CC=CC=C3)CC2)C=C1C4=CC=C(OC)C=C4,Morgan,0.34,COc1ccc(cc1)C2(CC2)C(=O)N3CCC(CC3)n4nc(oc4=O)c5ccccc5
2018,MTOR,0.86,S(=O)(=O)(NCC1CCC(CC1)C(=O)NCCC(C)C)C2=CC3=C(N(C(C3)C)C(=O)C)C=C2,Morgan,0.21,C[C@@H](CO)N1C[C@@H](C)[C@@H](CN(C)CC2CC2)OCCCC[C@@H](C)Oc3ccc(NS(=O)(=O)C)cc3C1=O
2019,MTOR,0.84,O=C1N(C=C(C2=C1N(C3=C2C=CC=C3)C)C(=O)NC=4C=C(OC)C(OC)=C(OC)C4)C5CCCC5,Morgan,0.22,COc1c(N2CCNC(C)C2)c(F)cc2c1n(cc(C(O)=O)c2=O)C1CC1
2020,MTOR,0.84,O=C1N(C=C(C2=C1N(C3=C2C=CC=C3)C)C(=O)NC=4C=C(OC)C(OC)=C(OC)C4)C5CCCC5,Morgan,0.22,COc1c(N2CCNC(C)C2)c(F)cc2c1n(cc(C(O)=O)c2=O)C1CC1
2021,MTOR,0.86,ClC1=CC(=C(N2C(CN(S(=O)(=O)CC)CC2=O)(C(=O)NC3CCCCC3)C)C=C1)C,Morgan,0.20,CCS(=O)(=O)NCC[C@@H]1CC[C@@H](NC(=O)C2CCCCC2)[C@H](CO)O1
2022,MTOR,0.87,S1C2=C(N(C(=O)N(C2=O)CC3CCC(CC3)C(=O)NCCC)CC4=C(C=CC=C4)C)C=C1,Morgan,0.22,C[C@@H](CO)N1C[C@@H](C)[C@H](CN(C)C(=O)CC2CC2)Oc3ncc(cc3C1=O)c4ccccc4C
2023,MTOR,0.83,S(C=1N(N=NN1)C)CCCNCC=2C=C(OCC3=C(F)C=CC=C3)C=CC2,Morgan,0.25,Cn1nnnc1Sc2ncnc3scc(c4cccc5ccccc45)c23
2024,MTOR,0.84,O=C1N(C=C(C2=C1N(C3=C2C=CC=C3)C)C(=O)NC=4C=C(OC)C(OC)=C(OC)C4)C5CCCC5,Morgan,0.22,COc1c(N2CCNC(C)C2)c(F)cc2c1n(cc(C(O)=O)c2=O)C1CC1
2025,MTOR,0.82,S(C=1N(C(=NN1)C=2C=CC(OCC)=CC2)C3=CC=CC=C3)CC(=O)C=4C=CC(F)=CC4,Morgan,0.32,Fc1ccc(cc1)C(=O)OCc1ccc(CSc2nnc(o2)-c2cccc3ccccc23)cc1
2026,MTOR,0.83,O1N=C(C(=O)N2CCN(C3=CC=CC=C3)CC2)C=C1C4=CC=C(OC)C=C4,Morgan,0.34,COc1ccc(cc1)C2(CC2)C(=O)N3CCC(CC3)n4nc(oc4=O)c5ccccc5
2027,MTOR,0.83,S(C=1N(N=NN1)C)CCCNCC=2C=C(OCC3=C(F)C=CC=C3)C=CC2,Morgan,0.25,Cn1nnnc1Sc2ncnc3scc(c4cccc5ccccc45)c23
2028,MTOR,0.82,S(C=1N(C(=NN1)C=2C=CC(OCC)=CC2)C3=CC=CC=C3)CC(=O)C=4C=CC(F)=CC4,Morgan,0.32,Fc1ccc(cc1)C(=O)OCc1ccc(CSc2nnc(o2)-c2cccc3ccccc23)cc1
2029,MTOR,0.82,S(C=1N(C(=NN1)C=2C=CC(OCC)=CC2)C3=CC=CC=C3)CC(=O)C=4C=CC(F)=CC4,Morgan,0.32,Fc1ccc(cc1)C(=O)OCc1ccc(CSc2nnc(o2)-c2cccc3ccccc23)cc1
2030,MTOR,0.84,O=C1N(C=C(C2=C1N(C3=C2C=CC=C3)C)C(=O)NC=4C=C(OC)C(OC)=C(OC)C4)C5CCCC5,Morgan,0.22,COc1c(N2CCNC(C)C2)c(F)cc2c1n(cc(C(O)=O)c2=O)C1CC1
2031,MTOR,0.77,O1[C@H]2N3C(O[C@H]2[C@H](O)[C@H]1CO)=NC(=N)C=C3,Morgan,0.25,NC(=O)c1ncn(n1)C1OC(CO)C(O)C1O
2032,MTOR,0.86,ClC1=CC(=C(N2C(CN(S(=O)(=O)CC)CC2=O)(C(=O)NC3CCCCC3)C)C=C1)C,Morgan,0.20,CCS(=O)(=O)NCC[C@@H]1CC[C@@H](NC(=O)C2CCCCC2)[C@H](CO)O1
2033,MTOR,0.84,ClC1=CC=2N(C(=O)NCC3=CC(OC)=CC=C3)CC(OC2C=C1)CC,Morgan,0.31,COc1cccc(CNC(=O)C[C@@H]2CC[C@@H]3[C@@H](COc4ccc(NC(=O)c5cccs5)cc4C(=O)N3C)O2)c1
2034,MTOR,0.84,O=C1N(C=C(C2=C1N(C3=C2C=CC=C3)C)C(=O)NC=4C=C(OC)C(OC)=C(OC)C4)C5CCCC5,Morgan,0.22,COc1c(N2CCNC(C)C2)c(F)cc2c1n(cc(C(O)=O)c2=O)C1CC1
2035,MTOR,0.86,ClC1=CC(=C(N2C(CN(S(=O)(=O)CC)CC2=O)(C(=O)NC3CCCCC3)C)C=C1)C,Morgan,0.20,CCS(=O)(=O)NCC[C@@H]1CC[C@@H](NC(=O)C2CCCCC2)[C@H](CO)O1
2036,MTOR,0.81,S(=O)(=O)(C=1N=C(OC1SC(C2=CC=CC=C2)C)C=3OC=CC3)C4=CC=C(C=C4)C,Morgan,0.40,Cc1noc(C)c1C(c2ccccc2)S(=O)(=O)c3ccc(C)cc3
2037,MTOR,0.83,S(C=1N(N=NN1)C)CCCNCC=2C=C(OCC3=C(F)C=CC=C3)C=CC2,Morgan,0.25,Cn1nnnc1Sc2ncnc3scc(c4cccc5ccccc45)c23
2038,MTOR,0.82,S(C=1N(C(=NN1)C=2C=CC(OCC)=CC2)C3=CC=CC=C3)CC(=O)C=4C=CC(F)=CC4,Morgan,0.32,Fc1ccc(cc1)C(=O)OCc1ccc(CSc2nnc(o2)-c2cccc3ccccc23)cc1
2039,MTOR,1.10,O(C(=O)C1=C(N(C(=C1)C)CC2CCC(C(=O)NC3=CC=C(C=C3)C(=O)C)CC2)C)CC,Morgan,0.25,CCCNC(=O)N1C[C@@H](C)[C@@H](CN(C)C(=O)c2ccc(NC(=O)C3CCC3)cc2OC[C@@H]1C)OC
2040,MTOR,0.82,S(C=1N(C(=NN1)C=2C=CC(OCC)=CC2)C3=CC=CC=C3)CC(=O)C=4C=CC(F)=CC4,Morgan,0.32,Fc1ccc(cc1)C(=O)OCc1ccc(CSc2nnc(o2)-c2cccc3ccccc23)cc1
2041,MTOR,0.83,S(C=1N(N=NN1)C)CCCNCC=2C=C(OCC3=C(F)C=CC=C3)C=CC2,Morgan,0.25,Cn1nnnc1Sc2ncnc3scc(c4cccc5ccccc45)c23
2042,MTOR,0.84,O=C1N(C=C(C2=C1N(C3=C2C=CC=C3)C)C(=O)NC=4C=C(OC)C(OC)=C(OC)C4)C5CCCC5,Morgan,0.22,COc1c(N2CCNC(C)C2)c(F)cc2c1n(cc(C(O)=O)c2=O)C1CC1
2043,MTOR,0.83,O1N=C(C(=O)N2CCN(C3=CC=CC=C3)CC2)C=C1C4=CC=C(OC)C=C4,Morgan,0.34,COc1ccc(cc1)C2(CC2)C(=O)N3CCC(CC3)n4nc(oc4=O)c5ccccc5
2044,MTOR,0.83,O1N=C(C(=O)N2CCN(C3=CC=CC=C3)CC2)C=C1C4=CC=C(OC)C=C4,Morgan,0.34,COc1ccc(cc1)C2(CC2)C(=O)N3CCC(CC3)n4nc(oc4=O)c5ccccc5
2045,MTOR,0.83,O1N=C(C(=O)N2CCN(C3=CC=CC=C3)CC2)C=C1C4=CC=C(OC)C=C4,Morgan,0.34,COc1ccc(cc1)C2(CC2)C(=O)N3CCC(CC3)n4nc(oc4=O)c5ccccc5
2046,MTOR,0.82,S(C=1N(C(=NN1)C=2C=CC(OCC)=CC2)C3=CC=CC=C3)CC(=O)C=4C=CC(F)=CC4,Morgan,0.32,Fc1ccc(cc1)C(=O)OCc1ccc(CSc2nnc(o2)-c2cccc3ccccc23)cc1
2047,MTOR,0.82,S(C=1N(C(=NN1)C=2C=CC(OCC)=CC2)C3=CC=CC=C3)CC(=O)C=4C=CC(F)=CC4,Morgan,0.32,Fc1ccc(cc1)C(=O)OCc1ccc(CSc2nnc(o2)-c2cccc3ccccc23)cc1
2048,MTOR,0.87,S1C2=C(N(C(=O)N(C2=O)CC3CCC(CC3)C(=O)NCCC)CC4=C(C=CC=C4)C)C=C1,Morgan,0.22,C[C@@H](CO)N1C[C@@H](C)[C@H](CN(C)C(=O)CC2CC2)Oc3ncc(cc3C1=O)c4ccccc4C
2049,MTOR,0.83,O1N=C(C(=O)N2CCN(C3=CC=CC=C3)CC2)C=C1C4=CC=C(OC)C=C4,Morgan,0.34,COc1ccc(cc1)C2(CC2)C(=O)N3CCC(CC3)n4nc(oc4=O)c5ccccc5
2050,MTOR,0.84,O=C1N(C=C(C2=C1N(C3=C2C=CC=C3)C)C(=O)NC=4C=C(OC)C(OC)=C(OC)C4)C5CCCC5,Morgan,0.22,COc1c(N2CCNC(C)C2)c(F)cc2c1n(cc(C(O)=O)c2=O)C1CC1
2051,MTOR,0.82,S(C=1N(C(=NN1)C=2C=CC(OCC)=CC2)C3=CC=CC=C3)CC(=O)C=4C=CC(F)=CC4,Morgan,0.32,Fc1ccc(cc1)C(=O)OCc1ccc(CSc2nnc(o2)-c2cccc3ccccc23)cc1
2052,MTOR,0.82,S(C=1N(C(=NN1)C=2C=CC(OCC)=CC2)C3=CC=CC=C3)CC(=O)C=4C=CC(F)=CC4,Morgan,0.32,Fc1ccc(cc1)C(=O)OCc1ccc(CSc2nnc(o2)-c2cccc3ccccc23)cc1
2053,MTOR,0.84,O=C1N(C=C(C2=C1N(C3=C2C=CC=C3)C)C(=O)NC=4C=C(OC)C(OC)=C(OC)C4)C5CCCC5,Morgan,0.22,COc1c(N2CCNC(C)C2)c(F)cc2c1n(cc(C(O)=O)c2=O)C1CC1
2054,MTOR,0.78,O=C(C=1C2=C(N(C1)CC(=O)NC=3C=C(C=CC3)C)C=CC=C2)C4CCCCC4,Morgan,0.23,CO[C@@H]1CN(C)C(=O)c2cc(NC(=O)C3CCCCC3)ccc2OC[C@@H](C)NC[C@@H]1C
2055,MTOR,0.77,O1[C@H]2N3C(O[C@H]2[C@H](O)[C@H]1CO)=NC(=N)C=C3,Morgan,0.25,NC(=O)c1ncn(n1)C1OC(CO)C(O)C1O
2056,MTOR,0.84,O=C1N(C=C(C2=C1N(C3=C2C=CC=C3)C)C(=O)NC=4C=C(OC)C(OC)=C(OC)C4)C5CCCC5,Morgan,0.22,COc1c(N2CCNC(C)C2)c(F)cc2c1n(cc(C(O)=O)c2=O)C1CC1
2057,MTOR,0.84,ClC1=CC=2N(C(=O)NCC3=CC(OC)=CC=C3)CC(OC2C=C1)CC,Morgan,0.31,COc1cccc(CNC(=O)C[C@@H]2CC[C@@H]3[C@@H](COc4ccc(NC(=O)c5cccs5)cc4C(=O)N3C)O2)c1
2058,MTOR,0.82,S(C=1N(C(=NN1)C=2C=CC(OCC)=CC2)C3=CC=CC=C3)CC(=O)C=4C=CC(F)=CC4,Morgan,0.32,Fc1ccc(cc1)C(=O)OCc1ccc(CSc2nnc(o2)-c2cccc3ccccc23)cc1
2059,MTOR,0.81,S(=O)(=O)(C=1N=C(OC1SC(C2=CC=CC=C2)C)C=3OC=CC3)C4=CC=C(C=C4)C,Morgan,0.40,Cc1noc(C)c1C(c2ccccc2)S(=O)(=O)c3ccc(C)cc3
2060,MTOR,0.83,S(C=1N(N=NN1)C)CCCNCC=2C=C(OCC3=C(F)C=CC=C3)C=CC2,Morgan,0.25,Cn1nnnc1Sc2ncnc3scc(c4cccc5ccccc45)c23
2061,MTOR,0.83,S(C=1N(N=NN1)C)CCCNCC=2C=C(OCC3=C(F)C=CC=C3)C=CC2,Morgan,0.25,Cn1nnnc1Sc2ncnc3scc(c4cccc5ccccc45)c23
2062,MTOR,0.82,S(C=1N(C(=NN1)C=2C=CC(OCC)=CC2)C3=CC=CC=C3)CC(=O)C=4C=CC(F)=CC4,Morgan,0.32,Fc1ccc(cc1)C(=O)OCc1ccc(CSc2nnc(o2)-c2cccc3ccccc23)cc1
2063,MTOR,0.86,ClC1=CC(=C(N2C(CN(S(=O)(=O)CC)CC2=O)(C(=O)NC3CCCCC3)C)C=C1)C,Morgan,0.20,CCS(=O)(=O)NCC[C@@H]1CC[C@@H](NC(=O)C2CCCCC2)[C@H](CO)O1
2064,MTOR,0.81,S(=O)(=O)(C=1N=C(OC1SC(C2=CC=CC=C2)C)C=3OC=CC3)C4=CC=C(C=C4)C,Morgan,0.40,Cc1noc(C)c1C(c2ccccc2)S(=O)(=O)c3ccc(C)cc3
2065,MTOR,0.82,S(C=1N(C(=NN1)C=2C=CC(OCC)=CC2)C3=CC=CC=C3)CC(=O)C=4C=CC(F)=CC4,Morgan,0.32,Fc1ccc(cc1)C(=O)OCc1ccc(CSc2nnc(o2)-c2cccc3ccccc23)cc1
2066,MTOR,0.84,O=C1N(C=C(C2=C1N(C3=C2C=CC=C3)C)C(=O)NC=4C=C(OC)C(OC)=C(OC)C4)C5CCCC5,Morgan,0.22,COc1c(N2CCNC(C)C2)c(F)cc2c1n(cc(C(O)=O)c2=O)C1CC1
2067,MTOR,0.81,S(=O)(=O)(C=1N=C(OC1SC(C2=CC=CC=C2)C)C=3OC=CC3)C4=CC=C(C=C4)C,Morgan,0.40,Cc1noc(C)c1C(c2ccccc2)S(=O)(=O)c3ccc(C)cc3
2068,MTOR,0.86,ClC1=CC(=C(N2C(CN(S(=O)(=O)CC)CC2=O)(C(=O)NC3CCCCC3)C)C=C1)C,Morgan,0.20,CCS(=O)(=O)NCC[C@@H]1CC[C@@H](NC(=O)C2CCCCC2)[C@H](CO)O1
2069,MTOR,0.82,S(C=1N(C(=NN1)C=2C=CC(OCC)=CC2)C3=CC=CC=C3)CC(=O)C=4C=CC(F)=CC4,Morgan,0.32,Fc1ccc(cc1)C(=O)OCc1ccc(CSc2nnc(o2)-c2cccc3ccccc23)cc1
2070,MTOR,0.77,O1[C@H]2N3C(O[C@H]2[C@H](O)[C@H]1CO)=NC(=N)C=C3,Morgan,0.25,NC(=O)c1ncn(n1)C1OC(CO)C(O)C1O
2071,MTOR,0.86,S(=O)(=O)(NCC1CCC(C(=O)NC=2C(OC)=CC=CC2)CC1)C3=CC4=C(N(C(C4)C)C(=O)C)C=C3,Morgan,0.33,COc1ccccc1NC(=O)C[C@H]1CC[C@H]2[C@@H](COc3ccc(NS(C)(=O)=O)cc3C(=O)N2C)O1
2072,MTOR,0.00,C1(=C(C(=C2NC(=NC2=C1Br)N(C)C)Br)Br)Br,Morgan,0.42,Brc1c(Br)c(Br)c2[nH]nnc2c1Br
2073,MTOR,0.81,S(=O)(=O)(C=1N=C(OC1SC(C2=CC=CC=C2)C)C=3OC=CC3)C4=CC=C(C=C4)C,Morgan,0.40,Cc1noc(C)c1C(c2ccccc2)S(=O)(=O)c3ccc(C)cc3
2074,MTOR,0.82,S(C=1N(C(=NN1)C=2C=CC(OCC)=CC2)C3=CC=CC=C3)CC(=O)C=4C=CC(F)=CC4,Morgan,0.32,Fc1ccc(cc1)C(=O)OCc1ccc(CSc2nnc(o2)-c2cccc3ccccc23)cc1
2075,MTOR,0.83,S(C=1N(N=NN1)C)CCCNCC=2C=C(OCC3=C(F)C=CC=C3)C=CC2,Morgan,0.25,Cn1nnnc1Sc2ncnc3scc(c4cccc5ccccc45)c23
2076,MTOR,0.83,S(C=1N(N=NN1)C)CCCNCC=2C=C(OCC3=C(F)C=CC=C3)C=CC2,Morgan,0.25,Cn1nnnc1Sc2ncnc3scc(c4cccc5ccccc45)c23
2077,MTOR,0.82,S(C=1N(C(=NN1)C=2C=CC(OCC)=CC2)C3=CC=CC=C3)CC(=O)C=4C=CC(F)=CC4,Morgan,0.32,Fc1ccc(cc1)C(=O)OCc1ccc(CSc2nnc(o2)-c2cccc3ccccc23)cc1
2078,MTOR,0.88,O(C1=CC2=C(N(C(=C2C(OCC)=O)C)C3=CC=CC=C3)C=C1)C(=O)C=4C=CC=CC4,Morgan,0.38,CC(=O)c1c(C)n(c2ccc(C)cc2)c3ccc(OC(=O)CN4C(=O)c5ccccc5C4=O)cc13
2079,MTOR,0.81,S(=O)(=O)(C=1N=C(OC1SC(C2=CC=CC=C2)C)C=3OC=CC3)C4=CC=C(C=C4)C,Morgan,0.40,Cc1noc(C)c1C(c2ccccc2)S(=O)(=O)c3ccc(C)cc3
2080,MTOR,0.88,O(C1=CC2=C(N(C(=C2C(OCC)=O)C)C3=CC=CC=C3)C=C1)C(=O)C=4C=CC=CC4,Morgan,0.38,CC(=O)c1c(C)n(c2ccc(C)cc2)c3ccc(OC(=O)CN4C(=O)c5ccccc5C4=O)cc13
2081,MTOR,0.82,S(C=1N(C(=NN1)C=2C=CC(OCC)=CC2)C3=CC=CC=C3)CC(=O)C=4C=CC(F)=CC4,Morgan,0.32,Fc1ccc(cc1)C(=O)OCc1ccc(CSc2nnc(o2)-c2cccc3ccccc23)cc1
2082,MTOR,0.77,O1[C@H]2N3C(O[C@H]2[C@H](O)[C@H]1CO)=NC(=N)C=C3,Morgan,0.25,NC(=O)c1ncn(n1)C1OC(CO)C(O)C1O
2083,MTOR,0.84,O=C1N(C=C(C2=C1N(C3=C2C=CC=C3)C)C(=O)NC=4C=C(OC)C(OC)=C(OC)C4)C5CCCC5,Morgan,0.22,COc1c(N2CCNC(C)C2)c(F)cc2c1n(cc(C(O)=O)c2=O)C1CC1
2084,MTOR,0.86,ClC1=CC(=C(N2C(CN(S(=O)(=O)CC)CC2=O)(C(=O)NC3CCCCC3)C)C=C1)C,Morgan,0.20,CCS(=O)(=O)NCC[C@@H]1CC[C@@H](NC(=O)C2CCCCC2)[C@H](CO)O1
2085,MTOR,0.87,S1C2=C(N(C(=O)N(C2=O)CC3CCC(CC3)C(=O)NCCC)CC4=C(C=CC=C4)C)C=C1,Morgan,0.22,C[C@@H](CO)N1C[C@@H](C)[C@H](CN(C)C(=O)CC2CC2)Oc3ncc(cc3C1=O)c4ccccc4C
2086,MTOR,0.82,S(C=1N(C(=NN1)C=2C=CC(OCC)=CC2)C3=CC=CC=C3)CC(=O)C=4C=CC(F)=CC4,Morgan,0.32,Fc1ccc(cc1)C(=O)OCc1ccc(CSc2nnc(o2)-c2cccc3ccccc23)cc1
2087,MTOR,0.82,S(C=1N(C(=NN1)C=2C=CC(OCC)=CC2)C3=CC=CC=C3)CC(=O)C=4C=CC(F)=CC4,Morgan,0.32,Fc1ccc(cc1)C(=O)OCc1ccc(CSc2nnc(o2)-c2cccc3ccccc23)cc1
2088,MTOR,0.82,S(C=1N(C(=NN1)C=2C=CC(OCC)=CC2)C3=CC=CC=C3)CC(=O)C=4C=CC(F)=CC4,Morgan,0.32,Fc1ccc(cc1)C(=O)OCc1ccc(CSc2nnc(o2)-c2cccc3ccccc23)cc1
2089,MTOR,0.82,S(C=1N(C(=NN1)C=2C=CC(OCC)=CC2)C3=CC=CC=C3)CC(=O)C=4C=CC(F)=CC4,Morgan,0.32,Fc1ccc(cc1)C(=O)OCc1ccc(CSc2nnc(o2)-c2cccc3ccccc23)cc1
2090,MTOR,0.83,S(C=1N(N=NN1)C)CCCNCC=2C=C(OCC3=C(F)C=CC=C3)C=CC2,Morgan,0.25,Cn1nnnc1Sc2ncnc3scc(c4cccc5ccccc45)c23
2091,MTOR,0.84,O=C1N(C=C(C2=C1N(C3=C2C=CC=C3)C)C(=O)NC=4C=C(OC)C(OC)=C(OC)C4)C5CCCC5,Morgan,0.22,COc1c(N2CCNC(C)C2)c(F)cc2c1n(cc(C(O)=O)c2=O)C1CC1
2092,MTOR,0.82,S(C=1N(C(=NN1)C=2C=CC(OCC)=CC2)C3=CC=CC=C3)CC(=O)C=4C=CC(F)=CC4,Morgan,0.32,Fc1ccc(cc1)C(=O)OCc1ccc(CSc2nnc(o2)-c2cccc3ccccc23)cc1
2093,MTOR,0.82,S(C=1N(C(=NN1)C=2C=CC(OCC)=CC2)C3=CC=CC=C3)CC(=O)C=4C=CC(F)=CC4,Morgan,0.32,Fc1ccc(cc1)C(=O)OCc1ccc(CSc2nnc(o2)-c2cccc3ccccc23)cc1
2094,MTOR,0.84,O=C1N(C=C(C2=C1N(C3=C2C=CC=C3)C)C(=O)NC=4C=C(OC)C(OC)=C(OC)C4)C5CCCC5,Morgan,0.22,COc1c(N2CCNC(C)C2)c(F)cc2c1n(cc(C(O)=O)c2=O)C1CC1
2095,MTOR,0.82,S(C=1N(C(=NN1)C=2C=CC(OCC)=CC2)C3=CC=CC=C3)CC(=O)C=4C=CC(F)=CC4,Morgan,0.32,Fc1ccc(cc1)C(=O)OCc1ccc(CSc2nnc(o2)-c2cccc3ccccc23)cc1
2096,MTOR,0.84,O=C1N(C=C(C2=C1N(C3=C2C=CC=C3)C)C(=O)NC=4C=C(OC)C(OC)=C(OC)C4)C5CCCC5,Morgan,0.22,COc1c(N2CCNC(C)C2)c(F)cc2c1n(cc(C(O)=O)c2=O)C1CC1
2097,MTOR,0.87,S1C2=C(N(C(=O)N(C2=O)CC3CCC(CC3)C(=O)NCCC)CC4=C(C=CC=C4)C)C=C1,Morgan,0.22,C[C@@H](CO)N1C[C@@H](C)[C@H](CN(C)C(=O)CC2CC2)Oc3ncc(cc3C1=O)c4ccccc4C
2098,MTOR,0.81,S(=O)(=O)(C=1N=C(OC1SC(C2=CC=CC=C2)C)C=3OC=CC3)C4=CC=C(C=C4)C,Morgan,0.40,Cc1noc(C)c1C(c2ccccc2)S(=O)(=O)c3ccc(C)cc3
2099,MTOR,0.86,ClC1=CC(=C(N2C(CN(S(=O)(=O)CC)CC2=O)(C(=O)NC3CCCCC3)C)C=C1)C,Morgan,0.20,CCS(=O)(=O)NCC[C@@H]1CC[C@@H](NC(=O)C2CCCCC2)[C@H](CO)O1
2100,PIK3CA,0.85,C1(=C(C=CC(=C1)C)C=2OC(=NN2)SCC=3C=C(C=CC3)OC)O,Fraggle,0.63,Fc1ccc(cc1)C(=O)OCc1ccc(CSc2nnc(o2)-c2cccc3ccccc23)cc1
2101,PIK3CA,0.88,N=1C(=CC2=C(C1C)C=C(C(N2C3CCOCC3)=O)C4=CC(=C(N=C4)OC)NS(C5=C(C=C(C=C5)F)F)(=O)=O)N,Fraggle,0.38,C[C@@H](CO)N1C[C@@H](C)[C@@H](CN(C)Cc2ccc(Cl)c(Cl)c2)Oc3c(NS(=O)(=O)c4cccs4)cccc3C1=O
2102,PIK3CA,0.85,C=1(N=C(CC(NC=2C=CC(=C(C2)OC)F)=O)N=C(C1)N3CCOCC3)O,Fraggle,0.37,COc1c(N2CCNC(C)C2)c(F)cc2c1n(cc(C(O)=O)c2=O)C1CC1
2103,PIK3CA,0.83,S(=O)(=O)(NC=1C=C(C=2N=C(N=C(N3CCOCC3)C2)NCCC4=CC=NC=C4)C=CC1)C,Fraggle,0.24,CCS(=O)(=O)NCC[C@@H]1CC[C@@H](NC(=O)C2CCCCC2)[C@H](CO)O1
2104,PIK3CA,0.88,N=1C(=CC2=C(C1C)C=C(C(N2C3CCOCC3)=O)C4=CC(=C(N=C4)OC)NS(C5=C(C=C(C=C5)F)F)(=O)=O)N,Fraggle,0.38,C[C@@H](CO)N1C[C@@H](C)[C@@H](CN(C)Cc2ccc(Cl)c(Cl)c2)Oc3c(NS(=O)(=O)c4cccs4)cccc3C1=O
2105,PIK3CA,0.85,C=1(N=C(CC(NC=2C=CC(=C(C2)OC)F)=O)N=C(C1)N3CCOCC3)O,Fraggle,0.37,COc1c(N2CCNC(C)C2)c(F)cc2c1n(cc(C(O)=O)c2=O)C1CC1
2106,PIK3CA,0.00,C1=NC=2NN=C(C#CC=3C=CC=NC3)C2C=C1,Fraggle,0.56,Brc1c(Br)c(Br)c2[nH]nnc2c1Br
2107,PIK3CA,0.83,O1C2=C(CN(CC1)C(=O)C=3C=CC(=CC3)C(=O)C)C=C(C=4C=C5N(N=CC5=CC4)C)C=C2,Fraggle,0.41,COc1ccc(cc1)C2(CC2)C(=O)N3CCC(CC3)n4nc(oc4=O)c5ccccc5
2108,PIK3CA,0.88,N=1C(=CC2=C(C1C)C=C(C(N2C3CCOCC3)=O)C4=CC(=C(N=C4)OC)NS(C5=C(C=C(C=C5)F)F)(=O)=O)N,Fraggle,0.38,C[C@@H](CO)N1C[C@@H](C)[C@@H](CN(C)Cc2ccc(Cl)c(Cl)c2)Oc3c(NS(=O)(=O)c4cccs4)cccc3C1=O
2109,PIK3CA,0.81,O1CCN(CC1)C=2NC(=NC(=O)C2)CC=3NC4=C(N3)C=CC(=C4)C,Fraggle,0.39,C[C@H](NC(=O)[C@H]1[C@H](CO)[C@H]2Cn3c(ccc(C=Cc4ccccc4)c3=O)[C@@H]1N2)c1ccccc1
2110,PIK3CA,0.00,C1=NC=2NN=C(C#CC=3C=CC=NC3)C2C=C1,Fraggle,0.56,Brc1c(Br)c(Br)c2[nH]nnc2c1Br
2111,PIK3CA,0.83,O1C2=C(CN(CC1)C(=O)C=3C=CC(=CC3)C(=O)C)C=C(C=4C=C5N(N=CC5=CC4)C)C=C2,Fraggle,0.41,COc1ccc(cc1)C2(CC2)C(=O)N3CCC(CC3)n4nc(oc4=O)c5ccccc5
2112,PIK3CA,0.83,S(=O)(=O)(NC)C=1C=CC(C(=O)N2CC3=C(OCC2)C=CC(=C3)C=4C=C5NC=NC5=CC4)=CC1,Fraggle,0.47,C[C@@H](CO)N1C[C@@H](C)[C@@H](CN(C)CC2CC2)OCCCC[C@@H](C)Oc3ccc(NS(=O)(=O)C)cc3C1=O
2113,PIK3CA,0.85,C=1(N=C(CC(NC=2C=CC(=C(C2)OC)F)=O)N=C(C1)N3CCOCC3)O,Fraggle,0.37,COc1c(N2CCNC(C)C2)c(F)cc2c1n(cc(C(O)=O)c2=O)C1CC1
2114,PIK3CA,0.83,S(=O)(=O)(NC=1C=C(C=2N=C(N=C(N3CCOCC3)C2)NCCC4=CC=NC=C4)C=CC1)C,Fraggle,0.24,CCS(=O)(=O)NCC[C@@H]1CC[C@@H](NC(=O)C2CCCCC2)[C@H](CO)O1
2115,PIK3CA,0.85,C1(=C(C=CC(=C1)C)C=2OC(=NN2)SCC=3C=C(C=CC3)OC)O,Fraggle,0.63,Fc1ccc(cc1)C(=O)OCc1ccc(CSc2nnc(o2)-c2cccc3ccccc23)cc1
2116,PIK3CA,0.85,C=1(N=C(CC(NC=2C=CC(=C(C2)OC)F)=O)N=C(C1)N3CCOCC3)O,Fraggle,0.37,COc1c(N2CCNC(C)C2)c(F)cc2c1n(cc(C(O)=O)c2=O)C1CC1
2117,PIK3CA,0.00,C1=NC=2NN=C(C#CC=3C=CC=NC3)C2C=C1,Fraggle,0.56,Brc1c(Br)c(Br)c2[nH]nnc2c1Br
2118,PIK3CA,0.84,N=1C(N)=C2C(=NC1)N(C)N=C2C=3SC4=C(C3)C=CC=C4,Fraggle,0.73,Cn1nnnc1Sc2ncnc3scc(c4cccc5ccccc45)c23
2119,PIK3CA,0.85,C1(=C(C=CC(=C1)C)C=2OC(=NN2)SCC=3C=C(C=CC3)OC)O,Fraggle,0.63,Fc1ccc(cc1)C(=O)OCc1ccc(CSc2nnc(o2)-c2cccc3ccccc23)cc1
2120,PIK3CA,0.88,N=1C(=CC2=C(C1C)C=C(C(N2C3CCOCC3)=O)C4=CC(=C(N=C4)OC)NS(C5=C(C=C(C=C5)F)F)(=O)=O)N,Fraggle,0.38,C[C@@H](CO)N1C[C@@H](C)[C@@H](CN(C)Cc2ccc(Cl)c(Cl)c2)Oc3c(NS(=O)(=O)c4cccs4)cccc3C1=O
2121,PIK3CA,0.94,C1=C(C(=CC(=C1)C2=CN3C(C=C2)=NC(=N3)NC(C)=O)OC)OC,Fraggle,0.00,COc1ccc2c(cc(C)c3nnc(SCC(=O)Nc4cccc(c4)C(=O)C)n32)c1
2122,PIK3CA,0.00,C1=NC=2NN=C(C#CC=3C=CC=NC3)C2C=C1,Fraggle,0.56,Brc1c(Br)c(Br)c2[nH]nnc2c1Br
2123,PIK3CA,0.84,N=1C(N)=C2C(=NC1)N(C)N=C2C=3SC4=C(C3)C=CC=C4,Fraggle,0.73,Cn1nnnc1Sc2ncnc3scc(c4cccc5ccccc45)c23
2124,PIK3CA,0.88,N=1C(=CC2=C(C1C)C=C(C(N2C3CCOCC3)=O)C4=CC(=C(N=C4)OC)NS(C5=C(C=C(C=C5)F)F)(=O)=O)N,Fraggle,0.38,C[C@@H](CO)N1C[C@@H](C)[C@@H](CN(C)Cc2ccc(Cl)c(Cl)c2)Oc3c(NS(=O)(=O)c4cccs4)cccc3C1=O
2125,PIK3CA,0.83,S(=O)(=O)(NC=1C=C(C=2N=C(N=C(N3CCOCC3)C2)NCCC4=CC=NC=C4)C=CC1)C,Fraggle,0.24,CCS(=O)(=O)NCC[C@@H]1CC[C@@H](NC(=O)C2CCCCC2)[C@H](CO)O1
2126,PIK3CA,0.83,O1C2=C(CN(CC1)C(=O)C=3C=CC(=CC3)C(=O)C)C=C(C=4C=C5N(N=CC5=CC4)C)C=C2,Fraggle,0.41,COc1ccc(cc1)C2(CC2)C(=O)N3CCC(CC3)n4nc(oc4=O)c5ccccc5
2127,PIK3CA,0.83,O1C2=C(CN(CC1)C(=O)C=3C=CC(=CC3)C(=O)C)C=C(C=4C=C5N(N=CC5=CC4)C)C=C2,Fraggle,0.41,COc1ccc(cc1)C2(CC2)C(=O)N3CCC(CC3)n4nc(oc4=O)c5ccccc5
2128,PIK3CA,0.81,O1CCN(CC1)C=2NC(=NC(=O)C2)CC=3NC4=C(N3)C=CC(=C4)C,Fraggle,0.39,C[C@H](NC(=O)[C@H]1[C@H](CO)[C@H]2Cn3c(ccc(C=Cc4ccccc4)c3=O)[C@@H]1N2)c1ccccc1
2129,PIK3CA,0.88,N=1C(=NC=NC1N2C3=C(N=C2NC=4C=CC=C(C4)O)C=CC=C3)C,Fraggle,0.33,OC(c1cnc2ccccn12)(c1ccccc1)c1ccccc1
2130,PIK3CA,0.85,C=1(N=C(CC(NC=2C=CC(=C(C2)OC)F)=O)N=C(C1)N3CCOCC3)O,Fraggle,0.37,COc1c(N2CCNC(C)C2)c(F)cc2c1n(cc(C(O)=O)c2=O)C1CC1
2131,PIK3CA,0.83,S(=O)(=O)(NC=1C=C(C=2N=C(N=C(N3CCOCC3)C2)NCCC4=CC=NC=C4)C=CC1)C,Fraggle,0.24,CCS(=O)(=O)NCC[C@@H]1CC[C@@H](NC(=O)C2CCCCC2)[C@H](CO)O1
2132,PIK3CA,0.00,C1=NC=2NN=C(C#CC=3C=CC=NC3)C2C=C1,Fraggle,0.56,Brc1c(Br)c(Br)c2[nH]nnc2c1Br
2133,PIK3CA,0.00,C1=NC=2NN=C(C#CC=3C=CC=NC3)C2C=C1,Fraggle,0.56,Brc1c(Br)c(Br)c2[nH]nnc2c1Br
2134,PIK3CA,0.85,C1(=C(C=CC(=C1)C)C=2OC(=NN2)SCC=3C=C(C=CC3)OC)O,Fraggle,0.63,Fc1ccc(cc1)C(=O)OCc1ccc(CSc2nnc(o2)-c2cccc3ccccc23)cc1
2135,PIK3CA,0.81,O1CCN(CC1)C=2NC(=NC(=O)C2)CC=3NC4=C(N3)C=CC(=C4)C,Fraggle,0.39,C[C@H](NC(=O)[C@H]1[C@H](CO)[C@H]2Cn3c(ccc(C=Cc4ccccc4)c3=O)[C@@H]1N2)c1ccccc1
2136,PIK3CA,0.88,N=1C(=NC=NC1N2C3=C(N=C2NC=4C=CC=C(C4)O)C=CC=C3)C,Fraggle,0.33,OC(c1cnc2ccccn12)(c1ccccc1)c1ccccc1
2137,PIK3CA,0.85,C=1(N=C(CC(NC=2C=CC(=C(C2)OC)F)=O)N=C(C1)N3CCOCC3)O,Fraggle,0.37,COc1c(N2CCNC(C)C2)c(F)cc2c1n(cc(C(O)=O)c2=O)C1CC1
2138,PIK3CA,0.00,C1=NC=2NN=C(C#CC=3C=CC=NC3)C2C=C1,Fraggle,0.56,Brc1c(Br)c(Br)c2[nH]nnc2c1Br
2139,PIK3CA,0.85,C1(=C(C=CC(=C1)C)C=2OC(=NN2)SCC=3C=C(C=CC3)OC)O,Fraggle,0.63,Fc1ccc(cc1)C(=O)OCc1ccc(CSc2nnc(o2)-c2cccc3ccccc23)cc1
2140,PIK3CA,0.79,O1C2(O)C([C@@]3([C@H](C(CCC3)(C)C)CC2)C)=C4C1=CC(=O)C(=O)C4,Fraggle,0.72,C[C@@]12[C@H](CC[C@]1(O)[C@@H]1CC[C@@H]3C[C@@H](O)CC[C@]3(C)[C@H]1C[C@H]2O)C1=CC(=O)OC1
2141,PIK3CA,0.83,S(=O)(=O)(NC=1C=C(C=2N=C(N=C(N3CCOCC3)C2)NCCC4=CC=NC=C4)C=CC1)C,Fraggle,0.24,CCS(=O)(=O)NCC[C@@H]1CC[C@@H](NC(=O)C2CCCCC2)[C@H](CO)O1
2142,PIK3CA,0.84,N=1C(N)=C2C(=NC1)N(C)N=C2C=3SC4=C(C3)C=CC=C4,Fraggle,0.73,Cn1nnnc1Sc2ncnc3scc(c4cccc5ccccc45)c23
2143,PIK3CA,0.00,C1=NC=2NN=C(C#CC=3C=CC=NC3)C2C=C1,Fraggle,0.56,Brc1c(Br)c(Br)c2[nH]nnc2c1Br
2144,PIK3CA,0.83,O1C2=C(CN(CC1)C(=O)C=3C=CC(=CC3)C(=O)C)C=C(C=4C=C5N(N=CC5=CC4)C)C=C2,Fraggle,0.41,COc1ccc(cc1)C2(CC2)C(=O)N3CCC(CC3)n4nc(oc4=O)c5ccccc5
2145,PIK3CA,0.00,C1=NC=2NN=C(C#CC=3C=CC=NC3)C2C=C1,Fraggle,0.56,Brc1c(Br)c(Br)c2[nH]nnc2c1Br
2146,PIK3CA,0.84,N=1C(N)=C2C(=NC1)N(C)N=C2C=3SC4=C(C3)C=CC=C4,Fraggle,0.73,Cn1nnnc1Sc2ncnc3scc(c4cccc5ccccc45)c23
2147,PIK3CA,0.83,O1C2=C(CN(CC1)C(=O)C=3C=CC(=CC3)C(=O)C)C=C(C=4C=C5N(N=CC5=CC4)C)C=C2,Fraggle,0.41,COc1ccc(cc1)C2(CC2)C(=O)N3CCC(CC3)n4nc(oc4=O)c5ccccc5
2148,PIK3CA,0.00,C1=NC=2NN=C(C#CC=3C=CC=NC3)C2C=C1,Fraggle,0.56,Brc1c(Br)c(Br)c2[nH]nnc2c1Br
2149,PIK3CA,0.85,C=1(N=C(CC(NC=2C=CC(=C(C2)OC)F)=O)N=C(C1)N3CCOCC3)O,Fraggle,0.37,COc1c(N2CCNC(C)C2)c(F)cc2c1n(cc(C(O)=O)c2=O)C1CC1
2150,PIK3CA,0.85,C1(=C(C=CC(=C1)C)C=2OC(=NN2)SCC=3C=C(C=CC3)OC)O,Fraggle,0.63,Fc1ccc(cc1)C(=O)OCc1ccc(CSc2nnc(o2)-c2cccc3ccccc23)cc1
2151,PIK3CA,0.88,N=1C(=NC=NC1N2C3=C(N=C2NC=4C=CC=C(C4)O)C=CC=C3)C,Fraggle,0.33,OC(c1cnc2ccccn12)(c1ccccc1)c1ccccc1
2152,PIK3CA,0.84,N=1C(N)=C2C(=NC1)N(C)N=C2C=3SC4=C(C3)C=CC=C4,Fraggle,0.73,Cn1nnnc1Sc2ncnc3scc(c4cccc5ccccc45)c23
2153,PIK3CA,0.88,N=1C(=CC2=C(C1C)C=C(C(N2C3CCOCC3)=O)C4=CC(=C(N=C4)OC)NS(C5=C(C=C(C=C5)F)F)(=O)=O)N,Fraggle,0.38,C[C@@H](CO)N1C[C@@H](C)[C@@H](CN(C)Cc2ccc(Cl)c(Cl)c2)Oc3c(NS(=O)(=O)c4cccs4)cccc3C1=O
2154,PIK3CA,0.83,O1C2=C(CN(CC1)C(=O)C=3C=CC(=CC3)C(=O)C)C=C(C=4C=C5N(N=CC5=CC4)C)C=C2,Fraggle,0.41,COc1ccc(cc1)C2(CC2)C(=O)N3CCC(CC3)n4nc(oc4=O)c5ccccc5
2155,PIK3CA,0.83,S(=O)(=O)(NC)C=1C=CC(C(=O)N2CC3=C(OCC2)C=CC(=C3)C=4C=C5NC=NC5=CC4)=CC1,Fraggle,0.47,C[C@@H](CO)N1C[C@@H](C)[C@@H](CN(C)CC2CC2)OCCCC[C@@H](C)Oc3ccc(NS(=O)(=O)C)cc3C1=O
2156,PIK3CA,0.88,N=1C(=NC=NC1N2C3=C(N=C2NC=4C=CC=C(C4)O)C=CC=C3)C,Fraggle,0.33,OC(c1cnc2ccccn12)(c1ccccc1)c1ccccc1
2157,PIK3CA,0.85,C1(=C(C=CC(=C1)C)C=2OC(=NN2)SCC=3C=C(C=CC3)OC)O,Fraggle,0.63,Fc1ccc(cc1)C(=O)OCc1ccc(CSc2nnc(o2)-c2cccc3ccccc23)cc1
2158,PIK3CA,0.85,C1(=C(C=CC(=C1)C)C=2OC(=NN2)SCC=3C=C(C=CC3)OC)O,Fraggle,0.63,Fc1ccc(cc1)C(=O)OCc1ccc(CSc2nnc(o2)-c2cccc3ccccc23)cc1
2159,PIK3CA,0.81,O1CCN(CC1)C=2NC(=NC(=O)C2)CC=3NC4=C(N3)C=CC(=C4)C,Fraggle,0.39,C[C@H](NC(=O)[C@H]1[C@H](CO)[C@H]2Cn3c(ccc(C=Cc4ccccc4)c3=O)[C@@H]1N2)c1ccccc1
2160,PIK3CA,0.85,C=1(N=C(CC(NC=2C=CC(=C(C2)OC)F)=O)N=C(C1)N3CCOCC3)O,Fraggle,0.37,COc1c(N2CCNC(C)C2)c(F)cc2c1n(cc(C(O)=O)c2=O)C1CC1
2161,PIK3CA,0.83,S(=O)(=O)(NC=1C=C(C=2N=C(N=C(N3CCOCC3)C2)NCCC4=CC=NC=C4)C=CC1)C,Fraggle,0.24,CCS(=O)(=O)NCC[C@@H]1CC[C@@H](NC(=O)C2CCCCC2)[C@H](CO)O1
2162,PIK3CA,0.85,C=1(N=C(CC(NC=2C=CC(=C(C2)OC)F)=O)N=C(C1)N3CCOCC3)O,Fraggle,0.37,COc1c(N2CCNC(C)C2)c(F)cc2c1n(cc(C(O)=O)c2=O)C1CC1
2163,PIK3CA,0.83,O1C2=C(CN(CC1)C(=O)C=3C=CC(=CC3)C(=O)C)C=C(C=4C=C5N(N=CC5=CC4)C)C=C2,Fraggle,0.41,COc1ccc(cc1)C2(CC2)C(=O)N3CCC(CC3)n4nc(oc4=O)c5ccccc5
2164,PIK3CA,0.83,S(=O)(=O)(NC)C=1C=CC(C(=O)N2CC3=C(OCC2)C=CC(=C3)C=4C=C5NC=NC5=CC4)=CC1,Fraggle,0.47,C[C@@H](CO)N1C[C@@H](C)[C@@H](CN(C)CC2CC2)OCCCC[C@@H](C)Oc3ccc(NS(=O)(=O)C)cc3C1=O
2165,PIK3CA,0.85,C=1(N=C(CC(NC=2C=CC(=C(C2)OC)F)=O)N=C(C1)N3CCOCC3)O,Fraggle,0.37,COc1c(N2CCNC(C)C2)c(F)cc2c1n(cc(C(O)=O)c2=O)C1CC1
2166,PIK3CA,0.88,N=1C(=CC2=C(C1C)C=C(C(N2C3CCOCC3)=O)C4=CC(=C(N=C4)OC)NS(C5=C(C=C(C=C5)F)F)(=O)=O)N,Fraggle,0.38,C[C@@H](CO)N1C[C@@H](C)[C@@H](CN(C)Cc2ccc(Cl)c(Cl)c2)Oc3c(NS(=O)(=O)c4cccs4)cccc3C1=O
2167,PIK3CA,0.00,C1=NC=2NN=C(C#CC=3C=CC=NC3)C2C=C1,Fraggle,0.56,Brc1c(Br)c(Br)c2[nH]nnc2c1Br
2168,PIK3CA,0.00,C1=NC=2NN=C(C#CC=3C=CC=NC3)C2C=C1,Fraggle,0.56,Brc1c(Br)c(Br)c2[nH]nnc2c1Br
2169,PIK3CA,0.85,C=1(N=C(CC(NC=2C=CC(=C(C2)OC)F)=O)N=C(C1)N3CCOCC3)O,Fraggle,0.37,COc1c(N2CCNC(C)C2)c(F)cc2c1n(cc(C(O)=O)c2=O)C1CC1
2170,PIK3CA,0.83,S(=O)(=O)(NC)C=1C=CC(C(=O)N2CC3=C(OCC2)C=CC(=C3)C=4C=C5NC=NC5=CC4)=CC1,Fraggle,0.47,C[C@@H](CO)N1C[C@@H](C)[C@@H](CN(C)CC2CC2)OCCCC[C@@H](C)Oc3ccc(NS(=O)(=O)C)cc3C1=O
2171,PIK3CA,0.83,S(=O)(=O)(NC=1C=C(C=2N=C(N=C(N3CCOCC3)C2)NCCC4=CC=NC=C4)C=CC1)C,Fraggle,0.24,CCS(=O)(=O)NCC[C@@H]1CC[C@@H](NC(=O)C2CCCCC2)[C@H](CO)O1
2172,PIK3CA,0.00,C1=NC=2NN=C(C#CC=3C=CC=NC3)C2C=C1,Fraggle,0.56,Brc1c(Br)c(Br)c2[nH]nnc2c1Br
2173,PIK3CA,0.83,S(=O)(=O)(NC=1C=C(C=2N=C(N=C(N3CCOCC3)C2)NCCC4=CC=NC=C4)C=CC1)C,Fraggle,0.24,CCS(=O)(=O)NCC[C@@H]1CC[C@@H](NC(=O)C2CCCCC2)[C@H](CO)O1
2174,PIK3CA,0.88,N=1C(=CC2=C(C1C)C=C(C(N2C3CCOCC3)=O)C4=CC(=C(N=C4)OC)NS(C5=C(C=C(C=C5)F)F)(=O)=O)N,Fraggle,0.38,C[C@@H](CO)N1C[C@@H](C)[C@@H](CN(C)Cc2ccc(Cl)c(Cl)c2)Oc3c(NS(=O)(=O)c4cccs4)cccc3C1=O
2175,PIK3CA,0.83,S(=O)(=O)(NC=1C=C(C=2N=C(N=C(N3CCOCC3)C2)NCCC4=CC=NC=C4)C=CC1)C,Fraggle,0.24,CCS(=O)(=O)NCC[C@@H]1CC[C@@H](NC(=O)C2CCCCC2)[C@H](CO)O1
2176,PIK3CA,0.00,C1=NC=2NN=C(C#CC=3C=CC=NC3)C2C=C1,Fraggle,0.56,Brc1c(Br)c(Br)c2[nH]nnc2c1Br
2177,PIK3CA,0.84,N=1C(N)=C2C(=NC1)N(C)N=C2C=3SC4=C(C3)C=CC=C4,Fraggle,0.73,Cn1nnnc1Sc2ncnc3scc(c4cccc5ccccc45)c23
2178,PIK3CA,0.79,O1C2(O)C([C@@]3([C@H](C(CCC3)(C)C)CC2)C)=C4C1=CC(=O)C(=O)C4,Fraggle,0.72,C[C@@]12[C@H](CC[C@]1(O)[C@@H]1CC[C@@H]3C[C@@H](O)CC[C@]3(C)[C@H]1C[C@H]2O)C1=CC(=O)OC1
2179,PIK3CA,0.00,C1=NC=2NN=C(C#CC=3C=CC=NC3)C2C=C1,Fraggle,0.56,Brc1c(Br)c(Br)c2[nH]nnc2c1Br
2180,PIK3CA,0.84,N=1C(N)=C2C(=NC1)N(C)N=C2C=3SC4=C(C3)C=CC=C4,Fraggle,0.73,Cn1nnnc1Sc2ncnc3scc(c4cccc5ccccc45)c23
2181,PIK3CA,0.79,O1C2(O)C([C@@]3([C@H](C(CCC3)(C)C)CC2)C)=C4C1=CC(=O)C(=O)C4,Fraggle,0.72,C[C@@]12[C@H](CC[C@]1(O)[C@@H]1CC[C@@H]3C[C@@H](O)CC[C@]3(C)[C@H]1C[C@H]2O)C1=CC(=O)OC1
2182,PIK3CA,0.85,C1(=C(C=CC(=C1)C)C=2OC(=NN2)SCC=3C=C(C=CC3)OC)O,Fraggle,0.63,Fc1ccc(cc1)C(=O)OCc1ccc(CSc2nnc(o2)-c2cccc3ccccc23)cc1
2183,PIK3CA,0.88,N=1C(=CC2=C(C1C)C=C(C(N2C3CCOCC3)=O)C4=CC(=C(N=C4)OC)NS(C5=C(C=C(C=C5)F)F)(=O)=O)N,Fraggle,0.38,C[C@@H](CO)N1C[C@@H](C)[C@@H](CN(C)Cc2ccc(Cl)c(Cl)c2)Oc3c(NS(=O)(=O)c4cccs4)cccc3C1=O
2184,PIK3CA,0.88,N=1C(=NC=NC1N2C3=C(N=C2NC=4C=CC=C(C4)O)C=CC=C3)C,Fraggle,0.33,OC(c1cnc2ccccn12)(c1ccccc1)c1ccccc1
2185,PIK3CA,0.83,O1C2=C(CN(CC1)C(=O)C=3C=CC(=CC3)C(=O)C)C=C(C=4C=C5N(N=CC5=CC4)C)C=C2,Fraggle,0.41,COc1ccc(cc1)C2(CC2)C(=O)N3CCC(CC3)n4nc(oc4=O)c5ccccc5
2186,PIK3CA,0.88,N=1C(=CC2=C(C1C)C=C(C(N2C3CCOCC3)=O)C4=CC(=C(N=C4)OC)NS(C5=C(C=C(C=C5)F)F)(=O)=O)N,Fraggle,0.38,C[C@@H](CO)N1C[C@@H](C)[C@@H](CN(C)Cc2ccc(Cl)c(Cl)c2)Oc3c(NS(=O)(=O)c4cccs4)cccc3C1=O
2187,PIK3CA,0.83,O1C2=C(CN(CC1)C(=O)C=3C=CC(=CC3)C(=O)C)C=C(C=4C=C5N(N=CC5=CC4)C)C=C2,Fraggle,0.41,COc1ccc(cc1)C2(CC2)C(=O)N3CCC(CC3)n4nc(oc4=O)c5ccccc5
2188,PIK3CA,0.88,N=1C(=NC=NC1N2C3=C(N=C2NC=4C=CC=C(C4)O)C=CC=C3)C,Fraggle,0.33,OC(c1cnc2ccccn12)(c1ccccc1)c1ccccc1
2189,PIK3CA,0.83,S(=O)(=O)(NC=1C=C(C=2N=C(N=C(N3CCOCC3)C2)NCCC4=CC=NC=C4)C=CC1)C,Fraggle,0.24,CCS(=O)(=O)NCC[C@@H]1CC[C@@H](NC(=O)C2CCCCC2)[C@H](CO)O1
2190,PIK3CA,0.85,C1(=C(C=CC(=C1)C)C=2OC(=NN2)SCC=3C=C(C=CC3)OC)O,Fraggle,0.63,Fc1ccc(cc1)C(=O)OCc1ccc(CSc2nnc(o2)-c2cccc3ccccc23)cc1
2191,PIK3CA,0.79,O1C2(O)C([C@@]3([C@H](C(CCC3)(C)C)CC2)C)=C4C1=CC(=O)C(=O)C4,Fraggle,0.72,C[C@@]12[C@H](CC[C@]1(O)[C@@H]1CC[C@@H]3C[C@@H](O)CC[C@]3(C)[C@H]1C[C@H]2O)C1=CC(=O)OC1
2192,PIK3CA,0.83,S(=O)(=O)(NC=1C=C(C=2N=C(N=C(N3CCOCC3)C2)NCCC4=CC=NC=C4)C=CC1)C,Fraggle,0.24,CCS(=O)(=O)NCC[C@@H]1CC[C@@H](NC(=O)C2CCCCC2)[C@H](CO)O1
2193,PIK3CA,0.83,O1C2=C(CN(CC1)C(=O)C=3C=CC(=CC3)C(=O)C)C=C(C=4C=C5N(N=CC5=CC4)C)C=C2,Fraggle,0.41,COc1ccc(cc1)C2(CC2)C(=O)N3CCC(CC3)n4nc(oc4=O)c5ccccc5
2194,PIK3CA,0.88,N=1C(=CC2=C(C1C)C=C(C(N2C3CCOCC3)=O)C4=CC(=C(N=C4)OC)NS(C5=C(C=C(C=C5)F)F)(=O)=O)N,Fraggle,0.38,C[C@@H](CO)N1C[C@@H](C)[C@@H](CN(C)Cc2ccc(Cl)c(Cl)c2)Oc3c(NS(=O)(=O)c4cccs4)cccc3C1=O
2195,PIK3CA,0.88,N=1C(=CC2=C(C1C)C=C(C(N2C3CCOCC3)=O)C4=CC(=C(N=C4)OC)NS(C5=C(C=C(C=C5)F)F)(=O)=O)N,Fraggle,0.38,C[C@@H](CO)N1C[C@@H](C)[C@@H](CN(C)Cc2ccc(Cl)c(Cl)c2)Oc3c(NS(=O)(=O)c4cccs4)cccc3C1=O
2196,PIK3CA,0.85,C1(=C(C=CC(=C1)C)C=2OC(=NN2)SCC=3C=C(C=CC3)OC)O,Fraggle,0.63,Fc1ccc(cc1)C(=O)OCc1ccc(CSc2nnc(o2)-c2cccc3ccccc23)cc1
2197,PIK3CA,0.00,C1=NC=2NN=C(C#CC=3C=CC=NC3)C2C=C1,Fraggle,0.56,Brc1c(Br)c(Br)c2[nH]nnc2c1Br
2198,PIK3CA,0.85,C1(=C(C=CC(=C1)C)C=2OC(=NN2)SCC=3C=C(C=CC3)OC)O,Fraggle,0.63,Fc1ccc(cc1)C(=O)OCc1ccc(CSc2nnc(o2)-c2cccc3ccccc23)cc1
2199,PIK3CA,0.83,S(=O)(=O)(NC=1C=C(C=2N=C(N=C(N3CCOCC3)C2)NCCC4=CC=NC=C4)C=CC1)C,Fraggle,0.24,CCS(=O)(=O)NCC[C@@H]1CC[C@@H](NC(=O)C2CCCCC2)[C@H](CO)O1
2200,PIK3CA,0.85,C1(=C(C=CC(=C1)C)C=2OC(=NN2)SCC=3C=C(C=CC3)OC)O,MACCS,0.63,Fc1ccc(cc1)C(=O)OCc1ccc(CSc2nnc(o2)-c2cccc3ccccc23)cc1
2201,PIK3CA,0.88,N=1C(=CC2=C(C1C)C=C(C(N2C3CCOCC3)=O)C4=CC(=C(N=C4)OC)NS(C5=C(C=C(C=C5)F)F)(=O)=O)N,MACCS,0.73,C[C@@H](CO)N1C[C@@H](C)[C@@H](CN(C)Cc2ccc(Cl)c(Cl)c2)Oc3c(NS(=O)(=O)c4cccs4)cccc3C1=O
2202,PIK3CA,0.85,C=1(N=C(CC(NC=2C=CC(=C(C2)OC)F)=O)N=C(C1)N3CCOCC3)O,MACCS,0.73,COc1c(N2CCNC(C)C2)c(F)cc2c1n(cc(C(O)=O)c2=O)C1CC1
2203,PIK3CA,0.83,S(=O)(=O)(NC=1C=C(C=2N=C(N=C(N3CCOCC3)C2)NCCC4=CC=NC=C4)C=CC1)C,MACCS,0.63,CCS(=O)(=O)NCC[C@@H]1CC[C@@H](NC(=O)C2CCCCC2)[C@H](CO)O1
2204,PIK3CA,0.88,N=1C(=CC2=C(C1C)C=C(C(N2C3CCOCC3)=O)C4=CC(=C(N=C4)OC)NS(C5=C(C=C(C=C5)F)F)(=O)=O)N,MACCS,0.73,C[C@@H](CO)N1C[C@@H](C)[C@@H](CN(C)Cc2ccc(Cl)c(Cl)c2)Oc3c(NS(=O)(=O)c4cccs4)cccc3C1=O
2205,PIK3CA,0.85,C=1(N=C(CC(NC=2C=CC(=C(C2)OC)F)=O)N=C(C1)N3CCOCC3)O,MACCS,0.73,COc1c(N2CCNC(C)C2)c(F)cc2c1n(cc(C(O)=O)c2=O)C1CC1
2206,PIK3CA,0.00,C1=NC=2NN=C(C#CC=3C=CC=NC3)C2C=C1,MACCS,0.66,Brc1c(Br)c(Br)c2[nH]nnc2c1Br
2207,PIK3CA,0.83,O1C2=C(CN(CC1)C(=O)C=3C=CC(=CC3)C(=O)C)C=C(C=4C=C5N(N=CC5=CC4)C)C=C2,MACCS,0.72,COc1ccc(cc1)C2(CC2)C(=O)N3CCC(CC3)n4nc(oc4=O)c5ccccc5
2208,PIK3CA,0.88,N=1C(=CC2=C(C1C)C=C(C(N2C3CCOCC3)=O)C4=CC(=C(N=C4)OC)NS(C5=C(C=C(C=C5)F)F)(=O)=O)N,MACCS,0.73,C[C@@H](CO)N1C[C@@H](C)[C@@H](CN(C)Cc2ccc(Cl)c(Cl)c2)Oc3c(NS(=O)(=O)c4cccs4)cccc3C1=O
2209,PIK3CA,0.81,O1CCN(CC1)C=2NC(=NC(=O)C2)CC=3NC4=C(N3)C=CC(=C4)C,MACCS,0.70,C[C@H](NC(=O)[C@H]1[C@H](CO)[C@H]2Cn3c(ccc(C=Cc4ccccc4)c3=O)[C@@H]1N2)c1ccccc1
2210,PIK3CA,0.00,C1=NC=2NN=C(C#CC=3C=CC=NC3)C2C=C1,MACCS,0.66,Brc1c(Br)c(Br)c2[nH]nnc2c1Br
2211,PIK3CA,0.83,O1C2=C(CN(CC1)C(=O)C=3C=CC(=CC3)C(=O)C)C=C(C=4C=C5N(N=CC5=CC4)C)C=C2,MACCS,0.72,COc1ccc(cc1)C2(CC2)C(=O)N3CCC(CC3)n4nc(oc4=O)c5ccccc5
2212,PIK3CA,0.83,S(=O)(=O)(NC)C=1C=CC(C(=O)N2CC3=C(OCC2)C=CC(=C3)C=4C=C5NC=NC5=CC4)=CC1,MACCS,0.70,C[C@@H](CO)N1C[C@@H](C)[C@@H](CN(C)CC2CC2)OCCCC[C@@H](C)Oc3ccc(NS(=O)(=O)C)cc3C1=O
2213,PIK3CA,0.85,C=1(N=C(CC(NC=2C=CC(=C(C2)OC)F)=O)N=C(C1)N3CCOCC3)O,MACCS,0.73,COc1c(N2CCNC(C)C2)c(F)cc2c1n(cc(C(O)=O)c2=O)C1CC1
2214,PIK3CA,0.83,S(=O)(=O)(NC=1C=C(C=2N=C(N=C(N3CCOCC3)C2)NCCC4=CC=NC=C4)C=CC1)C,MACCS,0.63,CCS(=O)(=O)NCC[C@@H]1CC[C@@H](NC(=O)C2CCCCC2)[C@H](CO)O1
2215,PIK3CA,0.85,C1(=C(C=CC(=C1)C)C=2OC(=NN2)SCC=3C=C(C=CC3)OC)O,MACCS,0.63,Fc1ccc(cc1)C(=O)OCc1ccc(CSc2nnc(o2)-c2cccc3ccccc23)cc1
2216,PIK3CA,0.85,C=1(N=C(CC(NC=2C=CC(=C(C2)OC)F)=O)N=C(C1)N3CCOCC3)O,MACCS,0.73,COc1c(N2CCNC(C)C2)c(F)cc2c1n(cc(C(O)=O)c2=O)C1CC1
2217,PIK3CA,0.00,C1=NC=2NN=C(C#CC=3C=CC=NC3)C2C=C1,MACCS,0.66,Brc1c(Br)c(Br)c2[nH]nnc2c1Br
2218,PIK3CA,0.84,N=1C(N)=C2C(=NC1)N(C)N=C2C=3SC4=C(C3)C=CC=C4,MACCS,0.72,Cn1nnnc1Sc2ncnc3scc(c4cccc5ccccc45)c23
2219,PIK3CA,0.85,C1(=C(C=CC(=C1)C)C=2OC(=NN2)SCC=3C=C(C=CC3)OC)O,MACCS,0.63,Fc1ccc(cc1)C(=O)OCc1ccc(CSc2nnc(o2)-c2cccc3ccccc23)cc1
2220,PIK3CA,0.88,N=1C(=CC2=C(C1C)C=C(C(N2C3CCOCC3)=O)C4=CC(=C(N=C4)OC)NS(C5=C(C=C(C=C5)F)F)(=O)=O)N,MACCS,0.73,C[C@@H](CO)N1C[C@@H](C)[C@@H](CN(C)Cc2ccc(Cl)c(Cl)c2)Oc3c(NS(=O)(=O)c4cccs4)cccc3C1=O
2221,PIK3CA,0.94,C1=C(C(=CC(=C1)C2=CN3C(C=C2)=NC(=N3)NC(C)=O)OC)OC,MACCS,0.73,COc1ccc2c(cc(C)c3nnc(SCC(=O)Nc4cccc(c4)C(=O)C)n32)c1
2222,PIK3CA,0.00,C1=NC=2NN=C(C#CC=3C=CC=NC3)C2C=C1,MACCS,0.66,Brc1c(Br)c(Br)c2[nH]nnc2c1Br
2223,PIK3CA,0.84,N=1C(N)=C2C(=NC1)N(C)N=C2C=3SC4=C(C3)C=CC=C4,MACCS,0.72,Cn1nnnc1Sc2ncnc3scc(c4cccc5ccccc45)c23
2224,PIK3CA,0.88,N=1C(=CC2=C(C1C)C=C(C(N2C3CCOCC3)=O)C4=CC(=C(N=C4)OC)NS(C5=C(C=C(C=C5)F)F)(=O)=O)N,MACCS,0.73,C[C@@H](CO)N1C[C@@H](C)[C@@H](CN(C)Cc2ccc(Cl)c(Cl)c2)Oc3c(NS(=O)(=O)c4cccs4)cccc3C1=O
2225,PIK3CA,0.83,S(=O)(=O)(NC=1C=C(C=2N=C(N=C(N3CCOCC3)C2)NCCC4=CC=NC=C4)C=CC1)C,MACCS,0.63,CCS(=O)(=O)NCC[C@@H]1CC[C@@H](NC(=O)C2CCCCC2)[C@H](CO)O1
2226,PIK3CA,0.83,O1C2=C(CN(CC1)C(=O)C=3C=CC(=CC3)C(=O)C)C=C(C=4C=C5N(N=CC5=CC4)C)C=C2,MACCS,0.72,COc1ccc(cc1)C2(CC2)C(=O)N3CCC(CC3)n4nc(oc4=O)c5ccccc5
2227,PIK3CA,0.83,O1C2=C(CN(CC1)C(=O)C=3C=CC(=CC3)C(=O)C)C=C(C=4C=C5N(N=CC5=CC4)C)C=C2,MACCS,0.72,COc1ccc(cc1)C2(CC2)C(=O)N3CCC(CC3)n4nc(oc4=O)c5ccccc5
2228,PIK3CA,0.81,O1CCN(CC1)C=2NC(=NC(=O)C2)CC=3NC4=C(N3)C=CC(=C4)C,MACCS,0.70,C[C@H](NC(=O)[C@H]1[C@H](CO)[C@H]2Cn3c(ccc(C=Cc4ccccc4)c3=O)[C@@H]1N2)c1ccccc1
2229,PIK3CA,0.88,N=1C(=NC=NC1N2C3=C(N=C2NC=4C=CC=C(C4)O)C=CC=C3)C,MACCS,0.58,OC(c1cnc2ccccn12)(c1ccccc1)c1ccccc1
2230,PIK3CA,0.85,C=1(N=C(CC(NC=2C=CC(=C(C2)OC)F)=O)N=C(C1)N3CCOCC3)O,MACCS,0.73,COc1c(N2CCNC(C)C2)c(F)cc2c1n(cc(C(O)=O)c2=O)C1CC1
2231,PIK3CA,0.83,S(=O)(=O)(NC=1C=C(C=2N=C(N=C(N3CCOCC3)C2)NCCC4=CC=NC=C4)C=CC1)C,MACCS,0.63,CCS(=O)(=O)NCC[C@@H]1CC[C@@H](NC(=O)C2CCCCC2)[C@H](CO)O1
2232,PIK3CA,0.00,C1=NC=2NN=C(C#CC=3C=CC=NC3)C2C=C1,MACCS,0.66,Brc1c(Br)c(Br)c2[nH]nnc2c1Br
2233,PIK3CA,0.00,C1=NC=2NN=C(C#CC=3C=CC=NC3)C2C=C1,MACCS,0.66,Brc1c(Br)c(Br)c2[nH]nnc2c1Br
2234,PIK3CA,0.85,C1(=C(C=CC(=C1)C)C=2OC(=NN2)SCC=3C=C(C=CC3)OC)O,MACCS,0.63,Fc1ccc(cc1)C(=O)OCc1ccc(CSc2nnc(o2)-c2cccc3ccccc23)cc1
2235,PIK3CA,0.81,O1CCN(CC1)C=2NC(=NC(=O)C2)CC=3NC4=C(N3)C=CC(=C4)C,MACCS,0.70,C[C@H](NC(=O)[C@H]1[C@H](CO)[C@H]2Cn3c(ccc(C=Cc4ccccc4)c3=O)[C@@H]1N2)c1ccccc1
2236,PIK3CA,0.88,N=1C(=NC=NC1N2C3=C(N=C2NC=4C=CC=C(C4)O)C=CC=C3)C,MACCS,0.58,OC(c1cnc2ccccn12)(c1ccccc1)c1ccccc1
2237,PIK3CA,0.85,C=1(N=C(CC(NC=2C=CC(=C(C2)OC)F)=O)N=C(C1)N3CCOCC3)O,MACCS,0.73,COc1c(N2CCNC(C)C2)c(F)cc2c1n(cc(C(O)=O)c2=O)C1CC1
2238,PIK3CA,0.00,C1=NC=2NN=C(C#CC=3C=CC=NC3)C2C=C1,MACCS,0.66,Brc1c(Br)c(Br)c2[nH]nnc2c1Br
2239,PIK3CA,0.85,C1(=C(C=CC(=C1)C)C=2OC(=NN2)SCC=3C=C(C=CC3)OC)O,MACCS,0.63,Fc1ccc(cc1)C(=O)OCc1ccc(CSc2nnc(o2)-c2cccc3ccccc23)cc1
2240,PIK3CA,0.79,O1C2(O)C([C@@]3([C@H](C(CCC3)(C)C)CC2)C)=C4C1=CC(=O)C(=O)C4,MACCS,0.80,C[C@@]12[C@H](CC[C@]1(O)[C@@H]1CC[C@@H]3C[C@@H](O)CC[C@]3(C)[C@H]1C[C@H]2O)C1=CC(=O)OC1
2241,PIK3CA,0.83,S(=O)(=O)(NC=1C=C(C=2N=C(N=C(N3CCOCC3)C2)NCCC4=CC=NC=C4)C=CC1)C,MACCS,0.63,CCS(=O)(=O)NCC[C@@H]1CC[C@@H](NC(=O)C2CCCCC2)[C@H](CO)O1
2242,PIK3CA,0.84,N=1C(N)=C2C(=NC1)N(C)N=C2C=3SC4=C(C3)C=CC=C4,MACCS,0.72,Cn1nnnc1Sc2ncnc3scc(c4cccc5ccccc45)c23
2243,PIK3CA,0.00,C1=NC=2NN=C(C#CC=3C=CC=NC3)C2C=C1,MACCS,0.66,Brc1c(Br)c(Br)c2[nH]nnc2c1Br
2244,PIK3CA,0.83,O1C2=C(CN(CC1)C(=O)C=3C=CC(=CC3)C(=O)C)C=C(C=4C=C5N(N=CC5=CC4)C)C=C2,MACCS,0.72,COc1ccc(cc1)C2(CC2)C(=O)N3CCC(CC3)n4nc(oc4=O)c5ccccc5
2245,PIK3CA,0.00,C1=NC=2NN=C(C#CC=3C=CC=NC3)C2C=C1,MACCS,0.66,Brc1c(Br)c(Br)c2[nH]nnc2c1Br
2246,PIK3CA,0.84,N=1C(N)=C2C(=NC1)N(C)N=C2C=3SC4=C(C3)C=CC=C4,MACCS,0.72,Cn1nnnc1Sc2ncnc3scc(c4cccc5ccccc45)c23
2247,PIK3CA,0.83,O1C2=C(CN(CC1)C(=O)C=3C=CC(=CC3)C(=O)C)C=C(C=4C=C5N(N=CC5=CC4)C)C=C2,MACCS,0.72,COc1ccc(cc1)C2(CC2)C(=O)N3CCC(CC3)n4nc(oc4=O)c5ccccc5
2248,PIK3CA,0.00,C1=NC=2NN=C(C#CC=3C=CC=NC3)C2C=C1,MACCS,0.66,Brc1c(Br)c(Br)c2[nH]nnc2c1Br
2249,PIK3CA,0.85,C=1(N=C(CC(NC=2C=CC(=C(C2)OC)F)=O)N=C(C1)N3CCOCC3)O,MACCS,0.73,COc1c(N2CCNC(C)C2)c(F)cc2c1n(cc(C(O)=O)c2=O)C1CC1
2250,PIK3CA,0.85,C1(=C(C=CC(=C1)C)C=2OC(=NN2)SCC=3C=C(C=CC3)OC)O,MACCS,0.63,Fc1ccc(cc1)C(=O)OCc1ccc(CSc2nnc(o2)-c2cccc3ccccc23)cc1
2251,PIK3CA,0.88,N=1C(=NC=NC1N2C3=C(N=C2NC=4C=CC=C(C4)O)C=CC=C3)C,MACCS,0.58,OC(c1cnc2ccccn12)(c1ccccc1)c1ccccc1
2252,PIK3CA,0.84,N=1C(N)=C2C(=NC1)N(C)N=C2C=3SC4=C(C3)C=CC=C4,MACCS,0.72,Cn1nnnc1Sc2ncnc3scc(c4cccc5ccccc45)c23
2253,PIK3CA,0.88,N=1C(=CC2=C(C1C)C=C(C(N2C3CCOCC3)=O)C4=CC(=C(N=C4)OC)NS(C5=C(C=C(C=C5)F)F)(=O)=O)N,MACCS,0.73,C[C@@H](CO)N1C[C@@H](C)[C@@H](CN(C)Cc2ccc(Cl)c(Cl)c2)Oc3c(NS(=O)(=O)c4cccs4)cccc3C1=O
2254,PIK3CA,0.83,O1C2=C(CN(CC1)C(=O)C=3C=CC(=CC3)C(=O)C)C=C(C=4C=C5N(N=CC5=CC4)C)C=C2,MACCS,0.72,COc1ccc(cc1)C2(CC2)C(=O)N3CCC(CC3)n4nc(oc4=O)c5ccccc5
2255,PIK3CA,0.83,S(=O)(=O)(NC)C=1C=CC(C(=O)N2CC3=C(OCC2)C=CC(=C3)C=4C=C5NC=NC5=CC4)=CC1,MACCS,0.70,C[C@@H](CO)N1C[C@@H](C)[C@@H](CN(C)CC2CC2)OCCCC[C@@H](C)Oc3ccc(NS(=O)(=O)C)cc3C1=O
2256,PIK3CA,0.88,N=1C(=NC=NC1N2C3=C(N=C2NC=4C=CC=C(C4)O)C=CC=C3)C,MACCS,0.58,OC(c1cnc2ccccn12)(c1ccccc1)c1ccccc1
2257,PIK3CA,0.85,C1(=C(C=CC(=C1)C)C=2OC(=NN2)SCC=3C=C(C=CC3)OC)O,MACCS,0.63,Fc1ccc(cc1)C(=O)OCc1ccc(CSc2nnc(o2)-c2cccc3ccccc23)cc1
2258,PIK3CA,0.85,C1(=C(C=CC(=C1)C)C=2OC(=NN2)SCC=3C=C(C=CC3)OC)O,MACCS,0.63,Fc1ccc(cc1)C(=O)OCc1ccc(CSc2nnc(o2)-c2cccc3ccccc23)cc1
2259,PIK3CA,0.81,O1CCN(CC1)C=2NC(=NC(=O)C2)CC=3NC4=C(N3)C=CC(=C4)C,MACCS,0.70,C[C@H](NC(=O)[C@H]1[C@H](CO)[C@H]2Cn3c(ccc(C=Cc4ccccc4)c3=O)[C@@H]1N2)c1ccccc1
2260,PIK3CA,0.85,C=1(N=C(CC(NC=2C=CC(=C(C2)OC)F)=O)N=C(C1)N3CCOCC3)O,MACCS,0.73,COc1c(N2CCNC(C)C2)c(F)cc2c1n(cc(C(O)=O)c2=O)C1CC1
2261,PIK3CA,0.83,S(=O)(=O)(NC=1C=C(C=2N=C(N=C(N3CCOCC3)C2)NCCC4=CC=NC=C4)C=CC1)C,MACCS,0.63,CCS(=O)(=O)NCC[C@@H]1CC[C@@H](NC(=O)C2CCCCC2)[C@H](CO)O1
2262,PIK3CA,0.85,C=1(N=C(CC(NC=2C=CC(=C(C2)OC)F)=O)N=C(C1)N3CCOCC3)O,MACCS,0.73,COc1c(N2CCNC(C)C2)c(F)cc2c1n(cc(C(O)=O)c2=O)C1CC1
2263,PIK3CA,0.83,O1C2=C(CN(CC1)C(=O)C=3C=CC(=CC3)C(=O)C)C=C(C=4C=C5N(N=CC5=CC4)C)C=C2,MACCS,0.72,COc1ccc(cc1)C2(CC2)C(=O)N3CCC(CC3)n4nc(oc4=O)c5ccccc5
2264,PIK3CA,0.83,S(=O)(=O)(NC)C=1C=CC(C(=O)N2CC3=C(OCC2)C=CC(=C3)C=4C=C5NC=NC5=CC4)=CC1,MACCS,0.70,C[C@@H](CO)N1C[C@@H](C)[C@@H](CN(C)CC2CC2)OCCCC[C@@H](C)Oc3ccc(NS(=O)(=O)C)cc3C1=O
2265,PIK3CA,0.85,C=1(N=C(CC(NC=2C=CC(=C(C2)OC)F)=O)N=C(C1)N3CCOCC3)O,MACCS,0.73,COc1c(N2CCNC(C)C2)c(F)cc2c1n(cc(C(O)=O)c2=O)C1CC1
2266,PIK3CA,0.88,N=1C(=CC2=C(C1C)C=C(C(N2C3CCOCC3)=O)C4=CC(=C(N=C4)OC)NS(C5=C(C=C(C=C5)F)F)(=O)=O)N,MACCS,0.73,C[C@@H](CO)N1C[C@@H](C)[C@@H](CN(C)Cc2ccc(Cl)c(Cl)c2)Oc3c(NS(=O)(=O)c4cccs4)cccc3C1=O
2267,PIK3CA,0.00,C1=NC=2NN=C(C#CC=3C=CC=NC3)C2C=C1,MACCS,0.66,Brc1c(Br)c(Br)c2[nH]nnc2c1Br
2268,PIK3CA,0.00,C1=NC=2NN=C(C#CC=3C=CC=NC3)C2C=C1,MACCS,0.66,Brc1c(Br)c(Br)c2[nH]nnc2c1Br
2269,PIK3CA,0.85,C=1(N=C(CC(NC=2C=CC(=C(C2)OC)F)=O)N=C(C1)N3CCOCC3)O,MACCS,0.73,COc1c(N2CCNC(C)C2)c(F)cc2c1n(cc(C(O)=O)c2=O)C1CC1
2270,PIK3CA,0.83,S(=O)(=O)(NC)C=1C=CC(C(=O)N2CC3=C(OCC2)C=CC(=C3)C=4C=C5NC=NC5=CC4)=CC1,MACCS,0.70,C[C@@H](CO)N1C[C@@H](C)[C@@H](CN(C)CC2CC2)OCCCC[C@@H](C)Oc3ccc(NS(=O)(=O)C)cc3C1=O
2271,PIK3CA,0.83,S(=O)(=O)(NC=1C=C(C=2N=C(N=C(N3CCOCC3)C2)NCCC4=CC=NC=C4)C=CC1)C,MACCS,0.63,CCS(=O)(=O)NCC[C@@H]1CC[C@@H](NC(=O)C2CCCCC2)[C@H](CO)O1
2272,PIK3CA,0.00,C1=NC=2NN=C(C#CC=3C=CC=NC3)C2C=C1,MACCS,0.66,Brc1c(Br)c(Br)c2[nH]nnc2c1Br
2273,PIK3CA,0.83,S(=O)(=O)(NC=1C=C(C=2N=C(N=C(N3CCOCC3)C2)NCCC4=CC=NC=C4)C=CC1)C,MACCS,0.63,CCS(=O)(=O)NCC[C@@H]1CC[C@@H](NC(=O)C2CCCCC2)[C@H](CO)O1
2274,PIK3CA,0.88,N=1C(=CC2=C(C1C)C=C(C(N2C3CCOCC3)=O)C4=CC(=C(N=C4)OC)NS(C5=C(C=C(C=C5)F)F)(=O)=O)N,MACCS,0.73,C[C@@H](CO)N1C[C@@H](C)[C@@H](CN(C)Cc2ccc(Cl)c(Cl)c2)Oc3c(NS(=O)(=O)c4cccs4)cccc3C1=O
2275,PIK3CA,0.83,S(=O)(=O)(NC=1C=C(C=2N=C(N=C(N3CCOCC3)C2)NCCC4=CC=NC=C4)C=CC1)C,MACCS,0.63,CCS(=O)(=O)NCC[C@@H]1CC[C@@H](NC(=O)C2CCCCC2)[C@H](CO)O1
2276,PIK3CA,0.00,C1=NC=2NN=C(C#CC=3C=CC=NC3)C2C=C1,MACCS,0.66,Brc1c(Br)c(Br)c2[nH]nnc2c1Br
2277,PIK3CA,0.84,N=1C(N)=C2C(=NC1)N(C)N=C2C=3SC4=C(C3)C=CC=C4,MACCS,0.72,Cn1nnnc1Sc2ncnc3scc(c4cccc5ccccc45)c23
2278,PIK3CA,0.79,O1C2(O)C([C@@]3([C@H](C(CCC3)(C)C)CC2)C)=C4C1=CC(=O)C(=O)C4,MACCS,0.80,C[C@@]12[C@H](CC[C@]1(O)[C@@H]1CC[C@@H]3C[C@@H](O)CC[C@]3(C)[C@H]1C[C@H]2O)C1=CC(=O)OC1
2279,PIK3CA,0.00,C1=NC=2NN=C(C#CC=3C=CC=NC3)C2C=C1,MACCS,0.66,Brc1c(Br)c(Br)c2[nH]nnc2c1Br
2280,PIK3CA,0.84,N=1C(N)=C2C(=NC1)N(C)N=C2C=3SC4=C(C3)C=CC=C4,MACCS,0.72,Cn1nnnc1Sc2ncnc3scc(c4cccc5ccccc45)c23
2281,PIK3CA,0.79,O1C2(O)C([C@@]3([C@H](C(CCC3)(C)C)CC2)C)=C4C1=CC(=O)C(=O)C4,MACCS,0.80,C[C@@]12[C@H](CC[C@]1(O)[C@@H]1CC[C@@H]3C[C@@H](O)CC[C@]3(C)[C@H]1C[C@H]2O)C1=CC(=O)OC1
2282,PIK3CA,0.85,C1(=C(C=CC(=C1)C)C=2OC(=NN2)SCC=3C=C(C=CC3)OC)O,MACCS,0.63,Fc1ccc(cc1)C(=O)OCc1ccc(CSc2nnc(o2)-c2cccc3ccccc23)cc1
2283,PIK3CA,0.88,N=1C(=CC2=C(C1C)C=C(C(N2C3CCOCC3)=O)C4=CC(=C(N=C4)OC)NS(C5=C(C=C(C=C5)F)F)(=O)=O)N,MACCS,0.73,C[C@@H](CO)N1C[C@@H](C)[C@@H](CN(C)Cc2ccc(Cl)c(Cl)c2)Oc3c(NS(=O)(=O)c4cccs4)cccc3C1=O
2284,PIK3CA,0.88,N=1C(=NC=NC1N2C3=C(N=C2NC=4C=CC=C(C4)O)C=CC=C3)C,MACCS,0.58,OC(c1cnc2ccccn12)(c1ccccc1)c1ccccc1
2285,PIK3CA,0.83,O1C2=C(CN(CC1)C(=O)C=3C=CC(=CC3)C(=O)C)C=C(C=4C=C5N(N=CC5=CC4)C)C=C2,MACCS,0.72,COc1ccc(cc1)C2(CC2)C(=O)N3CCC(CC3)n4nc(oc4=O)c5ccccc5
2286,PIK3CA,0.88,N=1C(=CC2=C(C1C)C=C(C(N2C3CCOCC3)=O)C4=CC(=C(N=C4)OC)NS(C5=C(C=C(C=C5)F)F)(=O)=O)N,MACCS,0.73,C[C@@H](CO)N1C[C@@H](C)[C@@H](CN(C)Cc2ccc(Cl)c(Cl)c2)Oc3c(NS(=O)(=O)c4cccs4)cccc3C1=O
2287,PIK3CA,0.83,O1C2=C(CN(CC1)C(=O)C=3C=CC(=CC3)C(=O)C)C=C(C=4C=C5N(N=CC5=CC4)C)C=C2,MACCS,0.72,COc1ccc(cc1)C2(CC2)C(=O)N3CCC(CC3)n4nc(oc4=O)c5ccccc5
2288,PIK3CA,0.88,N=1C(=NC=NC1N2C3=C(N=C2NC=4C=CC=C(C4)O)C=CC=C3)C,MACCS,0.58,OC(c1cnc2ccccn12)(c1ccccc1)c1ccccc1
2289,PIK3CA,0.83,S(=O)(=O)(NC=1C=C(C=2N=C(N=C(N3CCOCC3)C2)NCCC4=CC=NC=C4)C=CC1)C,MACCS,0.63,CCS(=O)(=O)NCC[C@@H]1CC[C@@H](NC(=O)C2CCCCC2)[C@H](CO)O1
2290,PIK3CA,0.85,C1(=C(C=CC(=C1)C)C=2OC(=NN2)SCC=3C=C(C=CC3)OC)O,MACCS,0.63,Fc1ccc(cc1)C(=O)OCc1ccc(CSc2nnc(o2)-c2cccc3ccccc23)cc1
2291,PIK3CA,0.79,O1C2(O)C([C@@]3([C@H](C(CCC3)(C)C)CC2)C)=C4C1=CC(=O)C(=O)C4,MACCS,0.80,C[C@@]12[C@H](CC[C@]1(O)[C@@H]1CC[C@@H]3C[C@@H](O)CC[C@]3(C)[C@H]1C[C@H]2O)C1=CC(=O)OC1
2292,PIK3CA,0.83,S(=O)(=O)(NC=1C=C(C=2N=C(N=C(N3CCOCC3)C2)NCCC4=CC=NC=C4)C=CC1)C,MACCS,0.63,CCS(=O)(=O)NCC[C@@H]1CC[C@@H](NC(=O)C2CCCCC2)[C@H](CO)O1
2293,PIK3CA,0.83,O1C2=C(CN(CC1)C(=O)C=3C=CC(=CC3)C(=O)C)C=C(C=4C=C5N(N=CC5=CC4)C)C=C2,MACCS,0.72,COc1ccc(cc1)C2(CC2)C(=O)N3CCC(CC3)n4nc(oc4=O)c5ccccc5
2294,PIK3CA,0.88,N=1C(=CC2=C(C1C)C=C(C(N2C3CCOCC3)=O)C4=CC(=C(N=C4)OC)NS(C5=C(C=C(C=C5)F)F)(=O)=O)N,MACCS,0.73,C[C@@H](CO)N1C[C@@H](C)[C@@H](CN(C)Cc2ccc(Cl)c(Cl)c2)Oc3c(NS(=O)(=O)c4cccs4)cccc3C1=O
2295,PIK3CA,0.88,N=1C(=CC2=C(C1C)C=C(C(N2C3CCOCC3)=O)C4=CC(=C(N=C4)OC)NS(C5=C(C=C(C=C5)F)F)(=O)=O)N,MACCS,0.73,C[C@@H](CO)N1C[C@@H](C)[C@@H](CN(C)Cc2ccc(Cl)c(Cl)c2)Oc3c(NS(=O)(=O)c4cccs4)cccc3C1=O
2296,PIK3CA,0.85,C1(=C(C=CC(=C1)C)C=2OC(=NN2)SCC=3C=C(C=CC3)OC)O,MACCS,0.63,Fc1ccc(cc1)C(=O)OCc1ccc(CSc2nnc(o2)-c2cccc3ccccc23)cc1
2297,PIK3CA,0.00,C1=NC=2NN=C(C#CC=3C=CC=NC3)C2C=C1,MACCS,0.66,Brc1c(Br)c(Br)c2[nH]nnc2c1Br
2298,PIK3CA,0.85,C1(=C(C=CC(=C1)C)C=2OC(=NN2)SCC=3C=C(C=CC3)OC)O,MACCS,0.63,Fc1ccc(cc1)C(=O)OCc1ccc(CSc2nnc(o2)-c2cccc3ccccc23)cc1
2299,PIK3CA,0.83,S(=O)(=O)(NC=1C=C(C=2N=C(N=C(N3CCOCC3)C2)NCCC4=CC=NC=C4)C=CC1)C,MACCS,0.63,CCS(=O)(=O)NCC[C@@H]1CC[C@@H](NC(=O)C2CCCCC2)[C@H](CO)O1
2300,PIK3CA,0.85,C1(=C(C=CC(=C1)C)C=2OC(=NN2)SCC=3C=C(C=CC3)OC)O,Morgan,0.28,Fc1ccc(cc1)C(=O)OCc1ccc(CSc2nnc(o2)-c2cccc3ccccc23)cc1
2301,PIK3CA,0.88,ClC1=C(S(=O)(=O)NC2=C(Cl)C=CC=C2)C=C(C=C1)C=3N=C(C(=NC3)N)C(=O)NC,Morgan,0.23,C[C@@H](CO)N1C[C@@H](C)[C@@H](CN(C)Cc2ccc(Cl)c(Cl)c2)Oc3c(NS(=O)(=O)c4cccs4)cccc3C1=O
2302,PIK3CA,0.85,FC=1C=C(C=2C(=O)N(C3CCC(OCC(=O)N)CC3)C=4N=C(N=C(C4C2)C)N)C=NC1OC,Morgan,0.21,COc1c(N2CCNC(C)C2)c(F)cc2c1n(cc(C(O)=O)c2=O)C1CC1
2303,PIK3CA,0.83,C1(C\2[C@@](C)(C=3C(C1=O)[C@H]4[C@](C)(CC3OC(C)=O)[C@@H](O)CC4)[C@H](OC(=O)/C2=C/N5CCN(CC5)C6CCCCC6)COC)=O,Morgan,0.15,CCS(=O)(=O)NCC[C@@H]1CC[C@@H](NC(=O)C2CCCCC2)[C@H](CO)O1
2304,PIK3CA,0.88,ClC1=C(S(=O)(=O)NC2=C(Cl)C=CC=C2)C=C(C=C1)C=3N=C(C(=NC3)N)C(=O)NC,Morgan,0.23,C[C@@H](CO)N1C[C@@H](C)[C@@H](CN(C)Cc2ccc(Cl)c(Cl)c2)Oc3c(NS(=O)(=O)c4cccs4)cccc3C1=O
2305,PIK3CA,0.85,FC=1C=C(C=2C(=O)N(C3CCC(OCC(=O)N)CC3)C=4N=C(N=C(C4C2)C)N)C=NC1OC,Morgan,0.21,COc1c(N2CCNC(C)C2)c(F)cc2c1n(cc(C(O)=O)c2=O)C1CC1
2306,PIK3CA,0.00,C=1(N=CC(=NC1C(=O)NC)C=2C=C(C=CC2)C3=NN=NN3)N,Morgan,0.11,Brc1c(Br)c(Br)c2[nH]nnc2c1Br
2307,PIK3CA,0.83,N1=C(N2CCOCC2)C=3C=NN(C4CCN(CC4)C(=O)OC)C3N=C1C=5C=CC(=CC5)NC(=O)NC=6C=CC=CC6,Morgan,0.30,COc1ccc(cc1)C2(CC2)C(=O)N3CCC(CC3)n4nc(oc4=O)c5ccccc5
2308,PIK3CA,0.88,ClC1=C(S(=O)(=O)NC2=C(Cl)C=CC=C2)C=C(C=C1)C=3N=C(C(=NC3)N)C(=O)NC,Morgan,0.23,C[C@@H](CO)N1C[C@@H](C)[C@@H](CN(C)Cc2ccc(Cl)c(Cl)c2)Oc3c(NS(=O)(=O)c4cccs4)cccc3C1=O
2309,PIK3CA,0.81,S(=O)(NC=1C=C(C2=CN3C(C=C2)=NC=C3C4=CC=CC=C4)C=NC1)(C=5C=CC=CC5)=O,Morgan,0.21,C[C@H](NC(=O)[C@H]1[C@H](CO)[C@H]2Cn3c(ccc(C=Cc4ccccc4)c3=O)[C@@H]1N2)c1ccccc1
2310,PIK3CA,0.00,C=1(N=CC(=NC1C(=O)NC)C=2C=C(C=CC2)C3=NN=NN3)N,Morgan,0.11,Brc1c(Br)c(Br)c2[nH]nnc2c1Br
2311,PIK3CA,0.83,N1=C(N2CCOCC2)C=3C=NN(C4CCN(CC4)C(=O)OC)C3N=C1C=5C=CC(=CC5)NC(=O)NC=6C=CC=CC6,Morgan,0.30,COc1ccc(cc1)C2(CC2)C(=O)N3CCC(CC3)n4nc(oc4=O)c5ccccc5
2312,PIK3CA,0.83,N=1C(=CC2=C(C1C)C=C(C(N2C3CCCC3)=O)C4=CC(=C(N=C4)OC)NS(C)(=O)=O)N,Morgan,0.18,C[C@@H](CO)N1C[C@@H](C)[C@@H](CN(C)CC2CC2)OCCCC[C@@H](C)Oc3ccc(NS(=O)(=O)C)cc3C1=O
2313,PIK3CA,0.85,FC=1C=C(C=2C(=O)N(C3CCC(OCC(=O)N)CC3)C=4N=C(N=C(C4C2)C)N)C=NC1OC,Morgan,0.21,COc1c(N2CCNC(C)C2)c(F)cc2c1n(cc(C(O)=O)c2=O)C1CC1
2314,PIK3CA,0.83,C1(C\2[C@@](C)(C=3C(C1=O)[C@H]4[C@](C)(CC3OC(C)=O)[C@@H](O)CC4)[C@H](OC(=O)/C2=C/N5CCN(CC5)C6CCCCC6)COC)=O,Morgan,0.15,CCS(=O)(=O)NCC[C@@H]1CC[C@@H](NC(=O)C2CCCCC2)[C@H](CO)O1
2315,PIK3CA,0.85,C1(=C(C=CC(=C1)C)C=2OC(=NN2)SCC=3C=C(C=CC3)OC)O,Morgan,0.28,Fc1ccc(cc1)C(=O)OCc1ccc(CSc2nnc(o2)-c2cccc3ccccc23)cc1
2316,PIK3CA,0.85,FC=1C=C(C=2C(=O)N(C3CCC(OCC(=O)N)CC3)C=4N=C(N=C(C4C2)C)N)C=NC1OC,Morgan,0.21,COc1c(N2CCNC(C)C2)c(F)cc2c1n(cc(C(O)=O)c2=O)C1CC1
2317,PIK3CA,0.00,C=1(N=CC(=NC1C(=O)NC)C=2C=C(C=CC2)C3=NN=NN3)N,Morgan,0.11,Brc1c(Br)c(Br)c2[nH]nnc2c1Br
2318,PIK3CA,0.84,C=1(N=CN=C2C1C(C=3C=CC4=CC=CC=C4C3)=NN2C)N,Morgan,0.28,Cn1nnnc1Sc2ncnc3scc(c4cccc5ccccc45)c23
2319,PIK3CA,0.85,C1(=C(C=CC(=C1)C)C=2OC(=NN2)SCC=3C=C(C=CC3)OC)O,Morgan,0.28,Fc1ccc(cc1)C(=O)OCc1ccc(CSc2nnc(o2)-c2cccc3ccccc23)cc1
2320,PIK3CA,0.88,ClC1=C(S(=O)(=O)NC2=C(Cl)C=CC=C2)C=C(C=C1)C=3N=C(C(=NC3)N)C(=O)NC,Morgan,0.23,C[C@@H](CO)N1C[C@@H](C)[C@@H](CN(C)Cc2ccc(Cl)c(Cl)c2)Oc3c(NS(=O)(=O)c4cccs4)cccc3C1=O
2321,PIK3CA,0.94,N=1C(=NC(NC=2C=C(C=CC2)OC)=C3C=NN(C31)C)C4=CC(=CC=C4)NC(=O)C,Morgan,0.28,COc1ccc2c(cc(C)c3nnc(SCC(=O)Nc4cccc(c4)C(=O)C)n32)c1
2322,PIK3CA,0.00,C=1(N=CC(=NC1C(=O)NC)C=2C=C(C=CC2)C3=NN=NN3)N,Morgan,0.11,Brc1c(Br)c(Br)c2[nH]nnc2c1Br
2323,PIK3CA,0.84,C=1(N=CN=C2C1C(C=3C=CC4=CC=CC=C4C3)=NN2C)N,Morgan,0.28,Cn1nnnc1Sc2ncnc3scc(c4cccc5ccccc45)c23
2324,PIK3CA,0.88,ClC1=C(S(=O)(=O)NC2=C(Cl)C=CC=C2)C=C(C=C1)C=3N=C(C(=NC3)N)C(=O)NC,Morgan,0.23,C[C@@H](CO)N1C[C@@H](C)[C@@H](CN(C)Cc2ccc(Cl)c(Cl)c2)Oc3c(NS(=O)(=O)c4cccs4)cccc3C1=O
2325,PIK3CA,0.83,C1(C\2[C@@](C)(C=3C(C1=O)[C@H]4[C@](C)(CC3OC(C)=O)[C@@H](O)CC4)[C@H](OC(=O)/C2=C/N5CCN(CC5)C6CCCCC6)COC)=O,Morgan,0.15,CCS(=O)(=O)NCC[C@@H]1CC[C@@H](NC(=O)C2CCCCC2)[C@H](CO)O1
2326,PIK3CA,0.83,N1=C(N2CCOCC2)C=3C=NN(C4CCN(CC4)C(=O)OC)C3N=C1C=5C=CC(=CC5)NC(=O)NC=6C=CC=CC6,Morgan,0.30,COc1ccc(cc1)C2(CC2)C(=O)N3CCC(CC3)n4nc(oc4=O)c5ccccc5
2327,PIK3CA,0.83,N1=C(N2CCOCC2)C=3C=NN(C4CCN(CC4)C(=O)OC)C3N=C1C=5C=CC(=CC5)NC(=O)NC=6C=CC=CC6,Morgan,0.30,COc1ccc(cc1)C2(CC2)C(=O)N3CCC(CC3)n4nc(oc4=O)c5ccccc5
2328,PIK3CA,0.81,S(=O)(NC=1C=C(C2=CN3C(C=C2)=NC=C3C4=CC=CC=C4)C=NC1)(C=5C=CC=CC5)=O,Morgan,0.21,C[C@H](NC(=O)[C@H]1[C@H](CO)[C@H]2Cn3c(ccc(C=Cc4ccccc4)c3=O)[C@@H]1N2)c1ccccc1
2329,PIK3CA,0.88,S(=O)(NC=1C=C(C2=CN3C(C=C2)=NC=C3C4=CC=CC=C4)C=NC1)(C=5C=CC=CC5)=O,Morgan,0.29,OC(c1cnc2ccccn12)(c1ccccc1)c1ccccc1
2330,PIK3CA,0.85,FC=1C=C(C=2C(=O)N(C3CCC(OCC(=O)N)CC3)C=4N=C(N=C(C4C2)C)N)C=NC1OC,Morgan,0.21,COc1c(N2CCNC(C)C2)c(F)cc2c1n(cc(C(O)=O)c2=O)C1CC1
2331,PIK3CA,0.83,C1(C\2[C@@](C)(C=3C(C1=O)[C@H]4[C@](C)(CC3OC(C)=O)[C@@H](O)CC4)[C@H](OC(=O)/C2=C/N5CCN(CC5)C6CCCCC6)COC)=O,Morgan,0.15,CCS(=O)(=O)NCC[C@@H]1CC[C@@H](NC(=O)C2CCCCC2)[C@H](CO)O1
2332,PIK3CA,0.00,C=1(N=CC(=NC1C(=O)NC)C=2C=C(C=CC2)C3=NN=NN3)N,Morgan,0.11,Brc1c(Br)c(Br)c2[nH]nnc2c1Br
2333,PIK3CA,0.00,C=1(N=CC(=NC1C(=O)NC)C=2C=C(C=CC2)C3=NN=NN3)N,Morgan,0.11,Brc1c(Br)c(Br)c2[nH]nnc2c1Br
2334,PIK3CA,0.85,C1(=C(C=CC(=C1)C)C=2OC(=NN2)SCC=3C=C(C=CC3)OC)O,Morgan,0.28,Fc1ccc(cc1)C(=O)OCc1ccc(CSc2nnc(o2)-c2cccc3ccccc23)cc1
2335,PIK3CA,0.81,S(=O)(NC=1C=C(C2=CN3C(C=C2)=NC=C3C4=CC=CC=C4)C=NC1)(C=5C=CC=CC5)=O,Morgan,0.21,C[C@H](NC(=O)[C@H]1[C@H](CO)[C@H]2Cn3c(ccc(C=Cc4ccccc4)c3=O)[C@@H]1N2)c1ccccc1
2336,PIK3CA,0.88,S(=O)(NC=1C=C(C2=CN3C(C=C2)=NC=C3C4=CC=CC=C4)C=NC1)(C=5C=CC=CC5)=O,Morgan,0.29,OC(c1cnc2ccccn12)(c1ccccc1)c1ccccc1
2337,PIK3CA,0.85,FC=1C=C(C=2C(=O)N(C3CCC(OCC(=O)N)CC3)C=4N=C(N=C(C4C2)C)N)C=NC1OC,Morgan,0.21,COc1c(N2CCNC(C)C2)c(F)cc2c1n(cc(C(O)=O)c2=O)C1CC1
2338,PIK3CA,0.00,C=1(N=CC(=NC1C(=O)NC)C=2C=C(C=CC2)C3=NN=NN3)N,Morgan,0.11,Brc1c(Br)c(Br)c2[nH]nnc2c1Br
2339,PIK3CA,0.85,C1(=C(C=CC(=C1)C)C=2OC(=NN2)SCC=3C=C(C=CC3)OC)O,Morgan,0.28,Fc1ccc(cc1)C(=O)OCc1ccc(CSc2nnc(o2)-c2cccc3ccccc23)cc1
2340,PIK3CA,0.79,C1(C\2[C@@](C)(C=3C(C1=O)[C@H]4[C@]([C@H](CC4)O)(C)CC3OC(C)=O)[C@@H](COC)OC(=O)/C2=C/N5CCC(CC5)C(O)=O)=O,Morgan,0.18,C[C@@]12[C@H](CC[C@]1(O)[C@@H]1CC[C@@H]3C[C@@H](O)CC[C@]3(C)[C@H]1C[C@H]2O)C1=CC(=O)OC1
2341,PIK3CA,0.83,C1(C\2[C@@](C)(C=3C(C1=O)[C@H]4[C@](C)(CC3OC(C)=O)[C@@H](O)CC4)[C@H](OC(=O)/C2=C/N5CCN(CC5)C6CCCCC6)COC)=O,Morgan,0.15,CCS(=O)(=O)NCC[C@@H]1CC[C@@H](NC(=O)C2CCCCC2)[C@H](CO)O1
2342,PIK3CA,0.84,C=1(N=CN=C2C1C(C=3C=CC4=CC=CC=C4C3)=NN2C)N,Morgan,0.28,Cn1nnnc1Sc2ncnc3scc(c4cccc5ccccc45)c23
2343,PIK3CA,0.00,C=1(N=CC(=NC1C(=O)NC)C=2C=C(C=CC2)C3=NN=NN3)N,Morgan,0.11,Brc1c(Br)c(Br)c2[nH]nnc2c1Br
2344,PIK3CA,0.83,N1=C(N2CCOCC2)C=3C=NN(C4CCN(CC4)C(=O)OC)C3N=C1C=5C=CC(=CC5)NC(=O)NC=6C=CC=CC6,Morgan,0.30,COc1ccc(cc1)C2(CC2)C(=O)N3CCC(CC3)n4nc(oc4=O)c5ccccc5
2345,PIK3CA,0.00,C=1(N=CC(=NC1C(=O)NC)C=2C=C(C=CC2)C3=NN=NN3)N,Morgan,0.11,Brc1c(Br)c(Br)c2[nH]nnc2c1Br
2346,PIK3CA,0.84,C=1(N=CN=C2C1C(C=3C=CC4=CC=CC=C4C3)=NN2C)N,Morgan,0.28,Cn1nnnc1Sc2ncnc3scc(c4cccc5ccccc45)c23
2347,PIK3CA,0.83,N1=C(N2CCOCC2)C=3C=NN(C4CCN(CC4)C(=O)OC)C3N=C1C=5C=CC(=CC5)NC(=O)NC=6C=CC=CC6,Morgan,0.30,COc1ccc(cc1)C2(CC2)C(=O)N3CCC(CC3)n4nc(oc4=O)c5ccccc5
2348,PIK3CA,0.00,C=1(N=CC(=NC1C(=O)NC)C=2C=C(C=CC2)C3=NN=NN3)N,Morgan,0.11,Brc1c(Br)c(Br)c2[nH]nnc2c1Br
2349,PIK3CA,0.85,FC=1C=C(C=2C(=O)N(C3CCC(OCC(=O)N)CC3)C=4N=C(N=C(C4C2)C)N)C=NC1OC,Morgan,0.21,COc1c(N2CCNC(C)C2)c(F)cc2c1n(cc(C(O)=O)c2=O)C1CC1
2350,PIK3CA,0.85,C1(=C(C=CC(=C1)C)C=2OC(=NN2)SCC=3C=C(C=CC3)OC)O,Morgan,0.28,Fc1ccc(cc1)C(=O)OCc1ccc(CSc2nnc(o2)-c2cccc3ccccc23)cc1
2351,PIK3CA,0.88,S(=O)(NC=1C=C(C2=CN3C(C=C2)=NC=C3C4=CC=CC=C4)C=NC1)(C=5C=CC=CC5)=O,Morgan,0.29,OC(c1cnc2ccccn12)(c1ccccc1)c1ccccc1
2352,PIK3CA,0.84,C=1(N=CN=C2C1C(C=3C=CC4=CC=CC=C4C3)=NN2C)N,Morgan,0.28,Cn1nnnc1Sc2ncnc3scc(c4cccc5ccccc45)c23
2353,PIK3CA,0.88,ClC1=C(S(=O)(=O)NC2=C(Cl)C=CC=C2)C=C(C=C1)C=3N=C(C(=NC3)N)C(=O)NC,Morgan,0.23,C[C@@H](CO)N1C[C@@H](C)[C@@H](CN(C)Cc2ccc(Cl)c(Cl)c2)Oc3c(NS(=O)(=O)c4cccs4)cccc3C1=O
2354,PIK3CA,0.83,N1=C(N2CCOCC2)C=3C=NN(C4CCN(CC4)C(=O)OC)C3N=C1C=5C=CC(=CC5)NC(=O)NC=6C=CC=CC6,Morgan,0.30,COc1ccc(cc1)C2(CC2)C(=O)N3CCC(CC3)n4nc(oc4=O)c5ccccc5
2355,PIK3CA,0.83,N=1C(=CC2=C(C1C)C=C(C(N2C3CCCC3)=O)C4=CC(=C(N=C4)OC)NS(C)(=O)=O)N,Morgan,0.18,C[C@@H](CO)N1C[C@@H](C)[C@@H](CN(C)CC2CC2)OCCCC[C@@H](C)Oc3ccc(NS(=O)(=O)C)cc3C1=O
2356,PIK3CA,0.88,S(=O)(NC=1C=C(C2=CN3C(C=C2)=NC=C3C4=CC=CC=C4)C=NC1)(C=5C=CC=CC5)=O,Morgan,0.29,OC(c1cnc2ccccn12)(c1ccccc1)c1ccccc1
2357,PIK3CA,0.85,C1(=C(C=CC(=C1)C)C=2OC(=NN2)SCC=3C=C(C=CC3)OC)O,Morgan,0.28,Fc1ccc(cc1)C(=O)OCc1ccc(CSc2nnc(o2)-c2cccc3ccccc23)cc1
2358,PIK3CA,0.85,C1(=C(C=CC(=C1)C)C=2OC(=NN2)SCC=3C=C(C=CC3)OC)O,Morgan,0.28,Fc1ccc(cc1)C(=O)OCc1ccc(CSc2nnc(o2)-c2cccc3ccccc23)cc1
2359,PIK3CA,0.81,S(=O)(NC=1C=C(C2=CN3C(C=C2)=NC=C3C4=CC=CC=C4)C=NC1)(C=5C=CC=CC5)=O,Morgan,0.21,C[C@H](NC(=O)[C@H]1[C@H](CO)[C@H]2Cn3c(ccc(C=Cc4ccccc4)c3=O)[C@@H]1N2)c1ccccc1
2360,PIK3CA,0.85,FC=1C=C(C=2C(=O)N(C3CCC(OCC(=O)N)CC3)C=4N=C(N=C(C4C2)C)N)C=NC1OC,Morgan,0.21,COc1c(N2CCNC(C)C2)c(F)cc2c1n(cc(C(O)=O)c2=O)C1CC1
2361,PIK3CA,0.83,C1(C\2[C@@](C)(C=3C(C1=O)[C@H]4[C@](C)(CC3OC(C)=O)[C@@H](O)CC4)[C@H](OC(=O)/C2=C/N5CCN(CC5)C6CCCCC6)COC)=O,Morgan,0.15,CCS(=O)(=O)NCC[C@@H]1CC[C@@H](NC(=O)C2CCCCC2)[C@H](CO)O1
2362,PIK3CA,0.85,FC=1C=C(C=2C(=O)N(C3CCC(OCC(=O)N)CC3)C=4N=C(N=C(C4C2)C)N)C=NC1OC,Morgan,0.21,COc1c(N2CCNC(C)C2)c(F)cc2c1n(cc(C(O)=O)c2=O)C1CC1
2363,PIK3CA,0.83,N1=C(N2CCOCC2)C=3C=NN(C4CCN(CC4)C(=O)OC)C3N=C1C=5C=CC(=CC5)NC(=O)NC=6C=CC=CC6,Morgan,0.30,COc1ccc(cc1)C2(CC2)C(=O)N3CCC(CC3)n4nc(oc4=O)c5ccccc5
2364,PIK3CA,0.83,N=1C(=CC2=C(C1C)C=C(C(N2C3CCCC3)=O)C4=CC(=C(N=C4)OC)NS(C)(=O)=O)N,Morgan,0.18,C[C@@H](CO)N1C[C@@H](C)[C@@H](CN(C)CC2CC2)OCCCC[C@@H](C)Oc3ccc(NS(=O)(=O)C)cc3C1=O
2365,PIK3CA,0.85,FC=1C=C(C=2C(=O)N(C3CCC(OCC(=O)N)CC3)C=4N=C(N=C(C4C2)C)N)C=NC1OC,Morgan,0.21,COc1c(N2CCNC(C)C2)c(F)cc2c1n(cc(C(O)=O)c2=O)C1CC1
2366,PIK3CA,0.88,ClC1=C(S(=O)(=O)NC2=C(Cl)C=CC=C2)C=C(C=C1)C=3N=C(C(=NC3)N)C(=O)NC,Morgan,0.23,C[C@@H](CO)N1C[C@@H](C)[C@@H](CN(C)Cc2ccc(Cl)c(Cl)c2)Oc3c(NS(=O)(=O)c4cccs4)cccc3C1=O
2367,PIK3CA,0.00,C=1(N=CC(=NC1C(=O)NC)C=2C=C(C=CC2)C3=NN=NN3)N,Morgan,0.11,Brc1c(Br)c(Br)c2[nH]nnc2c1Br
2368,PIK3CA,0.00,C=1(N=CC(=NC1C(=O)NC)C=2C=C(C=CC2)C3=NN=NN3)N,Morgan,0.11,Brc1c(Br)c(Br)c2[nH]nnc2c1Br
2369,PIK3CA,0.85,FC=1C=C(C=2C(=O)N(C3CCC(OCC(=O)N)CC3)C=4N=C(N=C(C4C2)C)N)C=NC1OC,Morgan,0.21,COc1c(N2CCNC(C)C2)c(F)cc2c1n(cc(C(O)=O)c2=O)C1CC1
2370,PIK3CA,0.83,N=1C(=CC2=C(C1C)C=C(C(N2C3CCCC3)=O)C4=CC(=C(N=C4)OC)NS(C)(=O)=O)N,Morgan,0.18,C[C@@H](CO)N1C[C@@H](C)[C@@H](CN(C)CC2CC2)OCCCC[C@@H](C)Oc3ccc(NS(=O)(=O)C)cc3C1=O
2371,PIK3CA,0.83,C1(C\2[C@@](C)(C=3C(C1=O)[C@H]4[C@](C)(CC3OC(C)=O)[C@@H](O)CC4)[C@H](OC(=O)/C2=C/N5CCN(CC5)C6CCCCC6)COC)=O,Morgan,0.15,CCS(=O)(=O)NCC[C@@H]1CC[C@@H](NC(=O)C2CCCCC2)[C@H](CO)O1
2372,PIK3CA,0.00,C=1(N=CC(=NC1C(=O)NC)C=2C=C(C=CC2)C3=NN=NN3)N,Morgan,0.11,Brc1c(Br)c(Br)c2[nH]nnc2c1Br
2373,PIK3CA,0.83,C1(C\2[C@@](C)(C=3C(C1=O)[C@H]4[C@](C)(CC3OC(C)=O)[C@@H](O)CC4)[C@H](OC(=O)/C2=C/N5CCN(CC5)C6CCCCC6)COC)=O,Morgan,0.15,CCS(=O)(=O)NCC[C@@H]1CC[C@@H](NC(=O)C2CCCCC2)[C@H](CO)O1
2374,PIK3CA,0.88,ClC1=C(S(=O)(=O)NC2=C(Cl)C=CC=C2)C=C(C=C1)C=3N=C(C(=NC3)N)C(=O)NC,Morgan,0.23,C[C@@H](CO)N1C[C@@H](C)[C@@H](CN(C)Cc2ccc(Cl)c(Cl)c2)Oc3c(NS(=O)(=O)c4cccs4)cccc3C1=O
2375,PIK3CA,0.83,C1(C\2[C@@](C)(C=3C(C1=O)[C@H]4[C@](C)(CC3OC(C)=O)[C@@H](O)CC4)[C@H](OC(=O)/C2=C/N5CCN(CC5)C6CCCCC6)COC)=O,Morgan,0.15,CCS(=O)(=O)NCC[C@@H]1CC[C@@H](NC(=O)C2CCCCC2)[C@H](CO)O1
2376,PIK3CA,0.00,C=1(N=CC(=NC1C(=O)NC)C=2C=C(C=CC2)C3=NN=NN3)N,Morgan,0.11,Brc1c(Br)c(Br)c2[nH]nnc2c1Br
2377,PIK3CA,0.84,C=1(N=CN=C2C1C(C=3C=CC4=CC=CC=C4C3)=NN2C)N,Morgan,0.28,Cn1nnnc1Sc2ncnc3scc(c4cccc5ccccc45)c23
2378,PIK3CA,0.79,C1(C\2[C@@](C)(C=3C(C1=O)[C@H]4[C@]([C@H](CC4)O)(C)CC3OC(C)=O)[C@@H](COC)OC(=O)/C2=C/N5CCC(CC5)C(O)=O)=O,Morgan,0.18,C[C@@]12[C@H](CC[C@]1(O)[C@@H]1CC[C@@H]3C[C@@H](O)CC[C@]3(C)[C@H]1C[C@H]2O)C1=CC(=O)OC1
2379,PIK3CA,0.00,C=1(N=CC(=NC1C(=O)NC)C=2C=C(C=CC2)C3=NN=NN3)N,Morgan,0.11,Brc1c(Br)c(Br)c2[nH]nnc2c1Br
2380,PIK3CA,0.84,C=1(N=CN=C2C1C(C=3C=CC4=CC=CC=C4C3)=NN2C)N,Morgan,0.28,Cn1nnnc1Sc2ncnc3scc(c4cccc5ccccc45)c23
2381,PIK3CA,0.79,C1(C\2[C@@](C)(C=3C(C1=O)[C@H]4[C@]([C@H](CC4)O)(C)CC3OC(C)=O)[C@@H](COC)OC(=O)/C2=C/N5CCC(CC5)C(O)=O)=O,Morgan,0.18,C[C@@]12[C@H](CC[C@]1(O)[C@@H]1CC[C@@H]3C[C@@H](O)CC[C@]3(C)[C@H]1C[C@H]2O)C1=CC(=O)OC1
2382,PIK3CA,0.85,C1(=C(C=CC(=C1)C)C=2OC(=NN2)SCC=3C=C(C=CC3)OC)O,Morgan,0.28,Fc1ccc(cc1)C(=O)OCc1ccc(CSc2nnc(o2)-c2cccc3ccccc23)cc1
2383,PIK3CA,0.88,ClC1=C(S(=O)(=O)NC2=C(Cl)C=CC=C2)C=C(C=C1)C=3N=C(C(=NC3)N)C(=O)NC,Morgan,0.23,C[C@@H](CO)N1C[C@@H](C)[C@@H](CN(C)Cc2ccc(Cl)c(Cl)c2)Oc3c(NS(=O)(=O)c4cccs4)cccc3C1=O
2384,PIK3CA,0.88,S(=O)(NC=1C=C(C2=CN3C(C=C2)=NC=C3C4=CC=CC=C4)C=NC1)(C=5C=CC=CC5)=O,Morgan,0.29,OC(c1cnc2ccccn12)(c1ccccc1)c1ccccc1
2385,PIK3CA,0.83,N1=C(N2CCOCC2)C=3C=NN(C4CCN(CC4)C(=O)OC)C3N=C1C=5C=CC(=CC5)NC(=O)NC=6C=CC=CC6,Morgan,0.30,COc1ccc(cc1)C2(CC2)C(=O)N3CCC(CC3)n4nc(oc4=O)c5ccccc5
2386,PIK3CA,0.88,ClC1=C(S(=O)(=O)NC2=C(Cl)C=CC=C2)C=C(C=C1)C=3N=C(C(=NC3)N)C(=O)NC,Morgan,0.23,C[C@@H](CO)N1C[C@@H](C)[C@@H](CN(C)Cc2ccc(Cl)c(Cl)c2)Oc3c(NS(=O)(=O)c4cccs4)cccc3C1=O
2387,PIK3CA,0.83,N1=C(N2CCOCC2)C=3C=NN(C4CCN(CC4)C(=O)OC)C3N=C1C=5C=CC(=CC5)NC(=O)NC=6C=CC=CC6,Morgan,0.30,COc1ccc(cc1)C2(CC2)C(=O)N3CCC(CC3)n4nc(oc4=O)c5ccccc5
2388,PIK3CA,0.88,S(=O)(NC=1C=C(C2=CN3C(C=C2)=NC=C3C4=CC=CC=C4)C=NC1)(C=5C=CC=CC5)=O,Morgan,0.29,OC(c1cnc2ccccn12)(c1ccccc1)c1ccccc1
2389,PIK3CA,0.83,C1(C\2[C@@](C)(C=3C(C1=O)[C@H]4[C@](C)(CC3OC(C)=O)[C@@H](O)CC4)[C@H](OC(=O)/C2=C/N5CCN(CC5)C6CCCCC6)COC)=O,Morgan,0.15,CCS(=O)(=O)NCC[C@@H]1CC[C@@H](NC(=O)C2CCCCC2)[C@H](CO)O1
2390,PIK3CA,0.85,C1(=C(C=CC(=C1)C)C=2OC(=NN2)SCC=3C=C(C=CC3)OC)O,Morgan,0.28,Fc1ccc(cc1)C(=O)OCc1ccc(CSc2nnc(o2)-c2cccc3ccccc23)cc1
2391,PIK3CA,0.79,C1(C\2[C@@](C)(C=3C(C1=O)[C@H]4[C@]([C@H](CC4)O)(C)CC3OC(C)=O)[C@@H](COC)OC(=O)/C2=C/N5CCC(CC5)C(O)=O)=O,Morgan,0.18,C[C@@]12[C@H](CC[C@]1(O)[C@@H]1CC[C@@H]3C[C@@H](O)CC[C@]3(C)[C@H]1C[C@H]2O)C1=CC(=O)OC1
2392,PIK3CA,0.83,C1(C\2[C@@](C)(C=3C(C1=O)[C@H]4[C@](C)(CC3OC(C)=O)[C@@H](O)CC4)[C@H](OC(=O)/C2=C/N5CCN(CC5)C6CCCCC6)COC)=O,Morgan,0.15,CCS(=O)(=O)NCC[C@@H]1CC[C@@H](NC(=O)C2CCCCC2)[C@H](CO)O1
2393,PIK3CA,0.83,N1=C(N2CCOCC2)C=3C=NN(C4CCN(CC4)C(=O)OC)C3N=C1C=5C=CC(=CC5)NC(=O)NC=6C=CC=CC6,Morgan,0.30,COc1ccc(cc1)C2(CC2)C(=O)N3CCC(CC3)n4nc(oc4=O)c5ccccc5
2394,PIK3CA,0.88,ClC1=C(S(=O)(=O)NC2=C(Cl)C=CC=C2)C=C(C=C1)C=3N=C(C(=NC3)N)C(=O)NC,Morgan,0.23,C[C@@H](CO)N1C[C@@H](C)[C@@H](CN(C)Cc2ccc(Cl)c(Cl)c2)Oc3c(NS(=O)(=O)c4cccs4)cccc3C1=O
2395,PIK3CA,0.88,ClC1=C(S(=O)(=O)NC2=C(Cl)C=CC=C2)C=C(C=C1)C=3N=C(C(=NC3)N)C(=O)NC,Morgan,0.23,C[C@@H](CO)N1C[C@@H](C)[C@@H](CN(C)Cc2ccc(Cl)c(Cl)c2)Oc3c(NS(=O)(=O)c4cccs4)cccc3C1=O
2396,PIK3CA,0.85,C1(=C(C=CC(=C1)C)C=2OC(=NN2)SCC=3C=C(C=CC3)OC)O,Morgan,0.28,Fc1ccc(cc1)C(=O)OCc1ccc(CSc2nnc(o2)-c2cccc3ccccc23)cc1
2397,PIK3CA,0.00,C=1(N=CC(=NC1C(=O)NC)C=2C=C(C=CC2)C3=NN=NN3)N,Morgan,0.11,Brc1c(Br)c(Br)c2[nH]nnc2c1Br
2398,PIK3CA,0.85,C1(=C(C=CC(=C1)C)C=2OC(=NN2)SCC=3C=C(C=CC3)OC)O,Morgan,0.28,Fc1ccc(cc1)C(=O)OCc1ccc(CSc2nnc(o2)-c2cccc3ccccc23)cc1
2399,PIK3CA,0.83,C1(C\2[C@@](C)(C=3C(C1=O)[C@H]4[C@](C)(CC3OC(C)=O)[C@@H](O)CC4)[C@H](OC(=O)/C2=C/N5CCN(CC5)C6CCCCC6)COC)=O,Morgan,0.15,CCS(=O)(=O)NCC[C@@H]1CC[C@@H](NC(=O)C2CCCCC2)[C@H](CO)O1
2400,SMAD3,0.84,O1C2=C(C(=O)N(C[C@@H]([C@H]1CN(CC3=CC=NC=C3)C)C)[C@@H](CO)C)C=CC=C2NC(=O)C4CC4,Fraggle,0.68,C[C@@H](CO)N1C[C@@H](C)[C@H](CN(C)C(=O)CC2CC2)Oc3ncc(cc3C1=O)c4ccccc4C
2401,SMAD3,0.85,O=C(N1CCN(CC1)C2CCCCC2)C3=C(N(N=C3)C4=CC=C(OC)C=C4)C5CCN(CC5)C(OC(C)(C)C)=O,Fraggle,0.40,COc1ccc(cc1)C2(CC2)C(=O)N3CCC(CC3)n4nc(oc4=O)c5ccccc5
2402,SMAD3,0.87,S(C=1OC(=NN1)C2=CC=3OCOC3C=C2)CC4=CC=C(C=C4)C,Fraggle,0.65,Fc1ccc(cc1)C(=O)OCc1ccc(CSc2nnc(o2)-c2cccc3ccccc23)cc1
2403,SMAD3,0.83,S(=O)(=O)(NCC(=O)N(C(C(=O)NCC1OCCC1)CC)CC2=CC=CC=C2)C3=CC=CC=C3,Fraggle,0.40,CCS(=O)(=O)NCC[C@@H]1CC[C@@H](NC(=O)C2CCCCC2)[C@H](CO)O1
2404,SMAD3,0.87,S(C=1OC(=NN1)C2=CC=3OCOC3C=C2)CC4=CC=C(C=C4)C,Fraggle,0.65,Fc1ccc(cc1)C(=O)OCc1ccc(CSc2nnc(o2)-c2cccc3ccccc23)cc1
2405,SMAD3,0.87,S(C=1OC(=NN1)C2=CC=3OCOC3C=C2)CC4=CC=C(C=C4)C,Fraggle,0.65,Fc1ccc(cc1)C(=O)OCc1ccc(CSc2nnc(o2)-c2cccc3ccccc23)cc1
2406,SMAD3,0.84,S1C(=C(N=C1NC(OC)=O)C2=CC=CC=C2)C(=O)C3=CC=CC=C3,Fraggle,0.62,COC(=O)Nc1nc2cc(ccc2[nH]1)C(=O)c1cccs1
2407,SMAD3,0.84,S1C=2N=CN=C(SC=3N(N=NN3)C)C2C(C=4SC=CC4)=C1,Fraggle,1.00,Cn1nnnc1Sc2ncnc3scc(c4cccc5ccccc45)c23
2408,SMAD3,0.85,S(=O)(=O)(NC=1C(=CC=CC1)C)C2=CC=C(C=3ON=C(C3)C)C=C2,Fraggle,0.57,Cc1noc(C)c1C(c2ccccc2)S(=O)(=O)c3ccc(C)cc3
2409,SMAD3,0.87,S(C=1OC(=NN1)C2=CC=3OCOC3C=C2)CC4=CC=C(C=C4)C,Fraggle,0.65,Fc1ccc(cc1)C(=O)OCc1ccc(CSc2nnc(o2)-c2cccc3ccccc23)cc1
2410,SMAD3,0.87,S(C=1OC(=NN1)C2=CC=3OCOC3C=C2)CC4=CC=C(C=C4)C,Fraggle,0.65,Fc1ccc(cc1)C(=O)OCc1ccc(CSc2nnc(o2)-c2cccc3ccccc23)cc1
2411,SMAD3,0.87,S(C=1OC(=NN1)C2=CC=3OCOC3C=C2)CC4=CC=C(C=C4)C,Fraggle,0.65,Fc1ccc(cc1)C(=O)OCc1ccc(CSc2nnc(o2)-c2cccc3ccccc23)cc1
2412,SMAD3,0.85,O=C(N1CCN(CC1)C2CCCCC2)C3=C(N(N=C3)C4=CC=C(OC)C=C4)C5CCN(CC5)C(OC(C)(C)C)=O,Fraggle,0.40,COc1ccc(cc1)C2(CC2)C(=O)N3CCC(CC3)n4nc(oc4=O)c5ccccc5
2413,SMAD3,0.87,S(C=1OC(=NN1)C2=CC=3OCOC3C=C2)CC4=CC=C(C=C4)C,Fraggle,0.65,Fc1ccc(cc1)C(=O)OCc1ccc(CSc2nnc(o2)-c2cccc3ccccc23)cc1
2414,SMAD3,0.84,S1C=2N=CN=C(SC=3N(N=NN3)C)C2C(C=4SC=CC4)=C1,Fraggle,1.00,Cn1nnnc1Sc2ncnc3scc(c4cccc5ccccc45)c23
2415,SMAD3,0.85,O=C(N1CCN(CC1)C2CCCCC2)C3=C(N(N=C3)C4=CC=C(OC)C=C4)C5CCN(CC5)C(OC(C)(C)C)=O,Fraggle,0.40,COc1ccc(cc1)C2(CC2)C(=O)N3CCC(CC3)n4nc(oc4=O)c5ccccc5
2416,SMAD3,0.87,S(C=1OC(=NN1)C2=CC=3OCOC3C=C2)CC4=CC=C(C=C4)C,Fraggle,0.65,Fc1ccc(cc1)C(=O)OCc1ccc(CSc2nnc(o2)-c2cccc3ccccc23)cc1
2417,SMAD3,0.84,S1C(=C(N=C1NC(OC)=O)C2=CC=CC=C2)C(=O)C3=CC=CC=C3,Fraggle,0.62,COC(=O)Nc1nc2cc(ccc2[nH]1)C(=O)c1cccs1
2418,SMAD3,0.87,S(C=1OC(=NN1)C2=CC=3OCOC3C=C2)CC4=CC=C(C=C4)C,Fraggle,0.65,Fc1ccc(cc1)C(=O)OCc1ccc(CSc2nnc(o2)-c2cccc3ccccc23)cc1
2419,SMAD3,0.85,O=C(N1CCN(CC1)C2CCCCC2)C3=C(N(N=C3)C4=CC=C(OC)C=C4)C5CCN(CC5)C(OC(C)(C)C)=O,Fraggle,0.40,COc1ccc(cc1)C2(CC2)C(=O)N3CCC(CC3)n4nc(oc4=O)c5ccccc5
2420,SMAD3,0.00,ClC=1C=C(C=2N=NNN2)C=CC1C,Fraggle,0.00,Brc1c(Br)c(Br)c2[nH]nnc2c1Br
2421,SMAD3,0.85,O=C(N1CCN(CC1)C2CCCCC2)C3=C(N(N=C3)C4=CC=C(OC)C=C4)C5CCN(CC5)C(OC(C)(C)C)=O,Fraggle,0.40,COc1ccc(cc1)C2(CC2)C(=O)N3CCC(CC3)n4nc(oc4=O)c5ccccc5
2422,SMAD3,0.87,S(C=1OC(=NN1)C2=CC=3OCOC3C=C2)CC4=CC=C(C=C4)C,Fraggle,0.65,Fc1ccc(cc1)C(=O)OCc1ccc(CSc2nnc(o2)-c2cccc3ccccc23)cc1
2423,SMAD3,0.85,O=C(N1CCN(CC1)C2CCCCC2)C3=C(N(N=C3)C4=CC=C(OC)C=C4)C5CCN(CC5)C(OC(C)(C)C)=O,Fraggle,0.40,COc1ccc(cc1)C2(CC2)C(=O)N3CCC(CC3)n4nc(oc4=O)c5ccccc5
2424,SMAD3,0.85,ClC1=C(NC(=O)CN2C=3C(C(=O)N(C2=O)CCCC(=O)NCCCOC)=CC=CC3)C=CC(=C1)C,Fraggle,0.42,COc1c(N2CCNC(C)C2)c(F)cc2c1n(cc(C(O)=O)c2=O)C1CC1
2425,SMAD3,0.85,O=C(N1CCN(CC1)C2CCCCC2)C3=C(N(N=C3)C4=CC=C(OC)C=C4)C5CCN(CC5)C(OC(C)(C)C)=O,Fraggle,0.40,COc1ccc(cc1)C2(CC2)C(=O)N3CCC(CC3)n4nc(oc4=O)c5ccccc5
2426,SMAD3,0.87,S(C=1OC(=NN1)C2=CC=3OCOC3C=C2)CC4=CC=C(C=C4)C,Fraggle,0.65,Fc1ccc(cc1)C(=O)OCc1ccc(CSc2nnc(o2)-c2cccc3ccccc23)cc1
2427,SMAD3,0.85,ClC1=C(NC(=O)CN2C=3C(C(=O)N(C2=O)CCCC(=O)NCCCOC)=CC=CC3)C=CC(=C1)C,Fraggle,0.42,COc1c(N2CCNC(C)C2)c(F)cc2c1n(cc(C(O)=O)c2=O)C1CC1
2428,SMAD3,0.87,S(C=1OC(=NN1)C2=CC=3OCOC3C=C2)CC4=CC=C(C=C4)C,Fraggle,0.65,Fc1ccc(cc1)C(=O)OCc1ccc(CSc2nnc(o2)-c2cccc3ccccc23)cc1
2429,SMAD3,0.85,O=C(N1CCN(CC1)C2CCCCC2)C3=C(N(N=C3)C4=CC=C(OC)C=C4)C5CCN(CC5)C(OC(C)(C)C)=O,Fraggle,0.40,COc1ccc(cc1)C2(CC2)C(=O)N3CCC(CC3)n4nc(oc4=O)c5ccccc5
2430,SMAD3,0.85,O=C(N1CCN(CC1)C2CCCCC2)C3=C(N(N=C3)C4=CC=C(OC)C=C4)C5CCN(CC5)C(OC(C)(C)C)=O,Fraggle,0.40,COc1ccc(cc1)C2(CC2)C(=O)N3CCC(CC3)n4nc(oc4=O)c5ccccc5
2431,SMAD3,0.68,S(=O)(=O)(N(C1CCCCC1)CC(=O)NCCCO)C2=CC=C(F)C=C2,Fraggle,0.53,OC[C@@H]1O[C@@H](CCNC(=O)C2CCC2)CC[C@@H]1NS(=O)(=O)Cc1ccccc1
2432,SMAD3,0.85,ClC1=C(NC(=O)CN2C=3C(C(=O)N(C2=O)CCCC(=O)NCCCOC)=CC=CC3)C=CC(=C1)C,Fraggle,0.42,COc1c(N2CCNC(C)C2)c(F)cc2c1n(cc(C(O)=O)c2=O)C1CC1
2433,SMAD3,0.87,S(C=1OC(=NN1)C2=CC=3OCOC3C=C2)CC4=CC=C(C=C4)C,Fraggle,0.65,Fc1ccc(cc1)C(=O)OCc1ccc(CSc2nnc(o2)-c2cccc3ccccc23)cc1
2434,SMAD3,0.78,S(C=1N=C2C(=C(O)N1)CCC2)CC3=CC(=CC=C3)C,Fraggle,0.90,COC(=O)c1ccc(CSc2nc3CCCc3c(O)n2)cc1
2435,SMAD3,0.88,S1C2=C(NC(=O)C1)C=C(C(OCC(=O)C3=C(N(C(=C3)C)CC4OCCC4)C)=O)C=C2,Fraggle,0.46,COc1cccc(CNC(=O)C[C@@H]2CC[C@@H]3[C@@H](COc4ccc(NC(=O)c5cccs5)cc4C(=O)N3C)O2)c1
2436,SMAD3,0.68,S(=O)(=O)(N(C1CCCCC1)CC(=O)NCCCO)C2=CC=C(F)C=C2,Fraggle,0.53,OC[C@@H]1O[C@@H](CCNC(=O)C2CCC2)CC[C@@H]1NS(=O)(=O)Cc1ccccc1
2437,SMAD3,0.84,S1C=2N=CN=C(SC=3N(N=NN3)C)C2C(C=4SC=CC4)=C1,Fraggle,1.00,Cn1nnnc1Sc2ncnc3scc(c4cccc5ccccc45)c23
2438,SMAD3,0.85,O=C(N1CCN(CC1)C2CCCCC2)C3=C(N(N=C3)C4=CC=C(OC)C=C4)C5CCN(CC5)C(OC(C)(C)C)=O,Fraggle,0.40,COc1ccc(cc1)C2(CC2)C(=O)N3CCC(CC3)n4nc(oc4=O)c5ccccc5
2439,SMAD3,0.87,S(C=1OC(=NN1)C2=CC=3OCOC3C=C2)CC4=CC=C(C=C4)C,Fraggle,0.65,Fc1ccc(cc1)C(=O)OCc1ccc(CSc2nnc(o2)-c2cccc3ccccc23)cc1
2440,SMAD3,0.87,S(C=1OC(=NN1)C2=CC=3OCOC3C=C2)CC4=CC=C(C=C4)C,Fraggle,0.65,Fc1ccc(cc1)C(=O)OCc1ccc(CSc2nnc(o2)-c2cccc3ccccc23)cc1
2441,SMAD3,0.87,S(C=1OC(=NN1)C2=CC=3OCOC3C=C2)CC4=CC=C(C=C4)C,Fraggle,0.65,Fc1ccc(cc1)C(=O)OCc1ccc(CSc2nnc(o2)-c2cccc3ccccc23)cc1
2442,SMAD3,0.84,S1C(=C(N=C1NC(OC)=O)C2=CC=CC=C2)C(=O)C3=CC=CC=C3,Fraggle,0.62,COC(=O)Nc1nc2cc(ccc2[nH]1)C(=O)c1cccs1
2443,SMAD3,0.85,O=C(N1CCN(CC1)C2CCCCC2)C3=C(N(N=C3)C4=CC=C(OC)C=C4)C5CCN(CC5)C(OC(C)(C)C)=O,Fraggle,0.40,COc1ccc(cc1)C2(CC2)C(=O)N3CCC(CC3)n4nc(oc4=O)c5ccccc5
2444,SMAD3,0.87,S(C=1OC(=NN1)C2=CC=3OCOC3C=C2)CC4=CC=C(C=C4)C,Fraggle,0.65,Fc1ccc(cc1)C(=O)OCc1ccc(CSc2nnc(o2)-c2cccc3ccccc23)cc1
2445,SMAD3,0.84,S1C(=C(N=C1NC(OC)=O)C2=CC=CC=C2)C(=O)C3=CC=CC=C3,Fraggle,0.62,COC(=O)Nc1nc2cc(ccc2[nH]1)C(=O)c1cccs1
2446,SMAD3,0.85,ClC1=C(NC(=O)CN2C=3C(C(=O)N(C2=O)CCCC(=O)NCCCOC)=CC=CC3)C=CC(=C1)C,Fraggle,0.42,COc1c(N2CCNC(C)C2)c(F)cc2c1n(cc(C(O)=O)c2=O)C1CC1
2447,SMAD3,0.87,S(C=1OC(=NN1)C2=CC=3OCOC3C=C2)CC4=CC=C(C=C4)C,Fraggle,0.65,Fc1ccc(cc1)C(=O)OCc1ccc(CSc2nnc(o2)-c2cccc3ccccc23)cc1
2448,SMAD3,0.87,S(C=1OC(=NN1)C2=CC=3OCOC3C=C2)CC4=CC=C(C=C4)C,Fraggle,0.65,Fc1ccc(cc1)C(=O)OCc1ccc(CSc2nnc(o2)-c2cccc3ccccc23)cc1
2449,SMAD3,0.85,ClC1=C(NC(=O)CN2C=3C(C(=O)N(C2=O)CCCC(=O)NCCCOC)=CC=CC3)C=CC(=C1)C,Fraggle,0.42,COc1c(N2CCNC(C)C2)c(F)cc2c1n(cc(C(O)=O)c2=O)C1CC1
2450,SMAD3,0.85,O=C(N1CCN(CC1)C2CCCCC2)C3=C(N(N=C3)C4=CC=C(OC)C=C4)C5CCN(CC5)C(OC(C)(C)C)=O,Fraggle,0.40,COc1ccc(cc1)C2(CC2)C(=O)N3CCC(CC3)n4nc(oc4=O)c5ccccc5
2451,SMAD3,0.87,S(C=1OC(=NN1)C2=CC=3OCOC3C=C2)CC4=CC=C(C=C4)C,Fraggle,0.65,Fc1ccc(cc1)C(=O)OCc1ccc(CSc2nnc(o2)-c2cccc3ccccc23)cc1
2452,SMAD3,0.84,O1C2=C(C(=O)N(C[C@@H]([C@H]1CN(CC3=CC=NC=C3)C)C)[C@@H](CO)C)C=CC=C2NC(=O)C4CC4,Fraggle,0.68,C[C@@H](CO)N1C[C@@H](C)[C@H](CN(C)C(=O)CC2CC2)Oc3ncc(cc3C1=O)c4ccccc4C
2453,SMAD3,0.85,O=C(N1CCN(CC1)C2CCCCC2)C3=C(N(N=C3)C4=CC=C(OC)C=C4)C5CCN(CC5)C(OC(C)(C)C)=O,Fraggle,0.40,COc1ccc(cc1)C2(CC2)C(=O)N3CCC(CC3)n4nc(oc4=O)c5ccccc5
2454,SMAD3,0.83,S(=O)(=O)(NCC(=O)N(C(C(=O)NCC1OCCC1)CC)CC2=CC=CC=C2)C3=CC=CC=C3,Fraggle,0.40,CCS(=O)(=O)NCC[C@@H]1CC[C@@H](NC(=O)C2CCCCC2)[C@H](CO)O1
2455,SMAD3,0.83,S(=O)(=O)(NCC(=O)N(C(C(=O)NCC1OCCC1)CC)CC2=CC=CC=C2)C3=CC=CC=C3,Fraggle,0.40,CCS(=O)(=O)NCC[C@@H]1CC[C@@H](NC(=O)C2CCCCC2)[C@H](CO)O1
2456,SMAD3,0.85,O=C(N1CCN(CC1)C2CCCCC2)C3=C(N(N=C3)C4=CC=C(OC)C=C4)C5CCN(CC5)C(OC(C)(C)C)=O,Fraggle,0.40,COc1ccc(cc1)C2(CC2)C(=O)N3CCC(CC3)n4nc(oc4=O)c5ccccc5
2457,SMAD3,0.85,O=C(N1CCN(CC1)C2CCCCC2)C3=C(N(N=C3)C4=CC=C(OC)C=C4)C5CCN(CC5)C(OC(C)(C)C)=O,Fraggle,0.40,COc1ccc(cc1)C2(CC2)C(=O)N3CCC(CC3)n4nc(oc4=O)c5ccccc5
2458,SMAD3,0.87,S(C=1OC(=NN1)C2=CC=3OCOC3C=C2)CC4=CC=C(C=C4)C,Fraggle,0.65,Fc1ccc(cc1)C(=O)OCc1ccc(CSc2nnc(o2)-c2cccc3ccccc23)cc1
2459,SMAD3,0.85,O=C(N1CCN(CC1)C2CCCCC2)C3=C(N(N=C3)C4=CC=C(OC)C=C4)C5CCN(CC5)C(OC(C)(C)C)=O,Fraggle,0.40,COc1ccc(cc1)C2(CC2)C(=O)N3CCC(CC3)n4nc(oc4=O)c5ccccc5
2460,SMAD3,0.87,S(C=1OC(=NN1)C2=CC=3OCOC3C=C2)CC4=CC=C(C=C4)C,Fraggle,0.65,Fc1ccc(cc1)C(=O)OCc1ccc(CSc2nnc(o2)-c2cccc3ccccc23)cc1
2461,SMAD3,0.87,S(C=1OC(=NN1)C2=CC=3OCOC3C=C2)CC4=CC=C(C=C4)C,Fraggle,0.65,Fc1ccc(cc1)C(=O)OCc1ccc(CSc2nnc(o2)-c2cccc3ccccc23)cc1
2462,SMAD3,0.84,S1C=2N=CN=C(SC=3N(N=NN3)C)C2C(C=4SC=CC4)=C1,Fraggle,1.00,Cn1nnnc1Sc2ncnc3scc(c4cccc5ccccc45)c23
2463,SMAD3,0.96,S1(=O)(=O)N(C[C@@H]([C@@H](OC=2C1=CC=C(C2)C3=CC(OC)=CC=C3)CN(CC=4C=NC=NC4)C)C)[C@@H](CO)C,Fraggle,0.79,C[C@@H](CO)N1C[C@@H](C)[C@@H](CN(C)Cc2ccccc2)Oc3cc(/C=C/c4ccccc4)ccc3S1(=O)=O
2464,SMAD3,0.87,S(C=1OC(=NN1)C2=CC=3OCOC3C=C2)CC4=CC=C(C=C4)C,Fraggle,0.65,Fc1ccc(cc1)C(=O)OCc1ccc(CSc2nnc(o2)-c2cccc3ccccc23)cc1
2465,SMAD3,0.84,S1C=2N=CN=C(SC=3N(N=NN3)C)C2C(C=4SC=CC4)=C1,Fraggle,1.00,Cn1nnnc1Sc2ncnc3scc(c4cccc5ccccc45)c23
2466,SMAD3,0.85,O=C(N1CCN(CC1)C2CCCCC2)C3=C(N(N=C3)C4=CC=C(OC)C=C4)C5CCN(CC5)C(OC(C)(C)C)=O,Fraggle,0.40,COc1ccc(cc1)C2(CC2)C(=O)N3CCC(CC3)n4nc(oc4=O)c5ccccc5
2467,SMAD3,0.78,S(C=1N=C2C(=C(O)N1)CCC2)CC3=CC(=CC=C3)C,Fraggle,0.90,COC(=O)c1ccc(CSc2nc3CCCc3c(O)n2)cc1
2468,SMAD3,0.88,N(C(=O)C=1C=CC=CC1O)CCCCCCNC(C=2C(=CC=CC2)O)=O,Fraggle,0.48,Oc1ccc(C=C(C#N)C(=O)NCCCCc2ccccc2)cc1O
2469,SMAD3,0.83,S(=O)(=O)(NCC(=O)N(C(C(=O)NCC1OCCC1)CC)CC2=CC=CC=C2)C3=CC=CC=C3,Fraggle,0.40,CCS(=O)(=O)NCC[C@@H]1CC[C@@H](NC(=O)C2CCCCC2)[C@H](CO)O1
2470,SMAD3,0.78,S(C=1N=C2C(=C(O)N1)CCC2)CC3=CC(=CC=C3)C,Fraggle,0.90,COC(=O)c1ccc(CSc2nc3CCCc3c(O)n2)cc1
2471,SMAD3,0.83,S(=O)(=O)(NCC(=O)N(C(C(=O)NCC1OCCC1)CC)CC2=CC=CC=C2)C3=CC=CC=C3,Fraggle,0.40,CCS(=O)(=O)NCC[C@@H]1CC[C@@H](NC(=O)C2CCCCC2)[C@H](CO)O1
2472,SMAD3,0.84,S1C=2N=CN=C(SC=3N(N=NN3)C)C2C(C=4SC=CC4)=C1,Fraggle,1.00,Cn1nnnc1Sc2ncnc3scc(c4cccc5ccccc45)c23
2473,SMAD3,0.85,O=C(N1CCN(CC1)C2CCCCC2)C3=C(N(N=C3)C4=CC=C(OC)C=C4)C5CCN(CC5)C(OC(C)(C)C)=O,Fraggle,0.40,COc1ccc(cc1)C2(CC2)C(=O)N3CCC(CC3)n4nc(oc4=O)c5ccccc5
2474,SMAD3,0.87,S(C=1OC(=NN1)C2=CC=3OCOC3C=C2)CC4=CC=C(C=C4)C,Fraggle,0.65,Fc1ccc(cc1)C(=O)OCc1ccc(CSc2nnc(o2)-c2cccc3ccccc23)cc1
2475,SMAD3,0.83,S(=O)(=O)(NCC(=O)N(C(C(=O)NCC1OCCC1)CC)CC2=CC=CC=C2)C3=CC=CC=C3,Fraggle,0.40,CCS(=O)(=O)NCC[C@@H]1CC[C@@H](NC(=O)C2CCCCC2)[C@H](CO)O1
2476,SMAD3,0.83,S(=O)(=O)(NCC(=O)N(C(C(=O)NCC1OCCC1)CC)CC2=CC=CC=C2)C3=CC=CC=C3,Fraggle,0.40,CCS(=O)(=O)NCC[C@@H]1CC[C@@H](NC(=O)C2CCCCC2)[C@H](CO)O1
2477,SMAD3,0.83,S(=O)(=O)(NCC(=O)N(C(C(=O)NCC1OCCC1)CC)CC2=CC=CC=C2)C3=CC=CC=C3,Fraggle,0.40,CCS(=O)(=O)NCC[C@@H]1CC[C@@H](NC(=O)C2CCCCC2)[C@H](CO)O1
2478,SMAD3,0.83,S(=O)(=O)(NCC(=O)N(C(C(=O)NCC1OCCC1)CC)CC2=CC=CC=C2)C3=CC=CC=C3,Fraggle,0.40,CCS(=O)(=O)NCC[C@@H]1CC[C@@H](NC(=O)C2CCCCC2)[C@H](CO)O1
2479,SMAD3,0.88,OC1=NC=2C(C=C1CN(CC=3N(N=NN3)CCC4=CC=CC=C4)CC5OCCC5)=CC(OCC)=CC2,Fraggle,0.61,COc1ccc(C[C@@H]2CCc3cnnn3COC[C@@H](Cc3ccccc3)NC2=O)cc1
2480,SMAD3,0.87,S(C=1OC(=NN1)C2=CC=3OCOC3C=C2)CC4=CC=C(C=C4)C,Fraggle,0.65,Fc1ccc(cc1)C(=O)OCc1ccc(CSc2nnc(o2)-c2cccc3ccccc23)cc1
2481,SMAD3,0.85,O=C(N1CCN(CC1)C2CCCCC2)C3=C(N(N=C3)C4=CC=C(OC)C=C4)C5CCN(CC5)C(OC(C)(C)C)=O,Fraggle,0.40,COc1ccc(cc1)C2(CC2)C(=O)N3CCC(CC3)n4nc(oc4=O)c5ccccc5
2482,SMAD3,0.84,S1C=2N=CN=C(SC=3N(N=NN3)C)C2C(C=4SC=CC4)=C1,Fraggle,1.00,Cn1nnnc1Sc2ncnc3scc(c4cccc5ccccc45)c23
2483,SMAD3,0.85,S(=O)(=O)(NC=1C(=CC=CC1)C)C2=CC=C(C=3ON=C(C3)C)C=C2,Fraggle,0.57,Cc1noc(C)c1C(c2ccccc2)S(=O)(=O)c3ccc(C)cc3
2484,SMAD3,0.87,S(C=1OC(=NN1)C2=CC=3OCOC3C=C2)CC4=CC=C(C=C4)C,Fraggle,0.65,Fc1ccc(cc1)C(=O)OCc1ccc(CSc2nnc(o2)-c2cccc3ccccc23)cc1
2485,SMAD3,0.83,S(=O)(=O)(NCC(=O)N(C(C(=O)NCC1OCCC1)CC)CC2=CC=CC=C2)C3=CC=CC=C3,Fraggle,0.40,CCS(=O)(=O)NCC[C@@H]1CC[C@@H](NC(=O)C2CCCCC2)[C@H](CO)O1
2486,SMAD3,0.87,S(C=1OC(=NN1)C2=CC=3OCOC3C=C2)CC4=CC=C(C=C4)C,Fraggle,0.65,Fc1ccc(cc1)C(=O)OCc1ccc(CSc2nnc(o2)-c2cccc3ccccc23)cc1
2487,SMAD3,0.83,S(=O)(=O)(NCC(=O)N(C(C(=O)NCC1OCCC1)CC)CC2=CC=CC=C2)C3=CC=CC=C3,Fraggle,0.40,CCS(=O)(=O)NCC[C@@H]1CC[C@@H](NC(=O)C2CCCCC2)[C@H](CO)O1
2488,SMAD3,0.85,O=C(N1CCN(CC1)C2CCCCC2)C3=C(N(N=C3)C4=CC=C(OC)C=C4)C5CCN(CC5)C(OC(C)(C)C)=O,Fraggle,0.40,COc1ccc(cc1)C2(CC2)C(=O)N3CCC(CC3)n4nc(oc4=O)c5ccccc5
2489,SMAD3,0.87,S(C=1OC(=NN1)C2=CC=3OCOC3C=C2)CC4=CC=C(C=C4)C,Fraggle,0.65,Fc1ccc(cc1)C(=O)OCc1ccc(CSc2nnc(o2)-c2cccc3ccccc23)cc1
2490,SMAD3,0.87,S(C=1OC(=NN1)C2=CC=3OCOC3C=C2)CC4=CC=C(C=C4)C,Fraggle,0.65,Fc1ccc(cc1)C(=O)OCc1ccc(CSc2nnc(o2)-c2cccc3ccccc23)cc1
2491,SMAD3,0.87,S(C=1OC(=NN1)C2=CC=3OCOC3C=C2)CC4=CC=C(C=C4)C,Fraggle,0.65,Fc1ccc(cc1)C(=O)OCc1ccc(CSc2nnc(o2)-c2cccc3ccccc23)cc1
2492,SMAD3,0.84,S1C=2N=CN=C(SC=3N(N=NN3)C)C2C(C=4SC=CC4)=C1,Fraggle,1.00,Cn1nnnc1Sc2ncnc3scc(c4cccc5ccccc45)c23
2493,SMAD3,0.78,S(C=1N=C2C(=C(O)N1)CCC2)CC3=CC(=CC=C3)C,Fraggle,0.90,COC(=O)c1ccc(CSc2nc3CCCc3c(O)n2)cc1
2494,SMAD3,0.85,S(=O)(=O)(NC=1C(=CC=CC1)C)C2=CC=C(C=3ON=C(C3)C)C=C2,Fraggle,0.57,Cc1noc(C)c1C(c2ccccc2)S(=O)(=O)c3ccc(C)cc3
2495,SMAD3,0.85,O=C(N1CCN(CC1)C2CCCCC2)C3=C(N(N=C3)C4=CC=C(OC)C=C4)C5CCN(CC5)C(OC(C)(C)C)=O,Fraggle,0.40,COc1ccc(cc1)C2(CC2)C(=O)N3CCC(CC3)n4nc(oc4=O)c5ccccc5
2496,SMAD3,0.87,S(C=1OC(=NN1)C2=CC=3OCOC3C=C2)CC4=CC=C(C=C4)C,Fraggle,0.65,Fc1ccc(cc1)C(=O)OCc1ccc(CSc2nnc(o2)-c2cccc3ccccc23)cc1
2497,SMAD3,0.85,ClC1=C(NC(=O)CN2C=3C(C(=O)N(C2=O)CCCC(=O)NCCCOC)=CC=CC3)C=CC(=C1)C,Fraggle,0.42,COc1c(N2CCNC(C)C2)c(F)cc2c1n(cc(C(O)=O)c2=O)C1CC1
2498,SMAD3,0.85,S(=O)(=O)(NC=1C(=CC=CC1)C)C2=CC=C(C=3ON=C(C3)C)C=C2,Fraggle,0.57,Cc1noc(C)c1C(c2ccccc2)S(=O)(=O)c3ccc(C)cc3
2499,SMAD3,0.85,O=C(N1CCN(CC1)C2CCCCC2)C3=C(N(N=C3)C4=CC=C(OC)C=C4)C5CCN(CC5)C(OC(C)(C)C)=O,Fraggle,0.40,COc1ccc(cc1)C2(CC2)C(=O)N3CCC(CC3)n4nc(oc4=O)c5ccccc5
2500,SMAD3,0.84,O1C2=C(C(=O)N(C[C@@H]([C@H]1CN(CC3=CC=NC=C3)C)C)[C@@H](CO)C)C=CC=C2NC(=O)C4CC4,MACCS,0.90,C[C@@H](CO)N1C[C@@H](C)[C@H](CN(C)C(=O)CC2CC2)Oc3ncc(cc3C1=O)c4ccccc4C
2501,SMAD3,0.85,O=C(N1CCN(CC1)C2CCCCC2)C3=C(N(N=C3)C4=CC=C(OC)C=C4)C5CCN(CC5)C(OC(C)(C)C)=O,MACCS,0.88,COc1ccc(cc1)C2(CC2)C(=O)N3CCC(CC3)n4nc(oc4=O)c5ccccc5
2502,SMAD3,0.87,S(C=1OC(=NN1)C2=CC=3OCOC3C=C2)CC4=CC=C(C=C4)C,MACCS,0.77,Fc1ccc(cc1)C(=O)OCc1ccc(CSc2nnc(o2)-c2cccc3ccccc23)cc1
2503,SMAD3,0.83,S(=O)(=O)(NCC(=O)N(C(C(=O)NCC1OCCC1)CC)CC2=CC=CC=C2)C3=CC=CC=C3,MACCS,0.76,CCS(=O)(=O)NCC[C@@H]1CC[C@@H](NC(=O)C2CCCCC2)[C@H](CO)O1
2504,SMAD3,0.87,S(C=1OC(=NN1)C2=CC=3OCOC3C=C2)CC4=CC=C(C=C4)C,MACCS,0.77,Fc1ccc(cc1)C(=O)OCc1ccc(CSc2nnc(o2)-c2cccc3ccccc23)cc1
2505,SMAD3,0.87,S(C=1OC(=NN1)C2=CC=3OCOC3C=C2)CC4=CC=C(C=C4)C,MACCS,0.77,Fc1ccc(cc1)C(=O)OCc1ccc(CSc2nnc(o2)-c2cccc3ccccc23)cc1
2506,SMAD3,0.84,S1C(=C(N=C1NC(OC)=O)C2=CC=CC=C2)C(=O)C3=CC=CC=C3,MACCS,0.77,COC(=O)Nc1nc2cc(ccc2[nH]1)C(=O)c1cccs1
2507,SMAD3,0.84,S1C=2N=CN=C(SC=3N(N=NN3)C)C2C(C=4SC=CC4)=C1,MACCS,0.98,Cn1nnnc1Sc2ncnc3scc(c4cccc5ccccc45)c23
2508,SMAD3,0.85,S(=O)(=O)(NC=1C(=CC=CC1)C)C2=CC=C(C=3ON=C(C3)C)C=C2,MACCS,0.78,Cc1noc(C)c1C(c2ccccc2)S(=O)(=O)c3ccc(C)cc3
2509,SMAD3,0.87,S(C=1OC(=NN1)C2=CC=3OCOC3C=C2)CC4=CC=C(C=C4)C,MACCS,0.77,Fc1ccc(cc1)C(=O)OCc1ccc(CSc2nnc(o2)-c2cccc3ccccc23)cc1
2510,SMAD3,0.87,S(C=1OC(=NN1)C2=CC=3OCOC3C=C2)CC4=CC=C(C=C4)C,MACCS,0.77,Fc1ccc(cc1)C(=O)OCc1ccc(CSc2nnc(o2)-c2cccc3ccccc23)cc1
2511,SMAD3,0.87,S(C=1OC(=NN1)C2=CC=3OCOC3C=C2)CC4=CC=C(C=C4)C,MACCS,0.77,Fc1ccc(cc1)C(=O)OCc1ccc(CSc2nnc(o2)-c2cccc3ccccc23)cc1
2512,SMAD3,0.85,O=C(N1CCN(CC1)C2CCCCC2)C3=C(N(N=C3)C4=CC=C(OC)C=C4)C5CCN(CC5)C(OC(C)(C)C)=O,MACCS,0.88,COc1ccc(cc1)C2(CC2)C(=O)N3CCC(CC3)n4nc(oc4=O)c5ccccc5
2513,SMAD3,0.87,S(C=1OC(=NN1)C2=CC=3OCOC3C=C2)CC4=CC=C(C=C4)C,MACCS,0.77,Fc1ccc(cc1)C(=O)OCc1ccc(CSc2nnc(o2)-c2cccc3ccccc23)cc1
2514,SMAD3,0.84,S1C=2N=CN=C(SC=3N(N=NN3)C)C2C(C=4SC=CC4)=C1,MACCS,0.98,Cn1nnnc1Sc2ncnc3scc(c4cccc5ccccc45)c23
2515,SMAD3,0.85,O=C(N1CCN(CC1)C2CCCCC2)C3=C(N(N=C3)C4=CC=C(OC)C=C4)C5CCN(CC5)C(OC(C)(C)C)=O,MACCS,0.88,COc1ccc(cc1)C2(CC2)C(=O)N3CCC(CC3)n4nc(oc4=O)c5ccccc5
2516,SMAD3,0.87,S(C=1OC(=NN1)C2=CC=3OCOC3C=C2)CC4=CC=C(C=C4)C,MACCS,0.77,Fc1ccc(cc1)C(=O)OCc1ccc(CSc2nnc(o2)-c2cccc3ccccc23)cc1
2517,SMAD3,0.84,S1C(=C(N=C1NC(OC)=O)C2=CC=CC=C2)C(=O)C3=CC=CC=C3,MACCS,0.77,COC(=O)Nc1nc2cc(ccc2[nH]1)C(=O)c1cccs1
2518,SMAD3,0.87,S(C=1OC(=NN1)C2=CC=3OCOC3C=C2)CC4=CC=C(C=C4)C,MACCS,0.77,Fc1ccc(cc1)C(=O)OCc1ccc(CSc2nnc(o2)-c2cccc3ccccc23)cc1
2519,SMAD3,0.85,O=C(N1CCN(CC1)C2CCCCC2)C3=C(N(N=C3)C4=CC=C(OC)C=C4)C5CCN(CC5)C(OC(C)(C)C)=O,MACCS,0.88,COc1ccc(cc1)C2(CC2)C(=O)N3CCC(CC3)n4nc(oc4=O)c5ccccc5
2520,SMAD3,0.00,ClC=1C=C(C=2N=NNN2)C=CC1C,MACCS,0.80,Brc1c(Br)c(Br)c2[nH]nnc2c1Br
2521,SMAD3,0.85,O=C(N1CCN(CC1)C2CCCCC2)C3=C(N(N=C3)C4=CC=C(OC)C=C4)C5CCN(CC5)C(OC(C)(C)C)=O,MACCS,0.88,COc1ccc(cc1)C2(CC2)C(=O)N3CCC(CC3)n4nc(oc4=O)c5ccccc5
2522,SMAD3,0.87,S(C=1OC(=NN1)C2=CC=3OCOC3C=C2)CC4=CC=C(C=C4)C,MACCS,0.77,Fc1ccc(cc1)C(=O)OCc1ccc(CSc2nnc(o2)-c2cccc3ccccc23)cc1
2523,SMAD3,0.85,O=C(N1CCN(CC1)C2CCCCC2)C3=C(N(N=C3)C4=CC=C(OC)C=C4)C5CCN(CC5)C(OC(C)(C)C)=O,MACCS,0.88,COc1ccc(cc1)C2(CC2)C(=O)N3CCC(CC3)n4nc(oc4=O)c5ccccc5
2524,SMAD3,0.85,ClC1=C(NC(=O)CN2C=3C(C(=O)N(C2=O)CCCC(=O)NCCCOC)=CC=CC3)C=CC(=C1)C,MACCS,0.79,COc1c(N2CCNC(C)C2)c(F)cc2c1n(cc(C(O)=O)c2=O)C1CC1
2525,SMAD3,0.85,O=C(N1CCN(CC1)C2CCCCC2)C3=C(N(N=C3)C4=CC=C(OC)C=C4)C5CCN(CC5)C(OC(C)(C)C)=O,MACCS,0.88,COc1ccc(cc1)C2(CC2)C(=O)N3CCC(CC3)n4nc(oc4=O)c5ccccc5
2526,SMAD3,0.87,S(C=1OC(=NN1)C2=CC=3OCOC3C=C2)CC4=CC=C(C=C4)C,MACCS,0.77,Fc1ccc(cc1)C(=O)OCc1ccc(CSc2nnc(o2)-c2cccc3ccccc23)cc1
2527,SMAD3,0.85,ClC1=C(NC(=O)CN2C=3C(C(=O)N(C2=O)CCCC(=O)NCCCOC)=CC=CC3)C=CC(=C1)C,MACCS,0.79,COc1c(N2CCNC(C)C2)c(F)cc2c1n(cc(C(O)=O)c2=O)C1CC1
2528,SMAD3,0.87,S(C=1OC(=NN1)C2=CC=3OCOC3C=C2)CC4=CC=C(C=C4)C,MACCS,0.77,Fc1ccc(cc1)C(=O)OCc1ccc(CSc2nnc(o2)-c2cccc3ccccc23)cc1
2529,SMAD3,0.85,O=C(N1CCN(CC1)C2CCCCC2)C3=C(N(N=C3)C4=CC=C(OC)C=C4)C5CCN(CC5)C(OC(C)(C)C)=O,MACCS,0.88,COc1ccc(cc1)C2(CC2)C(=O)N3CCC(CC3)n4nc(oc4=O)c5ccccc5
2530,SMAD3,0.85,O=C(N1CCN(CC1)C2CCCCC2)C3=C(N(N=C3)C4=CC=C(OC)C=C4)C5CCN(CC5)C(OC(C)(C)C)=O,MACCS,0.88,COc1ccc(cc1)C2(CC2)C(=O)N3CCC(CC3)n4nc(oc4=O)c5ccccc5
2531,SMAD3,0.68,S(=O)(=O)(N(C1CCCCC1)CC(=O)NCCCO)C2=CC=C(F)C=C2,MACCS,0.76,OC[C@@H]1O[C@@H](CCNC(=O)C2CCC2)CC[C@@H]1NS(=O)(=O)Cc1ccccc1
2532,SMAD3,0.85,ClC1=C(NC(=O)CN2C=3C(C(=O)N(C2=O)CCCC(=O)NCCCOC)=CC=CC3)C=CC(=C1)C,MACCS,0.79,COc1c(N2CCNC(C)C2)c(F)cc2c1n(cc(C(O)=O)c2=O)C1CC1
2533,SMAD3,0.87,S(C=1OC(=NN1)C2=CC=3OCOC3C=C2)CC4=CC=C(C=C4)C,MACCS,0.77,Fc1ccc(cc1)C(=O)OCc1ccc(CSc2nnc(o2)-c2cccc3ccccc23)cc1
2534,SMAD3,0.78,S(C=1N=C2C(=C(O)N1)CCC2)CC3=CC(=CC=C3)C,MACCS,0.86,COC(=O)c1ccc(CSc2nc3CCCc3c(O)n2)cc1
2535,SMAD3,0.88,S1C2=C(NC(=O)C1)C=C(C(OCC(=O)C3=C(N(C(=C3)C)CC4OCCC4)C)=O)C=C2,MACCS,0.88,COc1cccc(CNC(=O)C[C@@H]2CC[C@@H]3[C@@H](COc4ccc(NC(=O)c5cccs5)cc4C(=O)N3C)O2)c1
2536,SMAD3,0.68,S(=O)(=O)(N(C1CCCCC1)CC(=O)NCCCO)C2=CC=C(F)C=C2,MACCS,0.76,OC[C@@H]1O[C@@H](CCNC(=O)C2CCC2)CC[C@@H]1NS(=O)(=O)Cc1ccccc1
2537,SMAD3,0.84,S1C=2N=CN=C(SC=3N(N=NN3)C)C2C(C=4SC=CC4)=C1,MACCS,0.98,Cn1nnnc1Sc2ncnc3scc(c4cccc5ccccc45)c23
2538,SMAD3,0.85,O=C(N1CCN(CC1)C2CCCCC2)C3=C(N(N=C3)C4=CC=C(OC)C=C4)C5CCN(CC5)C(OC(C)(C)C)=O,MACCS,0.88,COc1ccc(cc1)C2(CC2)C(=O)N3CCC(CC3)n4nc(oc4=O)c5ccccc5
2539,SMAD3,0.87,S(C=1OC(=NN1)C2=CC=3OCOC3C=C2)CC4=CC=C(C=C4)C,MACCS,0.77,Fc1ccc(cc1)C(=O)OCc1ccc(CSc2nnc(o2)-c2cccc3ccccc23)cc1
2540,SMAD3,0.87,S(C=1OC(=NN1)C2=CC=3OCOC3C=C2)CC4=CC=C(C=C4)C,MACCS,0.77,Fc1ccc(cc1)C(=O)OCc1ccc(CSc2nnc(o2)-c2cccc3ccccc23)cc1
2541,SMAD3,0.87,S(C=1OC(=NN1)C2=CC=3OCOC3C=C2)CC4=CC=C(C=C4)C,MACCS,0.77,Fc1ccc(cc1)C(=O)OCc1ccc(CSc2nnc(o2)-c2cccc3ccccc23)cc1
2542,SMAD3,0.84,S1C(=C(N=C1NC(OC)=O)C2=CC=CC=C2)C(=O)C3=CC=CC=C3,MACCS,0.77,COC(=O)Nc1nc2cc(ccc2[nH]1)C(=O)c1cccs1
2543,SMAD3,0.85,O=C(N1CCN(CC1)C2CCCCC2)C3=C(N(N=C3)C4=CC=C(OC)C=C4)C5CCN(CC5)C(OC(C)(C)C)=O,MACCS,0.88,COc1ccc(cc1)C2(CC2)C(=O)N3CCC(CC3)n4nc(oc4=O)c5ccccc5
2544,SMAD3,0.87,S(C=1OC(=NN1)C2=CC=3OCOC3C=C2)CC4=CC=C(C=C4)C,MACCS,0.77,Fc1ccc(cc1)C(=O)OCc1ccc(CSc2nnc(o2)-c2cccc3ccccc23)cc1
2545,SMAD3,0.84,S1C(=C(N=C1NC(OC)=O)C2=CC=CC=C2)C(=O)C3=CC=CC=C3,MACCS,0.77,COC(=O)Nc1nc2cc(ccc2[nH]1)C(=O)c1cccs1
2546,SMAD3,0.85,ClC1=C(NC(=O)CN2C=3C(C(=O)N(C2=O)CCCC(=O)NCCCOC)=CC=CC3)C=CC(=C1)C,MACCS,0.79,COc1c(N2CCNC(C)C2)c(F)cc2c1n(cc(C(O)=O)c2=O)C1CC1
2547,SMAD3,0.87,S(C=1OC(=NN1)C2=CC=3OCOC3C=C2)CC4=CC=C(C=C4)C,MACCS,0.77,Fc1ccc(cc1)C(=O)OCc1ccc(CSc2nnc(o2)-c2cccc3ccccc23)cc1
2548,SMAD3,0.87,S(C=1OC(=NN1)C2=CC=3OCOC3C=C2)CC4=CC=C(C=C4)C,MACCS,0.77,Fc1ccc(cc1)C(=O)OCc1ccc(CSc2nnc(o2)-c2cccc3ccccc23)cc1
2549,SMAD3,0.85,ClC1=C(NC(=O)CN2C=3C(C(=O)N(C2=O)CCCC(=O)NCCCOC)=CC=CC3)C=CC(=C1)C,MACCS,0.79,COc1c(N2CCNC(C)C2)c(F)cc2c1n(cc(C(O)=O)c2=O)C1CC1
2550,SMAD3,0.85,O=C(N1CCN(CC1)C2CCCCC2)C3=C(N(N=C3)C4=CC=C(OC)C=C4)C5CCN(CC5)C(OC(C)(C)C)=O,MACCS,0.88,COc1ccc(cc1)C2(CC2)C(=O)N3CCC(CC3)n4nc(oc4=O)c5ccccc5
2551,SMAD3,0.87,S(C=1OC(=NN1)C2=CC=3OCOC3C=C2)CC4=CC=C(C=C4)C,MACCS,0.77,Fc1ccc(cc1)C(=O)OCc1ccc(CSc2nnc(o2)-c2cccc3ccccc23)cc1
2552,SMAD3,0.84,O1C2=C(C(=O)N(C[C@@H]([C@H]1CN(CC3=CC=NC=C3)C)C)[C@@H](CO)C)C=CC=C2NC(=O)C4CC4,MACCS,0.90,C[C@@H](CO)N1C[C@@H](C)[C@H](CN(C)C(=O)CC2CC2)Oc3ncc(cc3C1=O)c4ccccc4C
2553,SMAD3,0.85,O=C(N1CCN(CC1)C2CCCCC2)C3=C(N(N=C3)C4=CC=C(OC)C=C4)C5CCN(CC5)C(OC(C)(C)C)=O,MACCS,0.88,COc1ccc(cc1)C2(CC2)C(=O)N3CCC(CC3)n4nc(oc4=O)c5ccccc5
2554,SMAD3,0.83,S(=O)(=O)(NCC(=O)N(C(C(=O)NCC1OCCC1)CC)CC2=CC=CC=C2)C3=CC=CC=C3,MACCS,0.76,CCS(=O)(=O)NCC[C@@H]1CC[C@@H](NC(=O)C2CCCCC2)[C@H](CO)O1
2555,SMAD3,0.83,S(=O)(=O)(NCC(=O)N(C(C(=O)NCC1OCCC1)CC)CC2=CC=CC=C2)C3=CC=CC=C3,MACCS,0.76,CCS(=O)(=O)NCC[C@@H]1CC[C@@H](NC(=O)C2CCCCC2)[C@H](CO)O1
2556,SMAD3,0.85,O=C(N1CCN(CC1)C2CCCCC2)C3=C(N(N=C3)C4=CC=C(OC)C=C4)C5CCN(CC5)C(OC(C)(C)C)=O,MACCS,0.88,COc1ccc(cc1)C2(CC2)C(=O)N3CCC(CC3)n4nc(oc4=O)c5ccccc5
2557,SMAD3,0.85,O=C(N1CCN(CC1)C2CCCCC2)C3=C(N(N=C3)C4=CC=C(OC)C=C4)C5CCN(CC5)C(OC(C)(C)C)=O,MACCS,0.88,COc1ccc(cc1)C2(CC2)C(=O)N3CCC(CC3)n4nc(oc4=O)c5ccccc5
2558,SMAD3,0.87,S(C=1OC(=NN1)C2=CC=3OCOC3C=C2)CC4=CC=C(C=C4)C,MACCS,0.77,Fc1ccc(cc1)C(=O)OCc1ccc(CSc2nnc(o2)-c2cccc3ccccc23)cc1
2559,SMAD3,0.85,O=C(N1CCN(CC1)C2CCCCC2)C3=C(N(N=C3)C4=CC=C(OC)C=C4)C5CCN(CC5)C(OC(C)(C)C)=O,MACCS,0.88,COc1ccc(cc1)C2(CC2)C(=O)N3CCC(CC3)n4nc(oc4=O)c5ccccc5
2560,SMAD3,0.87,S(C=1OC(=NN1)C2=CC=3OCOC3C=C2)CC4=CC=C(C=C4)C,MACCS,0.77,Fc1ccc(cc1)C(=O)OCc1ccc(CSc2nnc(o2)-c2cccc3ccccc23)cc1
2561,SMAD3,0.87,S(C=1OC(=NN1)C2=CC=3OCOC3C=C2)CC4=CC=C(C=C4)C,MACCS,0.77,Fc1ccc(cc1)C(=O)OCc1ccc(CSc2nnc(o2)-c2cccc3ccccc23)cc1
2562,SMAD3,0.84,S1C=2N=CN=C(SC=3N(N=NN3)C)C2C(C=4SC=CC4)=C1,MACCS,0.98,Cn1nnnc1Sc2ncnc3scc(c4cccc5ccccc45)c23
2563,SMAD3,0.96,S1(=O)(=O)N(C[C@@H]([C@@H](OC=2C1=CC=C(C2)C3=CC(OC)=CC=C3)CN(CC=4C=NC=NC4)C)C)[C@@H](CO)C,MACCS,0.91,C[C@@H](CO)N1C[C@@H](C)[C@@H](CN(C)Cc2ccccc2)Oc3cc(/C=C/c4ccccc4)ccc3S1(=O)=O
2564,SMAD3,0.87,S(C=1OC(=NN1)C2=CC=3OCOC3C=C2)CC4=CC=C(C=C4)C,MACCS,0.77,Fc1ccc(cc1)C(=O)OCc1ccc(CSc2nnc(o2)-c2cccc3ccccc23)cc1
2565,SMAD3,0.84,S1C=2N=CN=C(SC=3N(N=NN3)C)C2C(C=4SC=CC4)=C1,MACCS,0.98,Cn1nnnc1Sc2ncnc3scc(c4cccc5ccccc45)c23
2566,SMAD3,0.85,O=C(N1CCN(CC1)C2CCCCC2)C3=C(N(N=C3)C4=CC=C(OC)C=C4)C5CCN(CC5)C(OC(C)(C)C)=O,MACCS,0.88,COc1ccc(cc1)C2(CC2)C(=O)N3CCC(CC3)n4nc(oc4=O)c5ccccc5
2567,SMAD3,0.78,S(C=1N=C2C(=C(O)N1)CCC2)CC3=CC(=CC=C3)C,MACCS,0.86,COC(=O)c1ccc(CSc2nc3CCCc3c(O)n2)cc1
2568,SMAD3,0.88,N(C(=O)C=1C=CC=CC1O)CCCCCCNC(C=2C(=CC=CC2)O)=O,MACCS,0.75,Oc1ccc(C=C(C#N)C(=O)NCCCCc2ccccc2)cc1O
2569,SMAD3,0.83,S(=O)(=O)(NCC(=O)N(C(C(=O)NCC1OCCC1)CC)CC2=CC=CC=C2)C3=CC=CC=C3,MACCS,0.76,CCS(=O)(=O)NCC[C@@H]1CC[C@@H](NC(=O)C2CCCCC2)[C@H](CO)O1
2570,SMAD3,0.78,S(C=1N=C2C(=C(O)N1)CCC2)CC3=CC(=CC=C3)C,MACCS,0.86,COC(=O)c1ccc(CSc2nc3CCCc3c(O)n2)cc1
2571,SMAD3,0.83,S(=O)(=O)(NCC(=O)N(C(C(=O)NCC1OCCC1)CC)CC2=CC=CC=C2)C3=CC=CC=C3,MACCS,0.76,CCS(=O)(=O)NCC[C@@H]1CC[C@@H](NC(=O)C2CCCCC2)[C@H](CO)O1
2572,SMAD3,0.84,S1C=2N=CN=C(SC=3N(N=NN3)C)C2C(C=4SC=CC4)=C1,MACCS,0.98,Cn1nnnc1Sc2ncnc3scc(c4cccc5ccccc45)c23
2573,SMAD3,0.85,O=C(N1CCN(CC1)C2CCCCC2)C3=C(N(N=C3)C4=CC=C(OC)C=C4)C5CCN(CC5)C(OC(C)(C)C)=O,MACCS,0.88,COc1ccc(cc1)C2(CC2)C(=O)N3CCC(CC3)n4nc(oc4=O)c5ccccc5
2574,SMAD3,0.87,S(C=1OC(=NN1)C2=CC=3OCOC3C=C2)CC4=CC=C(C=C4)C,MACCS,0.77,Fc1ccc(cc1)C(=O)OCc1ccc(CSc2nnc(o2)-c2cccc3ccccc23)cc1
2575,SMAD3,0.83,S(=O)(=O)(NCC(=O)N(C(C(=O)NCC1OCCC1)CC)CC2=CC=CC=C2)C3=CC=CC=C3,MACCS,0.76,CCS(=O)(=O)NCC[C@@H]1CC[C@@H](NC(=O)C2CCCCC2)[C@H](CO)O1
2576,SMAD3,0.83,S(=O)(=O)(NCC(=O)N(C(C(=O)NCC1OCCC1)CC)CC2=CC=CC=C2)C3=CC=CC=C3,MACCS,0.76,CCS(=O)(=O)NCC[C@@H]1CC[C@@H](NC(=O)C2CCCCC2)[C@H](CO)O1
2577,SMAD3,0.83,S(=O)(=O)(NCC(=O)N(C(C(=O)NCC1OCCC1)CC)CC2=CC=CC=C2)C3=CC=CC=C3,MACCS,0.76,CCS(=O)(=O)NCC[C@@H]1CC[C@@H](NC(=O)C2CCCCC2)[C@H](CO)O1
2578,SMAD3,0.83,S(=O)(=O)(NCC(=O)N(C(C(=O)NCC1OCCC1)CC)CC2=CC=CC=C2)C3=CC=CC=C3,MACCS,0.76,CCS(=O)(=O)NCC[C@@H]1CC[C@@H](NC(=O)C2CCCCC2)[C@H](CO)O1
2579,SMAD3,0.88,OC1=NC=2C(C=C1CN(CC=3N(N=NN3)CCC4=CC=CC=C4)CC5OCCC5)=CC(OCC)=CC2,MACCS,0.81,COc1ccc(C[C@@H]2CCc3cnnn3COC[C@@H](Cc3ccccc3)NC2=O)cc1
2580,SMAD3,0.87,S(C=1OC(=NN1)C2=CC=3OCOC3C=C2)CC4=CC=C(C=C4)C,MACCS,0.77,Fc1ccc(cc1)C(=O)OCc1ccc(CSc2nnc(o2)-c2cccc3ccccc23)cc1
2581,SMAD3,0.85,O=C(N1CCN(CC1)C2CCCCC2)C3=C(N(N=C3)C4=CC=C(OC)C=C4)C5CCN(CC5)C(OC(C)(C)C)=O,MACCS,0.88,COc1ccc(cc1)C2(CC2)C(=O)N3CCC(CC3)n4nc(oc4=O)c5ccccc5
2582,SMAD3,0.84,S1C=2N=CN=C(SC=3N(N=NN3)C)C2C(C=4SC=CC4)=C1,MACCS,0.98,Cn1nnnc1Sc2ncnc3scc(c4cccc5ccccc45)c23
2583,SMAD3,0.85,S(=O)(=O)(NC=1C(=CC=CC1)C)C2=CC=C(C=3ON=C(C3)C)C=C2,MACCS,0.78,Cc1noc(C)c1C(c2ccccc2)S(=O)(=O)c3ccc(C)cc3
2584,SMAD3,0.87,S(C=1OC(=NN1)C2=CC=3OCOC3C=C2)CC4=CC=C(C=C4)C,MACCS,0.77,Fc1ccc(cc1)C(=O)OCc1ccc(CSc2nnc(o2)-c2cccc3ccccc23)cc1
2585,SMAD3,0.83,S(=O)(=O)(NCC(=O)N(C(C(=O)NCC1OCCC1)CC)CC2=CC=CC=C2)C3=CC=CC=C3,MACCS,0.76,CCS(=O)(=O)NCC[C@@H]1CC[C@@H](NC(=O)C2CCCCC2)[C@H](CO)O1
2586,SMAD3,0.87,S(C=1OC(=NN1)C2=CC=3OCOC3C=C2)CC4=CC=C(C=C4)C,MACCS,0.77,Fc1ccc(cc1)C(=O)OCc1ccc(CSc2nnc(o2)-c2cccc3ccccc23)cc1
2587,SMAD3,0.83,S(=O)(=O)(NCC(=O)N(C(C(=O)NCC1OCCC1)CC)CC2=CC=CC=C2)C3=CC=CC=C3,MACCS,0.76,CCS(=O)(=O)NCC[C@@H]1CC[C@@H](NC(=O)C2CCCCC2)[C@H](CO)O1
2588,SMAD3,0.85,O=C(N1CCN(CC1)C2CCCCC2)C3=C(N(N=C3)C4=CC=C(OC)C=C4)C5CCN(CC5)C(OC(C)(C)C)=O,MACCS,0.88,COc1ccc(cc1)C2(CC2)C(=O)N3CCC(CC3)n4nc(oc4=O)c5ccccc5
2589,SMAD3,0.87,S(C=1OC(=NN1)C2=CC=3OCOC3C=C2)CC4=CC=C(C=C4)C,MACCS,0.77,Fc1ccc(cc1)C(=O)OCc1ccc(CSc2nnc(o2)-c2cccc3ccccc23)cc1
2590,SMAD3,0.87,S(C=1OC(=NN1)C2=CC=3OCOC3C=C2)CC4=CC=C(C=C4)C,MACCS,0.77,Fc1ccc(cc1)C(=O)OCc1ccc(CSc2nnc(o2)-c2cccc3ccccc23)cc1
2591,SMAD3,0.87,S(C=1OC(=NN1)C2=CC=3OCOC3C=C2)CC4=CC=C(C=C4)C,MACCS,0.77,Fc1ccc(cc1)C(=O)OCc1ccc(CSc2nnc(o2)-c2cccc3ccccc23)cc1
2592,SMAD3,0.84,S1C=2N=CN=C(SC=3N(N=NN3)C)C2C(C=4SC=CC4)=C1,MACCS,0.98,Cn1nnnc1Sc2ncnc3scc(c4cccc5ccccc45)c23
2593,SMAD3,0.78,S(C=1N=C2C(=C(O)N1)CCC2)CC3=CC(=CC=C3)C,MACCS,0.86,COC(=O)c1ccc(CSc2nc3CCCc3c(O)n2)cc1
2594,SMAD3,0.85,S(=O)(=O)(NC=1C(=CC=CC1)C)C2=CC=C(C=3ON=C(C3)C)C=C2,MACCS,0.78,Cc1noc(C)c1C(c2ccccc2)S(=O)(=O)c3ccc(C)cc3
2595,SMAD3,0.85,O=C(N1CCN(CC1)C2CCCCC2)C3=C(N(N=C3)C4=CC=C(OC)C=C4)C5CCN(CC5)C(OC(C)(C)C)=O,MACCS,0.88,COc1ccc(cc1)C2(CC2)C(=O)N3CCC(CC3)n4nc(oc4=O)c5ccccc5
2596,SMAD3,0.87,S(C=1OC(=NN1)C2=CC=3OCOC3C=C2)CC4=CC=C(C=C4)C,MACCS,0.77,Fc1ccc(cc1)C(=O)OCc1ccc(CSc2nnc(o2)-c2cccc3ccccc23)cc1
2597,SMAD3,0.85,ClC1=C(NC(=O)CN2C=3C(C(=O)N(C2=O)CCCC(=O)NCCCOC)=CC=CC3)C=CC(=C1)C,MACCS,0.79,COc1c(N2CCNC(C)C2)c(F)cc2c1n(cc(C(O)=O)c2=O)C1CC1
2598,SMAD3,0.85,S(=O)(=O)(NC=1C(=CC=CC1)C)C2=CC=C(C=3ON=C(C3)C)C=C2,MACCS,0.78,Cc1noc(C)c1C(c2ccccc2)S(=O)(=O)c3ccc(C)cc3
2599,SMAD3,0.85,O=C(N1CCN(CC1)C2CCCCC2)C3=C(N(N=C3)C4=CC=C(OC)C=C4)C5CCN(CC5)C(OC(C)(C)C)=O,MACCS,0.88,COc1ccc(cc1)C2(CC2)C(=O)N3CCC(CC3)n4nc(oc4=O)c5ccccc5
2600,SMAD3,0.84,BrC=1C=C2C(O[C@@H]([C@@H](CN(C2=O)[C@@H](CO)C)C)CN(C(=O)NC3=C(OC)C=CC=C3)C)=NC1,Morgan,0.50,C[C@@H](CO)N1C[C@@H](C)[C@H](CN(C)C(=O)CC2CC2)Oc3ncc(cc3C1=O)c4ccccc4C
2601,SMAD3,0.85,FC=1C(C(=O)N2CCC(C=3OC(=NN3)C=4C=CC(OC)=CC4)CC2)=CC=CC1,Morgan,0.36,COc1ccc(cc1)C2(CC2)C(=O)N3CCC(CC3)n4nc(oc4=O)c5ccccc5
2602,SMAD3,0.87,FC=1C=CC(C(OCCCC=2OC(=O)C3=C(C2)C=CC=C3)=O)=CC1,Morgan,0.35,Fc1ccc(cc1)C(=O)OCc1ccc(CSc2nnc(o2)-c2cccc3ccccc23)cc1
2603,SMAD3,0.83,S(=O)(=O)(N1CCC(NC(=O)C2CCCCC2)CC1)C3=CC=C(OC)C=C3,Morgan,0.30,CCS(=O)(=O)NCC[C@@H]1CC[C@@H](NC(=O)C2CCCCC2)[C@H](CO)O1
2604,SMAD3,0.87,FC=1C=CC(C(OCCCC=2OC(=O)C3=C(C2)C=CC=C3)=O)=CC1,Morgan,0.35,Fc1ccc(cc1)C(=O)OCc1ccc(CSc2nnc(o2)-c2cccc3ccccc23)cc1
2605,SMAD3,0.87,FC=1C=CC(C(OCCCC=2OC(=O)C3=C(C2)C=CC=C3)=O)=CC1,Morgan,0.35,Fc1ccc(cc1)C(=O)OCc1ccc(CSc2nnc(o2)-c2cccc3ccccc23)cc1
2606,SMAD3,0.84,O=C(C=1C=C2N=C(NC2=CC1)C)C=3C=CC=CC3,Morgan,0.36,COC(=O)Nc1nc2cc(ccc2[nH]1)C(=O)c1cccs1
2607,SMAD3,0.84,S1C2=NC=NC(SC=3N(N=NN3)C)=C2C(C=4OC5=C(C4)C=CC=C5)=C1,Morgan,0.60,Cn1nnnc1Sc2ncnc3scc(c4cccc5ccccc45)c23
2608,SMAD3,0.85,S(=O)(=O)(N(C1=CC=C(C=C1)C)CC(=O)NC(C2=CC=CC=C2)C)C3=C(ON=C3C)C,Morgan,0.46,Cc1noc(C)c1C(c2ccccc2)S(=O)(=O)c3ccc(C)cc3
2609,SMAD3,0.87,FC=1C=CC(C(OCCCC=2OC(=O)C3=C(C2)C=CC=C3)=O)=CC1,Morgan,0.35,Fc1ccc(cc1)C(=O)OCc1ccc(CSc2nnc(o2)-c2cccc3ccccc23)cc1
2610,SMAD3,0.87,FC=1C=CC(C(OCCCC=2OC(=O)C3=C(C2)C=CC=C3)=O)=CC1,Morgan,0.35,Fc1ccc(cc1)C(=O)OCc1ccc(CSc2nnc(o2)-c2cccc3ccccc23)cc1
2611,SMAD3,0.87,FC=1C=CC(C(OCCCC=2OC(=O)C3=C(C2)C=CC=C3)=O)=CC1,Morgan,0.35,Fc1ccc(cc1)C(=O)OCc1ccc(CSc2nnc(o2)-c2cccc3ccccc23)cc1
2612,SMAD3,0.85,FC=1C(C(=O)N2CCC(C=3OC(=NN3)C=4C=CC(OC)=CC4)CC2)=CC=CC1,Morgan,0.36,COc1ccc(cc1)C2(CC2)C(=O)N3CCC(CC3)n4nc(oc4=O)c5ccccc5
2613,SMAD3,0.87,FC=1C=CC(C(OCCCC=2OC(=O)C3=C(C2)C=CC=C3)=O)=CC1,Morgan,0.35,Fc1ccc(cc1)C(=O)OCc1ccc(CSc2nnc(o2)-c2cccc3ccccc23)cc1
2614,SMAD3,0.84,S1C2=NC=NC(SC=3N(N=NN3)C)=C2C(C=4OC5=C(C4)C=CC=C5)=C1,Morgan,0.60,Cn1nnnc1Sc2ncnc3scc(c4cccc5ccccc45)c23
2615,SMAD3,0.85,FC=1C(C(=O)N2CCC(C=3OC(=NN3)C=4C=CC(OC)=CC4)CC2)=CC=CC1,Morgan,0.36,COc1ccc(cc1)C2(CC2)C(=O)N3CCC(CC3)n4nc(oc4=O)c5ccccc5
2616,SMAD3,0.87,FC=1C=CC(C(OCCCC=2OC(=O)C3=C(C2)C=CC=C3)=O)=CC1,Morgan,0.35,Fc1ccc(cc1)C(=O)OCc1ccc(CSc2nnc(o2)-c2cccc3ccccc23)cc1
2617,SMAD3,0.84,O=C(C=1C=C2N=C(NC2=CC1)C)C=3C=CC=CC3,Morgan,0.36,COC(=O)Nc1nc2cc(ccc2[nH]1)C(=O)c1cccs1
2618,SMAD3,0.87,FC=1C=CC(C(OCCCC=2OC(=O)C3=C(C2)C=CC=C3)=O)=CC1,Morgan,0.35,Fc1ccc(cc1)C(=O)OCc1ccc(CSc2nnc(o2)-c2cccc3ccccc23)cc1
2619,SMAD3,0.85,FC=1C(C(=O)N2CCC(C=3OC(=NN3)C=4C=CC(OC)=CC4)CC2)=CC=CC1,Morgan,0.36,COc1ccc(cc1)C2(CC2)C(=O)N3CCC(CC3)n4nc(oc4=O)c5ccccc5
2620,SMAD3,0.00,C=1(C=C(C=2C(C1O)=NC=CC2)Br)Br,Morgan,0.14,Brc1c(Br)c(Br)c2[nH]nnc2c1Br
2621,SMAD3,0.85,FC=1C(C(=O)N2CCC(C=3OC(=NN3)C=4C=CC(OC)=CC4)CC2)=CC=CC1,Morgan,0.36,COc1ccc(cc1)C2(CC2)C(=O)N3CCC(CC3)n4nc(oc4=O)c5ccccc5
2622,SMAD3,0.87,FC=1C=CC(C(OCCCC=2OC(=O)C3=C(C2)C=CC=C3)=O)=CC1,Morgan,0.35,Fc1ccc(cc1)C(=O)OCc1ccc(CSc2nnc(o2)-c2cccc3ccccc23)cc1
2623,SMAD3,0.85,FC=1C(C(=O)N2CCC(C=3OC(=NN3)C=4C=CC(OC)=CC4)CC2)=CC=CC1,Morgan,0.36,COc1ccc(cc1)C2(CC2)C(=O)N3CCC(CC3)n4nc(oc4=O)c5ccccc5
2624,SMAD3,0.85,FC=1C(N2CC3C(C3N)C2)=NC=4N(C=5C(F)=CC(F)=CC5)C=C(C(=O)C4C1)C(=O)O,Morgan,0.24,COc1c(N2CCNC(C)C2)c(F)cc2c1n(cc(C(O)=O)c2=O)C1CC1
2625,SMAD3,0.85,FC=1C(C(=O)N2CCC(C=3OC(=NN3)C=4C=CC(OC)=CC4)CC2)=CC=CC1,Morgan,0.36,COc1ccc(cc1)C2(CC2)C(=O)N3CCC(CC3)n4nc(oc4=O)c5ccccc5
2626,SMAD3,0.87,FC=1C=CC(C(OCCCC=2OC(=O)C3=C(C2)C=CC=C3)=O)=CC1,Morgan,0.35,Fc1ccc(cc1)C(=O)OCc1ccc(CSc2nnc(o2)-c2cccc3ccccc23)cc1
2627,SMAD3,0.85,FC=1C(N2CC3C(C3N)C2)=NC=4N(C=5C(F)=CC(F)=CC5)C=C(C(=O)C4C1)C(=O)O,Morgan,0.24,COc1c(N2CCNC(C)C2)c(F)cc2c1n(cc(C(O)=O)c2=O)C1CC1
2628,SMAD3,0.87,FC=1C=CC(C(OCCCC=2OC(=O)C3=C(C2)C=CC=C3)=O)=CC1,Morgan,0.35,Fc1ccc(cc1)C(=O)OCc1ccc(CSc2nnc(o2)-c2cccc3ccccc23)cc1
2629,SMAD3,0.85,FC=1C(C(=O)N2CCC(C=3OC(=NN3)C=4C=CC(OC)=CC4)CC2)=CC=CC1,Morgan,0.36,COc1ccc(cc1)C2(CC2)C(=O)N3CCC(CC3)n4nc(oc4=O)c5ccccc5
2630,SMAD3,0.85,FC=1C(C(=O)N2CCC(C=3OC(=NN3)C=4C=CC(OC)=CC4)CC2)=CC=CC1,Morgan,0.36,COc1ccc(cc1)C2(CC2)C(=O)N3CCC(CC3)n4nc(oc4=O)c5ccccc5
2631,SMAD3,0.68,S(=O)(=O)(NCC1CCC(C(=O)NCCC2=CC=CC=C2)CC1)C3=CC=C(C=C3)C,Morgan,0.34,OC[C@@H]1O[C@@H](CCNC(=O)C2CCC2)CC[C@@H]1NS(=O)(=O)Cc1ccccc1
2632,SMAD3,0.85,FC=1C(N2CC3C(C3N)C2)=NC=4N(C=5C(F)=CC(F)=CC5)C=C(C(=O)C4C1)C(=O)O,Morgan,0.24,COc1c(N2CCNC(C)C2)c(F)cc2c1n(cc(C(O)=O)c2=O)C1CC1
2633,SMAD3,0.87,FC=1C=CC(C(OCCCC=2OC(=O)C3=C(C2)C=CC=C3)=O)=CC1,Morgan,0.35,Fc1ccc(cc1)C(=O)OCc1ccc(CSc2nnc(o2)-c2cccc3ccccc23)cc1
2634,SMAD3,0.78,S(C=1N=C2C(=C(O)N1)CCC2)CC3=CC(=CC=C3)C,Morgan,0.58,COC(=O)c1ccc(CSc2nc3CCCc3c(O)n2)cc1
2635,SMAD3,0.88,S1C(C(=O)NC=2C=C(OC)C=CC2)=CC=C1,Morgan,0.33,COc1cccc(CNC(=O)C[C@@H]2CC[C@@H]3[C@@H](COc4ccc(NC(=O)c5cccs5)cc4C(=O)N3C)O2)c1
2636,SMAD3,0.68,S(=O)(=O)(NCC1CCC(C(=O)NCCC2=CC=CC=C2)CC1)C3=CC=C(C=C3)C,Morgan,0.34,OC[C@@H]1O[C@@H](CCNC(=O)C2CCC2)CC[C@@H]1NS(=O)(=O)Cc1ccccc1
2637,SMAD3,0.84,S1C2=NC=NC(SC=3N(N=NN3)C)=C2C(C=4OC5=C(C4)C=CC=C5)=C1,Morgan,0.60,Cn1nnnc1Sc2ncnc3scc(c4cccc5ccccc45)c23
2638,SMAD3,0.85,FC=1C(C(=O)N2CCC(C=3OC(=NN3)C=4C=CC(OC)=CC4)CC2)=CC=CC1,Morgan,0.36,COc1ccc(cc1)C2(CC2)C(=O)N3CCC(CC3)n4nc(oc4=O)c5ccccc5
2639,SMAD3,0.87,FC=1C=CC(C(OCCCC=2OC(=O)C3=C(C2)C=CC=C3)=O)=CC1,Morgan,0.35,Fc1ccc(cc1)C(=O)OCc1ccc(CSc2nnc(o2)-c2cccc3ccccc23)cc1
2640,SMAD3,0.87,FC=1C=CC(C(OCCCC=2OC(=O)C3=C(C2)C=CC=C3)=O)=CC1,Morgan,0.35,Fc1ccc(cc1)C(=O)OCc1ccc(CSc2nnc(o2)-c2cccc3ccccc23)cc1
2641,SMAD3,0.87,FC=1C=CC(C(OCCCC=2OC(=O)C3=C(C2)C=CC=C3)=O)=CC1,Morgan,0.35,Fc1ccc(cc1)C(=O)OCc1ccc(CSc2nnc(o2)-c2cccc3ccccc23)cc1
2642,SMAD3,0.84,O=C(C=1C=C2N=C(NC2=CC1)C)C=3C=CC=CC3,Morgan,0.36,COC(=O)Nc1nc2cc(ccc2[nH]1)C(=O)c1cccs1
2643,SMAD3,0.85,FC=1C(C(=O)N2CCC(C=3OC(=NN3)C=4C=CC(OC)=CC4)CC2)=CC=CC1,Morgan,0.36,COc1ccc(cc1)C2(CC2)C(=O)N3CCC(CC3)n4nc(oc4=O)c5ccccc5
2644,SMAD3,0.87,FC=1C=CC(C(OCCCC=2OC(=O)C3=C(C2)C=CC=C3)=O)=CC1,Morgan,0.35,Fc1ccc(cc1)C(=O)OCc1ccc(CSc2nnc(o2)-c2cccc3ccccc23)cc1
2645,SMAD3,0.84,O=C(C=1C=C2N=C(NC2=CC1)C)C=3C=CC=CC3,Morgan,0.36,COC(=O)Nc1nc2cc(ccc2[nH]1)C(=O)c1cccs1
2646,SMAD3,0.85,FC=1C(N2CC3C(C3N)C2)=NC=4N(C=5C(F)=CC(F)=CC5)C=C(C(=O)C4C1)C(=O)O,Morgan,0.24,COc1c(N2CCNC(C)C2)c(F)cc2c1n(cc(C(O)=O)c2=O)C1CC1
2647,SMAD3,0.87,FC=1C=CC(C(OCCCC=2OC(=O)C3=C(C2)C=CC=C3)=O)=CC1,Morgan,0.35,Fc1ccc(cc1)C(=O)OCc1ccc(CSc2nnc(o2)-c2cccc3ccccc23)cc1
2648,SMAD3,0.87,FC=1C=CC(C(OCCCC=2OC(=O)C3=C(C2)C=CC=C3)=O)=CC1,Morgan,0.35,Fc1ccc(cc1)C(=O)OCc1ccc(CSc2nnc(o2)-c2cccc3ccccc23)cc1
2649,SMAD3,0.85,FC=1C(N2CC3C(C3N)C2)=NC=4N(C=5C(F)=CC(F)=CC5)C=C(C(=O)C4C1)C(=O)O,Morgan,0.24,COc1c(N2CCNC(C)C2)c(F)cc2c1n(cc(C(O)=O)c2=O)C1CC1
2650,SMAD3,0.85,FC=1C(C(=O)N2CCC(C=3OC(=NN3)C=4C=CC(OC)=CC4)CC2)=CC=CC1,Morgan,0.36,COc1ccc(cc1)C2(CC2)C(=O)N3CCC(CC3)n4nc(oc4=O)c5ccccc5
2651,SMAD3,0.87,FC=1C=CC(C(OCCCC=2OC(=O)C3=C(C2)C=CC=C3)=O)=CC1,Morgan,0.35,Fc1ccc(cc1)C(=O)OCc1ccc(CSc2nnc(o2)-c2cccc3ccccc23)cc1
2652,SMAD3,0.84,BrC=1C=C2C(O[C@@H]([C@@H](CN(C2=O)[C@@H](CO)C)C)CN(C(=O)NC3=C(OC)C=CC=C3)C)=NC1,Morgan,0.50,C[C@@H](CO)N1C[C@@H](C)[C@H](CN(C)C(=O)CC2CC2)Oc3ncc(cc3C1=O)c4ccccc4C
2653,SMAD3,0.85,FC=1C(C(=O)N2CCC(C=3OC(=NN3)C=4C=CC(OC)=CC4)CC2)=CC=CC1,Morgan,0.36,COc1ccc(cc1)C2(CC2)C(=O)N3CCC(CC3)n4nc(oc4=O)c5ccccc5
2654,SMAD3,0.83,S(=O)(=O)(N1CCC(NC(=O)C2CCCCC2)CC1)C3=CC=C(OC)C=C3,Morgan,0.30,CCS(=O)(=O)NCC[C@@H]1CC[C@@H](NC(=O)C2CCCCC2)[C@H](CO)O1
2655,SMAD3,0.83,S(=O)(=O)(N1CCC(NC(=O)C2CCCCC2)CC1)C3=CC=C(OC)C=C3,Morgan,0.30,CCS(=O)(=O)NCC[C@@H]1CC[C@@H](NC(=O)C2CCCCC2)[C@H](CO)O1
2656,SMAD3,0.85,FC=1C(C(=O)N2CCC(C=3OC(=NN3)C=4C=CC(OC)=CC4)CC2)=CC=CC1,Morgan,0.36,COc1ccc(cc1)C2(CC2)C(=O)N3CCC(CC3)n4nc(oc4=O)c5ccccc5
2657,SMAD3,0.85,FC=1C(C(=O)N2CCC(C=3OC(=NN3)C=4C=CC(OC)=CC4)CC2)=CC=CC1,Morgan,0.36,COc1ccc(cc1)C2(CC2)C(=O)N3CCC(CC3)n4nc(oc4=O)c5ccccc5
2658,SMAD3,0.87,FC=1C=CC(C(OCCCC=2OC(=O)C3=C(C2)C=CC=C3)=O)=CC1,Morgan,0.35,Fc1ccc(cc1)C(=O)OCc1ccc(CSc2nnc(o2)-c2cccc3ccccc23)cc1
2659,SMAD3,0.85,FC=1C(C(=O)N2CCC(C=3OC(=NN3)C=4C=CC(OC)=CC4)CC2)=CC=CC1,Morgan,0.36,COc1ccc(cc1)C2(CC2)C(=O)N3CCC(CC3)n4nc(oc4=O)c5ccccc5
2660,SMAD3,0.87,FC=1C=CC(C(OCCCC=2OC(=O)C3=C(C2)C=CC=C3)=O)=CC1,Morgan,0.35,Fc1ccc(cc1)C(=O)OCc1ccc(CSc2nnc(o2)-c2cccc3ccccc23)cc1
2661,SMAD3,0.87,FC=1C=CC(C(OCCCC=2OC(=O)C3=C(C2)C=CC=C3)=O)=CC1,Morgan,0.35,Fc1ccc(cc1)C(=O)OCc1ccc(CSc2nnc(o2)-c2cccc3ccccc23)cc1
2662,SMAD3,0.84,S1C2=NC=NC(SC=3N(N=NN3)C)=C2C(C=4OC5=C(C4)C=CC=C5)=C1,Morgan,0.60,Cn1nnnc1Sc2ncnc3scc(c4cccc5ccccc45)c23
2663,SMAD3,0.96,S1(=O)(=O)N(C[C@@H]([C@@H](OC=2C1=CC=C(C2)C3=CC(OC)=CC=C3)CN(CC=4C=NC=NC4)C)C)[C@@H](CO)C,Morgan,0.46,C[C@@H](CO)N1C[C@@H](C)[C@@H](CN(C)Cc2ccccc2)Oc3cc(/C=C/c4ccccc4)ccc3S1(=O)=O
2664,SMAD3,0.87,FC=1C=CC(C(OCCCC=2OC(=O)C3=C(C2)C=CC=C3)=O)=CC1,Morgan,0.35,Fc1ccc(cc1)C(=O)OCc1ccc(CSc2nnc(o2)-c2cccc3ccccc23)cc1
2665,SMAD3,0.84,S1C2=NC=NC(SC=3N(N=NN3)C)=C2C(C=4OC5=C(C4)C=CC=C5)=C1,Morgan,0.60,Cn1nnnc1Sc2ncnc3scc(c4cccc5ccccc45)c23
2666,SMAD3,0.85,FC=1C(C(=O)N2CCC(C=3OC(=NN3)C=4C=CC(OC)=CC4)CC2)=CC=CC1,Morgan,0.36,COc1ccc(cc1)C2(CC2)C(=O)N3CCC(CC3)n4nc(oc4=O)c5ccccc5
2667,SMAD3,0.78,S(C=1N=C2C(=C(O)N1)CCC2)CC3=CC(=CC=C3)C,Morgan,0.58,COC(=O)c1ccc(CSc2nc3CCCc3c(O)n2)cc1
2668,SMAD3,0.88,BrC=1OC(C(=O)NCCCCC2=CC=CC=C2)=CC1,Morgan,0.44,Oc1ccc(C=C(C#N)C(=O)NCCCCc2ccccc2)cc1O
2669,SMAD3,0.83,S(=O)(=O)(N1CCC(NC(=O)C2CCCCC2)CC1)C3=CC=C(OC)C=C3,Morgan,0.30,CCS(=O)(=O)NCC[C@@H]1CC[C@@H](NC(=O)C2CCCCC2)[C@H](CO)O1
2670,SMAD3,0.78,S(C=1N=C2C(=C(O)N1)CCC2)CC3=CC(=CC=C3)C,Morgan,0.58,COC(=O)c1ccc(CSc2nc3CCCc3c(O)n2)cc1
2671,SMAD3,0.83,S(=O)(=O)(N1CCC(NC(=O)C2CCCCC2)CC1)C3=CC=C(OC)C=C3,Morgan,0.30,CCS(=O)(=O)NCC[C@@H]1CC[C@@H](NC(=O)C2CCCCC2)[C@H](CO)O1
2672,SMAD3,0.84,S1C2=NC=NC(SC=3N(N=NN3)C)=C2C(C=4OC5=C(C4)C=CC=C5)=C1,Morgan,0.60,Cn1nnnc1Sc2ncnc3scc(c4cccc5ccccc45)c23
2673,SMAD3,0.85,FC=1C(C(=O)N2CCC(C=3OC(=NN3)C=4C=CC(OC)=CC4)CC2)=CC=CC1,Morgan,0.36,COc1ccc(cc1)C2(CC2)C(=O)N3CCC(CC3)n4nc(oc4=O)c5ccccc5
2674,SMAD3,0.87,FC=1C=CC(C(OCCCC=2OC(=O)C3=C(C2)C=CC=C3)=O)=CC1,Morgan,0.35,Fc1ccc(cc1)C(=O)OCc1ccc(CSc2nnc(o2)-c2cccc3ccccc23)cc1
2675,SMAD3,0.83,S(=O)(=O)(N1CCC(NC(=O)C2CCCCC2)CC1)C3=CC=C(OC)C=C3,Morgan,0.30,CCS(=O)(=O)NCC[C@@H]1CC[C@@H](NC(=O)C2CCCCC2)[C@H](CO)O1
2676,SMAD3,0.83,S(=O)(=O)(N1CCC(NC(=O)C2CCCCC2)CC1)C3=CC=C(OC)C=C3,Morgan,0.30,CCS(=O)(=O)NCC[C@@H]1CC[C@@H](NC(=O)C2CCCCC2)[C@H](CO)O1
2677,SMAD3,0.83,S(=O)(=O)(N1CCC(NC(=O)C2CCCCC2)CC1)C3=CC=C(OC)C=C3,Morgan,0.30,CCS(=O)(=O)NCC[C@@H]1CC[C@@H](NC(=O)C2CCCCC2)[C@H](CO)O1
2678,SMAD3,0.83,S(=O)(=O)(N1CCC(NC(=O)C2CCCCC2)CC1)C3=CC=C(OC)C=C3,Morgan,0.30,CCS(=O)(=O)NCC[C@@H]1CC[C@@H](NC(=O)C2CCCCC2)[C@H](CO)O1
2679,SMAD3,0.88,O(C1=CC=C(C[C@@H]2N(C=3N([C@@H](CN3)CC4=CC=CC=C4)C2)CCNC(=O)/C(=C/C)/C)C=C1)C,Morgan,0.34,COc1ccc(C[C@@H]2CCc3cnnn3COC[C@@H](Cc3ccccc3)NC2=O)cc1
2680,SMAD3,0.87,FC=1C=CC(C(OCCCC=2OC(=O)C3=C(C2)C=CC=C3)=O)=CC1,Morgan,0.35,Fc1ccc(cc1)C(=O)OCc1ccc(CSc2nnc(o2)-c2cccc3ccccc23)cc1
2681,SMAD3,0.85,FC=1C(C(=O)N2CCC(C=3OC(=NN3)C=4C=CC(OC)=CC4)CC2)=CC=CC1,Morgan,0.36,COc1ccc(cc1)C2(CC2)C(=O)N3CCC(CC3)n4nc(oc4=O)c5ccccc5
2682,SMAD3,0.84,S1C2=NC=NC(SC=3N(N=NN3)C)=C2C(C=4OC5=C(C4)C=CC=C5)=C1,Morgan,0.60,Cn1nnnc1Sc2ncnc3scc(c4cccc5ccccc45)c23
2683,SMAD3,0.85,S(=O)(=O)(N(C1=CC=C(C=C1)C)CC(=O)NC(C2=CC=CC=C2)C)C3=C(ON=C3C)C,Morgan,0.46,Cc1noc(C)c1C(c2ccccc2)S(=O)(=O)c3ccc(C)cc3
2684,SMAD3,0.87,FC=1C=CC(C(OCCCC=2OC(=O)C3=C(C2)C=CC=C3)=O)=CC1,Morgan,0.35,Fc1ccc(cc1)C(=O)OCc1ccc(CSc2nnc(o2)-c2cccc3ccccc23)cc1
2685,SMAD3,0.83,S(=O)(=O)(N1CCC(NC(=O)C2CCCCC2)CC1)C3=CC=C(OC)C=C3,Morgan,0.30,CCS(=O)(=O)NCC[C@@H]1CC[C@@H](NC(=O)C2CCCCC2)[C@H](CO)O1
2686,SMAD3,0.87,FC=1C=CC(C(OCCCC=2OC(=O)C3=C(C2)C=CC=C3)=O)=CC1,Morgan,0.35,Fc1ccc(cc1)C(=O)OCc1ccc(CSc2nnc(o2)-c2cccc3ccccc23)cc1
2687,SMAD3,0.83,S(=O)(=O)(N1CCC(NC(=O)C2CCCCC2)CC1)C3=CC=C(OC)C=C3,Morgan,0.30,CCS(=O)(=O)NCC[C@@H]1CC[C@@H](NC(=O)C2CCCCC2)[C@H](CO)O1
2688,SMAD3,0.85,FC=1C(C(=O)N2CCC(C=3OC(=NN3)C=4C=CC(OC)=CC4)CC2)=CC=CC1,Morgan,0.36,COc1ccc(cc1)C2(CC2)C(=O)N3CCC(CC3)n4nc(oc4=O)c5ccccc5
2689,SMAD3,0.87,FC=1C=CC(C(OCCCC=2OC(=O)C3=C(C2)C=CC=C3)=O)=CC1,Morgan,0.35,Fc1ccc(cc1)C(=O)OCc1ccc(CSc2nnc(o2)-c2cccc3ccccc23)cc1
2690,SMAD3,0.87,FC=1C=CC(C(OCCCC=2OC(=O)C3=C(C2)C=CC=C3)=O)=CC1,Morgan,0.35,Fc1ccc(cc1)C(=O)OCc1ccc(CSc2nnc(o2)-c2cccc3ccccc23)cc1
2691,SMAD3,0.87,FC=1C=CC(C(OCCCC=2OC(=O)C3=C(C2)C=CC=C3)=O)=CC1,Morgan,0.35,Fc1ccc(cc1)C(=O)OCc1ccc(CSc2nnc(o2)-c2cccc3ccccc23)cc1
2692,SMAD3,0.84,S1C2=NC=NC(SC=3N(N=NN3)C)=C2C(C=4OC5=C(C4)C=CC=C5)=C1,Morgan,0.60,Cn1nnnc1Sc2ncnc3scc(c4cccc5ccccc45)c23
2693,SMAD3,0.78,S(C=1N=C2C(=C(O)N1)CCC2)CC3=CC(=CC=C3)C,Morgan,0.58,COC(=O)c1ccc(CSc2nc3CCCc3c(O)n2)cc1
2694,SMAD3,0.85,S(=O)(=O)(N(C1=CC=C(C=C1)C)CC(=O)NC(C2=CC=CC=C2)C)C3=C(ON=C3C)C,Morgan,0.46,Cc1noc(C)c1C(c2ccccc2)S(=O)(=O)c3ccc(C)cc3
2695,SMAD3,0.85,FC=1C(C(=O)N2CCC(C=3OC(=NN3)C=4C=CC(OC)=CC4)CC2)=CC=CC1,Morgan,0.36,COc1ccc(cc1)C2(CC2)C(=O)N3CCC(CC3)n4nc(oc4=O)c5ccccc5
2696,SMAD3,0.87,FC=1C=CC(C(OCCCC=2OC(=O)C3=C(C2)C=CC=C3)=O)=CC1,Morgan,0.35,Fc1ccc(cc1)C(=O)OCc1ccc(CSc2nnc(o2)-c2cccc3ccccc23)cc1
2697,SMAD3,0.85,FC=1C(N2CC3C(C3N)C2)=NC=4N(C=5C(F)=CC(F)=CC5)C=C(C(=O)C4C1)C(=O)O,Morgan,0.24,COc1c(N2CCNC(C)C2)c(F)cc2c1n(cc(C(O)=O)c2=O)C1CC1
2698,SMAD3,0.85,S(=O)(=O)(N(C1=CC=C(C=C1)C)CC(=O)NC(C2=CC=CC=C2)C)C3=C(ON=C3C)C,Morgan,0.46,Cc1noc(C)c1C(c2ccccc2)S(=O)(=O)c3ccc(C)cc3
2699,SMAD3,0.85,FC=1C(C(=O)N2CCC(C=3OC(=NN3)C=4C=CC(OC)=CC4)CC2)=CC=CC1,Morgan,0.36,COc1ccc(cc1)C2(CC2)C(=O)N3CCC(CC3)n4nc(oc4=O)c5ccccc5
2700,TP53,0.87,N12C(=NC(=C1)C3=CC=CC=C3)C=CC(=C2)C,Fraggle,0.00,OC(c1cnc2ccccn12)(c1ccccc1)c1ccccc1
2701,TP53,0.86,O=C(N1CCN(C2=C(OC)C=CC=C2)CC1)C3=C(N(N=C3)C(C)(C)C)C4CCN(CC4)C(OC(C)(C)C)=O,Fraggle,0.39,COc1ccc(cc1)C2(CC2)C(=O)N3CCC(CC3)n4nc(oc4=O)c5ccccc5
2702,TP53,0.00,BrC1=CC(F)=C(NC2=NC=3C(N4N=NN=C42)=CC=CC3)C=C1,Fraggle,0.00,Brc1c(Br)c(Br)c2[nH]nnc2c1Br
2703,TP53,0.83,BrC1=CC=C(COC(=O)C2=CC(C=3OC(=NN3)C=4C=CC=CC4)=CC=C2)C=C1,Fraggle,0.69,Fc1ccc(cc1)C(=O)OCc1ccc(CSc2nnc(o2)-c2cccc3ccccc23)cc1
2704,TP53,0.85,S1C2=NC=NC(SC=3N(N=NN3)C)=C2C(C4=C(C(F)(F)F)C=CC=C4)=C1,Fraggle,0.87,Cn1nnnc1Sc2ncnc3scc(c4cccc5ccccc45)c23
2705,TP53,0.00,BrC1=CC(F)=C(NC2=NC=3C(N4N=NN=C42)=CC=CC3)C=C1,Fraggle,0.00,Brc1c(Br)c(Br)c2[nH]nnc2c1Br
2706,TP53,0.00,BrC1=CC(F)=C(NC2=NC=3C(N4N=NN=C42)=CC=CC3)C=C1,Fraggle,0.00,Brc1c(Br)c(Br)c2[nH]nnc2c1Br
2707,TP53,0.85,S(=O)(=O)(NCC1CCC(CC1)C(=O)NCCCOCC)C=2C=CC(NC(=O)C)=CC2,Fraggle,0.39,CCS(=O)(=O)NCC[C@@H]1CC[C@@H](NC(=O)C2CCCCC2)[C@H](CO)O1
2708,TP53,0.85,S(=O)(=O)(NCC1CCC(CC1)C(=O)NCCCOCC)C=2C=CC(NC(=O)C)=CC2,Fraggle,0.39,CCS(=O)(=O)NCC[C@@H]1CC[C@@H](NC(=O)C2CCCCC2)[C@H](CO)O1
2709,TP53,0.00,BrC1=CC(F)=C(NC2=NC=3C(N4N=NN=C42)=CC=CC3)C=C1,Fraggle,0.00,Brc1c(Br)c(Br)c2[nH]nnc2c1Br
2710,TP53,0.67,O(C1=CC=2OC=C(C(=O)C2C(O)=C1)C3=CC=C(OC)C=C3)C4OC(C(O)C(O)C4O)CO,Fraggle,1.00,OCC1OC(Oc2cc(O)c3c(=O)c(coc3c2)c4ccc(O)cc4)C(O)C(O)C1O
2711,TP53,0.00,BrC1=CC(F)=C(NC2=NC=3C(N4N=NN=C42)=CC=CC3)C=C1,Fraggle,0.00,Brc1c(Br)c(Br)c2[nH]nnc2c1Br
2712,TP53,0.85,S(=O)(=O)(NCC1CCC(CC1)C(=O)NCCCOCC)C=2C=CC(NC(=O)C)=CC2,Fraggle,0.39,CCS(=O)(=O)NCC[C@@H]1CC[C@@H](NC(=O)C2CCCCC2)[C@H](CO)O1
2713,TP53,0.87,FC1=CC=C(CN2C3=C(C(=C2C(O)=O)CNC4CCC(CC4)C)C=CC(OC)=C3)C=C1,Fraggle,0.53,COc1c(N2CCNC(C)C2)c(F)cc2c1n(cc(C(O)=O)c2=O)C1CC1
2714,TP53,0.85,S(=O)(=O)(NCC1CCC(CC1)C(=O)NCCCOCC)C=2C=CC(NC(=O)C)=CC2,Fraggle,0.39,CCS(=O)(=O)NCC[C@@H]1CC[C@@H](NC(=O)C2CCCCC2)[C@H](CO)O1
2715,TP53,0.00,BrC1=CC(F)=C(NC2=NC=3C(N4N=NN=C42)=CC=CC3)C=C1,Fraggle,0.00,Brc1c(Br)c(Br)c2[nH]nnc2c1Br
2716,TP53,0.87,FC1=CC=C(CN2C3=C(C(=C2C(O)=O)CNC4CCC(CC4)C)C=CC(OC)=C3)C=C1,Fraggle,0.53,COc1c(N2CCNC(C)C2)c(F)cc2c1n(cc(C(O)=O)c2=O)C1CC1
2717,TP53,0.00,BrC1=CC(F)=C(NC2=NC=3C(N4N=NN=C42)=CC=CC3)C=C1,Fraggle,0.00,Brc1c(Br)c(Br)c2[nH]nnc2c1Br
2718,TP53,0.83,BrC1=CC=C(COC(=O)C2=CC(C=3OC(=NN3)C=4C=CC=CC4)=CC=C2)C=C1,Fraggle,0.69,Fc1ccc(cc1)C(=O)OCc1ccc(CSc2nnc(o2)-c2cccc3ccccc23)cc1
2719,TP53,0.00,BrC1=CC(F)=C(NC2=NC=3C(N4N=NN=C42)=CC=CC3)C=C1,Fraggle,0.00,Brc1c(Br)c(Br)c2[nH]nnc2c1Br
2720,TP53,0.83,BrC1=CC=C(COC(=O)C2=CC(C=3OC(=NN3)C=4C=CC=CC4)=CC=C2)C=C1,Fraggle,0.69,Fc1ccc(cc1)C(=O)OCc1ccc(CSc2nnc(o2)-c2cccc3ccccc23)cc1
2721,TP53,0.77,ClC1=CC=C(CCNC(=O)C=2C=3C(N=C4C2C=CC=C4)=C(O)N(C3)C5CCCCC5)C=C1,Fraggle,0.00,OC[C@@H]1[C@H]2Cn3c(ccc(-c4ccccc4)c3=O)[C@H]2N(Cc2ccccc2F)[C@H]1C(O)=O
2722,TP53,0.00,BrC1=CC(F)=C(NC2=NC=3C(N4N=NN=C42)=CC=CC3)C=C1,Fraggle,0.00,Brc1c(Br)c(Br)c2[nH]nnc2c1Br
2723,TP53,0.83,BrC1=CC=C(COC(=O)C2=CC(C=3OC(=NN3)C=4C=CC=CC4)=CC=C2)C=C1,Fraggle,0.69,Fc1ccc(cc1)C(=O)OCc1ccc(CSc2nnc(o2)-c2cccc3ccccc23)cc1
2724,TP53,0.83,BrC1=CC=C(COC(=O)C2=CC(C=3OC(=NN3)C=4C=CC=CC4)=CC=C2)C=C1,Fraggle,0.69,Fc1ccc(cc1)C(=O)OCc1ccc(CSc2nnc(o2)-c2cccc3ccccc23)cc1
2725,TP53,0.85,S(=O)(=O)(NCC1CCC(CC1)C(=O)NCCCOCC)C=2C=CC(NC(=O)C)=CC2,Fraggle,0.39,CCS(=O)(=O)NCC[C@@H]1CC[C@@H](NC(=O)C2CCCCC2)[C@H](CO)O1
2726,TP53,0.83,BrC1=CC=C(COC(=O)C2=CC(C=3OC(=NN3)C=4C=CC=CC4)=CC=C2)C=C1,Fraggle,0.69,Fc1ccc(cc1)C(=O)OCc1ccc(CSc2nnc(o2)-c2cccc3ccccc23)cc1
2727,TP53,0.83,BrC1=CC=C(COC(=O)C2=CC(C=3OC(=NN3)C=4C=CC=CC4)=CC=C2)C=C1,Fraggle,0.69,Fc1ccc(cc1)C(=O)OCc1ccc(CSc2nnc(o2)-c2cccc3ccccc23)cc1
2728,TP53,0.85,S(=O)(=O)(NCC1CCC(CC1)C(=O)NCCCOCC)C=2C=CC(NC(=O)C)=CC2,Fraggle,0.39,CCS(=O)(=O)NCC[C@@H]1CC[C@@H](NC(=O)C2CCCCC2)[C@H](CO)O1
2729,TP53,0.00,BrC1=CC(F)=C(NC2=NC=3C(N4N=NN=C42)=CC=CC3)C=C1,Fraggle,0.00,Brc1c(Br)c(Br)c2[nH]nnc2c1Br
2730,TP53,0.85,S1C2=NC=NC(SC=3N(N=NN3)C)=C2C(C4=C(C(F)(F)F)C=CC=C4)=C1,Fraggle,0.87,Cn1nnnc1Sc2ncnc3scc(c4cccc5ccccc45)c23
2731,TP53,0.83,BrC1=CC=C(COC(=O)C2=CC(C=3OC(=NN3)C=4C=CC=CC4)=CC=C2)C=C1,Fraggle,0.69,Fc1ccc(cc1)C(=O)OCc1ccc(CSc2nnc(o2)-c2cccc3ccccc23)cc1
2732,TP53,0.00,BrC1=CC(F)=C(NC2=NC=3C(N4N=NN=C42)=CC=CC3)C=C1,Fraggle,0.00,Brc1c(Br)c(Br)c2[nH]nnc2c1Br
2733,TP53,0.00,BrC1=CC(F)=C(NC2=NC=3C(N4N=NN=C42)=CC=CC3)C=C1,Fraggle,0.00,Brc1c(Br)c(Br)c2[nH]nnc2c1Br
2734,TP53,0.00,BrC1=CC(F)=C(NC2=NC=3C(N4N=NN=C42)=CC=CC3)C=C1,Fraggle,0.00,Brc1c(Br)c(Br)c2[nH]nnc2c1Br
2735,TP53,0.87,FC1=CC=C(CN2C3=C(C(=C2C(O)=O)CNC4CCC(CC4)C)C=CC(OC)=C3)C=C1,Fraggle,0.53,COc1c(N2CCNC(C)C2)c(F)cc2c1n(cc(C(O)=O)c2=O)C1CC1
2736,TP53,0.85,S1C2=NC=NC(SC=3N(N=NN3)C)=C2C(C4=C(C(F)(F)F)C=CC=C4)=C1,Fraggle,0.87,Cn1nnnc1Sc2ncnc3scc(c4cccc5ccccc45)c23
2737,TP53,0.83,BrC1=CC=C(COC(=O)C2=CC(C=3OC(=NN3)C=4C=CC=CC4)=CC=C2)C=C1,Fraggle,0.69,Fc1ccc(cc1)C(=O)OCc1ccc(CSc2nnc(o2)-c2cccc3ccccc23)cc1
2738,TP53,0.85,S(=O)(=O)(NCC1CCC(CC1)C(=O)NCCCOCC)C=2C=CC(NC(=O)C)=CC2,Fraggle,0.39,CCS(=O)(=O)NCC[C@@H]1CC[C@@H](NC(=O)C2CCCCC2)[C@H](CO)O1
2739,TP53,0.83,BrC1=CC=C(COC(=O)C2=CC(C=3OC(=NN3)C=4C=CC=CC4)=CC=C2)C=C1,Fraggle,0.69,Fc1ccc(cc1)C(=O)OCc1ccc(CSc2nnc(o2)-c2cccc3ccccc23)cc1
2740,TP53,0.86,O=C(N1CCN(C2=C(OC)C=CC=C2)CC1)C3=C(N(N=C3)C(C)(C)C)C4CCN(CC4)C(OC(C)(C)C)=O,Fraggle,0.39,COc1ccc(cc1)C2(CC2)C(=O)N3CCC(CC3)n4nc(oc4=O)c5ccccc5
2741,TP53,0.83,BrC1=CC=C(COC(=O)C2=CC(C=3OC(=NN3)C=4C=CC=CC4)=CC=C2)C=C1,Fraggle,0.69,Fc1ccc(cc1)C(=O)OCc1ccc(CSc2nnc(o2)-c2cccc3ccccc23)cc1
2742,TP53,0.85,S1C2=NC=NC(SC=3N(N=NN3)C)=C2C(C4=C(C(F)(F)F)C=CC=C4)=C1,Fraggle,0.87,Cn1nnnc1Sc2ncnc3scc(c4cccc5ccccc45)c23
2743,TP53,0.00,BrC1=CC(F)=C(NC2=NC=3C(N4N=NN=C42)=CC=CC3)C=C1,Fraggle,0.00,Brc1c(Br)c(Br)c2[nH]nnc2c1Br
2744,TP53,0.83,BrC1=CC=C(COC(=O)C2=CC(C=3OC(=NN3)C=4C=CC=CC4)=CC=C2)C=C1,Fraggle,0.69,Fc1ccc(cc1)C(=O)OCc1ccc(CSc2nnc(o2)-c2cccc3ccccc23)cc1
2745,TP53,0.00,BrC1=CC(F)=C(NC2=NC=3C(N4N=NN=C42)=CC=CC3)C=C1,Fraggle,0.00,Brc1c(Br)c(Br)c2[nH]nnc2c1Br
2746,TP53,0.00,BrC1=CC(F)=C(NC2=NC=3C(N4N=NN=C42)=CC=CC3)C=C1,Fraggle,0.00,Brc1c(Br)c(Br)c2[nH]nnc2c1Br
2747,TP53,0.83,S(=O)(=O)(N1CCC(CC1)C)C=2C=C3N(C(=O)COC3=CC2)CC(=O)NCCN(C)C,Fraggle,0.59,C[C@@H](CO)N1C[C@@H](C)[C@@H](CN(C)CC2CC2)OCCCC[C@@H](C)Oc3ccc(NS(=O)(=O)C)cc3C1=O
2748,TP53,0.00,BrC1=CC(F)=C(NC2=NC=3C(N4N=NN=C42)=CC=CC3)C=C1,Fraggle,0.00,Brc1c(Br)c(Br)c2[nH]nnc2c1Br
2749,TP53,0.83,BrC1=CC=C(COC(=O)C2=CC(C=3OC(=NN3)C=4C=CC=CC4)=CC=C2)C=C1,Fraggle,0.69,Fc1ccc(cc1)C(=O)OCc1ccc(CSc2nnc(o2)-c2cccc3ccccc23)cc1
2750,TP53,0.85,S(=O)(=O)(NCC1CCC(CC1)C(=O)NCCCOCC)C=2C=CC(NC(=O)C)=CC2,Fraggle,0.39,CCS(=O)(=O)NCC[C@@H]1CC[C@@H](NC(=O)C2CCCCC2)[C@H](CO)O1
2751,TP53,0.83,BrC1=CC=C(COC(=O)C2=CC(C=3OC(=NN3)C=4C=CC=CC4)=CC=C2)C=C1,Fraggle,0.69,Fc1ccc(cc1)C(=O)OCc1ccc(CSc2nnc(o2)-c2cccc3ccccc23)cc1
2752,TP53,0.85,S(=O)(=O)(NCC1CCC(CC1)C(=O)NCCCOCC)C=2C=CC(NC(=O)C)=CC2,Fraggle,0.39,CCS(=O)(=O)NCC[C@@H]1CC[C@@H](NC(=O)C2CCCCC2)[C@H](CO)O1
2753,TP53,0.83,BrC1=CC=C(COC(=O)C2=CC(C=3OC(=NN3)C=4C=CC=CC4)=CC=C2)C=C1,Fraggle,0.69,Fc1ccc(cc1)C(=O)OCc1ccc(CSc2nnc(o2)-c2cccc3ccccc23)cc1
2754,TP53,0.85,S1C2=NC=NC(SC=3N(N=NN3)C)=C2C(C4=C(C(F)(F)F)C=CC=C4)=C1,Fraggle,0.87,Cn1nnnc1Sc2ncnc3scc(c4cccc5ccccc45)c23
2755,TP53,0.83,BrC1=CC=C(COC(=O)C2=CC(C=3OC(=NN3)C=4C=CC=CC4)=CC=C2)C=C1,Fraggle,0.69,Fc1ccc(cc1)C(=O)OCc1ccc(CSc2nnc(o2)-c2cccc3ccccc23)cc1
2756,TP53,0.85,S1C2=NC=NC(SC=3N(N=NN3)C)=C2C(C4=C(C(F)(F)F)C=CC=C4)=C1,Fraggle,0.87,Cn1nnnc1Sc2ncnc3scc(c4cccc5ccccc45)c23
2757,TP53,0.00,BrC1=CC(F)=C(NC2=NC=3C(N4N=NN=C42)=CC=CC3)C=C1,Fraggle,0.00,Brc1c(Br)c(Br)c2[nH]nnc2c1Br
2758,TP53,0.83,BrC1=CC=C(COC(=O)C2=CC(C=3OC(=NN3)C=4C=CC=CC4)=CC=C2)C=C1,Fraggle,0.69,Fc1ccc(cc1)C(=O)OCc1ccc(CSc2nnc(o2)-c2cccc3ccccc23)cc1
2759,TP53,0.85,S1C2=NC=NC(SC=3N(N=NN3)C)=C2C(C4=C(C(F)(F)F)C=CC=C4)=C1,Fraggle,0.87,Cn1nnnc1Sc2ncnc3scc(c4cccc5ccccc45)c23
2760,TP53,0.85,S1C2=NC=NC(SC=3N(N=NN3)C)=C2C(C4=C(C(F)(F)F)C=CC=C4)=C1,Fraggle,0.87,Cn1nnnc1Sc2ncnc3scc(c4cccc5ccccc45)c23
2761,TP53,0.83,BrC1=CC=C(COC(=O)C2=CC(C=3OC(=NN3)C=4C=CC=CC4)=CC=C2)C=C1,Fraggle,0.69,Fc1ccc(cc1)C(=O)OCc1ccc(CSc2nnc(o2)-c2cccc3ccccc23)cc1
2762,TP53,0.00,BrC1=CC(F)=C(NC2=NC=3C(N4N=NN=C42)=CC=CC3)C=C1,Fraggle,0.00,Brc1c(Br)c(Br)c2[nH]nnc2c1Br
2763,TP53,0.87,FC1=CC=C(CN2C3=C(C(=C2C(O)=O)CNC4CCC(CC4)C)C=CC(OC)=C3)C=C1,Fraggle,0.53,COc1c(N2CCNC(C)C2)c(F)cc2c1n(cc(C(O)=O)c2=O)C1CC1
2764,TP53,0.86,O=C(N1CCN(C2=C(OC)C=CC=C2)CC1)C3=C(N(N=C3)C(C)(C)C)C4CCN(CC4)C(OC(C)(C)C)=O,Fraggle,0.39,COc1ccc(cc1)C2(CC2)C(=O)N3CCC(CC3)n4nc(oc4=O)c5ccccc5
2765,TP53,0.83,S(=O)(=O)(N1CCC(CC1)C)C=2C=C3N(C(=O)COC3=CC2)CC(=O)NCCN(C)C,Fraggle,0.59,C[C@@H](CO)N1C[C@@H](C)[C@@H](CN(C)CC2CC2)OCCCC[C@@H](C)Oc3ccc(NS(=O)(=O)C)cc3C1=O
2766,TP53,0.83,BrC1=CC=C(COC(=O)C2=CC(C=3OC(=NN3)C=4C=CC=CC4)=CC=C2)C=C1,Fraggle,0.69,Fc1ccc(cc1)C(=O)OCc1ccc(CSc2nnc(o2)-c2cccc3ccccc23)cc1
2767,TP53,0.85,S1C2=NC=NC(SC=3N(N=NN3)C)=C2C(C4=C(C(F)(F)F)C=CC=C4)=C1,Fraggle,0.87,Cn1nnnc1Sc2ncnc3scc(c4cccc5ccccc45)c23
2768,TP53,0.85,S(=O)(=O)(NCC1CCC(CC1)C(=O)NCCCOCC)C=2C=CC(NC(=O)C)=CC2,Fraggle,0.39,CCS(=O)(=O)NCC[C@@H]1CC[C@@H](NC(=O)C2CCCCC2)[C@H](CO)O1
2769,TP53,0.83,BrC1=CC=C(COC(=O)C2=CC(C=3OC(=NN3)C=4C=CC=CC4)=CC=C2)C=C1,Fraggle,0.69,Fc1ccc(cc1)C(=O)OCc1ccc(CSc2nnc(o2)-c2cccc3ccccc23)cc1
2770,TP53,0.83,BrC1=CC=C(COC(=O)C2=CC(C=3OC(=NN3)C=4C=CC=CC4)=CC=C2)C=C1,Fraggle,0.69,Fc1ccc(cc1)C(=O)OCc1ccc(CSc2nnc(o2)-c2cccc3ccccc23)cc1
2771,TP53,0.83,BrC1=CC=C(COC(=O)C2=CC(C=3OC(=NN3)C=4C=CC=CC4)=CC=C2)C=C1,Fraggle,0.69,Fc1ccc(cc1)C(=O)OCc1ccc(CSc2nnc(o2)-c2cccc3ccccc23)cc1
2772,TP53,0.67,O(C1=CC=2OC=C(C(=O)C2C(O)=C1)C3=CC=C(OC)C=C3)C4OC(C(O)C(O)C4O)CO,Fraggle,1.00,OCC1OC(Oc2cc(O)c3c(=O)c(coc3c2)c4ccc(O)cc4)C(O)C(O)C1O
2773,TP53,0.85,S1C2=NC=NC(SC=3N(N=NN3)C)=C2C(C4=C(C(F)(F)F)C=CC=C4)=C1,Fraggle,0.87,Cn1nnnc1Sc2ncnc3scc(c4cccc5ccccc45)c23
2774,TP53,0.00,BrC1=CC(F)=C(NC2=NC=3C(N4N=NN=C42)=CC=CC3)C=C1,Fraggle,0.00,Brc1c(Br)c(Br)c2[nH]nnc2c1Br
2775,TP53,0.86,O=C(N1CCN(C2=C(OC)C=CC=C2)CC1)C3=C(N(N=C3)C(C)(C)C)C4CCN(CC4)C(OC(C)(C)C)=O,Fraggle,0.39,COc1ccc(cc1)C2(CC2)C(=O)N3CCC(CC3)n4nc(oc4=O)c5ccccc5
2776,TP53,0.86,O=C(N1CCN(C2=C(OC)C=CC=C2)CC1)C3=C(N(N=C3)C(C)(C)C)C4CCN(CC4)C(OC(C)(C)C)=O,Fraggle,0.39,COc1ccc(cc1)C2(CC2)C(=O)N3CCC(CC3)n4nc(oc4=O)c5ccccc5
2777,TP53,0.83,S(=O)(=O)(N1CCC(CC1)C)C=2C=C3N(C(=O)COC3=CC2)CC(=O)NCCN(C)C,Fraggle,0.59,C[C@@H](CO)N1C[C@@H](C)[C@@H](CN(C)CC2CC2)OCCCC[C@@H](C)Oc3ccc(NS(=O)(=O)C)cc3C1=O
2778,TP53,0.83,BrC1=CC=C(COC(=O)C2=CC(C=3OC(=NN3)C=4C=CC=CC4)=CC=C2)C=C1,Fraggle,0.69,Fc1ccc(cc1)C(=O)OCc1ccc(CSc2nnc(o2)-c2cccc3ccccc23)cc1
2779,TP53,0.85,S1C2=NC=NC(SC=3N(N=NN3)C)=C2C(C4=C(C(F)(F)F)C=CC=C4)=C1,Fraggle,0.87,Cn1nnnc1Sc2ncnc3scc(c4cccc5ccccc45)c23
2780,TP53,0.83,BrC1=CC=C(COC(=O)C2=CC(C=3OC(=NN3)C=4C=CC=CC4)=CC=C2)C=C1,Fraggle,0.69,Fc1ccc(cc1)C(=O)OCc1ccc(CSc2nnc(o2)-c2cccc3ccccc23)cc1
2781,TP53,0.86,O=C(N1CCN(C2=C(OC)C=CC=C2)CC1)C3=C(N(N=C3)C(C)(C)C)C4CCN(CC4)C(OC(C)(C)C)=O,Fraggle,0.39,COc1ccc(cc1)C2(CC2)C(=O)N3CCC(CC3)n4nc(oc4=O)c5ccccc5
2782,TP53,0.83,BrC1=CC=C(COC(=O)C2=CC(C=3OC(=NN3)C=4C=CC=CC4)=CC=C2)C=C1,Fraggle,0.69,Fc1ccc(cc1)C(=O)OCc1ccc(CSc2nnc(o2)-c2cccc3ccccc23)cc1
2783,TP53,0.83,BrC1=CC=C(COC(=O)C2=CC(C=3OC(=NN3)C=4C=CC=CC4)=CC=C2)C=C1,Fraggle,0.69,Fc1ccc(cc1)C(=O)OCc1ccc(CSc2nnc(o2)-c2cccc3ccccc23)cc1
2784,TP53,0.00,BrC1=CC(F)=C(NC2=NC=3C(N4N=NN=C42)=CC=CC3)C=C1,Fraggle,0.00,Brc1c(Br)c(Br)c2[nH]nnc2c1Br
2785,TP53,0.00,BrC1=CC(F)=C(NC2=NC=3C(N4N=NN=C42)=CC=CC3)C=C1,Fraggle,0.00,Brc1c(Br)c(Br)c2[nH]nnc2c1Br
2786,TP53,0.83,S(=O)(=O)(N1CCC(CC1)C)C=2C=C3N(C(=O)COC3=CC2)CC(=O)NCCN(C)C,Fraggle,0.59,C[C@@H](CO)N1C[C@@H](C)[C@@H](CN(C)CC2CC2)OCCCC[C@@H](C)Oc3ccc(NS(=O)(=O)C)cc3C1=O
2787,TP53,0.00,BrC1=CC(F)=C(NC2=NC=3C(N4N=NN=C42)=CC=CC3)C=C1,Fraggle,0.00,Brc1c(Br)c(Br)c2[nH]nnc2c1Br
2788,TP53,0.83,BrC1=CC=C(COC(=O)C2=CC(C=3OC(=NN3)C=4C=CC=CC4)=CC=C2)C=C1,Fraggle,0.69,Fc1ccc(cc1)C(=O)OCc1ccc(CSc2nnc(o2)-c2cccc3ccccc23)cc1
2789,TP53,0.77,O1C=2C(=C(N(C2O)CCCN3CCOCC3)C4=CC(OC)=C(OC)C=C4)C(=O)C=5C1=CC=C(C5)C,Fraggle,0.00,C[C@@H](CO)N1C[C@@H](C)[C@H](CN(C)C(=O)CC2CC2)Oc3ncc(cc3C1=O)c4ccccc4C
2790,TP53,0.83,BrC1=CC=C(COC(=O)C2=CC(C=3OC(=NN3)C=4C=CC=CC4)=CC=C2)C=C1,Fraggle,0.69,Fc1ccc(cc1)C(=O)OCc1ccc(CSc2nnc(o2)-c2cccc3ccccc23)cc1
2791,TP53,0.85,S(=O)(=O)(NCC1CCC(CC1)C(=O)NCCCOCC)C=2C=CC(NC(=O)C)=CC2,Fraggle,0.39,CCS(=O)(=O)NCC[C@@H]1CC[C@@H](NC(=O)C2CCCCC2)[C@H](CO)O1
2792,TP53,0.85,S(=O)(=O)(NCC1CCC(CC1)C(=O)NCCCOCC)C=2C=CC(NC(=O)C)=CC2,Fraggle,0.39,CCS(=O)(=O)NCC[C@@H]1CC[C@@H](NC(=O)C2CCCCC2)[C@H](CO)O1
2793,TP53,0.85,S1C2=NC=NC(SC=3N(N=NN3)C)=C2C(C4=C(C(F)(F)F)C=CC=C4)=C1,Fraggle,0.87,Cn1nnnc1Sc2ncnc3scc(c4cccc5ccccc45)c23
2794,TP53,0.83,BrC1=CC=C(COC(=O)C2=CC(C=3OC(=NN3)C=4C=CC=CC4)=CC=C2)C=C1,Fraggle,0.69,Fc1ccc(cc1)C(=O)OCc1ccc(CSc2nnc(o2)-c2cccc3ccccc23)cc1
2795,TP53,0.00,BrC1=CC(F)=C(NC2=NC=3C(N4N=NN=C42)=CC=CC3)C=C1,Fraggle,0.00,Brc1c(Br)c(Br)c2[nH]nnc2c1Br
2796,TP53,0.00,BrC1=CC(F)=C(NC2=NC=3C(N4N=NN=C42)=CC=CC3)C=C1,Fraggle,0.00,Brc1c(Br)c(Br)c2[nH]nnc2c1Br
2797,TP53,0.00,BrC1=CC(F)=C(NC2=NC=3C(N4N=NN=C42)=CC=CC3)C=C1,Fraggle,0.00,Brc1c(Br)c(Br)c2[nH]nnc2c1Br
2798,TP53,0.00,BrC1=CC(F)=C(NC2=NC=3C(N4N=NN=C42)=CC=CC3)C=C1,Fraggle,0.00,Brc1c(Br)c(Br)c2[nH]nnc2c1Br
2799,TP53,0.85,S(=O)(=O)(NCC1CCC(CC1)C(=O)NCCCOCC)C=2C=CC(NC(=O)C)=CC2,Fraggle,0.39,CCS(=O)(=O)NCC[C@@H]1CC[C@@H](NC(=O)C2CCCCC2)[C@H](CO)O1
2800,TP53,0.87,N12C(=NC(=C1)C3=CC=CC=C3)C=CC(=C2)C,MACCS,0.70,OC(c1cnc2ccccn12)(c1ccccc1)c1ccccc1
2801,TP53,0.86,O=C(N1CCN(C2=C(OC)C=CC=C2)CC1)C3=C(N(N=C3)C(C)(C)C)C4CCN(CC4)C(OC(C)(C)C)=O,MACCS,0.90,COc1ccc(cc1)C2(CC2)C(=O)N3CCC(CC3)n4nc(oc4=O)c5ccccc5
2802,TP53,0.00,BrC1=CC(F)=C(NC2=NC=3C(N4N=NN=C42)=CC=CC3)C=C1,MACCS,0.75,Brc1c(Br)c(Br)c2[nH]nnc2c1Br
2803,TP53,0.83,BrC1=CC=C(COC(=O)C2=CC(C=3OC(=NN3)C=4C=CC=CC4)=CC=C2)C=C1,MACCS,0.77,Fc1ccc(cc1)C(=O)OCc1ccc(CSc2nnc(o2)-c2cccc3ccccc23)cc1
2804,TP53,0.85,S1C2=NC=NC(SC=3N(N=NN3)C)=C2C(C4=C(C(F)(F)F)C=CC=C4)=C1,MACCS,0.91,Cn1nnnc1Sc2ncnc3scc(c4cccc5ccccc45)c23
2805,TP53,0.00,BrC1=CC(F)=C(NC2=NC=3C(N4N=NN=C42)=CC=CC3)C=C1,MACCS,0.75,Brc1c(Br)c(Br)c2[nH]nnc2c1Br
2806,TP53,0.00,BrC1=CC(F)=C(NC2=NC=3C(N4N=NN=C42)=CC=CC3)C=C1,MACCS,0.75,Brc1c(Br)c(Br)c2[nH]nnc2c1Br
2807,TP53,0.85,S(=O)(=O)(NCC1CCC(CC1)C(=O)NCCCOCC)C=2C=CC(NC(=O)C)=CC2,MACCS,0.76,CCS(=O)(=O)NCC[C@@H]1CC[C@@H](NC(=O)C2CCCCC2)[C@H](CO)O1
2808,TP53,0.85,S(=O)(=O)(NCC1CCC(CC1)C(=O)NCCCOCC)C=2C=CC(NC(=O)C)=CC2,MACCS,0.76,CCS(=O)(=O)NCC[C@@H]1CC[C@@H](NC(=O)C2CCCCC2)[C@H](CO)O1
2809,TP53,0.00,BrC1=CC(F)=C(NC2=NC=3C(N4N=NN=C42)=CC=CC3)C=C1,MACCS,0.75,Brc1c(Br)c(Br)c2[nH]nnc2c1Br
2810,TP53,0.67,O(C1=CC=2OC=C(C(=O)C2C(O)=C1)C3=CC=C(OC)C=C3)C4OC(C(O)C(O)C4O)CO,MACCS,0.95,OCC1OC(Oc2cc(O)c3c(=O)c(coc3c2)c4ccc(O)cc4)C(O)C(O)C1O
2811,TP53,0.00,BrC1=CC(F)=C(NC2=NC=3C(N4N=NN=C42)=CC=CC3)C=C1,MACCS,0.75,Brc1c(Br)c(Br)c2[nH]nnc2c1Br
2812,TP53,0.85,S(=O)(=O)(NCC1CCC(CC1)C(=O)NCCCOCC)C=2C=CC(NC(=O)C)=CC2,MACCS,0.76,CCS(=O)(=O)NCC[C@@H]1CC[C@@H](NC(=O)C2CCCCC2)[C@H](CO)O1
2813,TP53,0.87,FC1=CC=C(CN2C3=C(C(=C2C(O)=O)CNC4CCC(CC4)C)C=CC(OC)=C3)C=C1,MACCS,0.79,COc1c(N2CCNC(C)C2)c(F)cc2c1n(cc(C(O)=O)c2=O)C1CC1
2814,TP53,0.85,S(=O)(=O)(NCC1CCC(CC1)C(=O)NCCCOCC)C=2C=CC(NC(=O)C)=CC2,MACCS,0.76,CCS(=O)(=O)NCC[C@@H]1CC[C@@H](NC(=O)C2CCCCC2)[C@H](CO)O1
2815,TP53,0.00,BrC1=CC(F)=C(NC2=NC=3C(N4N=NN=C42)=CC=CC3)C=C1,MACCS,0.75,Brc1c(Br)c(Br)c2[nH]nnc2c1Br
2816,TP53,0.87,FC1=CC=C(CN2C3=C(C(=C2C(O)=O)CNC4CCC(CC4)C)C=CC(OC)=C3)C=C1,MACCS,0.79,COc1c(N2CCNC(C)C2)c(F)cc2c1n(cc(C(O)=O)c2=O)C1CC1
2817,TP53,0.00,BrC1=CC(F)=C(NC2=NC=3C(N4N=NN=C42)=CC=CC3)C=C1,MACCS,0.75,Brc1c(Br)c(Br)c2[nH]nnc2c1Br
2818,TP53,0.83,BrC1=CC=C(COC(=O)C2=CC(C=3OC(=NN3)C=4C=CC=CC4)=CC=C2)C=C1,MACCS,0.77,Fc1ccc(cc1)C(=O)OCc1ccc(CSc2nnc(o2)-c2cccc3ccccc23)cc1
2819,TP53,0.00,BrC1=CC(F)=C(NC2=NC=3C(N4N=NN=C42)=CC=CC3)C=C1,MACCS,0.75,Brc1c(Br)c(Br)c2[nH]nnc2c1Br
2820,TP53,0.83,BrC1=CC=C(COC(=O)C2=CC(C=3OC(=NN3)C=4C=CC=CC4)=CC=C2)C=C1,MACCS,0.77,Fc1ccc(cc1)C(=O)OCc1ccc(CSc2nnc(o2)-c2cccc3ccccc23)cc1
2821,TP53,0.77,ClC1=CC=C(CCNC(=O)C=2C=3C(N=C4C2C=CC=C4)=C(O)N(C3)C5CCCCC5)C=C1,MACCS,0.77,OC[C@@H]1[C@H]2Cn3c(ccc(-c4ccccc4)c3=O)[C@H]2N(Cc2ccccc2F)[C@H]1C(O)=O
2822,TP53,0.00,BrC1=CC(F)=C(NC2=NC=3C(N4N=NN=C42)=CC=CC3)C=C1,MACCS,0.75,Brc1c(Br)c(Br)c2[nH]nnc2c1Br
2823,TP53,0.83,BrC1=CC=C(COC(=O)C2=CC(C=3OC(=NN3)C=4C=CC=CC4)=CC=C2)C=C1,MACCS,0.77,Fc1ccc(cc1)C(=O)OCc1ccc(CSc2nnc(o2)-c2cccc3ccccc23)cc1
2824,TP53,0.83,BrC1=CC=C(COC(=O)C2=CC(C=3OC(=NN3)C=4C=CC=CC4)=CC=C2)C=C1,MACCS,0.77,Fc1ccc(cc1)C(=O)OCc1ccc(CSc2nnc(o2)-c2cccc3ccccc23)cc1
2825,TP53,0.85,S(=O)(=O)(NCC1CCC(CC1)C(=O)NCCCOCC)C=2C=CC(NC(=O)C)=CC2,MACCS,0.76,CCS(=O)(=O)NCC[C@@H]1CC[C@@H](NC(=O)C2CCCCC2)[C@H](CO)O1
2826,TP53,0.83,BrC1=CC=C(COC(=O)C2=CC(C=3OC(=NN3)C=4C=CC=CC4)=CC=C2)C=C1,MACCS,0.77,Fc1ccc(cc1)C(=O)OCc1ccc(CSc2nnc(o2)-c2cccc3ccccc23)cc1
2827,TP53,0.83,BrC1=CC=C(COC(=O)C2=CC(C=3OC(=NN3)C=4C=CC=CC4)=CC=C2)C=C1,MACCS,0.77,Fc1ccc(cc1)C(=O)OCc1ccc(CSc2nnc(o2)-c2cccc3ccccc23)cc1
2828,TP53,0.85,S(=O)(=O)(NCC1CCC(CC1)C(=O)NCCCOCC)C=2C=CC(NC(=O)C)=CC2,MACCS,0.76,CCS(=O)(=O)NCC[C@@H]1CC[C@@H](NC(=O)C2CCCCC2)[C@H](CO)O1
2829,TP53,0.00,BrC1=CC(F)=C(NC2=NC=3C(N4N=NN=C42)=CC=CC3)C=C1,MACCS,0.75,Brc1c(Br)c(Br)c2[nH]nnc2c1Br
2830,TP53,0.85,S1C2=NC=NC(SC=3N(N=NN3)C)=C2C(C4=C(C(F)(F)F)C=CC=C4)=C1,MACCS,0.91,Cn1nnnc1Sc2ncnc3scc(c4cccc5ccccc45)c23
2831,TP53,0.83,BrC1=CC=C(COC(=O)C2=CC(C=3OC(=NN3)C=4C=CC=CC4)=CC=C2)C=C1,MACCS,0.77,Fc1ccc(cc1)C(=O)OCc1ccc(CSc2nnc(o2)-c2cccc3ccccc23)cc1
2832,TP53,0.00,BrC1=CC(F)=C(NC2=NC=3C(N4N=NN=C42)=CC=CC3)C=C1,MACCS,0.75,Brc1c(Br)c(Br)c2[nH]nnc2c1Br
2833,TP53,0.00,BrC1=CC(F)=C(NC2=NC=3C(N4N=NN=C42)=CC=CC3)C=C1,MACCS,0.75,Brc1c(Br)c(Br)c2[nH]nnc2c1Br
2834,TP53,0.00,BrC1=CC(F)=C(NC2=NC=3C(N4N=NN=C42)=CC=CC3)C=C1,MACCS,0.75,Brc1c(Br)c(Br)c2[nH]nnc2c1Br
2835,TP53,0.87,FC1=CC=C(CN2C3=C(C(=C2C(O)=O)CNC4CCC(CC4)C)C=CC(OC)=C3)C=C1,MACCS,0.79,COc1c(N2CCNC(C)C2)c(F)cc2c1n(cc(C(O)=O)c2=O)C1CC1
2836,TP53,0.85,S1C2=NC=NC(SC=3N(N=NN3)C)=C2C(C4=C(C(F)(F)F)C=CC=C4)=C1,MACCS,0.91,Cn1nnnc1Sc2ncnc3scc(c4cccc5ccccc45)c23
2837,TP53,0.83,BrC1=CC=C(COC(=O)C2=CC(C=3OC(=NN3)C=4C=CC=CC4)=CC=C2)C=C1,MACCS,0.77,Fc1ccc(cc1)C(=O)OCc1ccc(CSc2nnc(o2)-c2cccc3ccccc23)cc1
2838,TP53,0.85,S(=O)(=O)(NCC1CCC(CC1)C(=O)NCCCOCC)C=2C=CC(NC(=O)C)=CC2,MACCS,0.76,CCS(=O)(=O)NCC[C@@H]1CC[C@@H](NC(=O)C2CCCCC2)[C@H](CO)O1
2839,TP53,0.83,BrC1=CC=C(COC(=O)C2=CC(C=3OC(=NN3)C=4C=CC=CC4)=CC=C2)C=C1,MACCS,0.77,Fc1ccc(cc1)C(=O)OCc1ccc(CSc2nnc(o2)-c2cccc3ccccc23)cc1
2840,TP53,0.86,O=C(N1CCN(C2=C(OC)C=CC=C2)CC1)C3=C(N(N=C3)C(C)(C)C)C4CCN(CC4)C(OC(C)(C)C)=O,MACCS,0.90,COc1ccc(cc1)C2(CC2)C(=O)N3CCC(CC3)n4nc(oc4=O)c5ccccc5
2841,TP53,0.83,BrC1=CC=C(COC(=O)C2=CC(C=3OC(=NN3)C=4C=CC=CC4)=CC=C2)C=C1,MACCS,0.77,Fc1ccc(cc1)C(=O)OCc1ccc(CSc2nnc(o2)-c2cccc3ccccc23)cc1
2842,TP53,0.85,S1C2=NC=NC(SC=3N(N=NN3)C)=C2C(C4=C(C(F)(F)F)C=CC=C4)=C1,MACCS,0.91,Cn1nnnc1Sc2ncnc3scc(c4cccc5ccccc45)c23
2843,TP53,0.00,BrC1=CC(F)=C(NC2=NC=3C(N4N=NN=C42)=CC=CC3)C=C1,MACCS,0.75,Brc1c(Br)c(Br)c2[nH]nnc2c1Br
2844,TP53,0.83,BrC1=CC=C(COC(=O)C2=CC(C=3OC(=NN3)C=4C=CC=CC4)=CC=C2)C=C1,MACCS,0.77,Fc1ccc(cc1)C(=O)OCc1ccc(CSc2nnc(o2)-c2cccc3ccccc23)cc1
2845,TP53,0.00,BrC1=CC(F)=C(NC2=NC=3C(N4N=NN=C42)=CC=CC3)C=C1,MACCS,0.75,Brc1c(Br)c(Br)c2[nH]nnc2c1Br
2846,TP53,0.00,BrC1=CC(F)=C(NC2=NC=3C(N4N=NN=C42)=CC=CC3)C=C1,MACCS,0.75,Brc1c(Br)c(Br)c2[nH]nnc2c1Br
2847,TP53,0.83,S(=O)(=O)(N1CCC(CC1)C)C=2C=C3N(C(=O)COC3=CC2)CC(=O)NCCN(C)C,MACCS,0.80,C[C@@H](CO)N1C[C@@H](C)[C@@H](CN(C)CC2CC2)OCCCC[C@@H](C)Oc3ccc(NS(=O)(=O)C)cc3C1=O
2848,TP53,0.00,BrC1=CC(F)=C(NC2=NC=3C(N4N=NN=C42)=CC=CC3)C=C1,MACCS,0.75,Brc1c(Br)c(Br)c2[nH]nnc2c1Br
2849,TP53,0.83,BrC1=CC=C(COC(=O)C2=CC(C=3OC(=NN3)C=4C=CC=CC4)=CC=C2)C=C1,MACCS,0.77,Fc1ccc(cc1)C(=O)OCc1ccc(CSc2nnc(o2)-c2cccc3ccccc23)cc1
2850,TP53,0.85,S(=O)(=O)(NCC1CCC(CC1)C(=O)NCCCOCC)C=2C=CC(NC(=O)C)=CC2,MACCS,0.76,CCS(=O)(=O)NCC[C@@H]1CC[C@@H](NC(=O)C2CCCCC2)[C@H](CO)O1
2851,TP53,0.83,BrC1=CC=C(COC(=O)C2=CC(C=3OC(=NN3)C=4C=CC=CC4)=CC=C2)C=C1,MACCS,0.77,Fc1ccc(cc1)C(=O)OCc1ccc(CSc2nnc(o2)-c2cccc3ccccc23)cc1
2852,TP53,0.85,S(=O)(=O)(NCC1CCC(CC1)C(=O)NCCCOCC)C=2C=CC(NC(=O)C)=CC2,MACCS,0.76,CCS(=O)(=O)NCC[C@@H]1CC[C@@H](NC(=O)C2CCCCC2)[C@H](CO)O1
2853,TP53,0.83,BrC1=CC=C(COC(=O)C2=CC(C=3OC(=NN3)C=4C=CC=CC4)=CC=C2)C=C1,MACCS,0.77,Fc1ccc(cc1)C(=O)OCc1ccc(CSc2nnc(o2)-c2cccc3ccccc23)cc1
2854,TP53,0.85,S1C2=NC=NC(SC=3N(N=NN3)C)=C2C(C4=C(C(F)(F)F)C=CC=C4)=C1,MACCS,0.91,Cn1nnnc1Sc2ncnc3scc(c4cccc5ccccc45)c23
2855,TP53,0.83,BrC1=CC=C(COC(=O)C2=CC(C=3OC(=NN3)C=4C=CC=CC4)=CC=C2)C=C1,MACCS,0.77,Fc1ccc(cc1)C(=O)OCc1ccc(CSc2nnc(o2)-c2cccc3ccccc23)cc1
2856,TP53,0.85,S1C2=NC=NC(SC=3N(N=NN3)C)=C2C(C4=C(C(F)(F)F)C=CC=C4)=C1,MACCS,0.91,Cn1nnnc1Sc2ncnc3scc(c4cccc5ccccc45)c23
2857,TP53,0.00,BrC1=CC(F)=C(NC2=NC=3C(N4N=NN=C42)=CC=CC3)C=C1,MACCS,0.75,Brc1c(Br)c(Br)c2[nH]nnc2c1Br
2858,TP53,0.83,BrC1=CC=C(COC(=O)C2=CC(C=3OC(=NN3)C=4C=CC=CC4)=CC=C2)C=C1,MACCS,0.77,Fc1ccc(cc1)C(=O)OCc1ccc(CSc2nnc(o2)-c2cccc3ccccc23)cc1
2859,TP53,0.85,S1C2=NC=NC(SC=3N(N=NN3)C)=C2C(C4=C(C(F)(F)F)C=CC=C4)=C1,MACCS,0.91,Cn1nnnc1Sc2ncnc3scc(c4cccc5ccccc45)c23
2860,TP53,0.85,S1C2=NC=NC(SC=3N(N=NN3)C)=C2C(C4=C(C(F)(F)F)C=CC=C4)=C1,MACCS,0.91,Cn1nnnc1Sc2ncnc3scc(c4cccc5ccccc45)c23
2861,TP53,0.83,BrC1=CC=C(COC(=O)C2=CC(C=3OC(=NN3)C=4C=CC=CC4)=CC=C2)C=C1,MACCS,0.77,Fc1ccc(cc1)C(=O)OCc1ccc(CSc2nnc(o2)-c2cccc3ccccc23)cc1
2862,TP53,0.00,BrC1=CC(F)=C(NC2=NC=3C(N4N=NN=C42)=CC=CC3)C=C1,MACCS,0.75,Brc1c(Br)c(Br)c2[nH]nnc2c1Br
2863,TP53,0.87,FC1=CC=C(CN2C3=C(C(=C2C(O)=O)CNC4CCC(CC4)C)C=CC(OC)=C3)C=C1,MACCS,0.79,COc1c(N2CCNC(C)C2)c(F)cc2c1n(cc(C(O)=O)c2=O)C1CC1
2864,TP53,0.86,O=C(N1CCN(C2=C(OC)C=CC=C2)CC1)C3=C(N(N=C3)C(C)(C)C)C4CCN(CC4)C(OC(C)(C)C)=O,MACCS,0.90,COc1ccc(cc1)C2(CC2)C(=O)N3CCC(CC3)n4nc(oc4=O)c5ccccc5
2865,TP53,0.83,S(=O)(=O)(N1CCC(CC1)C)C=2C=C3N(C(=O)COC3=CC2)CC(=O)NCCN(C)C,MACCS,0.80,C[C@@H](CO)N1C[C@@H](C)[C@@H](CN(C)CC2CC2)OCCCC[C@@H](C)Oc3ccc(NS(=O)(=O)C)cc3C1=O
2866,TP53,0.83,BrC1=CC=C(COC(=O)C2=CC(C=3OC(=NN3)C=4C=CC=CC4)=CC=C2)C=C1,MACCS,0.77,Fc1ccc(cc1)C(=O)OCc1ccc(CSc2nnc(o2)-c2cccc3ccccc23)cc1
2867,TP53,0.85,S1C2=NC=NC(SC=3N(N=NN3)C)=C2C(C4=C(C(F)(F)F)C=CC=C4)=C1,MACCS,0.91,Cn1nnnc1Sc2ncnc3scc(c4cccc5ccccc45)c23
2868,TP53,0.85,S(=O)(=O)(NCC1CCC(CC1)C(=O)NCCCOCC)C=2C=CC(NC(=O)C)=CC2,MACCS,0.76,CCS(=O)(=O)NCC[C@@H]1CC[C@@H](NC(=O)C2CCCCC2)[C@H](CO)O1
2869,TP53,0.83,BrC1=CC=C(COC(=O)C2=CC(C=3OC(=NN3)C=4C=CC=CC4)=CC=C2)C=C1,MACCS,0.77,Fc1ccc(cc1)C(=O)OCc1ccc(CSc2nnc(o2)-c2cccc3ccccc23)cc1
2870,TP53,0.83,BrC1=CC=C(COC(=O)C2=CC(C=3OC(=NN3)C=4C=CC=CC4)=CC=C2)C=C1,MACCS,0.77,Fc1ccc(cc1)C(=O)OCc1ccc(CSc2nnc(o2)-c2cccc3ccccc23)cc1
2871,TP53,0.83,BrC1=CC=C(COC(=O)C2=CC(C=3OC(=NN3)C=4C=CC=CC4)=CC=C2)C=C1,MACCS,0.77,Fc1ccc(cc1)C(=O)OCc1ccc(CSc2nnc(o2)-c2cccc3ccccc23)cc1
2872,TP53,0.67,O(C1=CC=2OC=C(C(=O)C2C(O)=C1)C3=CC=C(OC)C=C3)C4OC(C(O)C(O)C4O)CO,MACCS,0.95,OCC1OC(Oc2cc(O)c3c(=O)c(coc3c2)c4ccc(O)cc4)C(O)C(O)C1O
2873,TP53,0.85,S1C2=NC=NC(SC=3N(N=NN3)C)=C2C(C4=C(C(F)(F)F)C=CC=C4)=C1,MACCS,0.91,Cn1nnnc1Sc2ncnc3scc(c4cccc5ccccc45)c23
2874,TP53,0.00,BrC1=CC(F)=C(NC2=NC=3C(N4N=NN=C42)=CC=CC3)C=C1,MACCS,0.75,Brc1c(Br)c(Br)c2[nH]nnc2c1Br
2875,TP53,0.86,O=C(N1CCN(C2=C(OC)C=CC=C2)CC1)C3=C(N(N=C3)C(C)(C)C)C4CCN(CC4)C(OC(C)(C)C)=O,MACCS,0.90,COc1ccc(cc1)C2(CC2)C(=O)N3CCC(CC3)n4nc(oc4=O)c5ccccc5
2876,TP53,0.86,O=C(N1CCN(C2=C(OC)C=CC=C2)CC1)C3=C(N(N=C3)C(C)(C)C)C4CCN(CC4)C(OC(C)(C)C)=O,MACCS,0.90,COc1ccc(cc1)C2(CC2)C(=O)N3CCC(CC3)n4nc(oc4=O)c5ccccc5
2877,TP53,0.83,S(=O)(=O)(N1CCC(CC1)C)C=2C=C3N(C(=O)COC3=CC2)CC(=O)NCCN(C)C,MACCS,0.80,C[C@@H](CO)N1C[C@@H](C)[C@@H](CN(C)CC2CC2)OCCCC[C@@H](C)Oc3ccc(NS(=O)(=O)C)cc3C1=O
2878,TP53,0.83,BrC1=CC=C(COC(=O)C2=CC(C=3OC(=NN3)C=4C=CC=CC4)=CC=C2)C=C1,MACCS,0.77,Fc1ccc(cc1)C(=O)OCc1ccc(CSc2nnc(o2)-c2cccc3ccccc23)cc1
2879,TP53,0.85,S1C2=NC=NC(SC=3N(N=NN3)C)=C2C(C4=C(C(F)(F)F)C=CC=C4)=C1,MACCS,0.91,Cn1nnnc1Sc2ncnc3scc(c4cccc5ccccc45)c23
2880,TP53,0.83,BrC1=CC=C(COC(=O)C2=CC(C=3OC(=NN3)C=4C=CC=CC4)=CC=C2)C=C1,MACCS,0.77,Fc1ccc(cc1)C(=O)OCc1ccc(CSc2nnc(o2)-c2cccc3ccccc23)cc1
2881,TP53,0.86,O=C(N1CCN(C2=C(OC)C=CC=C2)CC1)C3=C(N(N=C3)C(C)(C)C)C4CCN(CC4)C(OC(C)(C)C)=O,MACCS,0.90,COc1ccc(cc1)C2(CC2)C(=O)N3CCC(CC3)n4nc(oc4=O)c5ccccc5
2882,TP53,0.83,BrC1=CC=C(COC(=O)C2=CC(C=3OC(=NN3)C=4C=CC=CC4)=CC=C2)C=C1,MACCS,0.77,Fc1ccc(cc1)C(=O)OCc1ccc(CSc2nnc(o2)-c2cccc3ccccc23)cc1
2883,TP53,0.83,BrC1=CC=C(COC(=O)C2=CC(C=3OC(=NN3)C=4C=CC=CC4)=CC=C2)C=C1,MACCS,0.77,Fc1ccc(cc1)C(=O)OCc1ccc(CSc2nnc(o2)-c2cccc3ccccc23)cc1
2884,TP53,0.00,BrC1=CC(F)=C(NC2=NC=3C(N4N=NN=C42)=CC=CC3)C=C1,MACCS,0.75,Brc1c(Br)c(Br)c2[nH]nnc2c1Br
2885,TP53,0.00,BrC1=CC(F)=C(NC2=NC=3C(N4N=NN=C42)=CC=CC3)C=C1,MACCS,0.75,Brc1c(Br)c(Br)c2[nH]nnc2c1Br
2886,TP53,0.83,S(=O)(=O)(N1CCC(CC1)C)C=2C=C3N(C(=O)COC3=CC2)CC(=O)NCCN(C)C,MACCS,0.80,C[C@@H](CO)N1C[C@@H](C)[C@@H](CN(C)CC2CC2)OCCCC[C@@H](C)Oc3ccc(NS(=O)(=O)C)cc3C1=O
2887,TP53,0.00,BrC1=CC(F)=C(NC2=NC=3C(N4N=NN=C42)=CC=CC3)C=C1,MACCS,0.75,Brc1c(Br)c(Br)c2[nH]nnc2c1Br
2888,TP53,0.83,BrC1=CC=C(COC(=O)C2=CC(C=3OC(=NN3)C=4C=CC=CC4)=CC=C2)C=C1,MACCS,0.77,Fc1ccc(cc1)C(=O)OCc1ccc(CSc2nnc(o2)-c2cccc3ccccc23)cc1
2889,TP53,0.77,O1C=2C(=C(N(C2O)CCCN3CCOCC3)C4=CC(OC)=C(OC)C=C4)C(=O)C=5C1=CC=C(C5)C,MACCS,0.83,C[C@@H](CO)N1C[C@@H](C)[C@H](CN(C)C(=O)CC2CC2)Oc3ncc(cc3C1=O)c4ccccc4C
2890,TP53,0.83,BrC1=CC=C(COC(=O)C2=CC(C=3OC(=NN3)C=4C=CC=CC4)=CC=C2)C=C1,MACCS,0.77,Fc1ccc(cc1)C(=O)OCc1ccc(CSc2nnc(o2)-c2cccc3ccccc23)cc1
2891,TP53,0.85,S(=O)(=O)(NCC1CCC(CC1)C(=O)NCCCOCC)C=2C=CC(NC(=O)C)=CC2,MACCS,0.76,CCS(=O)(=O)NCC[C@@H]1CC[C@@H](NC(=O)C2CCCCC2)[C@H](CO)O1
2892,TP53,0.85,S(=O)(=O)(NCC1CCC(CC1)C(=O)NCCCOCC)C=2C=CC(NC(=O)C)=CC2,MACCS,0.76,CCS(=O)(=O)NCC[C@@H]1CC[C@@H](NC(=O)C2CCCCC2)[C@H](CO)O1
2893,TP53,0.85,S1C2=NC=NC(SC=3N(N=NN3)C)=C2C(C4=C(C(F)(F)F)C=CC=C4)=C1,MACCS,0.91,Cn1nnnc1Sc2ncnc3scc(c4cccc5ccccc45)c23
2894,TP53,0.83,BrC1=CC=C(COC(=O)C2=CC(C=3OC(=NN3)C=4C=CC=CC4)=CC=C2)C=C1,MACCS,0.77,Fc1ccc(cc1)C(=O)OCc1ccc(CSc2nnc(o2)-c2cccc3ccccc23)cc1
2895,TP53,0.00,BrC1=CC(F)=C(NC2=NC=3C(N4N=NN=C42)=CC=CC3)C=C1,MACCS,0.75,Brc1c(Br)c(Br)c2[nH]nnc2c1Br
2896,TP53,0.00,BrC1=CC(F)=C(NC2=NC=3C(N4N=NN=C42)=CC=CC3)C=C1,MACCS,0.75,Brc1c(Br)c(Br)c2[nH]nnc2c1Br
2897,TP53,0.00,BrC1=CC(F)=C(NC2=NC=3C(N4N=NN=C42)=CC=CC3)C=C1,MACCS,0.75,Brc1c(Br)c(Br)c2[nH]nnc2c1Br
2898,TP53,0.00,BrC1=CC(F)=C(NC2=NC=3C(N4N=NN=C42)=CC=CC3)C=C1,MACCS,0.75,Brc1c(Br)c(Br)c2[nH]nnc2c1Br
2899,TP53,0.85,S(=O)(=O)(NCC1CCC(CC1)C(=O)NCCCOCC)C=2C=CC(NC(=O)C)=CC2,MACCS,0.76,CCS(=O)(=O)NCC[C@@H]1CC[C@@H](NC(=O)C2CCCCC2)[C@H](CO)O1
2900,TP53,0.87,O=C(NN=C(C=1N=CC=CC1)C2=CC=CC=C2)C3=CC=CC=C3,Morgan,0.32,OC(c1cnc2ccccn12)(c1ccccc1)c1ccccc1
2901,TP53,0.86,O1N=C(C(C(=O)N2CCN(C3=CC=C(OC)C=C3)CC2)=C1C)C=4C=CC=CC4,Morgan,0.36,COc1ccc(cc1)C2(CC2)C(=O)N3CCC(CC3)n4nc(oc4=O)c5ccccc5
2902,TP53,0.00,C=1(C(=CC(=C(C1)OC=2C(=CC(=CC2)Br)Br)Br)Br)Br,Morgan,0.15,Brc1c(Br)c(Br)c2[nH]nnc2c1Br
2903,TP53,0.83,O1C(=NC2=C1C=CC(NC(=O)C=3C=CC(OCC)=CC3)=C2)C4=C5C(=CC=C4)C=CC=C5,Morgan,0.40,Fc1ccc(cc1)C(=O)OCc1ccc(CSc2nnc(o2)-c2cccc3ccccc23)cc1
2904,TP53,0.85,S1C2=NC=NC(SC=3N(N=NN3)C)=C2C(C4=C(C(F)(F)F)C=CC=C4)=C1,Morgan,0.61,Cn1nnnc1Sc2ncnc3scc(c4cccc5ccccc45)c23
2905,TP53,0.00,C=1(C(=CC(=C(C1)OC=2C(=CC(=CC2)Br)Br)Br)Br)Br,Morgan,0.15,Brc1c(Br)c(Br)c2[nH]nnc2c1Br
2906,TP53,0.00,C=1(C(=CC(=C(C1)OC=2C(=CC(=CC2)Br)Br)Br)Br)Br,Morgan,0.15,Brc1c(Br)c(Br)c2[nH]nnc2c1Br
2907,TP53,0.85,O=C1N(C2=CC=C(OC)C=C2)CC(NC(=O)C3CCCCC3)C1,Morgan,0.26,CCS(=O)(=O)NCC[C@@H]1CC[C@@H](NC(=O)C2CCCCC2)[C@H](CO)O1
2908,TP53,0.85,O=C1N(C2=CC=C(OC)C=C2)CC(NC(=O)C3CCCCC3)C1,Morgan,0.26,CCS(=O)(=O)NCC[C@@H]1CC[C@@H](NC(=O)C2CCCCC2)[C@H](CO)O1
2909,TP53,0.00,C=1(C(=CC(=C(C1)OC=2C(=CC(=CC2)Br)Br)Br)Br)Br,Morgan,0.15,Brc1c(Br)c(Br)c2[nH]nnc2c1Br
2910,TP53,0.67,O(C1=CC=2OC=C(C(=O)C2C(O)=C1)C3=CC=C(OC)C=C3)C4OC(C(O)C(O)C4O)CO,Morgan,0.82,OCC1OC(Oc2cc(O)c3c(=O)c(coc3c2)c4ccc(O)cc4)C(O)C(O)C1O
2911,TP53,0.00,C=1(C(=CC(=C(C1)OC=2C(=CC(=CC2)Br)Br)Br)Br)Br,Morgan,0.15,Brc1c(Br)c(Br)c2[nH]nnc2c1Br
2912,TP53,0.85,O=C1N(C2=CC=C(OC)C=C2)CC(NC(=O)C3CCCCC3)C1,Morgan,0.26,CCS(=O)(=O)NCC[C@@H]1CC[C@@H](NC(=O)C2CCCCC2)[C@H](CO)O1
2913,TP53,0.87,S(=O)(=O)(N1CCN(C=2C=C3N(C=C(C(=O)C3=CC2F)C(=O)O)CC)CC1)C=4C=CC(NC(OC)=O)=CC4,Morgan,0.24,COc1c(N2CCNC(C)C2)c(F)cc2c1n(cc(C(O)=O)c2=O)C1CC1
2914,TP53,0.85,O=C1N(C2=CC=C(OC)C=C2)CC(NC(=O)C3CCCCC3)C1,Morgan,0.26,CCS(=O)(=O)NCC[C@@H]1CC[C@@H](NC(=O)C2CCCCC2)[C@H](CO)O1
2915,TP53,0.00,C=1(C(=CC(=C(C1)OC=2C(=CC(=CC2)Br)Br)Br)Br)Br,Morgan,0.15,Brc1c(Br)c(Br)c2[nH]nnc2c1Br
2916,TP53,0.87,S(=O)(=O)(N1CCN(C=2C=C3N(C=C(C(=O)C3=CC2F)C(=O)O)CC)CC1)C=4C=CC(NC(OC)=O)=CC4,Morgan,0.24,COc1c(N2CCNC(C)C2)c(F)cc2c1n(cc(C(O)=O)c2=O)C1CC1
2917,TP53,0.00,C=1(C(=CC(=C(C1)OC=2C(=CC(=CC2)Br)Br)Br)Br)Br,Morgan,0.15,Brc1c(Br)c(Br)c2[nH]nnc2c1Br
2918,TP53,0.83,O1C(=NC2=C1C=CC(NC(=O)C=3C=CC(OCC)=CC3)=C2)C4=C5C(=CC=C4)C=CC=C5,Morgan,0.40,Fc1ccc(cc1)C(=O)OCc1ccc(CSc2nnc(o2)-c2cccc3ccccc23)cc1
2919,TP53,0.00,C=1(C(=CC(=C(C1)OC=2C(=CC(=CC2)Br)Br)Br)Br)Br,Morgan,0.15,Brc1c(Br)c(Br)c2[nH]nnc2c1Br
2920,TP53,0.83,O1C(=NC2=C1C=CC(NC(=O)C=3C=CC(OCC)=CC3)=C2)C4=C5C(=CC=C4)C=CC=C5,Morgan,0.40,Fc1ccc(cc1)C(=O)OCc1ccc(CSc2nnc(o2)-c2cccc3ccccc23)cc1
2921,TP53,0.77,FC1=C(CN2C(=O)C(C(=O)NC=3C(=CC=CC3)CC)=CC=C2)C=CC=C1,Morgan,0.34,OC[C@@H]1[C@H]2Cn3c(ccc(-c4ccccc4)c3=O)[C@H]2N(Cc2ccccc2F)[C@H]1C(O)=O
2922,TP53,0.00,C=1(C(=CC(=C(C1)OC=2C(=CC(=CC2)Br)Br)Br)Br)Br,Morgan,0.15,Brc1c(Br)c(Br)c2[nH]nnc2c1Br
2923,TP53,0.83,O1C(=NC2=C1C=CC(NC(=O)C=3C=CC(OCC)=CC3)=C2)C4=C5C(=CC=C4)C=CC=C5,Morgan,0.40,Fc1ccc(cc1)C(=O)OCc1ccc(CSc2nnc(o2)-c2cccc3ccccc23)cc1
2924,TP53,0.83,O1C(=NC2=C1C=CC(NC(=O)C=3C=CC(OCC)=CC3)=C2)C4=C5C(=CC=C4)C=CC=C5,Morgan,0.40,Fc1ccc(cc1)C(=O)OCc1ccc(CSc2nnc(o2)-c2cccc3ccccc23)cc1
2925,TP53,0.85,O=C1N(C2=CC=C(OC)C=C2)CC(NC(=O)C3CCCCC3)C1,Morgan,0.26,CCS(=O)(=O)NCC[C@@H]1CC[C@@H](NC(=O)C2CCCCC2)[C@H](CO)O1
2926,TP53,0.83,O1C(=NC2=C1C=CC(NC(=O)C=3C=CC(OCC)=CC3)=C2)C4=C5C(=CC=C4)C=CC=C5,Morgan,0.40,Fc1ccc(cc1)C(=O)OCc1ccc(CSc2nnc(o2)-c2cccc3ccccc23)cc1
2927,TP53,0.83,O1C(=NC2=C1C=CC(NC(=O)C=3C=CC(OCC)=CC3)=C2)C4=C5C(=CC=C4)C=CC=C5,Morgan,0.40,Fc1ccc(cc1)C(=O)OCc1ccc(CSc2nnc(o2)-c2cccc3ccccc23)cc1
2928,TP53,0.85,O=C1N(C2=CC=C(OC)C=C2)CC(NC(=O)C3CCCCC3)C1,Morgan,0.26,CCS(=O)(=O)NCC[C@@H]1CC[C@@H](NC(=O)C2CCCCC2)[C@H](CO)O1
2929,TP53,0.00,C=1(C(=CC(=C(C1)OC=2C(=CC(=CC2)Br)Br)Br)Br)Br,Morgan,0.15,Brc1c(Br)c(Br)c2[nH]nnc2c1Br
2930,TP53,0.85,S1C2=NC=NC(SC=3N(N=NN3)C)=C2C(C4=C(C(F)(F)F)C=CC=C4)=C1,Morgan,0.61,Cn1nnnc1Sc2ncnc3scc(c4cccc5ccccc45)c23
2931,TP53,0.83,O1C(=NC2=C1C=CC(NC(=O)C=3C=CC(OCC)=CC3)=C2)C4=C5C(=CC=C4)C=CC=C5,Morgan,0.40,Fc1ccc(cc1)C(=O)OCc1ccc(CSc2nnc(o2)-c2cccc3ccccc23)cc1
2932,TP53,0.00,C=1(C(=CC(=C(C1)OC=2C(=CC(=CC2)Br)Br)Br)Br)Br,Morgan,0.15,Brc1c(Br)c(Br)c2[nH]nnc2c1Br
2933,TP53,0.00,C=1(C(=CC(=C(C1)OC=2C(=CC(=CC2)Br)Br)Br)Br)Br,Morgan,0.15,Brc1c(Br)c(Br)c2[nH]nnc2c1Br
2934,TP53,0.00,C=1(C(=CC(=C(C1)OC=2C(=CC(=CC2)Br)Br)Br)Br)Br,Morgan,0.15,Brc1c(Br)c(Br)c2[nH]nnc2c1Br
2935,TP53,0.87,S(=O)(=O)(N1CCN(C=2C=C3N(C=C(C(=O)C3=CC2F)C(=O)O)CC)CC1)C=4C=CC(NC(OC)=O)=CC4,Morgan,0.24,COc1c(N2CCNC(C)C2)c(F)cc2c1n(cc(C(O)=O)c2=O)C1CC1
2936,TP53,0.85,S1C2=NC=NC(SC=3N(N=NN3)C)=C2C(C4=C(C(F)(F)F)C=CC=C4)=C1,Morgan,0.61,Cn1nnnc1Sc2ncnc3scc(c4cccc5ccccc45)c23
2937,TP53,0.83,O1C(=NC2=C1C=CC(NC(=O)C=3C=CC(OCC)=CC3)=C2)C4=C5C(=CC=C4)C=CC=C5,Morgan,0.40,Fc1ccc(cc1)C(=O)OCc1ccc(CSc2nnc(o2)-c2cccc3ccccc23)cc1
2938,TP53,0.85,O=C1N(C2=CC=C(OC)C=C2)CC(NC(=O)C3CCCCC3)C1,Morgan,0.26,CCS(=O)(=O)NCC[C@@H]1CC[C@@H](NC(=O)C2CCCCC2)[C@H](CO)O1
2939,TP53,0.83,O1C(=NC2=C1C=CC(NC(=O)C=3C=CC(OCC)=CC3)=C2)C4=C5C(=CC=C4)C=CC=C5,Morgan,0.40,Fc1ccc(cc1)C(=O)OCc1ccc(CSc2nnc(o2)-c2cccc3ccccc23)cc1
2940,TP53,0.86,O1N=C(C(C(=O)N2CCN(C3=CC=C(OC)C=C3)CC2)=C1C)C=4C=CC=CC4,Morgan,0.36,COc1ccc(cc1)C2(CC2)C(=O)N3CCC(CC3)n4nc(oc4=O)c5ccccc5
2941,TP53,0.83,O1C(=NC2=C1C=CC(NC(=O)C=3C=CC(OCC)=CC3)=C2)C4=C5C(=CC=C4)C=CC=C5,Morgan,0.40,Fc1ccc(cc1)C(=O)OCc1ccc(CSc2nnc(o2)-c2cccc3ccccc23)cc1
2942,TP53,0.85,S1C2=NC=NC(SC=3N(N=NN3)C)=C2C(C4=C(C(F)(F)F)C=CC=C4)=C1,Morgan,0.61,Cn1nnnc1Sc2ncnc3scc(c4cccc5ccccc45)c23
2943,TP53,0.00,C=1(C(=CC(=C(C1)OC=2C(=CC(=CC2)Br)Br)Br)Br)Br,Morgan,0.15,Brc1c(Br)c(Br)c2[nH]nnc2c1Br
2944,TP53,0.83,O1C(=NC2=C1C=CC(NC(=O)C=3C=CC(OCC)=CC3)=C2)C4=C5C(=CC=C4)C=CC=C5,Morgan,0.40,Fc1ccc(cc1)C(=O)OCc1ccc(CSc2nnc(o2)-c2cccc3ccccc23)cc1
2945,TP53,0.00,C=1(C(=CC(=C(C1)OC=2C(=CC(=CC2)Br)Br)Br)Br)Br,Morgan,0.15,Brc1c(Br)c(Br)c2[nH]nnc2c1Br
2946,TP53,0.00,C=1(C(=CC(=C(C1)OC=2C(=CC(=CC2)Br)Br)Br)Br)Br,Morgan,0.15,Brc1c(Br)c(Br)c2[nH]nnc2c1Br
2947,TP53,0.83,S(=O)(=O)(N1CCC(CC1)C)C=2C=C3N(C(=O)COC3=CC2)CC(=O)NCCN(C)C,Morgan,0.21,C[C@@H](CO)N1C[C@@H](C)[C@@H](CN(C)CC2CC2)OCCCC[C@@H](C)Oc3ccc(NS(=O)(=O)C)cc3C1=O
2948,TP53,0.00,C=1(C(=CC(=C(C1)OC=2C(=CC(=CC2)Br)Br)Br)Br)Br,Morgan,0.15,Brc1c(Br)c(Br)c2[nH]nnc2c1Br
2949,TP53,0.83,O1C(=NC2=C1C=CC(NC(=O)C=3C=CC(OCC)=CC3)=C2)C4=C5C(=CC=C4)C=CC=C5,Morgan,0.40,Fc1ccc(cc1)C(=O)OCc1ccc(CSc2nnc(o2)-c2cccc3ccccc23)cc1
2950,TP53,0.85,O=C1N(C2=CC=C(OC)C=C2)CC(NC(=O)C3CCCCC3)C1,Morgan,0.26,CCS(=O)(=O)NCC[C@@H]1CC[C@@H](NC(=O)C2CCCCC2)[C@H](CO)O1
2951,TP53,0.83,O1C(=NC2=C1C=CC(NC(=O)C=3C=CC(OCC)=CC3)=C2)C4=C5C(=CC=C4)C=CC=C5,Morgan,0.40,Fc1ccc(cc1)C(=O)OCc1ccc(CSc2nnc(o2)-c2cccc3ccccc23)cc1
2952,TP53,0.85,O=C1N(C2=CC=C(OC)C=C2)CC(NC(=O)C3CCCCC3)C1,Morgan,0.26,CCS(=O)(=O)NCC[C@@H]1CC[C@@H](NC(=O)C2CCCCC2)[C@H](CO)O1
2953,TP53,0.83,O1C(=NC2=C1C=CC(NC(=O)C=3C=CC(OCC)=CC3)=C2)C4=C5C(=CC=C4)C=CC=C5,Morgan,0.40,Fc1ccc(cc1)C(=O)OCc1ccc(CSc2nnc(o2)-c2cccc3ccccc23)cc1
2954,TP53,0.85,S1C2=NC=NC(SC=3N(N=NN3)C)=C2C(C4=C(C(F)(F)F)C=CC=C4)=C1,Morgan,0.61,Cn1nnnc1Sc2ncnc3scc(c4cccc5ccccc45)c23
2955,TP53,0.83,O1C(=NC2=C1C=CC(NC(=O)C=3C=CC(OCC)=CC3)=C2)C4=C5C(=CC=C4)C=CC=C5,Morgan,0.40,Fc1ccc(cc1)C(=O)OCc1ccc(CSc2nnc(o2)-c2cccc3ccccc23)cc1
2956,TP53,0.85,S1C2=NC=NC(SC=3N(N=NN3)C)=C2C(C4=C(C(F)(F)F)C=CC=C4)=C1,Morgan,0.61,Cn1nnnc1Sc2ncnc3scc(c4cccc5ccccc45)c23
2957,TP53,0.00,C=1(C(=CC(=C(C1)OC=2C(=CC(=CC2)Br)Br)Br)Br)Br,Morgan,0.15,Brc1c(Br)c(Br)c2[nH]nnc2c1Br
2958,TP53,0.83,O1C(=NC2=C1C=CC(NC(=O)C=3C=CC(OCC)=CC3)=C2)C4=C5C(=CC=C4)C=CC=C5,Morgan,0.40,Fc1ccc(cc1)C(=O)OCc1ccc(CSc2nnc(o2)-c2cccc3ccccc23)cc1
2959,TP53,0.85,S1C2=NC=NC(SC=3N(N=NN3)C)=C2C(C4=C(C(F)(F)F)C=CC=C4)=C1,Morgan,0.61,Cn1nnnc1Sc2ncnc3scc(c4cccc5ccccc45)c23
2960,TP53,0.85,S1C2=NC=NC(SC=3N(N=NN3)C)=C2C(C4=C(C(F)(F)F)C=CC=C4)=C1,Morgan,0.61,Cn1nnnc1Sc2ncnc3scc(c4cccc5ccccc45)c23
2961,TP53,0.83,O1C(=NC2=C1C=CC(NC(=O)C=3C=CC(OCC)=CC3)=C2)C4=C5C(=CC=C4)C=CC=C5,Morgan,0.40,Fc1ccc(cc1)C(=O)OCc1ccc(CSc2nnc(o2)-c2cccc3ccccc23)cc1
2962,TP53,0.00,C=1(C(=CC(=C(C1)OC=2C(=CC(=CC2)Br)Br)Br)Br)Br,Morgan,0.15,Brc1c(Br)c(Br)c2[nH]nnc2c1Br
2963,TP53,0.87,S(=O)(=O)(N1CCN(C=2C=C3N(C=C(C(=O)C3=CC2F)C(=O)O)CC)CC1)C=4C=CC(NC(OC)=O)=CC4,Morgan,0.24,COc1c(N2CCNC(C)C2)c(F)cc2c1n(cc(C(O)=O)c2=O)C1CC1
2964,TP53,0.86,O1N=C(C(C(=O)N2CCN(C3=CC=C(OC)C=C3)CC2)=C1C)C=4C=CC=CC4,Morgan,0.36,COc1ccc(cc1)C2(CC2)C(=O)N3CCC(CC3)n4nc(oc4=O)c5ccccc5
2965,TP53,0.83,S(=O)(=O)(N1CCC(CC1)C)C=2C=C3N(C(=O)COC3=CC2)CC(=O)NCCN(C)C,Morgan,0.21,C[C@@H](CO)N1C[C@@H](C)[C@@H](CN(C)CC2CC2)OCCCC[C@@H](C)Oc3ccc(NS(=O)(=O)C)cc3C1=O
2966,TP53,0.83,O1C(=NC2=C1C=CC(NC(=O)C=3C=CC(OCC)=CC3)=C2)C4=C5C(=CC=C4)C=CC=C5,Morgan,0.40,Fc1ccc(cc1)C(=O)OCc1ccc(CSc2nnc(o2)-c2cccc3ccccc23)cc1
2967,TP53,0.85,S1C2=NC=NC(SC=3N(N=NN3)C)=C2C(C4=C(C(F)(F)F)C=CC=C4)=C1,Morgan,0.61,Cn1nnnc1Sc2ncnc3scc(c4cccc5ccccc45)c23
2968,TP53,0.85,O=C1N(C2=CC=C(OC)C=C2)CC(NC(=O)C3CCCCC3)C1,Morgan,0.26,CCS(=O)(=O)NCC[C@@H]1CC[C@@H](NC(=O)C2CCCCC2)[C@H](CO)O1
2969,TP53,0.83,O1C(=NC2=C1C=CC(NC(=O)C=3C=CC(OCC)=CC3)=C2)C4=C5C(=CC=C4)C=CC=C5,Morgan,0.40,Fc1ccc(cc1)C(=O)OCc1ccc(CSc2nnc(o2)-c2cccc3ccccc23)cc1
2970,TP53,0.83,O1C(=NC2=C1C=CC(NC(=O)C=3C=CC(OCC)=CC3)=C2)C4=C5C(=CC=C4)C=CC=C5,Morgan,0.40,Fc1ccc(cc1)C(=O)OCc1ccc(CSc2nnc(o2)-c2cccc3ccccc23)cc1
2971,TP53,0.83,O1C(=NC2=C1C=CC(NC(=O)C=3C=CC(OCC)=CC3)=C2)C4=C5C(=CC=C4)C=CC=C5,Morgan,0.40,Fc1ccc(cc1)C(=O)OCc1ccc(CSc2nnc(o2)-c2cccc3ccccc23)cc1
2972,TP53,0.67,O(C1=CC=2OC=C(C(=O)C2C(O)=C1)C3=CC=C(OC)C=C3)C4OC(C(O)C(O)C4O)CO,Morgan,0.82,OCC1OC(Oc2cc(O)c3c(=O)c(coc3c2)c4ccc(O)cc4)C(O)C(O)C1O
2973,TP53,0.85,S1C2=NC=NC(SC=3N(N=NN3)C)=C2C(C4=C(C(F)(F)F)C=CC=C4)=C1,Morgan,0.61,Cn1nnnc1Sc2ncnc3scc(c4cccc5ccccc45)c23
2974,TP53,0.00,C=1(C(=CC(=C(C1)OC=2C(=CC(=CC2)Br)Br)Br)Br)Br,Morgan,0.15,Brc1c(Br)c(Br)c2[nH]nnc2c1Br
2975,TP53,0.86,O1N=C(C(C(=O)N2CCN(C3=CC=C(OC)C=C3)CC2)=C1C)C=4C=CC=CC4,Morgan,0.36,COc1ccc(cc1)C2(CC2)C(=O)N3CCC(CC3)n4nc(oc4=O)c5ccccc5
2976,TP53,0.86,O1N=C(C(C(=O)N2CCN(C3=CC=C(OC)C=C3)CC2)=C1C)C=4C=CC=CC4,Morgan,0.36,COc1ccc(cc1)C2(CC2)C(=O)N3CCC(CC3)n4nc(oc4=O)c5ccccc5
2977,TP53,0.83,S(=O)(=O)(N1CCC(CC1)C)C=2C=C3N(C(=O)COC3=CC2)CC(=O)NCCN(C)C,Morgan,0.21,C[C@@H](CO)N1C[C@@H](C)[C@@H](CN(C)CC2CC2)OCCCC[C@@H](C)Oc3ccc(NS(=O)(=O)C)cc3C1=O
2978,TP53,0.83,O1C(=NC2=C1C=CC(NC(=O)C=3C=CC(OCC)=CC3)=C2)C4=C5C(=CC=C4)C=CC=C5,Morgan,0.40,Fc1ccc(cc1)C(=O)OCc1ccc(CSc2nnc(o2)-c2cccc3ccccc23)cc1
2979,TP53,0.85,S1C2=NC=NC(SC=3N(N=NN3)C)=C2C(C4=C(C(F)(F)F)C=CC=C4)=C1,Morgan,0.61,Cn1nnnc1Sc2ncnc3scc(c4cccc5ccccc45)c23
2980,TP53,0.83,O1C(=NC2=C1C=CC(NC(=O)C=3C=CC(OCC)=CC3)=C2)C4=C5C(=CC=C4)C=CC=C5,Morgan,0.40,Fc1ccc(cc1)C(=O)OCc1ccc(CSc2nnc(o2)-c2cccc3ccccc23)cc1
2981,TP53,0.86,O1N=C(C(C(=O)N2CCN(C3=CC=C(OC)C=C3)CC2)=C1C)C=4C=CC=CC4,Morgan,0.36,COc1ccc(cc1)C2(CC2)C(=O)N3CCC(CC3)n4nc(oc4=O)c5ccccc5
2982,TP53,0.83,O1C(=NC2=C1C=CC(NC(=O)C=3C=CC(OCC)=CC3)=C2)C4=C5C(=CC=C4)C=CC=C5,Morgan,0.40,Fc1ccc(cc1)C(=O)OCc1ccc(CSc2nnc(o2)-c2cccc3ccccc23)cc1
2983,TP53,0.83,O1C(=NC2=C1C=CC(NC(=O)C=3C=CC(OCC)=CC3)=C2)C4=C5C(=CC=C4)C=CC=C5,Morgan,0.40,Fc1ccc(cc1)C(=O)OCc1ccc(CSc2nnc(o2)-c2cccc3ccccc23)cc1
2984,TP53,0.00,C=1(C(=CC(=C(C1)OC=2C(=CC(=CC2)Br)Br)Br)Br)Br,Morgan,0.15,Brc1c(Br)c(Br)c2[nH]nnc2c1Br
2985,TP53,0.00,C=1(C(=CC(=C(C1)OC=2C(=CC(=CC2)Br)Br)Br)Br)Br,Morgan,0.15,Brc1c(Br)c(Br)c2[nH]nnc2c1Br
2986,TP53,0.83,S(=O)(=O)(N1CCC(CC1)C)C=2C=C3N(C(=O)COC3=CC2)CC(=O)NCCN(C)C,Morgan,0.21,C[C@@H](CO)N1C[C@@H](C)[C@@H](CN(C)CC2CC2)OCCCC[C@@H](C)Oc3ccc(NS(=O)(=O)C)cc3C1=O
2987,TP53,0.00,C=1(C(=CC(=C(C1)OC=2C(=CC(=CC2)Br)Br)Br)Br)Br,Morgan,0.15,Brc1c(Br)c(Br)c2[nH]nnc2c1Br
2988,TP53,0.83,O1C(=NC2=C1C=CC(NC(=O)C=3C=CC(OCC)=CC3)=C2)C4=C5C(=CC=C4)C=CC=C5,Morgan,0.40,Fc1ccc(cc1)C(=O)OCc1ccc(CSc2nnc(o2)-c2cccc3ccccc23)cc1
2989,TP53,0.77,O1C(=NN=C1CN2CC(N(C3=CC(=CC=C3)C)CC2)C)C=4C(=CC=CC4)C,Morgan,0.23,C[C@@H](CO)N1C[C@@H](C)[C@H](CN(C)C(=O)CC2CC2)Oc3ncc(cc3C1=O)c4ccccc4C
2990,TP53,0.83,O1C(=NC2=C1C=CC(NC(=O)C=3C=CC(OCC)=CC3)=C2)C4=C5C(=CC=C4)C=CC=C5,Morgan,0.40,Fc1ccc(cc1)C(=O)OCc1ccc(CSc2nnc(o2)-c2cccc3ccccc23)cc1
2991,TP53,0.85,O=C1N(C2=CC=C(OC)C=C2)CC(NC(=O)C3CCCCC3)C1,Morgan,0.26,CCS(=O)(=O)NCC[C@@H]1CC[C@@H](NC(=O)C2CCCCC2)[C@H](CO)O1
2992,TP53,0.85,O=C1N(C2=CC=C(OC)C=C2)CC(NC(=O)C3CCCCC3)C1,Morgan,0.26,CCS(=O)(=O)NCC[C@@H]1CC[C@@H](NC(=O)C2CCCCC2)[C@H](CO)O1
2993,TP53,0.85,S1C2=NC=NC(SC=3N(N=NN3)C)=C2C(C4=C(C(F)(F)F)C=CC=C4)=C1,Morgan,0.61,Cn1nnnc1Sc2ncnc3scc(c4cccc5ccccc45)c23
2994,TP53,0.83,O1C(=NC2=C1C=CC(NC(=O)C=3C=CC(OCC)=CC3)=C2)C4=C5C(=CC=C4)C=CC=C5,Morgan,0.40,Fc1ccc(cc1)C(=O)OCc1ccc(CSc2nnc(o2)-c2cccc3ccccc23)cc1
2995,TP53,0.00,C=1(C(=CC(=C(C1)OC=2C(=CC(=CC2)Br)Br)Br)Br)Br,Morgan,0.15,Brc1c(Br)c(Br)c2[nH]nnc2c1Br
2996,TP53,0.00,C=1(C(=CC(=C(C1)OC=2C(=CC(=CC2)Br)Br)Br)Br)Br,Morgan,0.15,Brc1c(Br)c(Br)c2[nH]nnc2c1Br
2997,TP53,0.00,C=1(C(=CC(=C(C1)OC=2C(=CC(=CC2)Br)Br)Br)Br)Br,Morgan,0.15,Brc1c(Br)c(Br)c2[nH]nnc2c1Br
2998,TP53,0.00,C=1(C(=CC(=C(C1)OC=2C(=CC(=CC2)Br)Br)Br)Br)Br,Morgan,0.15,Brc1c(Br)c(Br)c2[nH]nnc2c1Br
2999,TP53,0.85,O=C1N(C2=CC=C(OC)C=C2)CC(NC(=O)C3CCCCC3)C1,Morgan,0.26,CCS(=O)(=O)NCC[C@@H]1CC[C@@H](NC(=O)C2CCCCC2)[C@H](CO)O1
