Knock-out Genes,Method Names,Morgan Scores,The Most Similar Inhibitors,Result Mols
AKT1,Cosine Search,0.22,C1=C(C[C@@H](N)C(N2CCN(CC2)C3=C4C(N=CN3)=CC=N4)=O)C=CC(Cl)=C1,CCOC(=O)N1CCC(CC1)=C1c2ccc(Cl)cc2CCc2cccnc12
AKT1,Cosine Search,0.24,O=C1N(C(=O)C=2C1=CC=CC2)C=3C=C(O)C(=CC3)C(=O)O,C[C@H](CO)N1C[C@@H](C)[C@@H](CN(C)S(=O)(=O)C)OCc2ccccc2-c3ccccc3C1=O
AKT1,Cosine Search,0.27,S1C=2C=C(C=3N=C(NC(C4=CC=CC=C4)(C)C)N=CC3)C=CC2N=C1NC(=O)C,CN(C(=O)OC(C)(C)C)c1ccc(cc1)c2nc3ccccc3s2
AKT1,Cosine Search,0.36,S1C(C(=O)NC1=O)=CC=2C=C(OC)C(O)=CC2,O=C1NC(=O)C(S1)=Cc1ccc2nccc(-c3ccncc3)c2c1
AKT1,Cosine Search,0.22,C=1(C=NNC1)C2=CC=C(NC(C3OC4=C(OC3)C=CC=C4)=O)C(=C2)OC,CO[C@H]1CN(C)C(=O)c2ccc(NC(=O)c3nc4ccccc4s3)cc2OC[C@@H](C)NC[C@H]1C
AKT1,Cosine Search,0.26,ClC=1C(CC(=O)NC2=CC=3NN=CC3C=C2)=CC=CC1,CO[C@H](CN(C)C(=O)Nc1ccc(F)cc1)[C@@H](C)CN(Cc1ccccc1Cl)[C@@H](C)CO
AKT1,Cosine Search,0.24,ClC1=C(OCC)N=C(C(=O)NCC=2C(S(=O)(=O)N)=CC=CC2)C=C1N,CC1Nc2cc(Cl)c(cc2C(=O)N1c1ccccc1C)S(N)(=O)=O
AKT1,Cosine Search,0.39,C=1(C=CC(=C(C1)OC)OC)S(=O)(NC2=CC(=C(C=3C=CC=CC23)O)SC=4N=CN=C5N=CNC45)=O,Oc1c(Sc2cccc3cccnc23)cc(NS(=O)(=O)c4ccc(Cl)cc4)c5ccccc15
AKT1,Cosine Search,0.24,ClC1=C(OCC)N=C(C(=O)NCC=2C(S(=O)(=O)N)=CC=CC2)C=C1N,CC1Nc2cc(Cl)c(cc2C(=O)N1c1ccccc1C)S(N)(=O)=O
AKT1,Cosine Search,0.28,S(=O)(=O)(N(C)C)C=1C(C=2C=C3NC=4C(NC(=O)C3=CC2)=CC=CC4)=CC=CC1,C[C@@H](CO)N1C[C@@H](C)[C@@H](CN(C)S(=O)(=O)c2ccccc2F)OCc3ccccc3-c4ccccc4C1=O
AKT1,Cosine Search,0.27,C1=CC(=C2C(=C1Cl)N(C(=C2)C(OC)=O)C)OC[C@@H](N)CC3=CC=CC=C3,C[C@H](NC[C@H](O)CP(O)(=O)Cc1ccccc1)c1ccc(Cl)c(Cl)c1
AKT1,Cosine Search,0.23,O=C1N(C(=O)C=2C1=CC=CC2)C=3C=C(O)C(=CC3)C(=O)O,C[C@H](CO)N1C[C@H](C)[C@H](CN(C)C(=O)Nc2c(C)noc2C)OCc3ccccc3-c4ccccc4C1=O
AKT1,Cosine Search,0.26,C1=C(C2=C(C=C1O)OC(C(C2=O)=O)C3=CC=C(C(=C3)O)O)O,Cc1cc(O)cc2oc3cc(O)cc(O)c3c(=O)c12
AKT1,Cosine Search,0.2,C=1C(=CC=C2OCOC12)C=3N=C(NC3C4=CC=CC(=N4)C)C(C)(C)C,C[C@H](CO)N1C[C@H](C)[C@H](CN(C)C(=O)Nc2ccc3OCOc3c2)OCCCC[C@@H](C)Oc4ccc(cc4C1=O)N(C)C
AKT1,Cosine Search,0.25,C=1C=NC2=C(C1)N=C(N2C3=CC=C(C=C3)C(C)(C)C)C=4C=CC=NC4N,CC(C)(C)NC(=O)[C@H](N(C(=O)c1ccco1)c1ccc(cc1)C(C)(C)C)c1cccnc1
AKT1,Cosine Search,0.2,C1CCC(C(=O)N(C2=CC=C3C(N=C(N3C)NC(C=4C=CC(=CC4)C#N)=O)=C2)C)CC1,OC[C@H]1N[C@H](C#N)[C@@H]1c1ccc(cc1)C#CC1CCCCC1
AKT1,Cosine Search,0.31,O=C1N(C(=O)C=2C1=CC=CC2)C=3C=C(O)C(=CC3)C(=O)O,OC(=O)c1ccccc1-c1noc(n1)-c1ccccc1F
AKT1,Cosine Search,0.22,ClC1=C(F)C=C([C@H](C(=O)N2CCN(C=3N=CN=C4C3[C@@H](C[C@H]4O)C)CC2)CNC5CCOCC5)C=C1,CN1CCN(CC1)C(=O)C[C@@H]1CC[C@@H]2[C@H](COC[C@@H](O)CN2Cc2cccc(F)c2)O1
AKT1,Cosine Search,0.24,S(=O)(=O)(N(C1=NC(C2=CC=3SC(=NC3C=C2)NC(=O)C)=CC=N1)C)C4=CC=C(OC)C=C4,COCC#Cc1ccc2c(O[C@@H](CN(C)S(=O)(=O)c3ccc(OC)cc3)[C@@H](C)CN([C@H](C)CO)S2(=O)=O)c1
AKT1,Cosine Search,0.23,C(N1CCC[C@@]2(CCN(C=3N=CN=C(C3C4CC4)N)C2)C1)[C@H](O)CNS(C5=CC=CC=C5C)(=O)=O,Cc1ccccc1S(=O)(=O)NCC[C@H]1CC[C@@H](NS(=O)(=O)c2ccccc2C)[C@H](CO)O1
AKT1,Cosine Search,0.2,O1[C@@H]([C@H](O)CC1=O)C=2C(=O)C=3C(C(=O)C2)=CC=CC3,Nc1cccc2C(=O)N(Cc12)C1CCC(=O)NC1=O
AKT1,Cosine Search,0.16,C12(CN(C[C@@H](CN(CCCCC)S(C=3C(=NOC3C)C)(=O)=O)O)CCC1)OC=4C=CC(=CC4C(C2)=O)O,CC1=CC[C@@H]2[C@@H](C1)c3c(O)cc(CC#CCCCNS(=O)(=O)C)cc3OC2(C)C
AKT1,Cosine Search,0.23,ClC1=CC=C(CC(=O)NC2=NNC3=C2CCC3)C=C1,CC(=O)Nc1ccc(CC(O)=O)cc1
AKT1,Cosine Search,0.31,COC1=CC=C(COC2=CC=C(CC3=CN=C(N)N=C3N)C=C2OC)C=C1,COc1ccc(Cc2nccc3cc(OC)c(OC)cc23)cc1OC
AKT1,Cosine Search,0.22,ClC=1C(Cl)=CC=C(C1)CNC(=O)NC2=CC=3C(=NNC3)C=C2,Clc1ccc(/C=C/C(=O)NC2=NCCS2)cc1Cl
AKT1,Cosine Search,0.27,SC1=C2C(=NC=3C1=CC=CC3)C(OC)=CC=C2OC,COc1ccc2c(OC)c3ccoc3nc2c1OC
AKT1,Cosine Search,0.18,C=1C=NC=2N(C=C(C=3C(NC(C3C4=CN=CC=N4)=O)=O)C2C1)CCCO,C[C@@H](CO)N1C[C@@H](C)[C@@H](CN(C)C(=O)c2cnccn2)Oc3ncc(C#CCN(C)C)cc3C1=O
AKT1,Cosine Search,0.3,S=C(NNC(=O)C(O)(C1=CC=CC=C1)C2=CC=CC=C2)NC=3C=CC(F)=CC3,CC(C)(C)c1ccc(cc1)C(O)CCCN1CCC(CC1)C(O)(c1ccccc1)c1ccccc1
AKT1,Cosine Search,0.27,O=C(NC(C1=CC=CC=C1)C)C2=CC=C(C=3C=CN=CC3)C=C2,C[C@@H](NC(=O)C[C@H]1CC[C@@H](NS(=O)(=O)c2cccc(F)c2)[C@@H](CO)O1)c1ccccc1
AKT1,Cosine Search,0.21,S1C2=C(C(C=3C=C4OCOC4=CC3)=C1)C(=NC=C2C=CC(=O)NC)N,CN1CCc2cc3OCOc3cc2C(=O)Cc4ccc5OCOc5c4C1
AKT1,Cosine Search,0.23,S(=O)(=O)(N(C)C)C=1C(C=2C=C3NC=4C(NC(=O)C3=CC2)=CC=CC4)=CC=CC1,C[C@H](CO)N1C[C@@H](C)[C@@H](CN(C)S(=O)(=O)c2cn(C)cn2)OCc3ccccc3-c4c(C1=O)n(C)c5ccccc45
AKT1,Cosine Search,0.28,N=1C=CC=C2C1OC3=C2N=C(N=C3N4CCOCC4)C=5C=CC=C(O)C5,COc1ccc(cc1CO)-c1ccc2c(nc(nc2n1)N1C[C@H](C)O[C@H](C)C1)N1CCOCC1
AKT1,Cosine Search,0.14,C=1C(C(NCC2=CC=CC=C2S(N)(=O)=O)=O)=NC(=C(C#N)C1N)OCC,CCN[C@H]1CN(CCCOC)S(=O)(=O)c2sc(cc12)S(N)(=O)=O
AKT1,Cosine Search,0.26,S1C=2C(C(C3=CC=C(NC(=O)NC4=CC(=CC=C4)C)C=C3)=C1)=C(N=CC2C#CCN5CCCC5)N,CN1[C@@H]2CC[C@H](CC(=O)NCCN3CCCCC3)O[C@@H]2COc2ccc(NC(=O)Nc3ccc(Cl)cc3)cc2C1=O
AKT1,Cosine Search,0.29,O=C(NC1=CC=C(C=2C=C(C=CC2)C(=O)N)C=C1)NC3=CC(=CC=C3)C,Cc1cccc(c1)S(=O)(=O)N1C[C@@H](O)COC[C@@H]2O[C@H](CC(=O)Nc3ccc(cc3)-c3ccccc3)CC[C@@H]12
AKT1,Cosine Search,0.27,FC(F)(F)C1=CC(NC(=O)NC2=CC=C(C3=C4C(NN=C4C)=CC=C3)C=C2)=CC=C1,C[C@@H](CO)N1C[C@@H](C)[C@@H](CN(C)C(=O)Nc2ccc(cc2)C(F)(F)F)Oc3ccc(NC(=O)Cc4ccccc4)cc3C1=O
AKT1,Cosine Search,0.27,FC(F)(F)C1=CC(NC(=O)NC2=CC=C(C3=C4C(NN=C4C)=CC=C3)C=C2)=CC=C1,C[C@@H](CO)N1C[C@@H](C)[C@@H](CN(C)C(=O)Nc2ccc(cc2)C(F)(F)F)Oc3ccc(NC(=O)Cc4ccccc4)cc3C1=O
AKT1,Cosine Search,0.28,ClC1=CC=C(C=C1)NC(=O)C2=C(NCC3=CC=NC=C3)C=CC=C2,COc1ccccc1C(=O)Nc1ccc2OC[C@H]3O[C@@H](CC(=O)NCCc4ccncc4)CC[C@H]3N(C)C(=O)c2c1
AKT1,Cosine Search,0.27,ClC=1C(OC)=CC(OC)=C(NC2=NN3C(=NN=C3C=C2)C=4C=CC=CC4)C1,COc1ccc(cc1OCC2CC2)C3=Nn4c(nnc4SC3)c5ccccc5Cl
AKT1,Cosine Search,0.19,FC(F)(F)C=1C(=NC(NC2=CC=3C4N(C(C3C=C2)CC4)C(=O)CNC(=O)C)=NC1)NC5CCC5,OC[C@@H]1[C@H]2Cn3c(cccc3=O)[C@H]2N([C@H]1C(=O)NCC(F)(F)F)C(=O)C1CC1
AKT1,Cosine Search,0.17,P(O)(=O)(OCC[N+](C)(C)C)OCCCCCCCCCCCCCCCC,C[C@H](O)[C@H](C)[C@@H]1O[C@H]1C[C@H]1CO[C@@H](CC(C)=CC(=O)OCCCCCCCCC(O)=O)[C@H](O)[C@@H]1O
AKT1,Cosine Search,0.2,C=1(N=CN=C2[C@@H](C[C@H](C21)C)O)N3CCN(C(=O)[C@H](CNC4CCCCC4)C=5C=CC(=CC5)Cl)CC3,OC[C@@H]1O[C@@H](CC(=O)N2CCOCC2)C=C[C@@H]1NC(=O)NC1CCCCC1
AKT1,Cosine Search,0.27,N=1C=C(N(=O)=O)C(NC2=CC=CC=C2C(N)=O)=NC1NC=3C=C(C(=C(C3)OC)OC)OC,COc1cc(cc(OC)c1OC)C(=O)O
AKT1,Cosine Search,0.16,ClC1=CC=C([C@H](C(=O)N2CCN(C=3N=CN=C4C3[C@@H](C[C@H]4O)C)CC2)CN(C(C)C)C)C=C1,C/C=C/c1cnc2O[C@@H](CN(C)S(=O)(=O)c3cn(C)cn3)[C@H](C)CN([C@@H](C)CO)C(=O)c2c1
AKT1,Cosine Search,0.27,FC(F)(F)C1=CC(NC(=O)NC2=CC=C(C3=C4C(NN=C4C)=CC=C3)C=C2)=CC=C1,C[C@@H](CO)N1C[C@@H](C)[C@@H](CN(C)C(=O)Nc2ccc(cc2)C(F)(F)F)Oc3ccc(NC(=O)Cc4ccccc4)cc3C1=O
AKT1,Cosine Search,0.25,OC(=O)C1=C2C(NC3=C1C=CC=C3)=C(C=C2)C4CCCC4,COC(=O)[C@H]1[C@@H](O)CC[C@H]2CN3CCc4c([nH]c5ccccc45)[C@@H]3C[C@H]12
AKT1,Cosine Search,0.32,N1(N(C(C(=C1C)C(=O)NC2=CC(=C(C=C2)OC=3C=CN=C4C=C(C(=CC34)OC)OC)F)=O)C=5C=CC=CC5)C,Cc1c(NC(=O)c2cccnc2)c(=O)n(-c2ccccc2)n1C
AKT1,Cosine Search,0.39,P(O)(=O)(OCC[N+](C)(C)C)OCCCCCCCCCCCCCCCC,CCCCCCCCCCCCCCCC(=O)OC[C@H](O)[C@@H]1OC(=O)C(=O)C1O
AKT1,Cosine Search,0.32,C1(=CC=C2N=CN=C(C2=C1)NCCC3=CC=C(C=C3)OC4=CC=CC=C4)N,C[C@@H](CO)N1C[C@H](C)[C@@H](CN(C)Cc2ccc(Oc3ccccc3)cc2)Oc4ncc(cc4C1=O)c5cncnc5
AKT1,Cosine Search,0.34,N=1NC=C(C1C2=CC=CC=C2)C=3C=CN=CC3,c1[nH]nc(c1-c1ccnc2ccccc12)-c1ccccn1
AKT1,Cosine Search,0.16,C1(=CC=CC=C1)C[C@@H](COC=2C=NC=C(C=3C=CC4=C(C(C(N4)=O)CC=5OC=CC5)C3)C2)N,Nn1c(=O)c(Cc2ccco2)n[nH]c1=S
AKT1,Cosine Search,0.17,P(O)(=O)(OCC[N+](C)(C)C)OCCCCCCCCCCCCCCCC,C[C@H](O)[C@H](C)[C@@H]1O[C@H]1C[C@H]1CO[C@@H](CC(C)=CC(=O)OCCCCCCCCC(O)=O)[C@H](O)[C@@H]1O
AKT1,Cosine Search,0.26,ClC1=C2C(NC(=O)C=3C=CC(=CC3)C)=C(SC2=CC=C1Cl)C#N,Cc1ccc(cc1)C(=O)/N=c2/cccc[nH]2
AKT1,Cosine Search,0.45,OC=1C=C(C=C(C(=O)NCC2=CC=CC=C2)C#N)C=CC1O,Oc1ccc(/C=C(C#N)/C(=O)c2ccc(O)c(O)c2)cc1O
AKT1,Cosine Search,0.42,OC=1N2C(=NC=3C2=CC=CC3)C(=C(C1C=C4C(=O)N(N=C4C)C=5C=CC(=CC5)C(=O)O)C)C#N,CC1=NN(C(=O)C1=Cc1ccc(o1)-c1cc(C)c(C)cc1[N+]([O-])=O)c1ccc(cc1)C(O)=O
AKT1,Cosine Search,0.23,ClC1=CC=C(CC(=O)NC2=NNC3=C2CCC3)C=C1,CC(=O)Nc1ccc(CC(O)=O)cc1
AKT1,Cosine Search,0.18,C1C[C@@]2([C@@H]([C@]([C@@H]1O)(C)CO)CCC([C@H]2C=CC3C(OC[C@H]3O)=O)=C)C,C[C@@H]([C@H]1CC[C@H]2[C@@H]3C[C@H]4O[C@]45[C@@H](O)C=CC(=O)[C@]5(C)[C@H]3CC[C@]12C)[C@H]6CC(=C(CO)C(=O)O6)C
AKT1,Cosine Search,0.22,O=C(NC=1C=CC(C2=NN(C=3N=CN=C(N)C32)C4CCC(N5CCN(CC5)C(=O)C)CC4)=CC1)C=6N(C=7C(C6)=CC=CC7)C,CN1CCN(CC1)C(=O)C[C@@H]1CC[C@H]2[C@@H](COc3ccc(NC(=O)c4cscn4)cc3C(=O)N2C)O1
AKT1,Cosine Search,0.25,ClC1=CC=C(CC(=O)NC2=NNC3=C2CCC3)C=C1,COC(=O)c1ccc(CSc2nc3CCCc3c(O)n2)cc1
AKT1,Cosine Search,0.22,C1(=CC=C2C(=C1)/C(/C(N2)=O)=C/C3=CC=C(C=C3)OCCN(CC)CC)Cl,CCOC(=O)[C@@]1(CCCCCCOc2ccc(Cl)cc2)CO1
AKT1,Cosine Search,0.2,ClC1=C2C(NC(=O)C)=C(SC2=CC=C1Cl)C(=O)N,CCC(=C)C(=O)c1ccc(OCC(O)=O)c(Cl)c1Cl
AKT1,Cosine Search,0.2,C(N=C(CC=1C=CC=CC1)C(=CC)O)(=O)OC(C)(C)C,CC(C)[N+]1(C)[C@@H]2CC[C@@H]1C[C@H](C2)OC(=O)C(CO)c3ccccc3
AKT1,Cosine Search,0.23,C1(CNC(=O)C=2C=CC(=CC2)F)(N)CN(CC1)C3=C4C(C)=CNC4=NC=N3,Cc1noc(C)c1NC(=O)NCC[C@H]1CC[C@H](NC(=O)c2ccc(F)cc2)[C@H](CO)O1
AKT1,Cosine Search,0.68,C1(=CC2=C(C=C1)NC(=C2)C(=O)C=3NC4=C(C3)C=C(C=C4)O)O,Oc1ccc2[nH]c(cc2c1)C(=O)c3cc4ccccc4[nH]3
AKT1,Cosine Search,0.16,C1(=CC=CC=C1)C[C@@H](COC=2C=NC=C(C=3C=CC4=C(C(C(N4)=O)CC=5OC=CC5)C3)C2)N,Nn1c(=O)c(Cc2ccco2)n[nH]c1=S
AKT1,Cosine Search,0.34,O=C(NC=1N(N=C(C1)C(C)(C)C)C=2C=C(C=CC2)C(=O)NCC#N)NC=3C=4C(C=CC3)=CC=CC4,C[C@H](CO)N1C[C@H](C)[C@@H](CN(C)Cc2ccc(cc2)C(=O)O)Oc3c(NC(=O)Nc4cccc5ccccc45)cccc3C1=O
AKT1,Cosine Search,0.17,P(O)(=O)(OCC[N+](C)(C)C)OCCCCCCCCCCCCCCCC,C[C@H](O)[C@H](C)[C@@H]1O[C@H]1C[C@H]1CO[C@@H](CC(C)=CC(=O)OCCCCCCCCC(O)=O)[C@H](O)[C@@H]1O
AKT1,Cosine Search,0.17,P(O)(=O)(OCC[N+](C)(C)C)OCCCCCCCCCCCCCCCC,C[C@H](O)[C@H](C)[C@@H]1O[C@H]1C[C@H]1CO[C@@H](CC(C)=CC(=O)OCCCCCCCCC(O)=O)[C@H](O)[C@@H]1O
AKT1,Cosine Search,0.24,S(=O)(=O)(N(C1=NC(C2=CC=3SC(=NC3C=C2)NC(=O)C)=CC=N1)C)C4=CC=C(OC)C=C4,COCC#Cc1ccc2c(O[C@@H](CN(C)S(=O)(=O)c3ccc(OC)cc3)[C@@H](C)CN([C@@H](C)CO)S2(=O)=O)c1
AKT1,Cosine Search,0.25,O=C(NC=1C=C(C=CC1)C)CC2=CC=C(C3=C4C(NN=C4N)=CC=C3)C=C2,C[C@@H](CO)N1C[C@H](C)[C@@H](CN(C)Cc2ccc(cc2)C(F)(F)F)Oc3ccc(NC(=O)Cc4ccccc4)cc3CC1=O
AKT1,Cosine Search,0.36,O=C1C(=NC=2C=CN=CC2)C(NCCC3=CC=C(OC4=CC=CC=C4)C=C3)C1=O,C[C@H](CO)N1C[C@@H](C)[C@H](CN(C)Cc2ccc(Oc3ccccc3)cc2)Oc4c(NC(=O)c5ccncc5)cccc4C1=O
AKT1,Cosine Search,0.33,C=1(NC2=CC=CC=C2N1)NN=CC3=CNC4=C3C=CC=C4,C(Cn1c2ccccc2c3ccccc13)c4nc5ccccc5[nH]4
AKT1,Cosine Search,0.2,O1C2=CC=3C=4[N+](=CC=5C(C4C=CC3C=C2OC1)=CC=C(OC)C5OC)C,COc1cc(cc(OC)c1O)[C@H]2[C@@H]3C(OCC3=O)C(OC4OC5COC(C)OC5C(O)C4O)c6cc7OCOc7cc26
AKT1,Cosine Search,0.24,C1=CC2=C(N=C(N2CCN3CCOCC3)NC(=O)C=4C=CC=C(C4)N(=O)=O)C=C1,OC[C@@H]1O[C@H](CC(=O)NCCCN2CCOCC2)C=C[C@@H]1NS(=O)(=O)c1ccccc1F
AKT1,Cosine Search,0.2,S1C(C2=CC=C(N3N=CC=C3)C=C2)=C(N=C1NC(=O)NCCC(=O)NC4=NOC(=C4)C)C,CCOC(=O)CSC1=N/C(=C/c2ccc(cc2)n3cncn3)/C(=O)N1C(=O)C
AKT1,Cosine Search,0.2,C=1C(=CC=C2OCOC12)C=3N=C(NC3C4=CC=CC(=N4)C)C(C)(C)C,C[C@H](CO)N1C[C@H](C)[C@H](CN(C)C(=O)Nc2ccc3OCOc3c2)OCCCC[C@@H](C)Oc4ccc(cc4C1=O)N(C)C
AKT1,Cosine Search,0.2,C1=CC(=CC=2C1=CN=CC2)C(N[C@H](C3CCN(CC3)CC(C)C)C4=CC(=C(C=C4)Cl)Cl)=O,CC(C)CN1CCN(CC1)C(=O)COC(=O)c1ccc(c(c1)[N+]([O-])=O)S(C)(=O)=O
AKT1,Cosine Search,0.31,COC1=CC=C(COC2=CC=C(CC3=CN=C(N)N=C3N)C=C2OC)C=C1,COc1ccc(Cc2nccc3cc(OC)c(OC)cc23)cc1OC
AKT1,Cosine Search,0.26,C(N[C@H](C(=O)NCCN1C(C=CC1=O)=O)CC=2C=CC=CC2)(=O)OC(C)(C)C,CC(C)C[C@H](NC(=O)[C@H](CC(C)C)NC(=O)[C@H](CC(C)C)NC(=O)OCc1ccccc1)C=O
AKT1,Cosine Search,0.28,C=1C=C(C=CC1C[C@@H](N)C(N2CCN(CC2)C=3C4=C(N=CN3)C=CC=C4)=O)OC,COc1ccc(C[C@H](N)C(=O)N[C@@H]2[C@@H](CO)OC([C@@H]2O)n2cnc3c(ncnc23)N(C)C)cc1
AKT1,Cosine Search,0.2,C1=CC(=CC=2C1=CN=CC2)C(N[C@H](C3CCN(CC3)CC(C)C)C4=CC(=C(C=C4)Cl)Cl)=O,CC(C)CN1CCN(CC1)C(=O)COC(=O)c1ccc(c(c1)[N+]([O-])=O)S(C)(=O)=O
AKT1,Cosine Search,0.24,ClC1=C(OCC)N=C(C(=O)NCC=2C(S(=O)(=O)N)=CC=CC2)C=C1N,CC1Nc2cc(Cl)c(cc2C(=O)N1c1ccccc1C)S(N)(=O)=O
AKT1,Cosine Search,0.33,C=1(NC2=CC=CC=C2N1)NN=CC3=CNC4=C3C=CC=C4,C(Cn1c2ccccc2c3ccccc13)c4nc5ccccc5[nH]4
AKT1,Cosine Search,0.25,OC1CCN(C2=NC=NC=3NC=C(C23)C=4C=CC=CC4)CC1,OC[C@H]1[C@@H]2Cn3c(ccc(-c4ccccc4)c3=O)[C@@H](N2)[C@@H]1C(=O)N1CCCCC1
AKT1,Cosine Search,0.29,O=C(NC1=CC=C(C=2C=C(C=CC2)C(=O)N)C=C1)NC3=CC(=CC=C3)C,Cc1cccc(c1)S(=O)(=O)N1C[C@@H](O)COC[C@@H]2O[C@H](CC(=O)Nc3ccc(cc3)-c3ccccc3)CC[C@@H]12
AKT1,Cosine Search,0.12,O(C=1N=C(NC(=O)C)C=C(N)C1C#N)CCC,CCCC(CCC)C(O)=O
AKT1,Cosine Search,0.21,C=1(C=CC(=CC1)OC)/C(/C(=O)O)=C\C2=CN(C=3C=CC(=CC23)OCC=4C=CC=CC4)C(=O)C,CCCCc1ncc(C=C(/Cc2cccs2)C(O)=O)n1Cc1ccc(cc1)C(O)=O
AKT1,Cosine Search,0.29,C1=CC2=C(N=C(N2CCN3CCOCC3)NC(=O)C=4C=CC=C(C4)N(=O)=O)C=C1,Fc1ccccc1C(=O)C(CN1CCOCC1)c1ccccc1
AKT1,Cosine Search,0.2,C=1C=CC=C(C(NCCCC(NC2OC(C(C(C2O)O)O)CO)=O)=O)C1,Cc1ccc(cc1)S(=O)(=O)NCC[C@H]1CC[C@H](NC(=O)CC2CC2)[C@H](CO)O1
AKT1,Cosine Search,0.15,C1C[C@@]2([C@@H]([C@]([C@@H]1O)(C)CO)CCC([C@H]2C=CC3C(OC[C@H]3O)=O)=C)C,CC1(C)O[C@@H]2CC3C4C[C@H](F)C5=CC(=O)C=C[C@]5(C)[C@@]4(F)[C@@H](O)C[C@]3(C)[C@@]2(O1)C(=O)CO
AKT1,Cosine Search,0.17,S(=O)(=O)(NC1=CC=C(C=2C=C3C(NN=C3NC(=O)C)=CC2)C=C1)CCC,CCCN1C[C@@H](C)[C@H](CN(C)C(=O)c2ccc(NS(=O)(=O)c3cn(C)cn3)cc2OC[C@@H]1C)OC
AKT1,Cosine Search,0.19,C12(CN(CCC1)CC(CN(S(C=3C(=NOC3C)C)(=O)=O)CC4=CC=CC=C4)O)OC=5C=CC(=CC5C(C2)=O)O,C[C@H]1[C@H]2[C@H](Cc3ccccc3)NC(=O)[C@]22OC(=O)C=C[C@H](O)CCC[C@@H](C)CC=C[C@H]2[C@H](O)C1=C
AKT1,Cosine Search,0.24,C(N[C@H](C(=O)NCCN1C(C=CC1=O)=O)CC=2C=CC=CC2)(=O)OC(C)(C)C,CCOC(=O)[C@H](CCc1ccccc1)N[C@@H](C)C(=O)N1Cc2ccccc2C[C@H]1C(O)=O
AKT1,Cosine Search,0.15,C1C[C@@]2([C@@H]([C@]([C@@H]1O)(C)CO)CCC([C@H]2C=CC3C(OC[C@H]3O)=O)=C)C,CC[C@@]12CCC3C(CCC4=CC(=O)CC[C@H]34)C2CC[C@@]1(O)C#C
AKT1,Cosine Search,0.22,OCCCN1C(=C(N=C1)C2=CC=CC=C2)C=3C=CN=CC3,CN(C)C(=O)[C@@H]1[C@@H](CO)[C@@H]2Cn3c(ccc(-c4ccccc4)c3=O)[C@@H]2N1CCC(F)(F)F
AKT1,Cosine Search,0.29,O=C(NC1=NNC2=NC=3C(C=C21)=CC=CC3)CCC,CNC(=O)CCc1cc2ccccc2[nH]1
AKT1,Cosine Search,0.25,C1(CNC(=O)C=2C=CC=CC2F)(N)CN(CC1)C3=C4C(C)=CNC4=NC=N3,Cc1ccc(cc1)S(=O)(=O)N[C@@H]1CC[C@H](CCNC(=O)c2ccccc2F)O[C@@H]1CO
AKT1,Cosine Search,0.2,C=1C=CC=C(C(NCCCC(NC2OC(C(C(C2O)O)O)CO)=O)=O)C1,Cc1ccc(cc1)S(=O)(=O)NCC[C@H]1CC[C@H](NC(=O)CC2CC2)[C@H](CO)O1
AKT1,Cosine Search,0.23,O(C(=O)N1C=2C(C(C=3N(C4CCCCC4)C=NC3)=C1)=CC=CC2)C(C)(C)C,COC(=O)N1N(C(=O)OC)[C@](C2CCCC2)(C1=O)c3ccccc3
AKT1,Cosine Search,0.22,FC=1C(CNC2C(=NC=3C=CN=CC3)C(=O)C2=O)=CC=CC1,OC[C@H]1O[C@@H](CC(=O)NCc2ccccc2F)C[C@H]3[C@@H]1Oc4ccc(NC(=O)NC5CCCC5)cc34
AKT1,Euclidean Search,0.3,C=1(C=CC(=CC1)OC)/C(/C(=O)O)=C\C2=CN(C=3C=CC(=CC23)OCC=4C=CC=CC4)C(=O)C,COc1ccc2n(C(=O)c3ccc(Cl)cc3)c(C)c(CC(=O)O)c2c1
AKT1,Euclidean Search,0.21,ClC=1C(=CC(OC)=C(NC(=O)NC=2N=CC(=NC2)C#N)C1)C,Cc1cc(OCC(=O)Nc2nnc[nH]2)ccc1Cl
AKT1,Euclidean Search,0.37,FC=1C(C(=O)N2CCN(C=3N=CC=CN3)CC2)=CC(CC4=NNC(=O)C5C4CCC=C5)=CC1,Fc1ccc(Cc2n[nH]c(=O)c3ccccc23)cc1C(=O)N1CCN(CC1)C(=O)C1CC1
AKT1,Euclidean Search,0.12,C1C[C@@]2([C@@H]([C@]([C@@H]1O)(C)CO)CCC([C@H]2C=CC3C(OC[C@H]3O)=O)=C)C,CNC1(C)C2CCC(C2)C1(C)C
AKT1,Euclidean Search,0.34,O=C(NC(CC1=CC=CC=C1)CO)C2=CC=C(C=3C=CN=CC3)C=C2,C[C@H](CO)N1C[C@H](C)[C@@H](CN(C)Cc2ccc(cc2)c3ccccc3)Oc4ccc(NC(=O)c5ccncc5)cc4C1=O
AKT1,Euclidean Search,0.2,O1[C@@H]([C@H](O)CC1=O)C=2C(=O)C=3C(C(=O)C2)=CC=CC3,Nc1cccc2C(=O)N(Cc12)C1CCC(=O)NC1=O
AKT1,Euclidean Search,0.16,BrC1=C2SC(=C(N)C2=C(Cl)C=C1)C(=O)N,NC(=N)NC(=O)c1nc(Cl)c(N)nc1N
AKT1,Euclidean Search,0.35,N=1C=CC(NC=2C=CC=CC2C(O)=O)=NC1NC3=CC(=CC=C3)O,Cc1ccc(Cl)c(Nc2ccccc2C(O)=O)c1Cl
AKT1,Euclidean Search,0.23,C12(CCN(CC1)C)CN(C3=NC=NC4=C3C=CN4)C5=C2C=CC=C5,CN1CCN2C(C1)c1ccccc1Cc1cccnc21
AKT1,Euclidean Search,0.24,C=1C=C(C=CC1C[C@@H](CN)C(N2CCN(CC2)C=3C4=C(N=CN3)NC=C4)=O)C(C)C,CC(C)Cc1ccc(cc1)C(C)C(O)=O
AKT1,Euclidean Search,0.12,O(C=1N=C(NC(=O)C)C=C(N)C1C#N)CCC,CCCC(CCC)C(O)=O
AKT1,Euclidean Search,0.23,ClC=1C=C2SC(=NC2=CC1)NC(=O)C3=C(OC)C=C(OC)C=C3,COc1ccc2nc([nH]c2c1)S(=O)Cc1ncc(C)c(OC)c1C
AKT1,Euclidean Search,0.36,S(=O)(=O)(NC=1C=CC(C=2C=C3C(NN=C3N)=CC2)=CC1)C,CS(=O)(=O)Nc1ccc(Cc2noc(n2)-c2ccc3[nH]cc(CCN)c3c2)cc1
AKT1,Euclidean Search,0.27,ClC1=C2C(NC(=O)C=3C=CC(=CC3)C)=C(SC2=CC=C1Cl)C(=O)N,Cc1ccc(cc1)C(=O)c1cc(O)c(O)c(c1)[N+]([O-])=O
AKT1,Euclidean Search,0.22,C1(=CC=C2C(=C1)/C(/C(N2)=O)=C/C3=CC=C(C=C3)OCCN(CC)CC)Cl,CCOC(=O)[C@@]1(CCCCCCOc2ccc(Cl)cc2)CO1
AKT1,Euclidean Search,0.33,C=1(C=CC(=CC1)C2=CNN=C2)C(C3=CC=C(C=C3)Cl)NCC4=CC=CC=C4,Cc1cccc(CN2CCN(CC2)C(c2ccccc2)c2ccc(Cl)cc2)c1
AKT1,Euclidean Search,0.12,O(C=1N=C(NC(=O)C)C=C(N)C1C#N)CCC,CCCC(CCC)C(O)=O
AKT1,Euclidean Search,0.27,ClC1=C2C(NC(=O)C=3C=CC(=CC3)C)=C(SC2=CC=C1Cl)C(=O)N,Cc1ccc(cc1)C(=O)c1cc(O)c(O)c(c1)[N+]([O-])=O
AKT1,Euclidean Search,0.24,S(=O)(=O)(N(C1=NC(C2=CC=3SC(=NC3C=C2)NC(=O)C)=CC=N1)C)C4=CC=C(OC)C=C4,COCC#Cc1ccc2c(O[C@@H](CN(C)S(=O)(=O)c3ccc(OC)cc3)[C@@H](C)CN([C@H](C)CO)S2(=O)=O)c1
AKT1,Euclidean Search,0.29,S1C=2N(C=3C(C(=O)C2C(=O)O)=CC(F)=C(N4CC(N)CC4)C3F)C(C1)C,C[C@H]1COc2c(N3CCN(C)CC3)c(F)cc3c2n1cc(C(O)=O)c3=O
AKT1,Euclidean Search,0.23,O=C(N(C(C)C)C)C=1N(N=NC1C=2C=C3C(NN=C3)=CC2)CC4=CC=CC=C4,CC(C)N(CCC(C(N)=O)(c1ccccc1)c1ccccn1)C(C)C
AKT1,Euclidean Search,0.23,C(=O)(NC=1SC=2C(N1)=CC=C(C=3C=CN=C(N3)NS(C4=CC=C(C=C4)C)(=O)=O)C2)C,Cc1ccc(cc1)S(=O)(=O)NC(=O)NN1CC2CCCC2C1
AKT1,Euclidean Search,0.16,BrC1=C2SC(=C(N)C2=C(Cl)C=C1)C(=O)N,NC(=N)NC(=O)c1nc(Cl)c(N)nc1N
AKT1,Euclidean Search,0.28,C1=CC(=C2C(=C1Br)N(C(=C2)C(OC)=O)C)OC[C@@H](N)CC3=CNC4=C3C=CC=C4,CNC(=O)[C@H](Cc1c[nH]c2ccccc12)NC(=O)[C@H](CC(C)C)CC(=O)NO
AKT1,Euclidean Search,0.21,OC=1NC2=C(C1C3=NC=C(C=C3)CN4CCOCC4)C=C(C=C2)C#N,CCc1c(C)[nH]c2CCC(CN3CCOCC3)C(=O)c12
AKT1,Euclidean Search,0.33,C1=CC(=CC=C1C(C)(C)C)C(=O)N2N=C(C(C2=O)/N=N/C3=CC=C(C=C3)S(NC4=NC=CC=N4)(=O)=O)C,COc1ccccc1Oc1c(NS(=O)(=O)c2ccc(cc2)C(C)(C)C)nc(nc1OCCO)-c1ncccn1
AKT1,Euclidean Search,0.25,C(NC=1SC=2C(N1)=CC=C(C=3C=CN=C(N3)N(S(C4=CC=C(C=C4)C)(=O)=O)C)C2)(C)=O,CN(C)C(=O)Cc1c(nc2ccc(C)cn12)-c1ccc(C)cc1
AKT1,Euclidean Search,0.27,OC1=CC=C(C=2C(=NNC2NC3=CC=C(O)C=C3)C4=CC=C(O)C=C4)C=C1,Oc1ccc(cc1)-c1coc2cc(O)cc(O)c2c1=O
AKT1,Euclidean Search,0.3,ClC1=C2SC=3C(N(C2=CN=C1)C(=O)C=4C=CC(OC)=CC4)=CC=CC3,COc1ccc(cc1)[C@@H]1Sc2ccccc2N(CCN(C)C)C(=O)[C@@H]1OC(C)=O
AKT1,Euclidean Search,0.25,ClC=1C(=CC(OC2CCCC2)=C(NC(=O)NC=3N=CC(=NC3)C#N)C1)C,COc1ccc(cc1OC1CCCC1)C1CNC(=O)C1
AKT1,Euclidean Search,0.24,C=1C=C(C=CC1C[C@@H](CN)C(N2CCN(CC2)C=3C4=C(N=CN3)NC=C4)=O)C(C)C,CC(C)Cc1ccc(cc1)C(C)C(O)=O
AKT1,Euclidean Search,0.37,FC=1C(C(=O)N2CCN(C=3N=CC=CN3)CC2)=CC(CC4=NNC(=O)C5C4CCC=C5)=CC1,Fc1ccc(Cc2n[nH]c(=O)c3ccccc23)cc1C(=O)N1CCN(CC1)C(=O)C1CC1
AKT1,Euclidean Search,0.25,C1=NC=CC(/C=C/C=2C=NC=C(OC[C@@H](N)CC=3C=CC=C(C3)O)C2)=C1,Oc1ccc(cc1)C=Cc1cc(O)cc(O)c1
AKT1,Euclidean Search,0.29,O=C1NC=2C(NC=3C1=CC=C(C=4C(C(OC)=O)=CC=CC4)C3)=CC=CC2,COC(=O)c1c(C)[nH]c(C)c1C(=O)c1ccccc1Cc1ccccc1
AKT1,Euclidean Search,0.36,C=1C=CC=C2N=C(C3=CC=C(C(N)(C)C)C=C3)C(=NC12)C4=CC=CC=C4,Oc1nc2ccccc2nc1c3ccccc3NC(=O)c4cccs4
AKT1,Euclidean Search,0.27,FC(F)(F)C1=CC(NC(=O)NC2=CC=C(C3=C4C(NN=C4C)=CC=C3)C=C2)=CC=C1,C[C@@H](CO)N1C[C@@H](C)[C@@H](CN(C)C(=O)Nc2ccc(cc2)C(F)(F)F)Oc3ccc(NC(=O)Cc4ccccc4)cc3C1=O
AKT1,Euclidean Search,0.27,FC(F)(F)C1=CC(NC(=O)NC2=CC=C(C3=C4C(NN=C4C)=CC=C3)C=C2)=CC=C1,C[C@@H](CO)N1C[C@@H](C)[C@@H](CN(C)C(=O)Nc2ccc(cc2)C(F)(F)F)Oc3ccc(NC(=O)Cc4ccccc4)cc3C1=O
AKT1,Euclidean Search,0.25,OC(=O)C1=C2C(NC3=C1C=CC=C3)=C(C=C2)C4CCCC4,COC(=O)[C@H]1[C@@H](O)CC[C@H]2CN3CCc4c([nH]c5ccccc45)[C@@H]3C[C@H]12
AKT1,Euclidean Search,0.27,ClC1=C2C(NC(=O)C=3C=CC(=CC3)C)=C(SC2=CC=C1Cl)C(=O)N,Cc1ccc(cc1)C(=O)c1cc(O)c(O)c(c1)[N+]([O-])=O
AKT1,Euclidean Search,0.26,O=C(NC=1SC=2CCCCC2C1C#N)C=3C=CC=C4C=CC=CC34,Nc1c2CCCCc2nc2ccccc12
AKT1,Euclidean Search,0.14,S1C(N(=O)=O)=CN=C1NC(=O)NCC2=CC=CC=C2,CC(O)Cn1c(C)ncc1[N+]([O-])=O
AKT1,Euclidean Search,0.22,C=1C=CC=C(C(NCCCC(NC2OC(C(C(C2O)O)O)CO)=O)=O)C1,COc1c(O[C@@H]2O[C@H](CO)[C@@H](O)[C@H](O)[C@H]2O)cc2CC[C@H](NC(C)=O)c3cc(=O)c(SC)ccc3-c2c1OC
AKT1,Euclidean Search,0.29,C1=CC(=CC=2C1=CN=CC2)C(N[C@H](C3CCN(CC3)CC4=CC=CC=C4)C=5C=CC(=C(C5)Cl)Cl)=O,COc1cc2CC(CC3CCN(Cc4ccccc4)CC3)C(=O)c2cc1OC
AKT1,Euclidean Search,0.3,O=C(N)C=1C=2NC(=NC2C=CC1)C3=CC=C(OCCN(CC)CC)C=C3,CCN(CC)CCOC(=O)c1ccc(N)cc1
AKT1,Euclidean Search,0.16,BrC1=C2SC(=C(N)C2=C(Cl)C=C1)C(=O)N,NC(=N)NC(=O)c1nc(Cl)c(N)nc1N
AKT1,Euclidean Search,0.25,OC(=O)C1=C2C(NC3=C1C=CC=C3)=C(C=C2)C4CCCC4,COC(=O)[C@H]1[C@@H](O)CC[C@H]2CN3CCc4c([nH]c5ccccc45)[C@@H]3C[C@H]12
AKT1,Euclidean Search,0.22,S(=O)(=O)(O)C=1C=2C(C(NCC=3C=C4OCOC4=CC3)=CC1)=C(O)C=CC2,C[C@H](CO)N1C[C@@H](C)[C@H](CN(C)Cc2ccc3OCOc3c2)OCCCC[C@@H](C)Oc4ccc(cc4C1=O)N(C)C
AKT1,Euclidean Search,0.18,O1[C@H]2[C@H](OC(=O)C2)C3=C([C@H]1CCC)C(=O)C=4C(C3=O)=CC=CC4O,CN(C)[C@H]1C2CC3C(C(=O)c4c(O)cccc4[C@@]3(C)O)C(=O)[C@]2(O)C(=O)C(C(=O)NCN5CCCC5)C1=O
AKT1,Euclidean Search,0.35,ClC=1C=CC(NC(=S)NNC(=O)C(O)(C2=CC=CC=C2)C3=CC=CC=C3)=CC1,Clc1ccccc1C(c1ccccc1)(c1ccccc1)n1ccnc1
AKT1,Euclidean Search,0.34,N=1NC=C(C1C2=CC=CC=C2)C=3C=CN=CC3,c1[nH]nc(c1-c1ccnc2ccccc12)-c1ccccn1
AKT1,Euclidean Search,0.16,C1(=CC=CC=C1)C[C@@H](COC=2C=NC=C(C=3C=CC4=C(C(C(N4)=O)CC=5OC=CC5)C3)C2)N,Nn1c(=O)c(Cc2ccco2)n[nH]c1=S
AKT1,Euclidean Search,0.29,O=C1NC=2C(NC=3C1=CC=C(C=4C(C(OC)=O)=CC=CC4)C3)=CC=CC2,COC(=O)c1c(C)[nH]c(C)c1C(=O)c1ccccc1Cc1ccccc1
AKT1,Euclidean Search,0.29,O=C(NC1=NNC2=NC=3C(C=C21)=CC=CC3)CCC,CNC(=O)CCc1cc2ccccc2[nH]1
AKT1,Euclidean Search,0.29,O=C(O)C=1N(C=2C(C1C=3C(=CC=CC3)C)=CC=CC2)CCCOC=4C=5C(C=CC4)=CC=CC5,CNCC[C@H](Oc1cccc2ccccc12)c1cccs1
AKT1,Euclidean Search,0.26,O(C1=CC=C(NC=2N=CN=C3C2C=CC=C3)C=C1)CC4=CC=CC=C4,CNCCCCOc1ccccc1Cc1ccccc1
AKT1,Euclidean Search,0.12,O(C=1N=C(NC(=O)C)C=C(N)C1C#N)CCC,CCCC(CCC)C(O)=O
AKT1,Euclidean Search,0.27,OC1=CC=C(C=2C(=NNC2NC3=CC=C(O)C=C3)C4=CC=C(O)C=C4)C=C1,Oc1ccc(cc1)-c1coc2cc(O)cc(O)c2c1=O
AKT1,Euclidean Search,0.11,S1N=CC=2C1=CC(N(C)C)=C(NC(=O)C(=O)O)C2,CN(C)C(=N)NC(N)=N
AKT1,Euclidean Search,0.24,C=1C=C(C=CC1C[C@@H](CN)C(N2CCN(CC2)C=3C4=C(N=CN3)NC=C4)=O)C(C)C,CC(C)Cc1ccc(cc1)C(C)C(O)=O
AKT1,Euclidean Search,0.16,BrC1=C2SC(=C(N)C2=C(Cl)C=C1)C(=O)N,NC(=N)NC(=O)c1nc(Cl)c(N)nc1N
AKT1,Euclidean Search,0.24,C=1C=C(C=CC1C[C@@H](CN)C(N2CCN(CC2)C=3C4=C(N=CN3)NC=C4)=O)C(C)C,CC(C)Cc1ccc(cc1)C(C)C(O)=O
AKT1,Euclidean Search,0.25,C(NC=1SC=2C(N1)=CC=C(C=3C=CN=C(N3)N(S(C4=CC=C(C=C4)C)(=O)=O)C)C2)(C)=O,CN(C)C(=O)Cc1c(nc2ccc(C)cn12)-c1ccc(C)cc1
AKT1,Euclidean Search,0.11,S1N=CC=2C1=CC(N(C)C)=C(NC(=O)C(=O)O)C2,CN(C)C(=N)NC(N)=N
AKT1,Euclidean Search,0.42,N=1C=C(N(=O)=O)C(NC2=CC=CC=C2C(N)=O)=NC1NC=3C=C(C(=C(C3)OC)OC)OC,COc1cc(Nc2ncc(F)c(Nc3ccc4OC(C)(C)C(=O)Nc4n3)n2)cc(OC)c1OC
AKT1,Euclidean Search,0.16,C1(=CC=CC=C1)C[C@@H](COC=2C=NC=C(C=3C=CC4=C(C(C(N4)=O)CC=5OC=CC5)C3)C2)N,Nn1c(=O)c(Cc2ccco2)n[nH]c1=S
AKT1,Euclidean Search,0.26,O(C1=CC=C(NC=2N=CN=C3C2C=CC=C3)C=C1)CC4=CC=CC=C4,CNCCCCOc1ccccc1Cc1ccccc1
AKT1,Euclidean Search,0.23,O(C=1C=C(C=NC1)CCC2=CC=CC=C2)CC3N(CCC3)C,CN1CCC[C@H]1c1cccnc1
AKT1,Euclidean Search,0.17,P(O)(=O)(OCC[N+](C)(C)C)OCCCCCCCCCCCCCCCC,C[C@H](O)[C@H](C)[C@@H]1O[C@H]1C[C@H]1CO[C@@H](CC(C)=CC(=O)OCCCCCCCCC(O)=O)[C@H](O)[C@@H]1O
AKT1,Euclidean Search,0.24,S(=O)(=O)(N(C1=NC(C2=CC=3SC(=NC3C=C2)NC(=O)C)=CC=N1)C)C4=CC=C(OC)C=C4,COCC#Cc1ccc2c(O[C@@H](CN(C)S(=O)(=O)c3ccc(OC)cc3)[C@@H](C)CN([C@@H](C)CO)S2(=O)=O)c1
AKT1,Euclidean Search,0.33,C1=CC(=CC=C1C(C)(C)C)C(=O)N2N=C(C(C2=O)/N=N/C3=CC=C(C=C3)S(NC4=NC=CC=N4)(=O)=O)C,COc1ccccc1Oc1c(NS(=O)(=O)c2ccc(cc2)C(C)(C)C)nc(nc1OCCO)-c1ncccn1
AKT1,Euclidean Search,0.21,C1=CC(=C2C(=C1OC)N(C(=C2)C(OC)=O)C)OC[C@@H](N)CC(C)C,CC(C)c1cc(OC(C)=O)c(C)cc1OCCN(C)C
AKT1,Euclidean Search,0.32,O=C(N(CCOC)C)C=1N(N=NC1C=2C=C3C(NN=C3)=CC2)CC4=CC=CC=C4,CN(C)CCCOc1nn(Cc2ccccc2)c2ccccc12
AKT1,Euclidean Search,0.31,O=C(N)C=1N=C2N(C1C3=NC(=NC=C3)NC4=CC(N5CCN(CC5)C)=CC=C4)C=CC=C2,CN1CCN(CC1)c1ccc(Nc2ncc3c(n2)n(-c2cccc(n2)C(C)(C)O)n(CC=C)c3=O)cc1
AKT1,Euclidean Search,0.16,C1(=CC=CC=C1)C[C@@H](COC=2C=NC=C(C=3C=CC4=C(C(C(N4)=O)CC=5OC=CC5)C3)C2)N,Nn1c(=O)c(Cc2ccco2)n[nH]c1=S
AKT1,Euclidean Search,0.23,O=C1N(C(=O)C=2C1=CC=CC2)C=3C=C(O)C(=CC3)C(=O)O,CC(=O)Oc1ccccc1C(O)=O
AKT1,Euclidean Search,0.39,C1(=NN=C2C(=C1C3=CC=CC=C3)C(=NN2)N)C=4C=CC=CC4,OC(=O)CCc1nc(c(o1)-c1ccccc1)-c1ccccc1
AKT1,Euclidean Search,0.23,O=C1N(C(=O)C=2C1=CC=CC2)C=3C=C(O)C(=CC3)C(=O)O,CC(=O)Oc1ccccc1C(O)=O
AKT1,Euclidean Search,0.26,O(C1=CC=C(NC=2N=CN=C3C2C=CC=C3)C=C1)CC4=CC=CC=C4,CNCCCCOc1ccccc1Cc1ccccc1
AKT1,Euclidean Search,0.26,O(C1=CC=C(NC=2N=CN=C3C2C=CC=C3)C=C1)CC4=CC=CC=C4,CNCCCCOc1ccccc1Cc1ccccc1
AKT1,Euclidean Search,0.39,C1(=NN=C2C(=C1C3=CC=CC=C3)C(=NN2)N)C=4C=CC=CC4,OC(=O)CCc1nc(c(o1)-c1ccccc1)-c1ccccc1
AKT1,Euclidean Search,0.14,[C@@H]1(OC(=O)C=2C=3[C@]1(C=4C(C(C3OC2)=O)[C@H]5[C@@](CC4OC(=O)C)(C)C(CC5)=O)C)COC,CCCC[C@@H](C)C=C(C)C=C(/C)C(=O)NC1=C[C@@](O)(C=CC=CC=CC(=O)NC2C(=O)CCC2=O)[C@@H]2OC2C1=O
AKT1,Euclidean Search,0.16,BrC1=C2SC(=C(N)C2=C(Cl)C=C1)C(=O)N,NC(=N)NC(=O)c1nc(Cl)c(N)nc1N
AKT1,Euclidean Search,0.33,C=1(NC2=CC=CC=C2N1)NN=CC3=CNC4=C3C=CC=C4,C(Cn1c2ccccc2c3ccccc13)c4nc5ccccc5[nH]4
AKT1,Euclidean Search,0.22,FC1=CC=C(C=2N=CN(C2C=3C=CN=CC3)CCCO)C=C1,CN(C)CCCC1(OCc2cc(ccc12)C#N)c1ccc(F)cc1
AKT1,Euclidean Search,0.18,OCCNC1=NC=C2C(C=C(C3=CN=CC=C3)C=C2)=C1,CCCNC(=O)N(C)C[C@@H]1Oc2cc(ccc2S(=O)(=O)N(C[C@H]1C)[C@H](C)CO)c3cncnc3
AKT1,Euclidean Search,0.12,O(C=1N=C(NC(=O)C)C=C(N)C1C#N)CCC,CCCC(CCC)C(O)=O
AKT1,Euclidean Search,0.21,C=1(C=CC(=CC1)OC)/C(/C(=O)O)=C\C2=CN(C=3C=CC(=CC23)OCC=4C=CC=CC4)C(=O)C,CCCCc1ncc(C=C(/Cc2cccs2)C(O)=O)n1Cc1ccc(cc1)C(O)=O
AKT1,Euclidean Search,0.23,S1N(C(N(C1=O)CC=2C=CC=CC2)=O)C,Cn1c(=O)c([N+](=O)[O-])c(Cl)c2ccccc12
AKT1,Euclidean Search,0.29,C1=2C(N3CCN(C(NC4=CC=C(OC5=CC=CC=C5)C=C4)=O)CC3)=NC=NC1=CC(=C(C2)OC)OC,COc1cc2nc(nc(N)c2cc1OC)N1CCN(CC1)C(=O)C1CCCO1
AKT1,Euclidean Search,0.29,S1C2=NNC(=C2C=C1C(=O)NC)C=3C(F)=CC=CC3,OC(=O)c1cccc(c1)-c1noc(n1)-c1ccccc1F
AKT1,Euclidean Search,0.17,S(=O)(=O)(NC1=CC=C(C=2C=C3C(NN=C3NC(=O)C)=CC2)C=C1)CCC,CCCN1C[C@@H](C)[C@H](CN(C)C(=O)c2ccc(NS(=O)(=O)c3cn(C)cn3)cc2OC[C@@H]1C)OC
AKT1,Euclidean Search,0.23,C=1(C(F)(F)F)C(=CC=C(NC(NC2=CC=C(OC=3C=C(C(=O)NC)N=CC3)C=C2)=O)C1)Cl,CNC(=O)c1ccc(cc1F)N1C(=S)N(C(=O)C1(C)C)c1ccc(C#N)c(c1)C(F)(F)F
AKT1,Euclidean Search,0.24,C=1C=C(N=CC1)C=2N=C(C3=CC=C(C=C3)C(N)=O)NC2C4=CC5=C(C=C4)OCCO5,COc1ccc(cc1)S(=O)(=O)N2CCN(CC2)S(=O)(=O)c3ccc4OCCOc4c3
AKT1,Euclidean Search,0.22,C12(CN(CCC1)CC(CN(S(C=3C(=NOC3C)C)(=O)=O)CC4=CC=CC=C4)O)OC=5C=CC(=CC5C(C2)=O)O,C[C@@H](CO)N1C[C@@H](C)[C@@H](CN(C)S(=O)(=O)c2ccccc2)OCCCC[C@H](C)Oc3ccc(NC(=O)CCCN(C)C)cc3C1=O
AKT1,Euclidean Search,0.29,S1C2=NNC(=C2C=C1C(=O)NC)C=3C(F)=CC=CC3,OC(=O)c1cccc(c1)-c1noc(n1)-c1ccccc1F
AKT1,Euclidean Search,0.29,O=C(NC1=NNC2=NC=3C(C=C21)=CC=CC3)CCC,CNC(=O)CCc1cc2ccccc2[nH]1
AKT1,Euclidean Search,0.33,N1=C(N(C(C2=CC=CC=C12)=O)C=3C=CC=CC3)C4=CC=C(C=C4)C5(CCC5)N,O=c1n([se]c2ccccc12)-c1ccccc1
AKT1,Euclidean Search,0.23,O=C(N(C(C)C)C)C=1N(N=NC1C=2C=C3C(NN=C3)=CC2)CC4=CC=CC=C4,CC(C)N(CCC(C(N)=O)(c1ccccc1)c1ccccn1)C(C)C
AKT1,Euclidean Search,0.21,OC=1NC2=C(C1C3=NC=C(C=C3)CN4CCOCC4)C=C(C=C2)C#N,CCc1c(C)[nH]c2CCC(CN3CCOCC3)C(=O)c12
AKT1,Euclidean Search,0.22,O(C(=O)N1C=2C(C(C=3N(C4CCCCC4)C=NC3)=C1)=CC=CC2)C(C)(C)C,Cc1nccn1CC1CCc2c(C1=O)c1ccccc1n2C
AKT1,Pre-trained hierVAE Generate,0.15,O=C(NC1=CC=C(C=2C=C(C=CC2)C(=O)N)C=C1)NC3=CC(=CC=C3)C,Cc1ccc(-c2ccc(C(=O)Nc3ccc(C(=O)O)cc3)cc2)cc1
AKT1,Pre-trained hierVAE Generate,0.07,O=P(O)(OC1[C@](CCCCCCCCCCCCCCCCCCCC)(C(OCC)=O)CCC1)OCC[N+](C)(C)C,CCCCCCCCCCCCCCCCCCCCC(=O)Nc1cccc(C(=O)O)c1
AKT1,Pre-trained hierVAE Generate,0.13,C(NC=1SC=2C(N1)=CC=C(C3=CN=C(C(=C3)NS(C4=CC=CC=C4F)(=O)=O)Cl)C2)(C)=O,CC1CCCCOC(CN(C)C(=O)Nc2ccccc2F)C(C)CN(C(C)CO)C(=O)c2cc(NS(=O)(=O)c3cn(C)cn3)ccc2O1
AKT1,Pre-trained hierVAE Generate,0.05,C1(=CC=C2N=CN=C(C2=C1)NCCC3=CC=C(C=C3)OC4=CC=CC=C4)N,COc1ccc(CNc2ncnc3ccc(-c4cncc(C#N)c4)cc23)cc1
AKT1,Pre-trained hierVAE Generate,0.12,OCC1C2C1CN(C2)CC3=CC=C(C=4C=C5C(NC=6C=C(OC)C(OC7=CC=CC=C7)=CC6)=NC=NC5=CC4)C=C3,COc1ccc(CNc2ncnc3ccc(-c4ccc(F)cc4)cc23)cc1OC
AKT1,Pre-trained hierVAE Generate,0.2,O=C(NC(C1=CC=CC=C1)C)C2=CC=C(C=3C=CN=CC3)C=C2,CC(NC(=O)CC1CC2c3cc(NS(=O)(=O)c4ccc(F)cc4)ccc3OC2C(CO)O1)c1ccccc1
AKT1,Pre-trained hierVAE Generate,0.14,N=1C=NC(N2CCN(C(=O)C(CC3=CC=C(C=C3)C)CNC(C)C)CC2)=C4[C@@H](OCC41)C,CC1CN(C(C)CO)C(=O)CCCn2cc(nn2)COC1CN(C)C(=O)CCCN(C)C
AKT1,Pre-trained hierVAE Generate,0.13,BrC1=CC=C(CNC(=O)NC2=CC=3C(=NNC3)C=C2)C=C1,COc1ccc(CNC(=O)CC2CC3c4cc(NC(=O)C5CC5)ccc4OC3C(CO)O2)cc1
AKT1,Pre-trained hierVAE Generate,0.09,O=C1C(=NC=2C=CN=CC2)C(NCCC3=CC=C(OC4=CC=CC=C4)C=C3)C1=O,CCCN1C(C(=O)NCc2ccc(Oc3ccccc3)cc2)C(CO)C2Cn3c(ccc(-c4cccnc4)c3=O)C21
AKT1,Pre-trained hierVAE Generate,0.04,O=C(O)C=1N(C=2C(C1C=3C(=CC=CC3)C)=CC=CC2)CCCOC=4C=5C(C=CC4)=CC=CC5,CC1CN(C(C)CO)C(=O)c2c(c3ccccc3n2C)-c2ccccc2COC1CN(C)Cc1ccc(C(F)(F)F)cc1
AKT1,Pre-trained hierVAE Generate,0.13,FC(F)(F)C1=CC=C([C@H](C(=O)N2CCN(C=3N=CN=C4C3[C@@H](C[C@H]4O)C)CC2)CN)C=C1,CC1CN(C(C)CO)C(=O)CCCn2cc(nn2)COC1CN(C)Cc1ccc(C(F)(F)F)cc1
AKT1,Pre-trained hierVAE Generate,0.09,C1=CC(=CC2=CC=NC=C12)C(=O)NC[C@H](CC3=CC=C(C=C3)C(F)(F)F)N,CC(C)NC(=O)Nc1ccc2c(c1)OC(CN(C)Cc1ccc(C(F)(F)F)cc1)C(C)CN(C(C)CO)S2(=O)=O
AKT1,Pre-trained hierVAE Generate,0.09,S(=O)(=O)(O)C=1C=2C(C(NCC=3C=C4OCOC4=CC3)=CC1)=C(O)C=CC2,CC(CO)NC(=O)Nc1ccc2c(c1)C1CC(CC(=O)NCc3ccc4c(c3)OCO4)OC(CO)C1O2
AKT1,Pre-trained hierVAE Generate,0.14,C1(CNC(=O)C=2C=CC=CC2F)(N)CN(CC1)C3=C4C(C)=CNC4=NC=N3,COC1CN(C)C(=O)c2ccc(NC(=O)c3ccccc3F)cc2OCC(C)NCC1C
AKT1,Pre-trained hierVAE Generate,0.12,O=C(O)C=1N(C=2C(C1C=3C(=CC=CC3)C)=CC=CC2)CCCOC=4C=5C(C=CC4)=CC=CC5,CC1CN(C(C)CO)C(=O)c2c(c3ccccc3n2C)-c2ccccc2COC1CN(C)Cc1ccc(C(F)(F)F)cc1
AKT1,Pre-trained hierVAE Generate,0.1,S1C2=C(C(C3=CC=C(NC(=O)NC4=CC=C(C=C4)C)C=C3)=C1)C(=NC=C2C5=CN(N=C5)C(C(=O)N(C)C)C)N,Cc1ccc(NC(=O)N2C(CO)C(C(=O)NCCC(=O)NC(C(=O)Nc3cccc(C(=O)O)c3)C(C)(C)C)C3Cn4c(ccc(-c5cncnc5)c4=O)C32)cc1
AKT1,Pre-trained hierVAE Generate,0.08,O=C1N(C=2C(N(C1CC)C3CCCC3)=NC(=NC2)NC4=C(OC)C=C(C=C4)C(=O)NC5CCCCC5)C,CC1CCCCOC(CN(C)Cc2ccc(C(F)(F)F)cc2)C(C)CN(C(C)CO)C(=O)c2cc(NC(=O)NC3CCCCC3)ccc2O1
AKT1,Pre-trained hierVAE Generate,0.11,C1=CC(=CC2=CC=NC=C12)C(=O)NC[C@H](CC3=CC=C(C=C3)C(F)(F)F)N,CC1CN(C(C)CO)C(=O)c2ccccc2-c2ccccc2COC1CN(C)Cc1ccc(C(F)(F)F)cc1
AKT1,Pre-trained hierVAE Generate,0.06,O=C1N(C(=O)C=2C1=CC=CC2)C=3C=C(O)C(=CC3)C(=O)O,CC(C)(C)c1ccc(C(=O)OCC(=O)Nc2ccc(C(=O)O)c(O)c2)cc1
AKT1,Pre-trained hierVAE Generate,0.05,P(O[C@H]1[C@](CCC1)(CCCCCCCCCCCCCCCCCCCCCC)C(OCC)=O)(OCC[N+](C)(C)C)(O)=O,CC(C)(C)C(NC(=O)CCCCCCCCCCCCCCCCCCCCCCCCC(O)CO)C(=O)O
AKT1,Pre-trained hierVAE Generate,0.13,O=C(C1=CC(C=2C=C3C(=NC2)NC=C3)=CC=C1)C,CN(C)c1ncnc2ccc(-c3cccc(C(=O)O)c3)cc12
AKT1,Pre-trained hierVAE Generate,0.05,C12(CN(CCC1)CC(CN(S(C=3C(=NOC3C)C)(=O)=O)CC4=CC=CC=C4)O)OC=5C=CC(=CC5C(C2)=O)O,CC1CCCCOC(CN(C)C(=O)C(Cc2ccccc2)N(C)C)C(C)CN(C(C)CO)C(=O)c2cc(NC(=O)CCC(F)(F)F)ccc2O1
AKT1,Pre-trained hierVAE Generate,0.03,S1C2=C(C(C3=CC=C(NC(=O)NC=4C(C(F)(F)F)=CC=CC4)C=C3)=C1)C(=NC=C2)N,CCNCCCNC(=O)C1C(CO)C2Cn3c(ccc(-c4ccccc4C#N)c3=O)C2N1C(=O)Nc1ccccc1C(F)(F)F
AKT1,Pre-trained hierVAE Generate,0.1,ClC1=CC=C(CNC(=O)NC=2C3=C(NN=C3)C=CC2)C=C1,CS(=O)(=O)Nc1ccc2c(c1)C1CC(CC(=O)NCc3ccc(Cl)cc3)OC(CO)C1O2
AKT1,Pre-trained hierVAE Generate,0.13,C1(=CC=C2N=CN=C(C2=C1)NCCC3=CC=C(C=C3)OC4=CC=CC=C4)N,Cc1ccc(CNc2ncnc3ccc(-c4cccc(F)c4)cc23)cc1
AKT1,Pre-trained hierVAE Generate,0.16,S1C=2C(C(C3=CC=C(NC(=O)NC4=CC(=CC=C4)C)C=C3)=C1)=C(N=CC2C#CCN5CCOCC5)N,COc1ccc(C#Cc2cccc(-c3ccc(C(=O)NCCN4CCOCC4)nc3)c2)cc1
AKT1,Pre-trained hierVAE Generate,0.1,O=C(NCC1=CC=CC=C1)C2=CC=C(C=3C=CN=CC3)C=C2,CC(C)(C)S(=O)N1Cc2cc(C(=O)NCc3ccc(F)cc3)nc(-c3ccc(-c4ccncc4)cc3)c2C1CCO
AKT1,Pre-trained hierVAE Generate,0.01,C1=CC(=CC2=CC=NC=C12)C(=O)NC[C@H](CC3=CC=C(C=C3)C(F)(F)F)N,CC1CN(C(C)CO)C(=O)c2ccccc2-c2ccccc2COC1CN(C)Cc1ccc(C(F)(F)F)cc1
AKT1,Pre-trained hierVAE Generate,0.03,C1=CC(=CC2=CC=NC=C12)C(=O)NC[C@H](CC3=CC=C(C=C3)C(F)(F)F)N,CCCNC(=O)Nc1ccc2c(c1)C(=O)N(C(C)CO)CC(C)C(CN(C)Cc1ccc(C(F)(F)F)cc1)O2
AKT1,Pre-trained hierVAE Generate,0.13,O=C(O)C=1N(C=2C(C1C=3C(=CC=CC3)C)=CC=CC2)CCCOC=4C=5C(C=CC4)=CC=CC5,CC1CN(C(C)CO)C(=O)c2c(c3ccccc3n2C)-c2ccccc2COC1CN(C)C(=O)Cc1ccccc1
AKT1,Pre-trained hierVAE Generate,0.06,P(O[C@H]1[C@](CCC1)(CCCCCCCCCCCCCCCCCCCCCC)C(OCC)=O)(OCC[N+](C)(C)C)(O)=O,CC(C)(C)CNC(=O)CCCCCCCCCCCCCCCCCCCCCCCCCCCCCCCCCCCCCCCC(O)CO
AKT1,Pre-trained hierVAE Generate,0.13,C=1C=CC=C(C(NCCCC(NC2OC(C(C(C2O)O)O)CO)=O)=O)C1,CCCNC(=O)NC1CCC(CC(=O)N2CCC(Cc3ccccc3)CC2)OC1CO
AKT1,Pre-trained hierVAE Generate,0.12,C1(=C2C(C=CC=C2)=NC=N1)NC3=CC(OC)=CC=C3,CC(C)(C)c1ccc(C(=O)NCCCNCCCNc2ncnc3ccccc23)cc1
AKT1,Pre-trained hierVAE Generate,0.17,C=1C(S(NC=2SC=NN2)(=O)=O)=CC=C(NC(=O)CCCCCCCCC)C1,COc1ccc(NC(=O)CCCCCCC(=O)Nc2ccc(C)cc2)cc1
AKT1,Pre-trained hierVAE Generate,0.18,FC=1C=C(C(=O)NC2=CC=3C(=NNC3)C=C2)C=CC1,CN1C(=O)c2cc(NC(=O)c3cccc(F)c3)ccc2OCC2OC(CC(=O)O)CCC21
AKT1,Pre-trained hierVAE Generate,0.09,C=1(C2=CC=NC=C2)N=C(SC1)NC(=O)NCC=3C=C(C=CC3)O,CC(C)(C)N=Cc1ccc(C(=O)Nc2nc(-c3ccc(C(=O)O)cc3)cs2)cc1
AKT1,Pre-trained hierVAE Generate,0.09,C1COCCN1CCCOC2=C(C=C3C(=C2)C(=NC=N3)NC4=CC(Cl)=C(F)C=C4)OC,COc1ccc(CN2C(=O)c3ccc(C(=O)NCCCCN4CCOCC4)cc3C2=O)cc1OC
AKT1,Pre-trained hierVAE Generate,0.17,C1(=CC=C2N=CN=C(C2=C1)NCCC3=CC=C(C=C3)OC4=CC=CC=C4)N,CC(C)(C)c1ccc(CNc2ncnc3ccc(C#N)cc23)cc1
AKT1,Pre-trained hierVAE Generate,0.02,N=1C=NC(N2CCN(C(=O)[C@@H](CC3=CC=C(C=C3)Cl)CNC(C)C)CC2)=C4[C@@H](OCC41)C,CC1CN(C(C)CO)C(=O)CCCn2cc(nn2)COC1CN(C)Cc1ccc(C(=O)O)cc1
AKT1,Pre-trained hierVAE Generate,0.11,O=C1NC=2C(NC=3C1=CC=C(C=4C(C(OC)=O)=CC=CC4)C3)=CC=CC2,CC(C)NC(=O)N(C)CC1Oc2cc(-c3ccccc3C(=O)N(C)C)ccc2S(=O)(=O)N(C(C)CO)CC1C
AKT1,Pre-trained hierVAE Generate,0.06,OC=1C=C(C=C(C(=O)NCC2=CC=CC=C2)C#N)C=CC1O,CC(C)(C)S(=O)Oc1ccc(O)c(O)c1
AKT1,Pre-trained hierVAE Generate,0.16,C=1C(S(NC=2SC=NN2)(=O)=O)=CC=C(NC(=O)CCCCCCCCC)C1,COc1ccccc1C=NNC(=O)CCCCCCC(=O)Nc1ccc(O)c(O)c1
AKT1,Pre-trained hierVAE Generate,0.14,FC(F)(F)C1=CC(NC(=O)NC2=CC=C(OC=3C=C(N=CC3)C(=O)NC)C=C2)=CC=C1,CNCC1OCCCCC(C)Oc2ccc(NC(=O)Nc3ccc(C(F)(F)F)cc3)cc2C(=O)N(C(C)CO)CC1C
AKT1,Pre-trained hierVAE Generate,0.15,C1=CC(C(N[C@H](C2CCN(CC2)CC3=CC=C(C=C3)C(F)(F)F)C=4C=CC(Cl)=C(Cl)C4)=O)=CC=5C1=CN=CC5,CC(C)NC(=O)Nc1ccc2c(c1)C(=O)N(C(C)CO)CC(C)C(CN(C)Cc1ccc(C(F)(F)F)cc1)OCCCCC(C)O2
AKT1,Pre-trained hierVAE Generate,0.08,C1(=CC=C2N=CN=C(C2=C1)NCCC3=CC=C(C=C3)OC4=CC=CC=C4)N,Cc1ccc(CNc2ncnc3ccc(-c4cccc(F)c4)cc23)cc1
AKT1,Pre-trained hierVAE Generate,0.25,N1(C(=[N+](C=C1)CCCCCCCCCCCCCCCC)C)CC2=CC=CC=C2,CCCCCCCCCCCCCCCCCC(=O)Nc1ccccc1C(=O)O
AKT1,Pre-trained hierVAE Generate,0.16,C1=CC2=C(N=C(N2CCN3CCOCC3)NC(=O)C=4C=CC=C(C4)N(=O)=O)C=C1,COc1cccc(-c2cccc(C3C(=O)Cc4c(C(=O)NCCN5CCOCC5)cccc4C3=O)c2)c1
AKT1,Pre-trained hierVAE Generate,0.11,O=C(O)C=1N(C=2C(C1C=3C(=CC=CC3)C)=CC=CC2)CCCOC=4C=5C(C=CC4)=CC=CC5,CC1CN(C(C)CO)C(=O)c2c(c3ccccc3n2C)-c2ccccc2COC1CN(C)C(=O)CCC(F)(F)F
AKT1,Pre-trained hierVAE Generate,0.03,N1=C2C(=C(CC3=CC=C(C=C3)N(C)C)C1=O)C=CC=C2,COc1ccc(CN(C)CC2OCCCCC(C)Oc3ccc(N(C)C)cc3C(=O)N(C(C)CO)CC2C)cc1
AKT1,Pre-trained hierVAE Generate,0.03,P(O[C@H]1[C@](CCC1)(CCCCCCCCCCCCCCCCCCCCCC)C(OCC)=O)(OCC[N+](C)(C)C)(O)=O,CCCCCCCCCCCCCCCCCCCCCCCCCCCCCCCCCC(O)C(C)(C)C
AKT1,Pre-trained hierVAE Generate,0.03,FC(F)(F)C=1C=C(CNC2C(=NC=3C=CN=CC3)C(=O)C2=O)C=CC1,COc1ccc(CN2CC(C#N)N(Cc3cccc(C(F)(F)F)c3)C(=O)C2=O)cc1
AKT1,Pre-trained hierVAE Generate,0.14,O=C(NC=1C=C2C(C3=CC=CC=C3)=CNC2=NC1)C=4C=CC(OC)=CC4,COc1ccc(-c2ccc(C(=O)Nc3ccc(C)cc3)cc2)cc1
AKT1,Pre-trained hierVAE Generate,0.17,FC(F)(F)C1=CC=C([C@H](C(=O)N2CCN(C=3N=CN=C4C3[C@@H](C[C@H]4O)C)CC2)CN)C=C1,CC1CN(C(C)CO)C(=O)CCCn2cc(nn2)COC1CN(C)Cc1ccc(C(F)(F)F)cc1
AKT1,Pre-trained hierVAE Generate,0.14,C=1C(S(NC=2SC=NN2)(=O)=O)=CC=C(NC(=O)CCCCCCCCC)C1,COc1ccc(NC(=O)CCCCCCC(=O)Nc2ccc(C)cc2)cc1
AKT1,Pre-trained hierVAE Generate,0.1,FC=1C=C(C(=O)NC2=CC=3C(=NNC3)C=C2)C=CC1,CN1C(=O)c2cc(NC(=O)c3cccc(F)c3)ccc2OCC2OC(CC(=O)O)CCC21
AKT1,Pre-trained hierVAE Generate,0.11,C=1C=CC=C(C(NCCCC(NC2OC(C(C(C2O)O)O)CO)=O)=O)C1,COc1ccccc1C=NCCC1OC(CO)C(O)C(O)C1O
AKT1,Pre-trained hierVAE Generate,0.1,ClC1=CC=C(C(=O)NC=2C=C3NN=CC3=CC2)C=C1,CC1(C)Oc2ccc(NC(=O)c3ccc(C(C)(C)C)cc3)cc2C1=O
AKT1,Pre-trained hierVAE Generate,0.11,C12(CN(C[C@@H](CN(C3CCCCC3)S(C=4C(=NOC4C)C)(=O)=O)O)CCC1)OC=5C=CC(=CC5C(C2)=O)O,CC1CCCCOC(CN(C)CC2CCCCC2)C(C)CN(C(C)CO)C(=O)c2cc(NC(=O)CCC(F)(F)F)ccc2O1
AKT1,Pre-trained hierVAE Generate,0.01,N=1C=NC(N2CCN(C(=O)[C@@H](CC3=CC=C(C=C3)Cl)CNC(C)C)CC2)=C4[C@@H](OCC41)C,CC1CN(C(C)CO)C(=O)CCCn2cc(nn2)COC1CN(C)Cc1ccc(C(=O)O)cc1
AKT1,Pre-trained hierVAE Generate,0.13,S=C(NNC(=O)C(O)(C1=CC=CC=C1)C2=CC=CC=C2)NC=3C=CC(F)=CC3,CC(C)(C)c1ccc(NC(=O)C(C)(C)c2ccc(F)cc2)cc1
AKT1,Pre-trained hierVAE Generate,0.08,C(=O)(NC=1SC=2C(N1)=CC=C(C=3C=CN=C(N3)NS(C4=CC=C(C=C4)C)(=O)=O)C2)C,Cc1ccc(S(=O)(=O)NCCC2CCC(NC(=O)Cc3cccnc3)C(CO)O2)cc1
AKT1,Pre-trained hierVAE Generate,0.1,C=1C=C(C=CC1C[C@@H](N)C(N2CCN(CC2)C=3C4=C(N=CN3)C=CC=C4)=O)C(F)(F)F,CC(C)(C)c1ccc(C(=O)OCC(=O)N2CCN(c3nc(-c4ccc(C(F)(F)F)cc4)nc4ccccc34)CC2)cc1
AKT1,Pre-trained hierVAE Generate,0.04,S1C2=C(C(C3=CC=C(NC(=O)NC=4C(C(F)(F)F)=CC=CC4)C=C3)=C1)C(=NC=C2)N,CCNCCCNC(=O)C1C(CO)C2Cn3c(ccc(-c4ccccc4)c3=O)C2N1C(=O)Nc1ccccc1C(F)(F)F
AKT1,Pre-trained hierVAE Generate,0.12,O=C(O)C=1N(C=2C(C1C=3C(=CC=CC3)C)=CC=CC2)CCCOC=4C=5C(C=CC4)=CC=CC5,COc1ccc(CN(C)CC2OCc3ccccc3-c3c(n(C)c4ccccc34)C(=O)N(C(C)CO)CC2C)cc1
AKT1,Pre-trained hierVAE Generate,0.09,C1(=CC=C2N=CN=C(C2=C1)NCCC3=CC=C(C=C3)OC4=CC=CC=C4)N,Cc1ccc(CNc2ncnc3ccc(-c4cccc(F)c4)cc23)cc1
AKT1,Pre-trained hierVAE Generate,0.06,N1(C(=[N+](C=C1)CCCCCCCCCCCCCCCC)C)CC2=CC=CC=C2,CCCCCCCCCCCCCCCCCC(=O)Nc1ccccc1C(=O)O
AKT1,Pre-trained hierVAE Generate,0.12,ClC1=CC=C(C(=O)NC=2C=C3NN=CC3=CC2)C=C1,CC(C)(C)c1ccc(C(=O)Nc2ccc(C(=O)O)cc2)cc1
AKT1,Pre-trained hierVAE Generate,0.08,N(C(N)=N)CCC[C@H](N)C(=O)N[C@H](C(=O)N[C@H](C(=O)N[C@H](C(N[C@H](C(=O)N[C@H](C(=O)N[C@H](C(N)=O)CCC(C)C)CN)CC1=CC=C(C=C1)O)=O)CCC)CCCNC(N)=N)CCCCN,CCCCCCCCCCCCCCCCCCCCCCCCCC(=O)NC(CCCCN)C(=O)NC(CCCNC(=N)N)C(=O)NC(Cc1ccccc1)C(=O)NC(C)CCCNC(=N)N
AKT1,Pre-trained hierVAE Generate,0.09,S1C2=NNC(=C2C=C1C(=O)NCC3=CC(OC)=CC=C3)C4=CC=CC=C4,CCCN1C(C(=O)NCc2cccc(OC)c2)C(CO)C2Cn3c(ccc(-c4cccnc4)c3=O)C21
AKT1,Pre-trained hierVAE Generate,0.26,C=1(C=CC(=CC1)OC)/C(/C(=O)O)=C\C2=CN(C=3C=CC(=CC23)OCC=4C=CC=CC4)C(=O)C,COc1ccc(C(=O)N2C3Cn4c(ccc(-c5cncnc5)c4=O)C2C(CO)C3C(=O)NCCc2ccccc2)cc1
AKT1,Pre-trained hierVAE Generate,0.11,C=1C(S(NC=2SC=NN2)(=O)=O)=CC=C(NC(=O)CCCCCCCCC)C1,CCCCCCCC(=O)Nc1ccc2c(c1)OC(CCO)C(C)CN(C(C)CO)S2(=O)=O
AKT1,Pre-trained hierVAE Generate,0.08,C=1C(S(NC=2SC=NN2)(=O)=O)=CC=C(NC(=O)CCCCCCCCC)C1,CCCCCCCCC(=O)Nc1ccc(C(=O)Nc2cccc(C)c2)cc1
AKT1,Pre-trained hierVAE Generate,0.09,FC=1C=CC(C2=NN(C=C2C3=NC=NC=C3)C)=CC1,CN(C)c1ncnc2ccc(-c3ccc(F)cc3)cc12
AKT1,Pre-trained hierVAE Generate,0.08,C=1C(S(NC=2SC=NN2)(=O)=O)=CC=C(NC(=O)CCCCCCCCC)C1,COc1ccc(NC(=O)CCCCCCC(=O)Nc2ccc(C)cc2)cc1
AKT1,Pre-trained hierVAE Generate,0.13,FC=1C=C(C(=O)NC2=CC=3C(=NNC3)C=C2)C=CC1,CN1C(=O)c2cc(NC(=O)c3cccc(F)c3)ccc2OCC2OC(CC(=O)O)CCC21
AKT1,Pre-trained hierVAE Generate,0.12,O1[C@@]2(N3C4=C5N([C@H]1C[C@@H](N(C)C(=O)C=6C=CC=CC6)[C@H]2OC)C=7C(C5=C8C(=C4C=9C3=CC=CC9)CNC8=O)=CC=CC7)C,CC1CN(C(C)CO)C(=O)c2c(c3ccccc3n2C)-c2ccccc2COC1CN(C)C(=O)c1ccccc1
AKT1,Pre-trained hierVAE Generate,0.12,ClC1=CC=C(C(=O)NC=2C=C3NN=CC3=CC2)C=C1,CC1(C)Oc2ccc(NC(=O)c3ccc(C(C)(C)C)cc3)cc2C1=O
AKT1,Pre-trained hierVAE Generate,0.08,C=1C(S(NC=2SC=NN2)(=O)=O)=CC=C(NC(=O)CCCCCCCCC)C1,CCCNC(=O)Nc1ccc(CCCCCCCC(=O)Nc2ccc(C(=O)O)cc2)cc1
AKT1,Pre-trained hierVAE Generate,0.14,O=C(N)C=1C=2NC(=NC2C=CC1)C3=CC=C(OCCN(CC)CC)C=C3,CCN(CC)CCOc1ccc(C(=O)Nc2ccccc2C(=O)O)cc1
AKT1,Pre-trained hierVAE Generate,0.03,P(O)(OCC(OC)COCCCCCCCCCCCCCCCCCC)(=O)OCC[N+](C)(C)C,CCCCCCCCCCCCCCCCCCCC(=O)NCC(O)C(O)C(O)C(O)C(O)C(O)C(O)C(O)C(O)C(O)C(O)C(O)C(O)C(O)C(O)C(O)C(O)C(O)CO
AKT1,Pre-trained hierVAE Generate,0.04,ClC1=CC=C(CC(NC(=O)C2=CC=C(C=3C=CN=CC3)C=C2)CO)C=C1,COC(CN(C)Cc1ccc(F)cc1)C(C)CN(C(C)CO)S(=O)(=O)c1ccc(Cl)cc1
AKT1,Pre-trained hierVAE Generate,0.05,C=1C=C(C=CC1C[C@@H](N)C(N2CCN(CC2)C=3C4=C(N=CN3)C=CC=C4)=O)C(F)(F)F,CC(C)(C)c1ccc(C(=O)OCC(=O)N2CCN(c3nc(-c4ccc(C(F)(F)F)cc4)nc4ccccc34)CC2)cc1
AKT1,Pre-trained hierVAE Generate,0.03,C12(CN(C[C@@H](CN(CCOC(C)C)S(C=3C(=NOC3C)C)(=O)=O)O)CCC1)OC=4C=CC(=CC4C(C2)=O)O,Cc1noc(C)c1NC(=O)Nc1ccc2c(c1)C(=O)N(C(C)CO)CC(C)C(CN(C)C(=O)NC(C)C)OCCCCC(C)O2
AKT1,Pre-trained hierVAE Generate,0.05,N(C1=CC(=CC(=C1OC)NS(=O)(=O)C)C(C)(C)C)C(=O)NC2=C3C(=C(C=C2)C4=CC=C(N=C4)CN5CCOCC5)C=CC=C3,CC1Cc2ccccc2COC(CN(C)C(=O)NC(C)(C)C)c2cc(NS(C)(=O)=O)ccc2N(C(C)CO)CC(C)C(=O)O1
AKT1,Pre-trained hierVAE Generate,0.11,OCC1C2C1CN(C2)CC3=CC=C(C=4C=C5C(NC=6C=C(OC)C(OC7=CC=CC=C7)=CC6)=NC=NC5=CC4)C=C3,COc1ccc(CNc2ncnc3ccc(-c4ccc(F)cc4)cc23)cc1OC
AKT1,Pre-trained hierVAE Generate,0.07,N1(C(=[N+](C=C1)CCCCCCCCCCCCCCCC)C)CC2=CC=CC=C2,CCCCCCCCCCCCCCCCCCC(=O)Nc1ccccc1C(=O)O
AKT1,Pre-trained hierVAE Generate,0.13,FC=1C=C([C@@H](CNCC2CC2)C(=O)N3CCN(CC3)C=4N=CN=C5C4[C@@H](C[C@H]5O)C)C=CC1C(F)(F)F,CC1CCCCOC(CN(C)CC2CC2)C(C)CN(C(C)CO)C(=O)c2cc(NC(=O)CCC(F)(F)F)ccc2O1
AKT1,Pre-trained hierVAE Generate,0.1,O=C1N(C=2C(N(C1CC)C3CCCC3)=NC(=NC2)NC4=C(OC)C=C(C=C4)C(=O)NC5CCCCC5)C,CC1CCCCOC(CN(C)CC2CC2)C(C)CN(C(C)CO)C(=O)c2cc(NC(=O)C3CCCCC3)ccc2O1
AKT1,Pre-trained hierVAE Generate,0.11,BrC1=CC=C(CNC(=O)NC2=CC=3C(=NNC3)C=C2)C=C1,CCCNC(=O)Nc1ccc2c(c1)C(=O)N(C)CC(OC)C(C)CN(Cc1ccc(F)cc1)C(C)CO2
AKT1,Pre-trained hierVAE Generate,0.03,P(O[C@H]1[C@](CCC1)(CCCCCCCCCCCCCCCCCCCCCC)C(OCC)=O)(OCC[N+](C)(C)C)(O)=O,CCCCCCC(O)C(Cc1ccccc1)NC(=O)CCCCCCCCCCCCCCCCCCCCCCCCCC(O)C(O)C(O)C(C)(C)C
AKT1,Pre-trained hierVAE Generate,0.03,N1(C(=[N+](C=C1)CCCCCCCCCCCCCCCC)C)CC2=CC=CC=C2,CCCCCCCCCCCCCCCC(=O)Nc1ccccc1C(=O)Nc1ccccc1C
AKT1,Pre-trained hierVAE Generate,0,O=C(NC=1C=C2C(C3=CC=CC=C3)=CNC2=NC1)C=4C=CC(OC)=CC4,COc1ccc(-c2ccc(C(=O)Nc3ccc(C)cc3)cc2)cc1
AKT1,Pre-trained hierVAE Generate,0.16,FC1=CC(NC(=O)NC2=CC=C(NC(=O)C3=C4N(N=CN=C4N)C=C3)C=C2)=CC=C1,COc1ccc(NC(=O)Nc2ccc3c(c2)C(=O)N(C(C)CO)CC(C)C(CN(C)C(=O)Nc2cccc(F)c2)O3)cc1
AKT1,Pre-trained hierVAE Generate,0.16,C1=CC2=C(N=C(N2CCN3CCOCC3)NC(=O)C=4C=CC=C(C4)N(=O)=O)C=C1,CC1CN(C(C)CO)C(=O)c2c(c3ccccc3n2C)-c2ccccc2COC1CN(C)C(=O)CCN1CCOCC1
AKT1,Pre-trained hierVAE Generate,0.09,N(C(N)=N)CCC[C@H](N)C(=O)N[C@H](C(=O)N[C@H](C(=O)N[C@H](C(N[C@H](C(=O)N[C@H](C(=O)N[C@H](C(N)=O)CCC(C)C)CN)CC1=CC=C(C=C1)O)=O)CCC)CCCNC(N)=N)CCCCN,CCCC(=O)OC(Cc1cccc(F)c1)C(=O)NC(CCCNC(=N)N)C(=O)NC(CCCNC(=N)N)C(=O)NC(CCCNC(=N)N)C(=O)NCCCCNCN
AKT1,Pre-trained hierVAE Generate,0.14,S(=O)(=O)(O)C=1C=2C(C(NCC=3C=C4OCOC4=CC3)=CC1)=C(O)C=CC2,CC(C)(C)S(=O)N1Cc2cc(C(=O)NCc3ccc4c(c3)OCO4)nc(-c3cccc(-c4cccnc4)c3)c2C1CCO
AKT1,Pre-trained hierVAE Generate,0.1,FC1=CC=C(C=2N=C3N(C2C=4N=C(N=CC4)NCC(CO)(C)C)C=CN=C3OCC(F)(F)F)C=C1,CC(C)(C)S(=O)N1Cc2cc(-c3ccc(-c4ccc(F)cc4)cc3)nc(C(=O)NCC(F)(F)F)c2C1CO
AKT1,Pre-trained hierVAE Generate,0.17,C=1C=CC=CC1C=2N=C(C3=C(N2)C=CC=C3)NC4=CC(C)=NN4,CC(C)(C)c1ccc(C(=O)Nc2nc(-c3ccc(C(=O)NCCCNCCCNC(=O)c4ccc(C(F)(F)F)cc4)cc3)nc3ccccc23)cc1
AKT1,Pre-trained hierVAE Generate,0.15,C=1C=C(C=CC1C[C@@H](N)C(N2CCN(CC2)C=3C4=C(N=CN3)C=CC=C4)=O)OC,CC(C)c1nc2c(N3CCN(C)CC3)ncnc2n1Cc1ccc(Oc2nnnn2C)cc1
AKT1,Pre-trained hierVAE Generate,0.07,P(O[C@H]1[C@](CCC1)(CCCCCCCCCCCCCCCCCCCCCC)C(OCC)=O)(OCC[N+](C)(C)C)(O)=O,CC(C)C(O)CCCCCCCCCCCCCCCCCCCCCCCCCCCCCCCCCC(=O)NC(C(=O)O)C(C)(C)C
AKT1,Ours,0.53,C1=CC=C2C(=C1)/C(=C\C3=C(NC4=C3C=CC=C4)Cl)/C(=O)N2,O=C1Nc2ccccc2C1=Cc1ccccc1O
AKT1,Ours,0.51,P(O[C@H]1[C@](CCC1)(CCCCCCCCCCCCCCCCCCCCCC)C(OCC)=O)(OCC[N+](C)(C)C)(O)=O,CCCCCCCCCCCCCCCCCCCCCCCC(=O)O
AKT1,Ours,0.5,C1(=NN=C2NN=C(C2=C1)NC(=O)CCCN(C)C)C3=C(C(=CC=C3)F)F,CC1CCCCOC(CN(C)Cc2ccncc2)C(C)CN(C(C)CO)C(=O)c2cc(NC(=O)CCCN(C)C)ccc2O1
AKT1,Ours,0.49,P(O)(OC1CC[N+](CC1)(C)C)(=O)OCCCCCCCCCCCCCCCCCC,CCCCCCCCCCCCCCCCCCCCCC(=O)O
AKT1,Ours,0.48,P(O[C@H]1[C@](CCC1)(CCCCCCCCCCCCCCCCCCCCCC)C(OCC)=O)(OCC[N+](C)(C)C)(O)=O,CCCCCCCCCCCCCCCCCCCCCCCCCCCC(=O)O
AKT1,Ours,0.48,ClC1=CC=C(C(=O)NC=2C=C3NN=CC3=CC2)C=C1,CC(C)Cc1ccc(C(=O)Nc2ccc(C(=O)O)cc2)cc1
AKT1,Ours,0.47,P(O[C@H]1[C@](CCC1)(CCCCCCCCCCCCCCCCCCCCCC)C(OCC)=O)(OCC[N+](C)(C)C)(O)=O,CCCCCCCCCCCCCCCCCCCCCCCCCC(=O)NC1CCC(C(=O)O)CC1
AKT1,Ours,0.47,P(O[C@H]1[C@](CCC1)(CCCCCCCCCCCCCCCCCCCCCC)C(OCC)=O)(OCC[N+](C)(C)C)(O)=O,CCCCCCCCCCCCCCCCCCCCCC(=O)NC(C)C
AKT1,Ours,0.47,O=P(O)(OC1[C@](CCCCCCCCCCCCCCCCCCCC)(C(OCC)=O)CCC1)OCC[N+](C)(C)C,CCCCCCCCCCCCCCCCCCCCCC(=O)NCCO
AKT1,Ours,0.47,O=C(O)C=1N(C=2C(C1C=3C(=CC=CC3)C)=CC=CC2)CCCOC=4C=5C(C=CC4)=CC=CC5,CC1CN(C(C)CO)C(=O)c2c(c3ccccc3n2C)-c2ccccc2COC1CN(C)Cc1ccc(C(F)(F)F)cc1
AKT1,Ours,0.47,O=C(NC(C1=CC(OC)=CC=C1)C)C2=CC=C(C3=C(C=NC=C3)C)C=C2,Cc1ccccc1-c1ccc2c(c1)OC(CN(C)Cc1ccc(C(=O)O)cc1)C(C)CN(C(C)CO)S2(=O)=O
AKT1,Ours,0.47,N(C(N)=N)CCC[C@H](N)C(=O)N[C@H](C(=O)N[C@H](C(=O)N[C@H](C(N[C@H](C(=O)N[C@H](C(=O)N[C@H](C(N)=O)CCC(C)C)CN)CC1=CC=C(C=C1)O)=O)CCC)CCCNC(N)=N)CCCCN,CCCCNC(=O)C(CCCNC(=N)N)NC(=O)C(CCCNC(=N)N)NC(=O)C(CCCNC(=N)N)NC(=O)C(Cc1ccccc1)NC(=O)CCC(C)(C)C
AKT1,Ours,0.47,N(C(N)=N)CCC[C@H](N)C(=O)N[C@H](C(=O)N[C@H](C(=O)N[C@H](C(N[C@H](C(=O)N[C@H](C(=O)N[C@H](C(N)=O)CCC(C)C)CN)CC1=CC=C(C=C1)O)=O)CCC)CCCNC(N)=N)CCCCN,CCCCNC(=O)C(CCCNC(=N)N)NC(=O)C(CCCNC(=N)N)NC(=O)C(CCCNC(=N)N)NC(=O)C(Cc1ccccc1)NC(=O)CCC(C)(C)C
AKT1,Ours,0.47,C=1C=CC=C(C(NCCCC(NC2OC(C(C(C2O)O)O)CO)=O)=O)C1,CN(C)CCCNC(=O)CC1CCC(NC(=O)Cc2cccnc2)C(CO)O1
AKT1,Ours,0.47,C(N[C@H](C(=O)NCCN1C(C=CC1=O)=O)CC=2C=CC=CC2)(=O)OC(C)(C)C,CCCNC(=O)N1CC(C)OC(C)c2cc(NC(=O)Cc3ccccc3)ccc2N(C)C(=O)CC(OC)C1
AKT1,Ours,0.46,P(O[C@H]1[C@](CCC1)(CCCCCCCCCCCCCCCCCCCCCC)C(OCC)=O)(OCC[N+](C)(C)C)(O)=O,CCCCCCCCCCCCCCCCCCCCCCCCCCCC(O)C(C)(C)C
AKT1,Ours,0.46,P(O[C@H]1[C@](CCC1)(CCCCCCCCCCCCCCCCCCCCCC)C(OCC)=O)(OCC[N+](C)(C)C)(O)=O,CCCCCCCCCCCCCCCCCCCCCCCCCCC(=O)NCCO
AKT1,Ours,0.46,O=C(NC(C1=CC=CC=C1)CO)C2=CC=C(C=3C=CN=CC3)C=C2,CCN(CC)CCCC(NC(=O)c1ccc(-c2ccccc2)cc1)c1ccc(O)cc1
AKT1,Ours,0.46,N(C(N)=N)CCC[C@H](N)C(=O)N[C@H](C(=O)N[C@H](C(=O)N[C@H](C(N[C@H](C(=O)N[C@H](C(=O)N[C@H](C(N)=O)CCC(C)C)CN)CC1=CC=C(C=C1)O)=O)CCC)CCCNC(N)=N)CCCCN,CCCCCC(C)(C)C(=O)NC(Cc1ccccc1)C(=O)NC(CCCNC(=N)N)C(=O)NC(CCCNC(=N)N)C(=O)NC(CCCNC(=N)N)C(=O)NCc1ccc(C)cc1
AKT1,Ours,0.46,ClC1=CC=C(C(=O)NC=2C=C3NN=CC3=CC2)C=C1,CC(C(C)(C)C)C(C)(C)C(O)CCC(=O)Nc1ccc(C(=O)c2ccc(Cl)cc2)cc1
AKT1,Ours,0.45,P(O)(=O)(OCC[N+](C)(C)C)OCCCCCCCCCCCCCCCC,CCCCCCCCCCCCCCCCCC(=O)NCCCOCC(=O)O
AKT1,Ours,0.45,C=1C=CC=CC1C=2N=C(C3=C(N2)C=CC=C3)NC4=CC(C)=NN4,CC(C)(C)c1ccc(C(=O)CCC(=O)Nc2nc(-c3ccccc3)nc3ccccc23)cc1
AKT1,Ours,0.44,S(=O)(=O)(NC(=O)C=1C=CC(C2=CC=C(F)C=C2)=CC1)C=3C=C(N(=O)=O)C(NCCSC4=CC=C(O)C=C4)=CC3,CCN(CC)CCCNC(=O)c1ccc(-c2ccc(S(=O)(=O)NC(=O)c3ccc(F)cc3)cc2)cc1
AKT1,Ours,0.43,S(=O)(=O)(O)C=1C=2C(C(NCC=3C=C4OCOC4=CC3)=CC1)=C(O)C=CC2,CCCNC(=O)CC1CC2c3cc(NC(=O)c4ccc5c(c4)OCO5)ccc3OC2C(CO)O1
AKT1,Ours,0.43,P(O[C@H]1[C@](CCC1)(CCCCCCCCCCCCCCCCCCCCCC)C(OCC)=O)(OCC[N+](C)(C)C)(O)=O,CCCCCCCCCCCCCCCCCCCCCCC(=O)Nc1ccccc1C(=O)O
AKT1,Ours,0.43,O=C(O)C=1N(C=2C(C1C=3C(=CC=CC3)C)=CC=CC2)CCCOC=4C=5C(C=CC4)=CC=CC5,CC1CN(C(C)CO)C(=O)c2c(c3ccccc3n2C)-c2ccccc2COC1CN(C)Cc1ccc(C(F)(F)F)cc1
AKT1,Ours,0.43,FC=1C=C(C(=O)NC2=CC=3C(=NNC3)C=C2)C=CC1,Cc1ccc(CNC(=O)CC2C=CC(NC(=O)c3cccc(F)c3)C(CO)O2)cc1
AKT1,Ours,0.42,O=C(N)C=1C=2NC(=NC2C=CC1)C3=CC=C(OCCN(CC)CC)C=C3,CCN(CC)CCOc1ccc(NC(=O)c2ccncc2)cc1
AKT1,Ours,0.39,P(O[C@H]1[C@](CCC1)(CCCCCCCCCCCCCCCCCCCCCC)C(OCC)=O)(OCC[N+](C)(C)C)(O)=O,CCCCCCCCCCCCCCCCCCCCCCC(=O)NCCCCCCCCCCCC(=O)NCC(O)C(C)(C)C
AKT1,Ours,0.39,N=1C2=CC(=CC=C2N3C=CC=C3C1O)CN4CCCC4=O,CC1CN(C(C)CO)C(=O)CCCn2nncc2COC1CN(C)Cc1cccnc1
AKT1,Ours,0.39,C1=CC(=CC2=C1OCO2)/C=C/N(=O)=O,CNC(=O)CC1CCC(NC(=O)c2ccc3c(c2)OCO3)C(CO)O1
AKT1,Ours,0.39,C(C1(CCN(C2=NC=NC3=C2NC(=N3)O)CC1)N)C=4C=CC(=CC4)C(C)(C)C,Cc1ccc2c(N3CCN(C)CC3)nc(-c3ccc(C(C)(C)C)cc3)nc2n1
AKT1,Ours,0.38,P(O[C@H]1[C@](CCC1)(CCCCCCCCCCCCCCCCCCCCCC)C(OCC)=O)(OCC[N+](C)(C)C)(O)=O,CC(C)(C)CCCCCCCCCCCCCCCCCCCCCCCCCCCCCCCCC(=O)O
AKT1,Ours,0.37,P(O[C@H]1[C@](CCC1)(CCCCCCCCCCCCCCCCCCCCCC)C(OCC)=O)(OCC[N+](C)(C)C)(O)=O,CCCCCCCCCCCCCCCCCCCCCCCCCC(=O)NCCCCCCCCCCCCC(=O)NC(C)C
AKT1,Ours,0.37,ClC=1C(Cl)=CC=C(C1)CNC(=O)NC2=CC=3C(=NNC3)C=C2,CC1CN(C(C)CO)C(=O)c2cc(NC(=O)CCC(F)(F)F)ccc2OC1CN(C)Cc1ccc(Cl)c(Cl)c1
AKT1,Ours,0.37,ClC1=CC=C(CNC(=O)C=2SC3=NNC(=C3C2)C4=CC=CC=C4)C=C1,COc1ccc(CNC(=O)CC2C(CO)C3c4ccc(-c5ccccc5)c(=O)n4CC2N3Cc2ccc(Cl)cc2)cc1
AKT1,Ours,0.37,C1=C(N)C(Cl)=C(N=C1C(NCC2=CC=C(C=C2)S(C)(=O)=O)=O)OCC,CCOc1ccc(CNC(=O)CC2CCC3C(COCC(O)CN3S(=O)(=O)c3ccc(C)cc3)O2)cc1
AKT1,Ours,0.36,P(O[C@H]1[C@](CCC1)(CCCCCCCCCCCCCCCCCCCCCC)C(OCC)=O)(OCC[N+](C)(C)C)(O)=O,CCCCCCCCCCCCCCCCCCCCCCCCCCCCCCCCCCCCCCCCCCCCCCCCCCCCCCCCCCCCCCCCCCCCCCCCCCCCCCCCCCCCCCCCCCCCCCCCCCCC=O
AKT1,Ours,0.36,OCCNC1=NC=C2C(C=C(C3=CN=CC=C3)C=C2)=C1,CN(C)c1ncnc2ccc(-c3cccnc3)cc12
AKT1,Ours,0.36,OC=1C=CC(=CC1)C2=NC3=NC=CNC3=C2CCCC,CC(C)(C)NCC(O)COc1ccc(O)cc1
AKT1,Ours,0.36,O=C(NC=1C=C2C(C3=CC=CC=C3)=CNC2=NC1)C=4C=CC(OC)=CC4,COc1ccc(CNC(=O)CC2CCC3C(COc4ccc(NC(=O)c5ccc(F)cc5)cc4C(=O)N3C)O2)cc1
AKT1,Ours,0.36,N1(C(=[N+](C=C1)CCCCCCCCCCCCCCCC)C)CC2=CC=CC=C2,CCCCCCCCCCCCCCCCC(=O)Nc1ccc(C(=O)Nc2ccccc2C(=O)Nc2ccc(C(=O)Nc3ccccc3C(=O)Nc3ccc(C(=O)Nc4ccccc4C(=O)Nc4ccc(C(=O)Nc5ccccc5C(=O)Nc5ccc(C(=O)Nc6ccccc6C(=O)Nc6ccc(C(=O)Nc7ccccc7C)cc6)cc5)cc4)cc3)cc2)cc1
AKT1,Ours,0.36,FC=1C=C(C(=O)NC2=CC=3C(=NNC3)C=C2)C=CC1,COC1CN(C)C(=O)c2cc(NC(=O)c3cccc(F)c3)ccc2OCC(C)NCC1C
AKT1,Ours,0.36,C1=CC2=C(N=C(N2CCN3CCOCC3)NC(=O)C=4C=CC=C(C4)N(=O)=O)C=C1,CC(C)(C)c1ccccc1C(=O)Nc1cccc(C(=O)NCCCN2CCOCC2)c1
AKT1,Ours,0.36,C(NC=1SC=2C(N1)=CC=C(C=3C=CC=C(C3)NS(C4=CC=C(C=C4)OC)(=O)=O)C2)(C)=O,COc1ccc(S(=O)(=O)Nc2ccc3c(c2)C2CC(CC(=O)NCCc4ccccc4)OC(CO)C2O3)cc1
AKT1,Ours,0.35,OCC1C2C1CN(C2)CC3=CC=C(C=4C=C5C(NC=6C=C(OC)C(OC7=CC=CC=C7)=CC6)=NC=NC5=CC4)C=C3,CC(C)(C)c1ccc(CNc2ncnc3ccc(-c4ccc(C(=O)O)cc4)cc23)cc1
AKT1,Ours,0.35,O=C(NCC1=CC=CC=C1)C2=CC=C(C=3C=CN=CC3)C=C2,CCN(CC)CCCNC(=O)c1ccc(-c2ccc(F)cc2)cc1
AKT1,Ours,0.35,O=C(NC(CC1=CC=CC=C1)CO)C2=CC=C(C=3C=CN=CC3)C=C2,O=C(O)C(Cc1ccccc1)NC(=O)C1C(CO)C2Cn3c(ccc(-c4cncnc4)c3=O)C2N1C(=O)Nc1ccc(F)cc1
AKT1,Ours,0.35,O=C(N1CC2=C(NN=C2NC(=O)C=3C=CC(N4CCN(CC4)C)=CC3)C1)C(OC)C5=CC=CC=C5,CN1CCN(c2ccc(C(=O)c3ccc4c(c3)OCCO4)cc2)CC1
AKT1,Ours,0.35,FC=1C(C(=O)NC(CC2=CC=CC=C2)CO)=CC=C(C1)C=3C=CN=CC3,CC(C)NC(=O)N(C)CC1Oc2cc(-c3ccccc3F)ccc2S(=O)(=O)N(C(C)CO)CC1C
AKT1,Ours,0.35,FC=1C(C(=O)NC(CC2=CC=CC=C2)CO)=CC=C(C1)C=3C=CN=CC3,CC(C)NC(=O)N(C)CC1Oc2cc(-c3ccccc3F)ccc2S(=O)(=O)N(C(C)CO)CC1C
AKT1,Ours,0.35,C=1C=C(C=CC1C[C@@H](N)C(N2CCN(CC2)C=3C=4C(N=CN3)=CC=C(C4)NC(=O)C)=O)Cl,CN1CCN(CCCNC(=O)c2ccc3ncnc(NC(=O)c4ccc(Cl)cc4)c3c2)CC1
AKT1,Ours,0.35,C1=C(C2=NN=C(O2)SCC=3C=CC(=CC3)C4=CC=C(C=C4)C#N)C=CC5=C1OCO5,CC1CN(C(C)CO)S(=O)(=O)c2ccc(-c3ccc(C#N)cc3)cc2OC1CN(C)C(=O)c1ccc2c(c1)OCO2
AKT1,Ours,0.34,S1C2=NNC(=C2C=C1C(=O)NCC3CCCCC3)C4=CC=CC=C4,CC(C)NC(=O)Nc1ccc2c(c1)C1CC(CC(=O)NCC3CCCCC3)OC(CO)C1O2
AKT1,Ours,0.34,S1C2=C(C(C3=CC=C(NC(=O)NC=4C(C(F)(F)F)=CC=CC4)C=C3)=C1)C(=NC=C2)N,CN(C)c1ccccc1C(=O)Nc1ccccc1C(=O)Nc1ccccc1C(F)(F)F
AKT1,Ours,0.34,O=C(O)C=1N(C=2C(C1C=3C(=CC=CC3)C)=CC=CC2)CCCOC=4C=5C(C=CC4)=CC=CC5,CC(NC(=O)N(C)CC1OCc2ccccc2-c2c(n(C)c3ccccc23)C(=O)N(C(C)CO)CC1C)c1ccccc1
AKT1,Ours,0.34,O=C(NCC1=CC=CC=C1)C2=CC=C(C=3C=CN=CC3)C=C2,CCNC(=O)CC1CCC(NC(=O)c2ccc(-c3ccccc3)cc2)C(CO)O1
AKT1,Ours,0.34,O=C(NC=1NN=C2C1C=C(C=3N=NN(C3)CC4=CC=CC=C4)C=C2)CCC,CCCNC(=O)NC1CCC(CCn2cc(-c3cccc(-c4ccccc4)c3)nn2)OC1CO
AKT1,Ours,0.34,O=C(NC=1C=C2C(C3=CC=CC=C3)=CNC2=NC1)C=4C=CC(OC)=CC4,COc1ccc(C(=O)Nc2ccc3c(c2)C2CC(CC(=O)NCCc4ccccc4)OC(CO)C2O3)cc1
AKT1,Ours,0.34,O=C(NC=1C=C2C(C3=CC=CC=C3)=CNC2=NC1)C=4C=CC(OC)=CC4,COc1ccc(C(=O)Nc2ccc3c(c2)C2CC(CC(=O)NCCc4ccccc4)OC(CO)C2O3)cc1
AKT1,Ours,0.34,O=C(NC(C1=CC=CC=C1)C)C2=CC=C(C=3C=CN=CC3)C=C2,CC(NC(=O)CC1CCC(NC(=O)c2ccc(F)cc2)C(CO)O1)c1ccccc1
AKT1,Ours,0.34,O=C(NC(C1=CC=CC=C1)C)C2=CC=C(C=3C=CN=CC3)C=C2,CC(NC(=O)CC1CC2c3cc(NS(=O)(=O)c4ccc(F)cc4)ccc3OC2C(CO)O1)c1ccccc1
AKT1,Ours,0.34,N1=CN=C(C2=CC(=C(C=C12)OC)OC)NC=3C=CC(=CC3)OCC=4C=CC=CC4,COc1ccc2nc(C#N)nc(Nc3ccc(Cl)cc3)c2c1
AKT1,Ours,0.34,N1=CN=C(C2=CC(=C(C=C12)OC)OC)NC=3C=CC(=CC3)OCC=4C=CC=CC4,COc1ccc(CNc2ncnc3ccc(C#N)cc23)cc1OC
AKT1,Ours,0.34,FC(F)(F)C1=CC(NC(=O)NC2=CC=C(OC=3C=C(N=CC3)C(=O)NC)C=C2)=CC=C1,COc1ccc(NC(=O)N(C)CC2Oc3ccc(NC(=O)Nc4ccc(C(F)(F)F)cc4)cc3C(=O)N(C(C)CO)CC2C)cc1
AKT1,Ours,0.34,FC(F)(F)C1=CC(NC(=O)NC2=CC=C(OC=3C=C(N=CC3)C(=O)NC)C=C2)=CC=C1,COc1ccc(NC(=O)N(C)CC2Oc3ccc(NC(=O)Nc4ccc(C(F)(F)F)cc4)cc3C(=O)N(C(C)CO)CC2C)cc1
AKT1,Ours,0.34,FC(F)(F)C1=CC(NC(=O)NC2=CC=C(OC=3C=C(N=CC3)C(=O)NC)C=C2)=CC=C1,COc1ccc(CNC(=O)CC2CC3c4cc(NC(=O)Nc5ccc(C(F)(F)F)cc5)ccc4OC3C(CO)O2)cc1
AKT1,Ours,0.34,FC(F)(F)C1=CC(NC(=O)NC2=CC=C(C3=C(N)C4=NC=CN=C4C=C3)C=C2)=CC=C1,CC(C)(C)c1ccc(C(=O)Nc2ncnc3ccc(-c4cccc(C(F)(F)F)c4)cc23)cc1
AKT1,Ours,0.34,ClC=1N=CC(C2=CC=3SC(=NC3C=C2)NC(=O)C)=CC1NS(=O)(=O)C4=CC=C(C=C4)C(F)(F)F,CC1CN(C(C)CO)C(=O)Cc2cc(NS(=O)(=O)c3ccc(F)cc3)ccc2OC1CN(C)Cc1ccc(C(F)(F)F)cc1
AKT1,Ours,0.34,ClC1=CC=C(CNC(=O)NC=2C3=C(NN=C3)C=CC2)C=C1,CSc1ccc2c(c1)C1CC(CC(=O)NCc3ccc(Cl)cc3)OC(CO)C1O2
AKT1,Ours,0.34,ClC1=CC=C(C=C1)NC(=O)C2=C(NCC3=CC=NC=C3)C=CC=C2,CCN(CC)CCOc1ccccc1S(=O)(=O)Nc1ccccc1C(=O)Nc1ccc(S(N)(=O)=O)cc1
AKT1,Ours,0.34,C1=CC2=C(N=C(N2CCN3CCOCC3)NC(=O)C=4C=CC=C(C4)N(=O)=O)C=C1,CCNCCCC(=O)Nc1ccc(C(=O)Nc2ccccc2C(=O)NCCCN2CCOCC2)cc1
AKT1,Ours,0.34,C1=CC(=CC2=CC=NC=C12)C(=O)NC[C@H](CC3=CC=C(C=C3)C(F)(F)F)N,CCCNC(=O)Nc1ccc2c(c1)C(=O)N(C(C)CO)CC(C)C(CN(C)Cc1ccc(C(F)(F)F)cc1)O2
AKT1,Ours,0.34,C1(CNC(=O)C=2C=CC=CC2F)(N)CN(CC1)C3=C4C(C)=CNC4=NC=N3,CCCNC(=O)N1CC(C)C(OC)CN(C)C(=O)c2ccc(NC(=O)c3ccccc3F)cc2OCC1C
AKT1,Ours,0.34,C1(=C(C=C2C(=C1)C(=CC=N2)OC3=CC=C(C=C3)NC(NC(=O)C4=C(C=CC=C4)C)=S)OC)OC,COc1cccc(-c2ccc(Oc3ccccc3C(=O)Nc3ccc(C)cc3)cc2)c1
AKT1,Ours,0.33,[C@@]12(N3C4=C5C(C6=C(N5[C@H](O1)C[C@@]2(C(=O)OC)O)C=CC=C6)=C7C(=C4C8=C3C=CC=C8)CNC7=O)C,CC(C)NC(=O)N(C)CC1OCc2ccccc2-c2c(n(C)c3ccccc23)C(=O)N(C(C)CO)CC1C
AKT1,Ours,0.33,[C@@H]1(NC([C@H](CCCN=C(N)N)NC(OCC2=CC=CC=C2)=O)=O)COC(N3[C@@H](CC[C@H]31)C(N[C@@H](C(C)C)C(NC(C(=O)NCC4=CC=CC=C4)CC5=CC=CC=C5)=O)=O)=O,CCCNC(=O)C(NC(=O)C(C)NC(=O)C(C)NC(=O)C(NC(=O)C(NC(=O)C1CCCN1C(=O)c1ccc(F)cc1)c1ccccc1)c1ccccc1)C(C)(C)C
AKT1,Ours,0.33,P(O[C@H]1[C@](CCC1)(CCCCCCCCCCCCCCCCCCCCCC)C(OCC)=O)(OCC[N+](C)(C)C)(O)=O,CC(C(O)CCCCCCCCCCCCCCCCCCCCCCCCCCCCCCCCCCCC(O)CO)C(C)(C)C
AKT1,Ours,0.33,O=C(NCC1=CC=CC=C1)C2=CC=C(C=3C=CN=CC3)C=C2,CC(C)(C)c1ccc(C(=O)NCC(CCC(=O)NC(C(=O)O)C(C)(C)C)c2ccc(-c3ccccc3)cc2)cc1
AKT1,Ours,0.33,ClC=1C=C2SC(=NC2=CC1)NC(=O)C3=C(OC)C=C(OC)C=C3,CN(CCNc1nc2ccc(Cl)cc2s1)S(=O)(=O)c1ccc2c(c1)OCCO2
AKT1,Ours,0.33,ClC=1C=C2SC(=NC2=CC1)NC(=O)C3=C(OC)C=C(OC)C=C3,CN(CCNc1nc2ccc(Cl)cc2s1)S(=O)(=O)c1ccc2c(c1)OCCO2
AKT1,Ours,0.33,C=1C(S(NC=2SC=NN2)(=O)=O)=CC=C(NC(=O)CCCCCCCCC)C1,CC(C)(C)c1ccc(NC(=O)CCCCCCC(=O)NC(C(=O)O)C(C)(C)C)cc1
AKT1,Ours,0.33,C=1C(S(NC=2SC=NN2)(=O)=O)=CC=C(NC(=O)CCCCCCCCC)C1,CC(C)(C)c1ccc(NC(=O)CCCCCCC(=O)NC(C(=O)O)C(C)(C)C)cc1
AKT1,Ours,0.33,C=1(C[C@@H](CNC=2SC(=CN2)C3=CC4=C(C=C3)NC(CC4)=O)N)C=CC(=CC1)C(F)(F)F,CC1CCCCOC(CN(C)Cc2ccc(C(F)(F)F)cc2)C(C)CN(C(C)CO)C(=O)c2cc(N(C)C)ccc2O1
AKT1,Ours,0.33,C1COCCN1CCCOC2=C(C=C3C(=C2)C(=NC=N3)NC4=CC(Cl)=C(F)C=C4)OC,CC(C)(C)S(=O)Nc1ncnc2ccc(C(=O)NCCCN3CCOCC3)cc12
AKT1,Ours,0.33,C1=CC=2C(C(C=3C=CC(F)=CC3)=C(OC2C=C1)C=4C=C(N=CC4)NC5CCCCC5)=O,CC(C)(C)S(=O)N1Cc2cc(-c3ccc(C#Cc4ccccc4F)cc3)nc(C(=O)NC3CCCCC3)c2C1CCO
AKT1,Ours,0.33,C1=CC2=C(N=C(N2CCN3CCOCC3)NC(=O)C=4C=CC=C(C4)N(=O)=O)C=C1,CC1CCCCOC(CN(C)Cc2cccnc2)C(C)CN(C(C)CO)C(=O)c2cc(NC(=O)CCN3CCOCC3)ccc2O1
AKT1,Ours,0.31,S1C=2C(C(C3=CC=C(NC(=O)NC4=CC=C(OC)C=C4)C=C3)=C1)=C(N=CC2C5=CN(N=C5)CCO)N,COc1ccc(NC(=O)NC2CCC(CCn3cc(-c4ccc(F)cc4)nn3)OC2CO)cc1
AKT1,Ours,0.31,S(=O)(=O)(NC=1C=C2N=C(C(=NC2=CC1)C)C)C3=CC=C(N)C=C3,COC1CN(C)C(=O)c2cc(NS(=O)(=O)c3cccc(C)c3)ccc2OCC(C)NCC1C
AKT1,Ours,0.31,O=C(NC1=CC=C(C=2C=C(C=CC2)C(=O)N)C=C1)NC3=CC(=CC=C3)C,CC1CN(C(C)CO)S(=O)(=O)c2ccc(-c3cccc(C(=O)N(C)C)c3)cc2OC1CN(C)Cc1ccc(C(=O)O)cc1
AKT1,Ours,0.31,FC(F)(F)C=1C=C(CNC2C(=NC=3C=CN=CC3)C(=O)C2=O)C=CC1,CC(C)NC(=O)Nc1ccc2c(c1)CC(=O)N(C(C)CO)CC(C)C(CN(C)Cc1cccc(C(F)(F)F)c1)O2
AKT1,Ours,0.31,FC(F)(F)C1=CC(NC(=O)NC2=CC=C(C3=C4C(NN=C4C)=CC=C3)C=C2)=CC=C1,CC1CN(C(C)CO)C(=O)c2cc(NC(=O)Nc3ccc(C(F)(F)F)cc3)ccc2OC1CN(C)Cc1ccc(C(F)(F)F)cc1
AKT1,Ours,0.31,C=1C(S(NC=2SC=NN2)(=O)=O)=CC=C(NC(=O)CCCCCCCCC)C1,CCCCCC(=O)Nc1ccc(C(=O)NCCCNCCCC(=O)NCCC(F)(F)F)cc1
AKT1,Ours,0.31,C(NC=1SC=2C(N1)=CC=C(C=3C=CC=C(C3)NS(C4=CC=C(C=C4)OC)(=O)=O)C2)(C)=O,COc1ccc(CN(C)CC2Oc3ccc(NS(=O)(=O)c4ccc(F)cc4)cc3C(=O)N(C(C)CO)CC2C)cc1
AKT1,Ours,0.3,CCN1C(=NC=2C=NC(OC=3C=CC=C(NC(=O)C=4C=CC(OCCN5CCOCC5)=CC4)C3)=CC12)C6=NON=C6N,COc1ccc(CNC(=O)CC2CC3c4cc(NC(=O)CN5CCOCC5)ccc4OC3C(CO)O2)cc1
AKT1,Ours,0.3,C=1C=CC=C(C(NCCCC(NC2OC(C(C(C2O)O)O)CO)=O)=O)C1,CCNC(=O)CC1C=CC(NC(=O)Cc2ccccc2)C(CO)O1
AKT1,Ours,0.29,O=C(NC1=CC=C(C=2C=C(C=CC2)C(=O)N)C=C1)NC3=CC(=CC=C3)C,CC(C)(C)c1ccc(C(=O)Nc2ccc(C(=O)Nc3ccc(C(=O)O)c(O)c3)cc2)cc1
AKT1,Ours,0.28,O=C(O)C=1N(C=2C(C1C=3C(=CC=CC3)C)=CC=CC2)CCCOC=4C=5C(C=CC4)=CC=CC5,CC1CN(C(C)CO)C(=O)c2c(c3ccccc3n2C)-c2ccccc2COC1CN(C)Cc1ccc(C(=O)O)cc1
AKT1,Ours,0.28,O=C(NC(C1=CC=CC=C1)CO)C2=CC=C(C=3C=CN=CC3)C=C2,CN(C)C(=O)c1ccc(-c2ccc(C3C(C#N)NC3CO)cc2)cc1
AKT1,Ours,0.27,ClC1=CC=C(C(=O)NC=2C=C3NN=CC3=CC2)C=C1,CC(C(C)(C)C)C(C)(C)C(O)CCC(=O)Nc1ccc(C(=O)c2ccc(Cl)cc2)cc1
AKT2,Cosine Search,0.24,S1C2=C(C(C3=CC=C(NC(=O)NC=4C(F)=CC=CC4)C=C3)=C1)C(=NC=C2C5=COC=C5)N,OC[C@@H]1O[C@@H](CC(=O)NC2CCCCC2)C[C@@H]3[C@H]1Oc4ccc(NC(=O)Nc5ccccc5F)cc34
AKT2,Cosine Search,0.29,O=C(NC1=NNC2=NC=3C(C=C21)=CC=CC3)CCC,CNC(=O)CCc1cc2ccccc2[nH]1
AKT2,Cosine Search,0.29,O=C(NC1=NNC2=NC=3C(C=C21)=CC=CC3)CCC,CNC(=O)CCc1cc2ccccc2[nH]1
AKT2,Cosine Search,0.18,ClC1=CC=2N=C3C(SC2C=C1)C(=O)CC(C3)(C)C,CC=C1/[C@H]2Cc3[nH]c(=O)ccc3[C@]1(N)CC(C)=C2
AKT2,Cosine Search,0.29,O=C(NC1=NNC2=NC=3C(C=C21)=CC=CC3)CCC,CNC(=O)CCc1cc2ccccc2[nH]1
AKT2,Cosine Search,0.24,FC=1C(NC(=O)NC2=CC=C(C3=C4C(NN=C4N)=CC=C3)C=C2)=CC(=CC1)C(=O)O,CCc1ccc(C=C2SC(=S)N(CCCC(=O)Nc3ccc(cc3)C(O)=O)C2=O)cc1
AKT2,Cosine Search,0.27,FC(F)(F)C1=CC(NC(=O)NC2=CC=C(C3=C4C(NN=C4C)=CC=C3)C=C2)=CC=C1,C[C@@H](CO)N1C[C@H](C)[C@@H](CN(C)CC2CC2)Oc3c(NC(=O)Nc4ccc(cc4)C(F)(F)F)cccc3C1=O
AKT2,Cosine Search,0.24,FC=1C(NC(=O)NC2=CC=C(C3=C4C(NN=C4N)=CC=C3)C=C2)=CC(=CC1)C(=O)O,CCc1ccc(C=C2SC(=S)N(CCCC(=O)Nc3ccc(cc3)C(O)=O)C2=O)cc1
AKT2,Cosine Search,0.18,ClC1=CC=2N=C3C(SC2C=C1)C(=O)CC(C3)(C)C,CC=C1/[C@H]2Cc3[nH]c(=O)ccc3[C@]1(N)CC(C)=C2
AKT2,Cosine Search,0.29,O=C(NC1=NNC2=NC=3C(C=C21)=CC=CC3)CCC,CNC(=O)CCc1cc2ccccc2[nH]1
AKT2,Cosine Search,0.23,O1[C@@H](CCN2C=3C(C(C4=C(C=5C=6C(N(CC1)C5)=CC=CC6)C(=O)NC4=O)=C2)=CC=CC3)CN(C)C,C[C@@H](CO)N1C[C@H](C)[C@@H](CN(C)C(=O)CCC(F)(F)F)OCc2ccccc2-c3c(C1=O)n(C)c4ccccc34
AKT2,Cosine Search,0.18,ClC1=CC=2N=C3C(SC2C=C1)C(=O)CC(C3)(C)C,CC=C1/[C@H]2Cc3[nH]c(=O)ccc3[C@]1(N)CC(C)=C2
AKT2,Cosine Search,0.18,ClC1=CC=2N=C3C(SC2C=C1)C(=O)CC(C3)(C)C,CC=C1/[C@H]2Cc3[nH]c(=O)ccc3[C@]1(N)CC(C)=C2
AKT2,Cosine Search,0.29,O=C(NC1=NNC2=NC=3C(C=C21)=CC=CC3)CCC,CNC(=O)CCc1cc2ccccc2[nH]1
AKT2,Cosine Search,0.26,ClC1=C2C(NC(=O)C=3C=CC(=CC3)C)=C(SC2=CC=C1Cl)C#N,Cc1ccc(cc1)C(=O)/N=c2/cccc[nH]2
AKT2,Cosine Search,0.18,ClC1=CC=2N=C3C(SC2C=C1)C(=O)CC(C3)(C)C,CC=C1/[C@H]2Cc3[nH]c(=O)ccc3[C@]1(N)CC(C)=C2
AKT2,Cosine Search,0.23,O1[C@@H](CCN2C=3C(C(C4=C(C=5C=6C(N(CC1)C5)=CC=CC6)C(=O)NC4=O)=C2)=CC=CC3)CN(C)C,C[C@@H](CO)N1C[C@H](C)[C@@H](CN(C)C(=O)CCC(F)(F)F)OCc2ccccc2-c3c(C1=O)n(C)c4ccccc34
AKT2,Cosine Search,0.29,O=C(NC1=NNC2=NC=3C(C=C21)=CC=CC3)CCC,CNC(=O)CCc1cc2ccccc2[nH]1
AKT2,Cosine Search,0.29,O=C(NC1=NNC2=NC=3C(C=C21)=CC=CC3)CCC,CNC(=O)CCc1cc2ccccc2[nH]1
AKT2,Cosine Search,0.18,OC=1C(=CC=C(N2CCOCC2)C1)C(=O)C,COc1c(ccc2OC(C)(C)CCc12)C(=O)O
AKT2,Cosine Search,0.29,O=C(NC1=NNC2=NC=3C(C=C21)=CC=CC3)CCC,CNC(=O)CCc1cc2ccccc2[nH]1
AKT2,Cosine Search,0.29,O=C(NC1=NNC2=NC=3C(C=C21)=CC=CC3)CCC,CNC(=O)CCc1cc2ccccc2[nH]1
AKT2,Cosine Search,0.18,ClC1=CC=2N=C3C(SC2C=C1)C(=O)CC(C3)(C)C,CC=C1/[C@H]2Cc3[nH]c(=O)ccc3[C@]1(N)CC(C)=C2
AKT2,Cosine Search,0.29,O=C(NC1=NNC2=NC=3C(C=C21)=CC=CC3)CCC,CNC(=O)CCc1cc2ccccc2[nH]1
AKT2,Cosine Search,0.24,FC=1C(NC(=O)NC2=CC=C(C3=C4C(NN=C4N)=CC=C3)C=C2)=CC(=CC1)C(=O)O,CCc1ccc(C=C2SC(=S)N(CCCC(=O)Nc3ccc(cc3)C(O)=O)C2=O)cc1
AKT2,Cosine Search,0.26,ClC1=C2C(NC(=O)C=3C=CC(=CC3)C)=C(SC2=CC=C1Cl)C#N,Cc1ccc(cc1)C(=O)/N=c2/cccc[nH]2
AKT2,Cosine Search,0.29,O=C(NC1=NNC2=NC=3C(C=C21)=CC=CC3)CCC,CNC(=O)CCc1cc2ccccc2[nH]1
AKT2,Cosine Search,0.29,O=C(NC1=NNC2=NC=3C(C=C21)=CC=CC3)CCC,CNC(=O)CCc1cc2ccccc2[nH]1
AKT2,Cosine Search,0.18,ClC1=CC=2N=C3C(SC2C=C1)C(=O)CC(C3)(C)C,CC=C1/[C@H]2Cc3[nH]c(=O)ccc3[C@]1(N)CC(C)=C2
AKT2,Cosine Search,0.27,FC(F)(F)C1=CC(NC(=O)NC2=CC=C(C3=C4C(NN=C4C)=CC=C3)C=C2)=CC=C1,C[C@@H](CO)N1C[C@H](C)[C@@H](CN(C)CC2CC2)Oc3c(NC(=O)Nc4ccc(cc4)C(F)(F)F)cccc3C1=O
AKT2,Cosine Search,0.18,ClC1=CC=2N=C3C(SC2C=C1)C(=O)CC(C3)(C)C,CC=C1/[C@H]2Cc3[nH]c(=O)ccc3[C@]1(N)CC(C)=C2
AKT2,Cosine Search,0.18,ClC1=CC=2N=C3C(SC2C=C1)C(=O)CC(C3)(C)C,CC=C1/[C@H]2Cc3[nH]c(=O)ccc3[C@]1(N)CC(C)=C2
AKT2,Cosine Search,0.27,FC(F)(F)C1=CC(NC(=O)NC2=CC=C(C3=C4C(NN=C4C)=CC=C3)C=C2)=CC=C1,C[C@@H](CO)N1C[C@H](C)[C@@H](CN(C)CC2CC2)Oc3c(NC(=O)Nc4ccc(cc4)C(F)(F)F)cccc3C1=O
AKT2,Cosine Search,0.24,FC=1C(NC(=O)NC2=CC=C(C3=C4C(NN=C4N)=CC=C3)C=C2)=CC(=CC1)C(=O)O,CCc1ccc(C=C2SC(=S)N(CCCC(=O)Nc3ccc(cc3)C(O)=O)C2=O)cc1
AKT2,Cosine Search,0.26,ClC1=C2C(NC(=O)C=3C=CC(=CC3)C)=C(SC2=CC=C1Cl)C#N,Cc1ccc(cc1)C(=O)/N=c2/cccc[nH]2
AKT2,Cosine Search,0.29,O=C(NC1=NNC2=NC=3C(C=C21)=CC=CC3)CCC,CNC(=O)CCc1cc2ccccc2[nH]1
AKT2,Cosine Search,0.29,O=C(NC1=NNC2=NC=3C(C=C21)=CC=CC3)CCC,CNC(=O)CCc1cc2ccccc2[nH]1
AKT2,Cosine Search,0.24,FC=1C(NC(=O)NC2=CC=C(C3=C4C(NN=C4N)=CC=C3)C=C2)=CC(=CC1)C(=O)O,CCc1ccc(C=C2SC(=S)N(CCCC(=O)Nc3ccc(cc3)C(O)=O)C2=O)cc1
AKT2,Cosine Search,0.24,FC=1C(NC(=O)NC2=CC=C(C3=C4C(NN=C4N)=CC=C3)C=C2)=CC(=CC1)C(=O)O,CCc1ccc(C=C2SC(=S)N(CCCC(=O)Nc3ccc(cc3)C(O)=O)C2=O)cc1
AKT2,Cosine Search,0.29,O=C(NC1=NNC2=NC=3C(C=C21)=CC=CC3)CCC,CNC(=O)CCc1cc2ccccc2[nH]1
AKT2,Cosine Search,0.26,ClC1=C2C(NC(=O)C=3C=CC(=CC3)C)=C(SC2=CC=C1Cl)C#N,Cc1ccc(cc1)C(=O)/N=c2/cccc[nH]2
AKT2,Cosine Search,0.24,FC=1C(NC(=O)NC2=CC=C(C3=C4C(NN=C4N)=CC=C3)C=C2)=CC(=CC1)C(=O)O,CCc1ccc(C=C2SC(=S)N(CCCC(=O)Nc3ccc(cc3)C(O)=O)C2=O)cc1
AKT2,Cosine Search,0.19,ClC1=CC(NC=2NN=C(C2C3=CC=C(O)C=C3)C4=CC=C(O)C=C4)=CC=C1,OCC1OC(Oc2cc(O)c3c(=O)c(coc3c2)c4ccc(O)cc4)C(O)C(O)C1O
AKT2,Cosine Search,0.19,N=1C2=CC(=CC=C2N3C=CC=C3C1O)CN4CCCC4=O,C[C@H](CO)N1C[C@H](C)[C@H](CN(C)Cc2ccc(O)cc2)OCc3cnnn3CCCC1=O
AKT2,Cosine Search,0.29,O=C(NC1=NNC2=NC=3C(C=C21)=CC=CC3)CCC,CNC(=O)CCc1cc2ccccc2[nH]1
AKT2,Cosine Search,0.27,C1(CCN(CC1)C2=NC=NC=3NC=CC23)(C(N4CCC5=C(C4)C=CC=C5)=O)N,CC(C)NC(=O)N1[C@@H]([C@@H](CO)[C@@H]2Cn3c(cccc3=O)[C@H]12)C(=O)N1CCc2ccccc2C1
AKT2,Cosine Search,0.27,FC(F)(F)C1=CC(NC(=O)NC2=CC=C(C3=C4C(NN=C4C)=CC=C3)C=C2)=CC=C1,C[C@@H](CO)N1C[C@H](C)[C@@H](CN(C)CC2CC2)Oc3c(NC(=O)Nc4ccc(cc4)C(F)(F)F)cccc3C1=O
AKT2,Cosine Search,0.29,O=C(NC1=NNC2=NC=3C(C=C21)=CC=CC3)CCC,CNC(=O)CCc1cc2ccccc2[nH]1
AKT2,Cosine Search,0.26,ClC1=C2C(NC(=O)C=3C=CC(=CC3)C)=C(SC2=CC=C1Cl)C#N,Cc1ccc(cc1)C(=O)/N=c2/cccc[nH]2
AKT2,Cosine Search,0.27,FC(F)(F)C1=CC(NC(=O)NC2=CC=C(C3=C4C(NN=C4C)=CC=C3)C=C2)=CC=C1,C[C@@H](CO)N1C[C@H](C)[C@@H](CN(C)CC2CC2)Oc3c(NC(=O)Nc4ccc(cc4)C(F)(F)F)cccc3C1=O
AKT2,Cosine Search,0.23,O1[C@@H](CCN2C=3C(C(C4=C(C=5C=6C(N(CC1)C5)=CC=CC6)C(=O)NC4=O)=C2)=CC=CC3)CN(C)C,C[C@@H](CO)N1C[C@H](C)[C@@H](CN(C)C(=O)CCC(F)(F)F)OCc2ccccc2-c3c(C1=O)n(C)c4ccccc34
AKT2,Cosine Search,0.19,ClC1=CC(NC=2NN=C(C2C3=CC=C(O)C=C3)C4=CC=C(O)C=C4)=CC=C1,OCC1OC(Oc2cc(O)c3c(=O)c(coc3c2)c4ccc(O)cc4)C(O)C(O)C1O
AKT2,Cosine Search,0.29,O=C(NC1=NNC2=NC=3C(C=C21)=CC=CC3)CCC,CNC(=O)CCc1cc2ccccc2[nH]1
AKT2,Cosine Search,0.29,O=C(NC1=NNC2=NC=3C(C=C21)=CC=CC3)CCC,CNC(=O)CCc1cc2ccccc2[nH]1
AKT2,Cosine Search,0.18,ClC1=CC=2N=C3C(SC2C=C1)C(=O)CC(C3)(C)C,CC=C1/[C@H]2Cc3[nH]c(=O)ccc3[C@]1(N)CC(C)=C2
AKT2,Cosine Search,0.22,O=C1NCCC=2C3=C(NC21)C=CC(=C3)C(OCC)=O,CCOC(=O)c1c(NC(=S)NC(=O)c2ccc(OC)c(c2)[N+](=O)[O-])sc3CCCc13
AKT2,Cosine Search,0.18,ClC1=CC=2N=C3C(SC2C=C1)C(=O)CC(C3)(C)C,CC=C1/[C@H]2Cc3[nH]c(=O)ccc3[C@]1(N)CC(C)=C2
AKT2,Cosine Search,0.23,O1[C@@H](CCN2C=3C(C(C4=C(C=5C=6C(N(CC1)C5)=CC=CC6)C(=O)NC4=O)=C2)=CC=CC3)CN(C)C,C[C@@H](CO)N1C[C@H](C)[C@@H](CN(C)C(=O)CCC(F)(F)F)OCc2ccccc2-c3c(C1=O)n(C)c4ccccc34
AKT2,Cosine Search,0.29,O=C(NC1=NNC2=NC=3C(C=C21)=CC=CC3)CCC,CNC(=O)CCc1cc2ccccc2[nH]1
AKT2,Cosine Search,0.29,O=C(NC1=NNC2=NC=3C(C=C21)=CC=CC3)CCC,CNC(=O)CCc1cc2ccccc2[nH]1
AKT2,Cosine Search,0.18,ClC1=CC=2N=C3C(SC2C=C1)C(=O)CC(C3)(C)C,CC=C1/[C@H]2Cc3[nH]c(=O)ccc3[C@]1(N)CC(C)=C2
AKT2,Cosine Search,0.18,ClC1=CC=2N=C3C(SC2C=C1)C(=O)CC(C3)(C)C,CC=C1/[C@H]2Cc3[nH]c(=O)ccc3[C@]1(N)CC(C)=C2
AKT2,Cosine Search,0.19,N=1C2=CC(=CC=C2N3C=CC=C3C1O)CN4CCCC4=O,C[C@H](CO)N1C[C@H](C)[C@H](CN(C)Cc2ccc(O)cc2)OCc3cnnn3CCCC1=O
AKT2,Cosine Search,0.19,N=1C2=CC(=CC=C2N3C=CC=C3C1O)CN4CCCC4=O,C[C@H](CO)N1C[C@H](C)[C@H](CN(C)Cc2ccc(O)cc2)OCc3cnnn3CCCC1=O
AKT2,Cosine Search,0.24,FC=1C(NC(=O)NC2=CC=C(C3=C4C(NN=C4N)=CC=C3)C=C2)=CC(=CC1)C(=O)O,CCc1ccc(C=C2SC(=S)N(CCCC(=O)Nc3ccc(cc3)C(O)=O)C2=O)cc1
AKT2,Cosine Search,0.23,O1[C@@H](CCN2C=3C(C(C4=C(C=5C=6C(N(CC1)C5)=CC=CC6)C(=O)NC4=O)=C2)=CC=CC3)CN(C)C,C[C@@H](CO)N1C[C@H](C)[C@@H](CN(C)C(=O)CCC(F)(F)F)OCc2ccccc2-c3c(C1=O)n(C)c4ccccc34
AKT2,Cosine Search,0.29,O=C(NC1=NNC2=NC=3C(C=C21)=CC=CC3)CCC,CNC(=O)CCc1cc2ccccc2[nH]1
AKT2,Cosine Search,0.18,ClC1=CC=2N=C3C(SC2C=C1)C(=O)CC(C3)(C)C,CC=C1/[C@H]2Cc3[nH]c(=O)ccc3[C@]1(N)CC(C)=C2
AKT2,Cosine Search,0.14,O=C1NC(=O)C2=NC(=C3C(=C21)C=C(OC)C(OC)=C3)CC,CCC1(C)CC(=O)NC1=O
AKT2,Cosine Search,0.29,O=C(NC1=NNC2=NC=3C(C=C21)=CC=CC3)CCC,CNC(=O)CCc1cc2ccccc2[nH]1
AKT2,Cosine Search,0.27,FC(F)(F)C1=CC(NC(=O)NC2=CC=C(C3=C4C(NN=C4C)=CC=C3)C=C2)=CC=C1,C[C@@H](CO)N1C[C@H](C)[C@@H](CN(C)CC2CC2)Oc3c(NC(=O)Nc4ccc(cc4)C(F)(F)F)cccc3C1=O
AKT2,Cosine Search,0.19,N=1C2=CC(=CC=C2N3C=CC=C3C1O)CN4CCCC4=O,C[C@H](CO)N1C[C@H](C)[C@H](CN(C)Cc2ccc(O)cc2)OCc3cnnn3CCCC1=O
AKT2,Cosine Search,0.27,FC(F)(F)C1=CC(NC(=O)NC2=CC=C(C3=C4C(NN=C4C)=CC=C3)C=C2)=CC=C1,C[C@@H](CO)N1C[C@H](C)[C@@H](CN(C)CC2CC2)Oc3c(NC(=O)Nc4ccc(cc4)C(F)(F)F)cccc3C1=O
AKT2,Cosine Search,0.24,FC=1C(NC(=O)NC2=CC=C(C3=C4C(NN=C4N)=CC=C3)C=C2)=CC(=CC1)C(=O)O,CCc1ccc(C=C2SC(=S)N(CCCC(=O)Nc3ccc(cc3)C(O)=O)C2=O)cc1
AKT2,Cosine Search,0.29,O=C(NC1=NNC2=NC=3C(C=C21)=CC=CC3)CCC,CNC(=O)CCc1cc2ccccc2[nH]1
AKT2,Cosine Search,0.18,OC=1C(=CC=C(N2CCOCC2)C1)C(=O)C,COc1c(ccc2OC(C)(C)CCc12)C(=O)O
AKT2,Cosine Search,0.24,FC=1C(NC(=O)NC2=CC=C(C3=C4C(NN=C4N)=CC=C3)C=C2)=CC(=CC1)C(=O)O,CCc1ccc(C=C2SC(=S)N(CCCC(=O)Nc3ccc(cc3)C(O)=O)C2=O)cc1
AKT2,Cosine Search,0.24,FC=1C(NC(=O)NC2=CC=C(C3=C4C(NN=C4N)=CC=C3)C=C2)=CC(=CC1)C(=O)O,CCc1ccc(C=C2SC(=S)N(CCCC(=O)Nc3ccc(cc3)C(O)=O)C2=O)cc1
AKT2,Cosine Search,0.18,ClC1=CC=2N=C3C(SC2C=C1)C(=O)CC(C3)(C)C,CC=C1/[C@H]2Cc3[nH]c(=O)ccc3[C@]1(N)CC(C)=C2
AKT2,Cosine Search,0.29,O=C(NC1=NNC2=NC=3C(C=C21)=CC=CC3)CCC,CNC(=O)CCc1cc2ccccc2[nH]1
AKT2,Cosine Search,0.23,O1[C@@H](CCN2C=3C(C(C4=C(C=5C=6C(N(CC1)C5)=CC=CC6)C(=O)NC4=O)=C2)=CC=CC3)CN(C)C,C[C@@H](CO)N1C[C@H](C)[C@@H](CN(C)C(=O)CCC(F)(F)F)OCc2ccccc2-c3c(C1=O)n(C)c4ccccc34
AKT2,Cosine Search,0.29,O=C(NC1=NNC2=NC=3C(C=C21)=CC=CC3)CCC,CNC(=O)CCc1cc2ccccc2[nH]1
AKT2,Cosine Search,0.24,FC=1C(NC(=O)NC2=CC=C(C3=C4C(NN=C4N)=CC=C3)C=C2)=CC(=CC1)C(=O)O,CCc1ccc(C=C2SC(=S)N(CCCC(=O)Nc3ccc(cc3)C(O)=O)C2=O)cc1
AKT2,Cosine Search,0.29,O=C(NC1=NNC2=NC=3C(C=C21)=CC=CC3)CCC,CNC(=O)CCc1cc2ccccc2[nH]1
AKT2,Cosine Search,0.24,FC=1C(NC(=O)NC2=CC=C(C3=C4C(NN=C4N)=CC=C3)C=C2)=CC(=CC1)C(=O)O,CCc1ccc(C=C2SC(=S)N(CCCC(=O)Nc3ccc(cc3)C(O)=O)C2=O)cc1
AKT2,Cosine Search,0.24,FC=1C(NC(=O)NC2=CC=C(C3=C4C(NN=C4N)=CC=C3)C=C2)=CC(=CC1)C(=O)O,CCc1ccc(C=C2SC(=S)N(CCCC(=O)Nc3ccc(cc3)C(O)=O)C2=O)cc1
AKT2,Cosine Search,0.29,O=C(NC1=NNC2=NC=3C(C=C21)=CC=CC3)CCC,CNC(=O)CCc1cc2ccccc2[nH]1
AKT2,Cosine Search,0.24,FC=1C(NC(=O)NC2=CC=C(C3=C4C(NN=C4N)=CC=C3)C=C2)=CC(=CC1)C(=O)O,CCc1ccc(C=C2SC(=S)N(CCCC(=O)Nc3ccc(cc3)C(O)=O)C2=O)cc1
AKT2,Cosine Search,0.24,FC=1C(NC(=O)NC2=CC=C(C3=C4C(NN=C4N)=CC=C3)C=C2)=CC(=CC1)C(=O)O,CCc1ccc(C=C2SC(=S)N(CCCC(=O)Nc3ccc(cc3)C(O)=O)C2=O)cc1
AKT2,Cosine Search,0.18,ClC1=CC=2N=C3C(SC2C=C1)C(=O)CC(C3)(C)C,CC=C1/[C@H]2Cc3[nH]c(=O)ccc3[C@]1(N)CC(C)=C2
AKT2,Cosine Search,0.19,N=1C2=CC(=CC=C2N3C=CC=C3C1O)CN4CCCC4=O,C[C@H](CO)N1C[C@H](C)[C@H](CN(C)Cc2ccc(O)cc2)OCc3cnnn3CCCC1=O
AKT2,Cosine Search,0.27,C1(CCN(CC1)C2=NC=NC=3NC=CC23)(C(N4CCC5=C(C4)C=CC=C5)=O)N,CC(C)NC(=O)N1[C@@H]([C@@H](CO)[C@@H]2Cn3c(cccc3=O)[C@H]12)C(=O)N1CCc2ccccc2C1
AKT2,Cosine Search,0.23,O1[C@@H](CCN2C=3C(C(C4=C(C=5C=6C(N(CC1)C5)=CC=CC6)C(=O)NC4=O)=C2)=CC=CC3)CN(C)C,C[C@@H](CO)N1C[C@H](C)[C@@H](CN(C)C(=O)CCC(F)(F)F)OCc2ccccc2-c3c(C1=O)n(C)c4ccccc34
AKT2,Cosine Search,0.28,O=C(NC1=NNC=N1)C2=CC3=C(N(C(=C3C)C)CC4=CC=CC=C4)C=C2,Cc1c(NC(=O)c2cccnc2)c(=O)n(-c2ccccc2)n1C
AKT2,Cosine Search,0.23,O1[C@@H](CCN2C=3C(C(C4=C(C=5C=6C(N(CC1)C5)=CC=CC6)C(=O)NC4=O)=C2)=CC=CC3)CN(C)C,C[C@@H](CO)N1C[C@H](C)[C@@H](CN(C)C(=O)CCC(F)(F)F)OCc2ccccc2-c3c(C1=O)n(C)c4ccccc34
AKT2,Cosine Search,0.18,ClC1=CC=2N=C3C(SC2C=C1)C(=O)CC(C3)(C)C,CC=C1/[C@H]2Cc3[nH]c(=O)ccc3[C@]1(N)CC(C)=C2
AKT2,Cosine Search,0.29,O=C(NC1=NNC2=NC=3C(C=C21)=CC=CC3)CCC,CNC(=O)CCc1cc2ccccc2[nH]1
AKT2,Cosine Search,0.23,O1[C@@H](CCN2C=3C(C(C4=C(C=5C=6C(N(CC1)C5)=CC=CC6)C(=O)NC4=O)=C2)=CC=CC3)CN(C)C,C[C@@H](CO)N1C[C@H](C)[C@@H](CN(C)C(=O)CCC(F)(F)F)OCc2ccccc2-c3c(C1=O)n(C)c4ccccc34
AKT2,Cosine Search,0.29,O=C(NC1=NNC2=NC=3C(C=C21)=CC=CC3)CCC,CNC(=O)CCc1cc2ccccc2[nH]1
AKT2,Cosine Search,0.29,O=C(NC1=NNC2=NC=3C(C=C21)=CC=CC3)CCC,CNC(=O)CCc1cc2ccccc2[nH]1
AKT2,Euclidean Search,0.15,S1C=2N(C(=N)C(C(C2C(=O)N)C=3OC=CC3)C#N)C(=O)C1=CC=4OC=CC4,Nn1c(=O)c(Cc2ccco2)n[nH]c1=S
AKT2,Euclidean Search,0.29,O=C(NC1=NNC2=NC=3C(C=C21)=CC=CC3)CCC,CNC(=O)CCc1cc2ccccc2[nH]1
AKT2,Euclidean Search,0.29,O=C(NC1=NNC2=NC=3C(C=C21)=CC=CC3)CCC,CNC(=O)CCc1cc2ccccc2[nH]1
AKT2,Euclidean Search,0.29,O=C(NC1=NNC2=NC=3C(C=C21)=CC=CC3)CCC,CNC(=O)CCc1cc2ccccc2[nH]1
AKT2,Euclidean Search,0.29,O=C(NC1=NNC2=NC=3C(C=C21)=CC=CC3)CCC,CNC(=O)CCc1cc2ccccc2[nH]1
AKT2,Euclidean Search,0.15,S1C=2N(C(=N)C(C(C2C(=O)N)C=3OC=CC3)C#N)C(=O)C1=CC=4OC=CC4,Nn1c(=O)c(Cc2ccco2)n[nH]c1=S
AKT2,Euclidean Search,0.29,O=C(NC1=NNC2=NC=3C(C=C21)=CC=CC3)CCC,CNC(=O)CCc1cc2ccccc2[nH]1
AKT2,Euclidean Search,0.15,S1C=2N(C(=N)C(C(C2C(=O)N)C=3OC=CC3)C#N)C(=O)C1=CC=4OC=CC4,Nn1c(=O)c(Cc2ccco2)n[nH]c1=S
AKT2,Euclidean Search,0.26,ClC1=C2C(NC(=O)C=3C=CC(=CC3)C)=C(SC2=CC=C1Cl)C#N,Cc1ccc(cc1)C(=O)/N=c2/cccc[nH]2
AKT2,Euclidean Search,0.29,O=C(NC1=NNC2=NC=3C(C=C21)=CC=CC3)CCC,CNC(=O)CCc1cc2ccccc2[nH]1
AKT2,Euclidean Search,0.15,S1C=2N(C(=N)C(C(C2C(=O)N)C=3OC=CC3)C#N)C(=O)C1=CC=4OC=CC4,Nn1c(=O)c(Cc2ccco2)n[nH]c1=S
AKT2,Euclidean Search,0.29,O=C(NC1=NNC2=NC=3C(C=C21)=CC=CC3)CCC,CNC(=O)CCc1cc2ccccc2[nH]1
AKT2,Euclidean Search,0.26,ClC1=C2C(NC(=O)C=3C=CC(=CC3)C)=C(SC2=CC=C1Cl)C#N,Cc1ccc(cc1)C(=O)/N=c2/cccc[nH]2
AKT2,Euclidean Search,0.29,O=C(NC1=NNC2=NC=3C(C=C21)=CC=CC3)CCC,CNC(=O)CCc1cc2ccccc2[nH]1
AKT2,Euclidean Search,0.26,ClC1=C2C(NC(=O)C=3C=CC(=CC3)C)=C(SC2=CC=C1Cl)C#N,Cc1ccc(cc1)C(=O)/N=c2/cccc[nH]2
AKT2,Euclidean Search,0.26,ClC1=C2C(NC(=O)C=3C=CC(=CC3)C)=C(SC2=CC=C1Cl)C#N,Cc1ccc(cc1)C(=O)/N=c2/cccc[nH]2
AKT2,Euclidean Search,0.15,S1C=2N(C(=N)C(C(C2C(=O)N)C=3OC=CC3)C#N)C(=O)C1=CC=4OC=CC4,Nn1c(=O)c(Cc2ccco2)n[nH]c1=S
AKT2,Euclidean Search,0.29,O=C(NC1=NNC2=NC=3C(C=C21)=CC=CC3)CCC,CNC(=O)CCc1cc2ccccc2[nH]1
AKT2,Euclidean Search,0.29,O=C(NC1=NNC2=NC=3C(C=C21)=CC=CC3)CCC,CNC(=O)CCc1cc2ccccc2[nH]1
AKT2,Euclidean Search,0.15,S1C=2N(C(=N)C(C(C2C(=O)N)C=3OC=CC3)C#N)C(=O)C1=CC=4OC=CC4,Nn1c(=O)c(Cc2ccco2)n[nH]c1=S
AKT2,Euclidean Search,0.29,O=C(NC1=NNC2=NC=3C(C=C21)=CC=CC3)CCC,CNC(=O)CCc1cc2ccccc2[nH]1
AKT2,Euclidean Search,0.29,O=C(NC1=NNC2=NC=3C(C=C21)=CC=CC3)CCC,CNC(=O)CCc1cc2ccccc2[nH]1
AKT2,Euclidean Search,0.29,O=C(NC1=NNC2=NC=3C(C=C21)=CC=CC3)CCC,CNC(=O)CCc1cc2ccccc2[nH]1
AKT2,Euclidean Search,0.29,O=C(NC1=NNC2=NC=3C(C=C21)=CC=CC3)CCC,CNC(=O)CCc1cc2ccccc2[nH]1
AKT2,Euclidean Search,0.15,S1C=2N(C(=N)C(C(C2C(=O)N)C=3OC=CC3)C#N)C(=O)C1=CC=4OC=CC4,Nn1c(=O)c(Cc2ccco2)n[nH]c1=S
AKT2,Euclidean Search,0.29,O=C(NC1=NNC2=NC=3C(C=C21)=CC=CC3)CCC,CNC(=O)CCc1cc2ccccc2[nH]1
AKT2,Euclidean Search,0.29,O=C(NC1=NNC2=NC=3C(C=C21)=CC=CC3)CCC,CNC(=O)CCc1cc2ccccc2[nH]1
AKT2,Euclidean Search,0.29,O=C(NC1=NNC2=NC=3C(C=C21)=CC=CC3)CCC,CNC(=O)CCc1cc2ccccc2[nH]1
AKT2,Euclidean Search,0.29,O=C(NC1=NNC2=NC=3C(C=C21)=CC=CC3)CCC,CNC(=O)CCc1cc2ccccc2[nH]1
AKT2,Euclidean Search,0.29,O=C(NC1=NNC2=NC=3C(C=C21)=CC=CC3)CCC,CNC(=O)CCc1cc2ccccc2[nH]1
AKT2,Euclidean Search,0.26,ClC1=C2C(NC(=O)C=3C=CC(=CC3)C)=C(SC2=CC=C1Cl)C#N,Cc1ccc(cc1)C(=O)/N=c2/cccc[nH]2
AKT2,Euclidean Search,0.29,O=C(NC1=NNC2=NC=3C(C=C21)=CC=CC3)CCC,CNC(=O)CCc1cc2ccccc2[nH]1
AKT2,Euclidean Search,0.29,O=C(NC1=NNC2=NC=3C(C=C21)=CC=CC3)CCC,CNC(=O)CCc1cc2ccccc2[nH]1
AKT2,Euclidean Search,0.29,O=C(NC1=NNC2=NC=3C(C=C21)=CC=CC3)CCC,CNC(=O)CCc1cc2ccccc2[nH]1
AKT2,Euclidean Search,0.26,ClC1=C2C(NC(=O)C=3C=CC(=CC3)C)=C(SC2=CC=C1Cl)C#N,Cc1ccc(cc1)C(=O)/N=c2/cccc[nH]2
AKT2,Euclidean Search,0.29,O=C(NC1=NNC2=NC=3C(C=C21)=CC=CC3)CCC,CNC(=O)CCc1cc2ccccc2[nH]1
AKT2,Euclidean Search,0.29,O=C(NC1=NNC2=NC=3C(C=C21)=CC=CC3)CCC,CNC(=O)CCc1cc2ccccc2[nH]1
AKT2,Euclidean Search,0.29,O=C(NC1=NNC2=NC=3C(C=C21)=CC=CC3)CCC,CNC(=O)CCc1cc2ccccc2[nH]1
AKT2,Euclidean Search,0.29,O=C(NC1=NNC2=NC=3C(C=C21)=CC=CC3)CCC,CNC(=O)CCc1cc2ccccc2[nH]1
AKT2,Euclidean Search,0.29,O=C(NC1=NNC2=NC=3C(C=C21)=CC=CC3)CCC,CNC(=O)CCc1cc2ccccc2[nH]1
AKT2,Euclidean Search,0.15,S1C=2N(C(=N)C(C(C2C(=O)N)C=3OC=CC3)C#N)C(=O)C1=CC=4OC=CC4,Nn1c(=O)c(Cc2ccco2)n[nH]c1=S
AKT2,Euclidean Search,0.29,O=C(NC1=NNC2=NC=3C(C=C21)=CC=CC3)CCC,CNC(=O)CCc1cc2ccccc2[nH]1
AKT2,Euclidean Search,0.15,S1C=2N(C(=N)C(C(C2C(=O)N)C=3OC=CC3)C#N)C(=O)C1=CC=4OC=CC4,Nn1c(=O)c(Cc2ccco2)n[nH]c1=S
AKT2,Euclidean Search,0.29,O=C(NC1=NNC2=NC=3C(C=C21)=CC=CC3)CCC,CNC(=O)CCc1cc2ccccc2[nH]1
AKT2,Euclidean Search,0.29,O=C(NC1=NNC2=NC=3C(C=C21)=CC=CC3)CCC,CNC(=O)CCc1cc2ccccc2[nH]1
AKT2,Euclidean Search,0.29,O=C(NC1=NNC2=NC=3C(C=C21)=CC=CC3)CCC,CNC(=O)CCc1cc2ccccc2[nH]1
AKT2,Euclidean Search,0.22,C=1(C=C2/C(/C(NC2=CC1)=O)=C(\C)/C=3NC=C(C3)CNC(C4CCN(CC4)C)=O)NC(=O)N,CCOC(=O)C1CCN(CC1)C(=O)C(C)(C)NC(=O)Nc1ccc(cc1)N(C)C
AKT2,Euclidean Search,0.29,O=C(NC1=NNC2=NC=3C(C=C21)=CC=CC3)CCC,CNC(=O)CCc1cc2ccccc2[nH]1
AKT2,Euclidean Search,0.26,ClC1=C2C(NC(=O)C=3C=CC(=CC3)C)=C(SC2=CC=C1Cl)C#N,Cc1ccc(cc1)C(=O)/N=c2/cccc[nH]2
AKT2,Euclidean Search,0.29,O=C(NC1=NNC2=NC=3C(C=C21)=CC=CC3)CCC,CNC(=O)CCc1cc2ccccc2[nH]1
AKT2,Euclidean Search,0.29,O=C(NC1=NNC2=NC=3C(C=C21)=CC=CC3)CCC,CNC(=O)CCc1cc2ccccc2[nH]1
AKT2,Euclidean Search,0.15,S1C=2N(C(=N)C(C(C2C(=O)N)C=3OC=CC3)C#N)C(=O)C1=CC=4OC=CC4,Nn1c(=O)c(Cc2ccco2)n[nH]c1=S
AKT2,Euclidean Search,0.29,O=C(NC1=NNC2=NC=3C(C=C21)=CC=CC3)CCC,CNC(=O)CCc1cc2ccccc2[nH]1
AKT2,Euclidean Search,0.29,O=C(NC1=NNC2=NC=3C(C=C21)=CC=CC3)CCC,CNC(=O)CCc1cc2ccccc2[nH]1
AKT2,Euclidean Search,0.26,ClC1=C2C(NC(=O)C=3C=CC(=CC3)C)=C(SC2=CC=C1Cl)C#N,Cc1ccc(cc1)C(=O)/N=c2/cccc[nH]2
AKT2,Euclidean Search,0.29,O=C(NC1=NNC2=NC=3C(C=C21)=CC=CC3)CCC,CNC(=O)CCc1cc2ccccc2[nH]1
AKT2,Euclidean Search,0.26,ClC1=C2C(NC(=O)C=3C=CC(=CC3)C)=C(SC2=CC=C1Cl)C#N,Cc1ccc(cc1)C(=O)/N=c2/cccc[nH]2
AKT2,Euclidean Search,0.29,O=C(NC1=NNC2=NC=3C(C=C21)=CC=CC3)CCC,CNC(=O)CCc1cc2ccccc2[nH]1
AKT2,Euclidean Search,0.29,O=C(NC1=NNC2=NC=3C(C=C21)=CC=CC3)CCC,CNC(=O)CCc1cc2ccccc2[nH]1
AKT2,Euclidean Search,0.29,O=C(NC1=NNC2=NC=3C(C=C21)=CC=CC3)CCC,CNC(=O)CCc1cc2ccccc2[nH]1
AKT2,Euclidean Search,0.26,ClC1=C2C(NC(=O)C=3C=CC(=CC3)C)=C(SC2=CC=C1Cl)C#N,Cc1ccc(cc1)C(=O)/N=c2/cccc[nH]2
AKT2,Euclidean Search,0.26,ClC1=C2C(NC(=O)C=3C=CC(=CC3)C)=C(SC2=CC=C1Cl)C#N,Cc1ccc(cc1)C(=O)/N=c2/cccc[nH]2
AKT2,Euclidean Search,0.29,O=C(NC1=NNC2=NC=3C(C=C21)=CC=CC3)CCC,CNC(=O)CCc1cc2ccccc2[nH]1
AKT2,Euclidean Search,0.29,O=C(NC1=NNC2=NC=3C(C=C21)=CC=CC3)CCC,CNC(=O)CCc1cc2ccccc2[nH]1
AKT2,Euclidean Search,0.15,S1C=2N(C(=N)C(C(C2C(=O)N)C=3OC=CC3)C#N)C(=O)C1=CC=4OC=CC4,Nn1c(=O)c(Cc2ccco2)n[nH]c1=S
AKT2,Euclidean Search,0.29,O=C(NC1=NNC2=NC=3C(C=C21)=CC=CC3)CCC,CNC(=O)CCc1cc2ccccc2[nH]1
AKT2,Euclidean Search,0.29,O=C(NC1=NNC2=NC=3C(C=C21)=CC=CC3)CCC,CNC(=O)CCc1cc2ccccc2[nH]1
AKT2,Euclidean Search,0.29,O=C(NC1=NNC2=NC=3C(C=C21)=CC=CC3)CCC,CNC(=O)CCc1cc2ccccc2[nH]1
AKT2,Euclidean Search,0.15,S1C=2N(C(=N)C(C(C2C(=O)N)C=3OC=CC3)C#N)C(=O)C1=CC=4OC=CC4,Nn1c(=O)c(Cc2ccco2)n[nH]c1=S
AKT2,Euclidean Search,0.29,O=C(NC1=NNC2=NC=3C(C=C21)=CC=CC3)CCC,CNC(=O)CCc1cc2ccccc2[nH]1
AKT2,Euclidean Search,0.22,C=1(C=C2/C(/C(NC2=CC1)=O)=C(\C)/C=3NC=C(C3)CNC(C4CCN(CC4)C)=O)NC(=O)N,CCOC(=O)C1CCN(CC1)C(=O)C(C)(C)NC(=O)Nc1ccc(cc1)N(C)C
AKT2,Euclidean Search,0.29,O=C(NC1=NNC2=NC=3C(C=C21)=CC=CC3)CCC,CNC(=O)CCc1cc2ccccc2[nH]1
AKT2,Euclidean Search,0.22,C=1(C=C2/C(/C(NC2=CC1)=O)=C(\C)/C=3NC=C(C3)CNC(C4CCN(CC4)C)=O)NC(=O)N,CCOC(=O)C1CCN(CC1)C(=O)C(C)(C)NC(=O)Nc1ccc(cc1)N(C)C
AKT2,Euclidean Search,0.26,ClC1=C2C(NC(=O)C=3C=CC(=CC3)C)=C(SC2=CC=C1Cl)C#N,Cc1ccc(cc1)C(=O)/N=c2/cccc[nH]2
AKT2,Euclidean Search,0.29,O=C(NC1=NNC2=NC=3C(C=C21)=CC=CC3)CCC,CNC(=O)CCc1cc2ccccc2[nH]1
AKT2,Euclidean Search,0.15,S1C=2N(C(=N)C(C(C2C(=O)N)C=3OC=CC3)C#N)C(=O)C1=CC=4OC=CC4,Nn1c(=O)c(Cc2ccco2)n[nH]c1=S
AKT2,Euclidean Search,0.29,O=C(NC1=NNC2=NC=3C(C=C21)=CC=CC3)CCC,CNC(=O)CCc1cc2ccccc2[nH]1
AKT2,Euclidean Search,0.15,S1C=2N(C(=N)C(C(C2C(=O)N)C=3OC=CC3)C#N)C(=O)C1=CC=4OC=CC4,Nn1c(=O)c(Cc2ccco2)n[nH]c1=S
AKT2,Euclidean Search,0.26,ClC1=C2C(NC(=O)C=3C=CC(=CC3)C)=C(SC2=CC=C1Cl)C#N,Cc1ccc(cc1)C(=O)/N=c2/cccc[nH]2
AKT2,Euclidean Search,0.29,O=C(NC1=NNC2=NC=3C(C=C21)=CC=CC3)CCC,CNC(=O)CCc1cc2ccccc2[nH]1
AKT2,Euclidean Search,0.29,O=C(NC1=NNC2=NC=3C(C=C21)=CC=CC3)CCC,CNC(=O)CCc1cc2ccccc2[nH]1
AKT2,Euclidean Search,0.29,O=C(NC1=NNC2=NC=3C(C=C21)=CC=CC3)CCC,CNC(=O)CCc1cc2ccccc2[nH]1
AKT2,Euclidean Search,0.29,O=C(NC1=NNC2=NC=3C(C=C21)=CC=CC3)CCC,CNC(=O)CCc1cc2ccccc2[nH]1
AKT2,Euclidean Search,0.29,O=C(NC1=NNC2=NC=3C(C=C21)=CC=CC3)CCC,CNC(=O)CCc1cc2ccccc2[nH]1
AKT2,Euclidean Search,0.15,S1C=2N(C(=N)C(C(C2C(=O)N)C=3OC=CC3)C#N)C(=O)C1=CC=4OC=CC4,Nn1c(=O)c(Cc2ccco2)n[nH]c1=S
AKT2,Euclidean Search,0.15,S1C=2N(C(=N)C(C(C2C(=O)N)C=3OC=CC3)C#N)C(=O)C1=CC=4OC=CC4,Nn1c(=O)c(Cc2ccco2)n[nH]c1=S
AKT2,Euclidean Search,0.29,O=C(NC1=NNC2=NC=3C(C=C21)=CC=CC3)CCC,CNC(=O)CCc1cc2ccccc2[nH]1
AKT2,Euclidean Search,0.15,S1C=2N(C(=N)C(C(C2C(=O)N)C=3OC=CC3)C#N)C(=O)C1=CC=4OC=CC4,Nn1c(=O)c(Cc2ccco2)n[nH]c1=S
AKT2,Euclidean Search,0.15,S1C=2N(C(=N)C(C(C2C(=O)N)C=3OC=CC3)C#N)C(=O)C1=CC=4OC=CC4,Nn1c(=O)c(Cc2ccco2)n[nH]c1=S
AKT2,Euclidean Search,0.26,ClC1=C2C(NC(=O)C=3C=CC(=CC3)C)=C(SC2=CC=C1Cl)C#N,Cc1ccc(cc1)C(=O)/N=c2/cccc[nH]2
AKT2,Euclidean Search,0.29,O=C(NC1=NNC2=NC=3C(C=C21)=CC=CC3)CCC,CNC(=O)CCc1cc2ccccc2[nH]1
AKT2,Euclidean Search,0.29,O=C(NC1=NNC2=NC=3C(C=C21)=CC=CC3)CCC,CNC(=O)CCc1cc2ccccc2[nH]1
AKT2,Euclidean Search,0.29,O=C(NC1=NNC2=NC=3C(C=C21)=CC=CC3)CCC,CNC(=O)CCc1cc2ccccc2[nH]1
AKT2,Euclidean Search,0.18,O=C1N(C(=O)C=2C1=CC=CC2)C=3C=C(O)C(=CC3)C(=O)O,Nc1cccc2C(=O)N(Cc12)C1CCC(=O)NC1=O
AKT2,Euclidean Search,0.15,S1C=2N(C(=N)C(C(C2C(=O)N)C=3OC=CC3)C#N)C(=O)C1=CC=4OC=CC4,Nn1c(=O)c(Cc2ccco2)n[nH]c1=S
AKT2,Euclidean Search,0.29,O=C(NC1=NNC2=NC=3C(C=C21)=CC=CC3)CCC,CNC(=O)CCc1cc2ccccc2[nH]1
AKT2,Euclidean Search,0.29,O=C(NC1=NNC2=NC=3C(C=C21)=CC=CC3)CCC,CNC(=O)CCc1cc2ccccc2[nH]1
AKT2,Euclidean Search,0.29,O=C(NC1=NNC2=NC=3C(C=C21)=CC=CC3)CCC,CNC(=O)CCc1cc2ccccc2[nH]1
AKT2,Euclidean Search,0.29,O=C(NC1=NNC2=NC=3C(C=C21)=CC=CC3)CCC,CNC(=O)CCc1cc2ccccc2[nH]1
AKT2,Euclidean Search,0.29,O=C(NC1=NNC2=NC=3C(C=C21)=CC=CC3)CCC,CNC(=O)CCc1cc2ccccc2[nH]1
AKT2,Pre-trained hierVAE Generate,0.13,O=N(=O)C=1C=C(C=CC1)C(NC=2N(C=3C(N2)=CC(OC(C(C)(C)C)=O)=CC3)CCCO)=O,CC(C)(C)CC(=O)Nc1ccc(C(=O)CCC(=O)O)cc1
AKT2,Pre-trained hierVAE Generate,0.03,C1(=C2C(C=CC=C2)=NC=N1)NC3=CC(OC)=CC=C3,CN(C)c1nc(NCCCNCCCNc2ncnc3ccccc23)nc2ccccc12
AKT2,Pre-trained hierVAE Generate,0.16,O=C(O)C=1N(C=2C(C1C=3C(=CC=CC3)C)=CC=CC2)CCCOC=4C=5C(C=CC4)=CC=CC5,CC1CN(C(C)CO)C(=O)c2c(c3ccccc3n2C)-c2ccccc2COC1CN(C)Cc1ccc(C(F)(F)F)cc1
AKT2,Pre-trained hierVAE Generate,0.07,FC=1C=C(C(=O)NC2=CC=3C(=NNC3)C=C2)C=CC1,CCCNC(=O)N1CC(C)C(OC)CN(C)C(=O)c2cc(NC(=O)c3cccc(F)c3)ccc2OCC1C
AKT2,Pre-trained hierVAE Generate,0.15,C=1(N=CN=C2[C@@H](C[C@H](C21)C)O)N3CCN(C(=O)[C@H](CNCC(F)(F)F)C=4C=CC(=CC4)Cl)CC3,CC1CN(C(C)CO)C(=O)CCCn2nncc2COC1CN(C)C(=O)CCC(F)(F)F
AKT2,Pre-trained hierVAE Generate,0.08,N1(C(=[N+](C=C1)CCCCCCCCCCCCCCCC)C)CC2=CC=CC=C2,CCCCCCCCCCCCCCCCCCCCCC(=O)O
AKT2,Pre-trained hierVAE Generate,0.09,C1(CCN(CC1)C2=NC=NC3=C2C=CN3)(C(NCC4=CC=C(C=C4)F)=O)N,O=C(CCCN1CCN(c2ccc(F)cc2)CC1)NCc1ccc(F)cc1
AKT2,Pre-trained hierVAE Generate,0.14,C=1(C=C2/C(/C(NC2=CC1)=O)=C(\C)/C=3NC=C(C3)CNC(C4=CN=CC=C4)=O)NC(N)=O,CCCNC(=O)CC1CC2c3cc(NC(=O)c4cccnc4)ccc3OC2C(CO)O1
AKT2,Pre-trained hierVAE Generate,0.11,O=C(NC(CC1=CC=CC=C1)CO)C2=CC=C(C=3C=CN=CC3)C=C2,CC(C)(C)c1ccc(C(=O)NC(Cc2ccccc2)C(=O)NC2CC(=O)N(Cc3ccc(Cl)cc3)C2)cc1
AKT2,Pre-trained hierVAE Generate,0.04,O=C(O)C=1N(C=2C(C1C=3C(=CC=CC3)C)=CC=CC2)CCCOC=4C=5C(C=CC4)=CC=CC5,CC1CN(C(C)CO)C(=O)c2c(c3ccccc3n2C)-c2ccccc2COC1CN(C)Cc1ccc(C(F)(F)F)cc1
AKT2,Pre-trained hierVAE Generate,0.1,ClC1=CC=C(C(=O)NC=2C=C3NN=CC3=CC2)C=C1,CC(C)(C)c1ccc(C(=O)Nc2ccc(C(=O)O)cc2)cc1
AKT2,Pre-trained hierVAE Generate,0.09,S1(=O)N=C(NC=2C=CC(F)=CC2)C(=N1)NCCCC,CCNC(=O)CC1C=CC(NC(=O)c2ccc(F)cc2)C(CO)O1
AKT2,Pre-trained hierVAE Generate,0.08,S(=O)(=O)(NC=1C=C2N=C(C(=NC2=CC1)C)C)C3=CC=C(N)C=C3,CCCN1CC(C)C(OC)CN(C)C(=O)c2cc(NS(=O)(=O)c3ccc(C)cc3)ccc2OCC1C
AKT2,Pre-trained hierVAE Generate,0.16,O1[C@@H](CCN2C=3C(C(C4=C(C=5C=6C(N(CC1)C5)=CC=CC6)C(=O)NC4=O)=C2)=CC=CC3)CN(C)C,Cc1noc(C)c1NC(=O)N(C)CC1OCc2ccccc2-c2c(n(C)c3ccccc23)C(=O)N(C(C)CO)CC1C
AKT2,Pre-trained hierVAE Generate,0.12,S1C2=NNC(=C2C=C1C(=O)NCC3=CC(OC)=CC=C3)C4=CC=CC=C4,COc1cccc(CNC(=O)CC2CCC(NC(=O)c3ccccc3F)C(CO)O2)c1
AKT2,Pre-trained hierVAE Generate,0.08,N1(C(=[N+](C=C1)CCCCCCCCCCCCCCCC)C)CC2=CC=CC=C2,CCCCCCCCCCCCCCCCC(=O)Nc1ccc(C(=O)NCCCN(C)C)cc1
AKT2,Pre-trained hierVAE Generate,0.09,C=1(C=C2/C(/C(NC2=CC1)=O)=C(\C)/C=3NC=C(C3)CNC(C4=CN=CC=C4)=O)NC(N)=O,CC1CCCCOC(CN(C)Cc2cccnc2)C(C)CN(C(C)CO)C(=O)c2cc(NC(=O)c3cccnc3)ccc2O1
AKT2,Pre-trained hierVAE Generate,0.12,FC(F)(F)C1=CC(NC(=O)NC2=CC=C(OC=3C=C(N=CC3)C(=O)NC)C=C2)=CC=C1,COc1ccccc1CNC(=O)CC1CC2c3cc(NC(=O)Nc4ccc(C(F)(F)F)cc4)ccc3OC2C(CO)O1
AKT2,Pre-trained hierVAE Generate,0.1,FC1=C(N=C2N=CC(=C(O)C2=C1C)C(=O)O)N3CC(NC(=O)C)CC3,CCCNC(=O)N1CC(O)COCC2OC(CC(=O)O)CCC21
AKT2,Pre-trained hierVAE Generate,0.15,O=C(NC(C1=CC=CC=C1)C)C2=CC=C(C=3C=CN=CC3)C=C2,CC(NC(=O)CC1CCC(NS(=O)(=O)c2ccc(F)cc2)C(CO)O1)c1ccccc1
AKT2,Pre-trained hierVAE Generate,0.12,O=C(O)C=1N(C=2C(C1C=3C(=CC=CC3)C)=CC=CC2)CCCOC=4C=5C(C=CC4)=CC=CC5,COc1ccccc1-c1ccc(CNC(=O)Cc2ccccc2NCc2ccccc2Cl)cc1
AKT2,Pre-trained hierVAE Generate,0.04,ClC1=CC=C(C(=O)NC=2C=C3NN=CC3=CC2)C=C1,CC(C)(C)c1ccc(C(=O)Nc2ccc3c(c2)OCCO3)cc1
AKT2,Pre-trained hierVAE Generate,0.04,C(=O)(NC=1C=2C(C(=CC1)OCCN3CCOCC3)=CC=CC2)NC4=CC(=NN4C5=CC=C(C=C5)C)C(C)(C)C,CC(C)(C)c1ccc(C(=O)c2ccc(-c3cccc(C(=O)NCCCN4CCOCC4)c3)cc2)cc1
AKT2,Pre-trained hierVAE Generate,0.07,O=C(NC(CC1=CC=CC=C1)CO)C2=CC=C(C=3C=CN=CC3)C=C2,CC1CN(C(C)CO)C(=O)c2ccccc2-c2ccccc2COC1CN(C)C(=O)C(Cc1ccccc1)N(C)C
AKT2,Pre-trained hierVAE Generate,0.15,O=C(NC(C1=CC=CC=C1)C)C2=CC=C(C=3C=CN=CC3)C=C2,CC(NC(=O)CC1CC2c3cc(NC(=O)c4cccnc4)ccc3OC2C(CO)O1)c1ccccc1
AKT2,Pre-trained hierVAE Generate,0.2,FC(F)(F)C1=CC(NC(=O)NC2=CC=C(OC=3C=C(N=CC3)C(=O)NC)C=C2)=CC=C1,CCCCCCNC(=O)CC1CC2c3cc(NC(=O)Nc4ccc(C(F)(F)F)cc4)ccc3OC2C(CO)O1
AKT2,Pre-trained hierVAE Generate,0.18,C=1C=C(C=CC1C[C@@H](N)C(N2CCN(CC2)C=3C4=C(N=CN3)C=CC=C4)=O)C(F)(F)F,CC1CCCCOC(CN(C)Cc2ccc(C(F)(F)F)cc2)C(C)CN(C(C)CO)C(=O)c2cc(NS(=O)(=O)c3cn(C)cn3)ccc2O1
AKT2,Pre-trained hierVAE Generate,0.01,FC(F)(F)C1=CC(NC(=O)NC2=CC=C(OC=3C=C(N=CC3)C(=O)NC)C=C2)=CC=C1,COc1ccc(CNC(=O)CC2CC3c4cc(NC(=O)Nc5ccc(C(F)(F)F)cc5)ccc4OC3C(CO)O2)cc1
AKT2,Pre-trained hierVAE Generate,0.19,N1(C(=[N+](C=C1)CCCCCCCCCCCCCCCC)C)CC2=CC=CC=C2,CCOc1ccc(CNC(=O)CCCCCCCCCCCCCCCCCCCCCCCCCCCCCCCCCCCCCCCCCCCCCCCCCCCCCCCCCCCCCCCC(O)C(O)C(O)C(O)C(O)C(O)CO)cc1
AKT2,Pre-trained hierVAE Generate,0.07,N1(C(=[N+](C=C1)CCCCCCCCCCCCCCCC)C)CC2=CC=CC=C2,CCNCCCCCCCCCCCCCCCCCCCCCCCCC(=O)Nc1ccc(C(=O)O)cc1
AKT2,Pre-trained hierVAE Generate,0.16,S(=O)(=O)(N(C)C)C=1C(C=2C=C3NC=4C(NC(=O)C3=CC2)=CC=CC4)=CC=CC1,CC1CN(C(C)CO)C(=O)c2ccccc2-c2ccccc2COC1CN(C)S(=O)(=O)c1ccc(Cl)cc1
AKT2,Pre-trained hierVAE Generate,0.12,ClC=1C(Cl)=CC=C(C1)CNC(=O)NC2=CC=3C(=NNC3)C=C2,CC(C)CC(=O)Nc1ccc(Cl)c(Cl)c1
AKT2,Pre-trained hierVAE Generate,0.07,N1(C(=[N+](C=C1)CCCCCCCCCCCCCCCC)C)CC2=CC=CC=C2,CCCCCCCCCCCCCCCCCC(=O)NC(C(=O)O)C(O)C(N)C(=O)O
AKT2,Pre-trained hierVAE Generate,0.13,S(=O)(=O)(NC1=CC=C(C=2C=C3C(NN=C3NC(=O)CC)=CC2)C=C1)CCC,CCCCCCC(=O)Nc1ccc2c(c1)OCC(C)N(Cc1ccc(F)cc1)CC(C)C(OC)CN(C)C2=O
AKT2,Pre-trained hierVAE Generate,0.18,O=C(NC=1C=C2C(C3=CC=CC=C3)=CNC2=NC1)C=4C=CC(OC)=CC4,COc1ccccc1-c1ccc(C(=O)Nc2ccccc2)cc1
AKT2,Pre-trained hierVAE Generate,0.07,S1C2=C(C(C3=CC=C(NC(=O)NC4=CC=C(C=C4)C)C=C3)=C1)C(=NC=C2C5=CN(N=C5)C(C(=O)N(C)C)C)N,Cc1ccc(NC(=O)N2C(CO)C(C(=O)NCCC(=O)NC(C(=O)Nc3cccc(C(=O)O)c3)C(C)(C)C)C3Cn4c(ccc(-c5cncnc5)c4=O)C32)cc1
AKT2,Pre-trained hierVAE Generate,0.09,C=1(C(=CC2=NC=NC(=C2C1)NC3=CC=C(C=C3)NC(C=4C=CC=CC4)=O)OC)OC,COc1ccccc1C(=O)c1ccc(C(=O)Nc2ccc(C(=O)Nc3ccc(C(=O)O)cc3)cc2)cc1
AKT2,Pre-trained hierVAE Generate,0.11,N1(C(=[N+](C=C1)CCCCCCCCCCCCCCCC)C)CC2=CC=CC=C2,CCCCCCCCCCCCCCCCCCCCCCCC(=O)NC(CO)C(=O)O
AKT2,Pre-trained hierVAE Generate,0.03,S1C2=NC=NC(N)=C2C(C(=O)NC3=CC=C(NC(=O)NC4=CC=C(C=C4)C)C=C3)=C1,CCNC(=O)c1ccc(NC(=O)c2ccc(NC(=O)CCC(=O)NCCCNC(=O)c3ccc(NC(=O)c4ccc(NC(=O)C(NC(=O)CCCCCCC(=O)Nc5ccc(C(C)(C)C)cc5)C(C)(C)C)cc4)cc3)cc2)cc1
AKT2,Pre-trained hierVAE Generate,0.08,FC(F)(F)C1=CC=2C(=NC=CC2NC(=O)NC=3N=CC=NC3)C=C1,CN(C)c1ncnc2ccc(C(F)(F)F)cc12
AKT2,Pre-trained hierVAE Generate,0.1,C=1(C(F)(F)F)C(=CC=C(NC(NC2=CC=C(OC=3C=C(C(=O)NC)N=CC3)C=C2)=O)C1)Cl,COc1ccc(CNC(=O)CC2CC3c4cc(NC(=O)Nc5ccc(F)cc5)ccc4OC3C(CO)O2)cc1
AKT2,Pre-trained hierVAE Generate,0.13,C=1(C=C2C(=NC=NC2=CC1OCCCN3CCCCC3)N4CCN(CC4)C(NC=5C=CC(=CC5)OC(C)C)=O)OC,COC1CCN(C(=O)Nc2ccc(C(C)(C)C)cc2)C1C(=O)NCCCN1CCCCC1
AKT2,Pre-trained hierVAE Generate,0.22,O=C(NC=1NN=C2C1C=C(C=3N=NN(C3C4=CC=CC=C4)CC5=CC=CC=C5)C=C2)CCC,CC1CN(C(=O)c2ccccc2F)C(C)COc2ccc(NC(=O)CCCC=O)cc2C(=O)N(C)CC1NC(=O)Cc1ccccc1
AKT2,Pre-trained hierVAE Generate,0.15,OCC1C2C1CN(C2)CC3=CC=C(C=4C=C5C(NC=6C=C(OC)C(OC7=CC=CC=C7)=CC6)=NC=NC5=CC4)C=C3,CN(C)c1ccc(CNc2ncnc3ccc(-c4ccc(Cl)cc4)cc23)cc1
AKT2,Pre-trained hierVAE Generate,0.1,O=C(O)C=1N(C=2C(C1C=3C(=CC=CC3)C)=CC=CC2)CCCOC=4C=5C(C=CC4)=CC=CC5,CC1CN(C(C)CO)C(=O)c2c(c3ccccc3n2C)-c2ccccc2COC1CN(C)C(=O)c1cccc(F)c1
AKT2,Pre-trained hierVAE Generate,0.03,O(C=1N=C(C=C(N)C1C#N)C(=O)NCC=2C(OC)=CC=C(OC)C2)C(C)C,COc1ccc(NC(=O)N(C)CC2OCc3cn(nn3)CCCC(=O)N(C(C)CO)CC2C)c(OC)c1
AKT2,Pre-trained hierVAE Generate,0.15,ClC1=CC=C(C(=O)NC=2C=C3NN=CC3=CC2)C=C1,COC1CN(C)C(=O)c2cc(NC(=O)c3ccc(F)cc3)ccc2OCC(C)NCC1C
AKT2,Pre-trained hierVAE Generate,0.09,N1(C(=[N+](C=C1)CCCCCCCCCCCCCCCC)C)CC2=CC=CC=C2,CCCCCCCCCCCCCCCCCCCC(=O)NC(CCCNC(C)C)C(=O)O
AKT2,Pre-trained hierVAE Generate,0.02,C1(=NN=C2NN=C(C2=C1)NC(=O)CCCN(C)C)C3=C(C(=CC=C3)F)F,CC(C)NC(=O)N(C)CC1OCCCCC(C)Oc2ccc(NC(=O)CCCN(C)C)cc2C(=O)N(C(C)CO)CC1C
AKT2,Pre-trained hierVAE Generate,0.01,C=1C=C(C=CC1C[C@@H](N)C(N2CCN(CC2)C=3C4=C(N=CN3)C=CC=C4)=O)C(F)(F)F,CC1CN(C(C)CO)C(=O)c2cc(NC(=O)CCN3CCOCC3)ccc2OC1CN(C)Cc1ccc(C(F)(F)F)cc1
AKT2,Pre-trained hierVAE Generate,0.05,S1C2=NC=NC(N)=C2C(C(=O)NC=3C=CC(NC(=O)NC4=C(C=CC=C4)C)=CC3)=C1,Cc1ccccc1NC(=O)c1ccc(NC(=O)c2ccc(C(C)(C)C)cc2)cc1
AKT2,Pre-trained hierVAE Generate,0.13,ClC1=CC=C(C=C1)NC(=O)C2=C(NCC3=CC=NC=C3)C=CC=C2,COc1ccc(CNC(=O)CC2CC3c4cc(NC(=O)Cc5ccncc5)ccc4OC3C(CO)O2)cc1
AKT2,Pre-trained hierVAE Generate,0.14,O=C(NCC1=CC=CC=C1)C2=CC=C(C=3C=CN=CC3)C=C2,O=C(O)CCCNCCCNC(=O)c1ccc(-c2ccc(O)cc2)cc1
AKT2,Pre-trained hierVAE Generate,0.18,S(=O)(=O)(O)C=1C=2C(C(NCC=3C=C4OCOC4=CC3)=CC1)=C(O)C=CC2,O=C(CC1CCC2NCC(O)COCC2O1)NCc1ccc2c(c1)OCO2
AKT2,Pre-trained hierVAE Generate,0.18,O1[C@@H](CCN2C=3C(C(C4=C(C=5C=6C(N(CC1)C5)=CC=CC6)C(=O)NC4=O)=C2)=CC=CC3)CN(C)C,CC1CN(C(C)CO)C(=O)c2c(c3ccccc3n2C)-c2ccccc2COC1CN(C)C(=O)CCC(F)(F)F
AKT2,Pre-trained hierVAE Generate,0.23,S1C2=C(C(C3=CC=C(NC(=O)NC4=CC=C(C=C4)C)C=C3)=C1)C(=NC=C2C5=CN(N=C5)C(C(=O)N(C)C)C)N,Cc1ccc(NC(=O)N2C(CO)C(C(=O)NCCC(=O)NC(C(=O)Nc3cccc(C(=O)O)c3)C(C)(C)C)C3Cn4c(ccc(-c5cncnc5)c4=O)C32)cc1
AKT2,Pre-trained hierVAE Generate,0.1,ClC1=CC=C(C(=O)NC=2C=C3NN=CC3=CC2)C=C1,COC1CN(C)C(=O)c2cc(NC(=O)c3ccc(F)cc3)ccc2OCC(C)NCC1C
AKT2,Pre-trained hierVAE Generate,0.1,N1(C(=[N+](C=C1)CCCCCCCCCCCCCCCC)C)CC2=CC=CC=C2,CCCCCCCCCCCCCCCCCCCCCCC(=O)NC1=NC(=O)CS1
AKT2,Pre-trained hierVAE Generate,0,O(C=1C(N=C(N)N)=CC(N=C(N)N)=CC1)CCCCCCCCCCCC,CCCCCCCCCNC(=O)c1ccc(NC(C)=O)cc1
AKT2,Pre-trained hierVAE Generate,0.18,O=C(NC(C1=CC=CC=C1)CO)C2=CC=C(C=3C=CN=CC3)C=C2,CC1CN(C(C)CO)C(=O)c2cc(NC(=O)c3cccnc3)ccc2OC1CN(C)Cc1ccc(-c2ccccc2)cc1
AKT2,Pre-trained hierVAE Generate,0.05,N1(C(=[N+](C=C1)CCCCCCCCCCCCCCCC)C)CC2=CC=CC=C2,CCCCCCCCCCCCCCCCCC(=O)Nc1ccc(C(=O)O)cc1
AKT2,Pre-trained hierVAE Generate,0.11,S(=O)(=O)(O)C=1C=2C(C(NCC=3C=C4OCOC4=CC3)=CC1)=C(O)C=CC2,CC(C)NC(=O)Nc1ccc2c(c1)C1CC(CC(=O)NCc3ccc4c(c3)OCO4)OC(CO)C1O2
AKT2,Pre-trained hierVAE Generate,0.06,N=1NC(=C2C1C=3C(C2)=CC=C(C3)C#CCN(CC)CC)C4=CN=C(C=C4)C#N,CCCC#Cc1cnc2c(c1)C(=O)N(C(C)CO)CC(C)C(CN(C)S(=O)(=O)c1cn(C)cn1)O2
AKT2,Pre-trained hierVAE Generate,0.15,C1CCC(CC1)C(=O)N(C2=CC=C3N(C(=NC3=C2)NC(C=4C=CC(=CC4)C#N)=O)CCCC)C,CC(C)(C)C(=O)Nc1ccc(C(=O)NC(CCCNC(=O)C(CC2CCCC2)NC(=O)CCNC(=O)c2ccc(F)cc2)C(=O)O)cc1
AKT2,Pre-trained hierVAE Generate,0.14,C=1(C(=CC2=NC=NC(=C2C1)NC3=CC=C(C=C3)NC(C=4C=CC=CC4)=O)OC)OC,CC1(C(=O)Nc2ccc(C(=O)Nc3ccc4ncnc(Nc5ccc(C(F)(F)F)cc5)c4c3)cc2)CCCC1
AKT2,Pre-trained hierVAE Generate,0.05,S1C2=C(C(C3=CC=C(NC(=O)NC=4C=C(F)C=CC4)C=C3)=C1)C(=NC=C2C(=O)NCC)N,COc1cccc(CNC(=O)CC2CC3c4cc(NC(=O)Nc5cccc(F)c5)ccc4OC3C(CO)O2)c1
AKT2,Pre-trained hierVAE Generate,0.13,S(=O)(=O)(O)C=1C=2C(C(NCC=3C=C4OCOC4=CC3)=CC1)=C(O)C=CC2,CN(C)C(=O)CC1CC2Oc3ccc(NC(=O)c4ccc5c(c4)OCO5)cc3C2C(CO)O1
AKT2,Pre-trained hierVAE Generate,0.13,O=C(NC(C)(C)C)C1=CC=2N=C3C(NC4=C3C=CC=C4)=NC2C=C1,CC(C)(C)Sc1nc(-c2ccc(C#N)cc2)nc2ccc(C(=O)O)cc12
AKT2,Pre-trained hierVAE Generate,0.08,BrC1=CC=C(CNC(=O)NC2=CC=3C(=NNC3)C=C2)C=C1,CCCNC(=O)Nc1ccc2c(c1)C(=O)N(C)CC(OC)C(C)CN(Cc1ccc(F)cc1)C(C)CO2
AKT2,Pre-trained hierVAE Generate,0.14,OC=1C=C(C=C(C(=O)NCC2=CC=CC=C2)C#N)C=CC1O,CC(C)C(=O)Nc1ccc2c(c1)C1CC(CC(=O)NCCc3ccccc3)OC(CO)C1O2
AKT2,Pre-trained hierVAE Generate,0.06,S1C=2C(C(C3=CC=C(NC(=O)NC4=CC(=CC=C4)C)C=C3)=C1)=C(N=CC2C#CC5=CN=CC=C5)N,CC1CN(C(C)CO)S(=O)(=O)c2ccc(C#Cc3cccnc3)cc2OC1CN(C)S(=O)(=O)c1ccc(F)cc1
AKT2,Pre-trained hierVAE Generate,0.08,O=C(NC=1C=C2C(C3=CC=CC=C3)=CNC2=NC1)C=4C=CC(OC)=CC4,COc1ccc(S(=O)(=O)Nc2ccc3c(c2)C2CC(CC(=O)NCCc4ccccc4)OC(CO)C2O3)cc1
AKT2,Pre-trained hierVAE Generate,0.11,OC=1C=C(C=C(C(=O)NCC2=CC=CC=C2)C#N)C=CC1O,CC(C)C(O)c1ccc(O)c(O)c1
AKT2,Pre-trained hierVAE Generate,0.08,C1=C(N)C(Cl)=C(N=C1C(NCC2=CC=C(C=C2)S(C)(=O)=O)=O)OCC,CCCCOc1ccccc1-c1nc(C(=O)NCc2ccc(OC)cc2)cc2c1C(CCO)N(S(=O)C(C)(C)C)C2
AKT2,Pre-trained hierVAE Generate,0.13,N1(C(=[N+](C=C1)CCCCCCCCCCCCCCCC)C)CC2=CC=CC=C2,CCCCCCCCCCCCCCCCCC(=O)OCCOC(=O)c1cccc(O)c1
AKT2,Pre-trained hierVAE Generate,0.07,N1(C(=[N+](C=C1)CCCCCCCCCCCCCCCC)C)CC2=CC=CC=C2,CCCCCCCCCCCCCCCCCCCC(O)C(O)C(O)CO
AKT2,Pre-trained hierVAE Generate,0.11,O=C1N(C=2C(N(C1CC)C3CCCC3)=NC(=NC2)NC4=C(OC)C=C(C=C4)C(=O)NC5CCCCC5)C,CC1CCCCOC(CN(C)Cc2ccc(C(F)(F)F)cc2)C(C)CN(C(C)CO)C(=O)c2cc(NC(=O)NC3CCCCC3)ccc2O1
AKT2,Pre-trained hierVAE Generate,0.05,N1(C(=[N+](C=C1)CCCCCCCCCCCCCCCC)C)CC2=CC=CC=C2,CCCCCCCCCCCCCCCCCCCCCC(=O)OCCOCCOCCOC
AKT2,Pre-trained hierVAE Generate,0.1,C=1C=C(C=CC1C[C@@H](N)C(N2CCN(CC2)C=3C4=C(N=CN3)C=CC=C4)=O)C(F)(F)F,CC(CCc1ccc(C(F)(F)F)cc1)C(=O)N1CCN(c2ccccc2)CC1
AKT2,Pre-trained hierVAE Generate,0.16,C=1C=C(C=CC1C[C@@H](N)C(N2CCN(CC2)C=3C4=C(N=CN3)C=CC=C4)=O)Cl,O=C(CCCCC(=O)N1CCN(Cc2ccc(Cl)cc2)CC1)Nc1ccc(Cl)c(Cl)c1
AKT2,Pre-trained hierVAE Generate,0.03,S(=O)(=O)(O)C=1C=2C(C(NCC=3C=C4OCOC4=CC3)=CC1)=C(O)C=CC2,CCCNc1ncnc2ccc(-c3ccc(C(=O)NCc4ccc5c(c4)OCO5)cc3)cc12
AKT2,Pre-trained hierVAE Generate,0.03,N1(C(=[N+](C=C1)CCCCCCCCCCCCCCCC)C)CC2=CC=CC=C2,CCCCCCCCCCCCCCCCCC(=O)NCCCCCCCCCCC(=O)NCCCCCCCC(=O)NCCCCCCCC(=O)NCCCCCCC(=O)NCCCCCCC(=O)NCc1ccc(OC)cc1
AKT2,Pre-trained hierVAE Generate,0.03,O=C(O)C=1N(C=2C(C1C=3C(=CC=CC3)C)=CC=CC2)CCCOC=4C=5C(C=CC4)=CC=CC5,CCCNC(=O)N(C)CC1OCc2ccccc2-c2c(n(C)c3ccccc23)C(=O)N(C(C)CO)CC1C
AKT2,Pre-trained hierVAE Generate,0.06,C(=O)(NC=1C=2C(C(=CC1)OCCN3CCOCC3)=CC=CC2)NC4=CC(=NN4C5=CC=C(C=C5)C)C(C)(C)C,CC(C)(C)c1ccc(CNc2nc(-c3cccc(F)c3)nc3ccc(C(=O)NCCCN4CCOCC4)cc23)cc1
AKT2,Pre-trained hierVAE Generate,0.2,C=1C=2N=CN(C2C=CC1)C=3SC(C(N)=O)=C(OCC4=CC=CC=C4C(F)(F)F)C3,CC1CCCCOC(CN(C)Cc2ccccc2C(F)(F)F)C(C)CN(C(C)CO)C(=O)c2cc(NC(=O)CCC(F)(F)F)ccc2O1
AKT2,Pre-trained hierVAE Generate,0.07,N1(C(=[N+](C=C1)CCCCCCCCCCCCCCCC)C)CC2=CC=CC=C2,CCCCCCCCCCCCCCCCCCCCCCCC(=O)Nc1ccc(C(=O)O)cc1
AKT2,Pre-trained hierVAE Generate,0.09,N1(C(=[N+](C=C1)CCCCCCCCCCCCCCCC)C)CC2=CC=CC=C2,COCCOCCOCCOCCOCC(O)COCCCNC(=O)CCCCCCCCCCCCCCCCCCCCCCCCCCCCCCCCCc1ccc(C)cc1
AKT2,Pre-trained hierVAE Generate,0.17,O=C(NC(C1=CC(OC)=CC=C1)C)C2=CC=C(C3=C(C=NC=C3)C)C=C2,Cc1ccccc1-c1ccc2c(c1)OC(CN(C)C(=O)c1cccnc1)C(C)CN(C(C)CO)S2(=O)=O
AKT2,Pre-trained hierVAE Generate,0.09,S1C2=C(C(C3=CC=C(NC(=O)NC=4C(C(F)(F)F)=CC=CC4)C=C3)=C1)C(=NC=C2)N,CC(C)(C)c1ccc(C(=O)Nc2ncnc3ccc(C(=O)Nc4ccccc4C(F)(F)F)cc23)cc1
AKT2,Pre-trained hierVAE Generate,0.03,O(C=1C(N=C(N)N)=CC(N=C(N)N)=CC1)CCCCCCCCCCCC,CCCCCCCCCOc1ccccc1C(=O)O
AKT2,Pre-trained hierVAE Generate,0.11,S1C2=C(C(C=3C=C4OCOC4=CC3)=C1)C(=NC=C2C=CC(=O)NC)N,CCCNC(=O)NC1CCC(CCn2cc(-c3ccc4c(c3)OCO4)nn2)OC1CO
AKT2,Pre-trained hierVAE Generate,0.2,N1(C(=[N+](C=C1)CCCCCCCCCCCCCCCC)C)CC2=CC=CC=C2,Cc1ccc(S(=O)(=O)NCCCCCCCCCCCCCCCCCCCCCCCC(=O)NCc2ccccc2)cc1
AKT2,Pre-trained hierVAE Generate,0.14,FC1=CC(CNC(=O)C=2C=C3NC(=O)C=4C(NC3=CC2)=CC(C=5C=C(OC)C(O)=CC5)=CC4)=CC=C1,COc1ccc(-c2ccc3n(c2=O)CC2C3NC(C(=O)NCc3cccc(F)c3)C2CO)cc1
AKT2,Pre-trained hierVAE Generate,0.13,O=C(NC1=CC=C(C=2C=C(C=CC2)C(=O)N)C=C1)NC3=CC(=CC=C3)C,Cc1cccc(CCC(C)(C)C(=O)Nc2ccc(C(=O)O)c(C(=O)O)c2)c1
AKT2,Pre-trained hierVAE Generate,0.2,C(C=1C=CC(=CC1)NC2=NC(=NC=C2F)NC=3C=CC(=CC3)O)(=O)NC=4C(=CC=CC4)Cl,Cc1ccccc1NC(=O)c1ccc(NC(=O)C(NC(=O)c2ccc(O)cc2)C(C)(C)C)cc1
AKT2,Pre-trained hierVAE Generate,0.13,O=C(NCC=1C=C(NC1)/C(=C\2/C3=C(NC2=O)C=CC(NC(=O)N)=C3)/C)CCN4CCCCC4,CCCCCC(=O)OCC(=O)N(C)CC1OCCCCC(C)Oc2ccc(NC(=O)CCC(F)(F)F)cc2C(=O)N(C(C)CO)CC1C
AKT2,Pre-trained hierVAE Generate,0.18,O=C(NC(C1=CC=CC=C1)C)C2=CC=C(C=3C=CN=CC3)C=C2,CC(NC(=O)CC1CC2c3cc(NC(=O)c4cccnc4)ccc3OC2C(CO)O1)c1ccccc1
AKT2,Pre-trained hierVAE Generate,0.16,FC(F)(F)C=1C=C2N=CC=C(NC(=O)NC3=NC=C(C=C3)C#N)C2=CC1,CC(C)(C)S(=O)Nc1nc(-c2cccc(C#N)c2)nc2ccc(C(F)(F)F)cc12
AKT2,Pre-trained hierVAE Generate,0.08,N1(C(=[N+](C=C1)CCCCCCCCCCCCCCCC)C)CC2=CC=CC=C2,CCCCCCCCCCCCCCCCCCCCCCCC(=O)Nc1nc2ccccc2[nH]1
AKT2,Pre-trained hierVAE Generate,0.06,S=C(NNC(=O)C(O)(C1=CC=CC=C1)C2=CC=CC=C2)NC=3C=CC(F)=CC3,COC(CN(C)Cc1ccc(F)cc1)C(C)CN(C(=O)Nc1ccc(F)cc1)C(C)CO
AKT2,Ours,0.65,S1C(C(=O)NC1=O)=CC=2C=C(OC)C(O)=CC2,COc1ccc(C=C2SC(=O)NC2=O)cc1OC
AKT2,Ours,0.52,S1C(C(=O)NC1=O)=CC=2C=C(OC)C(O)=CC2,Cc1cccc(C=C2SC(=O)NC2=O)c1
AKT2,Ours,0.52,O(C=1C=C(C=NC1)CCC2=CC=NC=C2)CC3N(CC3)C,CC1CN(C(C)CO)C(=O)CCCn2cc(nn2)COC1CN(C)Cc1ccncc1
AKT2,Ours,0.48,C=1(N=CN=C2[C@@H](C[C@H](C21)C)O)N3CCN(C(=O)[C@H](CN(C(C)C)C)C=4C=CC(=CC4)Cl)CC3,CC1CN(C(C)CO)C(=O)CCCn2nncc2COC1CN(C)C(=O)Nc1ccc(F)cc1
AKT2,Ours,0.47,ClC1=CC=C(C(=O)NC=2C=C3NN=CC3=CC2)C=C1,O=C(Nc1ccc(C(F)(F)F)cc1)c1ccc(Cl)cc1
AKT2,Ours,0.47,C1(=CC=C2NC(/C(/C2=C1)=C\C=3NC=C(C3)C(NCCN(C)C)=O)=O)NC(N)=O,CCCNC(=O)Nc1ccc2c(c1)C(=O)N(C(C)CO)CC(C)C(CN(C)C(=O)CCC(F)(F)F)O2
AKT2,Ours,0.47,C1(=CC=C2N=CN=C(C2=C1)NCCC3=CC=C(C=C3)OC4=CC=CC=C4)N,COc1ccc2ncnc(NCc3ccc(F)cc3)c2c1
AKT2,Ours,0.45,O=C(NCC1=CC=CC=C1)C2=CC=C(C=3C=CN=CC3)C=C2,Cc1ccc(CNC(=O)CCCCNC(=O)c2ccc(-c3ccccc3)cc2)cc1
AKT2,Ours,0.45,N1(C(=[N+](C=C1)CCCCCCCCCCCCCCCC)C)CC2=CC=CC=C2,CCCCCCCCCCCCCCCCCCC(=O)Nc1ccccc1C(=O)O
AKT2,Ours,0.45,N1(C(=[N+](C=C1)CCCCCCCCCCCCCCCC)C)CC2=CC=CC=C2,CCCCCCCCCCCCCCCCC(=O)Nc1ccc(O)cc1
AKT2,Ours,0.44,O=C(NC(C1=CC=CC=C1)C)C2=CC=C(C=3C=CN=CC3)C=C2,CC(NC(=O)CC1CCC(NC(=O)c2ccc(-c3ccccc3)cc2)C(CO)O1)c1ccccc1
AKT2,Ours,0.44,N1(C(=[N+](C=C1)CCCCCCCCCCCCCCCC)C)CC2=CC=CC=C2,CCCCCCCCCCCCCCCCCCCCCCCCC(O)CO
AKT2,Ours,0.44,N1(C(=[N+](C=C1)CCCCCCCCCCCCCCCC)C)CC2=CC=CC=C2,CCCCCCCCCCCCCCCCCC(=O)Nc1cccnc1
AKT2,Ours,0.44,C1(CCN(CC1)C2=NC=NC3=C2C=CN3)(C(NCC4=CC=C(C=C4)F)=O)N,COc1ccc(CNC(=O)CC2CCC3C(COCC(O)CN3Cc3ccc(F)cc3)O2)cc1
AKT2,Ours,0.43,N1(C(=[N+](C=C1)CCCCCCCCCCCCCCCC)C)CC2=CC=CC=C2,CCCCCCCCCCCCCCCCCCCCC(=O)Nc1ccccc1C(=O)O
AKT2,Ours,0.43,ClC1=C(OCC)N=C(C(=O)NCC=2C(S(=O)(=O)N)=CC=CC2)C=C1N,CCNC(=O)CC1CCC(NS(=O)(=O)c2ccccc2C)C(CO)O1
AKT2,Ours,0.41,S(=O)(=O)(NC(=O)C=1C=CC(C2=CC=C(F)C=C2)=CC1)C=3C=C(N(=O)=O)C(NCCSC4=CC=C(O)C=C4)=CC3,CC(C)(C)NS(=O)(=O)c1ccc(C(=O)NS(=O)(=O)c2ccccc2-c2ccc(CN(C(=O)CCC(=O)O)S(=O)C(C)(C)C)cc2)cc1
AKT2,Ours,0.41,O=C(NC=1C=C(OC)C=CC1)C2=C3N(N=C2)C(C4=CC=CC=C4)=CC=N3,COc1cccc(NC(=O)Nc2ccc3c(c2)C(=O)N(C)CC(OC)C(C)CN(Cc2ccccc2F)C(C)CO3)c1
AKT2,Ours,0.41,C=1(C=C2/C(/C(NC2=CC1)=O)=C(\C)/C=3NC=C(C3)CNC(C4CCN(CC4)C)=O)NC(=O)N,CCCNC(=O)N1CC(C)OC(C)C(OC)CN(C)C(=O)Cc2cc(NC(=O)C3CCOCC3)ccc21
AKT2,Ours,0.41,C(C=1C=CC(=CC1)NC2=NC(=NC=C2F)NC=3C=CC(=CC3)O)(=O)NC=4C(=CC=CC4)Cl,CCCCCC(O)C(Cc1ccc(O)cc1)NC(=O)CCCCCC(=O)Nc1ccc(C(=O)NCCCCCCCC(=O)NCc2ccc(OC)cc2)cc1
AKT2,Ours,0.4,N1(C(=[N+](C=C1)CCCCCCCCCCCCCCCC)C)CC2=CC=CC=C2,CCCCCCCCCCCCCCCCCCCCCC(=O)Nc1ccc(O)cc1
AKT2,Ours,0.39,OCC1C2C1CN(C2)CC3=CC=C(C=4C=C5C(NC=6C=C(OC)C(OC7=CC=CC=C7)=CC6)=NC=NC5=CC4)C=C3,COc1ccccc1CNc1ncnc2ccc(-c3ccc(F)cc3)cc12
AKT2,Ours,0.39,O(C=1C(OC)=CC=C(C1)C=NNC=2N=CN=C3C2NC4=C3C=CC=C4)C,CC(C)(C)C(NC(=O)c1ccc(Cl)cc1)C(=O)Nc1ncnc2c1[nH]c1ccccc12
AKT2,Ours,0.39,N1(C(=[N+](C=C1)CCCCCCCCCCCCCCCC)C)CC2=CC=CC=C2,CCCCCCCCCCCCCCCCCCCCC(=O)Nc1ccc(O)c(O)c1
AKT2,Ours,0.38,S1C=2C(C(C=3C=CC(NC(=O)NC4=CC=C(OC)C=C4)=CC3)=C1)=C(N=CC2C5=CN(N=C5)CC(O)(C)C)N,COc1ccc(NC(=O)Nc2ccc3c(c2)C(=O)N(C)CC(OC)C(C)CN(Cc2ccc(F)cc2)C(C)CO3)cc1
AKT2,Ours,0.38,O=C(O)C=1N(C=2C(C1C=3C(=CC=CC3)C)=CC=CC2)CCCOC=4C=5C(C=CC4)=CC=CC5,CC1CN(C(C)CO)C(=O)c2c(c3ccccc3n2C)-c2ccccc2COC1CN(C)Cc1ccc(C(F)(F)F)cc1
AKT2,Ours,0.38,N1(C(=[N+](C=C1)CCCCCCCCCCCCCCCC)C)CC2=CC=CC=C2,CCCCCCCCCCCCCCCCCCC(=O)NC(CO)C(=O)O
AKT2,Ours,0.38,C=1C=CC=CC1C=2N=C(C3=C(N2)C=CC=C3)NC4=CC(C)=NN4,CC(C)(C)c1ccc(C(=O)Nc2nc(-c3cccnc3)nc3ccccc23)cc1
AKT2,Ours,0.38,C=1C(C(NCC2=CC=C(C=C2)S(C)(=O)=O)=O)=NC(=C(C#N)C1N)OCC,CCOc1ccccc1C(=O)Nc1ccc2c(c1)C(=O)N(C(C)CO)CC(C)C(CN(C)S(C)(=O)=O)O2
AKT2,Ours,0.38,C=1(C=C2/C(/C(NC2=CC1)=O)=C(\C)/C=3NC=C(C3)CNC(C4=CN=CC=C4)=O)NC(N)=O,CC(=O)Nc1ccc(C(=O)Nc2cccc(C(=O)NCCCNC(=O)c3cccnc3)n2)cc1
AKT2,Ours,0.38,C1=C2C(N=C(C3=CC=C(C=C3)CN4CCC(CC4)C=5C=C(NN5)C6=CN=CC=C6)C(C7=CC=CC=C7)=C2)=NC=C1,CC(NC(=O)c1cc2c(c(-c3cccc(-c4cccnc4)c3)n1)CN(C(=O)c1ccccn1)CC2)C(=O)O
AKT2,Ours,0.37,O=C\1NC2=C(/C1=C(/C=3NC=C(C3)CNC(=O)C4=CC=NC=C4)\C)C=C(NC(=O)N)C=C2,CC1CCCCOC(CN(C)C(=O)CCC(F)(F)F)C(C)CN(C(C)CO)C(=O)c2cc(NC(=O)c3ccncc3)ccc2O1
AKT2,Ours,0.37,C1COCCN1CCCOC2=C(C=C3C(=C2)C(=NC=N3)NC4=CC(Cl)=C(F)C=C4)OC,COc1cccc(CNc2ncnc3ccc(C(=O)NCCCN4CCOCC4)cc23)c1OC
AKT2,Ours,0.37,C1(=CC=C2N=CN=C(C2=C1)NCCC3=CC=C(C=C3)OC4=CC=CC=C4)N,Cc1ccc(CNc2ncnc3ccc(-c4ccc(F)cc4)cc23)cc1
AKT2,Ours,0.36,O=C(NC1=CC(=CC(=C1)C(=NNC(=N)N)C)C(=NNC(=N)N)C)NCCCCCCNC(=O)NC2=CC(=CC(=C2)C(=NNC(=N)N)C)C(=NNC(=N)N)C,CCCCNC(=O)C(CCCNC(=N)N)NC(=O)C(CCCNC(=N)N)NC(=O)C(CCCNC(=N)N)NC(=O)C(Cc1ccccc1)NC(=O)CCC(C)(C)C
AKT2,Ours,0.36,N=1C=NC(=C2C1C=CC=C2)NCC=3C=CC(C(N4CCN(CC4)C5=NC=C(C=N5)CC)=O)=CC3,CSc1ccc(CNc2ncnc3ccc(C(=O)NCCN4CCOCC4)cc23)cc1
AKT2,Ours,0.36,N1=CN=C(C2=CC(=C(C=C12)OC)OC)NC=3C=CC(=CC3)OCC=4C=CC=CC4,COc1ccc2nc(C#N)nc(Nc3ccc(Cl)cc3)c2c1
AKT2,Ours,0.36,FC(F)(F)C1=CC=C([C@H](C(=O)N2CCN(C=3N=CN=C4C3[C@@H](C[C@H]4O)C)CC2)CN)C=C1,CC1CN(C(C)CO)C(=O)CCCn2cc(nn2)COC1CN(C)Cc1ccc(C(F)(F)F)cc1
AKT2,Ours,0.36,ClC=1C=C2SC(=NC2=CC1)NC(=O)C3=C(OC)C=C(OC)C=C3,COc1ccc(C(=O)Nc2ccc(C(=O)Nc3ccc(C(=O)O)cc3)cc2)c(OC)c1
AKT2,Ours,0.36,C=1C=C(C=CC1C[C@@H](N)C(N2CCN(CC2)C=3C4=C(N=CN3)C=CC=C4)=O)C(F)(F)F,CC1CN(C(C)CO)C(=O)c2ccccc2-c2ccccc2COC1CN(C)Cc1ccc(C(F)(F)F)cc1
AKT2,Ours,0.35,O=C(NC(CC1=CC=CC=C1)CO)C2=CC=C(C=3C=CN=CC3)C=C2,CC(C)(C)NC(=O)C(Cc1ccccc1)NC(=O)c1ccc(C(C)(C)C)cc1
AKT2,Ours,0.35,N=1C=NC(=C2C1C=CC=C2)NCC=3C=CC(C(N4CCN(CC4)C5=NC=C(C=N5)CC)=O)=CC3,Cc1ccc(CNc2ncnc3ccc(C(=O)NCCCN4CCOCC4)cc23)cc1
AKT2,Ours,0.35,N=1C=NC(=C2C1C=CC=C2)NCC=3C=CC(C(N4CCN(CC4)C5=NC=C(C=N5)CC)=O)=CC3,CCCc1ccc(C(=O)N2CCC(CCN(C)C)CC2)cc1
AKT2,Ours,0.35,N1(C(=[N+](C=C1)CCCCCCCCCCCCCCCC)C)CC2=CC=CC=C2,CCCCCCCCCCCCCCCCCCCC(=O)NCCCN(CC)CC
AKT2,Ours,0.35,C=1(C=C2/C(/C(NC2=CC1)=O)=C(\C)/C=3NC=C(C3)CNC(C4=CN=CC=C4)=O)NC(N)=O,COc1ccc(CNC(=O)CC2CC3c4cc(NC(=O)c5cccnc5)ccc4OC3C(CO)O2)cc1
AKT2,Ours,0.35,C=1(C(=CC2=NC=NC(=C2C1)NC3=CC=C(C=C3)NC(C=4C=CC=CC4)=O)OC)OC,CC(C)(C)c1ccc(C(=O)Nc2ncnc3ccc(-c4ccccc4F)cc23)cc1
AKT2,Ours,0.35,C1CCC(CC1)C(=O)N(C2=CC=C3N(C(=NC3=C2)NC(C=4C=CC(=CC4)C#N)=O)CCCC)C,CN(C)CCCNC(=O)CC1CCC2C(COC(CN(C)Cc3ccc(C(=O)O)cc3)C(O)CN2S(=O)C(C)(C)C)O1
AKT2,Ours,0.34,O=C(NCC1=CC=CC=C1)C2=CC=C(C=3C=CN=CC3)C=C2,CC(C)(C)NC(=O)C(NC(=O)CCNC(=O)c1ccc(-c2ccccc2)cc1)C(C)(C)C
AKT2,Ours,0.34,O=C(NC=1C=C2C(C3=CC=CC=C3)=CNC2=NC1)C=4C=CC(OC)=CC4,COc1ccc(C(=O)Nc2ccc3c(c2)C2CC(CC(=O)NCCc4ccccc4)OC(CO)C2O3)cc1
AKT2,Ours,0.34,O=C(NC=1C=C(OC)C=CC1)C2=C3N(N=C2)C(C4=CC=CC=C4)=CC=N3,COc1ccccc1CNC(=O)CC1CC2c3cc(NC(=O)c4ccccn4)ccc3OC2C(CO)O1
AKT2,Ours,0.34,O=C(NC(C1=CC=CC=C1)C)C2=CC=C(C=3C=CN=CC3)C=C2,CC(NC(=O)Nc1ccc2c(c1)C(=O)N(C)C1CCC(CC(=O)NC3Cc4ccccc4C3)OC1CO2)c1ccccc1
AKT2,Ours,0.34,O=C(NC(C1=CC=CC=C1)C)C2=CC=C(C=3C=CN=CC3)C=C2,CC(NC(=O)CC1CCC(NC(=O)c2ccc(F)cc2)C(CO)O1)c1ccccc1
AKT2,Ours,0.34,FC=1C=C([C@@H](CNCC2CC2)C(=O)N3CCN(CC3)C=4N=CN=C5C4[C@@H](C[C@H]5O)C)C=CC1C(F)(F)F,CC1CCCCOC(CN(C)CC2CC2)C(C)CN(C(C)CO)C(=O)c2cc(NC(=O)CCC(F)(F)F)ccc2O1
AKT2,Ours,0.34,FC(F)(F)C1=CC=C([C@H](C(=O)N2CCN(C=3N=CN=C4C3[C@@H](C[C@H]4O)C)CC2)CN)C=C1,CC1CN(C(C)CO)C(=O)CCCn2cc(nn2)COC1CN(C)Cc1ccc(C(F)(F)F)cc1
AKT2,Ours,0.34,FC(F)(F)C1=CC(NC(=O)NC2=CC=C(OC=3C=C(N=CC3)C(=O)NC)C=C2)=CC=C1,COc1ccc(NC(=O)N(C)CC2Oc3ccc(NC(=O)Nc4ccc(C(F)(F)F)cc4)cc3C(=O)N(C(C)CO)CC2C)cc1
AKT2,Ours,0.34,FC(F)(F)C1=CC(NC(=O)NC2=CC=C(OC=3C=C(N=CC3)C(=O)NC)C=C2)=CC=C1,COc1ccc(NC(=O)N(C)CC2Oc3ccc(NC(=O)Nc4ccc(C(F)(F)F)cc4)cc3C(=O)N(C(C)CO)CC2C)cc1
AKT2,Ours,0.34,FC(F)(F)C1=CC(NC(=O)NC2=CC=C(OC=3C=C(N=CC3)C(=O)NC)C=C2)=CC=C1,COc1ccc(CNC(=O)CC2CC3c4cc(NC(=O)Nc5ccc(C(F)(F)F)cc5)ccc4OC3C(CO)O2)cc1
AKT2,Ours,0.34,FC(F)(F)C1=CC(NC(=O)NC2=CC=C(OC=3C=C(N=CC3)C(=O)NC)C=C2)=CC=C1,CCCNC(=O)N1CC(C)OC(C)c2cc(NC(=O)c3ccccn3)ccc2N(C)C(=O)CC(OC)C1
AKT2,Ours,0.34,ClC1=CC=C(C(=O)NC=2C=C3NN=CC3=CC2)C=C1,CCCC(=O)Nc1ccc2c(c1)OCC(C)N(C(=O)c1ccc(Cl)cc1)CC(C)C(OC)CN(C)C2=O
AKT2,Ours,0.34,C1(=CC=C2C(=C1)C=NN2)C3=C(N=CN3CCN4CCOCC4)C5=CC=C(C=C5)F,Cc1ccc(-c2ccc(-c3cn(CCCN4CCOCC4)nn3)cc2)cc1
AKT2,Ours,0.34,C1(=CC=C2C(=C1)C(NC=3C=C(C=CC3)Br)=NC=N2)NC(CC)=O,Cc1ccc2ncnc(NC(=O)c3ccc(C(C)(C)C)cc3)c2c1
AKT2,Ours,0.33,FC=1C=C(C(=O)NC2=CC=3C(=NNC3)C=C2)C=CC1,CCCNC(=O)CC1CC2c3cc(NS(=O)(=O)c4cccc(F)c4)ccc3OC2C(CO)O1
AKT2,Ours,0.33,FC(F)(F)C1=CC(NC(=O)NC2=CC=C(OC=3C=C(N=CC3)C(=O)NC)C=C2)=CC=C1,CC(C)(C)c1cccc(CNC(=O)CCNC(=O)CCNC(=O)CNC(=O)c2cccc(NC(=O)Nc3ccc(C(F)(F)F)cc3)c2)c1
AKT2,Ours,0.33,FC(F)(F)C1=CC(NC(=O)NC2=CC=C(C3=C4C(NN=C4C)=CC=C3)C=C2)=CC=C1,Cc1ccc(S(=O)(=O)Nc2ccc3c(c2)C(=O)N(C(C)CO)CC(C)C(CN(C)Cc2cccc(C(F)(F)F)c2)OCCCCC(C)O3)cc1
AKT2,Ours,0.33,ClC=1C=C2SC(=NC2=CC1)NC(=O)C3=C(OC)C=C(OC)C=C3,CN(CCNc1nc2ccc(Cl)cc2s1)S(=O)(=O)c1ccc2c(c1)OCCO2
AKT2,Ours,0.33,ClC=1C=C2SC(=NC2=CC1)NC(=O)C3=C(OC)C=C(OC)C=C3,CN(CCNc1nc2ccc(Cl)cc2s1)S(=O)(=O)c1ccc2c(c1)OCCO2
AKT2,Ours,0.33,ClC1=CC(=C(NC(=S)NNC(=O)C(O)(C2=CC=CC=C2)C3=CC=CC=C3)C=C1)C,CCNC(=O)CCC(NC(=O)CCc1ccccc1)C(=O)Nc1ccccc1C
AKT2,Ours,0.33,C=1(C=C2/C(/C(NC2=CC1)=O)=C/C=3NC=C(C3)C(=O)NCCC4=CC=NC=C4)NC(N)=O,CC(C)(C)NC(=O)CC1CC2c3cc(NC(=O)Cc4ccncc4)ccc3OC2C(CO)O1
AKT2,Ours,0.33,BrC1=CC=C(C2=NOC(=O)C2=CC=3C=C(OC)C(OC)=CC3)C=C1,COc1ccc(C=CC(=O)OCc2nnn(-c3ccc(Cl)cc3Cl)c2C)cc1OC
AKT2,Ours,0.32,O=C1N(C=2C(N(C1CC)C3CCCC3)=NC(=NC2)NC4=C(OC)C=C(C=C4)C(=O)NC5CCCCC5)C,CC(C)NC(=O)Nc1ccc2c(c1)C(=O)N(C(C)CO)CC(C)C(CN(C)C(=O)NC1CCCCC1)OCCCCC(C)O2
AKT2,Ours,0.32,C=1C=C(C=CC1C[C@@H](N)C(N2CCN(CC2)C=3C4=C(N=CN3)C=CC=C4)=O)C(F)(F)F,CC1CN(C(C)CO)C(=O)c2cc(NC(=O)CCN3CCOCC3)ccc2OC1CN(C)Cc1ccc(C(F)(F)F)cc1
AKT2,Ours,0.31,S1C2=NNC(=C2C=C1C(=O)NCC3=CC(OC)=CC=C3)C4=CC=CC=C4,COc1cccc(CNC(=O)CC2CC3c4cc(NC(=O)c5ccccn5)ccc4OC3C(CO)O2)c1
AKT2,Ours,0.31,S(=O)(=O)(O)C=1C=2C(C(NCC=3C=C4OCOC4=CC3)=CC1)=C(O)C=CC2,CC(C)NC(=O)CC1CC2c3cc(NC(=O)c4ccc5c(c4)OCO5)ccc3OC2C(CO)O1
AKT2,Ours,0.31,O=C(NCC1=CC=CC=C1)C2=CC=C(C=3C=CN=CC3)C=C2,CC(C)(C)c1ccc(C(=O)c2ccc(C(=O)NCCCN3CCC(Cc4ccccc4)CC3)cc2)cc1
AKT2,Ours,0.31,O=C(NC(CC1=CC=CC=C1)CO)C2=CC=C(C=3C=CN=CC3)C=C2,Cc1ccc(S(=O)(=O)NC2C=CC(CC(=O)NCCc3ccccc3)OC2CO)cc1
AKT2,Ours,0.31,N1(C(=[N+](C=C1)CCCCCCCCCCCCCCCC)C)CC2=CC=CC=C2,CCCCCCCCCCCCCCCCCCCCC(O)C(NC(=O)CCCCCCC(=O)Nc1cccc(C(=O)O)c1)C(C)C
AKT2,Ours,0.31,FC(F)(F)C=1C=C(CNC2C(=NC=3C=CN=CC3)C(=O)C2=O)C=CC1,CN(Cc1cccc(C(F)(F)F)c1)C(=O)Nc1cccc(C2CC2)c1Br
AKT2,Ours,0.31,FC(F)(F)C1=CC(NC(=O)NC2=CC=C(OC=3C=C(N=CC3)C(=O)NC)C=C2)=CC=C1,CCNCC1OCCCCC(C)Oc2ccc(NC(=O)Nc3cccc(C(F)(F)F)c3)cc2C(=O)N(C(C)CO)CC1C
AKT2,Ours,0.31,C(=O)(NC=1C=2C(C(=CC1)OCCN3CCOCC3)=CC=CC2)NC4=CC(=NN4C5=CC=C(C=C5)C)C(C)(C)C,CC(C)(C)c1ccc(C(=O)Nc2nc(-c3ccc(F)cc3)nc3ccc(C(=O)NCCCN4CCOCC4)cc23)cc1
AKT2,Ours,0.3,S(=O)(=O)(O)C=1C=2C(C(NCC=3C=C4OCOC4=CC3)=CC1)=C(O)C=CC2,CN(C)C(=O)CC1CC2c3cc(NC(=O)c4ccc5c(c4)OCO5)ccc3OC2C(CO)O1
AKT2,Ours,0.3,O=C1C(NCC=2C(OC)=CC(OC)=CC2)C(=NC=3C=CN=CC3)C1=O,COc1ccc(CN(Cc2ccccn2)C(=O)c2ccc(Cl)cc2)c(OC)c1
AKT2,Ours,0.3,O=C1C(=NC=2C=CN=CC2)C(NC(C3CCCCC3)C)C1=O,CC(C)NC(=O)N(C)CC1OCCCCC(C)Oc2ccc(N(C)C)cc2C(=O)N(C(C)CO)CC1C
AKT2,Ours,0.3,O=C(NC1=CC=C(C=2C=C(C=CC2)C(=O)N)C=C1)NC3=CC(=CC=C3)C,COc1ccc(NC(=O)Nc2ccc3c(c2)C2CC(CC(=O)NCCc4ccccc4)OC(CO)C2O3)cc1
AKT2,Ours,0.3,O=C(NC(C1=CC=CC=C1)C)C2=CC=C(C=3C=CN=CC3)C=C2,CC(NC(=O)Nc1ccc2c(c1)CC(=O)N(C(C)CO)CC(C)C(CN(C)S(=O)(=O)c1ccc(F)cc1)O2)c1ccccc1
AKT2,Ours,0.3,N1(C(=[N+](C=C1)CCCCCCCCCCCCCCCC)C)CC2=CC=CC=C2,CCCCCCCCCCCCCCCCC(=O)Nc1ccc(C(=O)Nc2ccccc2C(=O)Nc2ccc(C(=O)NCc3ccc(C(F)(F)F)cc3)cc2)cc1
AKT2,Ours,0.3,FC1=CC=C(C=2N=CN(C2C=3C=CN=CC3)CCCO)C=C1,CC(C)(C)c1ccc(-c2ncn(CCCNC(=O)c3cccc(C(C)(C)C)c3)c2-c2ccc(C(C)(C)C)cc2)cc1
AKT2,Ours,0.3,C1CCC(C(=O)N(C2=CC=C3C(N=C(N3C)NC(C=4C=CC(=CC4)C#N)=O)=C2)C)CC1,CC(C)(C)c1ccc(C(=O)Nc2ccccc2C(=O)NC2CCC(C(=O)O)CC2)cc1
AKT2,Ours,0.29,S(=O)(=O)(NC=1C=C2N=C(C(=NC2=CC1)C)C)C3=CC=C(N)C=C3,COC1CN(C)C(=O)c2ccc(NS(=O)(=O)c3ccc(C)cc3)cc2OCC(C)NCC1C
AKT2,Ours,0.29,N1=CN=C(C2=CC(=C(C=C12)OC)OC)NC=3C=CC(=CC3)OCC=4C=CC=CC4,COc1ccc2nc(C#N)nc(Nc3ccc(Cl)cc3)c2c1
AKT2,Ours,0.29,FC(F)(F)C1=CC(NC(=O)NC2=CC=C(OC=3C=C(N=CC3)C(=O)NC)C=C2)=CC=C1,CC1CCCCOC(CN(C)Cc2ccc(Oc3ccccc3)cc2)C(C)CN(C(C)CO)C(=O)c2cc(NC(=O)Nc3ccc(C(F)(F)F)cc3)ccc2O1
AKT2,Ours,0.29,C=1(C=C2/C(/C(NC2=CC1)=O)=C/C=3NC=C(C3)C(NCCN4CCOCC4)=O)NC(N)=O,CC1CCCCOC(CN(C)C(=O)c2ccc(C(F)(F)F)cc2)C(C)CN(C(C)CO)C(=O)c2cc(NC(=O)CCN3CCOCC3)ccc2O1
AKT2,Ours,0.29,C=1(C=C2/C(/C(NC2=CC1)=O)=C(\C)/C=3NC=C(C3)CNC(C4CCN(CC4)C)=O)NC(=O)N,COC1CN(C)C(=O)c2cc(NC(=O)C3CCOCC3)ccc2OCC(C)N(C(=O)NC(C)C)CC1C
AKT2,Ours,0.29,C=1(C=C2/C(/C(=O)NC2=CC1)=C/C3=CC(=CN3)C4=CC(=CC=C4)C(=O)NCCN5CCCCC5)NC(N)=O,CC(C)(C)S(=O)N1Cc2cc(C(=O)NCCN3CCCCC3)nc(-c3ccc(-c4ccccc4C#N)cc3)c2C1CCO
AKT2,Ours,0.28,S1C=2C(C(C3=CC=C(NC(=O)NC4=CC(=CC=C4)C)C=C3)=C1)=C(N=CC2C#CCN5CCOCC5)N,COc1ccc(NC(=O)Nc2ccc3c(c2)C(=O)N(C)C2CCC(CC(=O)NCCCN4CCOCC4)OC2CO3)cc1
AKT2,Ours,0.28,O=C1N(C(=O)C=2C1=CC=CC2)C=3C=C(O)C(=CC3)C(=O)O,CC(C)(C)C(NC(=O)CCc1ccc(-c2ccccc2C(=O)O)cc1)C(=O)O
AKT2,Ours,0.28,ClC1=CC(CNC2C(=NC=3C=CN=CC3)C(=O)C2=O)=CC=C1Cl,CC1CN(C(C)CO)C(=O)c2cc(N(C)C)ccc2OC1CN(C)Cc1ccc(Cl)c(Cl)c1
AKT2,Ours,0.27,ClC1=CC=C(C(=O)NC=2C=C3NN=CC3=CC2)C=C1,CC(C(C)(C)C)C(C)(C)C(O)CCC(=O)Nc1ccc(C(=O)c2ccc(Cl)cc2)cc1
AKT2,Ours,0.27,C1CCC(C(=O)N(C2=CC=C3C(N=C(N3C)NC(C=4C=CC(=CC4)C#N)=O)=C2)C)CC1,CC1CN(C(C)CO)S(=O)(=O)c2ccc(NC(=O)c3ccc(C(C)(C)C)cc3)cc2OC1CN(C)C(=O)NC1CCCCC1
AKT2,Ours,0.27,C1=CC=C2C(C3=C4N2[C@]5(O[C@H](C[C@H]([C@H]5OC)N(C)C(=O)CCC(NCCC(NCCC(NCCC(N)=O)=O)=O)=O)N6C4=C(C7=C6C=CC=C7)C=8C3=CNC8O)C)=C1,CNC(=O)c1ccccc1NC(=O)c1ccc(NC(=O)CCC(=O)NCCCNC(=O)c2ccccc2NC(=O)c2ccc(NC(=O)CCC(=O)NCCCNC(=O)c3ccccc3NC(=O)c3ccc(NC(=O)CCC(=O)NCCCc4ccc(NC(=O)NC(C)C)cc4)cc3)cc2)cc1
AKT2,Ours,0.26,O=C(NC(C1=CC=CC=C1)C)C2=CC=C(C=3C=CN=CC3)C=C2,CC(NC(=O)Nc1ccc2c(c1)CC(=O)N(C(C)CO)CC(C)C(CN(C)S(=O)(=O)c1ccc(F)cc1)O2)c1ccccc1
AURKB,Cosine Search,0.35,C=1C=C2C=C(NC2=CC1)C=3NN=C(C3)C,CNC(=O)CCc1cc2ccccc2[nH]1
AURKB,Cosine Search,0.35,C=1C=C2C=C(NC2=CC1)C=3NN=C(C3)C,CNC(=O)CCc1cc2ccccc2[nH]1
AURKB,Cosine Search,0.35,C=1C=C2C=C(NC2=CC1)C=3NN=C(C3)C,CNC(=O)CCc1cc2ccccc2[nH]1
AURKB,Cosine Search,0.35,C=1C=C2C=C(NC2=CC1)C=3NN=C(C3)C,CNC(=O)CCc1cc2ccccc2[nH]1
AURKB,Cosine Search,0.35,C=1C=C2C=C(NC2=CC1)C=3NN=C(C3)C,CNC(=O)CCc1cc2ccccc2[nH]1
AURKB,Cosine Search,0.18,ClC1=CC=2N=C3C(SC2C=C1)C(=O)CC(C3)(C)C,CC=C1/[C@H]2Cc3[nH]c(=O)ccc3[C@]1(N)CC(C)=C2
AURKB,Cosine Search,0.35,C=1C=C2C=C(NC2=CC1)C=3NN=C(C3)C,CNC(=O)CCc1cc2ccccc2[nH]1
AURKB,Cosine Search,0.35,C=1C=C2C=C(NC2=CC1)C=3NN=C(C3)C,CNC(=O)CCc1cc2ccccc2[nH]1
AURKB,Cosine Search,0.18,ClC1=CC=2N=C3C(SC2C=C1)C(=O)CC(C3)(C)C,CC=C1/[C@H]2Cc3[nH]c(=O)ccc3[C@]1(N)CC(C)=C2
AURKB,Cosine Search,0.18,ClC1=CC=2N=C3C(SC2C=C1)C(=O)CC(C3)(C)C,CC=C1/[C@H]2Cc3[nH]c(=O)ccc3[C@]1(N)CC(C)=C2
AURKB,Cosine Search,0.35,C=1C=C2C=C(NC2=CC1)C=3NN=C(C3)C,CNC(=O)CCc1cc2ccccc2[nH]1
AURKB,Cosine Search,0.35,C=1C=C2C=C(NC2=CC1)C=3NN=C(C3)C,CNC(=O)CCc1cc2ccccc2[nH]1
AURKB,Cosine Search,0.18,ClC1=CC=2N=C3C(SC2C=C1)C(=O)CC(C3)(C)C,CC=C1/[C@H]2Cc3[nH]c(=O)ccc3[C@]1(N)CC(C)=C2
AURKB,Cosine Search,0.35,C=1C=C2C=C(NC2=CC1)C=3NN=C(C3)C,CNC(=O)CCc1cc2ccccc2[nH]1
AURKB,Cosine Search,0.35,C=1C=C2C=C(NC2=CC1)C=3NN=C(C3)C,CNC(=O)CCc1cc2ccccc2[nH]1
AURKB,Cosine Search,0.35,C=1C=C2C=C(NC2=CC1)C=3NN=C(C3)C,CNC(=O)CCc1cc2ccccc2[nH]1
AURKB,Cosine Search,0.18,ClC1=CC=2N=C3C(SC2C=C1)C(=O)CC(C3)(C)C,CC=C1/[C@H]2Cc3[nH]c(=O)ccc3[C@]1(N)CC(C)=C2
AURKB,Cosine Search,0.35,C=1C=C2C=C(NC2=CC1)C=3NN=C(C3)C,CNC(=O)CCc1cc2ccccc2[nH]1
AURKB,Cosine Search,0.18,ClC1=CC=2N=C3C(SC2C=C1)C(=O)CC(C3)(C)C,CC=C1/[C@H]2Cc3[nH]c(=O)ccc3[C@]1(N)CC(C)=C2
AURKB,Cosine Search,0.35,C=1C=C2C=C(NC2=CC1)C=3NN=C(C3)C,CNC(=O)CCc1cc2ccccc2[nH]1
AURKB,Cosine Search,0.18,ClC1=CC=2N=C3C(SC2C=C1)C(=O)CC(C3)(C)C,CC=C1/[C@H]2Cc3[nH]c(=O)ccc3[C@]1(N)CC(C)=C2
AURKB,Cosine Search,0.18,ClC1=CC=2N=C3C(SC2C=C1)C(=O)CC(C3)(C)C,CC=C1/[C@H]2Cc3[nH]c(=O)ccc3[C@]1(N)CC(C)=C2
AURKB,Cosine Search,0.35,C=1C=C2C=C(NC2=CC1)C=3NN=C(C3)C,CNC(=O)CCc1cc2ccccc2[nH]1
AURKB,Cosine Search,0.35,C=1C=C2C=C(NC2=CC1)C=3NN=C(C3)C,CNC(=O)CCc1cc2ccccc2[nH]1
AURKB,Cosine Search,0.35,C=1C=C2C=C(NC2=CC1)C=3NN=C(C3)C,CNC(=O)CCc1cc2ccccc2[nH]1
AURKB,Cosine Search,0.18,ClC1=CC=2N=C3C(SC2C=C1)C(=O)CC(C3)(C)C,CC=C1/[C@H]2Cc3[nH]c(=O)ccc3[C@]1(N)CC(C)=C2
AURKB,Cosine Search,0.35,C=1C=C2C=C(NC2=CC1)C=3NN=C(C3)C,CNC(=O)CCc1cc2ccccc2[nH]1
AURKB,Cosine Search,0.18,ClC1=CC=2N=C3C(SC2C=C1)C(=O)CC(C3)(C)C,CC=C1/[C@H]2Cc3[nH]c(=O)ccc3[C@]1(N)CC(C)=C2
AURKB,Cosine Search,0.35,C=1C=C2C=C(NC2=CC1)C=3NN=C(C3)C,CNC(=O)CCc1cc2ccccc2[nH]1
AURKB,Cosine Search,0.18,ClC1=CC=2N=C3C(SC2C=C1)C(=O)CC(C3)(C)C,CC=C1/[C@H]2Cc3[nH]c(=O)ccc3[C@]1(N)CC(C)=C2
AURKB,Cosine Search,0.35,C=1C=C2C=C(NC2=CC1)C=3NN=C(C3)C,CNC(=O)CCc1cc2ccccc2[nH]1
AURKB,Cosine Search,0.18,ClC1=CC=2N=C3C(SC2C=C1)C(=O)CC(C3)(C)C,CC=C1/[C@H]2Cc3[nH]c(=O)ccc3[C@]1(N)CC(C)=C2
AURKB,Cosine Search,0.35,C=1C=C2C=C(NC2=CC1)C=3NN=C(C3)C,CNC(=O)CCc1cc2ccccc2[nH]1
AURKB,Cosine Search,0.35,C=1C=C2C=C(NC2=CC1)C=3NN=C(C3)C,CNC(=O)CCc1cc2ccccc2[nH]1
AURKB,Cosine Search,0.35,C=1C=C2C=C(NC2=CC1)C=3NN=C(C3)C,CNC(=O)CCc1cc2ccccc2[nH]1
AURKB,Cosine Search,0.18,ClC1=CC=2N=C3C(SC2C=C1)C(=O)CC(C3)(C)C,CC=C1/[C@H]2Cc3[nH]c(=O)ccc3[C@]1(N)CC(C)=C2
AURKB,Cosine Search,0.18,ClC1=CC=2N=C3C(SC2C=C1)C(=O)CC(C3)(C)C,CC=C1/[C@H]2Cc3[nH]c(=O)ccc3[C@]1(N)CC(C)=C2
AURKB,Cosine Search,0.35,C=1C=C2C=C(NC2=CC1)C=3NN=C(C3)C,CNC(=O)CCc1cc2ccccc2[nH]1
AURKB,Cosine Search,0.35,C=1C=C2C=C(NC2=CC1)C=3NN=C(C3)C,CNC(=O)CCc1cc2ccccc2[nH]1
AURKB,Cosine Search,0.35,C=1C=C2C=C(NC2=CC1)C=3NN=C(C3)C,CNC(=O)CCc1cc2ccccc2[nH]1
AURKB,Cosine Search,0.18,ClC1=CC=2N=C3C(SC2C=C1)C(=O)CC(C3)(C)C,CC=C1/[C@H]2Cc3[nH]c(=O)ccc3[C@]1(N)CC(C)=C2
AURKB,Cosine Search,0.35,C=1C=C2C=C(NC2=CC1)C=3NN=C(C3)C,CNC(=O)CCc1cc2ccccc2[nH]1
AURKB,Cosine Search,0.35,C=1C=C2C=C(NC2=CC1)C=3NN=C(C3)C,CNC(=O)CCc1cc2ccccc2[nH]1
AURKB,Cosine Search,0.35,C=1C=C2C=C(NC2=CC1)C=3NN=C(C3)C,CNC(=O)CCc1cc2ccccc2[nH]1
AURKB,Cosine Search,0.35,C=1C=C2C=C(NC2=CC1)C=3NN=C(C3)C,CNC(=O)CCc1cc2ccccc2[nH]1
AURKB,Cosine Search,0.18,ClC1=CC=2N=C3C(SC2C=C1)C(=O)CC(C3)(C)C,CC=C1/[C@H]2Cc3[nH]c(=O)ccc3[C@]1(N)CC(C)=C2
AURKB,Cosine Search,0.35,C=1C=C2C=C(NC2=CC1)C=3NN=C(C3)C,CNC(=O)CCc1cc2ccccc2[nH]1
AURKB,Cosine Search,0.35,C=1C=C2C=C(NC2=CC1)C=3NN=C(C3)C,CNC(=O)CCc1cc2ccccc2[nH]1
AURKB,Cosine Search,0.35,C=1C=C2C=C(NC2=CC1)C=3NN=C(C3)C,CNC(=O)CCc1cc2ccccc2[nH]1
AURKB,Cosine Search,0.18,ClC1=CC=2N=C3C(SC2C=C1)C(=O)CC(C3)(C)C,CC=C1/[C@H]2Cc3[nH]c(=O)ccc3[C@]1(N)CC(C)=C2
AURKB,Cosine Search,0.35,C=1C=C2C=C(NC2=CC1)C=3NN=C(C3)C,CNC(=O)CCc1cc2ccccc2[nH]1
AURKB,Cosine Search,0.35,C=1C=C2C=C(NC2=CC1)C=3NN=C(C3)C,CNC(=O)CCc1cc2ccccc2[nH]1
AURKB,Cosine Search,0.16,OC=1C(C[C@]2([C@H]3[C@@](CC[C@@H]2C)(C(=CCC3)C)C)C)=CC(=CC1O)C(OC)=O,COCC1OC(=O)c2coc3c2C1(C)C1=C(C2CCC(=O)C2(C)CC1OC(C)=O)C3=O
AURKB,Cosine Search,0.35,C=1C=C2C=C(NC2=CC1)C=3NN=C(C3)C,CNC(=O)CCc1cc2ccccc2[nH]1
AURKB,Cosine Search,0.18,ClC1=CC=2N=C3C(SC2C=C1)C(=O)CC(C3)(C)C,CC=C1/[C@H]2Cc3[nH]c(=O)ccc3[C@]1(N)CC(C)=C2
AURKB,Cosine Search,0.35,C=1C=C2C=C(NC2=CC1)C=3NN=C(C3)C,CNC(=O)CCc1cc2ccccc2[nH]1
AURKB,Cosine Search,0.35,C=1C=C2C=C(NC2=CC1)C=3NN=C(C3)C,CNC(=O)CCc1cc2ccccc2[nH]1
AURKB,Cosine Search,0.18,ClC1=CC=2N=C3C(SC2C=C1)C(=O)CC(C3)(C)C,CC=C1/[C@H]2Cc3[nH]c(=O)ccc3[C@]1(N)CC(C)=C2
AURKB,Cosine Search,0.35,C=1C=C2C=C(NC2=CC1)C=3NN=C(C3)C,CNC(=O)CCc1cc2ccccc2[nH]1
AURKB,Cosine Search,0.35,C=1C=C2C=C(NC2=CC1)C=3NN=C(C3)C,CNC(=O)CCc1cc2ccccc2[nH]1
AURKB,Cosine Search,0.35,C=1C=C2C=C(NC2=CC1)C=3NN=C(C3)C,CNC(=O)CCc1cc2ccccc2[nH]1
AURKB,Cosine Search,0.27,ClC1=CC(S(=O)(=O)NC2=CC3=C(C4=C(C3=NO)C=CC=C4)C=C2)=CC=C1,C[C@@H](CO)N1C[C@H](C)[C@H](CN(C)S(=O)(=O)c2ccc(Cl)cc2)OCc3ccccc3-c4ccccc4C1=O
AURKB,Cosine Search,0.18,ClC1=CC=2N=C3C(SC2C=C1)C(=O)CC(C3)(C)C,CC=C1/[C@H]2Cc3[nH]c(=O)ccc3[C@]1(N)CC(C)=C2
AURKB,Cosine Search,0.35,C=1C=C2C=C(NC2=CC1)C=3NN=C(C3)C,CNC(=O)CCc1cc2ccccc2[nH]1
AURKB,Cosine Search,0.18,ClC1=CC=2N=C3C(SC2C=C1)C(=O)CC(C3)(C)C,CC=C1/[C@H]2Cc3[nH]c(=O)ccc3[C@]1(N)CC(C)=C2
AURKB,Cosine Search,0.35,C=1C=C2C=C(NC2=CC1)C=3NN=C(C3)C,CNC(=O)CCc1cc2ccccc2[nH]1
AURKB,Cosine Search,0.35,C=1C=C2C=C(NC2=CC1)C=3NN=C(C3)C,CNC(=O)CCc1cc2ccccc2[nH]1
AURKB,Cosine Search,0.18,ClC1=CC=2N=C3C(SC2C=C1)C(=O)CC(C3)(C)C,CC=C1/[C@H]2Cc3[nH]c(=O)ccc3[C@]1(N)CC(C)=C2
AURKB,Cosine Search,0.35,C=1C=C2C=C(NC2=CC1)C=3NN=C(C3)C,CNC(=O)CCc1cc2ccccc2[nH]1
AURKB,Cosine Search,0.35,C=1C=C2C=C(NC2=CC1)C=3NN=C(C3)C,CNC(=O)CCc1cc2ccccc2[nH]1
AURKB,Cosine Search,0.18,ClC1=CC=2N=C3C(SC2C=C1)C(=O)CC(C3)(C)C,CC=C1/[C@H]2Cc3[nH]c(=O)ccc3[C@]1(N)CC(C)=C2
AURKB,Cosine Search,0.35,C=1C=C2C=C(NC2=CC1)C=3NN=C(C3)C,CNC(=O)CCc1cc2ccccc2[nH]1
AURKB,Cosine Search,0.35,C=1C=C2C=C(NC2=CC1)C=3NN=C(C3)C,CNC(=O)CCc1cc2ccccc2[nH]1
AURKB,Cosine Search,0.35,C=1C=C2C=C(NC2=CC1)C=3NN=C(C3)C,CNC(=O)CCc1cc2ccccc2[nH]1
AURKB,Cosine Search,0.35,C=1C=C2C=C(NC2=CC1)C=3NN=C(C3)C,CNC(=O)CCc1cc2ccccc2[nH]1
AURKB,Cosine Search,0.35,C=1C=C2C=C(NC2=CC1)C=3NN=C(C3)C,CNC(=O)CCc1cc2ccccc2[nH]1
AURKB,Cosine Search,0.35,C=1C=C2C=C(NC2=CC1)C=3NN=C(C3)C,CNC(=O)CCc1cc2ccccc2[nH]1
AURKB,Cosine Search,0.35,C=1C=C2C=C(NC2=CC1)C=3NN=C(C3)C,CNC(=O)CCc1cc2ccccc2[nH]1
AURKB,Cosine Search,0.23,C=1C=NC=2NC(=CC2C1C=3C=CC(=CC3)S(N(CCO)C)(=O)=O)C,COCC#Cc1ccc2c(O[C@@H](CN(C)S(=O)(=O)c3ccc(OC)cc3)[C@@H](C)CN([C@H](C)CO)S2(=O)=O)c1
AURKB,Cosine Search,0.35,C=1C=C2C=C(NC2=CC1)C=3NN=C(C3)C,CNC(=O)CCc1cc2ccccc2[nH]1
AURKB,Cosine Search,0.18,ClC1=CC=2N=C3C(SC2C=C1)C(=O)CC(C3)(C)C,CC=C1/[C@H]2Cc3[nH]c(=O)ccc3[C@]1(N)CC(C)=C2
AURKB,Cosine Search,0.35,C=1C=C2C=C(NC2=CC1)C=3NN=C(C3)C,CNC(=O)CCc1cc2ccccc2[nH]1
AURKB,Cosine Search,0.18,ClC1=CC=2N=C3C(SC2C=C1)C(=O)CC(C3)(C)C,CC=C1/[C@H]2Cc3[nH]c(=O)ccc3[C@]1(N)CC(C)=C2
AURKB,Cosine Search,0.35,C=1C=C2C=C(NC2=CC1)C=3NN=C(C3)C,CNC(=O)CCc1cc2ccccc2[nH]1
AURKB,Cosine Search,0.35,C=1C=C2C=C(NC2=CC1)C=3NN=C(C3)C,CNC(=O)CCc1cc2ccccc2[nH]1
AURKB,Cosine Search,0.18,ClC1=CC=2N=C3C(SC2C=C1)C(=O)CC(C3)(C)C,CC=C1/[C@H]2Cc3[nH]c(=O)ccc3[C@]1(N)CC(C)=C2
AURKB,Cosine Search,0.18,ClC1=CC=2N=C3C(SC2C=C1)C(=O)CC(C3)(C)C,CC=C1/[C@H]2Cc3[nH]c(=O)ccc3[C@]1(N)CC(C)=C2
AURKB,Cosine Search,0.35,C=1C=C2C=C(NC2=CC1)C=3NN=C(C3)C,CNC(=O)CCc1cc2ccccc2[nH]1
AURKB,Cosine Search,0.35,C=1C=C2C=C(NC2=CC1)C=3NN=C(C3)C,CNC(=O)CCc1cc2ccccc2[nH]1
AURKB,Cosine Search,0.18,ClC1=CC=2N=C3C(SC2C=C1)C(=O)CC(C3)(C)C,CC=C1/[C@H]2Cc3[nH]c(=O)ccc3[C@]1(N)CC(C)=C2
AURKB,Cosine Search,0.18,ClC1=CC=2N=C3C(SC2C=C1)C(=O)CC(C3)(C)C,CC=C1/[C@H]2Cc3[nH]c(=O)ccc3[C@]1(N)CC(C)=C2
AURKB,Cosine Search,0.35,C=1C=C2C=C(NC2=CC1)C=3NN=C(C3)C,CNC(=O)CCc1cc2ccccc2[nH]1
AURKB,Cosine Search,0.35,C=1C=C2C=C(NC2=CC1)C=3NN=C(C3)C,CNC(=O)CCc1cc2ccccc2[nH]1
AURKB,Cosine Search,0.35,C=1C=C2C=C(NC2=CC1)C=3NN=C(C3)C,CNC(=O)CCc1cc2ccccc2[nH]1
AURKB,Cosine Search,0.35,C=1C=C2C=C(NC2=CC1)C=3NN=C(C3)C,CNC(=O)CCc1cc2ccccc2[nH]1
AURKB,Cosine Search,0.18,ClC1=CC=2N=C3C(SC2C=C1)C(=O)CC(C3)(C)C,CC=C1/[C@H]2Cc3[nH]c(=O)ccc3[C@]1(N)CC(C)=C2
AURKB,Cosine Search,0.35,C=1C=C2C=C(NC2=CC1)C=3NN=C(C3)C,CNC(=O)CCc1cc2ccccc2[nH]1
AURKB,Cosine Search,0.18,ClC1=CC=2N=C3C(SC2C=C1)C(=O)CC(C3)(C)C,CC=C1/[C@H]2Cc3[nH]c(=O)ccc3[C@]1(N)CC(C)=C2
AURKB,Cosine Search,0.35,C=1C=C2C=C(NC2=CC1)C=3NN=C(C3)C,CNC(=O)CCc1cc2ccccc2[nH]1
AURKB,Cosine Search,0.35,C=1C=C2C=C(NC2=CC1)C=3NN=C(C3)C,CNC(=O)CCc1cc2ccccc2[nH]1
AURKB,Euclidean Search,0.35,C=1C=C2C=C(NC2=CC1)C=3NN=C(C3)C,CNC(=O)CCc1cc2ccccc2[nH]1
AURKB,Euclidean Search,0.35,C=1C=C2C=C(NC2=CC1)C=3NN=C(C3)C,CNC(=O)CCc1cc2ccccc2[nH]1
AURKB,Euclidean Search,0.35,C=1C=C2C=C(NC2=CC1)C=3NN=C(C3)C,CNC(=O)CCc1cc2ccccc2[nH]1
AURKB,Euclidean Search,0.35,C=1C=C2C=C(NC2=CC1)C=3NN=C(C3)C,CNC(=O)CCc1cc2ccccc2[nH]1
AURKB,Euclidean Search,0.35,C=1C=C2C=C(NC2=CC1)C=3NN=C(C3)C,CNC(=O)CCc1cc2ccccc2[nH]1
AURKB,Euclidean Search,0.35,C=1C=C2C=C(NC2=CC1)C=3NN=C(C3)C,CNC(=O)CCc1cc2ccccc2[nH]1
AURKB,Euclidean Search,0.35,C=1C=C2C=C(NC2=CC1)C=3NN=C(C3)C,CNC(=O)CCc1cc2ccccc2[nH]1
AURKB,Euclidean Search,0.35,C=1C=C2C=C(NC2=CC1)C=3NN=C(C3)C,CNC(=O)CCc1cc2ccccc2[nH]1
AURKB,Euclidean Search,0.15,O(C(=O)CC=1NC=2C(N1)=CC=CC2N)CC,Nn1c(=O)c(Cc2ccco2)n[nH]c1=S
AURKB,Euclidean Search,0.35,C=1C=C2C=C(NC2=CC1)C=3NN=C(C3)C,CNC(=O)CCc1cc2ccccc2[nH]1
AURKB,Euclidean Search,0.35,C=1C=C2C=C(NC2=CC1)C=3NN=C(C3)C,CNC(=O)CCc1cc2ccccc2[nH]1
AURKB,Euclidean Search,0.35,C=1C=C2C=C(NC2=CC1)C=3NN=C(C3)C,CNC(=O)CCc1cc2ccccc2[nH]1
AURKB,Euclidean Search,0.15,O(C(=O)CC=1NC=2C(N1)=CC=CC2N)CC,Nn1c(=O)c(Cc2ccco2)n[nH]c1=S
AURKB,Euclidean Search,0.35,C=1C=C2C=C(NC2=CC1)C=3NN=C(C3)C,CNC(=O)CCc1cc2ccccc2[nH]1
AURKB,Euclidean Search,0.35,C=1C=C2C=C(NC2=CC1)C=3NN=C(C3)C,CNC(=O)CCc1cc2ccccc2[nH]1
AURKB,Euclidean Search,0.35,C=1C=C2C=C(NC2=CC1)C=3NN=C(C3)C,CNC(=O)CCc1cc2ccccc2[nH]1
AURKB,Euclidean Search,0.35,C=1C=C2C=C(NC2=CC1)C=3NN=C(C3)C,CNC(=O)CCc1cc2ccccc2[nH]1
AURKB,Euclidean Search,0.35,C=1C=C2C=C(NC2=CC1)C=3NN=C(C3)C,CNC(=O)CCc1cc2ccccc2[nH]1
AURKB,Euclidean Search,0.35,C=1C=C2C=C(NC2=CC1)C=3NN=C(C3)C,CNC(=O)CCc1cc2ccccc2[nH]1
AURKB,Euclidean Search,0.35,C=1C=C2C=C(NC2=CC1)C=3NN=C(C3)C,CNC(=O)CCc1cc2ccccc2[nH]1
AURKB,Euclidean Search,0.35,C=1C=C2C=C(NC2=CC1)C=3NN=C(C3)C,CNC(=O)CCc1cc2ccccc2[nH]1
AURKB,Euclidean Search,0.15,O(C(=O)CC=1NC=2C(N1)=CC=CC2N)CC,Nn1c(=O)c(Cc2ccco2)n[nH]c1=S
AURKB,Euclidean Search,0.35,C=1C=C2C=C(NC2=CC1)C=3NN=C(C3)C,CNC(=O)CCc1cc2ccccc2[nH]1
AURKB,Euclidean Search,0.35,C=1C=C2C=C(NC2=CC1)C=3NN=C(C3)C,CNC(=O)CCc1cc2ccccc2[nH]1
AURKB,Euclidean Search,0.35,C=1C=C2C=C(NC2=CC1)C=3NN=C(C3)C,CNC(=O)CCc1cc2ccccc2[nH]1
AURKB,Euclidean Search,0.35,C=1C=C2C=C(NC2=CC1)C=3NN=C(C3)C,CNC(=O)CCc1cc2ccccc2[nH]1
AURKB,Euclidean Search,0.35,C=1C=C2C=C(NC2=CC1)C=3NN=C(C3)C,CNC(=O)CCc1cc2ccccc2[nH]1
AURKB,Euclidean Search,0.35,C=1C=C2C=C(NC2=CC1)C=3NN=C(C3)C,CNC(=O)CCc1cc2ccccc2[nH]1
AURKB,Euclidean Search,0.35,C=1C=C2C=C(NC2=CC1)C=3NN=C(C3)C,CNC(=O)CCc1cc2ccccc2[nH]1
AURKB,Euclidean Search,0.35,C=1C=C2C=C(NC2=CC1)C=3NN=C(C3)C,CNC(=O)CCc1cc2ccccc2[nH]1
AURKB,Euclidean Search,0.35,C=1C=C2C=C(NC2=CC1)C=3NN=C(C3)C,CNC(=O)CCc1cc2ccccc2[nH]1
AURKB,Euclidean Search,0.35,C=1C=C2C=C(NC2=CC1)C=3NN=C(C3)C,CNC(=O)CCc1cc2ccccc2[nH]1
AURKB,Euclidean Search,0.35,C=1C=C2C=C(NC2=CC1)C=3NN=C(C3)C,CNC(=O)CCc1cc2ccccc2[nH]1
AURKB,Euclidean Search,0.35,C=1C=C2C=C(NC2=CC1)C=3NN=C(C3)C,CNC(=O)CCc1cc2ccccc2[nH]1
AURKB,Euclidean Search,0.35,C=1C=C2C=C(NC2=CC1)C=3NN=C(C3)C,CNC(=O)CCc1cc2ccccc2[nH]1
AURKB,Euclidean Search,0.15,O(C(=O)CC=1NC=2C(N1)=CC=CC2N)CC,Nn1c(=O)c(Cc2ccco2)n[nH]c1=S
AURKB,Euclidean Search,0.35,C=1C=C2C=C(NC2=CC1)C=3NN=C(C3)C,CNC(=O)CCc1cc2ccccc2[nH]1
AURKB,Euclidean Search,0.35,C=1C=C2C=C(NC2=CC1)C=3NN=C(C3)C,CNC(=O)CCc1cc2ccccc2[nH]1
AURKB,Euclidean Search,0.35,C=1C=C2C=C(NC2=CC1)C=3NN=C(C3)C,CNC(=O)CCc1cc2ccccc2[nH]1
AURKB,Euclidean Search,0.35,C=1C=C2C=C(NC2=CC1)C=3NN=C(C3)C,CNC(=O)CCc1cc2ccccc2[nH]1
AURKB,Euclidean Search,0.15,O(C(=O)CC=1NC=2C(N1)=CC=CC2N)CC,Nn1c(=O)c(Cc2ccco2)n[nH]c1=S
AURKB,Euclidean Search,0.35,C=1C=C2C=C(NC2=CC1)C=3NN=C(C3)C,CNC(=O)CCc1cc2ccccc2[nH]1
AURKB,Euclidean Search,0.35,C=1C=C2C=C(NC2=CC1)C=3NN=C(C3)C,CNC(=O)CCc1cc2ccccc2[nH]1
AURKB,Euclidean Search,0.35,C=1C=C2C=C(NC2=CC1)C=3NN=C(C3)C,CNC(=O)CCc1cc2ccccc2[nH]1
AURKB,Euclidean Search,0.35,C=1C=C2C=C(NC2=CC1)C=3NN=C(C3)C,CNC(=O)CCc1cc2ccccc2[nH]1
AURKB,Euclidean Search,0.15,O(C(=O)CC=1NC=2C(N1)=CC=CC2N)CC,Nn1c(=O)c(Cc2ccco2)n[nH]c1=S
AURKB,Euclidean Search,0.35,C=1C=C2C=C(NC2=CC1)C=3NN=C(C3)C,CNC(=O)CCc1cc2ccccc2[nH]1
AURKB,Euclidean Search,0.35,C=1C=C2C=C(NC2=CC1)C=3NN=C(C3)C,CNC(=O)CCc1cc2ccccc2[nH]1
AURKB,Euclidean Search,0.35,C=1C=C2C=C(NC2=CC1)C=3NN=C(C3)C,CNC(=O)CCc1cc2ccccc2[nH]1
AURKB,Euclidean Search,0.15,O(C(=O)CC=1NC=2C(N1)=CC=CC2N)CC,Nn1c(=O)c(Cc2ccco2)n[nH]c1=S
AURKB,Euclidean Search,0.35,C=1C=C2C=C(NC2=CC1)C=3NN=C(C3)C,CNC(=O)CCc1cc2ccccc2[nH]1
AURKB,Euclidean Search,0.35,C=1C=C2C=C(NC2=CC1)C=3NN=C(C3)C,CNC(=O)CCc1cc2ccccc2[nH]1
AURKB,Euclidean Search,0.16,OC=1C(C[C@]2([C@H]3[C@@](CC[C@@H]2C)(C(=CCC3)C)C)C)=CC(=CC1O)C(OC)=O,COCC1OC(=O)c2coc3c2C1(C)C1=C(C2CCC(=O)C2(C)CC1OC(C)=O)C3=O
AURKB,Euclidean Search,0.35,C=1C=C2C=C(NC2=CC1)C=3NN=C(C3)C,CNC(=O)CCc1cc2ccccc2[nH]1
AURKB,Euclidean Search,0.35,C=1C=C2C=C(NC2=CC1)C=3NN=C(C3)C,CNC(=O)CCc1cc2ccccc2[nH]1
AURKB,Euclidean Search,0.35,C=1C=C2C=C(NC2=CC1)C=3NN=C(C3)C,CNC(=O)CCc1cc2ccccc2[nH]1
AURKB,Euclidean Search,0.35,C=1C=C2C=C(NC2=CC1)C=3NN=C(C3)C,CNC(=O)CCc1cc2ccccc2[nH]1
AURKB,Euclidean Search,0.35,C=1C=C2C=C(NC2=CC1)C=3NN=C(C3)C,CNC(=O)CCc1cc2ccccc2[nH]1
AURKB,Euclidean Search,0.35,C=1C=C2C=C(NC2=CC1)C=3NN=C(C3)C,CNC(=O)CCc1cc2ccccc2[nH]1
AURKB,Euclidean Search,0.35,C=1C=C2C=C(NC2=CC1)C=3NN=C(C3)C,CNC(=O)CCc1cc2ccccc2[nH]1
AURKB,Euclidean Search,0.35,C=1C=C2C=C(NC2=CC1)C=3NN=C(C3)C,CNC(=O)CCc1cc2ccccc2[nH]1
AURKB,Euclidean Search,0.26,S1C(N2C=3C(N=C2N)=CC=C(C3)C#N)=NC4=C1CCCC4,Nc1c2CCCCc2nc2ccccc12
AURKB,Euclidean Search,0.35,C=1C=C2C=C(NC2=CC1)C=3NN=C(C3)C,CNC(=O)CCc1cc2ccccc2[nH]1
AURKB,Euclidean Search,0.35,C=1C=C2C=C(NC2=CC1)C=3NN=C(C3)C,CNC(=O)CCc1cc2ccccc2[nH]1
AURKB,Euclidean Search,0.35,C=1C=C2C=C(NC2=CC1)C=3NN=C(C3)C,CNC(=O)CCc1cc2ccccc2[nH]1
AURKB,Euclidean Search,0.35,C=1C=C2C=C(NC2=CC1)C=3NN=C(C3)C,CNC(=O)CCc1cc2ccccc2[nH]1
AURKB,Euclidean Search,0.35,C=1C=C2C=C(NC2=CC1)C=3NN=C(C3)C,CNC(=O)CCc1cc2ccccc2[nH]1
AURKB,Euclidean Search,0.15,O(C(=O)CC=1NC=2C(N1)=CC=CC2N)CC,Nn1c(=O)c(Cc2ccco2)n[nH]c1=S
AURKB,Euclidean Search,0.35,C=1C=C2C=C(NC2=CC1)C=3NN=C(C3)C,CNC(=O)CCc1cc2ccccc2[nH]1
AURKB,Euclidean Search,0.35,C=1C=C2C=C(NC2=CC1)C=3NN=C(C3)C,CNC(=O)CCc1cc2ccccc2[nH]1
AURKB,Euclidean Search,0.15,O(C(=O)CC=1NC=2C(N1)=CC=CC2N)CC,Nn1c(=O)c(Cc2ccco2)n[nH]c1=S
AURKB,Euclidean Search,0.35,C=1C=C2C=C(NC2=CC1)C=3NN=C(C3)C,CNC(=O)CCc1cc2ccccc2[nH]1
AURKB,Euclidean Search,0.35,C=1C=C2C=C(NC2=CC1)C=3NN=C(C3)C,CNC(=O)CCc1cc2ccccc2[nH]1
AURKB,Euclidean Search,0.35,C=1C=C2C=C(NC2=CC1)C=3NN=C(C3)C,CNC(=O)CCc1cc2ccccc2[nH]1
AURKB,Euclidean Search,0.35,C=1C=C2C=C(NC2=CC1)C=3NN=C(C3)C,CNC(=O)CCc1cc2ccccc2[nH]1
AURKB,Euclidean Search,0.35,C=1C=C2C=C(NC2=CC1)C=3NN=C(C3)C,CNC(=O)CCc1cc2ccccc2[nH]1
AURKB,Euclidean Search,0.35,C=1C=C2C=C(NC2=CC1)C=3NN=C(C3)C,CNC(=O)CCc1cc2ccccc2[nH]1
AURKB,Euclidean Search,0.35,C=1C=C2C=C(NC2=CC1)C=3NN=C(C3)C,CNC(=O)CCc1cc2ccccc2[nH]1
AURKB,Euclidean Search,0.28,S(C=1N(C(=O)C2=C(N1)C=CC=C2)C)C(C3=CC=CC=C3)C(O)=O,CNCC[C@@H](Oc1ccccc1C)c1ccccc1
AURKB,Euclidean Search,0.35,C=1C=C2C=C(NC2=CC1)C=3NN=C(C3)C,CNC(=O)CCc1cc2ccccc2[nH]1
AURKB,Euclidean Search,0.15,O(C(=O)CC=1NC=2C(N1)=CC=CC2N)CC,Nn1c(=O)c(Cc2ccco2)n[nH]c1=S
AURKB,Euclidean Search,0.35,C=1C=C2C=C(NC2=CC1)C=3NN=C(C3)C,CNC(=O)CCc1cc2ccccc2[nH]1
AURKB,Euclidean Search,0.35,C=1C=C2C=C(NC2=CC1)C=3NN=C(C3)C,CNC(=O)CCc1cc2ccccc2[nH]1
AURKB,Euclidean Search,0.35,C=1C=C2C=C(NC2=CC1)C=3NN=C(C3)C,CNC(=O)CCc1cc2ccccc2[nH]1
AURKB,Euclidean Search,0.35,C=1C=C2C=C(NC2=CC1)C=3NN=C(C3)C,CNC(=O)CCc1cc2ccccc2[nH]1
AURKB,Euclidean Search,0.15,O(C(=O)CC=1NC=2C(N1)=CC=CC2N)CC,Nn1c(=O)c(Cc2ccco2)n[nH]c1=S
AURKB,Euclidean Search,0.15,O(C(=O)CC=1NC=2C(N1)=CC=CC2N)CC,Nn1c(=O)c(Cc2ccco2)n[nH]c1=S
AURKB,Euclidean Search,0.35,C=1C=C2C=C(NC2=CC1)C=3NN=C(C3)C,CNC(=O)CCc1cc2ccccc2[nH]1
AURKB,Euclidean Search,0.35,C=1C=C2C=C(NC2=CC1)C=3NN=C(C3)C,CNC(=O)CCc1cc2ccccc2[nH]1
AURKB,Euclidean Search,0.15,O(C(=O)CC=1NC=2C(N1)=CC=CC2N)CC,Nn1c(=O)c(Cc2ccco2)n[nH]c1=S
AURKB,Euclidean Search,0.15,O(C(=O)CC=1NC=2C(N1)=CC=CC2N)CC,Nn1c(=O)c(Cc2ccco2)n[nH]c1=S
AURKB,Euclidean Search,0.35,C=1C=C2C=C(NC2=CC1)C=3NN=C(C3)C,CNC(=O)CCc1cc2ccccc2[nH]1
AURKB,Euclidean Search,0.35,C=1C=C2C=C(NC2=CC1)C=3NN=C(C3)C,CNC(=O)CCc1cc2ccccc2[nH]1
AURKB,Euclidean Search,0.35,C=1C=C2C=C(NC2=CC1)C=3NN=C(C3)C,CNC(=O)CCc1cc2ccccc2[nH]1
AURKB,Euclidean Search,0.35,C=1C=C2C=C(NC2=CC1)C=3NN=C(C3)C,CNC(=O)CCc1cc2ccccc2[nH]1
AURKB,Euclidean Search,0.35,C=1C=C2C=C(NC2=CC1)C=3NN=C(C3)C,CNC(=O)CCc1cc2ccccc2[nH]1
AURKB,Euclidean Search,0.35,C=1C=C2C=C(NC2=CC1)C=3NN=C(C3)C,CNC(=O)CCc1cc2ccccc2[nH]1
AURKB,Euclidean Search,0.35,C=1C=C2C=C(NC2=CC1)C=3NN=C(C3)C,CNC(=O)CCc1cc2ccccc2[nH]1
AURKB,Euclidean Search,0.35,C=1C=C2C=C(NC2=CC1)C=3NN=C(C3)C,CNC(=O)CCc1cc2ccccc2[nH]1
AURKB,Euclidean Search,0.35,C=1C=C2C=C(NC2=CC1)C=3NN=C(C3)C,CNC(=O)CCc1cc2ccccc2[nH]1
AURKB,Pre-trained hierVAE Generate,0.19,OCCCN1C(=C(N=C1)C2=CC=CC=C2)C=3C=CN=CC3,CC1CN(C(C)CO)C(=O)c2c(c3ccccc3n2C)-c2ccccc2COC1CN(C)Cc1ccncc1
AURKB,Pre-trained hierVAE Generate,0.04,C1(=CC=C(C=2C=CC=CC12)NCCN(CC)CC)O,CCN(CC)CCCC(O)(c1ccccn1)C(C)(C)c1cccc(C#CCC(C)C)c1
AURKB,Pre-trained hierVAE Generate,0.12,ClC1=CC=C(C(=O)NC=2C=C3NN=CC3=CC2)C=C1,NCc1ccc(C(=O)Nc2ccc(C(=O)OCC(=O)O)cc2)cc1
AURKB,Pre-trained hierVAE Generate,0.07,O(C=1C=C(C=NC1)CCC2=CC=NC=C2)CC3N(CC3)C,CCCCCCNC(=O)CC1CC2c3cc(NC(=O)Cc4ccncc4)ccc3OC2C(CO)O1
AURKB,Pre-trained hierVAE Generate,0.15,ClC1=CC=C(C(=O)NC=2C=C3NN=CC3=CC2)C=C1,CC1CCCCOC(CN(C)Cc2ccncc2)C(C)CN(C(C)CO)C(=O)c2cc(NC(=O)c3ccncc3)ccc2O1
AURKB,Pre-trained hierVAE Generate,0.12,S1C(C(=O)NC1=NC2=CC=CC=C2)=CC3=CC(OC)=CC=C3,COc1cccc(C(=O)N2CCN(CCCC(c3ccccc3)c3ccccc3F)CC2)c1
AURKB,Pre-trained hierVAE Generate,0.06,CC(C)(C)C1=CC(C=C(C#N)C#N)=CC(=C1O)Br,CC(C)(C)c1ccc(C#N)c(C#N)c1
AURKB,Pre-trained hierVAE Generate,0.23,FC=1C(CNC2C(=NC=3C=CN=CC3)C(=O)C2=O)=CC=CC1,COc1ccccc1CNC(=O)CC1CCC(NS(=O)(=O)c2ccccc2F)C(CO)O1
AURKB,Pre-trained hierVAE Generate,0.14,O=C(N1CCNCC1)C2=C(O)C=C(NC(=O)CC)C=C2,CCCC(=O)Nc1ccc2c(c1)C(=O)N(C)CC(OC)C(C)CN(C(=O)CC)C(C)CO2
AURKB,Pre-trained hierVAE Generate,0.03,ClC1=CC=C(C(=O)NC=2C=C3NN=CC3=CC2)C=C1,Cc1ccccc1NC(=O)c1ccc(CCC(=O)NC(C(=O)O)C(C)(C)C)cc1
AURKB,Pre-trained hierVAE Generate,0.1,S1C2=NNC(=C2C=C1C(=O)NC)C=3C(F)=CC=CC3,CCNC(=O)CC1CCC(NC(=O)c2ccccc2F)C(CO)O1
AURKB,Pre-trained hierVAE Generate,0.07,OCCNC1=NC=C2C(C=C(C3=CN=CC=C3)C=C2)=C1,CC(C)(C)S(=O)N1Cc2cc(C(=O)NCc3cccc(F)c3)nc(-c3cccc(-c4cccnc4)c3)c2C1CCO
AURKB,Pre-trained hierVAE Generate,0.1,C1=C2C3=C(C=C1)N(N=C3C=4C(C2=O)=CC=CC4)C,CC1CN(C(C)CO)C(=O)c2ccccc2-c2ccccc2COC1CN(C)C(=O)CCC(F)(F)F
AURKB,Pre-trained hierVAE Generate,0.11,O=C(NC=1C=CN=CC1)C2CCC(CC2)C(N)C,CCCNC(=O)N1CC(C)C(OC)CN(C)C(=O)c2ccc(NC(=O)C3CCOCC3)cc2OCC1C
AURKB,Pre-trained hierVAE Generate,0.06,C1=CC(=CC2=C1OCO2)/C=C/N(=O)=O,CCCNC(=O)CC1CCC(NC(=O)c2ccc3c(c2)OCO3)C(CO)O1
AURKB,Pre-trained hierVAE Generate,0.09,OC(C1=CC=C(C=2NC3=NC=CN=C3C2CC)C=C1)(C)C,CN(C)C(=O)c1cccnc1-c1ccc(C(O)CN2CCN(C(=O)c3ccc(C(C)(C)C)cc3)CC2)cc1
AURKB,Pre-trained hierVAE Generate,0.1,O=C(N)C1=C2N=CC=CC2=CC(=C1)C3=CC(N)=CC=C3,NC(=O)c1ccc(-c2cccc(OC(=O)c3cccc(O)c3)c2)nc1-c1cccc(OC(=O)c2cccnc2)c1
AURKB,Pre-trained hierVAE Generate,0.07,ClC1=C2C(NC(=O)C)=C(SC2=CC=C1Cl)C(=O)N,CC(C)(C)C(NC(=O)c1ccc(Cl)c(Cl)c1)C(=O)O
AURKB,Pre-trained hierVAE Generate,0.05,OC(=O)C1CN(C1)CC2=CC=C(C=C2)C#CCCCC,CCCCCC#Cc1cnc(C(=O)O)c(-c2ccc(C#N)cc2)c1
AURKB,Pre-trained hierVAE Generate,0.09,FC1=CC=C(C=2N=CN(C2C=3C=CN=CC3)CCCO)C=C1,CC(C)(C)S(=O)N1Cc2cc(C(=O)NCCN3CCCCC3)nc(-c3ccc(-c4ccc(F)cc4)cc3)c2C1CCO
AURKB,Pre-trained hierVAE Generate,0.18,OCCCN1C(=C(N=C1)C2=CC=CC=C2)C=3C=CN=CC3,CC1CN(C(C)CO)C(=O)c2c(c3ccccc3n2C)-c2ccccc2COC1CN(C)Cc1ccncc1
AURKB,Pre-trained hierVAE Generate,0.06,O(C=1C=C(C=NC1)CCC2=CC=CC=C2)CC3N(CCC3)C,CCCCCC1CCc2cnnn2COCC(Cc2ccccc2)NC1=O
AURKB,Pre-trained hierVAE Generate,0.04,S1C(N(=O)=O)=CN=C1NC(=O)NCC2=CC=CC=C2,CCC(=O)Nc1ccccc1C(=O)NC(CCCNC(=N)N)C(=O)NC(Cc1ccccc1)C(=O)NC(CCCNC(=N)N)C(=O)NC(CCCNC(=N)N)C(=O)NCCCCN
AURKB,Pre-trained hierVAE Generate,0.1,O(C=1C=C(C=NC1)CCC2=CC=NC=C2)CC3N(CC3)C,CCCCCCNC(=O)CC1CC2c3cc(NC(=O)Cc4ccncc4)ccc3OC2C(CO)O1
AURKB,Pre-trained hierVAE Generate,0.13,O=C1NC=2C(C1=CC=3C4=C(NC3)C=CC=C4)=CC=CC2,CC1CN(C(C)CO)C(=O)c2c(c3ccccc3n2C)-c2ccccc2COC1CN(C)S(=O)(=O)c1ccccc1
AURKB,Pre-trained hierVAE Generate,0.13,ClC=1C=CC(C2=NN(C=C2C3=NC=NC=C3)CCOC)=CC1,Cc1cc(C(O)(Cn2cnnn2)Cn2cc(-c3ccc(C#CC(C)(C)C)cc3)nn2)c(C)cn1
AURKB,Pre-trained hierVAE Generate,0.23,OC(=O)C1CN(C1)CC2=CC=C(C=C2)C#CCCCC,CCCC#Cc1cccc(C2C(C#N)N(C(=O)C3CCCCC3)C2CO)c1
AURKB,Pre-trained hierVAE Generate,0.01,FC(F)(F)C1=CC=2OC=3C(C(=O)C2C=C1)C(=O)CCC3,CC1CCCCOC(CN(C)Cc2ccc(C(F)(F)F)cc2)C(C)CN(C(C)CO)C(=O)c2cc(NS(=O)(=O)c3ccccc3)ccc2O1
AURKB,Pre-trained hierVAE Generate,0.02,S1C2=C(C(C3=CC(F)=CC=C3)=CN=C2)C=C1C(OC)=O,CCCNC(=O)NC1CCC(CCn2cc(-c3cccc(F)c3)nn2)OC1CO
AURKB,Pre-trained hierVAE Generate,0.2,ClC1=CC=C(C(=O)NC=2C=C3NN=CC3=CC2)C=C1,Cc1ccccc1NC(=O)c1ccc(CCC(=O)NC(C(=O)O)C(C)(C)C)cc1
AURKB,Pre-trained hierVAE Generate,0.1,FC(F)(F)C1=CC=2OC=3C(C(=O)C2C=C1)C(=O)CCC3,CC1CN(S(=O)C(C)(C)C)C(=O)CCCn2cc(nn2)COC1CN(C)Cc1ccc(C(F)(F)F)cc1
AURKB,Pre-trained hierVAE Generate,0.12,OCCNC1=NC=C2C(C=C(C3=CN=CC=C3)C=C2)=C1,CC(C)(C)S(=O)N1Cc2cc(C(=O)NCc3cccc(F)c3)nc(-c3cccc(-c4cccnc4)c3)c2C1CCO
AURKB,Pre-trained hierVAE Generate,0.1,O=C1C(=NC=2C=CN=CC2)C(NC(C3CCCCC3)C)C1=O,CC(C)NC(=O)Nc1ccc2c(c1)C(=O)N(C(C)CO)CC(C)C(CN(C)CC1CCCCC1)OCCCCC(C)O2
AURKB,Pre-trained hierVAE Generate,0.1,BrC1=CC=C(C2=NOC(=O)C2=CC3=CC=C(OC)C=C3)C=C1,COc1ccc(CNC(=O)CC2CC3c4cc(NC(=O)CC5CC5)ccc4OC3C(CO)O2)cc1
AURKB,Pre-trained hierVAE Generate,0.1,N=1C2=CC(=CC=C2N3C=CC=C3C1O)CN4CCCC4=O,CC1CN(C(C)CO)C(=O)CCCn2cc(nn2)COC1CN(C)Cc1ccc(C(F)(F)F)cc1
AURKB,Pre-trained hierVAE Generate,0.09,OC(C1=CC=C(C=2NC3=NC=CN=C3C2CC)C=C1)(C)C,CN(C)C(=O)c1cccnc1-c1ccc(C(O)CN2CCN(C(=O)c3ccc(C(C)(C)C)cc3)CC2)cc1
AURKB,Pre-trained hierVAE Generate,0.08,O=C1NC=2C(C1=CC=3C4=C(NC3)C=CC=C4)=CC=CC2,CC1CN(C(C)CO)C(=O)c2c(c3ccccc3n2C)-c2ccccc2COC1CN(C)Cc1ccc(C(F)(F)F)cc1
AURKB,Pre-trained hierVAE Generate,0.11,ClC1=C2C(NC(=O)C)=C(SC2=CC=C1Cl)C(=O)N,CC(C)(C)C(NC(=O)c1ccc(Cl)c(Cl)c1)C(=O)O
AURKB,Pre-trained hierVAE Generate,0.03,S1C(N(=O)=O)=CN=C1NC(=O)NCC2=CC=CC=C2,CCC(=O)Nc1ccc2c(c1)C1CC(CC(=O)NCCc3ccccc3)OC(CO)C1O2
AURKB,Pre-trained hierVAE Generate,0.07,FC1=CC=C(C2=NC=C(C=C2)CNC=3C=CC(=CC3)C)C=C1,Fc1ccc(CNc2ncnc3ccc(C(F)(F)F)cc23)cc1
AURKB,Pre-trained hierVAE Generate,0.06,ClC1=CC=C(CNC2C(=NC=3C=CN=CC3)C(=O)C2=O)C=C1,COC(CN(C)Cc1ccc(F)cc1)C(C)CN(C(C)CO)S(=O)(=O)c1ccc(Cl)cc1
AURKB,Pre-trained hierVAE Generate,0.14,C1(=CC=C(C=2C=CC=CC12)NCCN(CC)CC)O,CCN(CC)CCCC(O)(c1ccccn1)C(C)(C)c1cccc(C#CCC(C)C)c1
AURKB,Pre-trained hierVAE Generate,0.14,ClC1=CC=C(C(=O)NC=2C=C3NN=CC3=CC2)C=C1,NCc1ccc(C(=O)Nc2ccc(C(=O)OCC(=O)O)cc2)cc1
AURKB,Pre-trained hierVAE Generate,0.07,C1=CC(=CC2=C1OCO2)/C=C/N(=O)=O,CN(C)CCCNC(=O)CC1CC2c3cc(NC(=O)c4ccc5c(c4)OCO5)ccc3OC2C(CO)O1
AURKB,Pre-trained hierVAE Generate,0.07,O=C1NC=2C(C1=CC=3C4=C(NC3)C=CC=C4)=CC=CC2,CC1CN(C(C)CO)C(=O)c2c(c3ccccc3n2C)-c2ccccc2COC1CN(C)S(=O)(=O)c1ccccc1
AURKB,Pre-trained hierVAE Generate,0.01,S1C(C(=O)NC1=NC2=CC=CC=C2)=CC3=CC(OC)=CC=C3,COc1cccc(C(=O)N2CCN(CCCC(c3ccccc3)c3ccccc3F)CC2)c1
AURKB,Pre-trained hierVAE Generate,0.04,CC(C)(C)C1=CC(C=C(C#N)C#N)=CC(=C1O)Br,CC(C)(C)c1ccc(C#N)c(C#N)c1
AURKB,Pre-trained hierVAE Generate,0.17,FC=1C(CNC2C(=NC=3C=CN=CC3)C(=O)C2=O)=CC=CC1,COc1ccccc1CNC(=O)CC1CCC(NS(=O)(=O)c2ccccc2F)C(CO)O1
AURKB,Pre-trained hierVAE Generate,0.01,O=C(N1CCNCC1)C2=C(O)C=C(NC(=O)CC)C=C2,CCCC(=O)Nc1ccc2c(c1)C(=O)N(C)CC(OC)C(C)CN(C(=O)CC)C(C)CO2
AURKB,Pre-trained hierVAE Generate,0,ClC1=CC=C(C(=O)NC=2C=C3NN=CC3=CC2)C=C1,Cc1ccccc1NC(=O)c1ccc(CCC(=O)NC(C(=O)O)C(C)(C)C)cc1
AURKB,Pre-trained hierVAE Generate,0.04,S1C2=NNC(=C2C=C1C(=O)NC)C=3C(F)=CC=CC3,CCNC(=O)CC1CCC(NC(=O)c2ccccc2F)C(CO)O1
AURKB,Pre-trained hierVAE Generate,0.11,OCCNC1=NC=C2C(C=C(C3=CN=CC=C3)C=C2)=C1,CC(C)(C)S(=O)N1Cc2cc(C(=O)NCc3cccc(F)c3)nc(-c3cccc(-c4cccnc4)c3)c2C1CCO
AURKB,Pre-trained hierVAE Generate,0.1,C1=C2C3=C(C=C1)N(N=C3C=4C(C2=O)=CC=CC4)C,CC1CN(C(C)CO)C(=O)c2ccccc2-c2ccccc2COC1CN(C)C(=O)CCC(F)(F)F
AURKB,Pre-trained hierVAE Generate,0.13,BrC1=CC=C(C2=NOC(=O)C2=CC3=CC=C(OC)C=C3)C=C1,COc1ccc(CNC(=O)CC2CC3c4cc(NC(=O)CC5CC5)ccc4OC3C(CO)O2)cc1
AURKB,Pre-trained hierVAE Generate,0.06,C1=CC(=CC2=C1OCO2)/C=C/N(=O)=O,CCCNC(=O)CC1CCC(NC(=O)c2ccc3c(c2)OCO3)C(CO)O1
AURKB,Pre-trained hierVAE Generate,0.12,OC(C1=CC=C(C=2NC3=NC=CN=C3C2CC)C=C1)(C)C,CN(C)C(=O)c1cccnc1-c1ccc(C(O)CN2CCN(C(=O)c3ccc(C(C)(C)C)cc3)CC2)cc1
AURKB,Pre-trained hierVAE Generate,0.11,O=C(N)C1=C2N=CC=CC2=CC(=C1)C3=CC(N)=CC=C3,NC(=O)c1ccc(-c2cccc(OC(=O)c3cccc(O)c3)c2)nc1-c1cccc(OC(=O)c2cccnc2)c1
AURKB,Pre-trained hierVAE Generate,0.11,ClC1=C2C(NC(=O)C)=C(SC2=CC=C1Cl)C(=O)N,CC(C)(C)C(NC(=O)c1ccc(Cl)c(Cl)c1)C(=O)O
AURKB,Pre-trained hierVAE Generate,0.01,OC(=O)C1CN(C1)CC2=CC=C(C=C2)C#CCCCC,CCCCCC#Cc1cnc(C(=O)O)c(-c2ccc(C#N)cc2)c1
AURKB,Pre-trained hierVAE Generate,0.14,FC1=CC=C(C2=NC=C(C=C2)CNC=3C=CC(=CC3)C)C=C1,Fc1ccc(CNc2ncnc3ccc(C(F)(F)F)cc23)cc1
AURKB,Pre-trained hierVAE Generate,0.07,OCCCN1C(=C(N=C1)C2=CC=CC=C2)C=3C=CN=CC3,CC1CN(C(C)CO)C(=O)c2c(c3ccccc3n2C)-c2ccccc2COC1CN(C)Cc1ccncc1
AURKB,Pre-trained hierVAE Generate,0.09,C1(=CC=C(C=2C=CC=CC12)NCCN(CC)CC)O,CCN(CC)CCCC(O)(c1ccccn1)C(C)(C)c1cccc(C#CCC(C)C)c1
AURKB,Pre-trained hierVAE Generate,0.04,ClC1=CC=C(C(=O)NC=2C=C3NN=CC3=CC2)C=C1,NCc1ccc(C(=O)Nc2ccc(C(=O)OCC(=O)O)cc2)cc1
AURKB,Pre-trained hierVAE Generate,0.12,O(C=1C=C(C=NC1)CCC2=CC=NC=C2)CC3N(CC3)C,CCCCCCNC(=O)CC1CC2c3cc(NC(=O)Cc4ccncc4)ccc3OC2C(CO)O1
AURKB,Pre-trained hierVAE Generate,0.09,O=C1NC=2C(C1=CC=3C4=C(NC3)C=CC=C4)=CC=CC2,CC1CN(C(C)CO)C(=O)c2c(c3ccccc3n2C)-c2ccccc2COC1CN(C)S(=O)(=O)c1ccccc1
AURKB,Pre-trained hierVAE Generate,0.03,S1C(C(=O)NC1=NC2=CC=CC=C2)=CC3=CC(OC)=CC=C3,COc1cccc(C(=O)N2CCN(CCCC(c3ccccc3)c3ccccc3F)CC2)c1
AURKB,Pre-trained hierVAE Generate,0.04,CC(C)(C)C1=CC(C=C(C#N)C#N)=CC(=C1O)Br,CC(C)(C)c1ccc(C#N)c(C#N)c1
AURKB,Pre-trained hierVAE Generate,0.15,FC=1C(CNC2C(=NC=3C=CN=CC3)C(=O)C2=O)=CC=CC1,COc1ccccc1CNC(=O)CC1CCC(NS(=O)(=O)c2ccccc2F)C(CO)O1
AURKB,Pre-trained hierVAE Generate,0.13,O=C(N1CCNCC1)C2=C(O)C=C(NC(=O)CC)C=C2,CCCC(=O)Nc1ccc2c(c1)C(=O)N(C)CC(OC)C(C)CN(C(=O)CC)C(C)CO2
AURKB,Pre-trained hierVAE Generate,0.13,ClC1=CC=C(C(=O)NC=2C=C3NN=CC3=CC2)C=C1,Cc1ccccc1NC(=O)c1ccc(CCC(=O)NC(C(=O)O)C(C)(C)C)cc1
AURKB,Pre-trained hierVAE Generate,0.11,S1C2=NNC(=C2C=C1C(=O)NC)C=3C(F)=CC=CC3,CCNC(=O)CC1CCC(NC(=O)c2ccccc2F)C(CO)O1
AURKB,Pre-trained hierVAE Generate,0.09,OCCNC1=NC=C2C(C=C(C3=CN=CC=C3)C=C2)=C1,CC(C)(C)S(=O)N1Cc2cc(C(=O)NCc3cccc(F)c3)nc(-c3cccc(-c4cccnc4)c3)c2C1CCO
AURKB,Pre-trained hierVAE Generate,0.14,C1=C2C3=C(C=C1)N(N=C3C=4C(C2=O)=CC=CC4)C,CC1CN(C(C)CO)C(=O)c2ccccc2-c2ccccc2COC1CN(C)C(=O)CCC(F)(F)F
AURKB,Pre-trained hierVAE Generate,0.01,BrC1=CC=C(C2=NOC(=O)C2=CC3=CC=C(OC)C=C3)C=C1,COc1ccc(CNC(=O)CC2CC3c4cc(NC(=O)CC5CC5)ccc4OC3C(CO)O2)cc1
AURKB,Pre-trained hierVAE Generate,0.09,C1=CC(=CC2=C1OCO2)/C=C/N(=O)=O,CCCNC(=O)CC1CCC(NC(=O)c2ccc3c(c2)OCO3)C(CO)O1
AURKB,Pre-trained hierVAE Generate,0.1,OC(C1=CC=C(C=2NC3=NC=CN=C3C2CC)C=C1)(C)C,CN(C)C(=O)c1cccnc1-c1ccc(C(O)CN2CCN(C(=O)c3ccc(C(C)(C)C)cc3)CC2)cc1
AURKB,Pre-trained hierVAE Generate,0.12,O=C(N)C1=C2N=CC=CC2=CC(=C1)C3=CC(N)=CC=C3,NC(=O)c1ccc(-c2cccc(OC(=O)c3cccc(O)c3)c2)nc1-c1cccc(OC(=O)c2cccnc2)c1
AURKB,Pre-trained hierVAE Generate,0.09,ClC1=C2C(NC(=O)C)=C(SC2=CC=C1Cl)C(=O)N,CC(C)(C)C(NC(=O)c1ccc(Cl)c(Cl)c1)C(=O)O
AURKB,Pre-trained hierVAE Generate,0.11,OC(=O)C1CN(C1)CC2=CC=C(C=C2)C#CCCCC,CCCCCC#Cc1cnc(C(=O)O)c(-c2ccc(C#N)cc2)c1
AURKB,Pre-trained hierVAE Generate,0.15,FC1=CC=C(C2=NC=C(C=C2)CNC=3C=CC(=CC3)C)C=C1,Fc1ccc(CNc2ncnc3ccc(C(F)(F)F)cc23)cc1
AURKB,Pre-trained hierVAE Generate,0.03,OCCCN1C(=C(N=C1)C2=CC=CC=C2)C=3C=CN=CC3,CC1CN(C(C)CO)C(=O)c2c(c3ccccc3n2C)-c2ccccc2COC1CN(C)Cc1ccncc1
AURKB,Pre-trained hierVAE Generate,0.05,C1(=CC=C(C=2C=CC=CC12)NCCN(CC)CC)O,CCN(CC)CCCC(O)(c1ccccn1)C(C)(C)c1cccc(C#CCC(C)C)c1
AURKB,Pre-trained hierVAE Generate,0.02,ClC1=CC=C(C(=O)NC=2C=C3NN=CC3=CC2)C=C1,NCc1ccc(C(=O)Nc2ccc(C(=O)OCC(=O)O)cc2)cc1
AURKB,Pre-trained hierVAE Generate,0.05,O(C=1C=C(C=NC1)CCC2=CC=NC=C2)CC3N(CC3)C,CCCCCCNC(=O)CC1CC2c3cc(NC(=O)Cc4ccncc4)ccc3OC2C(CO)O1
AURKB,Pre-trained hierVAE Generate,0.13,ClC1=CC=C(C(=O)NC=2C=C3NN=CC3=CC2)C=C1,CC1CCCCOC(CN(C)Cc2ccncc2)C(C)CN(C(C)CO)C(=O)c2cc(NC(=O)c3ccncc3)ccc2O1
AURKB,Pre-trained hierVAE Generate,0.23,S1C(C(=O)NC1=NC2=CC=CC=C2)=CC3=CC(OC)=CC=C3,COc1cccc(C(=O)N2CCN(CCCC(c3ccccc3)c3ccccc3F)CC2)c1
AURKB,Pre-trained hierVAE Generate,0.07,CC(C)(C)C1=CC(C=C(C#N)C#N)=CC(=C1O)Br,CC(C)(C)c1ccc(C#N)c(C#N)c1
AURKB,Pre-trained hierVAE Generate,0.18,FC=1C(CNC2C(=NC=3C=CN=CC3)C(=O)C2=O)=CC=CC1,COc1ccccc1CNC(=O)CC1CCC(NS(=O)(=O)c2ccccc2F)C(CO)O1
AURKB,Pre-trained hierVAE Generate,0.18,O=C(N1CCNCC1)C2=C(O)C=C(NC(=O)CC)C=C2,CCCC(=O)Nc1ccc2c(c1)C(=O)N(C)CC(OC)C(C)CN(C(=O)CC)C(C)CO2
AURKB,Pre-trained hierVAE Generate,0.05,ClC1=CC=C(C(=O)NC=2C=C3NN=CC3=CC2)C=C1,Cc1ccccc1NC(=O)c1ccc(CCC(=O)NC(C(=O)O)C(C)(C)C)cc1
AURKB,Pre-trained hierVAE Generate,0.09,C1(=CN=C2C(=C1)C(NC(CCC)=O)=NN2)C=3C=CC=NC3,CCNC(=O)CC1CCC(NC(=O)c2cccnc2)C(CO)O1
AURKB,Pre-trained hierVAE Generate,0.02,OCCNC1=NC=C2C(C=C(C3=CN=CC=C3)C=C2)=C1,CC(C)(C)S(=O)N1Cc2cc(C(=O)NCc3cccc(F)c3)nc(-c3cccc(-c4cccnc4)c3)c2C1CCO
AURKB,Pre-trained hierVAE Generate,0.12,C1=C2C3=C(C=C1)N(N=C3C=4C(C2=O)=CC=CC4)C,CC1CN(C(C)CO)C(=O)c2ccccc2-c2ccccc2COC1CN(C)C(=O)CCC(F)(F)F
AURKB,Pre-trained hierVAE Generate,0.1,O=C(NC=1C=CN=CC1)C2CCC(CC2)C(N)C,CCCNC(=O)N1CC(C)C(OC)CN(C)C(=O)c2ccc(NC(=O)C3CCOCC3)cc2OCC1C
AURKB,Pre-trained hierVAE Generate,0.08,C1=CC(=CC2=C1OCO2)/C=C/N(=O)=O,CCCNC(=O)CC1CCC(NC(=O)c2ccc3c(c2)OCO3)C(CO)O1
AURKB,Pre-trained hierVAE Generate,0.09,OC(C1=CC=C(C=2NC3=NC=CN=C3C2CC)C=C1)(C)C,CN(C)C(=O)c1cccnc1-c1ccc(C(O)CN2CCN(C(=O)c3ccc(C(C)(C)C)cc3)CC2)cc1
AURKB,Pre-trained hierVAE Generate,0.14,O=C(N)C1=C2N=CC=CC2=CC(=C1)C3=CC(N)=CC=C3,NC(=O)c1ccc(-c2cccc(OC(=O)c3cccc(O)c3)c2)nc1-c1cccc(OC(=O)c2cccnc2)c1
AURKB,Pre-trained hierVAE Generate,0.12,ClC1=C2C(NC(=O)C)=C(SC2=CC=C1Cl)C(=O)N,CC(C)(C)C(NC(=O)c1ccc(Cl)c(Cl)c1)C(=O)O
AURKB,Pre-trained hierVAE Generate,0.1,OC(=O)C1CN(C1)CC2=CC=C(C=C2)C#CCCCC,CCCCCC#Cc1cnc(C(=O)O)c(-c2ccc(C#N)cc2)c1
AURKB,Pre-trained hierVAE Generate,0.07,FC1=CC=C(C2=NC=C(C=C2)CNC=3C=CC(=CC3)C)C=C1,CC1CN(C(C)CO)C(=O)c2cc(NC(=O)NC(C)(C)C)ccc2OC1CN(C)Cc1ccc(F)cc1
AURKB,Ours,0.47,O=C1NC2=C(C1=CC=3NC=NC3)C=C(OC)C=C2,CCC=CC=C1C(=O)Nc2ccc(OC)cc21
AURKB,Ours,0.47,O=C1NC2=C(C1=CC=3NC=NC3)C=C(OC)C=C2,CCC=CC=C1C(=O)Nc2ccc(OC)cc21
AURKB,Ours,0.47,O(C=1C=C(C=NC1)CCC2=CC=NC=C2)CC3N(CC3)C,COc1ccc2c3c(n(C)c2c1)C(CO)N(Cc1cncnc1)CC31CN(Cc2cncnc2)C1
AURKB,Ours,0.47,ClC1=CC=2N=C3C(SC2C=C1)C(=O)CC(C3)(C)C,CCN(CC)c1ccc2c(c1)CC(C)(C)O2
AURKB,Ours,0.43,S(=O)(=O)(NC1=CC2=C(C3=C(C2=NO)C=CC=C3)C=C1)C4=CC(OC)=CC=C4,COC1CN(C)C(=O)c2cc(NS(=O)(=O)c3cccc(C)c3)ccc2OCC(C)NCC1C
AURKB,Ours,0.43,ClC=1C(CN2CC(C2)C(O)=O)=CC=C(OCC=3C=C(C(F)(F)F)C=CC3)C1,CC1CCCCOC(CN(C)Cc2cccc(C(F)(F)F)c2)C(C)CN(C(C)CO)C(=O)c2cc(NC(=O)CCN3CCOCC3)ccc2O1
AURKB,Ours,0.43,C1(=CC=C2C(=C1)C(NC=3C=C(C=CC3)Br)=NC=N2)NC(CC)=O,Cc1ccc(Nc2ncnc3ccc(C(=O)O)cc23)cc1
AURKB,Ours,0.43,C1(=CC=C2C(=C1)C(NC=3C=C(C=CC3)Br)=NC=N2)NC(CC)=O,Cc1ccc(Nc2ncnc3ccc(C(=O)O)cc23)cc1
AURKB,Ours,0.43,C1(=CC=C2C(=C1)C(NC=3C=C(C=CC3)Br)=NC=N2)NC(CC)=O,Cc1ccc(Nc2ncnc3ccc(C(=O)O)cc23)cc1
AURKB,Ours,0.43,C1(=CC=C2C(=C1)C(NC=3C=C(C=CC3)Br)=NC=N2)NC(CC)=O,Cc1ccc(Nc2ncnc3ccc(C(=O)O)cc23)cc1
AURKB,Ours,0.43,C1(=CC=C2C(=C1)C(NC=3C=C(C=CC3)Br)=NC=N2)NC(CC)=O,Cc1ccc(Nc2ncnc3ccc(C(=O)O)cc23)cc1
AURKB,Ours,0.43,C1(=CC=C2C(=C1)C(NC=3C=C(C=CC3)Br)=NC=N2)NC(CC)=O,Cc1ccc(Nc2ncnc3ccc(C(=O)O)cc23)cc1
AURKB,Ours,0.43,C1(=CC=C2C(=C1)C(NC=3C=C(C=CC3)Br)=NC=N2)NC(CC)=O,Cc1ccc(Nc2ncnc3ccc(C(=O)O)cc23)cc1
AURKB,Ours,0.43,C1(=CC=C2C(=C1)C(NC=3C=C(C=CC3)Br)=NC=N2)NC(CC)=O,Cc1ccc(Nc2ncnc3ccc(C(=O)O)cc23)cc1
AURKB,Ours,0.42,S=C(NNC(=O)C(O)(C1=CC=CC=C1)C2=CC=CC=C2)NC=3C=CC(F)=CC3,COC(CN(C)Cc1ccc(C(F)(F)F)cc1)C(C)CN(C(=O)Nc1ccc(F)cc1)C(C)CO
AURKB,Ours,0.42,O=C(NC1=CC(=CC(=C1)C(=NNC(=N)N)C)C(=NNC(=N)N)C)NCCCCCCNC(=O)NC2=CC(=CC(=C2)C(=NNC(=N)N)C)C(=NNC(=N)N)C,CCCCNC(=O)C(CCCNC(=N)N)NC(=O)C(CCCNC(=N)N)NC(=O)C(CCCNC(=N)N)NC(=O)C(Cc1ccccc1)NC(=O)CCC(C)(C)C
AURKB,Ours,0.42,CN(C1=CC=C(NC(=O)NCCN2CCOCC2)C=C1)C3=CC=NC(NC4=CC=C(CS(C)(=O)=O)C=C4)=N3,CC1CCCCOC(CN(C)Cc2ccc(C(F)(F)F)cc2)C(C)CN(C(C)CO)C(=O)c2cc(NC(=O)CCN3CCOCC3)ccc2O1
AURKB,Ours,0.42,C1=CN=C2C(=C1NC3=CC=C(C=C3)NC(C4=CC=C(C=C4)F)=O)C=5C(C(=N2)O)=CC=CC5,O=C(O)c1ccc(NC(=O)c2ccc(NC(=O)c3ccc(F)cc3)cc2)cc1
AURKB,Ours,0.42,C1=CN=C2C(=C1NC3=CC=C(C=C3)NC(C4=CC=C(C=C4)F)=O)C=5C(C(=N2)O)=CC=CC5,O=C(O)c1ccc(NC(=O)c2ccc(NC(=O)c3ccc(F)cc3)cc2)cc1
AURKB,Ours,0.41,O=C(N1CCNCC1)C2=C(O)C=C(NC(=O)CC)C=C2,CC(C)NC(=O)Nc1ccc2c(c1)OC(CN(C)CC1CC1)C(C)CN(C(C)CO)S2(=O)=O
AURKB,Ours,0.41,O=C(N1CCNCC1)C2=C(O)C=C(NC(=O)CC)C=C2,CC(C)NC(=O)Nc1ccc2c(c1)OC(CN(C)CC1CC1)C(C)CN(C(C)CO)S2(=O)=O
AURKB,Ours,0.41,ClC1=CC=C(CC(NC(=O)C2=CC=C(C=3C=CN=CC3)C=C2)CO)C=C1,O=C(NCCCNC(=O)c1cccnc1)c1ccc(-c2ccc(Cl)cc2)cc1
AURKB,Ours,0.41,ClC1=CC=C(CC(NC(=O)C2=CC=C(C=3C=CN=CC3)C=C2)CO)C=C1,O=C(NCCCNC(=O)c1cccnc1)c1ccc(-c2ccc(Cl)cc2)cc1
AURKB,Ours,0.41,ClC1=CC=C(CC(NC(=O)C2=CC=C(C=3C=CN=CC3)C=C2)CO)C=C1,O=C(NCCCNC(=O)c1cccnc1)c1ccc(-c2ccc(Cl)cc2)cc1
AURKB,Ours,0.41,ClC1=CC=C(CC(NC(=O)C2=CC=C(C=3C=CN=CC3)C=C2)CO)C=C1,O=C(NCCCNC(=O)c1cccnc1)c1ccc(-c2ccc(Cl)cc2)cc1
AURKB,Ours,0.41,CC=1NN=C2C=CC(NC(=O)C3C(C)=NC(=O)CC3C4=CC=C(C=C4)C(F)(F)F)=CC12,CC(C)NC(=O)Nc1ccc2c(c1)C(=O)N(C(C)CO)CC(C)C(CN(C)Cc1ccc(C(F)(F)F)cc1)OCCCCC(C)O2
AURKB,Ours,0.41,C1(=CC=C2NN=C(C2=C1)C3C(C=4C=CC=CC4)C3)NC(CC5=CC=CC=C5)=O,CCCNC(=O)N1CC(C)C(OC)CN(C)C(=O)c2cc(NC(=O)Cc3ccccc3)ccc2OCC1C
AURKB,Ours,0.41,C1(=CC=C2NN=C(C2=C1)C3C(C=4C=CC=CC4)C3)NC(CC5=CC=CC=C5)=O,CCCNC(=O)N1CC(C)C(OC)CN(C)C(=O)c2cc(NC(=O)Cc3ccccc3)ccc2OCC1C
AURKB,Ours,0.39,O(C=1C=C(C=2NC3=C(N2)C=CC=C3C(=O)N)C=CC1)CCN(C)C,CN(C)CCOc1ccc(C#Cc2ccc3ncnc(N(C)C)c3c2)cc1
AURKB,Ours,0.39,NC=1N=CN=C2OC=C(C=3C=CC(NC(=O)NC4=CC(=CC(=C4)C(F)(F)F)C(F)(F)F)=CC3)C12,O=C(Nc1cccc(C(=O)Nc2cc(C(F)(F)F)cc(C(F)(F)F)c2)c1)c1ccc(F)cc1
AURKB,Ours,0.39,NC=1N=CN=C2OC=C(C=3C=CC(NC(=O)NC4=CC(=CC(=C4)C(F)(F)F)C(F)(F)F)=CC3)C12,O=C(Nc1cccc(C(=O)Nc2cc(C(F)(F)F)cc(C(F)(F)F)c2)c1)c1ccc(F)cc1
AURKB,Ours,0.39,NC=1N=CN=C2OC=C(C=3C=CC(NC(=O)NC4=CC(=CC(=C4)C(F)(F)F)C(F)(F)F)=CC3)C12,O=C(Nc1cccc(C(=O)Nc2cc(C(F)(F)F)cc(C(F)(F)F)c2)c1)c1ccc(F)cc1
AURKB,Ours,0.39,ClC1=CC=C(C(=O)NC=2C=C3NN=CC3=CC2)C=C1,CC(C(C)(C)C)C(C)(C)C(O)CCC(=O)Nc1ccc(C(=O)c2ccc(Cl)cc2)cc1
AURKB,Ours,0.39,ClC1=CC=C(C(=O)NC=2C=C3NN=CC3=CC2)C=C1,CC(C(C)(C)C)C(C)(C)C(O)CCC(=O)Nc1ccc(C(=O)c2ccc(Cl)cc2)cc1
AURKB,Ours,0.37,S(=O)(=O)(NC=1C=C2N=C(C(=NC2=CC1)C)C)C3=CC=C(N)C=C3,COc1ccc(S(=O)(=O)Nc2ccc3c(c2)C2CC(CC(=O)NCC4CC4)OC(CO)C2O3)cc1
AURKB,Ours,0.37,S(=O)(=O)(NC=1C=C2N=C(C(=NC2=CC1)C)C)C3=CC=C(N)C=C3,CCCNC(=O)CC1CC2c3cc(NS(=O)(=O)c4ccc(F)cc4)ccc3OC2C(CO)O1
AURKB,Ours,0.37,O=C1N(C=2C(N(C1CC)C3CCCC3)=NC(=NC2)NC4=C(OC)C=C(C=C4)C(=O)NC5CCCCC5)C,CC1CCCCOC(CN(C)C(=O)NC2CCCCC2)C(C)CN(C(C)CO)C(=O)c2cc(N(C)C)ccc2O1
AURKB,Ours,0.37,FC(F)(F)C=1C=C(NC(=O)NC2=CC=C(C3=NNC(=O)C=C3)C=C2)C=CC1,CN(C)c1cccc(C(=O)Nc2cccc(C(F)(F)F)c2)c1
AURKB,Ours,0.37,FC(F)(F)C=1C=C(NC(=O)NC2=CC=C(C3=NNC(=O)C=C3)C=C2)C=CC1,CN(C)c1cccc(C(=O)Nc2cccc(C(F)(F)F)c2)c1
AURKB,Ours,0.37,FC(F)(F)C1=CC=C(C(=O)NC2=CC=C(NC3=C4C=5C(C(O)=NC4=NC=C3)=CC=CC5)C=C2)C=C1,CC1CN(C(C)CO)S(=O)(=O)c2ccc(NC(=O)c3ccc(C(C)(C)C)cc3)cc2OC1CN(C)Cc1ccc(C(F)(F)F)cc1
AURKB,Ours,0.35,O=C1N(C(=O)C=2C1=CC=CC2)C=3C=C(O)C(=CC3)C(=O)O,CC1CN(C(C)CO)C(=O)c2ccccc2-c2ccccc2COC1CN(C)C(=O)CCC(F)(F)F
AURKB,Ours,0.35,N1=CN=C(C2=CC(=C(C=C12)OC)OC)NC=3C=C(C(=CC3)F)Cl,COc1ccc(CNc2ncnc3ccc(C#N)cc23)cc1OC
AURKB,Ours,0.35,FC(F)(F)C1=CC(NC(=O)NC2=CC=C(OC=3C=C(N=CC3)C(=O)NC)C=C2)=CC=C1,CC1CCCCOC(CN(C)Cc2ccc(Oc3ccccc3)cc2)C(C)CN(C(C)CO)C(=O)c2cc(NC(=O)Nc3ccc(C(F)(F)F)cc3)ccc2O1
AURKB,Ours,0.35,FC(F)(F)C1=CC(NC(=O)NC2=CC=C(OC=3C=C(N=CC3)C(=O)NC)C=C2)=CC=C1,CC1CCCCOC(CN(C)Cc2ccc(Oc3ccccc3)cc2)C(C)CN(C(C)CO)C(=O)c2cc(NC(=O)Nc3ccc(C(F)(F)F)cc3)ccc2O1
AURKB,Ours,0.35,C1=CC=C(C=2C(=NOC21)N)C(NC=3C=CC=C(CNC(NC4=CC=C(C=C4)C(F)(F)F)=O)C3)=O,COc1ccc(CNC(=O)CC2CC3c4cc(NC(=O)Nc5ccc(C(F)(F)F)cc5)ccc4OC3C(CO)O2)cc1
AURKB,Ours,0.35,C1=CC=C(C=2C(=NOC21)N)C(NC=3C=CC=C(CNC(NC4=CC=C(C=C4)C(F)(F)F)=O)C3)=O,COc1ccc(CNC(=O)CC2CC3c4cc(NC(=O)Nc5ccc(C(F)(F)F)cc5)ccc4OC3C(CO)O2)cc1
AURKB,Ours,0.35,C1=CC=C(C=2C(=NOC21)N)C(NC=3C=CC=C(CNC(NC4=CC=C(C=C4)C(F)(F)F)=O)C3)=O,COc1ccc(CNC(=O)CC2CC3c4cc(NC(=O)Nc5ccc(C(F)(F)F)cc5)ccc4OC3C(CO)O2)cc1
AURKB,Ours,0.35,C1=CC=C(C=2C(=NOC21)N)C(NC3=CC=C(C=C3)NC(NC4=CC=C(C=C4)Cl)=O)=O,CC(C)CC(=O)Nc1ccc(C(=O)Nc2ccc(C(=O)Nc3ccc(C(=O)Nc4ccc(Cl)cc4)cc3)cc2)cc1
AURKB,Ours,0.35,C1(N2[C@@H](CO[C@@H](C2)C(=O)NC3CCCCC3)CC)=CC(=NC(NC)=N1)C4=CC=C5C(=C4)NN=C5N,CN(C)c1ccc2c(c1)C1CC(CC(=O)NC3CCCCC3)OC(CO)C1O2
AURKB,Ours,0.34,S1C=2N=CN=C(N3CC=4C(CC3)=CC=CC4)C2C(C5=CC=CC=C5)=C1,CC(C)NC(=O)Nc1ccc2c(c1)C1CC(CC(=O)N3CCc4ccccc4C3)OC(CO)C1O2
AURKB,Ours,0.34,S1C2=C(C(C3=CC=C(NC(=O)NC=4C=C(C=CC4)C)C=C3)=C1)C(=NC=C2C#CCN(C)C)N,COc1ccc(NC(=O)N(C)CC2Oc3ncc(C#CCN(C)C)cc3C(=O)N(C(C)CO)CC2C)cc1
AURKB,Ours,0.34,S(NC=1C=C2/C(/C(=O)NC2=CC1)=C/C=3NC=4CCCC(C4C3CCCN(C)C)=O)(=O)(=O)C=5C=CC=CC5,CC1CN(C(C)CO)C(=O)c2cc(NS(=O)(=O)c3ccccc3)ccc2OC1CN(C)C
AURKB,Ours,0.34,S(=O)(=O)(NC1=CC=2C(C(=NC3=CC=C(CN4CCCCC4)C=C3)C5=CC=CC=C5)C(=O)NC2C=C1)CC,O=C(Nc1ccc(C(=O)N2CCN(Cc3ccccc3)CC2)cc1)c1ccc(CN2CCCC2)cc1
AURKB,Ours,0.34,S(=O)(=O)(NC1=CC=2C(C(=NC3=CC=C(CN4CCCCC4)C=C3)C5=CC=CC=C5)C(=O)NC2C=C1)CC,O=C(Nc1ccc(C(=O)N2CCN(Cc3ccccc3)CC2)cc1)c1ccc(CN2CCCC2)cc1
AURKB,Ours,0.34,S(=O)(=O)(NC1=CC=2C(C(=NC3=CC=C(CN4CCCCC4)C=C3)C5=CC=CC=C5)C(=O)NC2C=C1)CC,COc1ccc(S(=O)(=O)Nc2ccc3c(c2)C2CC(CC(=O)NCCN4CCCCC4)OC(CO)C2O3)cc1
AURKB,Ours,0.34,S(=O)(=O)(NC1=CC=2C(C(=NC3=CC=C(CN4CCCCC4)C=C3)C5=CC=CC=C5)C(=O)NC2C=C1)CC,COc1ccc(S(=O)(=O)Nc2ccc3c(c2)C2CC(CC(=O)NCCN4CCCCC4)OC(CO)C2O3)cc1
AURKB,Ours,0.34,S(=O)(=O)(C1=CC=C(C2=CC=C(C(F)(F)F)C=C2)C=C1)CC(N(O)C=O)C=3C=CC(O)=CC3,CC1CN(C(C)CO)S(=O)(=O)c2ccc(-c3cccc(C(=O)N(C)C)c3)cc2OC1CN(C)Cc1ccc(C(F)(F)F)cc1
AURKB,Ours,0.34,O=C(NCC1=CC=CC=C1)C2=CC=C(C=3C=CN=CC3)C=C2,CC(C)(C)c1ccc(C(=O)NC2CN(Cc3ccccc3)CC2C(=O)NCc2ccccc2)cc1
AURKB,Ours,0.34,O=C(NCC1=CC=CC=C1)C2=CC=C(C=3C=CN=CC3)C=C2,CC(C)(C)c1ccc(C(=O)NC2CN(Cc3ccccc3)CC2C(=O)NCc2ccccc2)cc1
AURKB,Ours,0.34,O=C(NCC1=CC=CC=C1)C2=CC=C(C=3C=CN=CC3)C=C2,CC(C)(C)c1ccc(C(=O)NC2CN(Cc3ccccc3)CC2C(=O)NCc2ccccc2)cc1
AURKB,Ours,0.34,O=C(NCC1=CC=CC=C1)C2=CC=C(C=3C=CN=CC3)C=C2,CC(C)(C)c1ccc(C(=O)NC2CN(Cc3ccccc3)CC2C(=O)NCc2ccccc2)cc1
AURKB,Ours,0.34,O1CCN(CC1)CCCOC2=C(OC)C=C3C(N=CN=C3NC=4C=CC(NC(=O)C5=CC=CC=C5)=CC4)=C2,O=C(NC(Cc1ccccc1)C(=O)NCCCN1CCOCC1)c1ccccc1
AURKB,Ours,0.34,O1CCN(CC1)CCCOC2=C(OC)C=C3C(N=CN=C3NC=4C=CC(NC(=O)C5=CC=CC=C5)=CC4)=C2,O=C(NC(Cc1ccccc1)C(=O)NCCCN1CCOCC1)c1ccccc1
AURKB,Ours,0.34,FC(F)(F)C1=CC(NC(=O)NC2=CC=C(OC=3C=C(N=CC3)C(=O)NC)C=C2)=CC=C1,COc1ccc(NC(=O)N(C)CC2Oc3ccc(NC(=O)Nc4ccc(C(F)(F)F)cc4)cc3C(=O)N(C(C)CO)CC2C)cc1
AURKB,Ours,0.33,O=C(NCC1=CC=CC=C1)C2=CC=C(C=3C=CN=CC3)C=C2,CC(C)(C)c1ccc(C(=O)NC2CC(CO)N(C(=O)c3ccc(F)cc3)C2C(=O)NCc2ccccc2)cc1
AURKB,Ours,0.33,O=C(NCC1=CC=CC=C1)C2=CC=C(C=3C=CN=CC3)C=C2,CC(C)(C)c1ccc(C(=O)NC2CC(CO)N(C(=O)c3ccc(F)cc3)C2C(=O)NCc2ccccc2)cc1
AURKB,Ours,0.33,O=C(NCC1=CC=CC=C1)C2=CC=C(C=3C=CN=CC3)C=C2,CC(C)(C)c1ccc(C(=O)NC2CC(CO)N(C(=O)c3ccc(F)cc3)C2C(=O)NCc2ccccc2)cc1
AURKB,Ours,0.33,O=C(NCC1=CC=CC=C1)C2=CC=C(C=3C=CN=CC3)C=C2,CC(C)(C)c1ccc(C(=O)NC2CC(CO)N(C(=O)c3ccc(F)cc3)C2C(=O)NCc2ccccc2)cc1
AURKB,Ours,0.33,O1C2=NC=NC(N)=C2C(C3=CC=C(NC(=O)NC=4C(=CC=CC4)C)C=C3)=C1,CCCCCC(=O)Nc1ccc(C(=O)Nc2ccccc2C)cc1
AURKB,Ours,0.33,O1C2=NC=NC(N)=C2C(C3=CC=C(NC(=O)NC=4C(=CC=CC4)C)C=C3)=C1,CCCCCC(=O)Nc1ccc(C(=O)Nc2ccccc2C)cc1
AURKB,Ours,0.33,N12C3=C(C=CC=C3)C(=C1)C=4C(NC(=O)C4C=5C=6C(N(CCOC(CC2)CN(C)C)C5)=CC=CC6)=O,CC1CN(C(C)CO)C(=O)c2c(c3ccccc3n2C)-c2ccccc2COC1CN(C)CC1CCCCC1
AURKB,Ours,0.33,CN(C1=CC=C(NC(=O)NCCN2CCOCC2)C=C1)C3=CC=NC(NC4=CC=C(CS(C)(=O)=O)C=C4)=N3,CC1CCCCOC(CN(C)Cc2ccc(C(F)(F)F)cc2)C(C)CN(C(C)CO)C(=O)c2cc(NC(=O)CCN3CCOCC3)ccc2O1
AURKB,Ours,0.33,CN(C)CCNC(=O)NC1=CC=C(C=C1)N(C)C2=CC=NC(NC3=CC=C(CS(C)(=O)=O)C=C3)=N2,CN(C)CCN(Cc1ccc(N(C)C)cc1)S(=O)(=O)c1ccc(CN(C)C)cc1
AURKB,Ours,0.33,C1=NC(=NC(=C1)NC2=CC=CC=C2Cl)NC3=CC=C(C=C3)C(=O)NCCN(C)C,CN(C)CCCNC(=O)c1ccc(NC(=O)c2ccc(C(C)(C)C)cc2)cc1
AURKB,Ours,0.33,C1=NC(=NC(=C1)NC2=CC=CC=C2Cl)NC3=CC=C(C=C3)C(=O)NCCN(C)C,CN(C)CCCNC(=O)c1ccc(NC(=O)c2ccc(C(C)(C)C)cc2)cc1
AURKB,Ours,0.33,C1=NC(=NC(=C1)NC2=CC=CC=C2Cl)NC3=CC=C(C=C3)C(=O)NCCN(C)C,CN(C)CCCNC(=O)c1ccc(NC(=O)c2ccc(C(C)(C)C)cc2)cc1
AURKB,Ours,0.32,N1C=C(C(=C1/C=C/2\C(NC3=CC(NC(NC4=CC=C(C=C4)OC)=O)=CC=C32)=O)C)C(O)=O,COc1ccc(NC(=O)Nc2ccc3c(c2)C(=O)N(C(C)CO)CC(C)C(CN(C)Cc2ccc(F)cc2)O3)cc1
AURKB,Ours,0.31,S1C2=C(C(C3=CC=C(NC(=O)NC=4C=C(C=CC4)C)C=C3)=C1)C(=NC=C2C#CCN(C)C)N,CC1CN(C(C)CO)S(=O)(=O)c2ccc(C#CCN(C)C)cc2OC1CN(C)C(=O)Nc1ccc(F)cc1
AURKB,Ours,0.31,S(=O)(=O)(O)C=1C=2C(C(NCC=3C=C4OCOC4=CC3)=CC1)=C(O)C=CC2,CCCNC(=O)Nc1ccc2c(c1)C(=O)N(C)C1CCC(CC(=O)NCc3ccc4c(c3)OCO4)OC1CO2
AURKB,Ours,0.31,S(=O)(=O)(NC1=CC2=C(C3=C(C2=NO)C=CC=C3)C=C1)C=4C(F)=CC=CC4,CCCNC(=O)CC1CC2c3cc(NS(=O)(=O)c4ccccc4F)ccc3OC2C(CO)O1
AURKB,Ours,0.31,ClC1=CC(C2=NNC=C2C3=NC=NC=C3)=CC=C1Cl,CCN(CC)c1ccc(Cl)c(Cl)c1
AURKB,Ours,0.31,C=1(C=CC(NC(C=2C=CN3N=CN=C(C32)N)=O)=CC1)NC(NC4CCCC4)=O,CC1CN(C(C)CO)C(=O)c2cc(NC(=O)NC3CCCCC3)ccc2OC1CN(C)Cc1ccc(C(=O)Nc2ccc(N)cc2)cc1
AURKB,Ours,0.31,C1(C2=CSC3=C2C(N)=NC=C3C4=CN(N=C4)C)=CC=C(NC(NC5=CC=CC=C5OC)=O)C=C1,COc1ccccc1NC(=O)Nc1ccc2c(c1)C(=O)N(C)C1CCC(CC(=O)NCCc3ccccc3)OC1CO2
AURKB,Ours,0.31,C1(C2=CSC3=C2C(N)=NC=C3C4=CN(N=C4)C)=CC=C(NC(NC5=CC=CC=C5OC)=O)C=C1,COc1ccccc1NC(=O)Nc1ccc2c(c1)C(=O)N(C)C1CCC(CC(=O)NCCc3ccccc3)OC1CO2
AURKB,Ours,0.31,C1(C2=CSC3=C2C(N)=NC=C3C4=CN(N=C4)C)=CC=C(NC(NC5=CC=CC=C5OC)=O)C=C1,COc1ccccc1NC(=O)Nc1ccc2c(c1)C(=O)N(C)C1CCC(CC(=O)NCCc3ccccc3)OC1CO2
AURKB,Ours,0.3,S1(=O)N=C(NC=2C=CC(F)=CC2)C(=N1)NCCCC,CCNC(=O)CC1C=CC(NC(=O)c2ccc(F)cc2)C(CO)O1
AURKB,Ours,0.3,S(=O)(=O)(O)C=1C=2C(C(NCC=3C=C4OCOC4=CC3)=CC1)=C(O)C=CC2,CCCCCCNC(=O)CC1CC2c3cc(NC(=O)c4ccc5c(c4)OCO5)ccc3OC2C(CO)O1
AURKB,Ours,0.3,O=C(NC(C1=CC=CC=C1)C)C2=CC=C(C=3C=CN=CC3)C=C2,CC(NC(=O)CC1CCC(NC(=O)c2cccnc2)C(CO)O1)c1ccccc1
AURKB,Ours,0.3,O=C(NC(C1=CC=CC=C1)C)C2=CC=C(C=3C=CN=CC3)C=C2,CC(NC(=O)CC1CCC(NC(=O)c2cccnc2)C(CO)O1)c1ccccc1
AURKB,Ours,0.3,O=C(NC(C1=CC=CC=C1)C)C2=CC=C(C=3C=CN=CC3)C=C2,CC(NC(=O)CC1CCC(NC(=O)c2cccnc2)C(CO)O1)c1ccccc1
AURKB,Ours,0.3,O=C(NC(C1=CC=CC=C1)C)C2=CC=C(C=3C=CN=CC3)C=C2,CC(NC(=O)CC1CCC(NC(=O)c2cccnc2)C(CO)O1)c1ccccc1
AURKB,Ours,0.3,O=C(NC(C1=CC=CC=C1)C)C2=CC=C(C=3C=CN=CC3)C=C2,CC(NC(=O)CC1CCC(NC(=O)c2cccnc2)C(CO)O1)c1ccccc1
AURKB,Ours,0.3,FC=1C=C(C(=O)NC2=CC=3C(=NNC3)C=C2)C=CC1,CCCNC(=O)N1CC(C)C(OC)CN(C)C(=O)c2cc(NC(=O)c3cccc(F)c3)ccc2OCC1C
AURKB,Ours,0.3,ClC1=CC=C(CC(=O)NC2=NNC3=C2CCC3)C=C1,CC(C)(C)S(=O)N1CC(O)COCC2OC(CC(=O)NCc3ccc(Cl)cc3)CCC21
AURKB,Ours,0.3,ClC1=CC=2C(=CC(=NC2C=C1)C3=CC=C(OC)C=C3)C4=CC=CC=C4,COc1ccc(-c2ccc(-c3ccc4n(c3=O)CC(C)(C)C4)cc2)cc1
AURKB,Ours,0.3,ClC1=CC=2C(=CC(=NC2C=C1)C3=CC=C(OC)C=C3)C4=CC=CC=C4,COc1ccc(-c2ccc(-c3ccc4n(c3=O)CC(C)(C)C4)cc2)cc1
AURKB,Ours,0.3,ClC1=CC=2C(=CC(=NC2C=C1)C3=CC=C(OC)C=C3)C4=CC=CC=C4,COc1ccc(-c2ccc(-c3ccc4n(c3=O)CC(C)(C)C4)cc2)cc1
AURKB,Ours,0.29,FC(F)(F)C1=CC(NC(=O)NC=2C=CC(C3=C(N4N=CC(=C4N=C3)C=5C=C6OCOC6=CC5)N)=CC2)=CC=C1,CC1CN(C(C)CO)C(=O)c2cc(NC(=O)CCC(F)(F)F)ccc2OC1CN(C)C(=O)c1ccc2c(c1)OCO2
AURKB,Ours,0.29,C1=CC=C(C=2C(=NN(C)C21)N)C(NC=3C=CC=C(CNC(NC4=CC=C(C=C4)C(F)(F)F)=O)C3)=O,CC1CN(C(C)CO)S(=O)(=O)c2ccc(-c3ccccc3C(=O)N(C)C)cc2OC1CN(C)C(=O)Nc1ccc(C(F)(F)F)cc1
AURKB,Ours,0.28,O=C(NCC1=CN=CC=C1)NCCCCCCNC(=O)NCC2=CN=CC=C2,CC(C(Cc1ccc(O)cc1)C(=O)NCCCCCNC(=O)CCc1ccccc1)C(C)(C)C
CTSK,Cosine Search,0.17,O(C(C)(C)C)C(=O)N[C@H](C(NCC#N)=O)CC=1OC=CC1,Nn1c(=O)c(Cc2ccco2)n[nH]c1=S
CTSK,Cosine Search,0.17,O(C(C)(C)C)C(=O)N[C@H](C(NCC#N)=O)CC=1OC=CC1,Nn1c(=O)c(Cc2ccco2)n[nH]c1=S
CTSK,Cosine Search,0.17,O(C(C)(C)C)C(=O)N[C@H](C(NCC#N)=O)CC=1OC=CC1,Nn1c(=O)c(Cc2ccco2)n[nH]c1=S
CTSK,Cosine Search,0.17,O(C(C)(C)C)C(=O)N[C@H](C(NCC#N)=O)CC=1OC=CC1,Nn1c(=O)c(Cc2ccco2)n[nH]c1=S
CTSK,Cosine Search,0.17,O(C(C)(C)C)C(=O)N[C@H](C(NCC#N)=O)CC=1OC=CC1,Nn1c(=O)c(Cc2ccco2)n[nH]c1=S
CTSK,Cosine Search,0.23,C1(=CC=CC(C2=NC(=NC(CCCN3CCOCC3)=C2)C#N)=C1)C(F)(F)F,OC[C@@H]1O[C@H](CC(=O)NCCCN2CCOCC2)C=C[C@@H]1NS(=O)(=O)c1ccccc1F
CTSK,Cosine Search,0.17,O(C(C)(C)C)C(=O)N[C@H](C(NCC#N)=O)CC=1OC=CC1,Nn1c(=O)c(Cc2ccco2)n[nH]c1=S
CTSK,Cosine Search,0.17,O(C(C)(C)C)C(=O)N[C@H](C(NCC#N)=O)CC=1OC=CC1,Nn1c(=O)c(Cc2ccco2)n[nH]c1=S
CTSK,Cosine Search,0.17,O(C(C)(C)C)C(=O)N[C@H](C(NCC#N)=O)CC=1OC=CC1,Nn1c(=O)c(Cc2ccco2)n[nH]c1=S
CTSK,Cosine Search,0.27,S(N[C@H](C(N[C@@H](CC=1NC=2C=CC=CC2C1)C=O)=O)C(CC)C)(C=3C=4C(=CC=CC4)C=CC3)(=O)=O,CNC(=O)CCc1cc2ccccc2[nH]1
CTSK,Cosine Search,0.17,O(C(C)(C)C)C(=O)N[C@H](C(NCC#N)=O)CC=1OC=CC1,Nn1c(=O)c(Cc2ccco2)n[nH]c1=S
CTSK,Cosine Search,0.17,O(C(C)(C)C)C(=O)N[C@H](C(NCC#N)=O)CC=1OC=CC1,Nn1c(=O)c(Cc2ccco2)n[nH]c1=S
CTSK,Cosine Search,0.27,S(N[C@H](C(N[C@@H](CC=1NC=2C=CC=CC2C1)C=O)=O)C(CC)C)(C=3C=4C(=CC=CC4)C=CC3)(=O)=O,CNC(=O)CCc1cc2ccccc2[nH]1
CTSK,Cosine Search,0.28,C=1C(C[C@H](NC(=O)C=2C=CC(=CC2)C)C(=O)NCC#N)=CC=CC1Cl,Cc1ccc(cc1)C(=O)/N=c2/cccc[nH]2
CTSK,Cosine Search,0.17,O(C(C)(C)C)C(=O)N[C@H](C(NCC#N)=O)CC=1OC=CC1,Nn1c(=O)c(Cc2ccco2)n[nH]c1=S
CTSK,Cosine Search,0.28,C=1C(C[C@H](NC(=O)C=2C=CC(=CC2)C)C(=O)NCC#N)=CC=CC1Cl,Cc1ccc(cc1)C(=O)/N=c2/cccc[nH]2
CTSK,Cosine Search,0.23,C1(=CC=CC(C2=NC(=NC(CCCN3CCOCC3)=C2)C#N)=C1)C(F)(F)F,OC[C@@H]1O[C@H](CC(=O)NCCCN2CCOCC2)C=C[C@@H]1NS(=O)(=O)c1ccccc1F
CTSK,Cosine Search,0.23,C1(=CC=CC(C2=NC(=NC(CCCN3CCOCC3)=C2)C#N)=C1)C(F)(F)F,OC[C@@H]1O[C@H](CC(=O)NCCCN2CCOCC2)C=C[C@@H]1NS(=O)(=O)c1ccccc1F
CTSK,Cosine Search,0.27,S(N[C@H](C(N[C@@H](CC=1NC=2C=CC=CC2C1)C=O)=O)C(CC)C)(C=3C=4C(=CC=CC4)C=CC3)(=O)=O,CNC(=O)CCc1cc2ccccc2[nH]1
CTSK,Cosine Search,0.17,O(C(C)(C)C)C(=O)N[C@H](C(NCC#N)=O)CC=1OC=CC1,Nn1c(=O)c(Cc2ccco2)n[nH]c1=S
CTSK,Cosine Search,0.23,C1(=CC=CC(C2=NC(=NC(CCCN3CCOCC3)=C2)C#N)=C1)C(F)(F)F,OC[C@@H]1O[C@H](CC(=O)NCCCN2CCOCC2)C=C[C@@H]1NS(=O)(=O)c1ccccc1F
CTSK,Cosine Search,0.28,C=1C(C[C@H](NC(=O)C=2C=CC(=CC2)C)C(=O)NCC#N)=CC=CC1Cl,Cc1ccc(cc1)C(=O)/N=c2/cccc[nH]2
CTSK,Cosine Search,0.17,O(C(C)(C)C)C(=O)N[C@H](C(NCC#N)=O)CC=1OC=CC1,Nn1c(=O)c(Cc2ccco2)n[nH]c1=S
CTSK,Cosine Search,0.17,O(C(C)(C)C)C(=O)N[C@H](C(NCC#N)=O)CC=1OC=CC1,Nn1c(=O)c(Cc2ccco2)n[nH]c1=S
CTSK,Cosine Search,0.27,S(N[C@H](C(N[C@@H](CC=1NC=2C=CC=CC2C1)C=O)=O)C(CC)C)(C=3C=4C(=CC=CC4)C=CC3)(=O)=O,CNC(=O)CCc1cc2ccccc2[nH]1
CTSK,Cosine Search,0.27,S(N[C@H](C(N[C@@H](CC=1NC=2C=CC=CC2C1)C=O)=O)C(CC)C)(C=3C=4C(=CC=CC4)C=CC3)(=O)=O,CNC(=O)CCc1cc2ccccc2[nH]1
CTSK,Cosine Search,0.27,S(N[C@H](C(N[C@@H](CC=1NC=2C=CC=CC2C1)C=O)=O)C(CC)C)(C=3C=4C(=CC=CC4)C=CC3)(=O)=O,CNC(=O)CCc1cc2ccccc2[nH]1
CTSK,Cosine Search,0.17,O(C(C)(C)C)C(=O)N[C@H](C(NCC#N)=O)CC=1OC=CC1,Nn1c(=O)c(Cc2ccco2)n[nH]c1=S
CTSK,Cosine Search,0.17,O(C(C)(C)C)C(=O)N[C@H](C(NCC#N)=O)CC=1OC=CC1,Nn1c(=O)c(Cc2ccco2)n[nH]c1=S
CTSK,Cosine Search,0.28,C=1C(C[C@H](NC(=O)C=2C=CC(=CC2)C)C(=O)NCC#N)=CC=CC1Cl,Cc1ccc(cc1)C(=O)/N=c2/cccc[nH]2
CTSK,Cosine Search,0.28,C=1C(C[C@H](NC(=O)C=2C=CC(=CC2)C)C(=O)NCC#N)=CC=CC1Cl,Cc1ccc(cc1)C(=O)/N=c2/cccc[nH]2
CTSK,Cosine Search,0.17,O(C(C)(C)C)C(=O)N[C@H](C(NCC#N)=O)CC=1OC=CC1,Nn1c(=O)c(Cc2ccco2)n[nH]c1=S
CTSK,Cosine Search,0.17,O(C(C)(C)C)C(=O)N[C@H](C(NCC#N)=O)CC=1OC=CC1,Nn1c(=O)c(Cc2ccco2)n[nH]c1=S
CTSK,Cosine Search,0.17,O(C(C)(C)C)C(=O)N[C@H](C(NCC#N)=O)CC=1OC=CC1,Nn1c(=O)c(Cc2ccco2)n[nH]c1=S
CTSK,Cosine Search,0.17,O(C(C)(C)C)C(=O)N[C@H](C(NCC#N)=O)CC=1OC=CC1,Nn1c(=O)c(Cc2ccco2)n[nH]c1=S
CTSK,Cosine Search,0.17,O(C(C)(C)C)C(=O)N[C@H](C(NCC#N)=O)CC=1OC=CC1,Nn1c(=O)c(Cc2ccco2)n[nH]c1=S
CTSK,Cosine Search,0.28,C=1C(C[C@H](NC(=O)C=2C=CC(=CC2)C)C(=O)NCC#N)=CC=CC1Cl,Cc1ccc(cc1)C(=O)/N=c2/cccc[nH]2
CTSK,Cosine Search,0.17,O(C(C)(C)C)C(=O)N[C@H](C(NCC#N)=O)CC=1OC=CC1,Nn1c(=O)c(Cc2ccco2)n[nH]c1=S
CTSK,Cosine Search,0.2,[C@@H](C1=CC=C(C=C1)C2=CC=CC=C2F)(N[C@@H](CC(C)C)C(=O)NCC#N)C(F)(F)F,C[C@@H](CO)N1C[C@H](C)[C@@H](CN(C)C(=O)CCC(F)(F)F)OCc2ccccc2-c3c(C1=O)n(C)c4ccccc34
CTSK,Cosine Search,0.17,O(C(C)(C)C)C(=O)N[C@H](C(NCC#N)=O)CC=1OC=CC1,Nn1c(=O)c(Cc2ccco2)n[nH]c1=S
CTSK,Cosine Search,0.17,O(C(C)(C)C)C(=O)N[C@H](C(NCC#N)=O)CC=1OC=CC1,Nn1c(=O)c(Cc2ccco2)n[nH]c1=S
CTSK,Cosine Search,0.17,O(C(C)(C)C)C(=O)N[C@H](C(NCC#N)=O)CC=1OC=CC1,Nn1c(=O)c(Cc2ccco2)n[nH]c1=S
CTSK,Cosine Search,0.27,S(N[C@H](C(N[C@@H](CC=1NC=2C=CC=CC2C1)C=O)=O)C(CC)C)(C=3C=4C(=CC=CC4)C=CC3)(=O)=O,CNC(=O)CCc1cc2ccccc2[nH]1
CTSK,Cosine Search,0.17,O(C(C)(C)C)C(=O)N[C@H](C(NCC#N)=O)CC=1OC=CC1,Nn1c(=O)c(Cc2ccco2)n[nH]c1=S
CTSK,Cosine Search,0.23,C1(=CC=CC(C2=NC(=NC(CCCN3CCOCC3)=C2)C#N)=C1)C(F)(F)F,OC[C@@H]1O[C@H](CC(=O)NCCCN2CCOCC2)C=C[C@@H]1NS(=O)(=O)c1ccccc1F
CTSK,Cosine Search,0.27,S(N[C@H](C(N[C@@H](CC=1NC=2C=CC=CC2C1)C=O)=O)C(CC)C)(C=3C=4C(=CC=CC4)C=CC3)(=O)=O,CNC(=O)CCc1cc2ccccc2[nH]1
CTSK,Cosine Search,0.17,O(C(C)(C)C)C(=O)N[C@H](C(NCC#N)=O)CC=1OC=CC1,Nn1c(=O)c(Cc2ccco2)n[nH]c1=S
CTSK,Cosine Search,0.17,O(C(C)(C)C)C(=O)N[C@H](C(NCC#N)=O)CC=1OC=CC1,Nn1c(=O)c(Cc2ccco2)n[nH]c1=S
CTSK,Cosine Search,0.17,O(C(C)(C)C)C(=O)N[C@H](C(NCC#N)=O)CC=1OC=CC1,Nn1c(=O)c(Cc2ccco2)n[nH]c1=S
CTSK,Cosine Search,0.17,O(C(C)(C)C)C(=O)N[C@H](C(NCC#N)=O)CC=1OC=CC1,Nn1c(=O)c(Cc2ccco2)n[nH]c1=S
CTSK,Cosine Search,0.15,C1N2C[C@H](OC2=O)[C@@H](OC3=CC=CC(=C3C)C)C1,CC=C1/[C@H]2Cc3[nH]c(=O)ccc3[C@]1(N)CC(C)=C2
CTSK,Cosine Search,0.2,[C@@H](C1=CC=C(C=C1)C2=CC=CC=C2F)(N[C@@H](CC(C)C)C(=O)NCC#N)C(F)(F)F,C[C@@H](CO)N1C[C@H](C)[C@@H](CN(C)C(=O)CCC(F)(F)F)OCc2ccccc2-c3c(C1=O)n(C)c4ccccc34
CTSK,Cosine Search,0.17,O(C(C)(C)C)C(=O)N[C@H](C(NCC#N)=O)CC=1OC=CC1,Nn1c(=O)c(Cc2ccco2)n[nH]c1=S
CTSK,Cosine Search,0.17,O(C(C)(C)C)C(=O)N[C@H](C(NCC#N)=O)CC=1OC=CC1,Nn1c(=O)c(Cc2ccco2)n[nH]c1=S
CTSK,Cosine Search,0.28,C=1C(C[C@H](NC(=O)C=2C=CC(=CC2)C)C(=O)NCC#N)=CC=CC1Cl,Cc1ccc(cc1)C(=O)/N=c2/cccc[nH]2
CTSK,Cosine Search,0.17,O(C(C)(C)C)C(=O)N[C@H](C(NCC#N)=O)CC=1OC=CC1,Nn1c(=O)c(Cc2ccco2)n[nH]c1=S
CTSK,Cosine Search,0.28,C=1C(C[C@H](NC(=O)C=2C=CC(=CC2)C)C(=O)NCC#N)=CC=CC1Cl,Cc1ccc(cc1)C(=O)/N=c2/cccc[nH]2
CTSK,Cosine Search,0.17,O(C(C)(C)C)C(=O)N[C@H](C(NCC#N)=O)CC=1OC=CC1,Nn1c(=O)c(Cc2ccco2)n[nH]c1=S
CTSK,Cosine Search,0.28,C=1C(C[C@H](NC(=O)C=2C=CC(=CC2)C)C(=O)NCC#N)=CC=CC1Cl,Cc1ccc(cc1)C(=O)/N=c2/cccc[nH]2
CTSK,Cosine Search,0.17,O(C(C)(C)C)C(=O)N[C@H](C(NCC#N)=O)CC=1OC=CC1,Nn1c(=O)c(Cc2ccco2)n[nH]c1=S
CTSK,Cosine Search,0.27,S(N[C@H](C(N[C@@H](CC=1NC=2C=CC=CC2C1)C=O)=O)C(CC)C)(C=3C=4C(=CC=CC4)C=CC3)(=O)=O,CNC(=O)CCc1cc2ccccc2[nH]1
CTSK,Cosine Search,0.27,S(N[C@H](C(N[C@@H](CC=1NC=2C=CC=CC2C1)C=O)=O)C(CC)C)(C=3C=4C(=CC=CC4)C=CC3)(=O)=O,CNC(=O)CCc1cc2ccccc2[nH]1
CTSK,Cosine Search,0.17,O(C(C)(C)C)C(=O)N[C@H](C(NCC#N)=O)CC=1OC=CC1,Nn1c(=O)c(Cc2ccco2)n[nH]c1=S
CTSK,Cosine Search,0.17,O(C(C)(C)C)C(=O)N[C@H](C(NCC#N)=O)CC=1OC=CC1,Nn1c(=O)c(Cc2ccco2)n[nH]c1=S
CTSK,Cosine Search,0.28,C=1C(C[C@H](NC(=O)C=2C=CC(=CC2)C)C(=O)NCC#N)=CC=CC1Cl,Cc1ccc(cc1)C(=O)/N=c2/cccc[nH]2
CTSK,Cosine Search,0.17,O(C(C)(C)C)C(=O)N[C@H](C(NCC#N)=O)CC=1OC=CC1,Nn1c(=O)c(Cc2ccco2)n[nH]c1=S
CTSK,Cosine Search,0.17,O(C(C)(C)C)C(=O)N[C@H](C(NCC#N)=O)CC=1OC=CC1,Nn1c(=O)c(Cc2ccco2)n[nH]c1=S
CTSK,Cosine Search,0.28,C=1C(C[C@H](NC(=O)C=2C=CC(=CC2)C)C(=O)NCC#N)=CC=CC1Cl,Cc1ccc(cc1)C(=O)/N=c2/cccc[nH]2
CTSK,Cosine Search,0.17,O(C(C)(C)C)C(=O)N[C@H](C(NCC#N)=O)CC=1OC=CC1,Nn1c(=O)c(Cc2ccco2)n[nH]c1=S
CTSK,Cosine Search,0.27,S(N[C@H](C(N[C@@H](CC=1NC=2C=CC=CC2C1)C=O)=O)C(CC)C)(C=3C=4C(=CC=CC4)C=CC3)(=O)=O,CNC(=O)CCc1cc2ccccc2[nH]1
CTSK,Cosine Search,0.17,O(C(C)(C)C)C(=O)N[C@H](C(NCC#N)=O)CC=1OC=CC1,Nn1c(=O)c(Cc2ccco2)n[nH]c1=S
CTSK,Cosine Search,0.28,C=1C(C[C@H](NC(=O)C=2C=CC(=CC2)C)C(=O)NCC#N)=CC=CC1Cl,Cc1ccc(cc1)C(=O)/N=c2/cccc[nH]2
CTSK,Cosine Search,0.28,C=1C(C[C@H](NC(=O)C=2C=CC(=CC2)C)C(=O)NCC#N)=CC=CC1Cl,Cc1ccc(cc1)C(=O)/N=c2/cccc[nH]2
CTSK,Cosine Search,0.17,O(C(C)(C)C)C(=O)N[C@H](C(NCC#N)=O)CC=1OC=CC1,Nn1c(=O)c(Cc2ccco2)n[nH]c1=S
CTSK,Cosine Search,0.27,S(N[C@H](C(N[C@@H](CC=1NC=2C=CC=CC2C1)C=O)=O)C(CC)C)(C=3C=4C(=CC=CC4)C=CC3)(=O)=O,CNC(=O)CCc1cc2ccccc2[nH]1
CTSK,Cosine Search,0.28,C=1C(C[C@H](NC(=O)C=2C=CC(=CC2)C)C(=O)NCC#N)=CC=CC1Cl,Cc1ccc(cc1)C(=O)/N=c2/cccc[nH]2
CTSK,Cosine Search,0.27,S(N[C@H](C(N[C@@H](CC=1NC=2C=CC=CC2C1)C=O)=O)C(CC)C)(C=3C=4C(=CC=CC4)C=CC3)(=O)=O,CNC(=O)CCc1cc2ccccc2[nH]1
CTSK,Cosine Search,0.28,C=1C(C[C@H](NC(=O)C=2C=CC(=CC2)C)C(=O)NCC#N)=CC=CC1Cl,Cc1ccc(cc1)C(=O)/N=c2/cccc[nH]2
CTSK,Cosine Search,0.17,O(C(C)(C)C)C(=O)N[C@H](C(NCC#N)=O)CC=1OC=CC1,Nn1c(=O)c(Cc2ccco2)n[nH]c1=S
CTSK,Cosine Search,0.17,O(C(C)(C)C)C(=O)N[C@H](C(NCC#N)=O)CC=1OC=CC1,Nn1c(=O)c(Cc2ccco2)n[nH]c1=S
CTSK,Cosine Search,0.27,S(N[C@H](C(N[C@@H](CC=1NC=2C=CC=CC2C1)C=O)=O)C(CC)C)(C=3C=4C(=CC=CC4)C=CC3)(=O)=O,CNC(=O)CCc1cc2ccccc2[nH]1
CTSK,Cosine Search,0.17,O(C(C)(C)C)C(=O)N[C@H](C(NCC#N)=O)CC=1OC=CC1,Nn1c(=O)c(Cc2ccco2)n[nH]c1=S
CTSK,Cosine Search,0.17,O(C(C)(C)C)C(=O)N[C@H](C(NCC#N)=O)CC=1OC=CC1,Nn1c(=O)c(Cc2ccco2)n[nH]c1=S
CTSK,Cosine Search,0.15,C1N2C[C@H](OC2=O)[C@@H](OC3=CC=CC(=C3C)C)C1,CC=C1/[C@H]2Cc3[nH]c(=O)ccc3[C@]1(N)CC(C)=C2
CTSK,Cosine Search,0.23,C1(=CC=CC(C2=NC(=NC(CCCN3CCOCC3)=C2)C#N)=C1)C(F)(F)F,OC[C@@H]1O[C@H](CC(=O)NCCCN2CCOCC2)C=C[C@@H]1NS(=O)(=O)c1ccccc1F
CTSK,Cosine Search,0.27,S(N[C@H](C(N[C@@H](CC=1NC=2C=CC=CC2C1)C=O)=O)C(CC)C)(C=3C=4C(=CC=CC4)C=CC3)(=O)=O,CNC(=O)CCc1cc2ccccc2[nH]1
CTSK,Cosine Search,0.17,O(C(C)(C)C)C(=O)N[C@H](C(NCC#N)=O)CC=1OC=CC1,Nn1c(=O)c(Cc2ccco2)n[nH]c1=S
CTSK,Cosine Search,0.33,[C@@H]1([C@@H](CCCC1)C(=O)N2CCC3=C(C2)C=CC=C3)C(=O)NCC#N,CC(C)NC(=O)N1[C@@H]([C@@H](CO)[C@@H]2Cn3c(cccc3=O)[C@H]12)C(=O)N1CCc2ccccc2C1
CTSK,Cosine Search,0.17,O(C(C)(C)C)C(=O)N[C@H](C(NCC#N)=O)CC=1OC=CC1,Nn1c(=O)c(Cc2ccco2)n[nH]c1=S
CTSK,Cosine Search,0.23,C1(=CC=CC(C2=NC(=NC(CCCN3CCOCC3)=C2)C#N)=C1)C(F)(F)F,OC[C@@H]1O[C@H](CC(=O)NCCCN2CCOCC2)C=C[C@@H]1NS(=O)(=O)c1ccccc1F
CTSK,Cosine Search,0.27,S(N[C@H](C(N[C@@H](CC=1NC=2C=CC=CC2C1)C=O)=O)C(CC)C)(C=3C=4C(=CC=CC4)C=CC3)(=O)=O,CNC(=O)CCc1cc2ccccc2[nH]1
CTSK,Cosine Search,0.17,O(C(C)(C)C)C(=O)N[C@H](C(NCC#N)=O)CC=1OC=CC1,Nn1c(=O)c(Cc2ccco2)n[nH]c1=S
CTSK,Cosine Search,0.28,C=1C(C[C@H](NC(=O)C=2C=CC(=CC2)C)C(=O)NCC#N)=CC=CC1Cl,Cc1ccc(cc1)C(=O)/N=c2/cccc[nH]2
CTSK,Cosine Search,0.15,C1N2C[C@H](OC2=O)[C@@H](OC3=CC=CC(=C3C)C)C1,CC=C1/[C@H]2Cc3[nH]c(=O)ccc3[C@]1(N)CC(C)=C2
CTSK,Cosine Search,0.27,S(N[C@H](C(N[C@@H](CC=1NC=2C=CC=CC2C1)C=O)=O)C(CC)C)(C=3C=4C(=CC=CC4)C=CC3)(=O)=O,CNC(=O)CCc1cc2ccccc2[nH]1
CTSK,Cosine Search,0.17,O(C(C)(C)C)C(=O)N[C@H](C(NCC#N)=O)CC=1OC=CC1,Nn1c(=O)c(Cc2ccco2)n[nH]c1=S
CTSK,Cosine Search,0.17,O(C(C)(C)C)C(=O)N[C@H](C(NCC#N)=O)CC=1OC=CC1,Nn1c(=O)c(Cc2ccco2)n[nH]c1=S
CTSK,Cosine Search,0.27,S(N[C@H](C(N[C@@H](CC=1NC=2C=CC=CC2C1)C=O)=O)C(CC)C)(C=3C=4C(=CC=CC4)C=CC3)(=O)=O,CNC(=O)CCc1cc2ccccc2[nH]1
CTSK,Cosine Search,0.17,O(C(C)(C)C)C(=O)N[C@H](C(NCC#N)=O)CC=1OC=CC1,Nn1c(=O)c(Cc2ccco2)n[nH]c1=S
CTSK,Cosine Search,0.15,C1N2C[C@H](OC2=O)[C@@H](OC3=CC=CC(=C3C)C)C1,CC=C1/[C@H]2Cc3[nH]c(=O)ccc3[C@]1(N)CC(C)=C2
CTSK,Euclidean Search,0.17,O(C(C)(C)C)C(=O)N[C@H](C(NCC#N)=O)CC=1OC=CC1,Nn1c(=O)c(Cc2ccco2)n[nH]c1=S
CTSK,Euclidean Search,0.17,O(C(C)(C)C)C(=O)N[C@H](C(NCC#N)=O)CC=1OC=CC1,Nn1c(=O)c(Cc2ccco2)n[nH]c1=S
CTSK,Euclidean Search,0.17,O(C(C)(C)C)C(=O)N[C@H](C(NCC#N)=O)CC=1OC=CC1,Nn1c(=O)c(Cc2ccco2)n[nH]c1=S
CTSK,Euclidean Search,0.17,O(C(C)(C)C)C(=O)N[C@H](C(NCC#N)=O)CC=1OC=CC1,Nn1c(=O)c(Cc2ccco2)n[nH]c1=S
CTSK,Euclidean Search,0.17,O(C(C)(C)C)C(=O)N[C@H](C(NCC#N)=O)CC=1OC=CC1,Nn1c(=O)c(Cc2ccco2)n[nH]c1=S
CTSK,Euclidean Search,0.17,O(C(C)(C)C)C(=O)N[C@H](C(NCC#N)=O)CC=1OC=CC1,Nn1c(=O)c(Cc2ccco2)n[nH]c1=S
CTSK,Euclidean Search,0.17,O(C(C)(C)C)C(=O)N[C@H](C(NCC#N)=O)CC=1OC=CC1,Nn1c(=O)c(Cc2ccco2)n[nH]c1=S
CTSK,Euclidean Search,0.17,O(C(C)(C)C)C(=O)N[C@H](C(NCC#N)=O)CC=1OC=CC1,Nn1c(=O)c(Cc2ccco2)n[nH]c1=S
CTSK,Euclidean Search,0.17,O(C(C)(C)C)C(=O)N[C@H](C(NCC#N)=O)CC=1OC=CC1,Nn1c(=O)c(Cc2ccco2)n[nH]c1=S
CTSK,Euclidean Search,0.27,S(N[C@H](C(N[C@@H](CC=1NC=2C=CC=CC2C1)C=O)=O)C(CC)C)(C=3C=4C(=CC=CC4)C=CC3)(=O)=O,CNC(=O)CCc1cc2ccccc2[nH]1
CTSK,Euclidean Search,0.17,O(C(C)(C)C)C(=O)N[C@H](C(NCC#N)=O)CC=1OC=CC1,Nn1c(=O)c(Cc2ccco2)n[nH]c1=S
CTSK,Euclidean Search,0.17,O(C(C)(C)C)C(=O)N[C@H](C(NCC#N)=O)CC=1OC=CC1,Nn1c(=O)c(Cc2ccco2)n[nH]c1=S
CTSK,Euclidean Search,0.27,S(N[C@H](C(N[C@@H](CC=1NC=2C=CC=CC2C1)C=O)=O)C(CC)C)(C=3C=4C(=CC=CC4)C=CC3)(=O)=O,CNC(=O)CCc1cc2ccccc2[nH]1
CTSK,Euclidean Search,0.28,C=1C(C[C@H](NC(=O)C=2C=CC(=CC2)C)C(=O)NCC#N)=CC=CC1Cl,Cc1ccc(cc1)C(=O)/N=c2/cccc[nH]2
CTSK,Euclidean Search,0.17,O(C(C)(C)C)C(=O)N[C@H](C(NCC#N)=O)CC=1OC=CC1,Nn1c(=O)c(Cc2ccco2)n[nH]c1=S
CTSK,Euclidean Search,0.17,O(C(C)(C)C)C(=O)N[C@H](C(NCC#N)=O)CC=1OC=CC1,Nn1c(=O)c(Cc2ccco2)n[nH]c1=S
CTSK,Euclidean Search,0.17,O(C(C)(C)C)C(=O)N[C@H](C(NCC#N)=O)CC=1OC=CC1,Nn1c(=O)c(Cc2ccco2)n[nH]c1=S
CTSK,Euclidean Search,0.17,O(C(C)(C)C)C(=O)N[C@H](C(NCC#N)=O)CC=1OC=CC1,Nn1c(=O)c(Cc2ccco2)n[nH]c1=S
CTSK,Euclidean Search,0.27,S(N[C@H](C(N[C@@H](CC=1NC=2C=CC=CC2C1)C=O)=O)C(CC)C)(C=3C=4C(=CC=CC4)C=CC3)(=O)=O,CNC(=O)CCc1cc2ccccc2[nH]1
CTSK,Euclidean Search,0.17,O(C(C)(C)C)C(=O)N[C@H](C(NCC#N)=O)CC=1OC=CC1,Nn1c(=O)c(Cc2ccco2)n[nH]c1=S
CTSK,Euclidean Search,0.17,O(C(C)(C)C)C(=O)N[C@H](C(NCC#N)=O)CC=1OC=CC1,Nn1c(=O)c(Cc2ccco2)n[nH]c1=S
CTSK,Euclidean Search,0.17,O(C(C)(C)C)C(=O)N[C@H](C(NCC#N)=O)CC=1OC=CC1,Nn1c(=O)c(Cc2ccco2)n[nH]c1=S
CTSK,Euclidean Search,0.17,O(C(C)(C)C)C(=O)N[C@H](C(NCC#N)=O)CC=1OC=CC1,Nn1c(=O)c(Cc2ccco2)n[nH]c1=S
CTSK,Euclidean Search,0.17,O(C(C)(C)C)C(=O)N[C@H](C(NCC#N)=O)CC=1OC=CC1,Nn1c(=O)c(Cc2ccco2)n[nH]c1=S
CTSK,Euclidean Search,0.27,S(N[C@H](C(N[C@@H](CC=1NC=2C=CC=CC2C1)C=O)=O)C(CC)C)(C=3C=4C(=CC=CC4)C=CC3)(=O)=O,CNC(=O)CCc1cc2ccccc2[nH]1
CTSK,Euclidean Search,0.27,S(N[C@H](C(N[C@@H](CC=1NC=2C=CC=CC2C1)C=O)=O)C(CC)C)(C=3C=4C(=CC=CC4)C=CC3)(=O)=O,CNC(=O)CCc1cc2ccccc2[nH]1
CTSK,Euclidean Search,0.17,O(C(C)(C)C)C(=O)N[C@H](C(NCC#N)=O)CC=1OC=CC1,Nn1c(=O)c(Cc2ccco2)n[nH]c1=S
CTSK,Euclidean Search,0.17,O(C(C)(C)C)C(=O)N[C@H](C(NCC#N)=O)CC=1OC=CC1,Nn1c(=O)c(Cc2ccco2)n[nH]c1=S
CTSK,Euclidean Search,0.17,O(C(C)(C)C)C(=O)N[C@H](C(NCC#N)=O)CC=1OC=CC1,Nn1c(=O)c(Cc2ccco2)n[nH]c1=S
CTSK,Euclidean Search,0.28,C=1C(C[C@H](NC(=O)C=2C=CC(=CC2)C)C(=O)NCC#N)=CC=CC1Cl,Cc1ccc(cc1)C(=O)/N=c2/cccc[nH]2
CTSK,Euclidean Search,0.28,C=1C(C[C@H](NC(=O)C=2C=CC(=CC2)C)C(=O)NCC#N)=CC=CC1Cl,Cc1ccc(cc1)C(=O)/N=c2/cccc[nH]2
CTSK,Euclidean Search,0.17,O(C(C)(C)C)C(=O)N[C@H](C(NCC#N)=O)CC=1OC=CC1,Nn1c(=O)c(Cc2ccco2)n[nH]c1=S
CTSK,Euclidean Search,0.17,O(C(C)(C)C)C(=O)N[C@H](C(NCC#N)=O)CC=1OC=CC1,Nn1c(=O)c(Cc2ccco2)n[nH]c1=S
CTSK,Euclidean Search,0.17,O(C(C)(C)C)C(=O)N[C@H](C(NCC#N)=O)CC=1OC=CC1,Nn1c(=O)c(Cc2ccco2)n[nH]c1=S
CTSK,Euclidean Search,0.17,O(C(C)(C)C)C(=O)N[C@H](C(NCC#N)=O)CC=1OC=CC1,Nn1c(=O)c(Cc2ccco2)n[nH]c1=S
CTSK,Euclidean Search,0.17,O(C(C)(C)C)C(=O)N[C@H](C(NCC#N)=O)CC=1OC=CC1,Nn1c(=O)c(Cc2ccco2)n[nH]c1=S
CTSK,Euclidean Search,0.28,C=1C(C[C@H](NC(=O)C=2C=CC(=CC2)C)C(=O)NCC#N)=CC=CC1Cl,Cc1ccc(cc1)C(=O)/N=c2/cccc[nH]2
CTSK,Euclidean Search,0.17,O(C(C)(C)C)C(=O)N[C@H](C(NCC#N)=O)CC=1OC=CC1,Nn1c(=O)c(Cc2ccco2)n[nH]c1=S
CTSK,Euclidean Search,0.17,O(C(C)(C)C)C(=O)N[C@H](C(NCC#N)=O)CC=1OC=CC1,Nn1c(=O)c(Cc2ccco2)n[nH]c1=S
CTSK,Euclidean Search,0.17,O(C(C)(C)C)C(=O)N[C@H](C(NCC#N)=O)CC=1OC=CC1,Nn1c(=O)c(Cc2ccco2)n[nH]c1=S
CTSK,Euclidean Search,0.17,O(C(C)(C)C)C(=O)N[C@H](C(NCC#N)=O)CC=1OC=CC1,Nn1c(=O)c(Cc2ccco2)n[nH]c1=S
CTSK,Euclidean Search,0.17,O(C(C)(C)C)C(=O)N[C@H](C(NCC#N)=O)CC=1OC=CC1,Nn1c(=O)c(Cc2ccco2)n[nH]c1=S
CTSK,Euclidean Search,0.27,S(N[C@H](C(N[C@@H](CC=1NC=2C=CC=CC2C1)C=O)=O)C(CC)C)(C=3C=4C(=CC=CC4)C=CC3)(=O)=O,CNC(=O)CCc1cc2ccccc2[nH]1
CTSK,Euclidean Search,0.17,O(C(C)(C)C)C(=O)N[C@H](C(NCC#N)=O)CC=1OC=CC1,Nn1c(=O)c(Cc2ccco2)n[nH]c1=S
CTSK,Euclidean Search,0.27,S(N[C@H](C(N[C@@H](CC=1NC=2C=CC=CC2C1)C=O)=O)C(CC)C)(C=3C=4C(=CC=CC4)C=CC3)(=O)=O,CNC(=O)CCc1cc2ccccc2[nH]1
CTSK,Euclidean Search,0.27,S(N[C@H](C(N[C@@H](CC=1NC=2C=CC=CC2C1)C=O)=O)C(CC)C)(C=3C=4C(=CC=CC4)C=CC3)(=O)=O,CNC(=O)CCc1cc2ccccc2[nH]1
CTSK,Euclidean Search,0.17,O(C(C)(C)C)C(=O)N[C@H](C(NCC#N)=O)CC=1OC=CC1,Nn1c(=O)c(Cc2ccco2)n[nH]c1=S
CTSK,Euclidean Search,0.17,O(C(C)(C)C)C(=O)N[C@H](C(NCC#N)=O)CC=1OC=CC1,Nn1c(=O)c(Cc2ccco2)n[nH]c1=S
CTSK,Euclidean Search,0.17,O(C(C)(C)C)C(=O)N[C@H](C(NCC#N)=O)CC=1OC=CC1,Nn1c(=O)c(Cc2ccco2)n[nH]c1=S
CTSK,Euclidean Search,0.17,O(C(C)(C)C)C(=O)N[C@H](C(NCC#N)=O)CC=1OC=CC1,Nn1c(=O)c(Cc2ccco2)n[nH]c1=S
CTSK,Euclidean Search,0.17,O(C(C)(C)C)C(=O)N[C@H](C(NCC#N)=O)CC=1OC=CC1,Nn1c(=O)c(Cc2ccco2)n[nH]c1=S
CTSK,Euclidean Search,0.17,O(C(C)(C)C)C(=O)N[C@H](C(NCC#N)=O)CC=1OC=CC1,Nn1c(=O)c(Cc2ccco2)n[nH]c1=S
CTSK,Euclidean Search,0.17,O(C(C)(C)C)C(=O)N[C@H](C(NCC#N)=O)CC=1OC=CC1,Nn1c(=O)c(Cc2ccco2)n[nH]c1=S
CTSK,Euclidean Search,0.17,O(C(C)(C)C)C(=O)N[C@H](C(NCC#N)=O)CC=1OC=CC1,Nn1c(=O)c(Cc2ccco2)n[nH]c1=S
CTSK,Euclidean Search,0.28,C=1C(C[C@H](NC(=O)C=2C=CC(=CC2)C)C(=O)NCC#N)=CC=CC1Cl,Cc1ccc(cc1)C(=O)/N=c2/cccc[nH]2
CTSK,Euclidean Search,0.17,O(C(C)(C)C)C(=O)N[C@H](C(NCC#N)=O)CC=1OC=CC1,Nn1c(=O)c(Cc2ccco2)n[nH]c1=S
CTSK,Euclidean Search,0.28,C=1C(C[C@H](NC(=O)C=2C=CC(=CC2)C)C(=O)NCC#N)=CC=CC1Cl,Cc1ccc(cc1)C(=O)/N=c2/cccc[nH]2
CTSK,Euclidean Search,0.17,O(C(C)(C)C)C(=O)N[C@H](C(NCC#N)=O)CC=1OC=CC1,Nn1c(=O)c(Cc2ccco2)n[nH]c1=S
CTSK,Euclidean Search,0.17,O(C(C)(C)C)C(=O)N[C@H](C(NCC#N)=O)CC=1OC=CC1,Nn1c(=O)c(Cc2ccco2)n[nH]c1=S
CTSK,Euclidean Search,0.17,O(C(C)(C)C)C(=O)N[C@H](C(NCC#N)=O)CC=1OC=CC1,Nn1c(=O)c(Cc2ccco2)n[nH]c1=S
CTSK,Euclidean Search,0.27,S(N[C@H](C(N[C@@H](CC=1NC=2C=CC=CC2C1)C=O)=O)C(CC)C)(C=3C=4C(=CC=CC4)C=CC3)(=O)=O,CNC(=O)CCc1cc2ccccc2[nH]1
CTSK,Euclidean Search,0.27,S(N[C@H](C(N[C@@H](CC=1NC=2C=CC=CC2C1)C=O)=O)C(CC)C)(C=3C=4C(=CC=CC4)C=CC3)(=O)=O,CNC(=O)CCc1cc2ccccc2[nH]1
CTSK,Euclidean Search,0.17,O(C(C)(C)C)C(=O)N[C@H](C(NCC#N)=O)CC=1OC=CC1,Nn1c(=O)c(Cc2ccco2)n[nH]c1=S
CTSK,Euclidean Search,0.17,O(C(C)(C)C)C(=O)N[C@H](C(NCC#N)=O)CC=1OC=CC1,Nn1c(=O)c(Cc2ccco2)n[nH]c1=S
CTSK,Euclidean Search,0.17,O(C(C)(C)C)C(=O)N[C@H](C(NCC#N)=O)CC=1OC=CC1,Nn1c(=O)c(Cc2ccco2)n[nH]c1=S
CTSK,Euclidean Search,0.17,O(C(C)(C)C)C(=O)N[C@H](C(NCC#N)=O)CC=1OC=CC1,Nn1c(=O)c(Cc2ccco2)n[nH]c1=S
CTSK,Euclidean Search,0.17,O(C(C)(C)C)C(=O)N[C@H](C(NCC#N)=O)CC=1OC=CC1,Nn1c(=O)c(Cc2ccco2)n[nH]c1=S
CTSK,Euclidean Search,0.17,O(C(C)(C)C)C(=O)N[C@H](C(NCC#N)=O)CC=1OC=CC1,Nn1c(=O)c(Cc2ccco2)n[nH]c1=S
CTSK,Euclidean Search,0.17,O(C(C)(C)C)C(=O)N[C@H](C(NCC#N)=O)CC=1OC=CC1,Nn1c(=O)c(Cc2ccco2)n[nH]c1=S
CTSK,Euclidean Search,0.27,S(N[C@H](C(N[C@@H](CC=1NC=2C=CC=CC2C1)C=O)=O)C(CC)C)(C=3C=4C(=CC=CC4)C=CC3)(=O)=O,CNC(=O)CCc1cc2ccccc2[nH]1
CTSK,Euclidean Search,0.17,O(C(C)(C)C)C(=O)N[C@H](C(NCC#N)=O)CC=1OC=CC1,Nn1c(=O)c(Cc2ccco2)n[nH]c1=S
CTSK,Euclidean Search,0.28,C=1C(C[C@H](NC(=O)C=2C=CC(=CC2)C)C(=O)NCC#N)=CC=CC1Cl,Cc1ccc(cc1)C(=O)/N=c2/cccc[nH]2
CTSK,Euclidean Search,0.28,C=1C(C[C@H](NC(=O)C=2C=CC(=CC2)C)C(=O)NCC#N)=CC=CC1Cl,Cc1ccc(cc1)C(=O)/N=c2/cccc[nH]2
CTSK,Euclidean Search,0.17,O(C(C)(C)C)C(=O)N[C@H](C(NCC#N)=O)CC=1OC=CC1,Nn1c(=O)c(Cc2ccco2)n[nH]c1=S
CTSK,Euclidean Search,0.27,S(N[C@H](C(N[C@@H](CC=1NC=2C=CC=CC2C1)C=O)=O)C(CC)C)(C=3C=4C(=CC=CC4)C=CC3)(=O)=O,CNC(=O)CCc1cc2ccccc2[nH]1
CTSK,Euclidean Search,0.17,O(C(C)(C)C)C(=O)N[C@H](C(NCC#N)=O)CC=1OC=CC1,Nn1c(=O)c(Cc2ccco2)n[nH]c1=S
CTSK,Euclidean Search,0.17,O(C(C)(C)C)C(=O)N[C@H](C(NCC#N)=O)CC=1OC=CC1,Nn1c(=O)c(Cc2ccco2)n[nH]c1=S
CTSK,Euclidean Search,0.28,C=1C(C[C@H](NC(=O)C=2C=CC(=CC2)C)C(=O)NCC#N)=CC=CC1Cl,Cc1ccc(cc1)C(=O)/N=c2/cccc[nH]2
CTSK,Euclidean Search,0.17,O(C(C)(C)C)C(=O)N[C@H](C(NCC#N)=O)CC=1OC=CC1,Nn1c(=O)c(Cc2ccco2)n[nH]c1=S
CTSK,Euclidean Search,0.17,O(C(C)(C)C)C(=O)N[C@H](C(NCC#N)=O)CC=1OC=CC1,Nn1c(=O)c(Cc2ccco2)n[nH]c1=S
CTSK,Euclidean Search,0.27,S(N[C@H](C(N[C@@H](CC=1NC=2C=CC=CC2C1)C=O)=O)C(CC)C)(C=3C=4C(=CC=CC4)C=CC3)(=O)=O,CNC(=O)CCc1cc2ccccc2[nH]1
CTSK,Euclidean Search,0.17,O(C(C)(C)C)C(=O)N[C@H](C(NCC#N)=O)CC=1OC=CC1,Nn1c(=O)c(Cc2ccco2)n[nH]c1=S
CTSK,Euclidean Search,0.17,O(C(C)(C)C)C(=O)N[C@H](C(NCC#N)=O)CC=1OC=CC1,Nn1c(=O)c(Cc2ccco2)n[nH]c1=S
CTSK,Euclidean Search,0.17,O(C(C)(C)C)C(=O)N[C@H](C(NCC#N)=O)CC=1OC=CC1,Nn1c(=O)c(Cc2ccco2)n[nH]c1=S
CTSK,Euclidean Search,0.27,S(N[C@H](C(N[C@@H](CC=1NC=2C=CC=CC2C1)C=O)=O)C(CC)C)(C=3C=4C(=CC=CC4)C=CC3)(=O)=O,CNC(=O)CCc1cc2ccccc2[nH]1
CTSK,Euclidean Search,0.27,S(N[C@H](C(N[C@@H](CC=1NC=2C=CC=CC2C1)C=O)=O)C(CC)C)(C=3C=4C(=CC=CC4)C=CC3)(=O)=O,CNC(=O)CCc1cc2ccccc2[nH]1
CTSK,Euclidean Search,0.17,O(C(C)(C)C)C(=O)N[C@H](C(NCC#N)=O)CC=1OC=CC1,Nn1c(=O)c(Cc2ccco2)n[nH]c1=S
CTSK,Euclidean Search,0.17,O(C(C)(C)C)C(=O)N[C@H](C(NCC#N)=O)CC=1OC=CC1,Nn1c(=O)c(Cc2ccco2)n[nH]c1=S
CTSK,Euclidean Search,0.17,O(C(C)(C)C)C(=O)N[C@H](C(NCC#N)=O)CC=1OC=CC1,Nn1c(=O)c(Cc2ccco2)n[nH]c1=S
CTSK,Euclidean Search,0.17,O(C(C)(C)C)C(=O)N[C@H](C(NCC#N)=O)CC=1OC=CC1,Nn1c(=O)c(Cc2ccco2)n[nH]c1=S
CTSK,Euclidean Search,0.17,O(C(C)(C)C)C(=O)N[C@H](C(NCC#N)=O)CC=1OC=CC1,Nn1c(=O)c(Cc2ccco2)n[nH]c1=S
CTSK,Euclidean Search,0.17,O(C(C)(C)C)C(=O)N[C@H](C(NCC#N)=O)CC=1OC=CC1,Nn1c(=O)c(Cc2ccco2)n[nH]c1=S
CTSK,Euclidean Search,0.17,O(C(C)(C)C)C(=O)N[C@H](C(NCC#N)=O)CC=1OC=CC1,Nn1c(=O)c(Cc2ccco2)n[nH]c1=S
CTSK,Euclidean Search,0.17,O(C(C)(C)C)C(=O)N[C@H](C(NCC#N)=O)CC=1OC=CC1,Nn1c(=O)c(Cc2ccco2)n[nH]c1=S
CTSK,Euclidean Search,0.27,S(N[C@H](C(N[C@@H](CC=1NC=2C=CC=CC2C1)C=O)=O)C(CC)C)(C=3C=4C(=CC=CC4)C=CC3)(=O)=O,CNC(=O)CCc1cc2ccccc2[nH]1
CTSK,Euclidean Search,0.17,O(C(C)(C)C)C(=O)N[C@H](C(NCC#N)=O)CC=1OC=CC1,Nn1c(=O)c(Cc2ccco2)n[nH]c1=S
CTSK,Euclidean Search,0.17,O(C(C)(C)C)C(=O)N[C@H](C(NCC#N)=O)CC=1OC=CC1,Nn1c(=O)c(Cc2ccco2)n[nH]c1=S
CTSK,Euclidean Search,0.27,S(N[C@H](C(N[C@@H](CC=1NC=2C=CC=CC2C1)C=O)=O)C(CC)C)(C=3C=4C(=CC=CC4)C=CC3)(=O)=O,CNC(=O)CCc1cc2ccccc2[nH]1
CTSK,Euclidean Search,0.17,O(C(C)(C)C)C(=O)N[C@H](C(NCC#N)=O)CC=1OC=CC1,Nn1c(=O)c(Cc2ccco2)n[nH]c1=S
CTSK,Euclidean Search,0.17,O(C(C)(C)C)C(=O)N[C@H](C(NCC#N)=O)CC=1OC=CC1,Nn1c(=O)c(Cc2ccco2)n[nH]c1=S
CTSK,Pre-trained hierVAE Generate,0.19,O=C(NCCC1=CC=CC=C1)C=2C(N(CC3CCCCC3)C)=NC(=NC2)C#N,CC1CN(C(C)CO)C(=O)c2c(c3ccccc3n2C)-c2ccccc2COC1CN(C)CC1CCCCC1
CTSK,Pre-trained hierVAE Generate,0.12,O=C(N[C@@H](C(C)C)C(=O)NNC(=O)N[C@@H](C)C(=O)NCC(=O)N)[C@@H](NC(=O)[C@@H](NC(OCC1=CC=CC=C1)=O)CCCNC(=N)N)CC(C)C,CNCCC(=O)NCCC(=O)NCCC(=O)NCCC(=O)NCCC(=O)NCCC(=O)NCCC(=O)NCCC(=O)NCCC(=O)NCCC(=O)NCCC(=O)NCCC(=O)NCCCNC(=O)C(C)(C)C
CTSK,Pre-trained hierVAE Generate,0.13,S(=O)(=O)(N(CC(=O)[C@@H](NC(=O)[C@@H](NC(=O)C=1OC=2C(C1)=CC=CC2)CC(C)C)C)C)C3=NC=CC=C3,CC(C)NC(=O)Nc1ccc2c(c1)OC(CN(C)Cc1ccccn1)C(C)CN(C(C)CO)S2(=O)=O
CTSK,Pre-trained hierVAE Generate,0.14,C(N1CCOCC1)C[C@H](NC([C@@H](NC(C2=CC(=CC=C2)OC)=O)CCC3CCCCC3)=O)CN4CCC5=C4C=CC(=C5)F,CC(C)(C)c1cccc(C(=O)NC(CCN2CCOCC2)C(=O)NCCCN2CCOCC2)c1
CTSK,Pre-trained hierVAE Generate,0.14,C([C@H](NC(=O)CC1=CC=C(C=C1)C=2C=CC=CC2)CSC)(N[C@@H](C(N[C@H](C(N[C@H](C(=O)NCCC=3C=CC=CC3)CC=4C=CC=CC4)=O)CC5=CC=CC=C5)=O)CCCN=C(N)N)=O,COC(=O)NC(Cc1ccccc1)C(=O)NC(Cc1ccccc1)C(=O)NC(Cc1ccccc1)C(=O)NC(Cc1ccccc1)C(=O)NC(Cc1ccccc1)C(=O)NC(Cc1ccccc1)C(=O)NCCCCNC(=N)N
CTSK,Pre-trained hierVAE Generate,0.06,C(N[C@H](C=O)CCCCCC)(OC(C)(C)C)=O,CCCCCCCCCCCCCCCCCCCCCCCC(=O)NCCCCCCCCCCCCCCC(=O)NCCO
CTSK,Pre-trained hierVAE Generate,0.1,C1N(C[C@@H](C1)NC(C=2C=CC(=CC2)F)=O)C#N,O=C(NC1CCC(C(=O)Nc2ccc(C(F)(F)F)cc2)CC1)c1ccc(F)cc1
CTSK,Pre-trained hierVAE Generate,0.12,C=1C(C[C@H](NC(=O)C=2C=CC=CC2)C(=O)NCC#N)=CC=CC1C3=CC=CN=C3,CC(C)(C)S(=O)N1Cc2cc(C(=O)NCc3ccccc3F)nc(-c3cccc(-c4cccnc4)c3)c2C1CCO
CTSK,Pre-trained hierVAE Generate,0.1,C=1C=CC(COC(N[C@H](C(N[C@H](C#N)CC2=CC=C(C=C2)C(F)(F)F)=O)CC(C)C)=O)=CC1,CC(C)NC(=O)Nc1ccc2c(c1)C(=O)N(C(C)CO)CC(C)C(CN(C)Cc1ccc(C(F)(F)F)cc1)OCCCCC(C)O2
CTSK,Pre-trained hierVAE Generate,0.13,C=1(C(Cl)=C(C=CC1OCC2=NC=CC=C2)C(NC(C(C(NC=3C=CN(N3)C)=O)=O)CCCC)=O)C(F)(F)F,CCCNCCCNC(=O)CC1CC2c3cc(NC(=O)Cc4ccccn4)ccc3OC2C(CO)O1
CTSK,Pre-trained hierVAE Generate,0.14,C(N[C@H](C(=O)NCCNC1=CC=C(C=C1)OC)CC(C)C)(C2=CC(OC)=CC=C2)=O,COc1cccc(C(=O)NCCCCNc2ccc(C)cc2C)c1
CTSK,Pre-trained hierVAE Generate,0.07,C=1(C=C(C=2C=C(CCC)N=C(C#N)N2)C=CC1OC(F)(F)F)C(F)(F)F,COc1ccc(CNC(=O)Nc2nc(C(F)(F)F)nc3ccc(C(F)(F)F)cc23)cc1OC
CTSK,Pre-trained hierVAE Generate,0.11,C(N[C@H](C(=O)NCCNC=1C=CC(=CC1)Cl)CC(C)C)(=O)OCC=2C=CC=CC2,CC(C)NC(=O)Nc1ccc2c(c1)C1CC(CC(=O)NCCc3ccccc3)OC(CO)C1O2
CTSK,Pre-trained hierVAE Generate,0.1,O1CCN(CC1)C(C[C@H](C(N[C@@H](C(C)C)CNC=2C=CC(=CC2)OC(F)(F)F)=O)CC3CCCC3)=O,CC(C)NC(=O)Nc1ccc2c(c1)C(=O)N(C(C)CO)CC(C)C(CN(C)C(=O)CCC(F)(F)F)OCCCCC(C)O2
CTSK,Pre-trained hierVAE Generate,0.13,O=C(NCC#N)[C@@H](NC(=O)C=1C=CC=CC1)CC2=CC=CC=C2,CC(C)(C)c1ccc(C(=O)NC(Cc2ccccc2)C(=O)O)cc1
CTSK,Pre-trained hierVAE Generate,0.12,C(N[C@H](C(=O)NCCNC=1C=CC(OCC(C)C)=CC1)CC(C)C)(C=2C=CC(=CC2)OC)=O,CC(C)COc1ccc(C(=O)Nc2ccc(C(=O)Nc3ccc(C(=O)O)c(O)c3)cc2)cc1
CTSK,Pre-trained hierVAE Generate,0.08,N(C(N1C(=O)[C@@H](OC(N[C@H](C(C(=O)NC=2C=CNN2)=O)CCCC)=O)C(C1)(C)C)=O)C3=CC=C(C=C3)C(F)(F)F,CCNC(=O)CC1CC2c3cc(NC(=O)Nc4ccc(C(F)(F)F)cc4)ccc3OC2C(CO)O1
CTSK,Pre-trained hierVAE Generate,0.09,S(=O)(=O)(C[C@H]1C(CCCC1)C(=O)NCC#N)C2=CC=C(SC)C=C2,CNCC1CC(NC(=O)Cc2ccc(S(=O)(=O)CC(F)(F)F)cc2)C(CO)O1
CTSK,Pre-trained hierVAE Generate,0.06,C(NC1C(=O)COC1)([C@@H](NC(C2=CC=C(C(C)(C)C)C=C2)=O)CC(C)C)=O,CC(C)(C)NS(=O)(=O)c1ccc(NC(=O)c2ccc(C(C)(C)C)cc2)cc1
CTSK,Pre-trained hierVAE Generate,0.17,C([C@@H](NC(=O)CC1=CC=C(C=C1)C2=CC=CC=C2)CS)(N[C@H](C(N[C@H](C(=O)NCCC3=CC=CC=C3)CC4=CC=C(C=C4)O)=O)CCCNC(=N)N)=O,CC(C)(C)c1ccc(C(=O)NC(Cc2ccccc2)C(=O)NC(CCCNC(=N)N)C(=O)NCc2ccc(C(=O)NCCCNCC(N)c3ccccc3)cc2)cc1
CTSK,Pre-trained hierVAE Generate,0.14,N1([C@H]2[C@H](N(C([C@@H](NC(C3=CC=C(C(C)(C)C)C=C3)=O)CC(C)C)=O)CC2)C(C1)=O)C(=O)C4=CC=CC=C4,CC(C)(C)c1ccc(C(=O)NC2CCC(C(=O)Nc3ccc(C(=O)Nc4ccccc4C(=O)Nc4ccccc4C(=O)NCc4ccccc4)cc3)CC2)cc1
CTSK,Pre-trained hierVAE Generate,0.14,O1CCN(CC1)C(N[C@H](C(NCCNC=2C=CC(=CC2)OC(F)(F)F)=O)CC(C)(C)C)=O,CC(COC(=O)CCC(=O)Nc1ccc(C(=O)NCCCN2CCOCC2)cc1)CC(C)(C)C
CTSK,Pre-trained hierVAE Generate,0.07,C(N[C@H](C(=O)NCCNC1=CC=C(OCC2=CC=NC=C2)C=C1)CC(C)C)(=O)OCC3=CC=CC=C3,COc1ccc(CNC(=O)CC2CC3c4cc(NC(=O)Cc5ccncc5)ccc4OC3C(CO)O2)cc1
CTSK,Pre-trained hierVAE Generate,0.14,S(=O)(=O)(NC1=CC=C(C(=O)N[C@@H](CC2(CCCC2)C)C(=O)N[C@H]3[C@@H](OCC3=O)CC)C=C1)C4=CC=C(N)C=C4,NC(=O)CCc1ccc(S(=O)(=O)Nc2ccc(C(=O)Nc3ccc(S(=O)(=O)O)cc3)cc2)cc1
CTSK,Pre-trained hierVAE Generate,0.1,C([C@H](NC(=O)CC1=CC=C(C=C1)C=2C=CC=CC2)CSC)(N[C@@H](C(N[C@H](C(N[C@H](C(=O)NCCC=3C=CC=CC3)CC=4C=CC=CC4)=O)CC5=CC=CC=C5)=O)CCCN=C(N)N)=O,COC(=O)NC(Cc1ccccc1)C(=O)NC(Cc1ccccc1)C(=O)NC(Cc1ccccc1)C(=O)NC(Cc1ccccc1)C(=O)NC(Cc1ccccc1)C(=O)NC(Cc1ccccc1)C(=O)NCCCCNC(=N)N
CTSK,Pre-trained hierVAE Generate,0.17,S(=O)(=O)(C1=CC=C(C2=CC=C(C3=CC=C([C@H](N[C@@H](CC(C)C)C(=O)NCC#N)C(F)(F)F)C=C3)C=C2)C=C1)C,CC(C)c1ccc(CNC(=O)c2cc3c(c(-c4ccc(-c5ccc(C#N)cc5)cc4)n2)C(CCO)N(S(=O)C(C)(C)C)C3)cc1
CTSK,Pre-trained hierVAE Generate,0.13,C1N(C[C@@H](C1)NC(C=2C=CC(=CC2)F)=O)C#N,O=C(NC1CCC(C(=O)Nc2ccc(C(F)(F)F)cc2)CC1)c1ccc(F)cc1
CTSK,Pre-trained hierVAE Generate,0.01,C=1C(C[C@H](NC(=O)C=2C=CC=CC2)C(=O)NCC#N)=CC=CC1C3=CC=CN=C3,CC(C)(C)S(=O)N1Cc2cc(C(=O)NCc3ccccc3F)nc(-c3cccc(-c4cccnc4)c3)c2C1CCO
CTSK,Pre-trained hierVAE Generate,0.03,O=C1N(CCCN2CCCCC2)C(=O)C(=NN1C=3C=C(C(C)C)C=CC3)C#N,CC(C)NC(=O)Nc1ccc(C(=O)NCCCN2CCCCC2)cc1
CTSK,Pre-trained hierVAE Generate,0.15,N1=C(N=CC=2C=C(N(CC(C)(C)C)C21)CC3=CC=C(C=C3)NS(N)(=O)=O)C#N,CC(C)(C)S(=O)Nc1ccc(-c2nc3cc(C#N)ccc3o2)cc1
CTSK,Pre-trained hierVAE Generate,0.2,C(N[C@H](C(=O)NCCNC1=CC=C(C=C1)OC)CC(C)C)(C2=CC(OC)=CC=C2)=O,COc1cccc(C(=O)NCCCCNc2ccc(C)cc2C)c1
CTSK,Pre-trained hierVAE Generate,0.12,O=C(N[C@@H](C(C)C)C(=O)NNC(=O)N[C@@H](C)C(=O)NCC(=O)N)[C@@H](NC(=O)[C@@H](NC(OCC1=CC=CC=C1)=O)CCCNC(=N)N)CC(C)C,CCCCCC(=O)NC(CCCCNC(=O)C(CC(C)C)NC(=O)CCc1ccccc1)C(=O)NC(CCCCN)C(=O)NC(CCCCN)C(=O)NCCCC
CTSK,Pre-trained hierVAE Generate,0.16,C1N(C[C@@H](C1)NC(C=2C=CC(=CC2)F)=O)C#N,CCNC(=O)CC1C=CC(NC(=O)c2ccc(F)cc2)C(CO)O1
CTSK,Pre-trained hierVAE Generate,0.11,C(N[C@H](C(=O)NCCNC1=CC=C(C=C1)OC)CC(C)C)(=O)C=2C=CC=CC2,O=C(NCCCN1CCOCC1)c1ccc(NC(=O)c2ccccc2)cc1
CTSK,Pre-trained hierVAE Generate,0.19,ClC1=CC(S(O)(=O)CC(=N[C@@H](C2=CC=C(F)C=C2)C(F)(F)F)C(=O)NC3(CC3)C#N)=CC=C1Cl,COC(CN(C)C(=O)c1ccc(F)cc1)C(C)CN(Cc1ccc(Cl)c(Cl)c1)C(C)CO
CTSK,Pre-trained hierVAE Generate,0.1,C(N[C@H](C(=O)NCCNC=1C=CC(OCC(C)C)=CC1)CC(C)C)(C=2C=CC(=CC2)OC)=O,CC(C)COc1ccc(C(=O)Nc2ccc(C(=O)Nc3ccc(C(=O)O)c(O)c3)cc2)cc1
CTSK,Pre-trained hierVAE Generate,0.13,N(C(N1C(=O)[C@@H](OC(N[C@H](C(C(=O)NC=2C=CNN2)=O)CCCC)=O)C(C1)(C)C)=O)C3=CC=C(C=C3)C(F)(F)F,CCNC(=O)CC1CC2c3cc(NC(=O)Nc4ccc(C(F)(F)F)cc4)ccc3OC2C(CO)O1
CTSK,Pre-trained hierVAE Generate,0.15,C=1(C=C(C(N[C@H](C(=O)N[C@H](CNC=2C=CC(=CC2)OC)C)CC(C)C)=O)C=CC1)C,CC(C)C(C)C(=O)Nc1ccc(OC(=O)c2ccc(O)c(O)c2)cc1
CTSK,Pre-trained hierVAE Generate,0.04,N(S(C1=CC=CC=C1C)(=O)=O)C=2C=CC(C(=O)N[C@H](C(N[C@@H]3C(CO[C@H]3CC)=O)=O)CC4(CCCC4)C)=CC2,Cc1ccc(C)c(S(=O)(=O)Nc2ccc(C(=O)Nc3ccccc3C(=O)NCCCC(=O)O)cc2)c1
CTSK,Pre-trained hierVAE Generate,0.13,N1(C2=CC=C(C=3C=C(C(C(=O)NCC#N)CC(C)C)C=CC3)C=C2)CCN(CC1)CCO,O=C(O)CCN1CCN(c2cc(F)ccc2F)CC1
CTSK,Pre-trained hierVAE Generate,0.07,C1=CC=C(C(=O)N[C@H](C(N[C@@H]2C(=O)CN([C@@H](CC2)C)C(=O)C3=NC=CC=C3)=O)CC(C)C)O1,COC1CN(C)C(=O)c2cc(NC(=O)NC(C)C)ccc2OCC(C)N(C(=O)c2ccccn2)CC1C
CTSK,Pre-trained hierVAE Generate,0.24,C(N[C@H](C(=O)NCCNC=1C=CC(OCC(C)C)=CC1)CC(C)C)(C=2C=CC(=CC2)OC)=O,CC(C)COc1ccc(C(=O)N2CCN(CC(=O)Nc3ccc(C(F)(F)F)cc3)CC2)cc1
CTSK,Pre-trained hierVAE Generate,0.14,N(S(C1=CC=CC=C1F)(=O)=O)C=2C=CC(C(=O)N[C@H](C(N[C@@H]3C(CO[C@H]3CC)=O)=O)CC4(CCCC4)C)=CC2,CC(NC(=O)CC1CC2c3cc(NS(=O)(=O)c4ccccc4F)ccc3OC2C(CO)O1)c1ccccc1
CTSK,Pre-trained hierVAE Generate,0.15,C(C)(C)(C)OC(=O)N=C(CNNC(=O)NCCC1=CC=CC=C1)CCCC,CCCCCC(=O)Nc1ccc2c(c1)C1CC(CC(=O)NCCc3ccccc3)OC(CO)C1O2
CTSK,Pre-trained hierVAE Generate,0.11,[C@@H](C1=CC=C(C=C1)C2=CC=CC=C2F)(N[C@@H](CC(C)C)C(=O)NCC#N)C(F)(F)F,CC1CN(C(C)CO)C(=O)c2c(c3ccccc3n2C)-c2ccccc2COC1CN(C)C(=O)CCC(F)(F)F
CTSK,Pre-trained hierVAE Generate,0.04,S1C2=C(N=C1SCC(=O)C=3C=CC=CC3)C=CC(NC(=O)C4=CC=C(OC)C=C4)=C2,CNCC1Oc2ccc(NC(=O)c3ccccc3)cc2C(=O)N(C(C)CO)CC1C
CTSK,Pre-trained hierVAE Generate,0.16,C1N(C[C@@H](C1)NC(C=2C=CC(=CC2)F)=O)C#N,O=C(NC1CCC(C(=O)Nc2ccc(C(F)(F)F)cc2)CC1)c1ccc(F)cc1
CTSK,Pre-trained hierVAE Generate,0.17,C=1C(C[C@H](NC(=O)C=2C=CC=CC2)C(=O)NCC#N)=CC=CC1C3=CC=CN=C3,CC1CN(C(C)CO)S(=O)(=O)c2ccc(-c3ccccc3C#N)cc2OC1CN(C)C(=O)c1cccnc1
CTSK,Pre-trained hierVAE Generate,0.02,N1([C@H](C(N[C@H](/C=C/C2=CC=CC=C2)[C@H](CC)C)=O)CCCC1)CC(C3=CC=4OCOC4C=C3)=O,CC(NC(=O)CC1C=CC(NC(=O)c2ccc3c(c2)OCO3)C(CO)O1)c1ccccc1
CTSK,Pre-trained hierVAE Generate,0.08,C(N[C@H](C=O)CCCC)(OC(CC1=CC=C(C=C1)OC)(C)C)=O,CCCCCCCCCCCCCCC(=O)Nc1ccc(OC)cc1
CTSK,Pre-trained hierVAE Generate,0.08,C(N[C@H](C(=O)NCCNC=1C=CC(=CC1)OC)CC(C)C)(C=2C=CC(=CC2)CC)=O,COc1ccc(CNC(=O)CC2CCC(NC(=O)c3ccc(F)cc3)C(CO)O2)cc1
CTSK,Pre-trained hierVAE Generate,0.13,C1N(C[C@@H](C1)NC(C=2C=CC(=CC2)F)=O)C#N,CCNC(=O)CC1C=CC(NC(=O)c2ccc(F)cc2)C(CO)O1
CTSK,Pre-trained hierVAE Generate,0.17,O(C(CC(C)C)C(=O)NCCNC=1C=CC(OC)=CC1)C=2C(C3=CC=CC=C3)=CC=CC2,CC1CN(C(C)CO)C(=O)c2c(c3ccccc3n2C)-c2ccccc2COC1CN(C)C(=O)c1ccc(F)cc1
CTSK,Pre-trained hierVAE Generate,0.21,C(N[C@H](C(=O)NCCNC1=CC=C(C=C1)OC)CC2=C(Cl)C=CC=C2)(C3=CC(C)=CC=C3)=O,Cc1cccc(S(=O)(=O)Nc2ccc3c(c2)C2CC(CC(=O)NCc4ccccc4F)OC(CO)C2O3)c1
CTSK,Pre-trained hierVAE Generate,0.16,N1([C@H]2[C@H](N(C([C@@H](NC(C3=CC=C(C(C)(C)C)C=C3)=O)CC(C)C)=O)CC2)C(C1)=O)C(=O)C4=CC=CC=C4,CC(C)(C)c1ccc(C(=O)Nc2ccccc2C(=O)Nc2ccc(C(=O)O)cc2)cc1
CTSK,Pre-trained hierVAE Generate,0.25,C(N[C@H](C(=O)NCCNC=1C=CC(OCC(C)C)=CC1)CC(C)C)(C=2C=CC(=CC2)OC)=O,CC(C)COc1ccc(C(=O)Nc2ccc(C(=O)Nc3ccc(C(=O)O)c(O)c3)cc2)cc1
CTSK,Pre-trained hierVAE Generate,0.12,N(C(N1C(=O)[C@@H](OC(N[C@H](C(C(=O)NC=2C=CNN2)=O)CCCC)=O)C(C1)(C)C)=O)C3=CC=C(C=C3)C(F)(F)F,CCNC(=O)CC1CC2c3cc(NC(=O)Nc4ccc(C(F)(F)F)cc4)ccc3OC2C(CO)O1
CTSK,Pre-trained hierVAE Generate,0.17,O=C(NCCNC=1C=CC(OC)=CC1)[C@@H](NC(=O)C2=CC(=CC=C2)C)CC3=CC=CC=C3,COc1ccc(S(=O)(=O)Nc2ccc3c(c2)C2CC(CC(=O)NCCc4ccccc4)OC(CO)C2O3)cc1
CTSK,Pre-trained hierVAE Generate,0.01,N(S(C1=CC=CC=C1C)(=O)=O)C=2C=CC(C(=O)N[C@H](C(N[C@@H]3C(CO[C@H]3CC)=O)=O)CC4(CCCC4)C)=CC2,Cc1ccc(C)c(S(=O)(=O)Nc2ccc(C(=O)Nc3ccccc3C(=O)NCCCC(=O)O)cc2)c1
CTSK,Pre-trained hierVAE Generate,0.12,C1=CC(=CC=C1F)C(NC2=CC=C(C=C2)C3=NN(N=N3)CC(NC=4C=C(ON4)C)=O)=O,O=C(O)c1ccc(NC(=O)c2ccc(F)cc2)cc1
CTSK,Pre-trained hierVAE Generate,0.14,N1([C@H](C(N[C@H](/C=C/C2=CC=CC=C2)[C@H](CC)C)=O)CCCC1)CC(C3=CC=4OCOC4C=C3)=O,COc1ccc(CNC(=O)CC2CCC(NC(=O)c3ccc4c(c3)OCO4)C(CO)O2)cc1
CTSK,Pre-trained hierVAE Generate,0.13,C(N[C@H](C(=O)NCCNC=1C=CC(OCC(C)C)=CC1)CC(C)C)(C=2C=CC(=CC2)OC)=O,CC(C)COc1ccc(C(=O)N2CCN(CC(=O)Nc3ccc(C(F)(F)F)cc3)CC2)cc1
CTSK,Pre-trained hierVAE Generate,0.05,N(C(N1C(=O)[C@@H](OC(N[C@H](C(C(=O)NC=2C=CNN2)=O)CCCC)=O)C(C1)(C)C)=O)C3=CC=C(C=C3)C(F)(F)F,CC(C)(C)C(NC(=O)CCCCCCC(=O)Nc1ccc(C(F)(F)F)cc1)C(=O)N1CCC(C(=O)O)C1
CTSK,Pre-trained hierVAE Generate,0.12,C(N[C@H](C(=O)NCCNC1=CC=C(OCC2=CC=NC=C2)C=C1)CC(C)C)(=O)OCC3=CC=CC=C3,CC1CN(C(C)CO)S(=O)(=O)c2ccc(C=Cc3ccccc3)cc2OC1CN(C)Cc1ccncc1
CTSK,Pre-trained hierVAE Generate,0.13,[C@@H](CC1=CC=CC=C1)(C)OC(=O)N=C(CCCC)CNNC(=O)N2CCOCC2,CCCCCC#Cc1ccc2c(c1)OC(CN(C)CC1CCOCC1)C(C)CN(C(C)CO)S2(=O)=O
CTSK,Pre-trained hierVAE Generate,0.09,N1([C@H](C(N[C@H](/C=C/C2=CC=CC=C2)[C@H](CC)C)=O)CCCC1)CC(C3=CC=4OCOC4C=C3)=O,COC(CN(C)C(=O)c1ccc2c(c1)OCO2)C(C)CN(Cc1ccc(Cl)cc1)C(C)CO
CTSK,Pre-trained hierVAE Generate,0.15,C(N[C@H](C(=O)NCCNC=1C=CC(=CC1)OC)CC(C)C)(C=2C=CC(=CC2)C)=O,Cc1ccc(C(=O)OCCOc2ccc(C(C)(C)C)cc2)cc1
CTSK,Pre-trained hierVAE Generate,0.05,C(N[C@H](C=O)CCCCCC)(OC(C)(C)C)=O,CCCCCCCCCCCCCCCCCCC(=O)O
CTSK,Pre-trained hierVAE Generate,0.13,S(C1=CC=C(C(N[C@H](C(NC2C(=O)COC2)=O)CC(C)C)=O)C=C1)(=O)(=O)C,CNC(=O)C(NC(=O)c1ccc(S(=O)(=O)NC(C)(C)C)cc1)C(C)(C)C
CTSK,Pre-trained hierVAE Generate,0.17,C(N[C@H](C(=O)NCCNC=1C=CC(=CC1)Cl)CC(C)C)(=O)OCC=2C=CC=CC2,CC(C)NC(=O)Nc1ccc2c(c1)C1CC(CC(=O)NCCc3ccccc3)OC(CO)C1O2
CTSK,Pre-trained hierVAE Generate,0.1,C=1(C=C(C=C(C1)C(=O)N(C)CC2=CC=CC=C2)C3=NC(C#N)=NC(CCC)=C3)C(F)(F)F,CC1CN(C(C)CO)S(=O)(=O)c2ccc(-c3cccc(C#N)c3)cc2OC1CN(C)C(=O)c1cccc(C(F)(F)F)c1
CTSK,Pre-trained hierVAE Generate,0.09,FC(F)(F)[C@@H](N[C@@H](CC(C)C)C(=O)NCC#N)C1=CC=C(C=C1)C2=CC=C(C=C2)C,Cc1ccc(-c2ccc(C(C)(C)C(=O)O)cc2)cc1
CTSK,Pre-trained hierVAE Generate,0.11,O(C(CC(C)C)C(=O)NCCNC=1C=CC(OC)=CC1)C=2C(C3=CC=CC=C3)=CC=CC2,CC1CN(C(C)CO)C(=O)c2c(c3ccccc3n2C)-c2ccccc2COC1CN(C)C(=O)c1ccc(F)cc1
CTSK,Pre-trained hierVAE Generate,0.08,C(N[C@H](C(=O)NCCNC1=CC=C(C=C1)OC)CC2=C(Cl)C=CC=C2)(C3=CC(C)=CC=C3)=O,Cc1cccc(S(=O)(=O)Nc2ccc3c(c2)C2CC(CC(=O)NCc4ccccc4F)OC(CO)C2O3)c1
CTSK,Pre-trained hierVAE Generate,0.14,C=1C(C[C@H](NC(=O)C=2C=CC=CC2)C(=O)NCC#N)=CC=CC1C3=CC=CN=C3,CC1CN(C(C)CO)S(=O)(=O)c2ccc(-c3cccc(C#N)c3)cc2OC1CN(C)Cc1cccnc1
CTSK,Pre-trained hierVAE Generate,0.19,O=C(NCCC1=CC=CC=C1)C=2C(N(CC3CCCCC3)C)=NC(=NC2)C#N,CC1CN(C(C)CO)C(=O)c2c(c3ccccc3n2C)-c2ccccc2COC1CN(C)CC1CCCCC1
CTSK,Pre-trained hierVAE Generate,0.12,C=1C=CC(COC(N[C@H](C(N[C@H](C#N)CC2=CC=C(C=C2)C(F)(F)F)=O)CC(C)C)=O)=CC1,CC1CN(C(C)CO)C(=O)c2c(c3ccccc3n2C)-c2ccccc2COC1CN(C)Cc1ccc(C(F)(F)F)cc1
CTSK,Pre-trained hierVAE Generate,0.09,C=1(C=C(C(N[C@H](C(=O)N[C@H](CNC=2C=CC(=CC2)OC)C)CC(C)C)=O)C=CC1)C,CC(C)C(C)C(=O)Nc1ccc(OC(=O)c2ccc(O)c(O)c2)cc1
CTSK,Pre-trained hierVAE Generate,0.13,C(NC1C(=O)COC1)([C@@H](NC(C2=CC=C(C(C)(C)C)C=C2)=O)CC(C)C)=O,Cc1cc(NC(=O)COC(=O)c2ccc(C(C)(C)C)cc2)ccc1C(=O)O
CTSK,Pre-trained hierVAE Generate,0.19,C(N[C@H](C(=O)NCCNC1=CC=C(C=C1)OC)CC(C)C)(=O)C=2C=CC=CC2,CC(C)NCCOc1ccccc1C(=O)Nc1ccc(C(=O)O)cc1
CTSK,Pre-trained hierVAE Generate,0.05,FC(F)(F)[C@@H](N[C@@H](CC(C)C)C(=O)NCC#N)C1=CC=C(C=C1)C2=CC=C(C=C2)C,Cc1ccc(-c2ccc(C(=O)NCc3ccc(C(F)(F)F)cc3)cc2)cc1
CTSK,Pre-trained hierVAE Generate,0.05,N([C@H](CNC1=CC=C(OC(F)(F)F)C=C1)C)C([C@H](CC2CCCCC2)NC(=O)N3CCOCC3)=O,CC1CCCCOC(CN(C)C(=O)Nc2ccc(C(F)(F)F)cc2)C(C)CN(C(C)CO)C(=O)c2cc(NC(=O)CCN3CCOCC3)ccc2O1
CTSK,Pre-trained hierVAE Generate,0.02,S(=O)(=O)(NC=1C=CC(C(=O)N[C@@H](CC2(CCCC2)C)C(=O)N[C@H]3[C@@H](OCC3=O)CC)=CC1)C4=CC=C(OC)C=C4,COc1ccc(S(=O)(=O)N(C)CC2OCCCCC(C)Oc3ccc(NC(=O)CCC(F)(F)F)cc3C(=O)N(C(C)CO)CC2C)cc1
CTSK,Pre-trained hierVAE Generate,0.06,C(N1CCOCC1)C[C@H](NC([C@@H](NC(C2=CC(=CC=C2)OC)=O)CCC3CCCCC3)=O)CN4CCC5=C4C=CC(=C5)F,CC(C)(C)c1cccc(C(=O)NC(CCN2CCOCC2)C(=O)NCCCN2CCOCC2)c1
CTSK,Pre-trained hierVAE Generate,0.11,C([C@H](NC(=O)CC1=CC=C(C=C1)C=2C=CC=CC2)CSC)(N[C@@H](C(N[C@H](C(N[C@H](C(=O)NCCC=3C=CC=CC3)CC=4C=CC=CC4)=O)CC5=CC=CC=C5)=O)CCCN=C(N)N)=O,COC(=O)NC(Cc1ccccc1)C(=O)NC(Cc1ccccc1)C(=O)NC(Cc1ccccc1)C(=O)NC(Cc1ccccc1)C(=O)NC(Cc1ccccc1)C(=O)NC(Cc1ccccc1)C(=O)NCCCCNC(=N)N
CTSK,Pre-trained hierVAE Generate,0.1,C([C@@H](NC(=O)CC1=CC=C(C=C1)C2=CC=CC=C2)CS)(N[C@H](C(N[C@H](C(=O)NCCC3=CC=CC=C3)CC4=CC=C(C=C4)O)=O)CCCNC(=N)N)=O,CNCCCCNC(=O)C(Cc1ccccc1)NC(=O)C(CCCNC(=N)N)NC(=O)C(Cc1ccccc1)NC(=O)C(NC(=O)CCN(CC(=O)O)c1ccc(F)cc1)C(C)(C)C
CTSK,Pre-trained hierVAE Generate,0.17,C1=CC=C(C=C1)COC(NC(CN2CC(C(C2)=O)NC(=O)C(NC(OCC3=CC=NC=C3)=O)CC(C)C)CC(C)C)=O,CC(C)NC(=O)Nc1ccc2c(c1)OC(CN(C)Cc1ccncc1)C(C)CN(C(C)CO)S2(=O)=O
CTSK,Pre-trained hierVAE Generate,0.13,N(S(C1=CC=NC=C1)(=O)=O)C2=CC=C(C(=O)N[C@H](C(N[C@@H]3C(CO[C@H]3CC)=O)=O)CC4(CCCC4)C)C=C2,CCCNC(=O)CC1CC2c3cc(NC(=O)c4ccncc4)ccc3OC2C(CO)O1
CTSK,Pre-trained hierVAE Generate,0.13,S(=O)(=O)(NC=1C=CC(C(=O)N[C@@H](CC2(CCCC2)C)C(=O)N[C@H]3[C@@H](OCC3=O)CC)=CC1)C4=CC=C(OC)C=C4,COc1ccc(S(=O)(=O)N(C)CC2OCCCCC(C)Oc3ccc(NC(=O)CCC(F)(F)F)cc3C(=O)N(C(C)CO)CC2C)cc1
CTSK,Pre-trained hierVAE Generate,0.02,C1N(C[C@@H](C1)NC(C=2C=CC(=CC2)F)=O)C#N,CCNC(=O)CC1C=CC(NC(=O)c2ccc(F)cc2)C(CO)O1
CTSK,Pre-trained hierVAE Generate,0.07,C(N[C@H](C=O)CCCCCC)(OC(C)(C)C)=O,CCCCCCCCCCCCCCCCCCCCCCCCCCC(O)C(O)C(O)CO
CTSK,Pre-trained hierVAE Generate,0,C1N(C[C@@H](C1)NC(C=2C=CC(=CC2)F)=O)C#N,CCNC(=O)CC1C=CC(NC(=O)c2ccc(F)cc2)C(CO)O1
CTSK,Pre-trained hierVAE Generate,0.13,S1C2=C(N=C1SCC(=O)C=3C=CC=CC3)C=CC(NC(=O)C4=CC=C(OC)C=C4)=C2,COc1ccc(CCC(=O)Nc2cccc(C(=O)c3cccc(C(F)(F)F)c3)c2)cc1OC
CTSK,Pre-trained hierVAE Generate,0.15,O=C(N[C@@H](CC=1C=CC(O)=CC1)C=O)[C@@H](NC(OCC2=CC=CC=C2)=O)CC3=CC=CC=C3,COc1ccc(CC(NC(=O)C(Cc2ccc(O)cc2)NC(=O)CCc2ccc(F)cc2)C(C)C(C)(C)C)cc1
CTSK,Pre-trained hierVAE Generate,0.32,S1C2=C(N=C1SCC(=O)C=3C=CC=CC3)C=CC(NC(=O)C4=CC=C(OC)C=C4)=C2,COc1ccc(C(=O)Nc2ccc3c(c2)C(=O)N(C)CC(OC)C(C)CN(C(=O)c2ccc(F)cc2)C(C)CO3)cc1
CTSK,Pre-trained hierVAE Generate,0.1,C(N[C@H](C(=O)NCCNC1=CC=C(C=C1)OC)CC(C)(C)C)(C2=CC(C)=CC=C2)=O,Cc1ccc(NC(=O)N2C(CO)C(C(=O)NCCC(=O)NC(C(=O)Nc3cccc(C(=O)O)c3)C(C)(C)C)C3Cn4c(ccc(-c5cncnc5)c4=O)C32)cc1
CTSK,Pre-trained hierVAE Generate,0.05,O([C@H](CC1CCCCC1)C)C(=O)N[C@@H](CCCC)C(=O)C=2N=C(ON2)C,CCCNC(=O)N(C)CC1OCc2cn(nn2)CCCC(=O)N(C(C)CO)CC1C
CTSK,Pre-trained hierVAE Generate,0.14,C1=CC=C(C(=O)N[C@H](C(N[C@@H]2C(=O)CN([C@@H](CC2)C)C(=O)C3=NC=CC=C3)=O)CC(C)C)O1,CCCCCC(=O)Nc1ccc2c(c1)C(=O)N(C)CC(OC)C(C)CN(C(=O)c1ccccn1)C(C)CO2
CTSK,Pre-trained hierVAE Generate,0.11,C(NC1C(=O)COC1)([C@@H](NC(C2=CC=C(C(C)(C)C)C=C2)=O)CC(C)C)=O,CC(C)(C)NS(=O)(=O)c1ccc(NC(=O)c2ccc(C(C)(C)C)cc2)cc1
CTSK,Pre-trained hierVAE Generate,0.07,C([C@@H](NC(=O)CC1=CC=C(C=C1)C2=CC=CC=C2)CS)(N[C@H](C(N[C@H](C(=O)NCCC3=CC=CC=C3)CC4=CC=C(C=C4)O)=O)CCCNC(=N)N)=O,CC(C)(C)c1ccc(C(=O)NC(Cc2ccccc2)C(=O)NC(CCCNC(=N)N)C(=O)NCc2ccc(C(=O)NCCCNCC(N)c3ccccc3)cc2)cc1
CTSK,Ours,0.42,S(=O)(=O)(NC=1C=CC(C(=O)N[C@@H](CC2(CCCC2)C)C(=O)N[C@H]3[C@@H](OCC3=O)CC)=CC1)C4=CC=C(OC)C=C4,CCCNC(=O)N1CC(C)C(OC)CN(C)C(=O)c2cc(NS(=O)(=O)c3ccc(C)cc3)ccc2OCC1C
CTSK,Ours,0.42,C=1C=CC(COC(N[C@H](C(N[C@H](C#N)CC2=CC=C(C=C2)C(F)(F)F)=O)CC(C)C)=O)=CC1,COC(CN(C)Cc1ccc(C(F)(F)F)cc1)C(C)CN(C(=O)c1cccc(Cl)c1)C(C)CO
CTSK,Ours,0.42,C(NC1C(=O)COCC1)([C@@H](NC(=O)CC2=CC(OC)=C(C=C2)OC)CC(C)C)=O,CCCC(=O)Nc1ccc2c(c1)C(=O)N(C)CC(OC)C(C)CN(CCC)C(C)CO2
CTSK,Ours,0.41,C1=CC=C(N=C1NC2CCCCC2)C#N,Cn1c(NC2CCCCC2)nc2ccc(C#N)cc21
CTSK,Ours,0.41,C(C(=O)NCC#N)(C1=CC(C=2C=CC(C(=O)N)=CC2)=CC=C1)CC(C)C,CC1CN(C(C)CO)S(=O)(=O)c2ccc(-c3cccc(C#N)c3)cc2OC1CN(C)Cc1ccc(C(=O)O)cc1
CTSK,Ours,0.4,S(=O)(=O)(NC=1C=CC(C(=O)N[C@@H](CC2(CCCC2)C)C(=O)N[C@H]3[C@@H](OCC3=O)CC)=CC1)C4=CC=C(F)C=C4,CC1CN(C(C)CO)C(=O)Cc2cc(NS(=O)(=O)c3ccc(F)cc3)ccc2OC1CN(C)Cc1ccc(C(F)(F)F)cc1
CTSK,Ours,0.4,C=1C(C[C@H](NC(=O)C2=CC(=CC=C2)Cl)C(=O)NCC#N)=CC=CC1Cl,CC(C)(C)c1cccc(C(=O)Nc2cccc(C(=O)NC(CCCNC(=O)c3cccc(Cl)c3)C(=O)O)c2)c1
CTSK,Ours,0.4,C1(=O)C(C#N)=NN(C(=O)N1C2CCCC2)C=3C=C(C=CC3)C(F)(F)F,Cn1cc(-c2ccc(C(F)(F)F)cc2)c(=O)n(C2CCCCC2)c1=O
CTSK,Ours,0.39,S(=O)(=O)(NC=1C=CC(C(=O)N[C@@H](CC2(CCCC2)C)C(=O)N[C@H]3[C@@H](OCC3=O)CC)=CC1)C4=CC=C(OC)C=C4,COc1ccc(S(=O)(=O)Nc2ccc3c(c2)C2CC(CC(=O)NCc4ccccc4F)OC(CO)C2O3)cc1
CTSK,Ours,0.39,C1N(C(=O)NC=2C=CC(=CC2)C(F)(F)F)C(=O)[C@@H](OC(N[C@H](C(C(=O)N[C@@H](C=3C=CC=CC3)C)=O)CCCC)=O)C1(C)C,CC(NC(=O)CC1CCC(NC(=O)Nc2ccc(C(F)(F)F)cc2)C(CO)O1)c1ccccc1
CTSK,Ours,0.39,C1N(C(=O)NC=2C=CC(=CC2)C(F)(F)F)C(=O)[C@@H](OC(N[C@H](C(C(=O)N[C@@H](C=3C=CC=CC3)C)=O)CCCC)=O)C1(C)C,CC(NC(=O)CC1CCC(NC(=O)Nc2ccc(C(F)(F)F)cc2)C(CO)O1)c1ccccc1
CTSK,Ours,0.39,C1N(C(=O)NC=2C=CC(=CC2)C(F)(F)F)C(=O)[C@@H](OC(N[C@H](C(C(=O)N[C@@H](C=3C=CC=CC3)C)=O)CCCC)=O)C1(C)C,CC(NC(=O)CC1CCC(NC(=O)Nc2ccc(C(F)(F)F)cc2)C(CO)O1)c1ccccc1
CTSK,Ours,0.39,C1N(C(=O)NC=2C=CC(=CC2)C(F)(F)F)C(=O)[C@@H](OC(N[C@H](C(C(=O)N[C@@H](C=3C=CC=CC3)C)=O)CCCC)=O)C1(C)C,CC(NC(=O)CC1CCC(NC(=O)Nc2ccc(C(F)(F)F)cc2)C(CO)O1)c1ccccc1
CTSK,Ours,0.39,C([C@@H](NC(=O)CC1=CC=C(C=C1)C2=CC=CC=C2)CS)(N[C@H](C(N[C@H](C(=O)NCCC3=CC=CC=C3)CC4=CC=C(C=C4)O)=O)CCCNC(=N)N)=O,CC(C(Cc1ccc(-c2ccc(C(F)(F)F)cc2)cc1)NC(=O)CC(C(=O)NCCCCNC(=O)CCc1ccccc1)c1ccccc1)C(C)(C)C
CTSK,Ours,0.38,S(=O)(=O)(NC=1C=CC(C(=O)N[C@@H](CC2(CCCC2)C)C(=O)N[C@H]3[C@@H](OCC3=O)CC)=CC1)C4=CC=C(C=C4)C#N,CC1CCCCOC(CN(C)C(=O)NC2CCCCC2)C(C)CN(C(C)CO)C(=O)c2cc(NS(=O)(=O)c3ccc(C#N)cc3)ccc2O1
CTSK,Ours,0.38,O(C1=CC=C(CC=2N(CCC3CCCCC3)C4=NC(=NC=C4C2)C#N)C=C1)C,COc1ccc(CN(C)CC2OCc3cn(nn3)CCCC(=O)N(C(C)CO)CC2C)cc1
CTSK,Ours,0.38,FC(F)(F)C=1C=C(C=2NC(=C3N=CN=C3C2)C#N)C=CC1,CN(C)c1ncnc2ccc(-c3cccc(C(F)(F)F)c3)cc12
CTSK,Ours,0.38,FC(F)(F)C=1C=C(C=2NC(=C3N=CN=C3C2)C#N)C=CC1,CN(C)c1ncnc2ccc(-c3cccc(C(F)(F)F)c3)cc12
CTSK,Ours,0.37,O=C(N[C@@H](C(C)C)C(=O)NNC(=O)N[C@@H](C)C(=O)NCC(=O)N)[C@@H](NC(=O)[C@@H](NC(OCC1=CC=CC=C1)=O)CCCNC(=N)N)CC(C)C,CCCCNC(=O)C(CCCNC(=N)N)NC(=O)C(CCCNC(=N)N)NC(=O)C(CCCNC(=N)N)NC(=O)C(Cc1ccccc1)NC(=O)CCC(C)(C)C
CTSK,Ours,0.37,O(C1(CCCCC1)C(=O)NCCNC=2C=CC(OC)=CC2)C3=CC=C(C=C3)C4=CC=CC=C4,COc1ccc(NC(=O)NC2CCC(CCn3cc(-c4ccc(-c5ccccc5)cc4)nn3)OC2CO)cc1
CTSK,Ours,0.37,FC=1C(C[C@H](NC(OC(C)(C)C)=O)C(=O)NCC#N)=CC=CC1,COC1CN(C)C(=O)c2cc(NC(=O)NC(C)C)ccc2OCC(C)N(Cc2ccccc2F)CC1C
CTSK,Ours,0.37,C=1C(C[C@H](NC(=O)C=2C=CC=CC2)C(=O)NCC#N)=CC=CC1C3=CC=CN=C3,O=C(NCCNC(=O)c1cccnc1)c1ccccc1
CTSK,Ours,0.37,C=1C(C[C@H](NC(=O)C=2C=CC=CC2)C(=O)NCC#N)=CC=CC1C3=CC=CN=C3,O=C(NCCNC(=O)c1cccnc1)c1ccccc1
CTSK,Ours,0.37,C=1C(C[C@H](NC(=O)C=2C=CC=CC2)C(=O)NCC#N)=CC=CC1C3=CC=CN=C3,O=C(NCCNC(=O)c1cccnc1)c1ccccc1
CTSK,Ours,0.37,C(N[C@H](C(=O)NCCNC1=CC=C(OCC2=CC=CC=C2)C=C1)CC(C)C)(C3=CC=C(C=C3)CC)=O,CC(C)(C)c1ccc(C(=O)Nc2ccccc2C(=O)Nc2ccc(C(=O)O)cc2C(=O)NCCCNCc2ccc(OCc3ccccc3Cl)cc2)cc1
CTSK,Ours,0.36,[C@@H](C1=CC=C(C=C1)C2=CC=CC=C2F)(N[C@@H](CC(C)C)C(=O)NCC#N)C(F)(F)F,CC1CN(C(C)CO)C(=O)c2c(c3ccccc3n2C)-c2ccccc2COC1CN(C)C(=O)CCC(F)(F)F
CTSK,Ours,0.36,O=C(N[C@@H](C(C)C)C(OC)=O)[C@@H](NC(=O)NNC(=O)[C@@H](NC(=O)[C@@H](NC(=O)[C@@H](NC(OCC1=CC=CC=C1)=O)C)CC(C)C)CC2=CC=C(OC)C=C2)[C@H](CC)C,CCCCNC(=O)C(CC(C)C)NC(=O)C(Cc1ccc(O)cc1)NC(=O)C(CC(C)C)NC(=O)C(Cc1ccccc1)NC(=O)C(Cc1ccc(F)cc1)NC(=O)C1CCCN1S(=O)C(C)(C)C
CTSK,Ours,0.36,O1CCN(CC1)C(C[C@H](C(N[C@H](CNC2=CC=C(C=C2)OC(F)(F)F)C(C)C)=O)CC3CCCCC3)=O,CC(C)NC(=O)Nc1ccc2c(c1)C(=O)N(C(C)CO)CC(C)C(CN(C)C(=O)CCN1CCOCC1)OCCCCC(C)O2
CTSK,Ours,0.36,O(C(CC(C)C)C(=O)NCCNC=1C=CC(OC)=CC1)C2=CC=C(OC3=CC=CC=C3)C=C2,CC1CCCCOC(CN(C)Cc2ccc(Oc3ccccc3)cc2)C(C)CN(C(C)CO)C(=O)c2cc(NC(=O)Nc3ccc(C(F)(F)F)cc3)ccc2O1
CTSK,Ours,0.36,N1(CC(NC([C@@H](N[C@@H](C2=CC=C(C=C2)C=3C=CC(=CC3)S(C)(=O)=O)C(F)(F)F)CC(F)(C)C)=O)C(C1)=O)C(NS(C4=CC=CC=C4)(=O)=O)=O,COc1cc(C(=O)Nc2cccc(S(N)(=O)=O)c2)ccc1C#Cc1ccc(C#CC(CC(=O)Nc2cc(F)ccc2F)C(=O)Nc2cccc(S(N)(=O)=O)c2)cc1
CTSK,Ours,0.36,N(S(C1=CC=CC=C1C#N)(=O)=O)C=2C=CC(C(=O)N[C@H](C(N[C@H]3[C@@H](OCC3=O)CC)=O)CC4(CCCC4)C)=CC2,CC(C)NC(=O)Nc1ccc2c(c1)C(=O)N(C(C)CO)CC(C)C(CN(C)S(=O)(=O)c1ccccc1C#N)OCCCCC(C)O2
CTSK,Ours,0.36,N(S(=O)(=O)C1=CC=CC=C1)C=2C=CC(C(=O)N[C@H](C(N[C@@H]3C(CO[C@H]3CC)=O)=O)CC4(CCCC4)C)=CC2,CN(C)CCOc1ccccc1C(=O)NC1CCC(C(=O)Nc2ccc(S(N)(=O)=O)cc2)CC1
CTSK,Ours,0.36,C1N(C(=O)NC=2C=CC(=CC2)C(F)(F)F)C(=O)[C@@H](OC(N[C@H](C(C(=O)N[C@@H](C=3C=CC=CC3)C)=O)CCCC)=O)C1(C)C,CC1CCCCOC(CN(C)Cc2ccc(C(F)(F)F)cc2)C(C)CN(C(C)CO)C(=O)c2cc(NC(=O)CCCN(C)C)ccc2O1
CTSK,Ours,0.36,C1=CC(=CC=C1F)C(NC2=CC=C(C=C2)C3=NN(N=N3)CC(NC=4C=C(ON4)C)=O)=O,CCCCCC(=O)Nc1ccc2c(c1)OCC(C)N(C(=O)c1ccc(F)cc1)CC(C)C(OC)CN(C)C2=O
CTSK,Ours,0.36,C1=CC(=CC=C1C=2C=CC(N3CCNCC3)=CC2)C(N[C@H](C(=O)NCC#N)CC(C)C)=O,CC(C)CC(Cc1ccc(-c2ccc(C(=O)N(C)C)cc2)cc1)C(=O)O
CTSK,Ours,0.36,C([C@@H](NC(=O)CC1=CC=C(C=C1)C2=CC=CC=C2)CS)(N[C@H](C(N[C@H](C(=O)NCCC3=CC=CC=C3)CC4=CC=C(C=C4)O)=O)CCCNC(=N)N)=O,Cc1ccc(NC(=O)C(NC(=O)CCCCCCCCCCCCC(=O)Nc2ccc(C(=O)Nc3ccccc3C(=O)NCCCCCNC(=N)N)cc2)C(C)(C)C)cc1
CTSK,Ours,0.36,C(C(C1=CC=C(C=C1)C2=CC=CC=C2)CC(C)C)(=O)NCC#N,CC(C)c1ccc(C(=O)N2CC(CO)C(C(=O)NCc3ccc(-c4ccccc4)cc3)C2)cc1
CTSK,Ours,0.35,S(=O)(=O)(NC=1C=CC(C(=O)N[C@@H](CC2(CCCC2)C)C(=O)N[C@H]3[C@@H](OCC3=O)CC)=CC1)N(C)C,CC(C)NC(=O)N(C)CC1OCCCCC(C)Oc2ccc(NC(=O)CCCN(C)C)cc2C(=O)N(C(C)CO)CC1C
CTSK,Ours,0.35,FC(F)(F)C1=CC(N2N=C(C(=O)N(CCN(C)C)C2=O)C#N)=CC=C1,CC1CN(C(C)CO)C(=O)CCCn2cc(nn2)COC1CN(C)C(=O)c1cccc(C(F)(F)F)c1
CTSK,Ours,0.35,C=1(C)C=C(C(N[C@H](C(=O)NCCNC=2C=CC(=CC2)Cl)CC(C)C)=O)C=CC1,Cc1cccc(C(=O)Nc2ccc(C(=O)NCCCN3CCOCC3)cc2)c1
CTSK,Ours,0.35,C1=CC(=CC=C1F)C(NC2=CC=C(C=C2)C3=NN(N=N3)CC(NC=4C=C(ON4)C)=O)=O,CCCCCC(=O)Nc1ccc2c(c1)C(=O)N(C)CC(OC)C(C)CN(C(=O)c1ccc(F)cc1)C(C)CO2
CTSK,Ours,0.35,C1=CC(=CC=C1C(N[C@H](C(N2[C@@H]3C(CN([C@@H]3CO2)C(=O)C4=CC=CC=C4)=O)=O)CC(C)C)=O)N(C)C,CC(C)NC(=O)N(C)CC1Oc2cc(-c3ccccc3C(=O)N(C)C)ccc2S(=O)(=O)N(C(C)CO)CC1C
CTSK,Ours,0.35,C(N[C@H](C(=O)NCCNC=1C=CC(=CC1)OC)CC(C)C)(C=2C=CC(=CC2)CC)=O,CC(C)(C)CNC(=O)CCCCCC(=O)Nc1ccc(C(=O)Nc2ccc(C(=O)NCCCCCCC(=O)NCCC(=O)NCCCCCNC(=N)N)cc2)cc1
CTSK,Ours,0.35,C(N[C@H](C(=O)NCCNC1=CC=C(C=C1)OC)CC2CCCCC2)(C=3C=CC(N4CCOCC4)=CC3)=O,COc1ccc(-c2ccc(C(=O)NCCCN3CCOCC3)cc2)cc1
CTSK,Ours,0.35,C(N[C@@H](CCCC)C(=O)C(=O)N[C@H](C)C1=CC=CC=C1)(O[C@H]2C(CN(C(=O)C=3C=NC=CC3)C2)(C)C)=O,CC(NC(=O)CC1CCC(NC(=O)c2cccnc2)C(CO)O1)c1ccccc1
CTSK,Ours,0.34,S(=O)(=O)(NC=1C=CC(C(=O)N[C@@H](CC2(CCCC2)C)C(=O)N[C@H]3[C@@H](OCC3=O)CC)=CC1)C4=CC=C(F)C=C4,COC1CN(C)C(=O)c2cc(NS(=O)(=O)c3ccc(F)cc3)ccc2OCC(C)NCC1C
CTSK,Ours,0.34,C=1C=CC(COC(N[C@H](C(N[C@H](C#N)CC2=CC=C(C=C2)C(F)(F)F)=O)CC(C)C)=O)=CC1,CC1CN(C(C)CO)C(=O)c2ccccc2-c2ccccc2COC1CN(C)Cc1ccc(C(F)(F)F)cc1
CTSK,Ours,0.34,C=1C(C[C@H](NC(=O)C=2C=CC=CC2)C(=O)NCC#N)=CC=CC1C3=CC=CN=C3,CC1CN(C(C)CO)S(=O)(=O)c2ccc(-c3cccc(C(=O)N(C)C)c3)cc2OC1CN(C)C(=O)c1cccnc1
CTSK,Ours,0.33,S(=O)(=O)(NC=1C=CC(C(=O)N[C@@H](CC2(CCCC2)C)C(=O)N[C@H]3[C@@H](OCC3=O)CC)=CC1)C4=CC=C(F)C=C4,CN(Cc1ccc(C(=O)O)cc1)C(=O)c1ccc(S(=O)(=O)Nc2ccc3c(c2)C(=O)CO3)cc1
CTSK,Ours,0.33,S(=O)(=O)(NC=1C=CC(C(=O)N[C@@H](CC2(CCCC2)C)C(=O)N[C@H]3[C@@H](OCC3=O)CC)=CC1)C4=CC=C(C=C4)C#N,CCNCC1OCCCCC(C)Oc2ccc(NS(=O)(=O)c3ccc(C#N)cc3)cc2C(=O)N(C(C)CO)CC1C
CTSK,Ours,0.33,O=C(NCC#N)C1(NC(=O)C=2C=CC(N3CCN(CC3)CCC)=CC2)CCCCC1,CC(C)(C)C(NC(=O)CCN1CCN(c2ccc(Cl)cc2)CC1)C(=O)O
CTSK,Ours,0.33,N1([C@H](C(N[C@H](/C=C/C2=CC=CC=C2)[C@H](CC)C)=O)CCCC1)CC(C3=CC=4OCOC4C=C3)=O,COC1CN(C)C(=O)c2cc(NC(=O)NC(C)C)ccc2OCC(C)N(C(=O)c2ccc3c(c2)OCO3)CC1C
CTSK,Ours,0.33,C=1(C#N)N=C(NCC(C)(C)C)C(C(NCCC=2C=CC(=CC2)CN3CCN(CC3)C)=O)=CN1,CC(C)(C)c1ccc(CN2CCN(CCCNC(=O)c3ccc(C(C)(C)C)cc3)CC2)cc1
CTSK,Ours,0.33,C1=CC(=CC=C1F)C(NC2=CC=C(C=C2)C3=NN(N=N3)CC(NC=4C=C(ON4)C)=O)=O,O=C(O)c1ccc(NC(=O)c2ccc(Cl)cc2)cc1
CTSK,Ours,0.33,C([C@@H](NC(=O)OCC=1C=CC=CC1)CC(C)C)(N[C@H](CNC=2C=CC(=CC2)C3=CC=CC=C3)CC4=CC=CC=C4)=O,CCNCCCC(c1ccccc1)c1ccc(C(=O)Nc2ccccc2C(=O)Nc2ccccc2C(=O)NCc2ccccc2)cc1
CTSK,Ours,0.33,C(N[C@H](C(=O)NCCNC=1C=CC(=CC1)OC)CC(C)C)(C=2C=CC(=CC2)CC)=O,COc1ccc(CN2CCN(C(=O)c3ccc(NC(=O)CCC(C)(C)C)cc3)CC2)cc1
CTSK,Ours,0.33,C(N[C@H](C(=O)NCCNC=1C=CC(=CC1)OC)CC(C)C)(C=2C=CC(=CC2)CC)=O,CCOc1ccc(C(=O)CCCCCC(=O)Nc2ccc(C(C)(C)C)cc2)cc1
CTSK,Ours,0.33,C(N[C@H](C(=O)NCCNC=1C=CC(=CC1)OC)CC(C)C)(C=2C=CC(=CC2)C)=O,Cc1ccc(C(=O)NCCCCCC(=O)Nc2ccc(C(=O)NCCC(=O)O)cc2)cc1
CTSK,Ours,0.33,C(N[C@H](C(=O)NCCNC=1C=CC(=CC1)OC)CC(C)C)(C=2C=CC(=CC2)C)=O,COc1ccc(NC(=O)NC2CCC(CCNS(=O)(=O)c3ccc(C)cc3)OC2CO)cc1
CTSK,Ours,0.33,C(N[C@H](C(=O)NCCNC1=CC=C(OCC2=CC=CC=C2)C=C1)CC(C)C)(C3=CC=C(C=C3)CC)=O,CC1CN(C(C)CO)C(=O)c2cc(NC(=O)CCCN(C)C)ccc2OC1CN(C)Cc1ccc(C(=O)Nc2ccccc2N)cc1
CTSK,Ours,0.33,C(N[C@H](C(=O)NCCNC1=CC=C(C=C1)OC)CC(C)C)(C=2C=CC(=CC2)C(C)C)=O,CC(C)c1ccc(C(=O)Nc2ccc(C(=O)Nc3ccc(C(=O)O)cc3)cc2)cc1
CTSK,Ours,0.33,C(NC1C(=O)COC1)([C@@H](NC(C2=CC=C(C(C)(C)C)C=C2)=O)CC(C)C)=O,CC(C)C(C)C(=O)Nc1ccc(C(=O)NC(C)(C)C)cc1
CTSK,Ours,0.33,C(NC1C(=O)COC1)([C@@H](NC(C2=CC=C(C(C)(C)C)C=C2)=O)CC(C)C)=O,CC(C)(C)c1ccc(C(=O)Nc2ccc(C(=O)O)cc2)cc1
CTSK,Ours,0.32,O=C(N[C@@H](CCC1=CC=CC=C1)C(=O)C)[C@@H](NC(OCC2=CC=CC=C2)=O)CC(C)C,CN(C)CCOC(=O)c1ccccc1NC(=O)CCCNC(=O)CCc1ccccc1
CTSK,Ours,0.32,O=C(N[C@@H](C(C)C)C(=O)NNC(=O)N[C@@H](C)C(=O)NCC(=O)N)[C@@H](NC(=O)[C@@H](NC(OCC1=CC=CC=C1)=O)CCCNC(=N)N)CC(C)C,CCCCCCCCCNC(=O)CCCNC(=O)CCNC(=O)CCNC(=O)CCNC(=O)CCNC(=O)CCNC(=O)CCNC(=O)CCNC(=O)CCNC(=O)CCNC(=O)CCNC(=O)CCNC(=O)CCN
CTSK,Ours,0.32,O=C(N[C@@H](C(C)C)C(=O)NNC(=O)N[C@@H](C)C(=O)NCC(=O)N)[C@@H](NC(=O)[C@@H](NC(OCC1=CC=CC=C1)=O)CCCNC(=N)N)CC(C)C,CC(C)CC(NC(=O)C1CCCN1C(=O)c1ccc(OC(C)(C)C)cc1)C(=O)NC(C(=O)NC(CCCNC(=N)N)C(=O)NCCCCNCN)C(C)(C)C
CTSK,Ours,0.32,O=C(NCCNC=1C=CC(OC)=CC1)[C@@H](NC(=O)C2=CC(=CC=C2)C)CC3=CC=CC=C3,COc1ccc(CNC(=O)CC2CC3c4cc(NC(=O)Cc5ccccc5)ccc4OC3C(CO)O2)cc1
CTSK,Ours,0.32,O=C(NCCNC=1C=CC(OC)=CC1)[C@@H](NC(=O)C2=CC(=CC=C2)C)CC3=CC=CC=C3,COc1ccc(CNC(=O)CC2CC3c4cc(NC(=O)Cc5ccccc5)ccc4OC3C(CO)O2)cc1
CTSK,Ours,0.32,N1=C(N=CC=2C=C(N(CC(C)(C)C)C21)CC3=CC=C(C=C3)C(N(C)C)=O)C#N,CN(C)C(=O)c1ccc(OCCNC(C)(C)C)cc1
CTSK,Ours,0.32,N1([C@H]2[C@H](N(C([C@@H](NC(C3=CC=C(C(C)(C)C)C=C3)=O)CC(C)C)=O)CC2)C(C1)=O)C(=O)C4=CC=CC=C4,CC(C)(C)c1ccc(C(=O)Nc2ccc(C(=O)Nc3ccccc3C(=O)O)cc2)cc1
CTSK,Ours,0.32,FC(F)(F)CN[C@@H](CC(C)C)C(=O)N[C@@H](CCC)C(=O)C=1OC(=NN1)C=2OC=CC2,CN(C)C(=O)Nc1ccc2c(c1)C1CC(CC(=O)NCC(F)(F)F)OC(CO)C1O2
CTSK,Ours,0.32,C=1C(C[C@H](NC(=O)C=2C=CC=CC2)C(=O)NCC#N)=CC=CC1C3=CC=CC=N3,CCCc1cccc(C(=O)Nc2nc(-c3cccc(C(=O)NCCO)c3)ncc2-c2ccccn2)c1
CTSK,Ours,0.32,C=1(C=CC(OC(C(NCCNC=2C=CC(=CC2)OC)=O)CC(C)C)=CC1)C3=CC=CC=C3,CC(C)NC(=O)Nc1ccc2c(c1)C(=O)N(C(C)CO)CC(C)C(CN(C)Cc1ccc(-c3ccccc3)cc1)O2
CTSK,Ours,0.32,C1(N(C(=O)N(N=C1C#N)C2=CC=CC(=C2)C(F)(F)F)CCCN(C)C)=O,CC1CCCCOC(CN(C)Cc2cccc(C(F)(F)F)c2)C(C)CN(C(C)CO)C(=O)c2cc(NC(=O)CCCN(C)C)ccc2O1
CTSK,Ours,0.32,C([C@H](NC(=O)CC1=CC=C(C=C1)C=2C=CC=CC2)CSC)(N[C@@H](C(N[C@H](C(N[C@H](C(=O)NCCC=3C=CC=CC3)CC=4C=CC=CC4)=O)CC5=CC=CC=C5)=O)CCCN=C(N)N)=O,CCCCCCCC(Cc1ccccc1)C(=O)Nc1ccccc1C(=O)Nc1ccccc1C(=O)Nc1ccccc1C(=O)NCc1ccccc1
CTSK,Ours,0.32,C(N[C@H](C=O)CCCCCC)(OC(C)(C)C)=O,CCCCCCCCCCCCCCCCCCCCCC(=O)NC(CCCCO)C(=O)O
CTSK,Ours,0.32,C(N[C@H](C(=O)NCCNC1=CC=C(C=C1)OC)CC2=C(Cl)C=CC=C2)(C3=CC(C)=CC=C3)=O,CC(=O)Nc1ccc(Cl)c(C(=O)NC(Cc2c[nH]c3ccccc23)C(=O)NCCCN(C)C)c1
CTSK,Ours,0.32,C(C(=O)NCC#N)(C1=CC(C2=CC=C(C=C2)C3=CC=NC=C3)=CC=C1)CC(C)C,CC(C)(C)S(=O)N1Cc2cc(C(=O)NCc3ccc(F)cc3)nc(-c3ccc(-c4ccncc4)cc3)c2C1CCO
CTSK,Ours,0.31,S1C2=C(N=C1SCC(=O)C=3C=CC=CC3)C=CC(NC(=O)C4=CC=C(OC)C=C4)=C2,CC(C)(C)c1ccc(C(=O)Nc2ccc(C(=O)Nc3ccccc3C(F)(F)F)cc2)cc1
CTSK,Ours,0.31,N=1C=2N(C(=CC2C=NC1C#N)CC3=CC=C(C=C3)OC)CC(C)(C)C,COc1ccc2c(c1)C1N(Cc3ccc(C#N)cc3)C(CO)CC1(CO)N2S(=O)C(C)(C)C
CTSK,Ours,0.31,C=1C=CC(COC(N[C@H](C(N[C@H](C#N)CC2=CC=C(C=C2)C(F)(F)F)=O)CC(C)C)=O)=CC1,CC1CN(C(C)CO)S(=O)(=O)c2ccc(Br)cc2OC1CN(C)Cc1ccc(C(F)(F)F)cc1
CTSK,Ours,0.31,C=1C(C[C@H](NC(=O)C=2C=CC=CC2)C(=O)NCC#N)=CC=CC1C3=CC=NC=C3,CC1CN(C(C)CO)C(=O)c2c(c3ccccc3n2C)-c2ccccc2COC1CN(C)C(=O)c1ccncc1
CTSK,Ours,0.31,C=1C(C[C@H](NC(=O)C2CCCCC2)C(NCC#N)=O)=CC=CC1Cl,CCCNC(=O)CC1CC2c3cc(NC(=O)C4CCCCC4)ccc3OC2C(CO)O1
CTSK,Ours,0.31,C1=C(C=2C=CN(N2)C[C@@H](OC(NCC(=O)CNS(C=3N=CC=CC3)(=O)=O)=O)C(C)(C)C)C=CC(=C1)C(F)(F)F,CC1CCCCOC(CN(C)Cc2ccc(C(F)(F)F)cc2)C(C)CN(C(C)CO)C(=O)c2cc(NS(=O)(=O)CC(C)(C)C)ccc2O1
CTSK,Ours,0.3,S(=O)(=O)(NC=1C=CC(C(=O)N[C@@H](CC2(CCCC2)C)C(=O)N[C@H]3[C@@H](OCC3=O)CC)=CC1)C4=CC=C(F)C=C4,CCCNC(=O)CC1CC2c3cc(NS(=O)(=O)c4ccc(F)cc4)ccc3OC2C(CO)O1
CTSK,Ours,0.3,S(=O)(=O)(NC=1C=CC(C(=O)N[C@@H](CC2(CCCC2)C)C(=O)N[C@H]3[C@@H](OCC3=O)CC)=CC1)C4=CC=C(C=C4)C#N,CC1CN(C(C)CO)C(=O)c2c(c3ccccc3n2C)-c2ccccc2COC1CN(C)S(=O)(=O)c1ccc(C#N)cc1
CTSK,Ours,0.3,O=S(=O)(C=1N=CC=CC1)NCC(CNC(C(C2=CC=CC(=C2)C3=CC=CC=C3)CC(C)C)=O)=O,CN1C(=O)c2cc(NC(=O)Cc3ccccn3)ccc2OCC2OC(CC(=O)NCc3cccc(-c4ccccc4)c3)CCC21
CTSK,Ours,0.3,ClC1=CC(S(O)(=O)CC(=N[C@@H](C2=CC=C(F)C=C2)C(F)(F)F)C(=O)NC3(CC3)C#N)=CC=C1Cl,O=C(CCC(O)c1ccc(O)c(O)c1)Nc1ccc(Cl)c(Cl)c1
CTSK,Ours,0.3,C=1C=CC(COC(N[C@H](C(N[C@H](C#N)CC2=CC=C(C=C2)C(F)(F)F)=O)CC(C)C)=O)=CC1,O=C(NCCCN(Cc1ccc(C(F)(F)F)cc1)C(=O)c1ccccc1)c1ccccc1C(F)(F)F
CTSK,Ours,0.3,C(N[C@H](C=O)CCCC)(OC(CC1=CC=C(C=C1)OC)(C)C)=O,CCCC(C)C(CC(=O)O)NCCCCCCCCCCCCCC(O)COc1ccc(C(C)(C)C)cc1
CTSK,Ours,0.3,C(N[C@H](C(=O)NCCNC=1C=CC(=CC1)OC)CC(C)C)(C=2C=CC(=CC2)CC)=O,CCOc1ccc(C(=O)CCCCCC(=O)Nc2ccc(C(C)(C)C)cc2)cc1
CTSK,Ours,0.29,S(=O)(=O)(NC1=CC(OC)=C(C(=O)N[C@@H](CC2(CCCC2)C)C(=O)N[C@H]3[C@@H](OCC3=O)CC)C=C1)C,CCCNC(=O)N1CC(C)C(OC)CN(C)C(=O)c2cc(NS(C)(=O)=O)ccc2OCC1C
CTSK,Ours,0.29,O1CCN(CC1)C(N[C@H](C(NCCNC=2C=CC(=CC2)OC(F)(F)F)=O)CC(C)(C)C)=O,CC(C)(C)C(NC(=O)CNC(=O)c1cccc(C#N)c1)C(=O)NCCCN1CCOCC1
CTSK,Ours,0.29,N(S(C1=CC=CS1)(=O)=O)C=2C=CC(C(=O)N[C@H](C(N[C@@H]3C(CO[C@H]3CC)=O)=O)CC4(CCCC4)C)=CC2,CC1CCCCOC(CN(C)Cc2ccc(C(F)(F)F)cc2)C(C)CN(C(C)CO)C(=O)c2cc(NS(=O)(=O)c3cccs3)ccc2O1
CTSK,Ours,0.29,C=1C=CC(COC(N[C@H](C(N[C@H](C#N)CC2=CC=C(C=C2)C(F)(F)F)=O)CC(C)C)=O)=CC1,CC1CN(C(C)CO)S(=O)(=O)c2ccc(-c3ccccc3C(=O)N(C)C)cc2OC1CN(C)Cc1ccc(C(F)(F)F)cc1
CTSK,Ours,0.29,C(C(=O)NCC#N)(C1=CC(C2=CN=CC=C2)=CC=C1)CC(C)C,CC(C)NC(=O)N(C)CC1Oc2cc(-c3cccnc3)ccc2S(=O)(=O)N(C(C)CO)CC1C
CTSK,Ours,0.28,N1([C@H](C(N[C@H](/C=C/C2=CC=CC=C2)[C@H](CC)C)=O)CCCC1)CC(C3=CC=4OCOC4C=C3)=O,CN(C)C(=O)CC1CCC(NC(=O)c2ccc3c(c2)OCO3)C(CO)O1
CTSK,Ours,0.28,FC(F)(F)C=1C=CC(C=2N=C(N=C(CCC)C2)C#N)=CC1,CC1CN(C(C)CO)C(=O)CCCn2nncc2COC1CN(C)Cc1ccc(C(F)(F)F)cc1
CTSK,Ours,0.28,C=1C=CC(COC(N[C@H](C(N[C@H](C#N)CC2=CC=C(C=C2)C(F)(F)F)=O)CC(C)C)=O)=CC1,CC1CN(C(C)CO)C(=O)c2cc(NC(=O)Nc3ccccc3)ccc2OC1CN(C)Cc1ccc(C(F)(F)F)cc1
CTSK,Ours,0.28,C1=CC(=CC=C1F)C(NC2=CC=C(C=C2)C3=NN(N=N3)CC(NC=4C=C(ON4)C)=O)=O,COC1CN(C)C(=O)c2cc(NC(=O)c3ccc(F)cc3)ccc2OCC(C)N(C(=O)CC(F)(F)F)CC1C
EGFR,Cosine Search,0.33,FC(F)(F)C1=CC(NC(=O)NC2=CC=C(OC=3C=C(N=CC3)C(=O)NC)C=C2)=CC=C1,C[C@H](NC(=O)C[C@@H]1C[C@H]2[C@H](Oc3ccc(NC(=O)Nc4ccc(cc4)C(F)(F)F)cc23)[C@@H](CO)O1)c5ccccc5
EGFR,Cosine Search,0.15,S1C=2N(C(=N)C(C(C2C(=O)N)C=3OC=CC3)C#N)C(=O)C1=CC=4OC=CC4,Nn1c(=O)c(Cc2ccco2)n[nH]c1=S
EGFR,Cosine Search,0.15,S1C=2N(C(=N)C(C(C2C(=O)N)C=3OC=CC3)C#N)C(=O)C1=CC=4OC=CC4,Nn1c(=O)c(Cc2ccco2)n[nH]c1=S
EGFR,Cosine Search,0.15,S1C=2N(C(=N)C(C(C2C(=O)N)C=3OC=CC3)C#N)C(=O)C1=CC=4OC=CC4,Nn1c(=O)c(Cc2ccco2)n[nH]c1=S
EGFR,Cosine Search,0.17,FC=1C(C2C3C(=NC4=NNC(=C24)C)CC(CC3=O)(C)C)=CC=CC1,CC=C1/[C@H]2Cc3[nH]c(=O)ccc3[C@]1(N)CC(C)=C2
EGFR,Cosine Search,0.15,S1C=2N(C(=N)C(C(C2C(=O)N)C=3OC=CC3)C#N)C(=O)C1=CC=4OC=CC4,Nn1c(=O)c(Cc2ccco2)n[nH]c1=S
EGFR,Cosine Search,0.27,C=1(NC(/C=C/C(=O)NCCCN2CCOCC2)=O)C=C3C(=NC=NC3=CN1)NC=4C=CC(=C(Cl)C4)F,OC[C@@H]1O[C@H](CC(=O)NCCCN2CCOCC2)C=C[C@@H]1NS(=O)(=O)c1ccccc1F
EGFR,Cosine Search,0.17,FC=1C(C2C3C(=NC4=NNC(=C24)C)CC(CC3=O)(C)C)=CC=CC1,CC=C1/[C@H]2Cc3[nH]c(=O)ccc3[C@]1(N)CC(C)=C2
EGFR,Cosine Search,0.33,FC(F)(F)C1=CC(NC(=O)NC2=CC=C(OC=3C=C(N=CC3)C(=O)NC)C=C2)=CC=C1,C[C@H](NC(=O)C[C@@H]1C[C@H]2[C@H](Oc3ccc(NC(=O)Nc4ccc(cc4)C(F)(F)F)cc23)[C@@H](CO)O1)c5ccccc5
EGFR,Cosine Search,0.15,S1C=2N(C(=N)C(C(C2C(=O)N)C=3OC=CC3)C#N)C(=O)C1=CC=4OC=CC4,Nn1c(=O)c(Cc2ccco2)n[nH]c1=S
EGFR,Cosine Search,0.15,S1C=2N(C(=N)C(C(C2C(=O)N)C=3OC=CC3)C#N)C(=O)C1=CC=4OC=CC4,Nn1c(=O)c(Cc2ccco2)n[nH]c1=S
EGFR,Cosine Search,0.17,FC=1C(C2C3C(=NC4=NNC(=C24)C)CC(CC3=O)(C)C)=CC=CC1,CC=C1/[C@H]2Cc3[nH]c(=O)ccc3[C@]1(N)CC(C)=C2
EGFR,Cosine Search,0.15,S1C=2N(C(=N)C(C(C2C(=O)N)C=3OC=CC3)C#N)C(=O)C1=CC=4OC=CC4,Nn1c(=O)c(Cc2ccco2)n[nH]c1=S
EGFR,Cosine Search,0.15,S1C=2N(C(=N)C(C(C2C(=O)N)C=3OC=CC3)C#N)C(=O)C1=CC=4OC=CC4,Nn1c(=O)c(Cc2ccco2)n[nH]c1=S
EGFR,Cosine Search,0.15,S1C=2N(C(=N)C(C(C2C(=O)N)C=3OC=CC3)C#N)C(=O)C1=CC=4OC=CC4,Nn1c(=O)c(Cc2ccco2)n[nH]c1=S
EGFR,Cosine Search,0.15,S1C=2N(C(=N)C(C(C2C(=O)N)C=3OC=CC3)C#N)C(=O)C1=CC=4OC=CC4,Nn1c(=O)c(Cc2ccco2)n[nH]c1=S
EGFR,Cosine Search,0.17,FC=1C(C2C3C(=NC4=NNC(=C24)C)CC(CC3=O)(C)C)=CC=CC1,CC=C1/[C@H]2Cc3[nH]c(=O)ccc3[C@]1(N)CC(C)=C2
EGFR,Cosine Search,0.17,FC=1C(C2C3C(=NC4=NNC(=C24)C)CC(CC3=O)(C)C)=CC=CC1,CC=C1/[C@H]2Cc3[nH]c(=O)ccc3[C@]1(N)CC(C)=C2
EGFR,Cosine Search,0.17,FC=1C(C2C3C(=NC4=NNC(=C24)C)CC(CC3=O)(C)C)=CC=CC1,CC=C1/[C@H]2Cc3[nH]c(=O)ccc3[C@]1(N)CC(C)=C2
EGFR,Cosine Search,0.15,S1C=2N(C(=N)C(C(C2C(=O)N)C=3OC=CC3)C#N)C(=O)C1=CC=4OC=CC4,Nn1c(=O)c(Cc2ccco2)n[nH]c1=S
EGFR,Cosine Search,0.3,C=1(NC=2C=CC=CC2C1CCC(O)=O)S,CNC(=O)CCc1cc2ccccc2[nH]1
EGFR,Cosine Search,0.3,C=1(NC=2C=CC=CC2C1CCC(O)=O)S,CNC(=O)CCc1cc2ccccc2[nH]1
EGFR,Cosine Search,0.15,S1C=2N(C(=N)C(C(C2C(=O)N)C=3OC=CC3)C#N)C(=O)C1=CC=4OC=CC4,Nn1c(=O)c(Cc2ccco2)n[nH]c1=S
EGFR,Cosine Search,0.15,S1C=2N(C(=N)C(C(C2C(=O)N)C=3OC=CC3)C#N)C(=O)C1=CC=4OC=CC4,Nn1c(=O)c(Cc2ccco2)n[nH]c1=S
EGFR,Cosine Search,0.3,C=1(NC=2C=CC=CC2C1CCC(O)=O)S,CNC(=O)CCc1cc2ccccc2[nH]1
EGFR,Cosine Search,0.15,S1C=2N(C(=N)C(C(C2C(=O)N)C=3OC=CC3)C#N)C(=O)C1=CC=4OC=CC4,Nn1c(=O)c(Cc2ccco2)n[nH]c1=S
EGFR,Cosine Search,0.17,FC=1C(C2C3C(=NC4=NNC(=C24)C)CC(CC3=O)(C)C)=CC=CC1,CC=C1/[C@H]2Cc3[nH]c(=O)ccc3[C@]1(N)CC(C)=C2
EGFR,Cosine Search,0.15,S1C=2N(C(=N)C(C(C2C(=O)N)C=3OC=CC3)C#N)C(=O)C1=CC=4OC=CC4,Nn1c(=O)c(Cc2ccco2)n[nH]c1=S
EGFR,Cosine Search,0.3,C=1(NC=2C=CC=CC2C1CCC(O)=O)S,CNC(=O)CCc1cc2ccccc2[nH]1
EGFR,Cosine Search,0.15,S1C=2N(C(=N)C(C(C2C(=O)N)C=3OC=CC3)C#N)C(=O)C1=CC=4OC=CC4,Nn1c(=O)c(Cc2ccco2)n[nH]c1=S
EGFR,Cosine Search,0.15,S1C=2N(C(=N)C(C(C2C(=O)N)C=3OC=CC3)C#N)C(=O)C1=CC=4OC=CC4,Nn1c(=O)c(Cc2ccco2)n[nH]c1=S
EGFR,Cosine Search,0.15,S1C=2N(C(=N)C(C(C2C(=O)N)C=3OC=CC3)C#N)C(=O)C1=CC=4OC=CC4,Nn1c(=O)c(Cc2ccco2)n[nH]c1=S
EGFR,Cosine Search,0.15,S1C=2N(C(=N)C(C(C2C(=O)N)C=3OC=CC3)C#N)C(=O)C1=CC=4OC=CC4,Nn1c(=O)c(Cc2ccco2)n[nH]c1=S
EGFR,Cosine Search,0.15,S1C=2N(C(=N)C(C(C2C(=O)N)C=3OC=CC3)C#N)C(=O)C1=CC=4OC=CC4,Nn1c(=O)c(Cc2ccco2)n[nH]c1=S
EGFR,Cosine Search,0.15,S1C=2N(C(=N)C(C(C2C(=O)N)C=3OC=CC3)C#N)C(=O)C1=CC=4OC=CC4,Nn1c(=O)c(Cc2ccco2)n[nH]c1=S
EGFR,Cosine Search,0.15,S1C=2N(C(=N)C(C(C2C(=O)N)C=3OC=CC3)C#N)C(=O)C1=CC=4OC=CC4,Nn1c(=O)c(Cc2ccco2)n[nH]c1=S
EGFR,Cosine Search,0.15,S1C=2N(C(=N)C(C(C2C(=O)N)C=3OC=CC3)C#N)C(=O)C1=CC=4OC=CC4,Nn1c(=O)c(Cc2ccco2)n[nH]c1=S
EGFR,Cosine Search,0.3,C=1(NC=2C=CC=CC2C1CCC(O)=O)S,CNC(=O)CCc1cc2ccccc2[nH]1
EGFR,Cosine Search,0.15,S1C=2N(C(=N)C(C(C2C(=O)N)C=3OC=CC3)C#N)C(=O)C1=CC=4OC=CC4,Nn1c(=O)c(Cc2ccco2)n[nH]c1=S
EGFR,Cosine Search,0.33,C=1C=C(/C=C/C(=N/NC(N)=S)/C2=CC=C(C=C2)C)C=CC1,Cc1ccc(cc1)C(=O)/N=c2/cccc[nH]2
EGFR,Cosine Search,0.15,S1C=2N(C(=N)C(C(C2C(=O)N)C=3OC=CC3)C#N)C(=O)C1=CC=4OC=CC4,Nn1c(=O)c(Cc2ccco2)n[nH]c1=S
EGFR,Cosine Search,0.17,FC=1C(C2C3C(=NC4=NNC(=C24)C)CC(CC3=O)(C)C)=CC=CC1,CC=C1/[C@H]2Cc3[nH]c(=O)ccc3[C@]1(N)CC(C)=C2
EGFR,Cosine Search,0.15,S1C=2N(C(=N)C(C(C2C(=O)N)C=3OC=CC3)C#N)C(=O)C1=CC=4OC=CC4,Nn1c(=O)c(Cc2ccco2)n[nH]c1=S
EGFR,Cosine Search,0.3,C=1(NC=2C=CC=CC2C1CCC(O)=O)S,CNC(=O)CCc1cc2ccccc2[nH]1
EGFR,Cosine Search,0.15,S1C=2N(C(=N)C(C(C2C(=O)N)C=3OC=CC3)C#N)C(=O)C1=CC=4OC=CC4,Nn1c(=O)c(Cc2ccco2)n[nH]c1=S
EGFR,Cosine Search,0.15,S1C=2N(C(=N)C(C(C2C(=O)N)C=3OC=CC3)C#N)C(=O)C1=CC=4OC=CC4,Nn1c(=O)c(Cc2ccco2)n[nH]c1=S
EGFR,Cosine Search,0.15,S1C=2N(C(=N)C(C(C2C(=O)N)C=3OC=CC3)C#N)C(=O)C1=CC=4OC=CC4,Nn1c(=O)c(Cc2ccco2)n[nH]c1=S
EGFR,Cosine Search,0.15,S1C=2N(C(=N)C(C(C2C(=O)N)C=3OC=CC3)C#N)C(=O)C1=CC=4OC=CC4,Nn1c(=O)c(Cc2ccco2)n[nH]c1=S
EGFR,Cosine Search,0.3,C=1(NC=2C=CC=CC2C1CCC(O)=O)S,CNC(=O)CCc1cc2ccccc2[nH]1
EGFR,Cosine Search,0.33,C=1C=C(/C=C/C(=N/NC(N)=S)/C2=CC=C(C=C2)C)C=CC1,Cc1ccc(cc1)C(=O)/N=c2/cccc[nH]2
EGFR,Cosine Search,0.15,S1C=2N(C(=N)C(C(C2C(=O)N)C=3OC=CC3)C#N)C(=O)C1=CC=4OC=CC4,Nn1c(=O)c(Cc2ccco2)n[nH]c1=S
EGFR,Cosine Search,0.3,C=1(NC=2C=CC=CC2C1CCC(O)=O)S,CNC(=O)CCc1cc2ccccc2[nH]1
EGFR,Cosine Search,0.33,C=1C=C(/C=C/C(=N/NC(N)=S)/C2=CC=C(C=C2)C)C=CC1,Cc1ccc(cc1)C(=O)/N=c2/cccc[nH]2
EGFR,Cosine Search,0.17,FC=1C(C2C3C(=NC4=NNC(=C24)C)CC(CC3=O)(C)C)=CC=CC1,CC=C1/[C@H]2Cc3[nH]c(=O)ccc3[C@]1(N)CC(C)=C2
EGFR,Cosine Search,0.15,S1C=2N(C(=N)C(C(C2C(=O)N)C=3OC=CC3)C#N)C(=O)C1=CC=4OC=CC4,Nn1c(=O)c(Cc2ccco2)n[nH]c1=S
EGFR,Cosine Search,0.3,C=1(NC=2C=CC=CC2C1CCC(O)=O)S,CNC(=O)CCc1cc2ccccc2[nH]1
EGFR,Cosine Search,0.3,C=1(NC=2C=CC=CC2C1CCC(O)=O)S,CNC(=O)CCc1cc2ccccc2[nH]1
EGFR,Cosine Search,0.15,S1C=2N(C(=N)C(C(C2C(=O)N)C=3OC=CC3)C#N)C(=O)C1=CC=4OC=CC4,Nn1c(=O)c(Cc2ccco2)n[nH]c1=S
EGFR,Cosine Search,0.15,S1C=2N(C(=N)C(C(C2C(=O)N)C=3OC=CC3)C#N)C(=O)C1=CC=4OC=CC4,Nn1c(=O)c(Cc2ccco2)n[nH]c1=S
EGFR,Cosine Search,0.17,FC=1C(C2C3C(=NC4=NNC(=C24)C)CC(CC3=O)(C)C)=CC=CC1,CC=C1/[C@H]2Cc3[nH]c(=O)ccc3[C@]1(N)CC(C)=C2
EGFR,Cosine Search,0.15,S1C=2N(C(=N)C(C(C2C(=O)N)C=3OC=CC3)C#N)C(=O)C1=CC=4OC=CC4,Nn1c(=O)c(Cc2ccco2)n[nH]c1=S
EGFR,Cosine Search,0.15,S1C=2N(C(=N)C(C(C2C(=O)N)C=3OC=CC3)C#N)C(=O)C1=CC=4OC=CC4,Nn1c(=O)c(Cc2ccco2)n[nH]c1=S
EGFR,Cosine Search,0.27,C=1(NC(/C=C/C(=O)NCCCN2CCOCC2)=O)C=C3C(=NC=NC3=CN1)NC=4C=CC(=C(Cl)C4)F,OC[C@@H]1O[C@H](CC(=O)NCCCN2CCOCC2)C=C[C@@H]1NS(=O)(=O)c1ccccc1F
EGFR,Cosine Search,0.15,S1C=2N(C(=N)C(C(C2C(=O)N)C=3OC=CC3)C#N)C(=O)C1=CC=4OC=CC4,Nn1c(=O)c(Cc2ccco2)n[nH]c1=S
EGFR,Cosine Search,0.15,S1C=2N(C(=N)C(C(C2C(=O)N)C=3OC=CC3)C#N)C(=O)C1=CC=4OC=CC4,Nn1c(=O)c(Cc2ccco2)n[nH]c1=S
EGFR,Cosine Search,0.15,S1C=2N(C(=N)C(C(C2C(=O)N)C=3OC=CC3)C#N)C(=O)C1=CC=4OC=CC4,Nn1c(=O)c(Cc2ccco2)n[nH]c1=S
EGFR,Cosine Search,0.3,C=1(NC=2C=CC=CC2C1CCC(O)=O)S,CNC(=O)CCc1cc2ccccc2[nH]1
EGFR,Cosine Search,0.15,S1C=2N(C(=N)C(C(C2C(=O)N)C=3OC=CC3)C#N)C(=O)C1=CC=4OC=CC4,Nn1c(=O)c(Cc2ccco2)n[nH]c1=S
EGFR,Cosine Search,0.17,FC=1C(C2C3C(=NC4=NNC(=C24)C)CC(CC3=O)(C)C)=CC=CC1,CC=C1/[C@H]2Cc3[nH]c(=O)ccc3[C@]1(N)CC(C)=C2
EGFR,Cosine Search,0.3,C=1(NC=2C=CC=CC2C1CCC(O)=O)S,CNC(=O)CCc1cc2ccccc2[nH]1
EGFR,Cosine Search,0.15,S1C=2N(C(=N)C(C(C2C(=O)N)C=3OC=CC3)C#N)C(=O)C1=CC=4OC=CC4,Nn1c(=O)c(Cc2ccco2)n[nH]c1=S
EGFR,Cosine Search,0.15,S1C=2N(C(=N)C(C(C2C(=O)N)C=3OC=CC3)C#N)C(=O)C1=CC=4OC=CC4,Nn1c(=O)c(Cc2ccco2)n[nH]c1=S
EGFR,Cosine Search,0.33,C=1C=C(/C=C/C(=N/NC(N)=S)/C2=CC=C(C=C2)C)C=CC1,Cc1ccc(cc1)C(=O)/N=c2/cccc[nH]2
EGFR,Cosine Search,0.3,C=1(NC=2C=CC=CC2C1CCC(O)=O)S,CNC(=O)CCc1cc2ccccc2[nH]1
EGFR,Cosine Search,0.15,S1C=2N(C(=N)C(C(C2C(=O)N)C=3OC=CC3)C#N)C(=O)C1=CC=4OC=CC4,Nn1c(=O)c(Cc2ccco2)n[nH]c1=S
EGFR,Cosine Search,0.17,FC=1C(C2C3C(=NC4=NNC(=C24)C)CC(CC3=O)(C)C)=CC=CC1,CC=C1/[C@H]2Cc3[nH]c(=O)ccc3[C@]1(N)CC(C)=C2
EGFR,Cosine Search,0.3,C=1(NC=2C=CC=CC2C1CCC(O)=O)S,CNC(=O)CCc1cc2ccccc2[nH]1
EGFR,Cosine Search,0.17,FC=1C(C2C3C(=NC4=NNC(=C24)C)CC(CC3=O)(C)C)=CC=CC1,CC=C1/[C@H]2Cc3[nH]c(=O)ccc3[C@]1(N)CC(C)=C2
EGFR,Cosine Search,0.15,S1C=2N(C(=N)C(C(C2C(=O)N)C=3OC=CC3)C#N)C(=O)C1=CC=4OC=CC4,Nn1c(=O)c(Cc2ccco2)n[nH]c1=S
EGFR,Cosine Search,0.15,S1C=2N(C(=N)C(C(C2C(=O)N)C=3OC=CC3)C#N)C(=O)C1=CC=4OC=CC4,Nn1c(=O)c(Cc2ccco2)n[nH]c1=S
EGFR,Cosine Search,0.3,C=1(NC=2C=CC=CC2C1CCC(O)=O)S,CNC(=O)CCc1cc2ccccc2[nH]1
EGFR,Cosine Search,0.17,FC=1C(C2C3C(=NC4=NNC(=C24)C)CC(CC3=O)(C)C)=CC=CC1,CC=C1/[C@H]2Cc3[nH]c(=O)ccc3[C@]1(N)CC(C)=C2
EGFR,Cosine Search,0.33,FC(F)(F)C1=CC(NC(=O)NC2=CC=C(OC=3C=C(N=CC3)C(=O)NC)C=C2)=CC=C1,C[C@H](NC(=O)C[C@@H]1C[C@H]2[C@H](Oc3ccc(NC(=O)Nc4ccc(cc4)C(F)(F)F)cc23)[C@@H](CO)O1)c5ccccc5
EGFR,Cosine Search,0.15,S1C=2N(C(=N)C(C(C2C(=O)N)C=3OC=CC3)C#N)C(=O)C1=CC=4OC=CC4,Nn1c(=O)c(Cc2ccco2)n[nH]c1=S
EGFR,Cosine Search,0.33,FC(F)(F)C1=CC(NC(=O)NC2=CC=C(OC=3C=C(N=CC3)C(=O)NC)C=C2)=CC=C1,C[C@H](NC(=O)C[C@@H]1C[C@H]2[C@H](Oc3ccc(NC(=O)Nc4ccc(cc4)C(F)(F)F)cc23)[C@@H](CO)O1)c5ccccc5
EGFR,Cosine Search,0.15,S1C=2N(C(=N)C(C(C2C(=O)N)C=3OC=CC3)C#N)C(=O)C1=CC=4OC=CC4,Nn1c(=O)c(Cc2ccco2)n[nH]c1=S
EGFR,Cosine Search,0.3,C=1(NC=2C=CC=CC2C1CCC(O)=O)S,CNC(=O)CCc1cc2ccccc2[nH]1
EGFR,Cosine Search,0.15,S1C=2N(C(=N)C(C(C2C(=O)N)C=3OC=CC3)C#N)C(=O)C1=CC=4OC=CC4,Nn1c(=O)c(Cc2ccco2)n[nH]c1=S
EGFR,Cosine Search,0.17,FC=1C(C2C3C(=NC4=NNC(=C24)C)CC(CC3=O)(C)C)=CC=CC1,CC=C1/[C@H]2Cc3[nH]c(=O)ccc3[C@]1(N)CC(C)=C2
EGFR,Cosine Search,0.17,FC=1C(C2C3C(=NC4=NNC(=C24)C)CC(CC3=O)(C)C)=CC=CC1,CC=C1/[C@H]2Cc3[nH]c(=O)ccc3[C@]1(N)CC(C)=C2
EGFR,Cosine Search,0.27,C=1(NC(/C=C/C(=O)NCCCN2CCOCC2)=O)C=C3C(=NC=NC3=CN1)NC=4C=CC(=C(Cl)C4)F,OC[C@@H]1O[C@H](CC(=O)NCCCN2CCOCC2)C=C[C@@H]1NS(=O)(=O)c1ccccc1F
EGFR,Cosine Search,0.15,S1C=2N(C(=N)C(C(C2C(=O)N)C=3OC=CC3)C#N)C(=O)C1=CC=4OC=CC4,Nn1c(=O)c(Cc2ccco2)n[nH]c1=S
EGFR,Cosine Search,0.27,C=1(NC(/C=C/C(=O)NCCCN2CCOCC2)=O)C=C3C(=NC=NC3=CN1)NC=4C=CC(=C(Cl)C4)F,OC[C@@H]1O[C@H](CC(=O)NCCCN2CCOCC2)C=C[C@@H]1NS(=O)(=O)c1ccccc1F
EGFR,Cosine Search,0.17,FC=1C(C2C3C(=NC4=NNC(=C24)C)CC(CC3=O)(C)C)=CC=CC1,CC=C1/[C@H]2Cc3[nH]c(=O)ccc3[C@]1(N)CC(C)=C2
EGFR,Cosine Search,0.17,FC=1C(C2C3C(=NC4=NNC(=C24)C)CC(CC3=O)(C)C)=CC=CC1,CC=C1/[C@H]2Cc3[nH]c(=O)ccc3[C@]1(N)CC(C)=C2
EGFR,Cosine Search,0.15,S1C=2N(C(=N)C(C(C2C(=O)N)C=3OC=CC3)C#N)C(=O)C1=CC=4OC=CC4,Nn1c(=O)c(Cc2ccco2)n[nH]c1=S
EGFR,Cosine Search,0.15,S1C=2N(C(=N)C(C(C2C(=O)N)C=3OC=CC3)C#N)C(=O)C1=CC=4OC=CC4,Nn1c(=O)c(Cc2ccco2)n[nH]c1=S
EGFR,Cosine Search,0.15,S1C=2N(C(=N)C(C(C2C(=O)N)C=3OC=CC3)C#N)C(=O)C1=CC=4OC=CC4,Nn1c(=O)c(Cc2ccco2)n[nH]c1=S
EGFR,Cosine Search,0.17,FC=1C(C2C3C(=NC4=NNC(=C24)C)CC(CC3=O)(C)C)=CC=CC1,CC=C1/[C@H]2Cc3[nH]c(=O)ccc3[C@]1(N)CC(C)=C2
EGFR,Cosine Search,0.15,S1C=2N(C(=N)C(C(C2C(=O)N)C=3OC=CC3)C#N)C(=O)C1=CC=4OC=CC4,Nn1c(=O)c(Cc2ccco2)n[nH]c1=S
EGFR,Euclidean Search,0.15,S1C=2N(C(=N)C(C(C2C(=O)N)C=3OC=CC3)C#N)C(=O)C1=CC=4OC=CC4,Nn1c(=O)c(Cc2ccco2)n[nH]c1=S
EGFR,Euclidean Search,0.15,S1C=2N(C(=N)C(C(C2C(=O)N)C=3OC=CC3)C#N)C(=O)C1=CC=4OC=CC4,Nn1c(=O)c(Cc2ccco2)n[nH]c1=S
EGFR,Euclidean Search,0.15,S1C=2N(C(=N)C(C(C2C(=O)N)C=3OC=CC3)C#N)C(=O)C1=CC=4OC=CC4,Nn1c(=O)c(Cc2ccco2)n[nH]c1=S
EGFR,Euclidean Search,0.15,S1C=2N(C(=N)C(C(C2C(=O)N)C=3OC=CC3)C#N)C(=O)C1=CC=4OC=CC4,Nn1c(=O)c(Cc2ccco2)n[nH]c1=S
EGFR,Euclidean Search,0.15,S1C=2N(C(=N)C(C(C2C(=O)N)C=3OC=CC3)C#N)C(=O)C1=CC=4OC=CC4,Nn1c(=O)c(Cc2ccco2)n[nH]c1=S
EGFR,Euclidean Search,0.15,S1C=2N(C(=N)C(C(C2C(=O)N)C=3OC=CC3)C#N)C(=O)C1=CC=4OC=CC4,Nn1c(=O)c(Cc2ccco2)n[nH]c1=S
EGFR,Euclidean Search,0.15,S1C=2N(C(=N)C(C(C2C(=O)N)C=3OC=CC3)C#N)C(=O)C1=CC=4OC=CC4,Nn1c(=O)c(Cc2ccco2)n[nH]c1=S
EGFR,Euclidean Search,0.15,S1C=2N(C(=N)C(C(C2C(=O)N)C=3OC=CC3)C#N)C(=O)C1=CC=4OC=CC4,Nn1c(=O)c(Cc2ccco2)n[nH]c1=S
EGFR,Euclidean Search,0.15,S1C=2N(C(=N)C(C(C2C(=O)N)C=3OC=CC3)C#N)C(=O)C1=CC=4OC=CC4,Nn1c(=O)c(Cc2ccco2)n[nH]c1=S
EGFR,Euclidean Search,0.15,S1C=2N(C(=N)C(C(C2C(=O)N)C=3OC=CC3)C#N)C(=O)C1=CC=4OC=CC4,Nn1c(=O)c(Cc2ccco2)n[nH]c1=S
EGFR,Euclidean Search,0.15,S1C=2N(C(=N)C(C(C2C(=O)N)C=3OC=CC3)C#N)C(=O)C1=CC=4OC=CC4,Nn1c(=O)c(Cc2ccco2)n[nH]c1=S
EGFR,Euclidean Search,0.15,S1C=2N(C(=N)C(C(C2C(=O)N)C=3OC=CC3)C#N)C(=O)C1=CC=4OC=CC4,Nn1c(=O)c(Cc2ccco2)n[nH]c1=S
EGFR,Euclidean Search,0.15,S1C=2N(C(=N)C(C(C2C(=O)N)C=3OC=CC3)C#N)C(=O)C1=CC=4OC=CC4,Nn1c(=O)c(Cc2ccco2)n[nH]c1=S
EGFR,Euclidean Search,0.15,S1C=2N(C(=N)C(C(C2C(=O)N)C=3OC=CC3)C#N)C(=O)C1=CC=4OC=CC4,Nn1c(=O)c(Cc2ccco2)n[nH]c1=S
EGFR,Euclidean Search,0.15,S1C=2N(C(=N)C(C(C2C(=O)N)C=3OC=CC3)C#N)C(=O)C1=CC=4OC=CC4,Nn1c(=O)c(Cc2ccco2)n[nH]c1=S
EGFR,Euclidean Search,0.15,S1C=2N(C(=N)C(C(C2C(=O)N)C=3OC=CC3)C#N)C(=O)C1=CC=4OC=CC4,Nn1c(=O)c(Cc2ccco2)n[nH]c1=S
EGFR,Euclidean Search,0.15,S1C=2N(C(=N)C(C(C2C(=O)N)C=3OC=CC3)C#N)C(=O)C1=CC=4OC=CC4,Nn1c(=O)c(Cc2ccco2)n[nH]c1=S
EGFR,Euclidean Search,0.33,C=1C=C(/C=C/C(=N/NC(N)=S)/C2=CC=C(C=C2)C)C=CC1,Cc1ccc(cc1)C(=O)/N=c2/cccc[nH]2
EGFR,Euclidean Search,0.15,S1C=2N(C(=N)C(C(C2C(=O)N)C=3OC=CC3)C#N)C(=O)C1=CC=4OC=CC4,Nn1c(=O)c(Cc2ccco2)n[nH]c1=S
EGFR,Euclidean Search,0.15,S1C=2N(C(=N)C(C(C2C(=O)N)C=3OC=CC3)C#N)C(=O)C1=CC=4OC=CC4,Nn1c(=O)c(Cc2ccco2)n[nH]c1=S
EGFR,Euclidean Search,0.3,C=1(NC=2C=CC=CC2C1CCC(O)=O)S,CNC(=O)CCc1cc2ccccc2[nH]1
EGFR,Euclidean Search,0.3,C=1(NC=2C=CC=CC2C1CCC(O)=O)S,CNC(=O)CCc1cc2ccccc2[nH]1
EGFR,Euclidean Search,0.15,S1C=2N(C(=N)C(C(C2C(=O)N)C=3OC=CC3)C#N)C(=O)C1=CC=4OC=CC4,Nn1c(=O)c(Cc2ccco2)n[nH]c1=S
EGFR,Euclidean Search,0.15,S1C=2N(C(=N)C(C(C2C(=O)N)C=3OC=CC3)C#N)C(=O)C1=CC=4OC=CC4,Nn1c(=O)c(Cc2ccco2)n[nH]c1=S
EGFR,Euclidean Search,0.3,C=1(NC=2C=CC=CC2C1CCC(O)=O)S,CNC(=O)CCc1cc2ccccc2[nH]1
EGFR,Euclidean Search,0.15,S1C=2N(C(=N)C(C(C2C(=O)N)C=3OC=CC3)C#N)C(=O)C1=CC=4OC=CC4,Nn1c(=O)c(Cc2ccco2)n[nH]c1=S
EGFR,Euclidean Search,0.15,S1C=2N(C(=N)C(C(C2C(=O)N)C=3OC=CC3)C#N)C(=O)C1=CC=4OC=CC4,Nn1c(=O)c(Cc2ccco2)n[nH]c1=S
EGFR,Euclidean Search,0.15,S1C=2N(C(=N)C(C(C2C(=O)N)C=3OC=CC3)C#N)C(=O)C1=CC=4OC=CC4,Nn1c(=O)c(Cc2ccco2)n[nH]c1=S
EGFR,Euclidean Search,0.3,C=1(NC=2C=CC=CC2C1CCC(O)=O)S,CNC(=O)CCc1cc2ccccc2[nH]1
EGFR,Euclidean Search,0.15,S1C=2N(C(=N)C(C(C2C(=O)N)C=3OC=CC3)C#N)C(=O)C1=CC=4OC=CC4,Nn1c(=O)c(Cc2ccco2)n[nH]c1=S
EGFR,Euclidean Search,0.15,S1C=2N(C(=N)C(C(C2C(=O)N)C=3OC=CC3)C#N)C(=O)C1=CC=4OC=CC4,Nn1c(=O)c(Cc2ccco2)n[nH]c1=S
EGFR,Euclidean Search,0.15,S1C=2N(C(=N)C(C(C2C(=O)N)C=3OC=CC3)C#N)C(=O)C1=CC=4OC=CC4,Nn1c(=O)c(Cc2ccco2)n[nH]c1=S
EGFR,Euclidean Search,0.15,S1C=2N(C(=N)C(C(C2C(=O)N)C=3OC=CC3)C#N)C(=O)C1=CC=4OC=CC4,Nn1c(=O)c(Cc2ccco2)n[nH]c1=S
EGFR,Euclidean Search,0.15,S1C=2N(C(=N)C(C(C2C(=O)N)C=3OC=CC3)C#N)C(=O)C1=CC=4OC=CC4,Nn1c(=O)c(Cc2ccco2)n[nH]c1=S
EGFR,Euclidean Search,0.15,S1C=2N(C(=N)C(C(C2C(=O)N)C=3OC=CC3)C#N)C(=O)C1=CC=4OC=CC4,Nn1c(=O)c(Cc2ccco2)n[nH]c1=S
EGFR,Euclidean Search,0.15,S1C=2N(C(=N)C(C(C2C(=O)N)C=3OC=CC3)C#N)C(=O)C1=CC=4OC=CC4,Nn1c(=O)c(Cc2ccco2)n[nH]c1=S
EGFR,Euclidean Search,0.15,S1C=2N(C(=N)C(C(C2C(=O)N)C=3OC=CC3)C#N)C(=O)C1=CC=4OC=CC4,Nn1c(=O)c(Cc2ccco2)n[nH]c1=S
EGFR,Euclidean Search,0.15,S1C=2N(C(=N)C(C(C2C(=O)N)C=3OC=CC3)C#N)C(=O)C1=CC=4OC=CC4,Nn1c(=O)c(Cc2ccco2)n[nH]c1=S
EGFR,Euclidean Search,0.15,S1C=2N(C(=N)C(C(C2C(=O)N)C=3OC=CC3)C#N)C(=O)C1=CC=4OC=CC4,Nn1c(=O)c(Cc2ccco2)n[nH]c1=S
EGFR,Euclidean Search,0.15,S1C=2N(C(=N)C(C(C2C(=O)N)C=3OC=CC3)C#N)C(=O)C1=CC=4OC=CC4,Nn1c(=O)c(Cc2ccco2)n[nH]c1=S
EGFR,Euclidean Search,0.15,S1C=2N(C(=N)C(C(C2C(=O)N)C=3OC=CC3)C#N)C(=O)C1=CC=4OC=CC4,Nn1c(=O)c(Cc2ccco2)n[nH]c1=S
EGFR,Euclidean Search,0.15,S1C=2N(C(=N)C(C(C2C(=O)N)C=3OC=CC3)C#N)C(=O)C1=CC=4OC=CC4,Nn1c(=O)c(Cc2ccco2)n[nH]c1=S
EGFR,Euclidean Search,0.15,S1C=2N(C(=N)C(C(C2C(=O)N)C=3OC=CC3)C#N)C(=O)C1=CC=4OC=CC4,Nn1c(=O)c(Cc2ccco2)n[nH]c1=S
EGFR,Euclidean Search,0.15,S1C=2N(C(=N)C(C(C2C(=O)N)C=3OC=CC3)C#N)C(=O)C1=CC=4OC=CC4,Nn1c(=O)c(Cc2ccco2)n[nH]c1=S
EGFR,Euclidean Search,0.15,S1C=2N(C(=N)C(C(C2C(=O)N)C=3OC=CC3)C#N)C(=O)C1=CC=4OC=CC4,Nn1c(=O)c(Cc2ccco2)n[nH]c1=S
EGFR,Euclidean Search,0.15,S1C=2N(C(=N)C(C(C2C(=O)N)C=3OC=CC3)C#N)C(=O)C1=CC=4OC=CC4,Nn1c(=O)c(Cc2ccco2)n[nH]c1=S
EGFR,Euclidean Search,0.15,S1C=2N(C(=N)C(C(C2C(=O)N)C=3OC=CC3)C#N)C(=O)C1=CC=4OC=CC4,Nn1c(=O)c(Cc2ccco2)n[nH]c1=S
EGFR,Euclidean Search,0.15,S1C=2N(C(=N)C(C(C2C(=O)N)C=3OC=CC3)C#N)C(=O)C1=CC=4OC=CC4,Nn1c(=O)c(Cc2ccco2)n[nH]c1=S
EGFR,Euclidean Search,0.3,C=1(NC=2C=CC=CC2C1CCC(O)=O)S,CNC(=O)CCc1cc2ccccc2[nH]1
EGFR,Euclidean Search,0.15,S1C=2N(C(=N)C(C(C2C(=O)N)C=3OC=CC3)C#N)C(=O)C1=CC=4OC=CC4,Nn1c(=O)c(Cc2ccco2)n[nH]c1=S
EGFR,Euclidean Search,0.15,S1C=2N(C(=N)C(C(C2C(=O)N)C=3OC=CC3)C#N)C(=O)C1=CC=4OC=CC4,Nn1c(=O)c(Cc2ccco2)n[nH]c1=S
EGFR,Euclidean Search,0.15,S1C=2N(C(=N)C(C(C2C(=O)N)C=3OC=CC3)C#N)C(=O)C1=CC=4OC=CC4,Nn1c(=O)c(Cc2ccco2)n[nH]c1=S
EGFR,Euclidean Search,0.33,C=1C=C(/C=C/C(=N/NC(N)=S)/C2=CC=C(C=C2)C)C=CC1,Cc1ccc(cc1)C(=O)/N=c2/cccc[nH]2
EGFR,Euclidean Search,0.15,S1C=2N(C(=N)C(C(C2C(=O)N)C=3OC=CC3)C#N)C(=O)C1=CC=4OC=CC4,Nn1c(=O)c(Cc2ccco2)n[nH]c1=S
EGFR,Euclidean Search,0.15,S1C=2N(C(=N)C(C(C2C(=O)N)C=3OC=CC3)C#N)C(=O)C1=CC=4OC=CC4,Nn1c(=O)c(Cc2ccco2)n[nH]c1=S
EGFR,Euclidean Search,0.3,C=1(NC=2C=CC=CC2C1CCC(O)=O)S,CNC(=O)CCc1cc2ccccc2[nH]1
EGFR,Euclidean Search,0.15,S1C=2N(C(=N)C(C(C2C(=O)N)C=3OC=CC3)C#N)C(=O)C1=CC=4OC=CC4,Nn1c(=O)c(Cc2ccco2)n[nH]c1=S
EGFR,Euclidean Search,0.15,S1C=2N(C(=N)C(C(C2C(=O)N)C=3OC=CC3)C#N)C(=O)C1=CC=4OC=CC4,Nn1c(=O)c(Cc2ccco2)n[nH]c1=S
EGFR,Euclidean Search,0.15,S1C=2N(C(=N)C(C(C2C(=O)N)C=3OC=CC3)C#N)C(=O)C1=CC=4OC=CC4,Nn1c(=O)c(Cc2ccco2)n[nH]c1=S
EGFR,Euclidean Search,0.15,S1C=2N(C(=N)C(C(C2C(=O)N)C=3OC=CC3)C#N)C(=O)C1=CC=4OC=CC4,Nn1c(=O)c(Cc2ccco2)n[nH]c1=S
EGFR,Euclidean Search,0.15,S1C=2N(C(=N)C(C(C2C(=O)N)C=3OC=CC3)C#N)C(=O)C1=CC=4OC=CC4,Nn1c(=O)c(Cc2ccco2)n[nH]c1=S
EGFR,Euclidean Search,0.15,S1C=2N(C(=N)C(C(C2C(=O)N)C=3OC=CC3)C#N)C(=O)C1=CC=4OC=CC4,Nn1c(=O)c(Cc2ccco2)n[nH]c1=S
EGFR,Euclidean Search,0.15,S1C=2N(C(=N)C(C(C2C(=O)N)C=3OC=CC3)C#N)C(=O)C1=CC=4OC=CC4,Nn1c(=O)c(Cc2ccco2)n[nH]c1=S
EGFR,Euclidean Search,0.15,S1C=2N(C(=N)C(C(C2C(=O)N)C=3OC=CC3)C#N)C(=O)C1=CC=4OC=CC4,Nn1c(=O)c(Cc2ccco2)n[nH]c1=S
EGFR,Euclidean Search,0.15,S1C=2N(C(=N)C(C(C2C(=O)N)C=3OC=CC3)C#N)C(=O)C1=CC=4OC=CC4,Nn1c(=O)c(Cc2ccco2)n[nH]c1=S
EGFR,Euclidean Search,0.15,S1C=2N(C(=N)C(C(C2C(=O)N)C=3OC=CC3)C#N)C(=O)C1=CC=4OC=CC4,Nn1c(=O)c(Cc2ccco2)n[nH]c1=S
EGFR,Euclidean Search,0.15,S1C=2N(C(=N)C(C(C2C(=O)N)C=3OC=CC3)C#N)C(=O)C1=CC=4OC=CC4,Nn1c(=O)c(Cc2ccco2)n[nH]c1=S
EGFR,Euclidean Search,0.15,S1C=2N(C(=N)C(C(C2C(=O)N)C=3OC=CC3)C#N)C(=O)C1=CC=4OC=CC4,Nn1c(=O)c(Cc2ccco2)n[nH]c1=S
EGFR,Euclidean Search,0.33,C=1C=C(/C=C/C(=N/NC(N)=S)/C2=CC=C(C=C2)C)C=CC1,Cc1ccc(cc1)C(=O)/N=c2/cccc[nH]2
EGFR,Euclidean Search,0.15,S1C=2N(C(=N)C(C(C2C(=O)N)C=3OC=CC3)C#N)C(=O)C1=CC=4OC=CC4,Nn1c(=O)c(Cc2ccco2)n[nH]c1=S
EGFR,Euclidean Search,0.15,S1C=2N(C(=N)C(C(C2C(=O)N)C=3OC=CC3)C#N)C(=O)C1=CC=4OC=CC4,Nn1c(=O)c(Cc2ccco2)n[nH]c1=S
EGFR,Euclidean Search,0.15,S1C=2N(C(=N)C(C(C2C(=O)N)C=3OC=CC3)C#N)C(=O)C1=CC=4OC=CC4,Nn1c(=O)c(Cc2ccco2)n[nH]c1=S
EGFR,Euclidean Search,0.15,S1C=2N(C(=N)C(C(C2C(=O)N)C=3OC=CC3)C#N)C(=O)C1=CC=4OC=CC4,Nn1c(=O)c(Cc2ccco2)n[nH]c1=S
EGFR,Euclidean Search,0.15,S1C=2N(C(=N)C(C(C2C(=O)N)C=3OC=CC3)C#N)C(=O)C1=CC=4OC=CC4,Nn1c(=O)c(Cc2ccco2)n[nH]c1=S
EGFR,Euclidean Search,0.15,S1C=2N(C(=N)C(C(C2C(=O)N)C=3OC=CC3)C#N)C(=O)C1=CC=4OC=CC4,Nn1c(=O)c(Cc2ccco2)n[nH]c1=S
EGFR,Euclidean Search,0.15,S1C=2N(C(=N)C(C(C2C(=O)N)C=3OC=CC3)C#N)C(=O)C1=CC=4OC=CC4,Nn1c(=O)c(Cc2ccco2)n[nH]c1=S
EGFR,Euclidean Search,0.3,C=1(NC=2C=CC=CC2C1CCC(O)=O)S,CNC(=O)CCc1cc2ccccc2[nH]1
EGFR,Euclidean Search,0.15,S1C=2N(C(=N)C(C(C2C(=O)N)C=3OC=CC3)C#N)C(=O)C1=CC=4OC=CC4,Nn1c(=O)c(Cc2ccco2)n[nH]c1=S
EGFR,Euclidean Search,0.15,S1C=2N(C(=N)C(C(C2C(=O)N)C=3OC=CC3)C#N)C(=O)C1=CC=4OC=CC4,Nn1c(=O)c(Cc2ccco2)n[nH]c1=S
EGFR,Euclidean Search,0.15,S1C=2N(C(=N)C(C(C2C(=O)N)C=3OC=CC3)C#N)C(=O)C1=CC=4OC=CC4,Nn1c(=O)c(Cc2ccco2)n[nH]c1=S
EGFR,Euclidean Search,0.3,C=1(NC=2C=CC=CC2C1CCC(O)=O)S,CNC(=O)CCc1cc2ccccc2[nH]1
EGFR,Euclidean Search,0.15,S1C=2N(C(=N)C(C(C2C(=O)N)C=3OC=CC3)C#N)C(=O)C1=CC=4OC=CC4,Nn1c(=O)c(Cc2ccco2)n[nH]c1=S
EGFR,Euclidean Search,0.15,S1C=2N(C(=N)C(C(C2C(=O)N)C=3OC=CC3)C#N)C(=O)C1=CC=4OC=CC4,Nn1c(=O)c(Cc2ccco2)n[nH]c1=S
EGFR,Euclidean Search,0.15,S1C=2N(C(=N)C(C(C2C(=O)N)C=3OC=CC3)C#N)C(=O)C1=CC=4OC=CC4,Nn1c(=O)c(Cc2ccco2)n[nH]c1=S
EGFR,Euclidean Search,0.15,S1C=2N(C(=N)C(C(C2C(=O)N)C=3OC=CC3)C#N)C(=O)C1=CC=4OC=CC4,Nn1c(=O)c(Cc2ccco2)n[nH]c1=S
EGFR,Euclidean Search,0.15,S1C=2N(C(=N)C(C(C2C(=O)N)C=3OC=CC3)C#N)C(=O)C1=CC=4OC=CC4,Nn1c(=O)c(Cc2ccco2)n[nH]c1=S
EGFR,Euclidean Search,0.3,C=1(NC=2C=CC=CC2C1CCC(O)=O)S,CNC(=O)CCc1cc2ccccc2[nH]1
EGFR,Euclidean Search,0.15,S1C=2N(C(=N)C(C(C2C(=O)N)C=3OC=CC3)C#N)C(=O)C1=CC=4OC=CC4,Nn1c(=O)c(Cc2ccco2)n[nH]c1=S
EGFR,Euclidean Search,0.15,S1C=2N(C(=N)C(C(C2C(=O)N)C=3OC=CC3)C#N)C(=O)C1=CC=4OC=CC4,Nn1c(=O)c(Cc2ccco2)n[nH]c1=S
EGFR,Euclidean Search,0.15,S1C=2N(C(=N)C(C(C2C(=O)N)C=3OC=CC3)C#N)C(=O)C1=CC=4OC=CC4,Nn1c(=O)c(Cc2ccco2)n[nH]c1=S
EGFR,Euclidean Search,0.15,S1C=2N(C(=N)C(C(C2C(=O)N)C=3OC=CC3)C#N)C(=O)C1=CC=4OC=CC4,Nn1c(=O)c(Cc2ccco2)n[nH]c1=S
EGFR,Euclidean Search,0.15,S1C=2N(C(=N)C(C(C2C(=O)N)C=3OC=CC3)C#N)C(=O)C1=CC=4OC=CC4,Nn1c(=O)c(Cc2ccco2)n[nH]c1=S
EGFR,Euclidean Search,0.15,S1C=2N(C(=N)C(C(C2C(=O)N)C=3OC=CC3)C#N)C(=O)C1=CC=4OC=CC4,Nn1c(=O)c(Cc2ccco2)n[nH]c1=S
EGFR,Euclidean Search,0.15,S1C=2N(C(=N)C(C(C2C(=O)N)C=3OC=CC3)C#N)C(=O)C1=CC=4OC=CC4,Nn1c(=O)c(Cc2ccco2)n[nH]c1=S
EGFR,Euclidean Search,0.15,S1C=2N(C(=N)C(C(C2C(=O)N)C=3OC=CC3)C#N)C(=O)C1=CC=4OC=CC4,Nn1c(=O)c(Cc2ccco2)n[nH]c1=S
EGFR,Euclidean Search,0.15,S1C=2N(C(=N)C(C(C2C(=O)N)C=3OC=CC3)C#N)C(=O)C1=CC=4OC=CC4,Nn1c(=O)c(Cc2ccco2)n[nH]c1=S
EGFR,Euclidean Search,0.15,S1C=2N(C(=N)C(C(C2C(=O)N)C=3OC=CC3)C#N)C(=O)C1=CC=4OC=CC4,Nn1c(=O)c(Cc2ccco2)n[nH]c1=S
EGFR,Euclidean Search,0.15,S1C=2N(C(=N)C(C(C2C(=O)N)C=3OC=CC3)C#N)C(=O)C1=CC=4OC=CC4,Nn1c(=O)c(Cc2ccco2)n[nH]c1=S
EGFR,Euclidean Search,0.33,C=1C=C(/C=C/C(=N/NC(N)=S)/C2=CC=C(C=C2)C)C=CC1,Cc1ccc(cc1)C(=O)/N=c2/cccc[nH]2
EGFR,Euclidean Search,0.15,S1C=2N(C(=N)C(C(C2C(=O)N)C=3OC=CC3)C#N)C(=O)C1=CC=4OC=CC4,Nn1c(=O)c(Cc2ccco2)n[nH]c1=S
EGFR,Pre-trained hierVAE Generate,0.15,C(CC=1C=CC(=CC1)F)(=O)NS(C=2C=CC(=CC2)Cl)(=O)=O,COC(CN(C)Cc1ccc(F)cc1)C(C)CN(C(C)CO)S(=O)(=O)c1ccc(Cl)cc1
EGFR,Pre-trained hierVAE Generate,0.04,C=1C=CC(NCC2=CC=NC=C2)=C(C1)C(=O)NC3=CC(=CC=C3)C(F)(F)F,CCc1ccccc1C(=O)Nc1cccc(C(=O)Nc2cccc(C(F)(F)F)c2)c1
EGFR,Pre-trained hierVAE Generate,0.14,C1=C(C=2C(=NC=NC2C=C1)NC=3C=CC(OCC4=NC=CC=C4)=C(C3)Cl)O[C@@H](C(N(C)C)=O)C,CC1CN(C(C)CO)S(=O)(=O)c2ccc(-c3cccc(C(=O)N(C)C)c3)cc2OC1CN(C)Cc1ccccn1
EGFR,Pre-trained hierVAE Generate,0.07,O=C1NCC=2C(C=3C(=CC(NC(=O)NC4=CC(=CC(=C4)C)C)=CC3)C)=CC=CC21,Cc1noc(C)c1NC(=O)Nc1ccc2c(c1)C(=O)N(C)C1CCC(CC(=O)O)OC1CO2
EGFR,Pre-trained hierVAE Generate,0.17,FC1=C(NC(=O)/C=C/C2=CC=CC=C2)C=CC=C1,COc1ccccc1CNC(=O)CC1CCC2C(COCC(O)CN2C(=O)Nc2ccccc2F)O1
EGFR,Pre-trained hierVAE Generate,0.05,[N+]=1(CCCCCCCCCCCCCCCC)C=CC=CC1,CCCCCCCCCCCCCCCCCCCC(O)C(O)C(O)CO
EGFR,Pre-trained hierVAE Generate,0.1,C1=CC(C(=O)NC2=CC(=CC=C2)Cl)=C(O)C=C1NC(C=C)=O,CC(C)(C)c1ccc(C(=O)Nc2ccc(C(=O)O)c(O)c2)cc1
EGFR,Pre-trained hierVAE Generate,0.12,N=1C=CC2=NC=NC(=C2C1)NC3=CC=CC(=C3NCCCN4CCOCC4)C,CN(C)c1ncnc2ccc(C(=O)NCCCN3CCOCC3)cc12
EGFR,Pre-trained hierVAE Generate,0.11,FC(F)(F)C1=CC(NC(=O)NC2=CC=C(OC=3C=C(N=CC3)C(=O)NC)C=C2)=CC=C1,COc1cccc(CNC(=O)CC2CC3c4cc(NC(=O)Nc5ccc(C(F)(F)F)cc5)ccc4OC3C(CO)O2)c1
EGFR,Pre-trained hierVAE Generate,0.06,N=1C=CC2=NC=NC(=C2C1)NC3=CC=CC(C)=C3NCCCN4CCN(CC4)C,Cc1ccc(C)c(Nc2ccc(C(=O)NCCCN3CCN(C)CC3)cc2)c1C
EGFR,Pre-trained hierVAE Generate,0.1,C(CC=1C=CC(=CC1)F)(=O)NS(C=2C=CC(=CC2)F)(=O)=O,CC(C)(C)S(=O)N1Cc2cc(C(=O)NCc3ccc(F)cc3)nc(C(=O)NCc3ccc(F)cc3)c2C1CCO
EGFR,Pre-trained hierVAE Generate,0.07,C=1(C=C(O)C2=C(C1)OC(=CC2=O)C3=CC=CC=C3)OCC(NCCCCCCCCCCCCCCCCCCCC)=O,CCCCCCCCCCCCCCCCCCCCCC(=O)Nc1ccc(O)c(O)c1
EGFR,Pre-trained hierVAE Generate,0.1,C=1(C=C(O)C2=C(C1)OC(=CC2=O)C3=CC=CC=C3)OCC(NCCCCCCCCCCCCCCCCCCCC)=O,CCCCCCCCCCCCCCCCCCCCC(=O)Nc1ccccc1C(=O)O
EGFR,Pre-trained hierVAE Generate,0.12,S1C=2C(N=C1NC(C3=CC=CC=C3)CCO)=CC=C(C2)C=4C=CN=CC4,CC1CN(C(C)CO)S(=O)(=O)c2ccc(C#Cc3ccncc3)cc2OC1CN(C)C(=O)c1nc2ccccc2s1
EGFR,Pre-trained hierVAE Generate,0.03,[N+]=1(CCCCCCCCCCCCCCCC)C=CC=CC1,CCCCCCCCCCCCCCCCCCCCCC(O)C(C)(C)C
EGFR,Pre-trained hierVAE Generate,0.13,C1CN(CCN1C2=CC=C(C(=C2)OC)NC3=NC4=C(C=N3)C(N(C(C(N4C5=CC=CC(=C5)NC(C=C)=O)=O)CC6=CC=C(C=C6)F)C)=O)C,COC1CN(C)C(=O)c2cc(NC(=O)NC(C)C)ccc2OCC(C)N(Cc2ccc(F)cc2)CC1C
EGFR,Pre-trained hierVAE Generate,0.07,BrC=1C=C(NC2=NC=NC=3C2=CC(NC(=O)CCN4CCOCC4)=CC3)C=CC1,CC1CN(C(C)CO)C(=O)Cc2cc(NC(=O)CCN3CCOCC3)ccc2OC1CN(C)C
EGFR,Pre-trained hierVAE Generate,0.08,FC1=CC=C(CNC2=NC=NC=3C2=CC(OC)=C(OC)C3)C=C1,COc1ccc(CNc2ncnc3ccc(C#N)cc23)cc1OC
EGFR,Pre-trained hierVAE Generate,0.06,C=1(C=C(O)C2=C(C1)OC(=CC2=O)C3=CC=CC=C3)OCC(NCCCCCCCCCCCCCCCCCCCC)=O,CCNCCCCCCCCCCCCCCCCCCCCCCCCCCCCCCCCCCCCCC(=O)Nc1ccc(C(=O)c2ccccc2)cc1
EGFR,Pre-trained hierVAE Generate,0.13,C=1(C=C(O)C2=C(C1)OC(=CC2=O)C3=CC=CC=C3)OCC(OCCCCCCCCCCCCCCCCCCCC)=O,CCCCCCCCCCCCCCCCCCCCCCCCC(=O)OCCCCCCCCCCCCCCCC(=O)O
EGFR,Pre-trained hierVAE Generate,0.15,C=1(OCC(NCCCCCCCCCCCCCC)=O)C=C(O)C=2C(C=C(OC2C1)C3=CC=CC=C3)=O,COc1ccccc1NC(=O)Nc1cccc(CCCCCCCCCCC(=O)NCCCCNC(=O)CCc2ccc(F)cc2)c1
EGFR,Pre-trained hierVAE Generate,0.03,BrC1=CC(NC2=NC=NC=3C2=CC(NCC4=CC=5OCOC5C=C4)=CC3)=CC=C1,CCCNC(=O)CC1CC2c3cc(NC(=O)c4ccc5c(c4)OCO5)ccc3OC2C(CO)O1
EGFR,Pre-trained hierVAE Generate,0.04,C=1C=C(NC(C2=CC=C(C=C2)N(CCCl)CCCl)=O)C=CC1C,Cc1ccc(C(=O)Nc2ccc(S(=O)(=O)N(C)C)cc2)cc1
EGFR,Pre-trained hierVAE Generate,0.09,S1C2=C(C(C3=CC(F)=CC=C3)=CN=C2)C=C1C(=O)O,CC1CN(C(C)CO)C(=O)c2cc(C3=CCCC3)cnc2OC1CN(C)C(=O)c1cccc(F)c1
EGFR,Pre-trained hierVAE Generate,0.11,C1=2C(NC=3C(=CC(=CC3)Cl)F)=NC=NC1=CC(=C(C2)OC)OCCCN4CCOCC4,COc1ccc(CNc2ncnc3ccc(C(=O)NCCCN4CCOCC4)cc23)cc1OC
EGFR,Pre-trained hierVAE Generate,0.12,C=1(C=C(O)C2=C(C1)OC(=CC2=O)C3=CC=CC=C3)OCC(NCCCCCCCCCCCCCCCCCCCC)=O,CCCCCCCCCCCCCCCCCCCCCCC(=O)Nc1ccc(C(=O)O)cc1
EGFR,Pre-trained hierVAE Generate,0.09,[N+]=1(CCCCCCCCCCCCCCCC)C=CC=CC1,CCCCCCCCCCCCCCCCCCCCCCCCCC(=O)N(CC)CC
EGFR,Pre-trained hierVAE Generate,0,N1(C2=C(C=3C=C(C=CC13)OCCC4=CC=C(C=C4)O)CC(CC2)N)CCCCCC5=CC=C(C=C5)C(F)(F)F,CC1CN(C(C)CO)C(=O)c2c(c3ccccc3n2C)-c2ccccc2COC1CN(C)Cc1ccc(C(F)(F)F)cc1
EGFR,Pre-trained hierVAE Generate,0.03,S1C2=NNC(=C2C=C1C(=O)NCC3=CC=C(N(C)C)C=C3)C4=CC=CC=C4,CN(C)c1ccc2c(c1)C1CC(CC(=O)NCc3ccc(-c4ccccc4)cc3)OC(CO)C1O2
EGFR,Pre-trained hierVAE Generate,0.12,S1C2=C(C(C=3C=C4OCOC4=CC3)=C1)C(=NC=C2C=CC(=O)NC)N,CCNC(=O)CC1CC2c3cc(NC(=O)c4ccc5c(c4)OCO5)ccc3OC2C(CO)O1
EGFR,Pre-trained hierVAE Generate,0.16,O1C=2C(C3=CC=CC=C3C(C2C4=C(C(=C5C=CC=CC5=C14)OCCN(C)C)C(=O)OC)=O)=O,CC1CN(C(C)CO)C(=O)c2ccccc2-c2ccccc2COC1CN(C)C(=O)CCC(F)(F)F
EGFR,Pre-trained hierVAE Generate,0.1,C1(=CC=C(C=C1)C=2CC(C=3C=CC(=CC3)F)N(N2)C=4SC=C(N4)C5=CC=C(C=C5)Cl)OC,COc1ccc(-c2ccc(C3C(C#N)N(C(=O)Nc4ccc(F)cc4)C3CO)cc2)cc1
EGFR,Pre-trained hierVAE Generate,0.04,[N+]=1(CCCCCCCCCCCCCCCC)C=CC=CC1,CCCCCCCCCCCCCCCCCCCCCCCC(=O)NC(C)C
EGFR,Pre-trained hierVAE Generate,0.17,C=1C=C(C2=CC=C3N(C(=O)NC=4C(=CC=CC4)CC)C[C@H](OC3=C2)C)C=CC1[C@H]5CC[C@H](CC(=O)O)CC5,CC(C)NC(=O)Nc1ccc2c(c1)C(=O)N(C(C)CO)CC(C)C(CN(C)Cc1ccccc1C(F)(F)F)OCCCCC(C)O2
EGFR,Pre-trained hierVAE Generate,0.14,BrC=1C=C(NC2=NC=NC=3C2=CC(NC(=O)CCN4CCOCC4)=CC3)C=CC1,CC(C)(C)c1ccc(C(=O)Nc2ncnc3ccc(C(=O)NCCCN4CCOCC4)cc23)cc1
EGFR,Pre-trained hierVAE Generate,0.08,C=1(C=2C(=CC=C(NC(C#CCN(C(C)C)C(C)C)=O)C2)N=CN1)NC=3C=C(Br)C=CC3,CC(C)CC#Cc1ccc2c(c1)OC(CN(C)C(=O)NC(C)C)C(C)CN(C(C)CO)S2(=O)=O
EGFR,Pre-trained hierVAE Generate,0.09,S(=O)(=O)(CCNC(NC1=CC2=C(N=CN=C2C=C1O[C@@H]3COCC3)NC=4C=C(C(=CC4)F)Cl)=O)C,CCCNC(=O)N1CC(C)C(OC)CN(C)C(=O)c2ccc(NS(C)(=O)=O)cc2OCC1C
EGFR,Pre-trained hierVAE Generate,0.06,[N+]=1(CCCCCCCCCCCCCCCC)C=CC=CC1,CCCCCCCCCCCCCCCCCCC(=O)NC(CCC(=O)O)C(=O)O
EGFR,Pre-trained hierVAE Generate,0.05,C1(=C(C2=CC=CC=C2N1C)C(NCC=3C=CC(C(=O)O)=CC3)=O)SSC4=C(C=5C=CC=CC5N4C)C(NCC6=CC=C(C(=O)O)C=C6)=O,CC1CN(C(C)CO)C(=O)c2c(c3ccccc3n2C)-c2ccccc2COC1CN(C)Cc1ccc(C(=O)O)cc1
EGFR,Pre-trained hierVAE Generate,0.07,[N+]=1(CCCCCCCCCCCCCCCC)C=CC=CC1,CCCCCCCCCCCCCCCCCCCCCC(O)c1ccc(O)cc1
EGFR,Pre-trained hierVAE Generate,0.08,ClC=1C(Cl)=CC=C(C1)CNC(=O)NC2=CC=3C(=NNC3)C=C2,COc1ccc(S(=O)(=O)Nc2ccc3c(c2)C2CC(CC(=O)NCc4ccc(Cl)c(Cl)c4)OC(CO)C2O3)cc1
EGFR,Pre-trained hierVAE Generate,0.16,O=C(NC=1C=C2C(C3=CC=CC=C3)=CNC2=NC1)C=4C=CC(OC)=CC4,COc1ccc(C(=O)Nc2ccc3c(c2)OCC(C)N(C(=O)c2cccc(F)c2)CC(C)C(OC)CN(C)C3=O)cc1
EGFR,Pre-trained hierVAE Generate,0.12,C=1(C=C(O)C2=C(C1)OC(=CC2=O)C3=CC=CC=C3)OCC(NCCCCCCCCCCCCCCCCCCCC)=O,Cc1ccc(C(=O)CCCCCCCCCCCCCCCCCCCCCCCC(=O)Nc2ccccc2C)c(C)c1
EGFR,Pre-trained hierVAE Generate,0.12,O1C2=C3C=CC=CC3=C(OCCN4CCOCC4)C(=C2C=5C(C6=CC=CC=C6C(C51)=O)=O)C(=O)OC,CC1CN(C(C)CO)C(=O)c2c(c3ccccc3n2C)-c2ccccc2COC1CN(C)C(=O)CCN1CCOCC1
EGFR,Pre-trained hierVAE Generate,0.08,C=1(C=C(O)C2=C(C1)OC(=CC2=O)C3=CC=CC=C3)OCC(NCCCCCCCCCCCCCCCCCCCC)=O,CCCCCCCCCCCCCCCCCCCCC(=O)Nc1cc2c(=O)c3ccccc3oc2cc1O
EGFR,Pre-trained hierVAE Generate,0.31,C=1(C=C(O)C2=C(C1)OC(=CC2=O)C3=CC=CC=C3)OCC(NCCCCCCCCCCCCCCCCCCCC)=O,CCCCCCCCCCCCCCCCCCCCCC(=O)NCCCCCCCCCCCC(=O)NCCCCCCCCCCC(=O)NC(C)(C)C
EGFR,Pre-trained hierVAE Generate,0.1,[N+]=1(CCCCCCCCCCCCCCCC)C=CC=CC1,CCCCCCCCCCCCCCCCCCC(O)COc1ccc(C(=O)O)cc1
EGFR,Pre-trained hierVAE Generate,0.15,N=1C=CC2=NC=NC(=C2C1)NC3=CC=CC(=C3NCCCN4CCOCC4)C,CN(C)c1ncnc2ccc(C(=O)NCCCN3CCOCC3)cc12
EGFR,Pre-trained hierVAE Generate,0.02,C1(=C(C=C(C=C1)NC(C2=CC=C(C(=C2)NC(C3=CC=CN=C3)=O)C)=O)C(F)(F)F)CN4CCN(CC4)C,CC1CN(C(C)CO)C(=O)c2cc(NC(=O)CCC(F)(F)F)ccc2OC1CN(C)Cc1cccnc1
EGFR,Pre-trained hierVAE Generate,0.01,C=1(C=C(O)C2=C(C1)OC(=CC2=O)C3=CC=CC=C3)OCC(NCCCCCCCCCCCCCCCCCCCC)=O,CCCCCCCCCCCCCCCCCCCCCCCCCC(=O)NC(CO)C(=O)O
EGFR,Pre-trained hierVAE Generate,0.06,C(NCC1=CC=CC=C1)(C2=CC=C(C3=C(C=C(C=C3)C(C)(C)C)O)C=C2)=O,CC(C)(C)c1ccc(C(=O)c2ccc(C(=O)NCCCN3CCN(Cc4ccccc4)CC3)cc2)cc1
EGFR,Pre-trained hierVAE Generate,0.16,O(C1CCN(CC1)CCCC(=O)C=2C=CC(C(C)(C)C)=CC2)C(C3=CC=CC=C3)C4=CC=CC=C4,CC(C)(C)S(=O)N(Cc1ccccc1)S(=O)(=O)c1ccc(S(=O)(=O)NCCCN2CCC(Cc3ccccc3)CC2)cc1
EGFR,Pre-trained hierVAE Generate,0.22,S(OC=1C=CC(C(C(CN(C)C)=C)=O)=CC1)(C=2C=CC(C(=O)O)=CC2)(=O)=O,CC(C)NC(=O)N(C)CC1Oc2cc(C#Cc3ccc(C(=O)O)cc3)ccc2S(=O)(=O)N(C(C)CO)CC1C
EGFR,Pre-trained hierVAE Generate,0.14,C1(=C(C=CC(=C1)C(=O)NC2=CC(=C(C=C2)OCC3=NC=CC=C3)Cl)OCC)NC(C4=CC=C(C=C4)CN5CCN(CC5)C)=O,CC(C)(C)c1ccc(CC(=O)NCCCNC(=O)c2ccccc2NC(=O)c2ccc(NC(=O)c3ccc(C(C)(C)C)cc3)cc2)cc1
EGFR,Pre-trained hierVAE Generate,0.13,C1(=CC=C2C(=C1)C=NN2)C3=C(N=CN3CCCN4CCOCC4)C5=CC=C(C=C5)F,CC(C)(C)S(=O)N1Cc2cc(-c3ccc(-c4ccc(F)cc4)cc3)nc(C(=O)NCCN3CCOCC3)c2C1CCO
EGFR,Pre-trained hierVAE Generate,0.15,[C@]12(N3C4=C5C(C6=C(N5[C@@H](O1)C[C@@H]([C@@H]2OC)N(C(C7=CN=CC=C7)=O)C)C=CC=C6)=C8C(=C4C9=C3C=CC=C9)CNC8=O)C,CC1CN(C(C)CO)C(=O)c2c(c3ccccc3n2C)-c2ccccc2COC1CN(C)C(=O)c1cccnc1
EGFR,Pre-trained hierVAE Generate,0.17,BrC=1C=C(NC2=NC=NC=3C2=CC(NC(=O)CCN4CCOCC4)=CC3)C=CC1,CC1CN(C(C)CO)C(=O)Cc2cc(NC(=O)CCN3CCOCC3)ccc2OC1CN(C)C
EGFR,Pre-trained hierVAE Generate,0.14,FC1=CC=C(CNC2=NC=NC=3C2=CC(OC)=C(OC)C3)C=C1,COc1ccc(CNc2ncnc3ccc(C#N)cc23)cc1OC
EGFR,Pre-trained hierVAE Generate,0.01,C(NCC1=CC=CC=C1)(C2=CC=C(C3=C(C=C(C=C3)C(C)(C)C)O)C=C2)=O,CC(C)(C)c1ccc(-c2ccc3n(c2=O)CC2C3NC(C(=O)NCCc3ccccc3)C2CO)cc1
EGFR,Pre-trained hierVAE Generate,0.08,C=1(C=C(O)C2=C(C1)OC(=CC2=O)C3=CC=CC=C3)OCC(NCCCCCCCCCCCCCCCCCCCC)=O,CCCCCCCCCCCCCCCCCCCCCCC(=O)NCCCCCCCCCCCCC(=O)NC(CO)CCCC(=O)NCCCCCCCCCCCC(=O)NC(C)C
EGFR,Pre-trained hierVAE Generate,0.06,C(CC=1C=CC(=CC1)F)(=O)NS(C=2C=CC(=CC2)Cl)(=O)=O,COC(CN(C)Cc1ccc(F)cc1)C(C)CN(C(C)CO)S(=O)(=O)c1ccc(Cl)cc1
EGFR,Pre-trained hierVAE Generate,0.1,N1(CCC(C2=CC=C(OCC3=CC=CC=C3)C=C2)=O)CCOCC1,CCCCCC1CCc2cnnn2COCC(Cc2ccccc2)NC1=O
EGFR,Pre-trained hierVAE Generate,0.08,O=C1N(C=2C(N(C1CC)C3CCCC3)=NC(=NC2)NC4=C(OC)C=C(C=C4)C(=O)NC5CCCCC5)C,CC1CCCCOC(CN(C)C(=O)NC2CCCCC2)C(C)CN(C(C)CO)C(=O)c2cc(NC(=O)CCC(F)(F)F)ccc2O1
EGFR,Pre-trained hierVAE Generate,0.07,N1(C(=[N+](C=C1)CCCCCCCCCCCCCCCC)C)CC2=CC=CC=C2,CCCCCCCCCCCCCCCCCC(=O)Nc1ccc(C(=O)N2CCN(Cc3ccccc3)CC2)cc1
EGFR,Pre-trained hierVAE Generate,0.09,C1=2C(NC=3C(=CC(=CC3)Cl)F)=NC=NC1=CC(=C(C2)OC)OCCCN4CCOCC4,COc1ccc(CNc2ncnc3ccc(C(=O)NCCCN4CCOCC4)cc23)cc1OC
EGFR,Pre-trained hierVAE Generate,0.03,C=1(C=C(O)C2=C(C1)OC(=CC2=O)C3=CC=CC=C3)OCC(NCCCCCCCCCCCCCCCCCCCC)=O,CCCCCCCCCCCCCCCCCCCCC(=O)Nc1ccc(C(=O)O)cc1
EGFR,Pre-trained hierVAE Generate,0.11,C=1(C=C(O)C2=C(C1)OC(=CC2=O)C3=CC=CC=C3)OCC(NCCCCCCCCCCCCCCCCCCCC)=O,COc1ccccc1CNC(=O)CCCCCCCCCCCCCCCCCCCCCCCCCCCCCC(=O)Nc1ccc(O)cc1
EGFR,Pre-trained hierVAE Generate,0.14,C1(=C(C=C(C=C1)NC(C2=CC=C(C(=C2)NC(C3=CC=CN=C3)=O)C)=O)C(F)(F)F)CN4CCN(CC4)C,CCCNC(=O)CC1CC2c3cc(NC(=O)c4cccnc4)ccc3OC2C(CO)O1
EGFR,Pre-trained hierVAE Generate,0.12,C1(=C(C=2C=CC=CC2N1C)C(C=3C=CC(C(O)=O)=CC3)=O)S,CCCC#Cc1cnc2c(c1)C(=O)N(C(C)CO)CC(C)C(CN(C)Cc1ccc(C(=O)O)cc1)O2
EGFR,Pre-trained hierVAE Generate,0.13,N=1C=CC2=NC=NC(=C2C1)NC3=CC=CC(C)=C3NCCCN4CCN(CC4)C,Cc1ccc(C)c(Nc2ccc(C(=O)NCCCN3CCN(C)CC3)cc2)c1C
EGFR,Pre-trained hierVAE Generate,0.1,C(NCC1=CC=CC=C1)(C2=CC=C(C3=C(C=C(C=C3)C(C)(C)C)O)C=C2)=O,CC(C)(C)c1ccc(C(=O)NCCCNCCCNC(=O)c2ccc(-c3ccccc3S(=O)(=O)NC(=O)c3ccc(C(F)(F)F)cc3)cc2)cc1
EGFR,Pre-trained hierVAE Generate,0.07,FC(F)(F)C1=CC(NC(=O)NC2=CC=C(OC=3C=C(N=CC3)C(=O)NC)C=C2)=CC=C1,CNCCCC(=O)Nc1ccc(C(=O)Nc2cccc(C(F)(F)F)c2)cc1
EGFR,Pre-trained hierVAE Generate,0.11,C=1(NC(CCCCCC(=O)NO)=O)C=C(C(=O)NC=2C=C(C#C)C=CC2)C=CC1,CCCCCCCC(=O)Nc1cccc(C(=O)OC)c1
EGFR,Pre-trained hierVAE Generate,0.06,O=C(NC1=CC(=CC(=C1)C(=NNC(=N)N)C)C(=NNC(=N)N)C)NCCCCCCNC(=O)NC2=CC(=CC(=C2)C(=NNC(=N)N)C)C(=NNC(=N)N)C,CC(C(=O)NC(C)(C)C(=O)NCCCCCCC(=O)NC(CCCNC(=N)N)C(=O)NC(CCCNC(=N)N)C(=O)NCCCCNC(=N)N)C(C)(C)C
EGFR,Pre-trained hierVAE Generate,0.13,C1(=C(C=CC(=C1)C(C)(C)C)C2=CC=C(C(=O)OC)C=C2)OCOC,COc1ccc(C(=O)c2ccc(C(C)(C)C)cc2)c(OC)c1
EGFR,Pre-trained hierVAE Generate,0.12,[C@]12(N3C4=C5C(C6=C(N5[C@@H](O1)C[C@@H]([C@@H]2OC)N(C(C7=CC(Cl)=CC=C7)=O)C)C=CC=C6)=C8C(=C4C9=C3C=CC=C9)CNC8=O)C,CC1CN(C(C)CO)C(=O)c2c(c3ccccc3n2C)-c2ccccc2COC1CN(C)Cc1cccc(C(=O)O)c1
EGFR,Pre-trained hierVAE Generate,0.09,ClC1=C(C=C(NC(=O)C=2C=C(NC(=O)CCCCCC(O)=NO)C=CC2O)C=C1)C(F)(F)F,CC1CN(C(C)CO)C(=O)c2cc(NC(=O)CCC(F)(F)F)ccc2OC1CN(C)C
EGFR,Pre-trained hierVAE Generate,0.04,C1=C(C2=NN=C(O2)SCC=3C=CC(=CC3)C4=CC=C(C=C4)C#N)C=CC5=C1OCO5,CC1CN(C(C)CO)S(=O)(=O)c2ccc(-c3ccc(C#N)cc3)cc2OC1CN(C)Cc1ccc(C(=O)O)cc1
EGFR,Pre-trained hierVAE Generate,0.11,ClC=1C=C(NC(=O)C=2C=C(NC(=O)CCCCCC(O)=NO)C=CC2O)C=CC1Cl,CC(C)(C)c1ccc(C(=O)OCCCCCCC(=O)Nc2ccc(Cl)c(Cl)c2)cc1
EGFR,Pre-trained hierVAE Generate,0.06,[N+]=1(CCCCCCCCCCCCCCCC)C=CC=CC1,CCCCCCCCCCCCCCC(=O)NCCCC(=O)O
EGFR,Pre-trained hierVAE Generate,0.04,C(CC=1C=CC(=CC1)F)(=O)NS(C=2C=CC(=CC2)Cl)(=O)=O,COC(CN(C)Cc1ccc(F)cc1)C(C)CN(C(C)CO)S(=O)(=O)c1ccc(Cl)cc1
EGFR,Pre-trained hierVAE Generate,0.1,O=C(NC=1C=C2C(C=3C=CC=CC3)=CNC2=NC1)C4=CC(OC)=CC=C4,COc1cccc(C(=O)Nc2ccc3c(c2)C2CC(CC(=O)NCCc4ccccc4)OC(CO)C2O3)c1
EGFR,Pre-trained hierVAE Generate,0.02,C(CC=1C=CC(=CC1)Cl)(=O)NS(C=2C=CC(=CC2)F)(=O)=O,CCNC(=O)CC1CC2c3cc(NS(=O)(=O)c4ccc(F)cc4)ccc3OC2C(CO)O1
EGFR,Pre-trained hierVAE Generate,0.02,C=1C=C(C(=O)NC2=CC=C(C=C2)OC3=CC=CC=C3)C(O)=CC1NC(C=C)=O,CC1CN(C(C)CO)C(=O)c2cc(NC(=O)CCC(F)(F)F)ccc2OC1CN(C)Cc1ccc(Oc2ccccc2)cc1
EGFR,Pre-trained hierVAE Generate,0.06,[N+]=1(CCCCCCCCCCCCCCCC)C=CC=CC1,CCCCCCCCCCCCCCCCCC(=O)O
EGFR,Pre-trained hierVAE Generate,0.05,[N+]=1(CCCCCCCCCCCCCCCC)C=CC=CC1,CCCCCCCCCCCCCCCCCC(=O)Nc1ccc(C(C)(C)C)cc1
EGFR,Pre-trained hierVAE Generate,0.13,C(CC=1C=CC(=CC1)F)(=O)NS(C=2C=CC(=CC2)F)(=O)=O,CC(C)(C)S(=O)N1Cc2cc(C(=O)NCc3ccc(F)cc3)nc(NC(=O)c3ccc(F)cc3)c2C1CCO
EGFR,Pre-trained hierVAE Generate,0.16,C=1(C(NC2CC=3C=CC=CC3CC2)=O)C(=CC=C(NCC=4C(=CC=C(C4)O)O)C1)O,CC(C)NC(=O)Nc1ccc2c(c1)C1CC(CC(=O)N3CCc4ccccc4C3)OC(CO)C1O2
EGFR,Pre-trained hierVAE Generate,0.14,C(CCN(C)C)(C=1C=CC(OCC=2C=CC=CC2)=CC1)=O,COc1ccc(COc2ccc(C(=O)NCCCN(C)C)cc2)c(OC)c1
EGFR,Pre-trained hierVAE Generate,0.04,ClC1=CC=C(C=C1)NC(=O)C2=C(NCC3=CC=NC=C3)C=CC=C2,O=C(Cc1ccc(C(F)(F)F)cc1)Nc1ccccc1C(=O)Nc1ccc(C(=O)O)cc1
EGFR,Pre-trained hierVAE Generate,0.07,C1(=C(C=C2N=CN=C(C2=C1)C#CC3=C(C=CC=C3)C4=CC=CC=C4)OC)OC,COc1ccccc1CCC(=O)OCCCNC(=O)c1cc2c(cc1OC)OC(=O)c1ccccc1O2
EGFR,Pre-trained hierVAE Generate,0.23,C=1(C=C(O)C2=C(C1)OC(=CC2=O)C3=CC=CC=C3)OCC(NCCCCCCCCCCCCCCCCCCCC)=O,CCCCCCCCCCCCCCCCCCCCCCC(=O)NCCC(=O)O
EGFR,Pre-trained hierVAE Generate,0.15,ClC=1C=C(NC(=O)C=2C=C(NC(=O)CCCCCC(O)=NO)C=CC2O)C=CC1Cl,CCN(CC)CCCNC(=O)CCCCCC(=O)Nc1ccc(Cl)c(Cl)c1
EGFR,Pre-trained hierVAE Generate,0.15,N1(CCC(C2=CC=C(OCC=3C=CC=CC3)C=C2)=O)CCCCC1,Cc1ccccc1NC(=O)c1ccc(NC(=O)C(NC(=O)CCN2CCCC2)C(C)(C)C)cc1
EGFR,Pre-trained hierVAE Generate,0.14,C=1C=CC(=CC1)C(=O)C(CN(C)C)=C,CC1CN(C(C)CO)C(=O)CCCn2nncc2COC1CN(C)C(=O)c1ccccc1
EGFR,Pre-trained hierVAE Generate,0.1,C=1(C=C(O)C2=C(C1)OC(=CC2=O)C3=CC=CC=C3)OCC(NCCCCCCCCCCCCCCCCCCCC)=O,CCCCCCCCCCCCCCCCCCCCCC(=O)NCCO
EGFR,Pre-trained hierVAE Generate,0.14,C=1(C=C(O)C2=C(C1)OC(=CC2=O)C3=CC=CC=C3)OCC(NCCCCCCCCCCCCCCCCCCCC)=O,CCCCCCCCCCCCCCCCCCCCC(=O)NCCCNC(=O)CCCCCCCCCCCCCCC(=O)NCCCNC(=O)CCCCCCCCCCCCCC(=O)NCC(=O)Nc1ccc(C(F)(F)F)cc1
EGFR,Pre-trained hierVAE Generate,0.14,ClC1=C(OC=2C=C(NC(=O)NC3CCCCC3)C=CC2)C=CC(NC4=NC=NC5=C4N(CCOCCO)C=C5)=C1,COc1cccc(CNC(=O)CC2CC3c4cc(NC(=O)NC5CCCCC5)ccc4OC3C(CO)O2)c1
EGFR,Pre-trained hierVAE Generate,0.14,BrC1=CC=C(C2=NOC(=O)C2=CC=3C=C(OC)C(OC)=CC3)C=C1,COC(=O)c1ccc2c(c1)C(=Cc1ccc(OC)c(OC)c1)C(=O)N2
EGFR,Pre-trained hierVAE Generate,0.09,C1(=C(C=CC(=C1)C=2C=CC=CC2)C3=CC=C(C(=O)O)C=C3)OCOC,CC(NC(=O)C1NC2c3ccc(-c4ccc(C(=O)O)cc4)c(=O)n3CC2C1CO)c1ccccc1
EGFR,Ours,0.62,C1(=C2C(C=CC=C2)=NC=N1)NCC3=CC=C(C=C3)OC,COc1ccc(CNc2ncnc3ccc(C(=O)O)cc23)cc1
EGFR,Ours,0.54,C1(=C(C=C(C=C1)NC(C2=CC=C(C(=C2)NC(C3=CN=C(N=C3)NC(C)C)=O)C)=O)C(F)(F)F)CN4CCN(CC4)C,COC1CN(C)C(=O)c2cc(NC(=O)NC(C)C)ccc2OCC(C)N(CCC(F)(F)F)CC1C
EGFR,Ours,0.52,FC1=C(C(=O)NC=2C=C3C(C=4C=CC=CC4)=CNC3=NC2)C=CC=C1F,COC1CN(C)C(=O)c2ccc(NC(=O)c3ccccc3F)cc2OCC(C)NCC1C
EGFR,Ours,0.5,[N+]=1(CCCCCCCCCCCCCCCC)C=CC=CC1,CCCCCCCCCCCCCCCCCC(=O)NC(C)C
EGFR,Ours,0.5,O=C(NC1=CC(=C(OC)C=C1)C(=O)NC=2C=C(C=CC2)C#C)CCCCCC(=O)NO,CCCCCC(=O)Nc1ccc2c(c1)C(=O)N(C)CC(OC)C(C)CN(C(=O)CC)C(C)CO2
EGFR,Ours,0.5,C=1(C(=O)NCCC2=CC=CC=C2)C(=CC=C(NCC=3C(=CC=C(C3)O)O)C1)O,Cc1ccc(C(=O)Nc2ccc3c(c2)C2CC(CC(=O)NCCc4ccccc4)OC(CO)C2O3)cc1
EGFR,Ours,0.5,C1=C(C=2C=CC=CC2N1)C(=O)NCCN(CC)CC,CCN(CC)CCCNC(=O)Cc1c[nH]c2ccccc12
EGFR,Ours,0.5,C1=C(C=2C=CC=CC2N1)C(=O)NCCN(CC)CC,CCN(CC)CCCNC(=O)Cc1c[nH]c2ccccc12
EGFR,Ours,0.49,FC1=C(C=C(NC(=O)NC=2C=CC(C=3C4=C(ON=C4N)C(OC)=CC3)=CC2)C=C1)C,COc1ccc(NC(=O)Nc2ccc3c(c2)C(=O)N(C(C)CO)CC(C)C(CN(C)Cc2ccc(F)cc2)O3)cc1
EGFR,Ours,0.49,C=1C=C(NC(C2=CC=C(C=C2)N(CCCl)CCCl)=O)C=CC1C,Cc1ccc(C(=O)Nc2ccc(C(C)(C)C)cc2)cc1
EGFR,Ours,0.48,[N+]=1(CCCCCCCCCCCCCCCC)C=CC=CC1,CCCCCCCCCCCCCCCCC(=O)Nc1ccc(C(=O)O)cc1
EGFR,Ours,0.47,[N+]=1(CCCCCCCCCCCCCCCC)C=CC=CC1,CCCCCCCCCCCCCCCCCCCC(=O)NC(C)C
EGFR,Ours,0.47,[N+]=1(CCCCCCCCCCCCCCCC)C=CC=CC1,CCCCCCCCCCCCCCCCCCCC(=O)NC(C)C
EGFR,Ours,0.47,C1=2C(=NC=NC1=CC=C(C2)NCCCN3CCCCC3)NC=4C=C(Br)C=CC4,CCN(CC)c1ncnc2ccc(C(=O)NCCCN3CCCCC3)cc12
EGFR,Ours,0.47,C12=C(N=CN=C1C=CC=C2)NCCC3=CC=CC=C3,CCN(CC)CCCNc1ncnc2ccccc12
EGFR,Ours,0.46,[N+]=1(CCCCCCCCCCCCCCCC)C=CC=CC1,CCCCCCCCCCCCCCCCCC(=O)NC(CO)C(=O)O
EGFR,Ours,0.46,[N+]=1(CCCCCCCCCCCCCCCC)C=CC=CC1,CCCCCCCCCCCCCCCCCC(=O)NC(CO)C(=O)O
EGFR,Ours,0.46,[N+]=1(CCCCCCCCCCCCCCCC)C=CC=CC1,CCCCCCCCCCCCCCCCCC(=O)NC(CO)C(=O)O
EGFR,Ours,0.46,C1(=CC=C2N=CC=C(C2=C1)NC3=CC(=CC=C3)Br)NC(CCCN(C)C)=O,CC(C)NC(=O)N(C)CC1OCCCCC(C)Oc2ccc(NC(=O)CCCN(C)C)cc2C(=O)N(C(C)CO)CC1C
EGFR,Ours,0.46,C(NCC1=CC=CC=C1)(C=2C=CC(C=3C=C(C=4C=CC=CC4)C=C(C3)O)=CC2)=O,CCCNC(=O)N1C(C(=O)NCc2ccc(-c3ccccc3)cc2)C(CO)C2Cn3c(ccc(-c4cncnc4)c3=O)C21
EGFR,Ours,0.45,C1(=C2C(C=CC=C2)=NC=N1)NCC3=CC=C(C=C3)OC,COc1ccc(CNc2ncnc3ccc(CNCCCN4CCOCC4)cc23)cc1
EGFR,Ours,0.45,C1(=C(C=C(C=C1)NC(C2=CC=C(C(=C2)NC(C3=CC=CN=C3)=O)C)=O)C(F)(F)F)CN4CCN(CC4)C,CCCCNC(=O)CC1CC2c3cc(NC(=O)c4cccnc4)ccc3OC2C(CO)O1
EGFR,Ours,0.44,C=1(N=CC(=CC1)C2=CN=C3C(=N2)N(CC(N3)=O)CC4CCOCC4)C(O)(C)C,CC1CCn2cc(nn2)COCC(C(C)(C)C)NC1=O
EGFR,Ours,0.44,C1=CC2=C(N=CN=C2C=C1)NCC3=CC=C(C=C3)Cl,O=C(NCCCN1CCOCC1)c1ccc2ncnc(NCc3ccc(Cl)cc3)c2c1
EGFR,Ours,0.44,C1=CC2=C(N=CN=C2C=C1)NCC3=CC=C(C=C3)Cl,O=C(NCCCN1CCOCC1)c1ccc2ncnc(NCc3ccc(Cl)cc3)c2c1
EGFR,Ours,0.44,C1(=C(C=C(C=C1)NC(C2=CC=C(C(=C2)NC(C3=CC=CN=C3)=O)C)=O)C(F)(F)F)CN4CCN(CC4)C,CC1CN(C(C)CO)C(=O)c2cccc(NC(=O)c3cccnc3)c2OC1CN(C)C(=O)c1cccc(C(F)(F)F)c1
EGFR,Ours,0.44,C(C1CCN(CCC(C2=CC=C(OCC3=CC=CC=C3)C=C2)=O)CC1)(=O)OCC,CCCNC(=O)NC1CCC(CC(=O)N2CCC(Cc3ccccc3)CC2)OC1CO
EGFR,Ours,0.43,[N+]=1(CCCCCCCCCCCCCCCC)C=CC=CC1,CCCCCCCCCCCCCCCCCCCCCCCCC(=O)O
EGFR,Ours,0.43,C(NCC1=CC=CC=C1)(C2=CC=C(C3=C(C=C(C=C3)C(C)(C)C)O)C=C2)=O,CC(C)(C)c1ccc(C(=O)NC(Cc2ccccc2)C(=O)O)cc1
EGFR,Ours,0.42,S1C2=NNC(=C2C=C1C(=O)NCC3=CC(OC)=CC=C3)C4=CC=CC=C4,COc1cccc(CNC(=O)CC2CC3c4cc(NC(=O)C5CCOCC5)ccc4OC3C(CO)O2)c1
EGFR,Ours,0.42,N1(CCC(C2=CC=C(OCC3=CC=CC=C3)C=C2)=O)CCOCC1,CC(C)(C)c1ccc(C(=O)NC(Cc2ccccc2)C(=O)NCCCN2CCOCC2)cc1
EGFR,Ours,0.42,ClC=1C=CC(NC2=NC(=NC=3OC(=CC23)C)C)=CC1,COc1ccc2nc(C#N)nc(Nc3ccc(Cl)cc3)c2c1
EGFR,Ours,0.42,ClC=1C=CC(NC2=NC(=NC=3OC(=CC23)C)C)=CC1,COc1ccc2nc(C#N)nc(Nc3ccc(Cl)cc3)c2c1
EGFR,Ours,0.42,C=1C=C(NC(C2=CC=C(C=C2)N(CCCl)CCCl)=O)C=CC1C(C)C,CCCCCC(O)c1ccc(C(=O)Nc2ccc(C(=O)O)cc2)cc1
EGFR,Ours,0.42,C=1C=C(C=C(C(=O)C=2C=CC(NC3=C(C=C(C=C3)F)F)=CC2)C1OC)C#CC(C)(C)N,COc1cc(C(=O)c2ccc(F)cc2)ccc1C(=O)Nc1ccc(S(=O)(=O)NC(C)(C)C)cc1
EGFR,Ours,0.42,C=1(C=C(O)C2=C(C1)OC(=CC2=O)C3=CC=CC=C3)OCC(NCCCCCCCCCCCCCCCCCCCC)=O,CCCCCCCCCCCNC(=O)CCCCCCCCCCCCCCCCCC(O)CO
EGFR,Ours,0.42,C(CC=1C=CC(=CC1)Cl)(=O)NS(C=2C=CC(=CC2)F)(=O)=O,COc1ccc(CNC(=O)CC2CC3c4cc(NS(=O)(=O)c5ccc(F)cc5)ccc4OC3C(CO)O2)cc1
EGFR,Ours,0.41,FC=1C=CC(NC=2N=C3N([C@H]4C[C@H](O)CC4)C(=O)N(CC3=CN2)C5=CC=C(OC)C=C5)=CC1,COc1ccc(CN(C)CC2OCCCCC(C)Oc3ccc(NS(=O)(=O)c4ccc(F)cc4)cc3C(=O)N(C(C)CO)CC2C)cc1
EGFR,Ours,0.41,C=1(C=C(O)C2=C(C1)OC(=CC2=O)C3=CC=CC=C3)OCC(NCCCCCCCCCCCCCCCCCCCC)=O,CCCCCCCCCCCCCCCCCCCC(=O)NCCCOCCOCCO
EGFR,Ours,0.41,BrC1=CC(NC2=NC=NC=3C2=CC(NCC4=CC=5OCOC5C=C4)=CC3)=CC=C1,CCCNC(=O)Nc1ccc2c(c1)C1CC(CC(=O)NCc3ccc4c(c3)OCO4)OC(CO)C1O2
EGFR,Ours,0.4,O=C(NC1=CC(=C(O)C=C1)C(=O)NC2=CC=CC=C2)CCCCCC(O)=NO,CC(C)(C)C(NC(=O)CCCCCC(=O)Nc1ccc(-c2ccccc2)cc1)C(=O)O
EGFR,Ours,0.4,C1(=C(C=C(C=C1)NC(C2=CC=C(C(=C2)NC(C3=CC=CN=C3)=O)C)=O)C(F)(F)F)CN4CCN(CC4)C,COc1ccccc1CNC(=O)CC1CC2c3cc(NC(=O)c4cccnc4)ccc3OC2C(CO)O1
EGFR,Ours,0.39,FC(F)(F)C=1C=CC(NC2=NC(=NC=3OC(=CC23)C)C)=CC1,CC1CN(C(C)CO)C(=O)CCCn2cc(nn2)COC1CN(C)C(=O)Nc1ccc(C(F)(F)F)cc1
EGFR,Ours,0.39,FC(F)(F)C=1C(=NC(NC2=CC=3C4N(C(C3C=C2)CC4)C(=O)CNC(=O)C)=NC1)NC5CCC5,COCC(=O)N(C)CC1OCCCCC(C)Oc2ccc(NC(=O)CCC(F)(F)F)cc2C(=O)N(C(C)CO)CC1C
EGFR,Ours,0.39,C1=CC(C(=O)NC2=CC=CC(C(=O)N3CCCCC3)=C2)=C(O)C=C1NC(C=C)=O,CC(C)NC(=O)Nc1ccc2c(c1)C1CC(CC(=O)N3CCCCC3)OC(CO)C1O2
EGFR,Ours,0.39,C1=C(C2=NN=C(O2)SCC=3C=CC(=CC3)C4=CC=C(C=C4)C#N)C=CC5=C1OCO5,CC(C)(C)S(=O)N1Cc2cc(C(=O)NCc3ccc4c(c3)OCO4)nc(-c3ccc(-c4ccc(C#N)cc4)cc3)c2C1CCO
EGFR,Ours,0.39,C1=C(C2=NN=C(O2)SCC=3C=CC(=CC3)C4=CC=C(C=C4)C#N)C=CC5=C1OCO5,CC(C)(C)S(=O)N1Cc2cc(C(=O)NCc3ccc4c(c3)OCO4)nc(-c3ccc(-c4ccc(C#N)cc4)cc3)c2C1CCO
EGFR,Ours,0.38,O(C1CCN(CC1)CCCC(=O)C=2C=CC(C(C)(C)C)=CC2)C(C3=CC=CC=C3)C4=CC=CC=C4,CC(C)(C)c1ccc(C(=O)Nc2ccccc2C(=O)N2CCN(Cc3ccccc3)CC2)cc1
EGFR,Ours,0.38,N=1C=CC2=NC=NC(=C2C1)NC3=CC=CC(=C3NCCCN4CCOCC4)C,CC(C)(C)S(=O)Nc1ncnc2ccc(C(=O)NCCCN3CCOCC3)cc12
EGFR,Ours,0.38,C=1(C=C(O)C2=C(C1)OC(=CC2=O)C3=CC=CC=C3)OCC(NCCCCCCCCCCCCCCCCCCCC)=O,CC(C)CC(=O)NCCCCCCCCCCCCCCCCCCCCCCCCCCCCCCCCCCCCCCCCCCCC(=O)O
EGFR,Ours,0.38,C1(=CC=C2C(=C1)C(=NC=N2)NC3=CC(=CC=C3)C#C)OCC4=CC=C(C=C4)C(=O)NC5=CC=CC=C5N,CC1CN(C(C)CO)C(=O)c2cc(NC(=O)CCCN(C)C)ccc2OC1CN(C)Cc1ccc(C(=O)Nc2ccccc2N)cc1
EGFR,Ours,0.38,BrC1=CC(NC2=NC=NC=3C2=CC(NCC4=CC=5OCOC5C=C4)=CC3)=CC=C1,CC(C)NC(=O)Nc1ccc2c(c1)C1CC(CC(=O)NCc3ccc4c(c3)OCO4)OC(CO)C1O2
EGFR,Ours,0.37,C1(=C(C=C2C(=C1)C(=NC=N2)NCC3=CC=C(C=C3)F)OC)OCCCCCCC(=NO)O,COCCOCCOCCOCCOCCOCCOCCOCCOCCOCCOCCOCCOCCOCCOCCOCCOCCOCCOCCOCCOCCOCCOCCOCCOCCOCCOCCOCCOCCOCCOc1cccc(OCCNCc2ccc(F)cc2)c1
EGFR,Ours,0.37,C1(=C(C=C(C=C1)NC(C2=CC=C(C(=C2)NC(C3=CC=CN=C3)=O)C)=O)C(F)(F)F)CN4CCN(CC4)C,CC1CCCCOC(CN(C)Cc2cccnc2)C(C)CN(C(C)CO)C(=O)c2cc(NC(=O)CCC(F)(F)F)ccc2O1
EGFR,Ours,0.37,C(CC=1C=CC(=CC1)Cl)(=O)NS(C=2C=CC(=CC2)F)(=O)=O,COC(=O)CC1CC2c3cc(NS(=O)(=O)c4ccc(F)cc4)ccc3OC2C(CO)O1
EGFR,Ours,0.36,S(=O)(=O)(NC(=O)CC1=CC=C(F)C=C1)C2=CC=C(C=C2)C,CC(C)(C)c1ccc(NC(=O)CCc2ccc(F)cc2)cc1
EGFR,Ours,0.36,O=C1C(N(C=2C=CN=CC2)C(=O)C)C(=NC(C(C)(C)C)C)C1=O,CC1CN(C(C)CO)C(=O)CCCn2nncc2COC1CN(C)C(=O)c1ccncc1
EGFR,Ours,0.36,N1(C(=[N+](C=C1)CCCCCCCCCCCCCCCC)C)CC2=CC=CC=C2,Cc1ccc(CCCCCCCCCCCCCCCCC(=O)Nc2ccc(S(N)(=O)=O)cc2)cc1
EGFR,Ours,0.36,C=1C=C(NC(C2=CC=C(C=C2)N(CCCl)CCCl)=O)C=CC1Cl,CC(C(C)(C)C)C(C)(C)C(O)CCC(=O)Nc1ccc(C(=O)c2ccc(Cl)cc2)cc1
EGFR,Ours,0.36,C=1(C=C(O)C2=C(C1)OC(=CC2=O)C3=CC=CC=C3)OCC(NCCCCCCCCCCCCCCCCCCCC)=O,CCCCCCCCCCCCCCCCCCCCCCCCCCCCCCCCCCCC(=O)NCCc1ccc(O)cc1
EGFR,Ours,0.36,C12=C(N=CN=C1C=C(N=C2)N)NCC3=CC=C(C(F)(F)F)C=C3,CC(C)(C)c1ccc(CNc2ncnc3ccc(C(=O)NCCCNCCOc4ccc(C(F)(F)F)cc4)cc23)cc1
EGFR,Ours,0.35,C=1(C=C(O)C2=C(C1)OC(=CC2=O)C3=CC=CC=C3)OCC(NCCCCCCCCCCCCCCCCCCCC)=O,CCCCCCCCCCCCCCCCCCCCCCCCCCCCCCCCCCCCCC(=O)Nc1ccccc1C
EGFR,Ours,0.35,C=1(C=C(O)C2=C(C1)OC(=CC2=O)C3=CC=CC=C3)OCC(NCCCCCCCCCCCCCCCCCCCC)=O,CCCCCCCCCCCCCCCCCCCCC(=O)NCCCCCCC(=O)NCCCCCCC(=O)NCC(O)C(O)CO
EGFR,Ours,0.35,C=1(C(=O)NCCCCCC)C(=CC=C(NCC2=C(C=CC(=C2)O)O)C1)O,CCCCNC(=O)CC1CC2c3cc(NC(=O)c4ccc5c(c4)OCO5)ccc3OC2C(CO)O1
EGFR,Ours,0.35,C(\C(NC1CCCCC1)=O)(=C/C2=CC(O)=C(C=C2)O)/C#N,CC1CN(C(C)CO)S(=O)(=O)c2ccc(C#CC3(O)CCCC3)cc2OC1CN(C)C(=O)NC1CCCCC1
EGFR,Ours,0.35,C(C1CCN(CCC(C2=CC=C(OCC3=CC=CC=C3)C=C2)=O)CC1)(=O)OCC,CCCCCC(=O)N1CCC(C(=O)Nc2ccc(C(=O)c3ccccc3)cc2)CC1
EGFR,Ours,0.35,BrC=1C=C(NC2=NC=NC=3C2=CC(NC(=O)CCN4CCOCC4)=CC3)C=CC1,CC1CN(C(C)CO)C(=O)c2cccc(NC(=O)CCN3CCOCC3)c2OC1CN(C)Cc1ccc(C(F)(F)F)cc1
EGFR,Ours,0.34,S(=O)(=O)(NC(=O)CC1=CC=C(F)C=C1)C2=CC=C(C=C2)C,Cc1ccc(S(=O)(=O)NC2CCC(CC(=O)NC(C)c3ccccc3)OC2CO)cc1
EGFR,Ours,0.34,O=C(NC1=CN=CC=C1)NCCCCCCNC(=O)NC2=CN=CC=C2,CCCNC(=O)NC1C(CO)OCC2Oc3ccc(NC(=O)Cc4cccnc4)cc3C21
EGFR,Ours,0.34,O=C(NC1=CC(=C(OC)C=C1)C(=O)NC=2C=C(C=CC2)C#C)CCCCCC(=O)NO,COc1ccc(NC(=O)CCCCCCC(=O)NCc2ccc(C)cc2)cc1
EGFR,Ours,0.34,O1C2=C3C=CC=CC3=C(OCC4=CC=C(C=C4)OC)C(=C2C=5C(C6=CC=CC=C6C(C51)=O)=O)C(=O)OC,COc1ccc(CN(C)CC2OCc3ccccc3-c3ccccc3C(=O)N(C(C)CO)CC2C)cc1
EGFR,Ours,0.34,N=1C=NC2=NN3C(C=CC=C3)=C2C1NC(=O)NC4=CC=C(C=C4)C(F)(F)F,CCNC(=O)CC1CCC2C(COCC(O)CN2C(=O)Nc2ccc(C(F)(F)F)cc2)O1
EGFR,Ours,0.34,N1(CCC(C2=CC=C(OCC=3C=CC=CC3)C=C2)=O)CCCCC1,COc1ccc(CN2C(=O)c3ccc(C(=O)NCCCN4CCCCC4)cc3C2=O)cc1
EGFR,Ours,0.34,N(C(C(NC(C(O)=O)C)=O)C)C(C=1C=CC(S(OC2=CC=C(C=C2)/C=C/N(=O)=O)(=O)=O)=CC1)=O,CC(NC(=O)C(NC(=O)C1C(C(=O)Nc2ccc(C(C)(C)C)cc2)CCN1C(=O)c1ccc(C(C)(C)C)cc1)C(C)(C)C)C(=O)O
EGFR,Ours,0.34,C=1C2=C(N(C(O2)=O)CCCN3CCOCC3)C=C4C(=NC=NC14)NC=5C=CC(=CC5)OC,COc1ccc(CNc2nc(-c3ccc(F)cc3)nc3ccc(C(=O)NCCCN4CCOCC4)cc23)cc1
EGFR,Ours,0.34,C=1(C=C(O)C2=C(C1)OC(=CC2=O)C3=CC=CC=C3)OCC(NCCCCCCCCCCCCCCCCCCCC)=O,CCCCCCCCCCCCCCCCCCCCCCCCCCC(=O)NCCCCCCCCCCCCCCCCC(=O)NC(C)C
EGFR,Ours,0.34,C1=CC(CO)=C2C(=NC=NN12)NC3=CC=C4C(C=NN4CC5=CC(=CC=C5)F)=C3,CCCNC(=O)C1C(CO)C2c3ccc(-c4cncnc4)c(=O)n3CC1N2Cc1cccc(F)c1
EGFR,Ours,0.34,C(NCC1=CC=CC=C1)(C2=CC=C(C3=C(C=C(C=C3)C(C)(C)C)O)C=C2)=O,CC(C)(C)c1ccc(C(=O)NC(Cc2ccc(O)cc2)C(=O)O)cc1
EGFR,Ours,0.33,S(=O)(=O)(NC(=O)CC1=CC=C(F)C=C1)C2=CC=C(C=C2)C,Cc1ccc(S(=O)(=O)NCCCN2CCN(c3ccc(C(F)(F)F)cc3)CC2)cc1
EGFR,Ours,0.33,FC(F)(F)C=1C=C2N=CC=C(NC(=O)NC=3N=C(C(F)(F)F)C=CC3)C2=CC1,CC1CCCCOC(CN(C)Cc2ccc(C(F)(F)F)cc2)C(C)CN(C(C)CO)C(=O)c2cc(NC(=O)CCC(F)(F)F)ccc2O1
EGFR,Ours,0.33,C=1C=C(NC(C2=CC=C(C=C2)N(CCCl)CCCl)=O)C=CC1Cl,O=C(CCCN1CCN(Cc2ccc(Cl)cc2)CC1)Nc1ccc(Cl)cc1
EGFR,Ours,0.33,C=1(C=CC=C(CN(C(NC=2C=CC=CC2)=O)CC=3C=CC(=CC3)F)C1O)Br,CC1CN(C(C)CO)C(=O)c2ccccc2-c2ccccc2COC1CN(C)C(=O)Nc1ccc(F)cc1
EGFR,Ours,0.33,C1C(C2=CC(=C(C=C2)C)C)=NN(C(N)=S)C1C=3C=CC(=CC3)O,CC(C)CC(CC(=O)O)NC(=O)C1=CC2C(=CC(=O)OC2C)N(C)C1c1ccc(O)cc1
EGFR,Ours,0.33,C1=CC=CC(=C1)/C=C/C(NC=2C(=CC=CC2)OC)=O,COc1ccccc1C#Cc1ccc(C(=O)Nc2ccccc2C)cc1
EGFR,Ours,0.33,C12=C(N=CN=C1C=C(N=C2)N)NCC3=CC=C(C(F)(F)F)C=C3,CC1CN(C(C)CO)S(=O)(=O)c2ccc(Br)cc2OC1CN(C)Cc1ccc(C(F)(F)F)cc1
EGFR,Ours,0.33,C(\C(NC1CCCCC1)=O)(=C/C2=CC(O)=C(C=C2)O)/C#N,CN(C)c1ccc2c(c1)C1CC(CC(=O)NC3CCCCC3)OC(CO)C1O2
EGFR,Ours,0.33,BrC=1C=C(NC2=NC=NC=3C2=CC(NC(=O)CCN4CCOCC4)=CC3)C=CC1,CC1CN(C(C)CO)C(=O)c2cc(NC(=O)CCN3CCOCC3)ccc2OC1CN(C)Cc1cccc(C(F)(F)F)c1
EGFR,Ours,0.32,O=C(NC=1N=C(C=2C=CC=NC2)C=CN1)C3=C(C=CC(NC(=O)/C=C/CN(C)C)=C3)C,CC(C)NC(=O)Nc1ccc2c(c1)CC(=O)N(C(C)CO)CC(C)C(CN(C)Cc1cccnc1)O2
EGFR,Ours,0.32,N1=CC=2C=C(C(N(C2N=C1NC3CCOCC3)C)=O)OC4=CC=C(C=C4F)F,COC1CN(C)C(=O)c2cc(NC(=O)C3CCOCC3)ccc2OCC(C)N(CCC(F)(F)F)CC1C
EGFR,Ours,0.32,FC=1C(C(=O)NC(CC2=CC=CC=C2)CO)=CC=C(C1)C=3C=CN=CC3,CC(C)(C)S(=O)N1Cc2cc(C(=O)NC3CCN(Cc4ccccc4)C3)nc(-c3cccc(-c4ccncc4)c3)c2C1CCO
EGFR,Ours,0.32,C=1C=C2C=CN=CC2=CC1C=3C(C)=CC=C(NC(C=4C=CC(=CC4)CN5CCN(CC5)C)=O)C3,CC(C)(C)c1ccc(CN2CCN(C(=O)c3ccc(F)cc3)CC2)cc1
EGFR,Ours,0.32,C(NCC1=CC=CC=C1)(C2=CC=C(C3=C(C=C(C=C3)C(C)(C)C)O)C=C2)=O,CCN(CC)CCCNC(=O)c1ccc(-c2ccccc2S(=O)(=O)NC(=O)c2ccc(Cl)cc2)cc1
EGFR,Ours,0.31,FC(F)(F)C=1C(=NC(NC2=CC=3C4N(C(C3C=C2)CC4)C(=O)CNC(=O)C)=NC1)NC5CCC5,CC1CCCCOC(CN(C)CC2CC2)C(C)CN(C(C)CO)C(=O)c2cc(NC(=O)CCC(F)(F)F)ccc2O1
EGFR,Ours,0.31,FC(F)(F)C=1C(=NC(NC2=CC=3C4N(C(C3C=C2)CC4)C(=O)CNC(=O)C)=NC1)NC5CCC5,CC(C)NC(=O)Nc1ccc2c(c1)C(=O)N(C(C)CO)CC(C)C(CN(C)C(=O)CCC(F)(F)F)OCCCCC(C)O2
EGFR,Ours,0.31,C=1(OCC(NCCCCCCCCCCCCCC)=O)C=C(O)C=2C(C=C(OC2C1)C3=CC=CC=C3)=O,CCCCCCC(O)C(C)(C)NC(=O)CCCCCCCCCC(=O)Nc1ccccc1O
EGFR,Ours,0.3,O(CCN1CCCCC1)C2=C(C3=C(OC4=C3C(=O)C=5C(C4=O)=CC=CC5)C=6C2=CC=CC6)C(OC)=O,CC1CN(C(C)CO)C(=O)c2c(c3ccccc3n2C)-c2ccccc2COC1CN(C)C(=O)CCN1CCCCC1
EGFR,Ours,0.3,C=1(C=C(O)C2=C(C1)OC(=CC2=O)C3=CC=CC=C3)OCC(NCCCCCCCCCCCCCCCCCCCC)=O,CCCCCCCCCCCCCCCCCCCCCCCCC(=O)NCCCNC(=O)CCCCCCCCCCCCCCCC(O)C(O)CO
EGFR,Ours,0.3,C1(=C(C(NC2=CC=CC=C2)=O)C=3C=CC=CC3N1C)SSC4=C(C(NC=5C=CC=CC5)=O)C6=CC=CC=C6N4C,CC1CN(C(C)CO)C(=O)c2c(c3ccccc3n2C)-c2ccccc2COC1CN(C)C(=O)Nc1ccccc1
EGFR,Ours,0.29,C=1C=CC(=CC1)C(=O)C(CN(C)C)=C,CN(C)CCC=Cc1cccc(C(=O)NCCC(=O)O)c1
EGFR,Ours,0.28,[C@]12(N3C4=C5C(C6=C(N5[C@@H](O1)C[C@@H]([C@@H]2OC)N(CC7=CC=CC=C7)C)C=CC=C6)=C8C(=C4C9=C3C=CC=C9)CNC8=O)C,CC1CN(C(C)CO)C(=O)c2c(c3ccccc3n2C)-c2ccccc2COC1CN(C)C(=O)C(Cc1ccccc1)N(C)C
HDAC1,Cosine Search,0.28,C1=CC(=CC=C1C)C(CSC(SCC)=S)=O,Cc1ccc(cc1)C(=O)/N=c2/cccc[nH]2
HDAC1,Cosine Search,0.15,C=1CC(C(N(C1)CC2=CC=CC=C2)=S)=O,Nn1c(=O)c(Cc2ccco2)n[nH]c1=S
HDAC1,Cosine Search,0.15,C=1CC(C(N(C1)CC2=CC=CC=C2)=S)=O,Nn1c(=O)c(Cc2ccco2)n[nH]c1=S
HDAC1,Cosine Search,0.32,C1=CC=C2NC(=CC2=C1)CCN(CCO)CC3=CC=C(C=C3)/C=C/C(=NO)O,CNC(=O)CCc1cc2ccccc2[nH]1
HDAC1,Cosine Search,0.32,C1=CC=C2NC(=CC2=C1)CCN(CCO)CC3=CC=C(C=C3)/C=C/C(=NO)O,CNC(=O)CCc1cc2ccccc2[nH]1
HDAC1,Cosine Search,0.15,C=1CC(C(N(C1)CC2=CC=CC=C2)=S)=O,Nn1c(=O)c(Cc2ccco2)n[nH]c1=S
HDAC1,Cosine Search,0.32,C1=CC=C2NC(=CC2=C1)CCN(CCO)CC3=CC=C(C=C3)/C=C/C(=NO)O,CNC(=O)CCc1cc2ccccc2[nH]1
HDAC1,Cosine Search,0.15,C=1CC(C(N(C1)CC2=CC=CC=C2)=S)=O,Nn1c(=O)c(Cc2ccco2)n[nH]c1=S
HDAC1,Cosine Search,0.15,C=1CC(C(N(C1)CC2=CC=CC=C2)=S)=O,Nn1c(=O)c(Cc2ccco2)n[nH]c1=S
HDAC1,Cosine Search,0.32,C1=CC=C2NC(=CC2=C1)CCN(CCO)CC3=CC=C(C=C3)/C=C/C(=NO)O,CNC(=O)CCc1cc2ccccc2[nH]1
HDAC1,Cosine Search,0.15,C=1CC(C(N(C1)CC2=CC=CC=C2)=S)=O,Nn1c(=O)c(Cc2ccco2)n[nH]c1=S
HDAC1,Cosine Search,0.15,C=1CC(C(N(C1)CC2=CC=CC=C2)=S)=O,Nn1c(=O)c(Cc2ccco2)n[nH]c1=S
HDAC1,Cosine Search,0.15,C=1CC(C(N(C1)CC2=CC=CC=C2)=S)=O,Nn1c(=O)c(Cc2ccco2)n[nH]c1=S
HDAC1,Cosine Search,0.15,C=1CC(C(N(C1)CC2=CC=CC=C2)=S)=O,Nn1c(=O)c(Cc2ccco2)n[nH]c1=S
HDAC1,Cosine Search,0.25,N1(C(C=2C=C(O)C(=CC2C1=O)CN3CCOCC3)=O)CCCCCC(NC=4C(N)=CC=CC4)=O,OC[C@@H]1O[C@H](CC(=O)NCCCN2CCOCC2)C=C[C@@H]1NS(=O)(=O)c1ccccc1F
HDAC1,Cosine Search,0.15,C=1CC(C(N(C1)CC2=CC=CC=C2)=S)=O,Nn1c(=O)c(Cc2ccco2)n[nH]c1=S
HDAC1,Cosine Search,0.15,C=1CC(C(N(C1)CC2=CC=CC=C2)=S)=O,Nn1c(=O)c(Cc2ccco2)n[nH]c1=S
HDAC1,Cosine Search,0.15,C=1CC(C(N(C1)CC2=CC=CC=C2)=S)=O,Nn1c(=O)c(Cc2ccco2)n[nH]c1=S
HDAC1,Cosine Search,0.15,C=1CC(C(N(C1)CC2=CC=CC=C2)=S)=O,Nn1c(=O)c(Cc2ccco2)n[nH]c1=S
HDAC1,Cosine Search,0.15,C=1CC(C(N(C1)CC2=CC=CC=C2)=S)=O,Nn1c(=O)c(Cc2ccco2)n[nH]c1=S
HDAC1,Cosine Search,0.32,C1=CC=C2NC(=CC2=C1)CCN(CCO)CC3=CC=C(C=C3)/C=C/C(=NO)O,CNC(=O)CCc1cc2ccccc2[nH]1
HDAC1,Cosine Search,0.32,C1=CC=C2NC(=CC2=C1)CCN(CCO)CC3=CC=C(C=C3)/C=C/C(=NO)O,CNC(=O)CCc1cc2ccccc2[nH]1
HDAC1,Cosine Search,0.15,C=1CC(C(N(C1)CC2=CC=CC=C2)=S)=O,Nn1c(=O)c(Cc2ccco2)n[nH]c1=S
HDAC1,Cosine Search,0.32,C1=CC=C2NC(=CC2=C1)CCN(CCO)CC3=CC=C(C=C3)/C=C/C(=NO)O,CNC(=O)CCc1cc2ccccc2[nH]1
HDAC1,Cosine Search,0.15,C=1CC(C(N(C1)CC2=CC=CC=C2)=S)=O,Nn1c(=O)c(Cc2ccco2)n[nH]c1=S
HDAC1,Cosine Search,0.15,C=1CC(C(N(C1)CC2=CC=CC=C2)=S)=O,Nn1c(=O)c(Cc2ccco2)n[nH]c1=S
HDAC1,Cosine Search,0.32,C1=CC=C2NC(=CC2=C1)CCN(CCO)CC3=CC=C(C=C3)/C=C/C(=NO)O,CNC(=O)CCc1cc2ccccc2[nH]1
HDAC1,Cosine Search,0.15,C=1CC(C(N(C1)CC2=CC=CC=C2)=S)=O,Nn1c(=O)c(Cc2ccco2)n[nH]c1=S
HDAC1,Cosine Search,0.26,N1(C(N(C)C=2C(C1=O)=CC=CC2)=O)CCCCCC(NC=3C(N)=CC=CC3)=O,C[C@@H](CO)N1C[C@H](C)[C@@H](CN(C)C(=O)CCC(F)(F)F)OCc2ccccc2-c3c(C1=O)n(C)c4ccccc34
HDAC1,Cosine Search,0.15,C=1CC(C(N(C1)CC2=CC=CC=C2)=S)=O,Nn1c(=O)c(Cc2ccco2)n[nH]c1=S
HDAC1,Cosine Search,0.15,C=1CC(C(N(C1)CC2=CC=CC=C2)=S)=O,Nn1c(=O)c(Cc2ccco2)n[nH]c1=S
HDAC1,Cosine Search,0.25,N1(C(C=2C=C(O)C(=CC2C1=O)CN3CCOCC3)=O)CCCCCC(NC=4C(N)=CC=CC4)=O,OC[C@@H]1O[C@H](CC(=O)NCCCN2CCOCC2)C=C[C@@H]1NS(=O)(=O)c1ccccc1F
HDAC1,Cosine Search,0.15,C=1CC(C(N(C1)CC2=CC=CC=C2)=S)=O,Nn1c(=O)c(Cc2ccco2)n[nH]c1=S
HDAC1,Cosine Search,0.32,C1=CC=C2NC(=CC2=C1)CCN(CCO)CC3=CC=C(C=C3)/C=C/C(=NO)O,CNC(=O)CCc1cc2ccccc2[nH]1
HDAC1,Cosine Search,0.15,C=1CC(C(N(C1)CC2=CC=CC=C2)=S)=O,Nn1c(=O)c(Cc2ccco2)n[nH]c1=S
HDAC1,Cosine Search,0.15,C=1CC(C(N(C1)CC2=CC=CC=C2)=S)=O,Nn1c(=O)c(Cc2ccco2)n[nH]c1=S
HDAC1,Cosine Search,0.15,C=1CC(C(N(C1)CC2=CC=CC=C2)=S)=O,Nn1c(=O)c(Cc2ccco2)n[nH]c1=S
HDAC1,Cosine Search,0.15,C=1CC(C(N(C1)CC2=CC=CC=C2)=S)=O,Nn1c(=O)c(Cc2ccco2)n[nH]c1=S
HDAC1,Cosine Search,0.15,C=1CC(C(N(C1)CC2=CC=CC=C2)=S)=O,Nn1c(=O)c(Cc2ccco2)n[nH]c1=S
HDAC1,Cosine Search,0.15,C=1CC(C(N(C1)CC2=CC=CC=C2)=S)=O,Nn1c(=O)c(Cc2ccco2)n[nH]c1=S
HDAC1,Cosine Search,0.32,C1=CC=C2NC(=CC2=C1)CCN(CCO)CC3=CC=C(C=C3)/C=C/C(=NO)O,CNC(=O)CCc1cc2ccccc2[nH]1
HDAC1,Cosine Search,0.15,C=1CC(C(N(C1)CC2=CC=CC=C2)=S)=O,Nn1c(=O)c(Cc2ccco2)n[nH]c1=S
HDAC1,Cosine Search,0.15,C=1CC(C(N(C1)CC2=CC=CC=C2)=S)=O,Nn1c(=O)c(Cc2ccco2)n[nH]c1=S
HDAC1,Cosine Search,0.15,C=1CC(C(N(C1)CC2=CC=CC=C2)=S)=O,Nn1c(=O)c(Cc2ccco2)n[nH]c1=S
HDAC1,Cosine Search,0.32,C1=CC=C2NC(=CC2=C1)CCN(CCO)CC3=CC=C(C=C3)/C=C/C(=NO)O,CNC(=O)CCc1cc2ccccc2[nH]1
HDAC1,Cosine Search,0.13,C=1C=C(C(NC2=CC=CC=C2N)=O)C=NC1N3CCNC(C3)(C)C,CC=C1/[C@H]2Cc3[nH]c(=O)ccc3[C@]1(N)CC(C)=C2
HDAC1,Cosine Search,0.15,C=1CC(C(N(C1)CC2=CC=CC=C2)=S)=O,Nn1c(=O)c(Cc2ccco2)n[nH]c1=S
HDAC1,Cosine Search,0.32,C1=CC=C2NC(=CC2=C1)CCN(CCO)CC3=CC=C(C=C3)/C=C/C(=NO)O,CNC(=O)CCc1cc2ccccc2[nH]1
HDAC1,Cosine Search,0.13,C=1C=C(C(NC2=CC=CC=C2N)=O)C=NC1N3CCNC(C3)(C)C,CC=C1/[C@H]2Cc3[nH]c(=O)ccc3[C@]1(N)CC(C)=C2
HDAC1,Cosine Search,0.15,C=1CC(C(N(C1)CC2=CC=CC=C2)=S)=O,Nn1c(=O)c(Cc2ccco2)n[nH]c1=S
HDAC1,Cosine Search,0.15,C=1CC(C(N(C1)CC2=CC=CC=C2)=S)=O,Nn1c(=O)c(Cc2ccco2)n[nH]c1=S
HDAC1,Cosine Search,0.32,C1=CC=C2NC(=CC2=C1)CCN(CCO)CC3=CC=C(C=C3)/C=C/C(=NO)O,CNC(=O)CCc1cc2ccccc2[nH]1
HDAC1,Cosine Search,0.15,C=1CC(C(N(C1)CC2=CC=CC=C2)=S)=O,Nn1c(=O)c(Cc2ccco2)n[nH]c1=S
HDAC1,Cosine Search,0.15,C=1CC(C(N(C1)CC2=CC=CC=C2)=S)=O,Nn1c(=O)c(Cc2ccco2)n[nH]c1=S
HDAC1,Cosine Search,0.15,C=1CC(C(N(C1)CC2=CC=CC=C2)=S)=O,Nn1c(=O)c(Cc2ccco2)n[nH]c1=S
HDAC1,Cosine Search,0.15,C=1CC(C(N(C1)CC2=CC=CC=C2)=S)=O,Nn1c(=O)c(Cc2ccco2)n[nH]c1=S
HDAC1,Cosine Search,0.15,C=1CC(C(N(C1)CC2=CC=CC=C2)=S)=O,Nn1c(=O)c(Cc2ccco2)n[nH]c1=S
HDAC1,Cosine Search,0.15,C=1CC(C(N(C1)CC2=CC=CC=C2)=S)=O,Nn1c(=O)c(Cc2ccco2)n[nH]c1=S
HDAC1,Cosine Search,0.15,C=1CC(C(N(C1)CC2=CC=CC=C2)=S)=O,Nn1c(=O)c(Cc2ccco2)n[nH]c1=S
HDAC1,Cosine Search,0.15,C=1CC(C(N(C1)CC2=CC=CC=C2)=S)=O,Nn1c(=O)c(Cc2ccco2)n[nH]c1=S
HDAC1,Cosine Search,0.15,C=1CC(C(N(C1)CC2=CC=CC=C2)=S)=O,Nn1c(=O)c(Cc2ccco2)n[nH]c1=S
HDAC1,Cosine Search,0.13,C=1C=C(C(NC2=CC=CC=C2N)=O)C=NC1N3CCNC(C3)(C)C,CC=C1/[C@H]2Cc3[nH]c(=O)ccc3[C@]1(N)CC(C)=C2
HDAC1,Cosine Search,0.32,C1=CC=C2NC(=CC2=C1)CCN(CCO)CC3=CC=C(C=C3)/C=C/C(=NO)O,CNC(=O)CCc1cc2ccccc2[nH]1
HDAC1,Cosine Search,0.32,C1=CC=C2NC(=CC2=C1)CCN(CCO)CC3=CC=C(C=C3)/C=C/C(=NO)O,CNC(=O)CCc1cc2ccccc2[nH]1
HDAC1,Cosine Search,0.15,C=1CC(C(N(C1)CC2=CC=CC=C2)=S)=O,Nn1c(=O)c(Cc2ccco2)n[nH]c1=S
HDAC1,Cosine Search,0.15,C=1CC(C(N(C1)CC2=CC=CC=C2)=S)=O,Nn1c(=O)c(Cc2ccco2)n[nH]c1=S
HDAC1,Cosine Search,0.15,C=1CC(C(N(C1)CC2=CC=CC=C2)=S)=O,Nn1c(=O)c(Cc2ccco2)n[nH]c1=S
HDAC1,Cosine Search,0.26,N1(C(N(C)C=2C(C1=O)=CC=CC2)=O)CCCCCC(NC=3C(N)=CC=CC3)=O,C[C@@H](CO)N1C[C@H](C)[C@@H](CN(C)C(=O)CCC(F)(F)F)OCc2ccccc2-c3c(C1=O)n(C)c4ccccc34
HDAC1,Cosine Search,0.32,C1=CC=C2NC(=CC2=C1)CCN(CCO)CC3=CC=C(C=C3)/C=C/C(=NO)O,CNC(=O)CCc1cc2ccccc2[nH]1
HDAC1,Cosine Search,0.15,C=1CC(C(N(C1)CC2=CC=CC=C2)=S)=O,Nn1c(=O)c(Cc2ccco2)n[nH]c1=S
HDAC1,Cosine Search,0.15,C=1CC(C(N(C1)CC2=CC=CC=C2)=S)=O,Nn1c(=O)c(Cc2ccco2)n[nH]c1=S
HDAC1,Cosine Search,0.32,C1=CC=C2NC(=CC2=C1)CCN(CCO)CC3=CC=C(C=C3)/C=C/C(=NO)O,CNC(=O)CCc1cc2ccccc2[nH]1
HDAC1,Cosine Search,0.32,C1=CC=C2NC(=CC2=C1)CCN(CCO)CC3=CC=C(C=C3)/C=C/C(=NO)O,CNC(=O)CCc1cc2ccccc2[nH]1
HDAC1,Cosine Search,0.15,C=1CC(C(N(C1)CC2=CC=CC=C2)=S)=O,Nn1c(=O)c(Cc2ccco2)n[nH]c1=S
HDAC1,Cosine Search,0.15,C=1CC(C(N(C1)CC2=CC=CC=C2)=S)=O,Nn1c(=O)c(Cc2ccco2)n[nH]c1=S
HDAC1,Cosine Search,0.15,C=1CC(C(N(C1)CC2=CC=CC=C2)=S)=O,Nn1c(=O)c(Cc2ccco2)n[nH]c1=S
HDAC1,Cosine Search,0.15,C=1CC(C(N(C1)CC2=CC=CC=C2)=S)=O,Nn1c(=O)c(Cc2ccco2)n[nH]c1=S
HDAC1,Cosine Search,0.15,C=1CC(C(N(C1)CC2=CC=CC=C2)=S)=O,Nn1c(=O)c(Cc2ccco2)n[nH]c1=S
HDAC1,Cosine Search,0.15,C=1CC(C(N(C1)CC2=CC=CC=C2)=S)=O,Nn1c(=O)c(Cc2ccco2)n[nH]c1=S
HDAC1,Cosine Search,0.15,C=1CC(C(N(C1)CC2=CC=CC=C2)=S)=O,Nn1c(=O)c(Cc2ccco2)n[nH]c1=S
HDAC1,Cosine Search,0.15,C=1CC(C(N(C1)CC2=CC=CC=C2)=S)=O,Nn1c(=O)c(Cc2ccco2)n[nH]c1=S
HDAC1,Cosine Search,0.15,C=1CC(C(N(C1)CC2=CC=CC=C2)=S)=O,Nn1c(=O)c(Cc2ccco2)n[nH]c1=S
HDAC1,Cosine Search,0.32,C1=CC=C2NC(=CC2=C1)CCN(CCO)CC3=CC=C(C=C3)/C=C/C(=NO)O,CNC(=O)CCc1cc2ccccc2[nH]1
HDAC1,Cosine Search,0.15,C=1CC(C(N(C1)CC2=CC=CC=C2)=S)=O,Nn1c(=O)c(Cc2ccco2)n[nH]c1=S
HDAC1,Cosine Search,0.32,C1=CC=C2NC(=CC2=C1)CCN(CCO)CC3=CC=C(C=C3)/C=C/C(=NO)O,CNC(=O)CCc1cc2ccccc2[nH]1
HDAC1,Cosine Search,0.25,N1(C(C=2C=C(O)C(=CC2C1=O)CN3CCOCC3)=O)CCCCCC(NC=4C(N)=CC=CC4)=O,OC[C@@H]1O[C@H](CC(=O)NCCCN2CCOCC2)C=C[C@@H]1NS(=O)(=O)c1ccccc1F
HDAC1,Cosine Search,0.15,C=1CC(C(N(C1)CC2=CC=CC=C2)=S)=O,Nn1c(=O)c(Cc2ccco2)n[nH]c1=S
HDAC1,Cosine Search,0.15,C=1CC(C(N(C1)CC2=CC=CC=C2)=S)=O,Nn1c(=O)c(Cc2ccco2)n[nH]c1=S
HDAC1,Cosine Search,0.32,C1=CC=C2NC(=CC2=C1)CCN(CCO)CC3=CC=C(C=C3)/C=C/C(=NO)O,CNC(=O)CCc1cc2ccccc2[nH]1
HDAC1,Cosine Search,0.32,C1=CC=C2NC(=CC2=C1)CCN(CCO)CC3=CC=C(C=C3)/C=C/C(=NO)O,CNC(=O)CCc1cc2ccccc2[nH]1
HDAC1,Cosine Search,0.15,C=1CC(C(N(C1)CC2=CC=CC=C2)=S)=O,Nn1c(=O)c(Cc2ccco2)n[nH]c1=S
HDAC1,Cosine Search,0.32,C1=CC=C2NC(=CC2=C1)CCN(CCO)CC3=CC=C(C=C3)/C=C/C(=NO)O,CNC(=O)CCc1cc2ccccc2[nH]1
HDAC1,Cosine Search,0.15,C=1CC(C(N(C1)CC2=CC=CC=C2)=S)=O,Nn1c(=O)c(Cc2ccco2)n[nH]c1=S
HDAC1,Cosine Search,0.15,C=1CC(C(N(C1)CC2=CC=CC=C2)=S)=O,Nn1c(=O)c(Cc2ccco2)n[nH]c1=S
HDAC1,Cosine Search,0.15,C=1CC(C(N(C1)CC2=CC=CC=C2)=S)=O,Nn1c(=O)c(Cc2ccco2)n[nH]c1=S
HDAC1,Cosine Search,0.32,C1=CC=C2NC(=CC2=C1)CCN(CCO)CC3=CC=C(C=C3)/C=C/C(=NO)O,CNC(=O)CCc1cc2ccccc2[nH]1
HDAC1,Cosine Search,0.25,N1(C(C=2C=C(O)C(=CC2C1=O)CN3CCOCC3)=O)CCCCCC(NC=4C(N)=CC=CC4)=O,OC[C@@H]1O[C@H](CC(=O)NCCCN2CCOCC2)C=C[C@@H]1NS(=O)(=O)c1ccccc1F
HDAC1,Cosine Search,0.32,C1=CC=C2NC(=CC2=C1)CCN(CCO)CC3=CC=C(C=C3)/C=C/C(=NO)O,CNC(=O)CCc1cc2ccccc2[nH]1
HDAC1,Cosine Search,0.25,N1(C(C=2C=C(O)C(=CC2C1=O)CN3CCOCC3)=O)CCCCCC(NC=4C(N)=CC=CC4)=O,OC[C@@H]1O[C@H](CC(=O)NCCCN2CCOCC2)C=C[C@@H]1NS(=O)(=O)c1ccccc1F
HDAC1,Cosine Search,0.32,C1=CC=C2NC(=CC2=C1)CCN(CCO)CC3=CC=C(C=C3)/C=C/C(=NO)O,CNC(=O)CCc1cc2ccccc2[nH]1
HDAC1,Euclidean Search,0.15,C=1CC(C(N(C1)CC2=CC=CC=C2)=S)=O,Nn1c(=O)c(Cc2ccco2)n[nH]c1=S
HDAC1,Euclidean Search,0.15,C=1CC(C(N(C1)CC2=CC=CC=C2)=S)=O,Nn1c(=O)c(Cc2ccco2)n[nH]c1=S
HDAC1,Euclidean Search,0.15,C=1CC(C(N(C1)CC2=CC=CC=C2)=S)=O,Nn1c(=O)c(Cc2ccco2)n[nH]c1=S
HDAC1,Euclidean Search,0.15,C=1CC(C(N(C1)CC2=CC=CC=C2)=S)=O,Nn1c(=O)c(Cc2ccco2)n[nH]c1=S
HDAC1,Euclidean Search,0.32,C1=CC=C2NC(=CC2=C1)CCN(CCO)CC3=CC=C(C=C3)/C=C/C(=NO)O,CNC(=O)CCc1cc2ccccc2[nH]1
HDAC1,Euclidean Search,0.15,C=1CC(C(N(C1)CC2=CC=CC=C2)=S)=O,Nn1c(=O)c(Cc2ccco2)n[nH]c1=S
HDAC1,Euclidean Search,0.32,C1=CC=C2NC(=CC2=C1)CCN(CCO)CC3=CC=C(C=C3)/C=C/C(=NO)O,CNC(=O)CCc1cc2ccccc2[nH]1
HDAC1,Euclidean Search,0.15,C=1CC(C(N(C1)CC2=CC=CC=C2)=S)=O,Nn1c(=O)c(Cc2ccco2)n[nH]c1=S
HDAC1,Euclidean Search,0.15,C=1CC(C(N(C1)CC2=CC=CC=C2)=S)=O,Nn1c(=O)c(Cc2ccco2)n[nH]c1=S
HDAC1,Euclidean Search,0.32,C1=CC=C2NC(=CC2=C1)CCN(CCO)CC3=CC=C(C=C3)/C=C/C(=NO)O,CNC(=O)CCc1cc2ccccc2[nH]1
HDAC1,Euclidean Search,0.15,C=1CC(C(N(C1)CC2=CC=CC=C2)=S)=O,Nn1c(=O)c(Cc2ccco2)n[nH]c1=S
HDAC1,Euclidean Search,0.15,C=1CC(C(N(C1)CC2=CC=CC=C2)=S)=O,Nn1c(=O)c(Cc2ccco2)n[nH]c1=S
HDAC1,Euclidean Search,0.15,C=1CC(C(N(C1)CC2=CC=CC=C2)=S)=O,Nn1c(=O)c(Cc2ccco2)n[nH]c1=S
HDAC1,Euclidean Search,0.15,C=1CC(C(N(C1)CC2=CC=CC=C2)=S)=O,Nn1c(=O)c(Cc2ccco2)n[nH]c1=S
HDAC1,Euclidean Search,0.15,C=1CC(C(N(C1)CC2=CC=CC=C2)=S)=O,Nn1c(=O)c(Cc2ccco2)n[nH]c1=S
HDAC1,Euclidean Search,0.15,C=1CC(C(N(C1)CC2=CC=CC=C2)=S)=O,Nn1c(=O)c(Cc2ccco2)n[nH]c1=S
HDAC1,Euclidean Search,0.15,C=1CC(C(N(C1)CC2=CC=CC=C2)=S)=O,Nn1c(=O)c(Cc2ccco2)n[nH]c1=S
HDAC1,Euclidean Search,0.15,C=1CC(C(N(C1)CC2=CC=CC=C2)=S)=O,Nn1c(=O)c(Cc2ccco2)n[nH]c1=S
HDAC1,Euclidean Search,0.15,C=1CC(C(N(C1)CC2=CC=CC=C2)=S)=O,Nn1c(=O)c(Cc2ccco2)n[nH]c1=S
HDAC1,Euclidean Search,0.15,C=1CC(C(N(C1)CC2=CC=CC=C2)=S)=O,Nn1c(=O)c(Cc2ccco2)n[nH]c1=S
HDAC1,Euclidean Search,0.32,C1=CC=C2NC(=CC2=C1)CCN(CCO)CC3=CC=C(C=C3)/C=C/C(=NO)O,CNC(=O)CCc1cc2ccccc2[nH]1
HDAC1,Euclidean Search,0.32,C1=CC=C2NC(=CC2=C1)CCN(CCO)CC3=CC=C(C=C3)/C=C/C(=NO)O,CNC(=O)CCc1cc2ccccc2[nH]1
HDAC1,Euclidean Search,0.15,C=1CC(C(N(C1)CC2=CC=CC=C2)=S)=O,Nn1c(=O)c(Cc2ccco2)n[nH]c1=S
HDAC1,Euclidean Search,0.15,C=1CC(C(N(C1)CC2=CC=CC=C2)=S)=O,Nn1c(=O)c(Cc2ccco2)n[nH]c1=S
HDAC1,Euclidean Search,0.15,C=1CC(C(N(C1)CC2=CC=CC=C2)=S)=O,Nn1c(=O)c(Cc2ccco2)n[nH]c1=S
HDAC1,Euclidean Search,0.15,C=1CC(C(N(C1)CC2=CC=CC=C2)=S)=O,Nn1c(=O)c(Cc2ccco2)n[nH]c1=S
HDAC1,Euclidean Search,0.32,C1=CC=C2NC(=CC2=C1)CCN(CCO)CC3=CC=C(C=C3)/C=C/C(=NO)O,CNC(=O)CCc1cc2ccccc2[nH]1
HDAC1,Euclidean Search,0.15,C=1CC(C(N(C1)CC2=CC=CC=C2)=S)=O,Nn1c(=O)c(Cc2ccco2)n[nH]c1=S
HDAC1,Euclidean Search,0.15,C=1CC(C(N(C1)CC2=CC=CC=C2)=S)=O,Nn1c(=O)c(Cc2ccco2)n[nH]c1=S
HDAC1,Euclidean Search,0.15,C=1CC(C(N(C1)CC2=CC=CC=C2)=S)=O,Nn1c(=O)c(Cc2ccco2)n[nH]c1=S
HDAC1,Euclidean Search,0.15,C=1CC(C(N(C1)CC2=CC=CC=C2)=S)=O,Nn1c(=O)c(Cc2ccco2)n[nH]c1=S
HDAC1,Euclidean Search,0.32,C1=CC=C2NC(=CC2=C1)CCN(CCO)CC3=CC=C(C=C3)/C=C/C(=NO)O,CNC(=O)CCc1cc2ccccc2[nH]1
HDAC1,Euclidean Search,0.15,C=1CC(C(N(C1)CC2=CC=CC=C2)=S)=O,Nn1c(=O)c(Cc2ccco2)n[nH]c1=S
HDAC1,Euclidean Search,0.32,C1=CC=C2NC(=CC2=C1)CCN(CCO)CC3=CC=C(C=C3)/C=C/C(=NO)O,CNC(=O)CCc1cc2ccccc2[nH]1
HDAC1,Euclidean Search,0.15,C=1CC(C(N(C1)CC2=CC=CC=C2)=S)=O,Nn1c(=O)c(Cc2ccco2)n[nH]c1=S
HDAC1,Euclidean Search,0.15,C=1CC(C(N(C1)CC2=CC=CC=C2)=S)=O,Nn1c(=O)c(Cc2ccco2)n[nH]c1=S
HDAC1,Euclidean Search,0.15,C=1CC(C(N(C1)CC2=CC=CC=C2)=S)=O,Nn1c(=O)c(Cc2ccco2)n[nH]c1=S
HDAC1,Euclidean Search,0.15,C=1CC(C(N(C1)CC2=CC=CC=C2)=S)=O,Nn1c(=O)c(Cc2ccco2)n[nH]c1=S
HDAC1,Euclidean Search,0.15,C=1CC(C(N(C1)CC2=CC=CC=C2)=S)=O,Nn1c(=O)c(Cc2ccco2)n[nH]c1=S
HDAC1,Euclidean Search,0.15,C=1CC(C(N(C1)CC2=CC=CC=C2)=S)=O,Nn1c(=O)c(Cc2ccco2)n[nH]c1=S
HDAC1,Euclidean Search,0.32,C1=CC=C2NC(=CC2=C1)CCN(CCO)CC3=CC=C(C=C3)/C=C/C(=NO)O,CNC(=O)CCc1cc2ccccc2[nH]1
HDAC1,Euclidean Search,0.15,C=1CC(C(N(C1)CC2=CC=CC=C2)=S)=O,Nn1c(=O)c(Cc2ccco2)n[nH]c1=S
HDAC1,Euclidean Search,0.15,C=1CC(C(N(C1)CC2=CC=CC=C2)=S)=O,Nn1c(=O)c(Cc2ccco2)n[nH]c1=S
HDAC1,Euclidean Search,0.15,C=1CC(C(N(C1)CC2=CC=CC=C2)=S)=O,Nn1c(=O)c(Cc2ccco2)n[nH]c1=S
HDAC1,Euclidean Search,0.32,C1=CC=C2NC(=CC2=C1)CCN(CCO)CC3=CC=C(C=C3)/C=C/C(=NO)O,CNC(=O)CCc1cc2ccccc2[nH]1
HDAC1,Euclidean Search,0.15,C=1CC(C(N(C1)CC2=CC=CC=C2)=S)=O,Nn1c(=O)c(Cc2ccco2)n[nH]c1=S
HDAC1,Euclidean Search,0.15,C=1CC(C(N(C1)CC2=CC=CC=C2)=S)=O,Nn1c(=O)c(Cc2ccco2)n[nH]c1=S
HDAC1,Euclidean Search,0.32,C1=CC=C2NC(=CC2=C1)CCN(CCO)CC3=CC=C(C=C3)/C=C/C(=NO)O,CNC(=O)CCc1cc2ccccc2[nH]1
HDAC1,Euclidean Search,0.15,C=1CC(C(N(C1)CC2=CC=CC=C2)=S)=O,Nn1c(=O)c(Cc2ccco2)n[nH]c1=S
HDAC1,Euclidean Search,0.15,C=1CC(C(N(C1)CC2=CC=CC=C2)=S)=O,Nn1c(=O)c(Cc2ccco2)n[nH]c1=S
HDAC1,Euclidean Search,0.15,C=1CC(C(N(C1)CC2=CC=CC=C2)=S)=O,Nn1c(=O)c(Cc2ccco2)n[nH]c1=S
HDAC1,Euclidean Search,0.32,C1=CC=C2NC(=CC2=C1)CCN(CCO)CC3=CC=C(C=C3)/C=C/C(=NO)O,CNC(=O)CCc1cc2ccccc2[nH]1
HDAC1,Euclidean Search,0.15,C=1CC(C(N(C1)CC2=CC=CC=C2)=S)=O,Nn1c(=O)c(Cc2ccco2)n[nH]c1=S
HDAC1,Euclidean Search,0.15,C=1CC(C(N(C1)CC2=CC=CC=C2)=S)=O,Nn1c(=O)c(Cc2ccco2)n[nH]c1=S
HDAC1,Euclidean Search,0.15,C=1CC(C(N(C1)CC2=CC=CC=C2)=S)=O,Nn1c(=O)c(Cc2ccco2)n[nH]c1=S
HDAC1,Euclidean Search,0.15,C=1CC(C(N(C1)CC2=CC=CC=C2)=S)=O,Nn1c(=O)c(Cc2ccco2)n[nH]c1=S
HDAC1,Euclidean Search,0.15,C=1CC(C(N(C1)CC2=CC=CC=C2)=S)=O,Nn1c(=O)c(Cc2ccco2)n[nH]c1=S
HDAC1,Euclidean Search,0.15,C=1CC(C(N(C1)CC2=CC=CC=C2)=S)=O,Nn1c(=O)c(Cc2ccco2)n[nH]c1=S
HDAC1,Euclidean Search,0.15,C=1CC(C(N(C1)CC2=CC=CC=C2)=S)=O,Nn1c(=O)c(Cc2ccco2)n[nH]c1=S
HDAC1,Euclidean Search,0.15,C=1CC(C(N(C1)CC2=CC=CC=C2)=S)=O,Nn1c(=O)c(Cc2ccco2)n[nH]c1=S
HDAC1,Euclidean Search,0.15,C=1CC(C(N(C1)CC2=CC=CC=C2)=S)=O,Nn1c(=O)c(Cc2ccco2)n[nH]c1=S
HDAC1,Euclidean Search,0.15,C=1CC(C(N(C1)CC2=CC=CC=C2)=S)=O,Nn1c(=O)c(Cc2ccco2)n[nH]c1=S
HDAC1,Euclidean Search,0.32,C1=CC=C2NC(=CC2=C1)CCN(CCO)CC3=CC=C(C=C3)/C=C/C(=NO)O,CNC(=O)CCc1cc2ccccc2[nH]1
HDAC1,Euclidean Search,0.32,C1=CC=C2NC(=CC2=C1)CCN(CCO)CC3=CC=C(C=C3)/C=C/C(=NO)O,CNC(=O)CCc1cc2ccccc2[nH]1
HDAC1,Euclidean Search,0.15,C=1CC(C(N(C1)CC2=CC=CC=C2)=S)=O,Nn1c(=O)c(Cc2ccco2)n[nH]c1=S
HDAC1,Euclidean Search,0.15,C=1CC(C(N(C1)CC2=CC=CC=C2)=S)=O,Nn1c(=O)c(Cc2ccco2)n[nH]c1=S
HDAC1,Euclidean Search,0.15,C=1CC(C(N(C1)CC2=CC=CC=C2)=S)=O,Nn1c(=O)c(Cc2ccco2)n[nH]c1=S
HDAC1,Euclidean Search,0.15,C=1CC(C(N(C1)CC2=CC=CC=C2)=S)=O,Nn1c(=O)c(Cc2ccco2)n[nH]c1=S
HDAC1,Euclidean Search,0.32,C1=CC=C2NC(=CC2=C1)CCN(CCO)CC3=CC=C(C=C3)/C=C/C(=NO)O,CNC(=O)CCc1cc2ccccc2[nH]1
HDAC1,Euclidean Search,0.15,C=1CC(C(N(C1)CC2=CC=CC=C2)=S)=O,Nn1c(=O)c(Cc2ccco2)n[nH]c1=S
HDAC1,Euclidean Search,0.15,C=1CC(C(N(C1)CC2=CC=CC=C2)=S)=O,Nn1c(=O)c(Cc2ccco2)n[nH]c1=S
HDAC1,Euclidean Search,0.32,C1=CC=C2NC(=CC2=C1)CCN(CCO)CC3=CC=C(C=C3)/C=C/C(=NO)O,CNC(=O)CCc1cc2ccccc2[nH]1
HDAC1,Euclidean Search,0.32,C1=CC=C2NC(=CC2=C1)CCN(CCO)CC3=CC=C(C=C3)/C=C/C(=NO)O,CNC(=O)CCc1cc2ccccc2[nH]1
HDAC1,Euclidean Search,0.15,C=1CC(C(N(C1)CC2=CC=CC=C2)=S)=O,Nn1c(=O)c(Cc2ccco2)n[nH]c1=S
HDAC1,Euclidean Search,0.15,C=1CC(C(N(C1)CC2=CC=CC=C2)=S)=O,Nn1c(=O)c(Cc2ccco2)n[nH]c1=S
HDAC1,Euclidean Search,0.15,C=1CC(C(N(C1)CC2=CC=CC=C2)=S)=O,Nn1c(=O)c(Cc2ccco2)n[nH]c1=S
HDAC1,Euclidean Search,0.15,C=1CC(C(N(C1)CC2=CC=CC=C2)=S)=O,Nn1c(=O)c(Cc2ccco2)n[nH]c1=S
HDAC1,Euclidean Search,0.15,C=1CC(C(N(C1)CC2=CC=CC=C2)=S)=O,Nn1c(=O)c(Cc2ccco2)n[nH]c1=S
HDAC1,Euclidean Search,0.15,C=1CC(C(N(C1)CC2=CC=CC=C2)=S)=O,Nn1c(=O)c(Cc2ccco2)n[nH]c1=S
HDAC1,Euclidean Search,0.15,C=1CC(C(N(C1)CC2=CC=CC=C2)=S)=O,Nn1c(=O)c(Cc2ccco2)n[nH]c1=S
HDAC1,Euclidean Search,0.15,C=1CC(C(N(C1)CC2=CC=CC=C2)=S)=O,Nn1c(=O)c(Cc2ccco2)n[nH]c1=S
HDAC1,Euclidean Search,0.15,C=1CC(C(N(C1)CC2=CC=CC=C2)=S)=O,Nn1c(=O)c(Cc2ccco2)n[nH]c1=S
HDAC1,Euclidean Search,0.32,C1=CC=C2NC(=CC2=C1)CCN(CCO)CC3=CC=C(C=C3)/C=C/C(=NO)O,CNC(=O)CCc1cc2ccccc2[nH]1
HDAC1,Euclidean Search,0.15,C=1CC(C(N(C1)CC2=CC=CC=C2)=S)=O,Nn1c(=O)c(Cc2ccco2)n[nH]c1=S
HDAC1,Euclidean Search,0.32,C1=CC=C2NC(=CC2=C1)CCN(CCO)CC3=CC=C(C=C3)/C=C/C(=NO)O,CNC(=O)CCc1cc2ccccc2[nH]1
HDAC1,Euclidean Search,0.15,C=1CC(C(N(C1)CC2=CC=CC=C2)=S)=O,Nn1c(=O)c(Cc2ccco2)n[nH]c1=S
HDAC1,Euclidean Search,0.15,C=1CC(C(N(C1)CC2=CC=CC=C2)=S)=O,Nn1c(=O)c(Cc2ccco2)n[nH]c1=S
HDAC1,Euclidean Search,0.15,C=1CC(C(N(C1)CC2=CC=CC=C2)=S)=O,Nn1c(=O)c(Cc2ccco2)n[nH]c1=S
HDAC1,Euclidean Search,0.15,C=1CC(C(N(C1)CC2=CC=CC=C2)=S)=O,Nn1c(=O)c(Cc2ccco2)n[nH]c1=S
HDAC1,Euclidean Search,0.32,C1=CC=C2NC(=CC2=C1)CCN(CCO)CC3=CC=C(C=C3)/C=C/C(=NO)O,CNC(=O)CCc1cc2ccccc2[nH]1
HDAC1,Euclidean Search,0.15,C=1CC(C(N(C1)CC2=CC=CC=C2)=S)=O,Nn1c(=O)c(Cc2ccco2)n[nH]c1=S
HDAC1,Euclidean Search,0.15,C=1CC(C(N(C1)CC2=CC=CC=C2)=S)=O,Nn1c(=O)c(Cc2ccco2)n[nH]c1=S
HDAC1,Euclidean Search,0.15,C=1CC(C(N(C1)CC2=CC=CC=C2)=S)=O,Nn1c(=O)c(Cc2ccco2)n[nH]c1=S
HDAC1,Euclidean Search,0.15,C=1CC(C(N(C1)CC2=CC=CC=C2)=S)=O,Nn1c(=O)c(Cc2ccco2)n[nH]c1=S
HDAC1,Euclidean Search,0.15,C=1CC(C(N(C1)CC2=CC=CC=C2)=S)=O,Nn1c(=O)c(Cc2ccco2)n[nH]c1=S
HDAC1,Euclidean Search,0.32,C1=CC=C2NC(=CC2=C1)CCN(CCO)CC3=CC=C(C=C3)/C=C/C(=NO)O,CNC(=O)CCc1cc2ccccc2[nH]1
HDAC1,Euclidean Search,0.15,C=1CC(C(N(C1)CC2=CC=CC=C2)=S)=O,Nn1c(=O)c(Cc2ccco2)n[nH]c1=S
HDAC1,Euclidean Search,0.32,C1=CC=C2NC(=CC2=C1)CCN(CCO)CC3=CC=C(C=C3)/C=C/C(=NO)O,CNC(=O)CCc1cc2ccccc2[nH]1
HDAC1,Euclidean Search,0.15,C=1CC(C(N(C1)CC2=CC=CC=C2)=S)=O,Nn1c(=O)c(Cc2ccco2)n[nH]c1=S
HDAC1,Euclidean Search,0.32,C1=CC=C2NC(=CC2=C1)CCN(CCO)CC3=CC=C(C=C3)/C=C/C(=NO)O,CNC(=O)CCc1cc2ccccc2[nH]1
HDAC1,Pre-trained hierVAE Generate,0.17,C=1C(=CC=C(N)C1NC(=O)C2=CC=CN=C2)C3=CC=NC=C3,CC(C)(C)S(=O)N1Cc2cc(C(=O)NCc3cccc(F)c3)nc(-c3cccc(-c4ccncc4)c3)c2C1CCO
HDAC1,Pre-trained hierVAE Generate,0.11,O=C(N[C@@H](CCCCCC(=O)C)C1=NC(=CN1)C=2C=CC=CC2)CCN3CCCCC3,COc1ccccc1CNC(=O)CC1CCC(NC(=O)CCN2CCCCC2)C(CO)O1
HDAC1,Pre-trained hierVAE Generate,0.16,N1(C(N(C)C=2C(C1=O)=CC=CC2)=O)CCCCCC(NC=3C(N)=CC=CC3)=O,CC1CN(C(C)CO)C(=O)c2c(c3ccccc3n2C)-c2ccccc2COC1CN(C)CC1CC1
HDAC1,Pre-trained hierVAE Generate,0.07,S(=O)(=O)(NC1=CC2=C(C=C1)OCO2)C3=CC=CC(=C3)C(CSC(SCC)=S)=O,CCCNC(=O)CC1CC2c3cc(NC(=O)c4ccc5c(c4)OCO5)ccc3OC2C(CO)O1
HDAC1,Pre-trained hierVAE Generate,0.16,C1(CN2C(C=3C(N(C2=O)C)=CC=CC3)=O)=CC=C(C=C1)C(=O)NC4=CC=CC=C4N,CC1CN(C(C)CO)C(=O)c2c(c3ccccc3n2C)-c2ccccc2COC1CN(C)C(=O)c1cccc(F)c1
HDAC1,Pre-trained hierVAE Generate,0.06,C=1C=[N+](C=C(C1)CCCCCCCCCCCC[N+]=2C=C(C=CC2)CCCC=C)CCCCCCC=C,CCCCCCCCCCCCCCCCCCCCCCCCCCCCCCCCCCCCCCCC(=O)NCCCCCCCCCCCCCCCCCCCCCC(=O)NC(C)(C)C
HDAC1,Pre-trained hierVAE Generate,0.04,C=1C=[N+](C=C(C1)CCCCCCCCCCCC[N+]=2C=C(C=CC2)CCCCC=C)CCCCCCC=C,COc1ccc(C=NNC(=O)CCCCCCCCCCCCCCCCCCCCCCCCCCCCCCCCCCCCCCCCCCCCCCCCCCCCCCCCCCCCC(=O)O)cc1
HDAC1,Pre-trained hierVAE Generate,0.13,C=1C=C(C=NC1)C2=CC(=CC=C2)NCC=3C=CC(=CC3)C(=O)NC4=CC=CC=C4N,CC(C)(C)c1ccc(C(=O)Nc2ccc(-c3cccc(-c4cccnc4)c3)nc2)cc1
HDAC1,Pre-trained hierVAE Generate,0.12,C1=C(C=C2SC(=CC2=C1)C(=NO)O)NC(CC3=CC=C(C=C3)F)=O,CCCNC(=O)Nc1ccc2c(c1)C(=O)N(C)CC(OC)C(C)CN(Cc1ccc(F)cc1)C(C)CO2
HDAC1,Pre-trained hierVAE Generate,0.05,C1=C(NC(C=2C=CC(=CC2)NC(=O)C)=O)C(=CC=C1C3=CC=CC=C3)O,CC(C)NCC(O)COc1ccc(C(C)C)cc1C(=O)Nc1ccc(C(=O)Nc2ccccc2C(=O)O)cc1
HDAC1,Pre-trained hierVAE Generate,0.06,C=1C=[N+](C=C(C1)CCCCCCCCCCCC[N+]=2C=C(C=CC2)CCCCC=C)CCCCCCC=C,CC(C)(C)c1ccccc1C(=O)Nc1ccc(S(=O)(=O)NCCCCCCCCCCCCCCCCCCCCCCCCCCCCCCCCCCCCCCC(=O)O)cc1
HDAC1,Pre-trained hierVAE Generate,0.1,C(CCCNC(NC(=O)C1=CC=C(C=C1)F)=O)CC(O)=NO,CCNC(=O)CC1C=CC(NC(=O)c2ccc(F)cc2)C(CO)O1
HDAC1,Pre-trained hierVAE Generate,0.09,S1C(C2=CC(NC(=O)C=3C=CC(OC)=CC3)=C(N)C=C2)=CC=C1,COc1cccc(-c2ccc(OC(=O)c3ccc(C(C)(C)C)cc3)cc2)c1
HDAC1,Pre-trained hierVAE Generate,0.12,O=S(N1CC=2C=C(/C=C/C(=NO)O)C=CC2C1)(C3=CC=C(C=C3)C)=O,Cc1ccc(S(=O)(=O)N(C)CC2OCCCCC(C)Oc3ccc(NC(=O)CCC(F)(F)F)cc3C(=O)N(C(C)CO)CC2C)cc1
HDAC1,Pre-trained hierVAE Generate,0.14,C1=C(C=C2SC(=CC2=C1)C(=NO)O)NC(CC3=CC=C(C=C3)OC)=O,COc1ccc(CNC(=O)CC2CC3c4cc(NC(=O)Cc5ccncc5)ccc4OC3C(CO)O2)cc1
HDAC1,Pre-trained hierVAE Generate,0.08,C(CCCNC(=O)NC(=O)C1=CC=C(C=C1)C2=CN=CN=C2)CC(O)=NO,CCCNC(=O)C1C(CO)C2Cn3c(ccc(-c4cncnc4)c3=O)C2N1C(=O)c1cccc(F)c1
HDAC1,Pre-trained hierVAE Generate,0.06,C1=C(C=CC(=C1)CN2N=NC(=C2)CCCCC(O)=NO)C(F)(F)F,CC1CN(C(C)CO)C(=O)CCCn2cc(nn2)COC1CN(C)Cc1ccc(C(F)(F)F)cc1
HDAC1,Pre-trained hierVAE Generate,0.13,C1=C(C=CC(O)=C1NC(C=2C=CN=CC2)=O)C=3C=CC=CC3,CN(C)C(=O)CC1CC2c3cc(NC(=O)c4ccncc4)ccc3OC2C(CO)O1
HDAC1,Pre-trained hierVAE Generate,0.09,C1=C(NS(C2=CC=C(C=C2)Cl)(=O)=O)C=CC(C(CSC(=S)SCC)=O)=C1,CC1CN(C(C)CO)C(=O)CCCn2cc(nn2)COC1CN(C)S(=O)(=O)c1ccc(Cl)cc1
HDAC1,Pre-trained hierVAE Generate,0.16,C(C(=O)CCCCCCC(NC=1C=C(C2=CC=CC=C2)C=CC1)=O)(F)(F)F,CC1CCCCOC(CN(C)C(=O)Cc2ccccc2)C(C)CN(C(C)CO)C(=O)c2cc(NC(=O)CCC(F)(F)F)ccc2O1
HDAC1,Pre-trained hierVAE Generate,0.16,C=1CC(C(N(C1)CC2=CC=C(C=C2)C=3C=CN=CC3)=S)=O,CC(C)(C)S(=O)N1CC(CCO)C(C(=O)NCc2ccc(-c3ccncc3)cc2)C1
HDAC1,Pre-trained hierVAE Generate,0.11,C=1C=C(NC(CNCCCC(NC2=CC=CC=C2N)=O)=O)C=CC1C,CC(=O)Nc1ncnc2ccc(C(=O)NCCCNCC(=O)Nc3ccc(C(F)(F)F)cc3)cc12
HDAC1,Pre-trained hierVAE Generate,0.04,C=1C(=C(NC(CNC=2C=CC(=CC2)C(NC3=C(C=CC=C3)N)=O)=O)C=C(C1)Cl)Cl,CN(C)c1ccc(Cl)c(NC(=O)CCCNCCCNC(=O)c2ccc(NC(=O)c3ccc(F)cc3)cc2)c1
HDAC1,Pre-trained hierVAE Generate,0.09,C1(=CC=C(CC(NCC2=CC=C(C=C2)OC)=O)S1)C(=O)CSC(=S)SCC,COc1ccc(CNC(=O)CNCC2OC(=O)c3c(OC)cccc32)cc1
HDAC1,Pre-trained hierVAE Generate,0.11,C=1(C=CC(/C=C/C(=NO)O)=CC1)C2=CC=C(C=C2)OC,COc1ccc(C(CC(=O)O)c2ccc(O)cc2)cc1
HDAC1,Pre-trained hierVAE Generate,0.23,N(C=1C(N)=CC=CC1)C(=O)CCCCCCC(C=2C=CC(C3=CC(OC)=C(C=C3)OC)=CC2)=O,COc1ccc(COC(=O)CCCCCCC(=O)Nc2ccc(C(C)(C)C)cc2)cc1OC
HDAC1,Pre-trained hierVAE Generate,0.12,C1=C(C=C2SC(=CC2=C1)C(=NO)O)NC(CC3=CC=C(C=C3)OC)=O,COc1ccc(CNC(=O)CC2CC3c4cc(NC(=O)Cc5cccnc5)ccc4OC3C(CO)O2)cc1
HDAC1,Pre-trained hierVAE Generate,0.01,C=1C=C(C=NC1)C2=CC(=CC=C2)NCC=3C=CC(=CC3)C(=O)NC4=CC=CC=C4N,CC(C)(C)c1ccc(C(=O)Nc2ccc(-c3cccc(-c4cccnc4)c3)nc2)cc1
HDAC1,Pre-trained hierVAE Generate,0.02,C=1(C=CC(C(NC2=CC=CC=C2N)=O)=CC1)CN3C(C4=C(N(C3=O)CCN5CCOCC5)C=CC=C4)=O,CC1CN(C(C)CO)C(=O)c2c(c3ccccc3n2C)-c2ccccc2COC1CN(C)C(=O)CCN1CCOCC1
HDAC1,Pre-trained hierVAE Generate,0.17,C1(=CC=C(C(NC2=CC=CC=C2N)=O)C=C1)CNC=3SC4=C(N3)C=CC(=C4)OCCN5CCOCC5,COc1cccc(COc2cccc(C(=O)NCCCN3CCOCC3)c2)c1
HDAC1,Pre-trained hierVAE Generate,0.12,N1(C2=C([C@@H](C[C@@H]1C)NC(=O)OC(C)C)C=C(C=C2)NC(CCCCCCC(O)=NO)=O)C(=O)C,CC(C)NC(=O)N(C)CC1OCCCCC(C)Oc2ccc(NC(=O)CCC(F)(F)F)cc2C(=O)N(C(C)CO)CC1C
HDAC1,Pre-trained hierVAE Generate,0.16,C1=C(C=C2SC(=CC2=C1)C(=NO)O)NC(CC3=CC=C(C=C3)OC)=O,COc1ccc(CNC(=O)CC2CC3c4cc(NC(=O)Cc5ccncc5)ccc4OC3C(CO)O2)cc1
HDAC1,Pre-trained hierVAE Generate,0.15,C1=CC(C(CSC(=S)SCC)=O)=CC=C1CNC(C=2C=CC=CC2)=O,CC(C)(C)C1COCc2cn(nn2)CCC(CNC(=O)c2ccccc2)C(=O)N1
HDAC1,Pre-trained hierVAE Generate,0.11,C(CC(CCCCC(O)=NO)C(C)(C)C)(=O)NC1=CC=CC=C1,CC(C)(C)C(O)C(Cc1ccccc1)NC(=O)CCC(=O)O
HDAC1,Pre-trained hierVAE Generate,0.16,C1(CN2C(C=3C(N(C2=O)C)=CC=CC3)=O)=CC=C(C=C1)C(=O)NC4=CC=CC=C4N,CC1CN(C(C)CO)C(=O)c2c(c3ccccc3n2C)-c2ccccc2COC1CN(C)Cc1cccc(C(F)(F)F)c1
HDAC1,Pre-trained hierVAE Generate,0.15,S(NC1=CC=C(/C=C/C(NC2=C(N)C=CC=C2)=O)C=C1)(C3=CC=C(C=C3)OC)(=O)=O,COc1ccc(S(=O)(=O)Nc2ccc3c(c2)C2CC(CC(=O)NCCc4ccccc4)OC(CO)C2O3)cc1
HDAC1,Pre-trained hierVAE Generate,0.07,O=S(N1CC=2C=C(C=CC2C1)/C=C/C(=NO)O)(C3=CC=C(C=C3)C(F)(F)F)=O,CC(C)NC(=O)Nc1ccc2c(c1)CC(=O)N(C(C)CO)CC(C)C(CN(C)Cc1ccc(C(F)(F)F)cc1)O2
HDAC1,Pre-trained hierVAE Generate,0.14,N1(C=2C([C@@H](C[C@@H]1C)NC3=CC=CC=C3)=CC(=CC2)NC(CCCCCCC(=O)NO)=O)C(=O)C,CCCCCC(=O)Nc1ccc2c(c1)C1CC(CC(=O)NCc3ccccn3)OC(CO)C1O2
HDAC1,Pre-trained hierVAE Generate,0.04,S1C(=CC=C1C(C(F)(F)F)=O)C(NCCC2=CC=CC=C2)=O,CC(C)NC(=O)Nc1ccc2c(c1)C1CC(CC(=O)NCCc3ccccc3)OC(CO)C1O2
HDAC1,Pre-trained hierVAE Generate,0.17,C=1(NC(CC2=CC=CC=C2)=O)C=CC=3SC(=CC3C1)C(O)=NO,CC(C)NC(=O)N(C)CC1OCCCCC(C)Oc2ccc(NC(=O)Cc3ccccc3)cc2C(=O)N(C(C)CO)CC1C
HDAC1,Pre-trained hierVAE Generate,0.05,C(O)(=NO)CCCCCCC(C1=CC=C(C=C1)C2=CC=C(C=C2)Br)=O,CN(C)C(=O)c1ccc(-c2ccc(C=NNC(=O)CCCCCCC(=O)NO)cc2)cc1
HDAC1,Pre-trained hierVAE Generate,0.14,N1(C=2C([C@@H](C[C@@H]1C)NC3=CC=CC=C3)=CC(=CC2)NC(CCCCCCC(=O)NO)=O)C(=O)C,CCCC(=O)Nc1ccc2c(c1)C1CC(CC(=O)NCCc3ccccc3)OC(CO)C1O2
HDAC1,Pre-trained hierVAE Generate,0.16,C=1C(=C(NC(CNC=2C=CC(=CC2)C(NC3=C(C=CC=C3)N)=O)=O)C=C(C1)Cl)Cl,CN(C)c1ccc(Cl)c(NC(=O)CCCNCCCNC(=O)c2ccc(NC(=O)c3ccc(F)cc3)cc2)c1
HDAC1,Pre-trained hierVAE Generate,0.13,C=1C(=CC=C(C1NC(=O)C2=CC=CN=C2)N)C3CCCC3,COC1CN(C)C(=O)c2ccc(NC(=O)NC(C)C)cc2OCC(C)N(C(=O)c2cccnc2)CC1C
HDAC1,Pre-trained hierVAE Generate,0.13,C=1(C=CC(C(NC2=CC=CC=C2N)=O)=CC1)CN3C(C4=C(N(C3=O)CCN5CCOCC5)C=CC=C4)=O,CC1CN(C(C)CO)C(=O)c2c(c3ccccc3n2C)-c2ccccc2COC1CN(C)C(=O)CCN1CCOCC1
HDAC1,Pre-trained hierVAE Generate,0.03,O=C(NC1=CC=CC=C1)C(C2=CC=C(C=C2)C(=O)NC=3C(N)=CC=CC3)(C)C(=O)NC4=CC=CC=C4,CC(C)(C)c1ccc(C(=O)Nc2ccc(C(=O)Nc3ccccc3C(=O)Nc3ccc(C(=O)Nc4ccccc4C(=O)O)cc3)cc2)cc1
HDAC1,Pre-trained hierVAE Generate,0.13,O1C[C@H]2[C@@H]([C@@H](C=3C([C@H]2NC=4C=CC(NC(=O)CCCCCC(=O)NO)=CC4)=CC=5OCOC5C3)C6=CC(OC)=C(O)C(OC)=C6)C1=O,CCCCCC(=O)Nc1ccc2c(c1)OCC(C)N(C(=O)c1ccc3c(c1)OCO3)CC(C)C(OC)CN(C)C2=O
HDAC1,Pre-trained hierVAE Generate,0.14,O(C1=CC=C(CN2N=NC(CCCCC(O)=NO)=C2)C=C1)C3=CC=CC=C3,CC1CN(C(C)CO)C(=O)CCCn2cc(nn2)COC1CN(C)Cc1ccc(Oc2ccccc2)cc1
HDAC1,Pre-trained hierVAE Generate,0.01,C=1(C=CC=C(C(CSC(=S)SCC)=O)C1)NS(C2=CC=C(C=C2)Cl)(=O)=O,CCCNC(=O)CC1CC2c3cc(NS(=O)(=O)c4ccc(F)cc4)ccc3OC2C(CO)O1
HDAC1,Pre-trained hierVAE Generate,0.01,S(NC1=CC=C(/C=C/C(NC=2C(N)=CC=CC2)=O)C=C1)(C3=CC=C(C=C3)C)(=O)=O,Cc1ccc(S(=O)(=O)Nc2ccc(C(=O)Nc3ccc(S(=O)(=O)NC(C)(C)C)cc3)cc2)cc1
HDAC1,Pre-trained hierVAE Generate,0.18,C=1C=[N+](C=C(C1)CCCCCCCCCCCC[N+]=2C=C(C=CC2)CCCC=C)CCCCCCC=C,CCCCCCCCCCCCCCCCCCCCCCCCCCCCCCCCCCCCCCCCCCCCCCCCCCCCCCCCCCCCCCCCCCCCCCCCCCCCCCCCCCCCCCCCCCCCCCCCCCCCCC
HDAC1,Pre-trained hierVAE Generate,0.14,C1=C(C=CC(N)=C1NC(C2=CC=CN=C2)=O)C3=CC=C(C=C3)F,CN(C)c1ncnc2ccc(-c3ccc(F)cc3)cc12
HDAC1,Pre-trained hierVAE Generate,0.13,C=1C(/C=C/C(=O)NO)=CC=C(OC[C@@H](NC(=O)C2=CC=CC=C2)CC=3C=4C(NC3)=CC=CC4)C1,CN(C)C(=O)C(Cc1c[nH]c2ccccc12)NC(=O)c1cccc(S(N)(=O)=O)c1
HDAC1,Pre-trained hierVAE Generate,0.16,S1C(=CC=C1C(=O)C(F)(F)F)C(NCC2=CC=C(C=C2)OC)=O,COc1ccc(CNC(=O)CC2CCC(NC(=O)c3ccc(F)cc3)C(CO)O2)cc1
HDAC1,Pre-trained hierVAE Generate,0.17,O=C(NCC1=CC=CC=C1)C(C2=CC=C(C=C2)C(=O)NC=3C(N)=CC=CC3)C(=O)NCC4=CC=CC=C4,CC(C)c1ccccc1C(=O)Nc1ccc(C(=O)Nc2ccccc2C(=O)NCCCNCc2ccccc2)cc1
HDAC1,Pre-trained hierVAE Generate,0.23,S(NC1=CC=C(/C=C/C(NC2=C(N)C=CC=C2)=O)C=C1)(C3=CC=C(C=C3)OC)(=O)=O,COc1ccc(S(=O)(=O)Nc2ccc3c(c2)C2CC(CC(=O)NCCc4ccccc4)OC(CO)C2O3)cc1
HDAC1,Pre-trained hierVAE Generate,0.1,C=1(C=CC(=CC1)NCC2=CC=C(C=C2)OC)C(=O)NC=3C=CC=CC3N,COc1ccc(CNC(=O)CC2CC3c4cc(NC(=O)Nc5ccccc5F)ccc4OC3C(CO)O2)cc1
HDAC1,Pre-trained hierVAE Generate,0.15,S1C2=C(C=C(C=C2)C(=O)NCC3=CC=C(OC)C=C3)C=C1C(O)=NO,COc1ccc(CNC(=O)CC2CCC3C(COCC(O)CN3Cc3ccc(Cl)c(Cl)c3)O2)cc1
HDAC1,Pre-trained hierVAE Generate,0.01,S1C(C2=CC(NC(=O)C=3C=CC(OC)=CC3)=C(N)C=C2)=CC=C1,COc1ccc(-c2cc(C)n(-c3ccc(C(=O)N(C)C)cc3)n2)cc1
HDAC1,Pre-trained hierVAE Generate,0.07,FC(F)(F)C=1C=C(NC(=O)CCCCCCC(O)=NO)C=CC1,CC1CN(C(C)CO)C(=O)Cc2cc(NC(=O)CCC(F)(F)F)ccc2OC1CN(C)CC1CC1
HDAC1,Pre-trained hierVAE Generate,0.08,C1(=CC=C(C=C1)NCC2=CC(=C(C=C2)OC)OC)C(=O)NC3=CC=CC=C3N,COc1ccc(CNc2ncnc3ccc(-c4ccc(F)cc4)cc23)cc1OC
HDAC1,Pre-trained hierVAE Generate,0.1,C(C1=CC=C(C=C1)N(C)C)(=O)NCCCNC(=O)CS,CC(C)(C)S(=O)N(CCC(=O)O)c1ccc(C(=O)NCCCC(=O)O)cc1
HDAC1,Pre-trained hierVAE Generate,0.06,C=1CC(C(N(C1)CC2=CC=C(C=C2C#N)C3=CC=CC=C3)=S)=O,COC1CCC2CCOc3c(C#N)cccc3C(=O)N(C)CC(c3ccccc3)CC(=O)N(C)CC1O2
HDAC1,Pre-trained hierVAE Generate,0.22,S(NC=1C=CC(=CC1)OCCCCCCC(O)=NO)(C2=CC=C(C=C2)OC)(=O)=O,CCCCCCCC(O)COc1ccc(S(=O)(=O)Nc2ccc(S(=O)(=O)O)cc2)cc1
HDAC1,Pre-trained hierVAE Generate,0.14,S(NC1=CC=C(/C=C/C(NC=2C(N)=CC=CC2)=O)C=C1)(C3=CC=C(C=C3)C)(=O)=O,Cc1ccc(S(=O)(=O)Nc2ccc3c(c2)C2CC(CC(=O)NCc4ccc(F)cc4)OC(CO)C2O3)cc1
HDAC1,Pre-trained hierVAE Generate,0.04,C1(CN(CC2=CC3=C(C=C2)OCO3)CCO)=CC=C(C=C1)C(=O)NC4=C(N)C=CC=C4,CC1CN(C(C)CO)C(=O)c2cc(N(C)C)ccc2OC1CN(C)Cc1ccc(C(=O)Nc2ccccc2N)cc1
HDAC1,Pre-trained hierVAE Generate,0.12,C(C1=CC=C(C=C1)N(C)C)(=O)NCCCNC(=O)CS,CC(C)(C)Oc1ccccc1C(=O)NCCCNC(=O)CCC(=O)O
HDAC1,Pre-trained hierVAE Generate,0.13,C=1(C=CC=C(C(CSC(=S)SCC)=O)C1)NS(C2=CC=C(C=C2)Cl)(=O)=O,CCNC(=O)CC1CC2c3cc(NS(=O)(=O)c4ccc(F)cc4)ccc3OC2C(CO)O1
HDAC1,Pre-trained hierVAE Generate,0.1,C=1C(C(OC)=O)=CC=C(N)C1NC(C=2C=CC(=CC2)NC(=O)C)=O,CC(=O)Nc1ccc(NC(=O)CCCNC(=O)c2ccc(Cl)c(Cl)c2)cc1
HDAC1,Pre-trained hierVAE Generate,0.2,C1(=CC=C(C=C1)NCC2=CC(=C(C=C2)OC)OC)C(=O)NC3=CC=CC=C3N,COc1ccc(CNc2ncnc3ccc(-c4ccc(F)cc4)cc23)cc1OC
HDAC1,Pre-trained hierVAE Generate,0.1,C1(=CC(C(CSC(SCC)=S)=O)=CC=C1)NC(C=2C=NC=CC2)=O,CC1CN(C(C)CO)C(=O)c2cc(NC(=O)c3cccnc3)ccc2OC1CN(C)C
HDAC1,Pre-trained hierVAE Generate,0.09,S(CC=1C=CC(=CC1)C(=O)NC=2C(N)=CC=CC2)C=3N=CC=CC3,CC(C)(C)c1ccc(C(=O)Nc2ccccc2C(=O)Nc2ccccn2)cc1
HDAC1,Pre-trained hierVAE Generate,0.11,C(CCCCCCC(=O)NC=1C=CC=CC1)(=O)NC=2C(=CC=CC2)C(=O)NO,CN(C)CCCCCCC(=O)Nc1ccc(C(=O)Nc2ccccc2C(=O)NCCCCCNC(=O)CCCCCC(=O)NO)cc1
HDAC1,Pre-trained hierVAE Generate,0.05,C1(=CC=C(C=C1)C(C)(C)C)C(O)=NO,CC(C)(C)c1ccc(NC(=O)c2ccc(C(C)(C)C)cc2)cc1
HDAC1,Pre-trained hierVAE Generate,0.16,C(=O)(C=1C=CC(=CC1)C2=CC=CC=C2)NCCCCCCC(NC=3C(=CC=CC3)N)=O,Cc1cccc(C(=O)c2ccc(C(=O)NCCCCCCC(=O)Nc3ccc(C(=O)O)cc3)cc2)c1
HDAC1,Pre-trained hierVAE Generate,0.13,N1(C2=C([C@@H](C[C@@H]1C)NC(=O)OC(C)C)C=C(C=C2)NC(CCCCCCC(O)=NO)=O)C(=O)C,CC(C)NC(=O)N(C)CC1OCCCCC(C)Oc2ccc(NC(=O)CCC(F)(F)F)cc2C(=O)N(C(C)CO)CC1C
HDAC1,Pre-trained hierVAE Generate,0.11,C=1(C=CC(=CC1)NCC2=CC=C(C=C2)OC)C(=O)NC=3C=CC=CC3N,COc1ccc(CNC(=O)CC2CC3c4cc(NC(=O)Nc5ccccc5F)ccc4OC3C(CO)O2)cc1
HDAC1,Pre-trained hierVAE Generate,0.07,C=1(CN2C(C=3C(C2=O)=CC=CC3)=O)C=CC(=CC1)C(=O)NC4=CC=CC=C4N,COc1ccc(S(=O)(=O)N(C)CC2OCc3ccccc3-c3ccccc3C(=O)N(C(C)CO)CC2C)cc1
HDAC1,Pre-trained hierVAE Generate,0.12,SCCCCCCC(=O)NC=1SC=C(N1)C2=CC=C(C=C2)C,CC(C)(C)c1ccc(C(=O)Nc2nc(-c3ccc(C(C)(C)C)cc3)cs2)cc1
HDAC1,Pre-trained hierVAE Generate,0.15,S(NC=1C=CC(/C=C/C(NC2=C(N)C=CC=C2)=O)=CC1)(C=3C=CC(C(C)(C)C)=CC3)(=O)=O,COc1ccc(C(=O)Nc2ccc(S(=O)(=O)N(C)C)cc2)cc1C=Cc1ccc(C(C)(C)C)cc1
HDAC1,Pre-trained hierVAE Generate,0.04,S(=O)(=O)(NC1=CC2=C(C=C1)OCO2)C3=CC=CC(=C3)C(CSC(SCC)=S)=O,CCCNC(=O)CC1CC2c3cc(NC(=O)c4ccc5c(c4)OCO5)ccc3OC2C(CO)O1
HDAC1,Pre-trained hierVAE Generate,0.08,C1(=CNC2=C1C=CC=C2)CC(NC3=CC(=C(OCCCCCCC(=O)NO)C=C3)F)=O,CC(C)NC(=O)N(C)CC1OCCCCC(C)Oc2ccc(NC(=O)Cc3cn(C)c4ccccc34)cc2C(=O)N(C(C)CO)CC1C
HDAC1,Pre-trained hierVAE Generate,0.05,C(CCCNC(NC(C=1C=CC(=CC1)NC(CC2=CC=CC=C2)=O)=O)=O)CC(NO)=O,CCCNC(=O)NCCC1CC2c3cc(NC(=O)Cc4ccncc4)ccc3OC2C(CO)O1
HDAC1,Pre-trained hierVAE Generate,0.05,C1=C(N2CC3CCC2CN3C(OCC=4C=CC=NC4)=O)N=CC(=C1)C(NC=5C(=CC=CC5)N)=O,CC1CN(C(C)CO)C(=O)CCCn2cc(nn2)COC1CN(C)Cc1cccnc1
HDAC1,Pre-trained hierVAE Generate,0.11,C=1(C=CC(/C=C/C(=NO)O)=CC1)C2=CC=C(C=C2)OC,COc1ccc(C(CC(=O)O)c2ccc(O)cc2)cc1
HDAC1,Pre-trained hierVAE Generate,0.23,C=1C=C(NC(CNC=2C=CC(=CC2)C(NC3=C(C=CC=C3)N)=O)=O)C=CC1Cl,O=C(Nc1ccc(C(=O)Nc2ccc(C(F)(F)F)cc2)cc1)c1ccc(Cl)cc1
HDAC1,Pre-trained hierVAE Generate,0.14,C=1C=C(C=NC1)C2=CC(=CC=C2)NCC=3C=CC(=CC3)C(=O)NC4=CC=CC=C4N,CC(NC(=O)C1C(CO)C2c3ccc(-c4cccnc4)c(=O)n3CC1N2C(=O)c1ccc(F)cc1)c1ccccc1
HDAC1,Pre-trained hierVAE Generate,0.21,C=1C=C(C=NC1)C2=CC(=CC=C2)NCC=3C=CC(=CC3)C(=O)NC4=CC=CC=C4N,CC(C)(C)c1ccc(C(=O)Nc2ccc(-c3cccc(-c4cccnc4)c3)nc2)cc1
HDAC1,Pre-trained hierVAE Generate,0.15,C(C=1C=CC(=CC1)C(=O)CCCCCCC(O)=NO)(F)(F)F,CC1CN(C(C)CO)C(=O)CCCn2cc(nn2)COC1CN(C)C(=O)c1ccc(C(F)(F)F)cc1
HDAC1,Pre-trained hierVAE Generate,0.03,N(CC1=CC=C(C=C1)C(=O)NC=2C=CC=CC2N)C(CCCCC(NCCCNCCCCNCC=3C(=CC=CC3)C4=CC=CC=C4)=O)=O,COc1ccc(-c2ccc(C(=O)Nc3ccc(C(=O)Nc4ccc(C(=O)NCCCNCCCNC(=O)CCCN5CCOCC5)cc4)cc3)cc2)cc1
HDAC1,Pre-trained hierVAE Generate,0.02,C=1C=[N+](C=C(C1)CCCCCCCCCCCC[N+]=2C=C(C=CC2)CCCCC=C)CCCCCCC=C,CCCCCCCCCCCCCCCCCCCCCC(=O)NCCO
HDAC1,Pre-trained hierVAE Generate,0.01,C=1C=C(NC(CNC=2C=CC(=CC2)C(NC3=C(C=CC=C3)N)=O)=O)C=CC1C,Cc1ccc(C(=O)Nc2ccc(C(=O)Nc3ccc(C(=O)O)cc3C(=O)OCCO)cc2)cc1
HDAC1,Pre-trained hierVAE Generate,0.12,C(CCCCCCC(=O)NC=1C=CC=CC1)(=O)NC=2C(=CC=CC2)C(=O)NO,CN(C)CCCCCCC(=O)Nc1ccc(C(=O)Nc2ccccc2C(=O)NCCCCCNC(=O)CCCCCC(=O)NO)cc1
HDAC1,Pre-trained hierVAE Generate,0.08,FC(F)(F)C=1C=C(NC(=O)CCCCCCC(O)=NO)C=CC1,COc1ccc(CNC(=O)CCCCCCC(=O)Nc2cccc(C(F)(F)F)c2)cc1OC
HDAC1,Pre-trained hierVAE Generate,0.24,C(=O)(C=1C=CC(=CC1)C2=CC=CC=C2)NCCCCCCC(NC=3C(=CC=CC3)N)=O,Cc1cccc(C(=O)c2ccc(C(=O)NCCCCCCC(=O)Nc3ccc(C(=O)O)cc3)cc2)c1
HDAC1,Pre-trained hierVAE Generate,0.1,C1=C(C=C2SC(=CC2=C1)C(=NO)O)NC(CC3=CC=C(C=C3)OC)=O,COc1ccc(CNC(=O)CC2CC3c4cc(NC(=O)Cc5ccncc5)ccc4OC3C(CO)O2)cc1
HDAC1,Pre-trained hierVAE Generate,0.18,N1(C=2C([C@@H](C[C@@H]1C)NC3=CC=CC=C3)=CC(=CC2)NC(CCCCCCC(=O)NO)=O)C(=O)C,CCCC(=O)Nc1ccc2c(c1)C(=O)N(C)CC(OC)C(C)CN(C(=O)c1cccc(F)c1)C(C)CO2
HDAC1,Pre-trained hierVAE Generate,0.17,N1(C=2C([C@@H](C[C@@H]1C)NC3=CC=CC=C3)=CC(=CC2)NC(CCCCCCC(=O)NO)=O)C(=O)C,CCCCCC(=O)Nc1ccc2c(c1)C1CC(CC(=O)NCc3ccccn3)OC(CO)C1O2
HDAC1,Pre-trained hierVAE Generate,0.16,C=1C=C(NC(CNC=2C=CC(=CC2)C(NC3=C(C=CC=C3)N)=O)=O)C=CC1OC,COc1ccc(NC(=O)Nc2ccc3c(c2)C2CC(CC(=O)NCCc4ccccc4)OC(CO)C2O3)cc1
HDAC1,Pre-trained hierVAE Generate,0.07,S(NC=1C=CC(/C=C/C(NC2=C(N)C=CC=C2)=O)=CC1)(C=3C=CC(C(C)(C)C)=CC3)(=O)=O,COc1ccc(C(=O)Nc2ccc(S(=O)(=O)N(C)C)cc2)cc1C=Cc1ccc(C(C)(C)C)cc1
HDAC1,Ours,0.51,C=1C(=CC=C(C1NC(=O)C2=CC=CN=C2)N)C3CCCC3,CC1CN(C(C)CO)C(=O)CCCn2nncc2COC1CN(C)C(=O)c1cccnc1
HDAC1,Ours,0.5,S1C(=CC=C1C(=O)C(F)(F)F)C(NCC2=CC=C(C=C2)OC)=O,COc1ccc(CNC(=O)CC2CC3c4cc(NC(=O)C5CCOCC5)ccc4OC3C(CO)O2)cc1
HDAC1,Ours,0.5,C=1C(=CC=C(C1)NC(CCCCCCC(=NO)O)=O)C,CCNCCCCCCC(=O)Nc1ccc(C(=O)O)cc1
HDAC1,Ours,0.5,C=1(CN2C(C=3C(C2=O)=CC=CC3)=O)C=CC(=CC1)C(=O)NC4=CC=CC=C4N,CC1CN(C(C)CO)C(=O)c2ccccc2-c2ccccc2COC1CN(C)Cc1ccccc1C(F)(F)F
HDAC1,Ours,0.45,C=1C(=CC=C(C1)NC(CCCCCCC(=NO)O)=O)C,CC(C)c1ccc(NC(=O)CCCCCCC(=O)NC(C(=O)O)C(C)(C)C)cc1
HDAC1,Ours,0.44,N(C=1C(N)=CC=CC1)C(=O)CCCCCCC(=O)C=2C=CC=CC2,COc1ccccc1C=NNC(=O)CCCCCCC(=O)Nc1ccccc1C
HDAC1,Ours,0.44,N(C=1C(N)=CC=CC1)C(=O)CCCCCCC(=O)C=2C=CC=CC2,COc1ccccc1C=NNC(=O)CCCCCCC(=O)Nc1ccccc1C
HDAC1,Ours,0.44,C1=CC(=CC=C1CC)NC(=O)CCCCC(=NO)O,CCCCCC(=O)Nc1ccc(C(C)(C)C)cc1
HDAC1,Ours,0.43,O=C(NC=1C(N)=CC=CC1)C=2C=CC(C3CCN(CC3)CC4=CC=C(C=C4)C(=O)N(C)C)=CC2,CN(C)C(=O)CC1CCC2C(COCC(O)CN2Cc2ccc(C(=O)Nc3ccccc3N)cc2)O1
HDAC1,Ours,0.42,SCC(=O)NCCCCCNC(=O)C=1C(=NOC1C)C=2C=CC=CC2,CCNCCCNC(=O)CC1CCC(NC(=O)c2ccccc2F)C(CO)O1
HDAC1,Ours,0.42,S(NC1=CC=C(/C=C/C(O)=NO)C=C1)(C=2C=CC(C(C)(C)C)=CC2)(=O)=O,CC(C)NS(=O)(=O)c1ccc(NC(=O)c2ccc(C(C)(C)C)cc2)cc1
HDAC1,Ours,0.42,S(NC1=CC=C(/C=C/C(O)=NO)C=C1)(C=2C=CC(C(C)(C)C)=CC2)(=O)=O,CC(C)(C)c1ccc(C(=O)Nc2ccc(C(=O)O)cc2)cc1
HDAC1,Ours,0.42,O=S(N1CC=2C=C(/C=C/C(=NO)O)C=CC2C1)(C3=CC=CC=C3C)=O,Cc1ccccc1S(=O)(=O)Nc1ccc2c(c1)C(=O)N(C)C1CCC(CC(=O)N(C)C)OC1CO2
HDAC1,Ours,0.42,N(C([C@H](CCCCCC(NO)=O)NC(C=1NC(=CC1)O)O)=O)CCC2=CC=CC=C2,CCCNC(=O)Nc1ccc2c(c1)C1CC(CC(=O)NCCc3ccccc3)OC(CO)C1O2
HDAC1,Ours,0.42,C=1C=C(/C=C/C(NC2=C(C=CC=C2)N)=O)C=CC1C(C(NC3=CC=C(C=C3)C(F)(F)F)=O)NCCC4CCOCC4,Cc1noc(C)c1NC(=O)Nc1ccc2c(c1)C(=O)N(C(C)CO)CC(C)C(CN(C)Cc1ccc(C(F)(F)F)cc1)OCCCCC(C)O2
HDAC1,Ours,0.42,C=1C(=CC=C(C1)NC(CCCCCCC(=NO)O)=O)C,Cc1ccc(C(=O)CCCCCCC(=O)Nc2ccc(C(=O)NCCCN(C)C)cc2)cc1
HDAC1,Ours,0.42,C=1(CN2C(C=3C(C2=O)=CC=CC3)=O)C=CC(=CC1)C(=O)NC4=CC=CC=C4N,CC1CN(C(C)CO)C(=O)c2ccccc2-c2ccccc2COC1CN(C)Cc1ccc(Cl)c(Cl)c1
HDAC1,Ours,0.42,C=1(C=CC(C(NC2=CC=CC=C2N)=O)=CC1)CSC=3SC4=C(N3)C=CC(=C4)NCCN5CCOCC5,CC1CN(C(C)CO)C(=O)c2cc(NC(=O)CCN3CCOCC3)ccc2OC1CN(C)Cc1ccc(C(=O)Nc2ccccc2N)cc1
HDAC1,Ours,0.42,C1=C(C=CC(=C1)CN2N=NC(=C2)CCCCC(O)=NO)C(F)(F)F,CC1CN(C(C)CO)S(=O)(=O)c2ccc(C#CCN(C)C)cc2OC1CN(C)Cc1ccc(C(F)(F)F)cc1
HDAC1,Ours,0.42,C(CCCNC(=O)NC(=O)C1=CC=C(C=C1)C(C)(C)C)CC(O)=NO,CN(C)CCCNC(=O)c1ccc(C(C)(C)C)cc1
HDAC1,Ours,0.42,C(CCCNC(=O)NC(=O)C1=CC=C(C=C1)C(C)(C)C)CC(O)=NO,CN(C)CCCNC(=O)c1ccc(C(C)(C)C)cc1
HDAC1,Ours,0.42,C(CCCN(C(NC(=O)C1=CC=CC=C1)=O)CC2=NC=CC=C2)CC(=O)NO,CC1CN(C(C)CO)S(=O)(=O)c2ccc(C#CC(C)(C)C)cc2OC1CN(C)C(=O)Cc1ccccn1
HDAC1,Ours,0.42,C(C1=CC=C(C=C1)C2=CC=CC=C2)N(CC=3C=CC(=CC3)C(=O)NC=4C=CC=CC4N)CCO,CC1CN(C(C)CO)C(=O)Cc2cc(NC(=O)Cc3ccccc3)ccc2OC1CN(C)Cc1ccc(C(=O)Nc2ccccc2N)cc1
HDAC1,Ours,0.41,C=1C=CC=C(C1NC(C2=CC=CN=C2)=O)N,NC(=O)C1COC(CO)C(NC(=O)c2cccnc2)C1
HDAC1,Ours,0.41,C=1C=C(/C=C/C(NC2=C(C=CC=C2)N)=O)C=CC1C(C(NC3=CC=C(C=C3)C(F)(F)F)=O)NCCN4CCOCC4,CC1CN(C(C)CO)C(=O)c2cc(NC(=O)CCN3CCOCC3)ccc2OC1CN(C)Cc1ccc(C(F)(F)F)cc1
HDAC1,Ours,0.41,C1=C(NC(C=2C=CC(=CC2)NC(=O)C)=O)C(=CC=C1C3=CC=CC=C3)N,CC(C)(C)c1ccc(C(=O)Nc2ccc(C(=O)Nc3ccccc3C(F)(F)F)cc2)cc1
HDAC1,Ours,0.41,C1(=CC=C(C=C1)C(C)(C)C)C(O)=NO,CC(C)(C)c1ccc(C(=O)c2ccc(O)c(O)c2)cc1
HDAC1,Ours,0.41,C1(=CC=C(C=C1)C(C)(C)C)C(O)=NO,CC(C)(C)c1ccc(C(=O)c2ccc(O)c(O)c2)cc1
HDAC1,Ours,0.41,C(=O)(NCC=1C=CC(=CC1)C(=O)NC=2C=C(C=CC2N)C3=CC=CC=C3)CCC,CCCC(=O)N1C(C(=O)N2CCC(Cc3ccccc3)CC2)C(CO)C2Cn3c(ccc(-c4cccc(F)c4)c3=O)C21
HDAC1,Ours,0.41,C(=O)(NCC=1C=CC(=CC1)C(=O)NC=2C=C(C=CC2N)C3=CC=CC=C3)CCC,CC1CN(C(C)CO)S(=O)(=O)c2ccc(-c3ccc(C(=O)N(C)C)cc3)cc2OC1CN(C)C(=O)Cc1ccccc1
HDAC1,Ours,0.4,O=C(NCCC1=CC=CC=C1)CCCCCCC(O)=NO,CCN(CC)CCCNC(=O)CCc1ccccc1
HDAC1,Ours,0.4,O=C(N(CCC1=CC=C(O)C=C1)CC2=CC=C(C=C2)C(O)=NO)NC=3C(OC)=CC=CC3,CN(Cc1ccc(C(=O)c2cccc(C(=O)c3ccc(O)cc3)c2)cc1)C(=O)c1cccc(C(F)(F)F)c1
HDAC1,Ours,0.4,N(CC1=CC=C(C(NC2=CC=CC=C2N)=O)C=C1)C(CCCCCC(NCCCCNCC3=CC=C(C=C3)C)=O)=O,CCCCCc1ccc(CNC(=O)c2ccc(-c3ccc(CNCCCCCCCC(=O)Nc4nccs4)cc3)cc2)cc1
HDAC1,Ours,0.4,C1(=CC=C(C=C1)NCC2=CC(=C(C=C2)OC)OC)C(=O)NC3=CC=CC=C3N,COc1ccc(CNc2ncnc3ccc(-c4ccccc4F)cc23)cc1OC
HDAC1,Ours,0.39,S(NC=1C=CC(=CC1)OCCCCCCC(O)=NO)(C2=CC=C(C=C2)OC)(=O)=O,CCCCCCCOc1ccc(C(=O)Nc2ccc(C(C)(C)C)cc2)cc1
HDAC1,Ours,0.39,C=1C=C(C=C(C1)NC(CCCCCCC(=NO)O)=O)C,CCOC(=O)CCCCCCC(=O)Nc1ccc(OC)c(OC)c1
HDAC1,Ours,0.38,O=C(NC=1C(N)=CC=CC1)C2=CC=C(CNC3=NC=NC(=C3)C=4C=CC=NC4)C=C2,Cc1ccc(CNc2ncnc3ccc(-c4cccnc4)cc23)cc1
HDAC1,Ours,0.38,O=C(N1[C@H](C[C@@H](NC(OC(C)C)=O)C2=C1C=CC(NC(=O)CCCCCCC(=O)NO)=C2)C)C,CCCCCC(=O)Nc1ccc2c(c1)C1CC(CC(=O)NCC3CC3)OC(CO)C1O2
HDAC1,Ours,0.38,N(CC1=CC=C(C(NC2=CC=CC=C2N)=O)C=C1)C(CCCCCC(NCCCCNCC3=CC=C(C=C3)C)=O)=O,CC(C)NC(=O)Nc1ccc(C(=O)c2ccccc2C(=O)NCCCCCCCC(=O)NCCCCCNC(=O)CCc2ccc(Cl)cc2)cc1
HDAC1,Ours,0.38,C=1(S(N(C2=CC=C(C=C2)OC)C)(=O)=O)C=C(C(CSC(SCC)=S)=O)C=CC1,COc1cccc(S(=O)(=O)N(C)CC2OCCCCC(C)Oc3ccc(NC(=O)Nc4cc(F)ccc4F)cc3C(=O)N(C(C)CO)CC2C)c1
HDAC1,Ours,0.38,C1=CC(=CC(=C1)NC([C@H](CCCCCC(NO)=O)NC([C@@H]2NC(CC2)=O)=O)=O)C(F)(F)F,CC(C)NC(=O)Nc1ccc2c(c1)C(=O)N(C(C)CO)CCC(CN(C)C(=O)CCC(F)(F)F)OC(C)CCCC(CO)O2
HDAC1,Ours,0.38,C1=C(C=C2SC(=CC2=C1)C(=NO)O)NC(CC3=CC=C(C=C3)F)=O,CCC(=O)Nc1ccc2c(c1)C(=O)N(C)CC(OC)C(C)CN(Cc1cccc(F)c1)C(C)CO2
HDAC1,Ours,0.38,C1(=CC=C(C=C1)NCC2=CC(=C(C=C2)OC)OC)C(=O)NC3=CC=CC=C3N,COc1ccc(CN(Cc2ccccn2)C(=O)c2ccc(C(C)(C)C)cc2)cc1OC
HDAC1,Ours,0.38,C(=O)(C1=CC(=CC=C1)C2=CC=CC=C2)NCCCCCCC(NC=3C(=CC=CC3)N)=O,CN(C)C(=O)c1cccc(C(=O)NCCCCCCC(=O)Nc2cccc(S(=O)(=O)NC(=O)c3ccc(Cl)cc3)c2)c1
HDAC1,Ours,0.37,S(NC1=CC=C(/C=C/C(O)=NO)C=C1)(C=2C=CC(C(C)(C)C)=CC2)(=O)=O,CC(C)C(NC(=O)c1ccc(C=Cc2ccc(C(C)(C)C)cc2)cc1)C(=O)O
HDAC1,Ours,0.37,O=C(NC=1C(N)=CC=CC1)C2=CC=C(CNC3=NC=NC(=C3)C=4C=CC=NC4)C=C2,COc1ccc(CNc2ncnc3ccc(-c4cccnc4)cc23)cc1
HDAC1,Ours,0.37,O=C(NC=1C(N)=CC=CC1)C2=CC=C(CNC3=NC=NC(=C3)C=4C=CC=NC4)C=C2,COc1ccc(CNc2ncnc3ccc(-c4cccnc4)cc23)cc1
HDAC1,Ours,0.37,O=C(NC=1C(N)=CC=CC1)C2=CC=C(CNC3=NC=NC(=C3)C=4C=CC=NC4)C=C2,COc1ccc(CNc2ncnc3ccc(-c4cccnc4)cc23)cc1
HDAC1,Ours,0.37,C=1C=C(/C=C/C(NC2=C(C=CC=C2)N)=O)C=CC1C(C(NC3=CC=C(C=C3)C(F)(F)F)=O)NCCN4CCOCC4,CC1CN(C(C)CO)S(=O)(=O)c2ccc(C=Cc3ccccc3)cc2OC1CN(C)Cc1ccc(C(F)(F)F)cc1
HDAC1,Ours,0.37,C=1(CN2C(C=3C(C2=O)=CC=CC3)=O)C=CC(=CC1)C(=O)NC4=CC=CC=C4N,COc1ccc(NC(=O)N(C)CC2OCc3ccccc3-c3ccccc3C(=O)N(C(C)CO)CC2C)cc1
HDAC1,Ours,0.37,C1(=CC(C(CSC(SCC)=S)=O)=CC=C1)NC(C2=CC=CC=C2)=O,CCCCCC(O)c1ccc(C(=O)Nc2cccc(C(=O)O)c2)cc1
HDAC1,Ours,0.37,C(CCCNC(=O)NC(=O)C1=CC=C(C=C1)C(C)(C)C)CC(O)=NO,CC(C)(C)c1ccc(C(=O)Nc2ccc(C(=O)NCCCn3ccnc3)cc2)cc1
HDAC1,Ours,0.36,C=1C(=C(NC(CCNC([C@@H](NC(C2=CC=C(C=C2)C)=O)CCCNC(=N)N)=O)=O)C=CC1)N,Cc1ccc(C(=O)Nc2ccc(C(=O)NC(CCCNC(=O)c3ccc(C(F)(F)F)cc3)C(=O)O)cc2)cc1
HDAC1,Ours,0.36,C1=CC(C(CSC(=S)SCC)=O)=CC=C1C(NCC2=CC=CC=C2)=O,CC(C)(C)c1ccc(C(=O)NC2C(=O)NCC2C(=O)NCc2ccccc2)cc1
HDAC1,Ours,0.36,C1=CC(=CC=2CN(CCC3CCCCC3)CC12)/C=C/C(=NO)O,CC1CCCCOC(CN(C)CC2CCCCC2)C(C)CN(C(C)CO)C(=O)c2cc(N(C)C)ccc2O1
HDAC1,Ours,0.36,C1(=CC=C(C/C(/C(=O)NCCS)=N\O)C=C1)O,CC(=O)NC(Cc1ccc(O)cc1)C(=O)O
HDAC1,Ours,0.35,C=1C=CC(CCC(NC2=CC=C(C(=O)NC3=CC=C(C=C3)OC4=CC=CC=C4)C=C2)=O)=CC1,CC(C)CC(=O)Oc1ccc(C(=O)c2ccc(C(=O)Nc3ccc(C(=O)O)cc3)cc2)cc1
HDAC1,Ours,0.35,C=1C=C(NC(CNCCCC(NC2=CC=CC=C2N)=O)=O)C=CC1Cl,CC1CCCCOC(CN(C)C(=O)Nc2ccc(Cl)cc2)C(C)CN(C(C)CO)C(=O)c2cc(NC(=O)CCC(F)(F)F)ccc2O1
HDAC1,Ours,0.35,C=1C(C(OC)=O)=CC=C(N)C1NC(C=2C=CC(=CC2)NC(=O)C)=O,Cc1ccc(C)c(C(=O)Nc2ccc(C(=O)O)cc2)c1
HDAC1,Ours,0.35,C=1C(C(OC)=O)=CC=C(N)C1NC(C=2C=CC(=CC2)NC(=O)C)=O,CC(C)(C)NCCOc1ccc(C(=O)Nc2ccc(C(=O)O)cc2)cc1
HDAC1,Ours,0.35,C1=C(C=CC(=C1)CN2N=NC(=C2)CCCCC(O)=NO)C(F)(F)F,CC1CCCCOC(CN(C)Cc2ccc(C(F)(F)F)cc2)C(C)CN(C(C)CO)C(=O)c2cc(N(C)C)ccc2O1
HDAC1,Ours,0.35,C1=C(C=C2C3=C(N(CC=4C=CC(=CC4)C(=NO)O)C2=C1)CCN(C)C3)OC,COc1ccc2c3c(n(C)c2c1)C(CO)N(Cc1ccc(Cl)c(Cl)c1)CC31CCN(C(=O)CC2CC2)CC1
HDAC1,Ours,0.34,S(NC1=CC=C(/C=C/C(O)=NO)C=C1)(C=2C=CC(C(C)(C)C)=CC2)(=O)=O,CC(C)(C)c1ccc(C(=O)CCC(=O)Nc2ccc(C(=O)O)cc2)cc1
HDAC1,Ours,0.34,O=C(N1[C@H](C[C@@H](NC(OC(C)C)=O)C2=C1C=CC(NC(=O)CCCCCCC(=O)NO)=C2)C)C,CC(C)NC(=O)Nc1ccc2c(c1)C(=O)N(C(C)CO)CC(C)C(CN(C)C(=O)NC(C)C)OCCCCC(C)O2
HDAC1,Ours,0.34,N1(N=NC(C=2C=CC(=CC2)NC(CCCCCCC(=NO)O)=O)=C1)CC(C3=CC=CC(=C3)Br)O,CC(C)CC(Cn1cc(-c2ccc(C(F)(F)F)cc2)nn1)C(=O)Nc1ccc(C(=O)O)cc1
HDAC1,Ours,0.34,N1(N=NC(C=2C=CC(=CC2)NC(CCCCCCC(=NO)O)=O)=C1)CC(C3=CC=CC(=C3)Br)O,CC(C)CC(Cn1cc(-c2ccc(C(F)(F)F)cc2)nn1)C(=O)Nc1ccc(C(=O)O)cc1
HDAC1,Ours,0.34,N(C(CCCCCCCCC(NCCCNCCCCNCCC(C1=CC=CC=C1)C2=CC=CC=C2)=O)=O)CC3=CC=C(C(NC=4C(=CC=CC4)N)=O)C=C3,CN(C)c1ccccc1C(=O)c1ccc(C(=O)Nc2ccccc2C(=O)NCCCCCCC(=O)NN=Cc2ccccc2S(=O)(=O)NC(=O)c2ccccc2C(=O)Nc2ccccc2C(=O)NCCCCCCC(=O)NCCCCCCC(=O)NCc2ccc(C(=O)Nc3ccccc3C(N)=O)cc2)cc1
HDAC1,Ours,0.34,N(C(CCCCCCCCC(NCCCNCCCCNCCC(C1=CC=CC=C1)C2=CC=CC=C2)=O)=O)CC3=CC=C(C(NC=4C(=CC=CC4)N)=O)C=C3,CCCCCCCCCCCCCCCCCCCC(=O)NCCCCCCCCCCCC(=O)Nc1ccc(C(=O)Nc2ccccc2C)cc1
HDAC1,Ours,0.34,N(C(CCCCCCCCC(NCCCNCCCCNCCC(C1=CC=CC=C1)C2=CC=CC=C2)=O)=O)CC3=CC=C(C(NC=4C(=CC=CC4)N)=O)C=C3,CCCCCCCCCCCCCCCCCCCC(=O)NCCCCCCCCCCCC(=O)Nc1ccc(C(=O)Nc2ccccc2C)cc1
HDAC1,Ours,0.34,C=1C=C(C=NC1C(N(C)C)=O)C=2C=CN=C(N2)NCC=3C=CC(=CC3)C(=O)NC4=CC=CC=C4N,CC1CN(C(C)CO)C(=O)c2cc(-c3cccc(C(=O)N(C)C)c3)cnc2OC1CN(C)Cc1ccc(C(=O)O)cc1
HDAC1,Ours,0.34,C=1C=C(C(NC2=CC=CC=C2N)=O)C=NC1N3[C@@H](CN[C@H](C3)C)C,COC1CN(C)C(=O)c2ccc(NC(=O)C3CC3)cc2OCC(C)NCC1C
HDAC1,Ours,0.34,C=1(C=CC(/C=C/C(=NO)O)=CC1)C2=CC=C(C=C2)O,COc1ccc(C(=O)O)cc1C=Cc1ccc(O)cc1
HDAC1,Ours,0.34,C1=C(C=CC(O)=C1NC(C2=CC=CN=C2)=O)C=3C=CC=CC3,CC(NC(=O)CC1CC2c3cc(NC(=O)c4cccnc4)ccc3OC2C(CO)O1)c1ccccc1
HDAC1,Ours,0.34,C1=C(C=CC(O)=C1NC(C2=CC=CN=C2)=O)C=3C=CC=CC3,CC(NC(=O)CC1CC2c3cc(NC(=O)c4cccnc4)ccc3OC2C(CO)O1)c1ccccc1
HDAC1,Ours,0.34,C1(=CC=C(C(NC2=CC=CC=C2N)=O)C=C1)CNC=3SC4=C(N3)C=CC(=C4)OCCN5CCOCC5,CC(C)(C)c1ccc(CNc2ncnc3ccc(C(=O)NCCCN4CCOCC4)cc23)cc1
HDAC1,Ours,0.34,C(CCCNC(=O)NC(=O)C1=CC=C(C=C1)C(C)(C)C)CC(O)=NO,CC(C)(C)c1ccc(C(=O)Nc2cccc(C(=O)NCCCNCCCNC(=O)CCC(=O)O)c2)cc1
HDAC1,Ours,0.33,C=1C=C(NC(CNC=2C=CC(=CC2)C(NC3=C(C=CC=C3)N)=O)=O)C=CC1Cl,CC(C)(C)C(NC(=O)CCC(C)(C)C(O)C(C)(C)NC(=O)c1ccc(Cl)cc1)C(=O)Nc1ccc(C(=O)Nc2ccccc2C(=O)NCCCC(=O)O)cc1
HDAC1,Ours,0.33,C=1C=C(/C=C/C(NC2=C(C=CC=C2)N)=O)C=CC1C(C(NC3=CC=C(C=C3)C(F)(F)F)=O)NCCN4CCOCC4,CC1CCCCOC(CN(C)Cc2ccc(C(F)(F)F)cc2)C(C)CN(C(C)CO)C(=O)c2cc(NC(=O)CCN3CCOCC3)ccc2O1
HDAC1,Ours,0.33,C=1(NC(CC2=CC=CC=C2)=O)C=CC=3SC(=CC3C1)C(O)=NO,COC1CN(C)C(=O)c2cc(NC(=O)Cc3ccccc3)ccc2OCC(C)NCC1C
HDAC1,Ours,0.33,C=1(CN2CCN(CC2)CC)C=C(C(C=3C=CC(=CC3)C(=O)NC=4C=CC=CC4N)=NC1)F,CC(C)(C)c1ccc(C(=O)NCCCN2CCN(Cc3ccc(F)cc3)CC2)cc1
HDAC1,Ours,0.33,C1=CC(C(CSC(SCC)=S)=O)=CC=C1CN(C)C(=O)C,CC1CN(C(C)CO)C(=O)CCCn2cc(nn2)COC1CN(C)Cc1ccc(C(=O)O)cc1
HDAC1,Ours,0.33,C1=CC(=CC=C1OC)NC(=O)CCCCC(=NO)O,CCCCCCC(=O)Nc1ccc2oc3ccc(OC)cc3c2c1
HDAC1,Ours,0.33,C1(CN2C(C=3C(N=C2)=CC=CC3)=O)=CC=C(C=C1)C(=O)NC4=CC=CC=C4N,O=C(Nc1ncnc2ccccc12)c1ccc(C(F)(F)F)cc1
HDAC1,Ours,0.33,C1(=CC=CC=C1N)NC(C2=CC=C(C=C2)CNC3=NC=NC(=C3)OC)=O,Cc1ccc(CNc2ncnc3ccc(C(=O)O)cc23)cc1
HDAC1,Ours,0.33,C1(=CC(C(CSC(SCC)=S)=O)=CC=C1)NC(C=2C=NC=CC2)=O,CCCNC(=O)CC1CC2c3cc(NC(=O)c4cccnc4)ccc3OC2C(CO)O1
HDAC1,Ours,0.33,C1(=CC(C(CSC(SCC)=S)=O)=CC=C1)NC(C=2C=NC=CC2)=O,CCCNC(=O)CC1CC2c3cc(NC(=O)c4cccnc4)ccc3OC2C(CO)O1
HDAC1,Ours,0.33,C1(=C(NC2=C1C=C(C=C2)OC)C)CC(N[C@H](C(NC=3C=CC(Cl)=CC3)=O)CCCCCC(=O)C)=O,CC(=O)NC(CN(C)C)C(=O)Nc1ccc(Cl)cc1
HDAC1,Ours,0.32,O=C(NCCCC1=CC=CC=C1)C(C2=CC=C(C=C2)C(=O)NC=3C(N)=CC=CC3)C(=O)NCCCC4=CC=CC=C4,CCCCCCNC(=O)CC1OC(NC(=O)Cc2ccccc2)CC(C(=O)NCCc2ccccc2)C1c1cccc(C#N)c1
HDAC1,Ours,0.32,C=1C(=CC=C(C1)NC(CCCCCCC(=NO)O)=O)C,CCCCCCCCCCCCCCCCCCCC(=O)Nc1ccc(C(C)(C)C)cc1
HDAC1,Ours,0.32,C1(CN2C(C=3C(N=C2)=CC=CC3)=O)=CC=C(C=C1)C(=O)NC4=CC=CC=C4N,CC(C)(C)c1ccc(C(=O)Nc2ncnc3ncn(Cc4ccc(F)cc4)c23)cc1
HDAC1,Ours,0.32,C(=O)(NCC1=CC=C(C=C1)C(=O)NC2=CC(=CC=C2N)C3=CC=CC=C3)CC,NS(=O)(=O)c1ccc(CNC(=O)CN2CCS(=O)(=O)c3ccccc32)cc1
HDAC1,Ours,0.31,N1(C(N(C)C=2C(C1=O)=CC=CC2)=O)CCCCCC(NC=3C(N)=CC=CC3)=O,CC1CN(C(C)CO)C(=O)c2c(c3ccccc3n2C)-c2ccccc2COC1CN(C)CC1CCCCC1
HDAC1,Ours,0.31,C=1C=C(NC(CNC=2C=CC(=CC2)C(NC3=C(C=CC=C3)N)=O)=O)C=CC1Cl,CN(C)CCNc1nc(NCCCNC(=O)c2ccc(NC(=O)NCCCNCCNC(=O)c3cccnc3)cc2)nc(Nc2ccc(Cl)cc2)n1
HDAC1,Ours,0.31,C=1C=C(C=NC1N2CCN([C@H](C2)C)C(NCCC3=CC=CC=C3)=O)C(NC=4C(=CC=CC4)N)=O,COc1ccccc1C(=O)Nc1ccc2c(c1)C1CC(CC(=O)NCCc3ccccc3)OC(CO)C1O2
HDAC1,Ours,0.31,C=1C=C(C=NC1N2CCN([C@H](C2)C)C(NCCC3=CC=CC=C3)=O)C(NC=4C(=CC=CC4)N)=O,COc1ccccc1C(=O)Nc1ccc2c(c1)C1CC(CC(=O)NCCc3ccccc3)OC(CO)C1O2
HDAC1,Ours,0.31,C1(=CC=C(C=C1)C(C)(C)C)C(O)=NO,CC(C)(C)c1ccc(C(=O)Nc2ncnc3ccc(C(=O)O)cc23)cc1
HDAC1,Ours,0.31,C1(=CC=C(C(NC2=CC=CC=C2N)=O)C=C1)CN3C(C=4C(N(C3=O)CC5=CC=C(C=C5)OC)=CC=CC4)=O,COc1ccc(CN2C(C(=O)NCc3ccc(F)cc3)C(CO)C3Cn4c(ccc(-c5cccc(F)c5)c4=O)C32)cc1
HDAC1,Ours,0.3,C1=C(C2=CC=C(C=C2)CN)C=CC(N)=C1NC(C3=CC=CN=C3)=O,CC1CN(C(C)CO)C(=O)c2cc(NC(=O)c3cccnc3)ccc2OC1CN(C)Cc1ccc(C(F)(F)F)cc1
HDAC1,Ours,0.3,C1=C(C2=CC=C(C=C2)CN)C=CC(N)=C1NC(C3=CC=CN=C3)=O,CC1CN(C(C)CO)C(=O)c2cc(NC(=O)c3cccnc3)ccc2OC1CN(C)Cc1ccc(C(F)(F)F)cc1
HDAC1,Ours,0.29,O=C(N[C@@H](CCCCCC(=O)C)C1=NC(=CN1)C=2C=CC=CC2)CCN3CCCCC3,CC1CN(C(C)CO)C(=O)CCCn2cc(nn2)COC1CN(C)C(=O)CCN1CCCCC1
MTOR,Cosine Search,0.18,O=C1N(C=CC=2N=C(C(=CC21)C(=O)NC3=CC=C(OC)C=C3)C)CC=4OC=CC4,Nn1c(=O)c(Cc2ccco2)n[nH]c1=S
MTOR,Cosine Search,0.18,O=C1N(C=CC=2N=C(C(=CC21)C(=O)NC3=CC=C(OC)C=C3)C)CC=4OC=CC4,Nn1c(=O)c(Cc2ccco2)n[nH]c1=S
MTOR,Cosine Search,0.27,O=C(N(CC1=CC=C(N(C)C)C=C1)CC=2OC=CC2)C=3C=CC(=CC3)C,Cc1ccc(cc1)C(=O)/N=c2/cccc[nH]2
MTOR,Cosine Search,0.18,O=C1N(C=CC=2N=C(C(=CC21)C(=O)NC3=CC=C(OC)C=C3)C)CC=4OC=CC4,Nn1c(=O)c(Cc2ccco2)n[nH]c1=S
MTOR,Cosine Search,0.27,O=C(N(CC1=CC=C(N(C)C)C=C1)CC=2OC=CC2)C=3C=CC(=CC3)C,Cc1ccc(cc1)C(=O)/N=c2/cccc[nH]2
MTOR,Cosine Search,0.15,OC1(C=2C3=C(NC2C)C=CC=C3)C4=C(N(C1=O)CC)C=CC=C4,CC=C1/[C@H]2Cc3[nH]c(=O)ccc3[C@]1(N)CC(C)=C2
MTOR,Cosine Search,0.27,O=C(N(CC1=CC=C(N(C)C)C=C1)CC=2OC=CC2)C=3C=CC(=CC3)C,Cc1ccc(cc1)C(=O)/N=c2/cccc[nH]2
MTOR,Cosine Search,0.29,C=1(NC2=CC=C(OC(=O)CCC)C=C2C1)C(C=3NC=4C=CC=CC4C3)=O,CNC(=O)CCc1cc2ccccc2[nH]1
MTOR,Cosine Search,0.24,O=C1N(C=C(C2=C1N(C3=C2C=CC=C3)C)C(=O)NC=4C(OCC)=CC=CC4)C5CCCC5,C[C@@H](CO)N1C[C@H](C)[C@@H](CN(C)C(=O)CCC(F)(F)F)OCc2ccccc2-c3c(C1=O)n(C)c4ccccc34
MTOR,Cosine Search,0.29,C=1(NC2=CC=C(OC(=O)CCC)C=C2C1)C(C=3NC=4C=CC=CC4C3)=O,CNC(=O)CCc1cc2ccccc2[nH]1
MTOR,Cosine Search,0.15,OC1(C=2C3=C(NC2C)C=CC=C3)C4=C(N(C1=O)CC)C=CC=C4,CC=C1/[C@H]2Cc3[nH]c(=O)ccc3[C@]1(N)CC(C)=C2
MTOR,Cosine Search,0.29,C=1(NC2=CC=C(OC(=O)CCC)C=C2C1)C(C=3NC=4C=CC=CC4C3)=O,CNC(=O)CCc1cc2ccccc2[nH]1
MTOR,Cosine Search,0.15,OC1(C=2C3=C(NC2C)C=CC=C3)C4=C(N(C1=O)CC)C=CC=C4,CC=C1/[C@H]2Cc3[nH]c(=O)ccc3[C@]1(N)CC(C)=C2
MTOR,Cosine Search,0.29,C=1(NC2=CC=C(OC(=O)CCC)C=C2C1)C(C=3NC=4C=CC=CC4C3)=O,CNC(=O)CCc1cc2ccccc2[nH]1
MTOR,Cosine Search,0.29,C=1(NC2=CC=C(OC(=O)CCC)C=C2C1)C(C=3NC=4C=CC=CC4C3)=O,CNC(=O)CCc1cc2ccccc2[nH]1
MTOR,Cosine Search,0.29,C=1(NC2=CC=C(OC(=O)CCC)C=C2C1)C(C=3NC=4C=CC=CC4C3)=O,CNC(=O)CCc1cc2ccccc2[nH]1
MTOR,Cosine Search,0.29,C=1(NC2=CC=C(OC(=O)CCC)C=C2C1)C(C=3NC=4C=CC=CC4C3)=O,CNC(=O)CCc1cc2ccccc2[nH]1
MTOR,Cosine Search,0.29,C=1(NC2=CC=C(OC(=O)CCC)C=C2C1)C(C=3NC=4C=CC=CC4C3)=O,CNC(=O)CCc1cc2ccccc2[nH]1
MTOR,Cosine Search,0.15,OC1(C=2C3=C(NC2C)C=CC=C3)C4=C(N(C1=O)CC)C=CC=C4,CC=C1/[C@H]2Cc3[nH]c(=O)ccc3[C@]1(N)CC(C)=C2
MTOR,Cosine Search,0.29,C=1(NC2=CC=C(OC(=O)CCC)C=C2C1)C(C=3NC=4C=CC=CC4C3)=O,CNC(=O)CCc1cc2ccccc2[nH]1
MTOR,Cosine Search,0.29,C=1(NC2=CC=C(OC(=O)CCC)C=C2C1)C(C=3NC=4C=CC=CC4C3)=O,CNC(=O)CCc1cc2ccccc2[nH]1
MTOR,Cosine Search,0.18,O=C1N(C=CC=2N=C(C(=CC21)C(=O)NC3=CC=C(OC)C=C3)C)CC=4OC=CC4,Nn1c(=O)c(Cc2ccco2)n[nH]c1=S
MTOR,Cosine Search,0.27,O=C(N(CC1=CC=C(N(C)C)C=C1)CC=2OC=CC2)C=3C=CC(=CC3)C,Cc1ccc(cc1)C(=O)/N=c2/cccc[nH]2
MTOR,Cosine Search,0.18,O=C1N(C=CC=2N=C(C(=CC21)C(=O)NC3=CC=C(OC)C=C3)C)CC=4OC=CC4,Nn1c(=O)c(Cc2ccco2)n[nH]c1=S
MTOR,Cosine Search,0.18,O=C1N(C=CC=2N=C(C(=CC21)C(=O)NC3=CC=C(OC)C=C3)C)CC=4OC=CC4,Nn1c(=O)c(Cc2ccco2)n[nH]c1=S
MTOR,Cosine Search,0.29,C=1(NC2=CC=C(OC(=O)CCC)C=C2C1)C(C=3NC=4C=CC=CC4C3)=O,CNC(=O)CCc1cc2ccccc2[nH]1
MTOR,Cosine Search,0.29,C=1(NC2=CC=C(OC(=O)CCC)C=C2C1)C(C=3NC=4C=CC=CC4C3)=O,CNC(=O)CCc1cc2ccccc2[nH]1
MTOR,Cosine Search,0.29,C=1(NC2=CC=C(OC(=O)CCC)C=C2C1)C(C=3NC=4C=CC=CC4C3)=O,CNC(=O)CCc1cc2ccccc2[nH]1
MTOR,Cosine Search,0.29,C=1(NC2=CC=C(OC(=O)CCC)C=C2C1)C(C=3NC=4C=CC=CC4C3)=O,CNC(=O)CCc1cc2ccccc2[nH]1
MTOR,Cosine Search,0.15,OC1(C=2C3=C(NC2C)C=CC=C3)C4=C(N(C1=O)CC)C=CC=C4,CC=C1/[C@H]2Cc3[nH]c(=O)ccc3[C@]1(N)CC(C)=C2
MTOR,Cosine Search,0.27,O=C(N(CC1=CC=C(N(C)C)C=C1)CC=2OC=CC2)C=3C=CC(=CC3)C,Cc1ccc(cc1)C(=O)/N=c2/cccc[nH]2
MTOR,Cosine Search,0.29,C=1(NC2=CC=C(OC(=O)CCC)C=C2C1)C(C=3NC=4C=CC=CC4C3)=O,CNC(=O)CCc1cc2ccccc2[nH]1
MTOR,Cosine Search,0.18,O=C1N(C=CC=2N=C(C(=CC21)C(=O)NC3=CC=C(OC)C=C3)C)CC=4OC=CC4,Nn1c(=O)c(Cc2ccco2)n[nH]c1=S
MTOR,Cosine Search,0.29,C=1(NC2=CC=C(OC(=O)CCC)C=C2C1)C(C=3NC=4C=CC=CC4C3)=O,CNC(=O)CCc1cc2ccccc2[nH]1
MTOR,Cosine Search,0.27,O=C(N(CC1=CC=C(N(C)C)C=C1)CC=2OC=CC2)C=3C=CC(=CC3)C,Cc1ccc(cc1)C(=O)/N=c2/cccc[nH]2
MTOR,Cosine Search,0.29,C=1(NC2=CC=C(OC(=O)CCC)C=C2C1)C(C=3NC=4C=CC=CC4C3)=O,CNC(=O)CCc1cc2ccccc2[nH]1
MTOR,Cosine Search,0.29,C=1(NC2=CC=C(OC(=O)CCC)C=C2C1)C(C=3NC=4C=CC=CC4C3)=O,CNC(=O)CCc1cc2ccccc2[nH]1
MTOR,Cosine Search,0.29,C=1(NC2=CC=C(OC(=O)CCC)C=C2C1)C(C=3NC=4C=CC=CC4C3)=O,CNC(=O)CCc1cc2ccccc2[nH]1
MTOR,Cosine Search,0.18,O=C1N(C=CC=2N=C(C(=CC21)C(=O)NC3=CC=C(OC)C=C3)C)CC=4OC=CC4,Nn1c(=O)c(Cc2ccco2)n[nH]c1=S
MTOR,Cosine Search,0.29,C=1(NC2=CC=C(OC(=O)CCC)C=C2C1)C(C=3NC=4C=CC=CC4C3)=O,CNC(=O)CCc1cc2ccccc2[nH]1
MTOR,Cosine Search,0.18,O=C1N(C=CC=2N=C(C(=CC21)C(=O)NC3=CC=C(OC)C=C3)C)CC=4OC=CC4,Nn1c(=O)c(Cc2ccco2)n[nH]c1=S
MTOR,Cosine Search,0.18,O=C1N(C=CC=2N=C(C(=CC21)C(=O)NC3=CC=C(OC)C=C3)C)CC=4OC=CC4,Nn1c(=O)c(Cc2ccco2)n[nH]c1=S
MTOR,Cosine Search,0.29,C=1(NC2=CC=C(OC(=O)CCC)C=C2C1)C(C=3NC=4C=CC=CC4C3)=O,CNC(=O)CCc1cc2ccccc2[nH]1
MTOR,Cosine Search,0.29,C=1(NC2=CC=C(OC(=O)CCC)C=C2C1)C(C=3NC=4C=CC=CC4C3)=O,CNC(=O)CCc1cc2ccccc2[nH]1
MTOR,Cosine Search,0.18,O=C1N(C=CC=2N=C(C(=CC21)C(=O)NC3=CC=C(OC)C=C3)C)CC=4OC=CC4,Nn1c(=O)c(Cc2ccco2)n[nH]c1=S
MTOR,Cosine Search,0.18,O=C1N(C=CC=2N=C(C(=CC21)C(=O)NC3=CC=C(OC)C=C3)C)CC=4OC=CC4,Nn1c(=O)c(Cc2ccco2)n[nH]c1=S
MTOR,Cosine Search,0.18,O=C1N(C=CC=2N=C(C(=CC21)C(=O)NC3=CC=C(OC)C=C3)C)CC=4OC=CC4,Nn1c(=O)c(Cc2ccco2)n[nH]c1=S
MTOR,Cosine Search,0.29,C=1(NC2=CC=C(OC(=O)CCC)C=C2C1)C(C=3NC=4C=CC=CC4C3)=O,CNC(=O)CCc1cc2ccccc2[nH]1
MTOR,Cosine Search,0.29,C=1(NC2=CC=C(OC(=O)CCC)C=C2C1)C(C=3NC=4C=CC=CC4C3)=O,CNC(=O)CCc1cc2ccccc2[nH]1
MTOR,Cosine Search,0.18,O=C1N(C=CC=2N=C(C(=CC21)C(=O)NC3=CC=C(OC)C=C3)C)CC=4OC=CC4,Nn1c(=O)c(Cc2ccco2)n[nH]c1=S
MTOR,Cosine Search,0.18,O=C1N(C=CC=2N=C(C(=CC21)C(=O)NC3=CC=C(OC)C=C3)C)CC=4OC=CC4,Nn1c(=O)c(Cc2ccco2)n[nH]c1=S
MTOR,Cosine Search,0.29,C=1(NC2=CC=C(OC(=O)CCC)C=C2C1)C(C=3NC=4C=CC=CC4C3)=O,CNC(=O)CCc1cc2ccccc2[nH]1
MTOR,Cosine Search,0.15,OC1(C=2C3=C(NC2C)C=CC=C3)C4=C(N(C1=O)CC)C=CC=C4,CC=C1/[C@H]2Cc3[nH]c(=O)ccc3[C@]1(N)CC(C)=C2
MTOR,Cosine Search,0.29,C=1(NC2=CC=C(OC(=O)CCC)C=C2C1)C(C=3NC=4C=CC=CC4C3)=O,CNC(=O)CCc1cc2ccccc2[nH]1
MTOR,Cosine Search,0.15,OC1(C=2C3=C(NC2C)C=CC=C3)C4=C(N(C1=O)CC)C=CC=C4,CC=C1/[C@H]2Cc3[nH]c(=O)ccc3[C@]1(N)CC(C)=C2
MTOR,Cosine Search,0.27,O=C(N(CC1=CC=C(N(C)C)C=C1)CC=2OC=CC2)C=3C=CC(=CC3)C,Cc1ccc(cc1)C(=O)/N=c2/cccc[nH]2
MTOR,Cosine Search,0.29,C=1(NC2=CC=C(OC(=O)CCC)C=C2C1)C(C=3NC=4C=CC=CC4C3)=O,CNC(=O)CCc1cc2ccccc2[nH]1
MTOR,Cosine Search,0.18,O=C1N(C=CC=2N=C(C(=CC21)C(=O)NC3=CC=C(OC)C=C3)C)CC=4OC=CC4,Nn1c(=O)c(Cc2ccco2)n[nH]c1=S
MTOR,Cosine Search,0.29,C=1(NC2=CC=C(OC(=O)CCC)C=C2C1)C(C=3NC=4C=CC=CC4C3)=O,CNC(=O)CCc1cc2ccccc2[nH]1
MTOR,Cosine Search,0.18,O=C1N(C=CC=2N=C(C(=CC21)C(=O)NC3=CC=C(OC)C=C3)C)CC=4OC=CC4,Nn1c(=O)c(Cc2ccco2)n[nH]c1=S
MTOR,Cosine Search,0.27,O=C(N(CC1=CC=C(N(C)C)C=C1)CC=2OC=CC2)C=3C=CC(=CC3)C,Cc1ccc(cc1)C(=O)/N=c2/cccc[nH]2
MTOR,Cosine Search,0.18,O=C1N(C=CC=2N=C(C(=CC21)C(=O)NC3=CC=C(OC)C=C3)C)CC=4OC=CC4,Nn1c(=O)c(Cc2ccco2)n[nH]c1=S
MTOR,Cosine Search,0.24,O=C1N(C=C(C2=C1N(C3=C2C=CC=C3)C)C(=O)NC=4C(OCC)=CC=CC4)C5CCCC5,C[C@@H](CO)N1C[C@H](C)[C@@H](CN(C)C(=O)CCC(F)(F)F)OCc2ccccc2-c3c(C1=O)n(C)c4ccccc34
MTOR,Cosine Search,0.15,OC1(C=2C3=C(NC2C)C=CC=C3)C4=C(N(C1=O)CC)C=CC=C4,CC=C1/[C@H]2Cc3[nH]c(=O)ccc3[C@]1(N)CC(C)=C2
MTOR,Cosine Search,0.29,C=1(NC2=CC=C(OC(=O)CCC)C=C2C1)C(C=3NC=4C=CC=CC4C3)=O,CNC(=O)CCc1cc2ccccc2[nH]1
MTOR,Cosine Search,0.27,O=C(N(CC1=CC=C(N(C)C)C=C1)CC=2OC=CC2)C=3C=CC(=CC3)C,Cc1ccc(cc1)C(=O)/N=c2/cccc[nH]2
MTOR,Cosine Search,0.29,C=1(NC2=CC=C(OC(=O)CCC)C=C2C1)C(C=3NC=4C=CC=CC4C3)=O,CNC(=O)CCc1cc2ccccc2[nH]1
MTOR,Cosine Search,0.29,C=1(NC2=CC=C(OC(=O)CCC)C=C2C1)C(C=3NC=4C=CC=CC4C3)=O,CNC(=O)CCc1cc2ccccc2[nH]1
MTOR,Cosine Search,0.29,C=1(NC2=CC=C(OC(=O)CCC)C=C2C1)C(C=3NC=4C=CC=CC4C3)=O,CNC(=O)CCc1cc2ccccc2[nH]1
MTOR,Cosine Search,0.15,OC1(C=2C3=C(NC2C)C=CC=C3)C4=C(N(C1=O)CC)C=CC=C4,CC=C1/[C@H]2Cc3[nH]c(=O)ccc3[C@]1(N)CC(C)=C2
MTOR,Cosine Search,0.18,O=C1N(C=CC=2N=C(C(=CC21)C(=O)NC3=CC=C(OC)C=C3)C)CC=4OC=CC4,Nn1c(=O)c(Cc2ccco2)n[nH]c1=S
MTOR,Cosine Search,0.18,O=C1N(C=CC=2N=C(C(=CC21)C(=O)NC3=CC=C(OC)C=C3)C)CC=4OC=CC4,Nn1c(=O)c(Cc2ccco2)n[nH]c1=S
MTOR,Cosine Search,0.29,C=1(NC2=CC=C(OC(=O)CCC)C=C2C1)C(C=3NC=4C=CC=CC4C3)=O,CNC(=O)CCc1cc2ccccc2[nH]1
MTOR,Cosine Search,0.18,O=C1N(C=CC=2N=C(C(=CC21)C(=O)NC3=CC=C(OC)C=C3)C)CC=4OC=CC4,Nn1c(=O)c(Cc2ccco2)n[nH]c1=S
MTOR,Cosine Search,0.29,C=1(NC2=CC=C(OC(=O)CCC)C=C2C1)C(C=3NC=4C=CC=CC4C3)=O,CNC(=O)CCc1cc2ccccc2[nH]1
MTOR,Cosine Search,0.27,O=C(N(CC1=CC=C(N(C)C)C=C1)CC=2OC=CC2)C=3C=CC(=CC3)C,Cc1ccc(cc1)C(=O)/N=c2/cccc[nH]2
MTOR,Cosine Search,0.29,C=1(NC2=CC=C(OC(=O)CCC)C=C2C1)C(C=3NC=4C=CC=CC4C3)=O,CNC(=O)CCc1cc2ccccc2[nH]1
MTOR,Cosine Search,0.18,O=C1N(C=CC=2N=C(C(=CC21)C(=O)NC3=CC=C(OC)C=C3)C)CC=4OC=CC4,Nn1c(=O)c(Cc2ccco2)n[nH]c1=S
MTOR,Cosine Search,0.24,O=C1N(C=C(C2=C1N(C3=C2C=CC=C3)C)C(=O)NC=4C(OCC)=CC=CC4)C5CCCC5,C[C@@H](CO)N1C[C@H](C)[C@@H](CN(C)C(=O)CCC(F)(F)F)OCc2ccccc2-c3c(C1=O)n(C)c4ccccc34
MTOR,Cosine Search,0.27,O=C(N(CC1=CC=C(N(C)C)C=C1)CC=2OC=CC2)C=3C=CC(=CC3)C,Cc1ccc(cc1)C(=O)/N=c2/cccc[nH]2
MTOR,Cosine Search,0.29,C=1(NC2=CC=C(OC(=O)CCC)C=C2C1)C(C=3NC=4C=CC=CC4C3)=O,CNC(=O)CCc1cc2ccccc2[nH]1
MTOR,Cosine Search,0.29,C=1(NC2=CC=C(OC(=O)CCC)C=C2C1)C(C=3NC=4C=CC=CC4C3)=O,CNC(=O)CCc1cc2ccccc2[nH]1
MTOR,Cosine Search,0.27,O=C(N(CC1=CC=C(N(C)C)C=C1)CC=2OC=CC2)C=3C=CC(=CC3)C,Cc1ccc(cc1)C(=O)/N=c2/cccc[nH]2
MTOR,Cosine Search,0.27,O=C(N(CC1=CC=C(N(C)C)C=C1)CC=2OC=CC2)C=3C=CC(=CC3)C,Cc1ccc(cc1)C(=O)/N=c2/cccc[nH]2
MTOR,Cosine Search,0.29,C=1(NC2=CC=C(OC(=O)CCC)C=C2C1)C(C=3NC=4C=CC=CC4C3)=O,CNC(=O)CCc1cc2ccccc2[nH]1
MTOR,Cosine Search,0.18,O=C1N(C=CC=2N=C(C(=CC21)C(=O)NC3=CC=C(OC)C=C3)C)CC=4OC=CC4,Nn1c(=O)c(Cc2ccco2)n[nH]c1=S
MTOR,Cosine Search,0.15,OC1(C=2C3=C(NC2C)C=CC=C3)C4=C(N(C1=O)CC)C=CC=C4,CC=C1/[C@H]2Cc3[nH]c(=O)ccc3[C@]1(N)CC(C)=C2
MTOR,Cosine Search,0.18,O=C1N(C=CC=2N=C(C(=CC21)C(=O)NC3=CC=C(OC)C=C3)C)CC=4OC=CC4,Nn1c(=O)c(Cc2ccco2)n[nH]c1=S
MTOR,Cosine Search,0.18,O=C1N(C=CC=2N=C(C(=CC21)C(=O)NC3=CC=C(OC)C=C3)C)CC=4OC=CC4,Nn1c(=O)c(Cc2ccco2)n[nH]c1=S
MTOR,Cosine Search,0.27,O=C(N(CC1=CC=C(N(C)C)C=C1)CC=2OC=CC2)C=3C=CC(=CC3)C,Cc1ccc(cc1)C(=O)/N=c2/cccc[nH]2
MTOR,Cosine Search,0.29,C=1(NC2=CC=C(OC(=O)CCC)C=C2C1)C(C=3NC=4C=CC=CC4C3)=O,CNC(=O)CCc1cc2ccccc2[nH]1
MTOR,Cosine Search,0.18,O=C1N(C=CC=2N=C(C(=CC21)C(=O)NC3=CC=C(OC)C=C3)C)CC=4OC=CC4,Nn1c(=O)c(Cc2ccco2)n[nH]c1=S
MTOR,Cosine Search,0.29,C=1(NC2=CC=C(OC(=O)CCC)C=C2C1)C(C=3NC=4C=CC=CC4C3)=O,CNC(=O)CCc1cc2ccccc2[nH]1
MTOR,Cosine Search,0.29,C=1(NC2=CC=C(OC(=O)CCC)C=C2C1)C(C=3NC=4C=CC=CC4C3)=O,CNC(=O)CCc1cc2ccccc2[nH]1
MTOR,Cosine Search,0.29,C=1(NC2=CC=C(OC(=O)CCC)C=C2C1)C(C=3NC=4C=CC=CC4C3)=O,CNC(=O)CCc1cc2ccccc2[nH]1
MTOR,Cosine Search,0.29,C=1(NC2=CC=C(OC(=O)CCC)C=C2C1)C(C=3NC=4C=CC=CC4C3)=O,CNC(=O)CCc1cc2ccccc2[nH]1
MTOR,Cosine Search,0.27,O=C(N(CC1=CC=C(N(C)C)C=C1)CC=2OC=CC2)C=3C=CC(=CC3)C,Cc1ccc(cc1)C(=O)/N=c2/cccc[nH]2
MTOR,Cosine Search,0.18,O=C1N(C=CC=2N=C(C(=CC21)C(=O)NC3=CC=C(OC)C=C3)C)CC=4OC=CC4,Nn1c(=O)c(Cc2ccco2)n[nH]c1=S
MTOR,Cosine Search,0.18,O=C1N(C=CC=2N=C(C(=CC21)C(=O)NC3=CC=C(OC)C=C3)C)CC=4OC=CC4,Nn1c(=O)c(Cc2ccco2)n[nH]c1=S
MTOR,Cosine Search,0.18,O=C1N(C=CC=2N=C(C(=CC21)C(=O)NC3=CC=C(OC)C=C3)C)CC=4OC=CC4,Nn1c(=O)c(Cc2ccco2)n[nH]c1=S
MTOR,Euclidean Search,0.18,O=C1N(C=CC=2N=C(C(=CC21)C(=O)NC3=CC=C(OC)C=C3)C)CC=4OC=CC4,Nn1c(=O)c(Cc2ccco2)n[nH]c1=S
MTOR,Euclidean Search,0.18,O=C1N(C=CC=2N=C(C(=CC21)C(=O)NC3=CC=C(OC)C=C3)C)CC=4OC=CC4,Nn1c(=O)c(Cc2ccco2)n[nH]c1=S
MTOR,Euclidean Search,0.27,O=C(N(CC1=CC=C(N(C)C)C=C1)CC=2OC=CC2)C=3C=CC(=CC3)C,Cc1ccc(cc1)C(=O)/N=c2/cccc[nH]2
MTOR,Euclidean Search,0.18,O=C1N(C=CC=2N=C(C(=CC21)C(=O)NC3=CC=C(OC)C=C3)C)CC=4OC=CC4,Nn1c(=O)c(Cc2ccco2)n[nH]c1=S
MTOR,Euclidean Search,0.18,O=C1N(C=CC=2N=C(C(=CC21)C(=O)NC3=CC=C(OC)C=C3)C)CC=4OC=CC4,Nn1c(=O)c(Cc2ccco2)n[nH]c1=S
MTOR,Euclidean Search,0.18,O=C1N(C=CC=2N=C(C(=CC21)C(=O)NC3=CC=C(OC)C=C3)C)CC=4OC=CC4,Nn1c(=O)c(Cc2ccco2)n[nH]c1=S
MTOR,Euclidean Search,0.18,O=C1N(C=CC=2N=C(C(=CC21)C(=O)NC3=CC=C(OC)C=C3)C)CC=4OC=CC4,Nn1c(=O)c(Cc2ccco2)n[nH]c1=S
MTOR,Euclidean Search,0.29,C=1(NC2=CC=C(OC(=O)CCC)C=C2C1)C(C=3NC=4C=CC=CC4C3)=O,CNC(=O)CCc1cc2ccccc2[nH]1
MTOR,Euclidean Search,0.18,O=C1N(C=CC=2N=C(C(=CC21)C(=O)NC3=CC=C(OC)C=C3)C)CC=4OC=CC4,Nn1c(=O)c(Cc2ccco2)n[nH]c1=S
MTOR,Euclidean Search,0.29,C=1(NC2=CC=C(OC(=O)CCC)C=C2C1)C(C=3NC=4C=CC=CC4C3)=O,CNC(=O)CCc1cc2ccccc2[nH]1
MTOR,Euclidean Search,0.27,O=C(N(CC1=CC=C(N(C)C)C=C1)CC=2OC=CC2)C=3C=CC(=CC3)C,Cc1ccc(cc1)C(=O)/N=c2/cccc[nH]2
MTOR,Euclidean Search,0.29,C=1(NC2=CC=C(OC(=O)CCC)C=C2C1)C(C=3NC=4C=CC=CC4C3)=O,CNC(=O)CCc1cc2ccccc2[nH]1
MTOR,Euclidean Search,0.27,O=C(N(CC1=CC=C(N(C)C)C=C1)CC=2OC=CC2)C=3C=CC(=CC3)C,Cc1ccc(cc1)C(=O)/N=c2/cccc[nH]2
MTOR,Euclidean Search,0.29,C=1(NC2=CC=C(OC(=O)CCC)C=C2C1)C(C=3NC=4C=CC=CC4C3)=O,CNC(=O)CCc1cc2ccccc2[nH]1
MTOR,Euclidean Search,0.29,C=1(NC2=CC=C(OC(=O)CCC)C=C2C1)C(C=3NC=4C=CC=CC4C3)=O,CNC(=O)CCc1cc2ccccc2[nH]1
MTOR,Euclidean Search,0.29,C=1(NC2=CC=C(OC(=O)CCC)C=C2C1)C(C=3NC=4C=CC=CC4C3)=O,CNC(=O)CCc1cc2ccccc2[nH]1
MTOR,Euclidean Search,0.29,C=1(NC2=CC=C(OC(=O)CCC)C=C2C1)C(C=3NC=4C=CC=CC4C3)=O,CNC(=O)CCc1cc2ccccc2[nH]1
MTOR,Euclidean Search,0.29,C=1(NC2=CC=C(OC(=O)CCC)C=C2C1)C(C=3NC=4C=CC=CC4C3)=O,CNC(=O)CCc1cc2ccccc2[nH]1
MTOR,Euclidean Search,0.27,O=C(N(CC1=CC=C(N(C)C)C=C1)CC=2OC=CC2)C=3C=CC(=CC3)C,Cc1ccc(cc1)C(=O)/N=c2/cccc[nH]2
MTOR,Euclidean Search,0.29,C=1(NC2=CC=C(OC(=O)CCC)C=C2C1)C(C=3NC=4C=CC=CC4C3)=O,CNC(=O)CCc1cc2ccccc2[nH]1
MTOR,Euclidean Search,0.29,C=1(NC2=CC=C(OC(=O)CCC)C=C2C1)C(C=3NC=4C=CC=CC4C3)=O,CNC(=O)CCc1cc2ccccc2[nH]1
MTOR,Euclidean Search,0.18,O=C1N(C=CC=2N=C(C(=CC21)C(=O)NC3=CC=C(OC)C=C3)C)CC=4OC=CC4,Nn1c(=O)c(Cc2ccco2)n[nH]c1=S
MTOR,Euclidean Search,0.18,O=C1N(C=CC=2N=C(C(=CC21)C(=O)NC3=CC=C(OC)C=C3)C)CC=4OC=CC4,Nn1c(=O)c(Cc2ccco2)n[nH]c1=S
MTOR,Euclidean Search,0.18,O=C1N(C=CC=2N=C(C(=CC21)C(=O)NC3=CC=C(OC)C=C3)C)CC=4OC=CC4,Nn1c(=O)c(Cc2ccco2)n[nH]c1=S
MTOR,Euclidean Search,0.18,O=C1N(C=CC=2N=C(C(=CC21)C(=O)NC3=CC=C(OC)C=C3)C)CC=4OC=CC4,Nn1c(=O)c(Cc2ccco2)n[nH]c1=S
MTOR,Euclidean Search,0.29,C=1(NC2=CC=C(OC(=O)CCC)C=C2C1)C(C=3NC=4C=CC=CC4C3)=O,CNC(=O)CCc1cc2ccccc2[nH]1
MTOR,Euclidean Search,0.29,C=1(NC2=CC=C(OC(=O)CCC)C=C2C1)C(C=3NC=4C=CC=CC4C3)=O,CNC(=O)CCc1cc2ccccc2[nH]1
MTOR,Euclidean Search,0.29,C=1(NC2=CC=C(OC(=O)CCC)C=C2C1)C(C=3NC=4C=CC=CC4C3)=O,CNC(=O)CCc1cc2ccccc2[nH]1
MTOR,Euclidean Search,0.29,C=1(NC2=CC=C(OC(=O)CCC)C=C2C1)C(C=3NC=4C=CC=CC4C3)=O,CNC(=O)CCc1cc2ccccc2[nH]1
MTOR,Euclidean Search,0.18,O=C1N(C=CC=2N=C(C(=CC21)C(=O)NC3=CC=C(OC)C=C3)C)CC=4OC=CC4,Nn1c(=O)c(Cc2ccco2)n[nH]c1=S
MTOR,Euclidean Search,0.27,O=C(N(CC1=CC=C(N(C)C)C=C1)CC=2OC=CC2)C=3C=CC(=CC3)C,Cc1ccc(cc1)C(=O)/N=c2/cccc[nH]2
MTOR,Euclidean Search,0.29,C=1(NC2=CC=C(OC(=O)CCC)C=C2C1)C(C=3NC=4C=CC=CC4C3)=O,CNC(=O)CCc1cc2ccccc2[nH]1
MTOR,Euclidean Search,0.18,O=C1N(C=CC=2N=C(C(=CC21)C(=O)NC3=CC=C(OC)C=C3)C)CC=4OC=CC4,Nn1c(=O)c(Cc2ccco2)n[nH]c1=S
MTOR,Euclidean Search,0.29,C=1(NC2=CC=C(OC(=O)CCC)C=C2C1)C(C=3NC=4C=CC=CC4C3)=O,CNC(=O)CCc1cc2ccccc2[nH]1
MTOR,Euclidean Search,0.27,O=C(N(CC1=CC=C(N(C)C)C=C1)CC=2OC=CC2)C=3C=CC(=CC3)C,Cc1ccc(cc1)C(=O)/N=c2/cccc[nH]2
MTOR,Euclidean Search,0.29,C=1(NC2=CC=C(OC(=O)CCC)C=C2C1)C(C=3NC=4C=CC=CC4C3)=O,CNC(=O)CCc1cc2ccccc2[nH]1
MTOR,Euclidean Search,0.29,C=1(NC2=CC=C(OC(=O)CCC)C=C2C1)C(C=3NC=4C=CC=CC4C3)=O,CNC(=O)CCc1cc2ccccc2[nH]1
MTOR,Euclidean Search,0.29,C=1(NC2=CC=C(OC(=O)CCC)C=C2C1)C(C=3NC=4C=CC=CC4C3)=O,CNC(=O)CCc1cc2ccccc2[nH]1
MTOR,Euclidean Search,0.18,O=C1N(C=CC=2N=C(C(=CC21)C(=O)NC3=CC=C(OC)C=C3)C)CC=4OC=CC4,Nn1c(=O)c(Cc2ccco2)n[nH]c1=S
MTOR,Euclidean Search,0.29,C=1(NC2=CC=C(OC(=O)CCC)C=C2C1)C(C=3NC=4C=CC=CC4C3)=O,CNC(=O)CCc1cc2ccccc2[nH]1
MTOR,Euclidean Search,0.18,O=C1N(C=CC=2N=C(C(=CC21)C(=O)NC3=CC=C(OC)C=C3)C)CC=4OC=CC4,Nn1c(=O)c(Cc2ccco2)n[nH]c1=S
MTOR,Euclidean Search,0.18,O=C1N(C=CC=2N=C(C(=CC21)C(=O)NC3=CC=C(OC)C=C3)C)CC=4OC=CC4,Nn1c(=O)c(Cc2ccco2)n[nH]c1=S
MTOR,Euclidean Search,0.29,C=1(NC2=CC=C(OC(=O)CCC)C=C2C1)C(C=3NC=4C=CC=CC4C3)=O,CNC(=O)CCc1cc2ccccc2[nH]1
MTOR,Euclidean Search,0.29,C=1(NC2=CC=C(OC(=O)CCC)C=C2C1)C(C=3NC=4C=CC=CC4C3)=O,CNC(=O)CCc1cc2ccccc2[nH]1
MTOR,Euclidean Search,0.18,O=C1N(C=CC=2N=C(C(=CC21)C(=O)NC3=CC=C(OC)C=C3)C)CC=4OC=CC4,Nn1c(=O)c(Cc2ccco2)n[nH]c1=S
MTOR,Euclidean Search,0.18,O=C1N(C=CC=2N=C(C(=CC21)C(=O)NC3=CC=C(OC)C=C3)C)CC=4OC=CC4,Nn1c(=O)c(Cc2ccco2)n[nH]c1=S
MTOR,Euclidean Search,0.18,O=C1N(C=CC=2N=C(C(=CC21)C(=O)NC3=CC=C(OC)C=C3)C)CC=4OC=CC4,Nn1c(=O)c(Cc2ccco2)n[nH]c1=S
MTOR,Euclidean Search,0.29,C=1(NC2=CC=C(OC(=O)CCC)C=C2C1)C(C=3NC=4C=CC=CC4C3)=O,CNC(=O)CCc1cc2ccccc2[nH]1
MTOR,Euclidean Search,0.29,C=1(NC2=CC=C(OC(=O)CCC)C=C2C1)C(C=3NC=4C=CC=CC4C3)=O,CNC(=O)CCc1cc2ccccc2[nH]1
MTOR,Euclidean Search,0.18,O=C1N(C=CC=2N=C(C(=CC21)C(=O)NC3=CC=C(OC)C=C3)C)CC=4OC=CC4,Nn1c(=O)c(Cc2ccco2)n[nH]c1=S
MTOR,Euclidean Search,0.18,O=C1N(C=CC=2N=C(C(=CC21)C(=O)NC3=CC=C(OC)C=C3)C)CC=4OC=CC4,Nn1c(=O)c(Cc2ccco2)n[nH]c1=S
MTOR,Euclidean Search,0.29,C=1(NC2=CC=C(OC(=O)CCC)C=C2C1)C(C=3NC=4C=CC=CC4C3)=O,CNC(=O)CCc1cc2ccccc2[nH]1
MTOR,Euclidean Search,0.18,O=C1N(C=CC=2N=C(C(=CC21)C(=O)NC3=CC=C(OC)C=C3)C)CC=4OC=CC4,Nn1c(=O)c(Cc2ccco2)n[nH]c1=S
MTOR,Euclidean Search,0.29,C=1(NC2=CC=C(OC(=O)CCC)C=C2C1)C(C=3NC=4C=CC=CC4C3)=O,CNC(=O)CCc1cc2ccccc2[nH]1
MTOR,Euclidean Search,0.27,O=C(N(CC1=CC=C(N(C)C)C=C1)CC=2OC=CC2)C=3C=CC(=CC3)C,Cc1ccc(cc1)C(=O)/N=c2/cccc[nH]2
MTOR,Euclidean Search,0.27,O=C(N(CC1=CC=C(N(C)C)C=C1)CC=2OC=CC2)C=3C=CC(=CC3)C,Cc1ccc(cc1)C(=O)/N=c2/cccc[nH]2
MTOR,Euclidean Search,0.29,C=1(NC2=CC=C(OC(=O)CCC)C=C2C1)C(C=3NC=4C=CC=CC4C3)=O,CNC(=O)CCc1cc2ccccc2[nH]1
MTOR,Euclidean Search,0.18,O=C1N(C=CC=2N=C(C(=CC21)C(=O)NC3=CC=C(OC)C=C3)C)CC=4OC=CC4,Nn1c(=O)c(Cc2ccco2)n[nH]c1=S
MTOR,Euclidean Search,0.29,C=1(NC2=CC=C(OC(=O)CCC)C=C2C1)C(C=3NC=4C=CC=CC4C3)=O,CNC(=O)CCc1cc2ccccc2[nH]1
MTOR,Euclidean Search,0.18,O=C1N(C=CC=2N=C(C(=CC21)C(=O)NC3=CC=C(OC)C=C3)C)CC=4OC=CC4,Nn1c(=O)c(Cc2ccco2)n[nH]c1=S
MTOR,Euclidean Search,0.18,O=C1N(C=CC=2N=C(C(=CC21)C(=O)NC3=CC=C(OC)C=C3)C)CC=4OC=CC4,Nn1c(=O)c(Cc2ccco2)n[nH]c1=S
MTOR,Euclidean Search,0.18,O=C1N(C=CC=2N=C(C(=CC21)C(=O)NC3=CC=C(OC)C=C3)C)CC=4OC=CC4,Nn1c(=O)c(Cc2ccco2)n[nH]c1=S
MTOR,Euclidean Search,0.18,O=C1N(C=CC=2N=C(C(=CC21)C(=O)NC3=CC=C(OC)C=C3)C)CC=4OC=CC4,Nn1c(=O)c(Cc2ccco2)n[nH]c1=S
MTOR,Euclidean Search,0.18,O=C1N(C=CC=2N=C(C(=CC21)C(=O)NC3=CC=C(OC)C=C3)C)CC=4OC=CC4,Nn1c(=O)c(Cc2ccco2)n[nH]c1=S
MTOR,Euclidean Search,0.29,C=1(NC2=CC=C(OC(=O)CCC)C=C2C1)C(C=3NC=4C=CC=CC4C3)=O,CNC(=O)CCc1cc2ccccc2[nH]1
MTOR,Euclidean Search,0.18,O=C1N(C=CC=2N=C(C(=CC21)C(=O)NC3=CC=C(OC)C=C3)C)CC=4OC=CC4,Nn1c(=O)c(Cc2ccco2)n[nH]c1=S
MTOR,Euclidean Search,0.29,C=1(NC2=CC=C(OC(=O)CCC)C=C2C1)C(C=3NC=4C=CC=CC4C3)=O,CNC(=O)CCc1cc2ccccc2[nH]1
MTOR,Euclidean Search,0.29,C=1(NC2=CC=C(OC(=O)CCC)C=C2C1)C(C=3NC=4C=CC=CC4C3)=O,CNC(=O)CCc1cc2ccccc2[nH]1
MTOR,Euclidean Search,0.29,C=1(NC2=CC=C(OC(=O)CCC)C=C2C1)C(C=3NC=4C=CC=CC4C3)=O,CNC(=O)CCc1cc2ccccc2[nH]1
MTOR,Euclidean Search,0.27,O=C(N(CC1=CC=C(N(C)C)C=C1)CC=2OC=CC2)C=3C=CC(=CC3)C,Cc1ccc(cc1)C(=O)/N=c2/cccc[nH]2
MTOR,Euclidean Search,0.18,O=C1N(C=CC=2N=C(C(=CC21)C(=O)NC3=CC=C(OC)C=C3)C)CC=4OC=CC4,Nn1c(=O)c(Cc2ccco2)n[nH]c1=S
MTOR,Euclidean Search,0.18,O=C1N(C=CC=2N=C(C(=CC21)C(=O)NC3=CC=C(OC)C=C3)C)CC=4OC=CC4,Nn1c(=O)c(Cc2ccco2)n[nH]c1=S
MTOR,Euclidean Search,0.18,O=C1N(C=CC=2N=C(C(=CC21)C(=O)NC3=CC=C(OC)C=C3)C)CC=4OC=CC4,Nn1c(=O)c(Cc2ccco2)n[nH]c1=S
MTOR,Euclidean Search,0.18,O=C1N(C=CC=2N=C(C(=CC21)C(=O)NC3=CC=C(OC)C=C3)C)CC=4OC=CC4,Nn1c(=O)c(Cc2ccco2)n[nH]c1=S
MTOR,Euclidean Search,0.29,C=1(NC2=CC=C(OC(=O)CCC)C=C2C1)C(C=3NC=4C=CC=CC4C3)=O,CNC(=O)CCc1cc2ccccc2[nH]1
MTOR,Euclidean Search,0.18,O=C1N(C=CC=2N=C(C(=CC21)C(=O)NC3=CC=C(OC)C=C3)C)CC=4OC=CC4,Nn1c(=O)c(Cc2ccco2)n[nH]c1=S
MTOR,Euclidean Search,0.29,C=1(NC2=CC=C(OC(=O)CCC)C=C2C1)C(C=3NC=4C=CC=CC4C3)=O,CNC(=O)CCc1cc2ccccc2[nH]1
MTOR,Euclidean Search,0.18,O=C1N(C=CC=2N=C(C(=CC21)C(=O)NC3=CC=C(OC)C=C3)C)CC=4OC=CC4,Nn1c(=O)c(Cc2ccco2)n[nH]c1=S
MTOR,Euclidean Search,0.18,O=C1N(C=CC=2N=C(C(=CC21)C(=O)NC3=CC=C(OC)C=C3)C)CC=4OC=CC4,Nn1c(=O)c(Cc2ccco2)n[nH]c1=S
MTOR,Euclidean Search,0.18,O=C1N(C=CC=2N=C(C(=CC21)C(=O)NC3=CC=C(OC)C=C3)C)CC=4OC=CC4,Nn1c(=O)c(Cc2ccco2)n[nH]c1=S
MTOR,Euclidean Search,0.29,C=1(NC2=CC=C(OC(=O)CCC)C=C2C1)C(C=3NC=4C=CC=CC4C3)=O,CNC(=O)CCc1cc2ccccc2[nH]1
MTOR,Euclidean Search,0.29,C=1(NC2=CC=C(OC(=O)CCC)C=C2C1)C(C=3NC=4C=CC=CC4C3)=O,CNC(=O)CCc1cc2ccccc2[nH]1
MTOR,Euclidean Search,0.27,O=C(N(CC1=CC=C(N(C)C)C=C1)CC=2OC=CC2)C=3C=CC(=CC3)C,Cc1ccc(cc1)C(=O)/N=c2/cccc[nH]2
MTOR,Euclidean Search,0.18,O=C1N(C=CC=2N=C(C(=CC21)C(=O)NC3=CC=C(OC)C=C3)C)CC=4OC=CC4,Nn1c(=O)c(Cc2ccco2)n[nH]c1=S
MTOR,Euclidean Search,0.29,C=1(NC2=CC=C(OC(=O)CCC)C=C2C1)C(C=3NC=4C=CC=CC4C3)=O,CNC(=O)CCc1cc2ccccc2[nH]1
MTOR,Euclidean Search,0.18,O=C1N(C=CC=2N=C(C(=CC21)C(=O)NC3=CC=C(OC)C=C3)C)CC=4OC=CC4,Nn1c(=O)c(Cc2ccco2)n[nH]c1=S
MTOR,Euclidean Search,0.27,O=C(N(CC1=CC=C(N(C)C)C=C1)CC=2OC=CC2)C=3C=CC(=CC3)C,Cc1ccc(cc1)C(=O)/N=c2/cccc[nH]2
MTOR,Euclidean Search,0.18,O=C1N(C=CC=2N=C(C(=CC21)C(=O)NC3=CC=C(OC)C=C3)C)CC=4OC=CC4,Nn1c(=O)c(Cc2ccco2)n[nH]c1=S
MTOR,Euclidean Search,0.18,O=C1N(C=CC=2N=C(C(=CC21)C(=O)NC3=CC=C(OC)C=C3)C)CC=4OC=CC4,Nn1c(=O)c(Cc2ccco2)n[nH]c1=S
MTOR,Euclidean Search,0.27,O=C(N(CC1=CC=C(N(C)C)C=C1)CC=2OC=CC2)C=3C=CC(=CC3)C,Cc1ccc(cc1)C(=O)/N=c2/cccc[nH]2
MTOR,Euclidean Search,0.29,C=1(NC2=CC=C(OC(=O)CCC)C=C2C1)C(C=3NC=4C=CC=CC4C3)=O,CNC(=O)CCc1cc2ccccc2[nH]1
MTOR,Euclidean Search,0.18,O=C1N(C=CC=2N=C(C(=CC21)C(=O)NC3=CC=C(OC)C=C3)C)CC=4OC=CC4,Nn1c(=O)c(Cc2ccco2)n[nH]c1=S
MTOR,Euclidean Search,0.29,C=1(NC2=CC=C(OC(=O)CCC)C=C2C1)C(C=3NC=4C=CC=CC4C3)=O,CNC(=O)CCc1cc2ccccc2[nH]1
MTOR,Euclidean Search,0.29,C=1(NC2=CC=C(OC(=O)CCC)C=C2C1)C(C=3NC=4C=CC=CC4C3)=O,CNC(=O)CCc1cc2ccccc2[nH]1
MTOR,Euclidean Search,0.18,O=C1N(C=CC=2N=C(C(=CC21)C(=O)NC3=CC=C(OC)C=C3)C)CC=4OC=CC4,Nn1c(=O)c(Cc2ccco2)n[nH]c1=S
MTOR,Euclidean Search,0.29,C=1(NC2=CC=C(OC(=O)CCC)C=C2C1)C(C=3NC=4C=CC=CC4C3)=O,CNC(=O)CCc1cc2ccccc2[nH]1
MTOR,Euclidean Search,0.18,O=C1N(C=CC=2N=C(C(=CC21)C(=O)NC3=CC=C(OC)C=C3)C)CC=4OC=CC4,Nn1c(=O)c(Cc2ccco2)n[nH]c1=S
MTOR,Euclidean Search,0.18,O=C1N(C=CC=2N=C(C(=CC21)C(=O)NC3=CC=C(OC)C=C3)C)CC=4OC=CC4,Nn1c(=O)c(Cc2ccco2)n[nH]c1=S
MTOR,Euclidean Search,0.18,O=C1N(C=CC=2N=C(C(=CC21)C(=O)NC3=CC=C(OC)C=C3)C)CC=4OC=CC4,Nn1c(=O)c(Cc2ccco2)n[nH]c1=S
MTOR,Euclidean Search,0.18,O=C1N(C=CC=2N=C(C(=CC21)C(=O)NC3=CC=C(OC)C=C3)C)CC=4OC=CC4,Nn1c(=O)c(Cc2ccco2)n[nH]c1=S
MTOR,Pre-trained hierVAE Generate,0.17,O=C1N(C=NC=2C1=CC=CC2)CCC(=O)NCC3=C(OC)C=CC=C3,COc1ccccc1CNC(=O)CC1CCC(NC(=O)c2ccccc2F)C(CO)O1
MTOR,Pre-trained hierVAE Generate,0.11,FC=1C=CC(C(=O)NC2=CC=3N=C(N(C3C=C2)C(C)C)CN4CCN(CC4)C(OCC)=O)=CC1,CCCNC(=O)N1CC(C)C(OC)CN(C)C(=O)c2ccc(NC(=O)c3ccc(F)cc3)cc2OCC1C
MTOR,Pre-trained hierVAE Generate,0.13,O=C1N(N=C(C=2C=CC(=CC2)C)CC1)CC(=O)NCCN(CC(C)C)CC(C)C,CC(C)NC(=O)N(C)CC1Oc2cc(C#CC(C)(C)O)ccc2S(=O)(=O)N(C(C)CO)CC1C
MTOR,Pre-trained hierVAE Generate,0.1,O1CC[N+](CC1)(COC(=O)CCC(=O)NC(CCCNC([NH3+])=N)C(=O)NCC(=O)NC(CC(O)=O)C(=O)NC(CO)C(O)=O)C=2OC3=C(C(=O)C2)C=CC=C3C4=CC=CC=C4,CCCCCCCCCCCCCCCCCC(=O)NC(CC(=O)O)C(=O)NC(Cc1ccccc1)C(=O)NC(Cc1ccccc1)C(=O)NC(CCCNC(=N)N)C(=O)NCCCCNC(=N)N
MTOR,Pre-trained hierVAE Generate,0.14,ClC1=CC=C(N2C(SCC(=O)NC=3C=CC(F)=CC3)=NC(=O)CC2=N)C=C1,CN1C(=O)Cc2ncn(-c3ccc(Cl)cc3)c2C1=O
MTOR,Pre-trained hierVAE Generate,0.19,S(=O)(=O)(NC1=CC=2C(=C(OC2C=C1)C3=CC=CC=C3)C(OCC)=O)C4=CC=C(OC)C=C4,CC(NC(=O)CC1CC2c3cc(NS(=O)(=O)c4ccc(F)cc4)ccc3OC2C(CO)O1)c1ccccc1
MTOR,Pre-trained hierVAE Generate,0.09,S(=O)(=O)(NCCCC)C1=CC2=C(N=C(C=C2C(=O)NCCCC)C=3C=NC=CC3)C=C1,CCCCCC(Cc1cccc(-c2cccnc2)c1)(NC(=O)c1cccc(S(=O)(=O)N(C)C)c1)C(=O)O
MTOR,Pre-trained hierVAE Generate,0.17,O=C(NC=1C=C2C(=CC(N3CCN(CC3)C)=NC2=CC1)C)C4=CC=C(C(C)(C)C)C=C4,CC1CN(C(C)CO)S(=O)(=O)c2ccc(NC(=O)c3ccc(C(C)(C)C)cc3)cc2OC1CN(C)C(=O)CCCN(C)C
MTOR,Pre-trained hierVAE Generate,0.1,O=C1C(=C(N2CC(N(CC2)C3=CC(=CC=C3)C)C)C4=C1C=CC=C4)C5=CC=C(OC)C=C5,COc1ccc(CN(C)CC2OCc3ccccc3-c3ccccc3C(=O)N(C(C)CO)CC2C)cc1
MTOR,Pre-trained hierVAE Generate,0.09,CCN1CCN(CC1)C2=NC3=C(C(=C2)C)C=C(NC(=O)C4=CC(=CC=C4)C(F)(F)F)C=C3,CC1CCCCOC(CN(C)Cc2cccc(C(F)(F)F)c2)C(C)CN(C(C)CO)C(=O)c2cc(NC(=O)CCN3CCOCC3)ccc2O1
MTOR,Pre-trained hierVAE Generate,0.16,O=C(NC1=CC(=C(NC(=O)C=2C=CC=CC2)C=C1)C)C3=CC=C(OCCC)C=C3,CC(C)(C)c1ccc(C(=O)Nc2ccc3c(c2)C2CC(CC(=O)NCCc4ccccc4)OC(CO)C2O3)cc1
MTOR,Pre-trained hierVAE Generate,0.12,ClC1=C(CNC(=O)CCN2C(=O)C=3SC=CC3N(C2=O)CC(=O)NC=4C=CC=CC4)C=CC=C1,CCCNC(=O)N1C2Cn3c(ccc(-c4ccc(C#N)cc4)c3=O)C1C(CO)C2C(=O)Nc1ccccc1
MTOR,Pre-trained hierVAE Generate,0.1,O(CCCC)C=1C=C(NC(=O)C2=CC(C(=O)NC3=CC(OCCCC)=CC=C3)=CC=C2)C=CC1,CC(C)(C)c1cccc(C(=O)Nc2cccc(C(=O)Nc3cccc(C(=O)O)c3)c2)c1
MTOR,Pre-trained hierVAE Generate,0.12,BrC1=CC=C(C(=O)NC2=CC(C(OCC(=O)C=3C=CC(Cl)=CC3)=O)=CC=C2)C=C1,Cc1cccc(C(=O)Nc2ccc(C(=O)Nc3ccc(C(=O)O)cc3)cc2)c1
MTOR,Pre-trained hierVAE Generate,0.14,ClC=1C=CC(C(=O)C2=CN(C3=C(C2=O)C=CC=C3)CC=4C(OC)=CC=CC4)=CC1,CC1CN(C(C)CO)C(=O)c2c(c3ccccc3n2C)-c2ccccc2COC1CN(C)C(=O)c1ccncc1
MTOR,Pre-trained hierVAE Generate,0.12,C=1C=NC=2N(C=C(C2C1C=3C=CC=CC3C(N(C)C)=O)/C=C/4\OC=5C=CC=C(C5C4=O)O)C,CC(C)NC(=O)N(C)CC1Oc2cc(-c3ccccc3C(=O)N(C)C)ccc2S(=O)(=O)N(C(C)CO)CC1C
MTOR,Pre-trained hierVAE Generate,0.1,S1C2=NC(C3=CC(OC)=C(OC)C=C3)=CC=C2C(N)=C1C(=O)NC4=CC=C(C=C4)C(F)(F)F,CC(C)(C)C(N)C(=O)Nc1ccc(C(=O)Nc2ccc(C(F)(F)F)cc2)cc1
MTOR,Pre-trained hierVAE Generate,0.15,S(C=1N(C2=C(N1)C=CC=C2)CC(=O)NCC3=CC=C(C=C3)C)CC(=O)NC=4C=CC(F)=CC4,Cc1ccc(CNC(=O)CCCCCCC(=O)Nc2ccc(C(F)(F)F)cc2)cc1
MTOR,Pre-trained hierVAE Generate,0.09,O=C(NC1=CC(=C(NC(=O)C=2C=CC=CC2)C=C1)C)C3=CC=C(OCCC)C=C3,COc1ccc(CCC(C)(C)C(=O)Nc2ccc(C(=O)c3ccccc3)cc2)cc1
MTOR,Pre-trained hierVAE Generate,0.1,S(=O)(=O)(C=1N(N=NN1)C2=CC(=CC=C2)C)C,Cc1cccc(C=C2SC(=O)NC2=O)c1
MTOR,Pre-trained hierVAE Generate,0.13,O=C(N(CC1=CC=C(N(C)C)C=C1)CC=2OC=CC2)C=3C=CC(=CC3)C,CC1CN(C(C)CO)S(=O)(=O)c2ccc(-c3ccccc3C(=O)N(C)C)cc2OC1CN(C)Cc1ccc(C(=O)O)cc1
MTOR,Pre-trained hierVAE Generate,0.08,S(=O)(=O)(N(C1=CC2=C(OC(=C2C(OC)=O)C)C=C1)C(=O)C=3C=CN=CC3)C4=CC=C(OCC)C=C4,CC1CCCCOC(CN(C)C(=O)c2ccncc2)C(C)CN(C(C)CO)C(=O)c2cc(N(C)C)ccc2O1
MTOR,Pre-trained hierVAE Generate,0.05,ClC1=CC=C(CCNC(=O)CN(S(=O)(=O)N(C)C)C2=CC=C(C=C2)C)C=C1,Cc1ccc(CC(C)C(=O)Nc2ccc(S(=O)(=O)N(C)C)cc2)cc1
MTOR,Pre-trained hierVAE Generate,0.11,O=C1N(C=NC=2C1=CC=CC2)CCC(=O)NCC3=C(OC)C=CC=C3,COc1ccccc1CNC(=O)CC1CCC(NC(=O)c2ccccc2F)C(CO)O1
MTOR,Pre-trained hierVAE Generate,0.12,O=C(NC1=CC=2N=C(N(C2C=C1)C(C)C)CN3CCN(CC3)C(OCC)=O)C=4C=CC(OC)=CC4,CCC(=O)N1CC(C)C(OC)CN(C)C(=O)c2ccc(NC(=O)c3ccc(OC)cc3)cc2OCC1C
MTOR,Pre-trained hierVAE Generate,0.32,O1C(=C(NC(=O)CC2=CC=CC=C2)C3=C1C=CC=C3)C(=O)NC=4C(OC)=CC=CC4,COc1ccccc1CNC(=O)CC1CC2c3cc(NC(=O)Cc4ccccc4)ccc3OC2C(CO)O1
MTOR,Pre-trained hierVAE Generate,0.15,S(=O)(=O)(N1CCC(C(=O)N(C2=CC=C(C=C2)C)C)CC1)C=3N=CN(C3)C,Cc1ccc(S(=O)(=O)N(C)CC2OCc3cn(nn3)CCCC(=O)N(C(C)CO)CC2C)cc1
MTOR,Pre-trained hierVAE Generate,0.01,O(C1=CC(NC(=O)CCN2CCN(C3=CC=CC=C3)CC2)=CC=C1)C,Cc1cccc(NC(=O)CCCN2CCN(Cc3cccc(C(F)(F)F)c3)CC2)c1
MTOR,Pre-trained hierVAE Generate,0.05,O(C(=O)C1=CC(N2C(C3=CC=C(OC)C=C3)=CC=C2CCC(O)=O)=CC=C1)C,COc1ccc(C#Cc2ccc3c(c2)OC(CN(C)Cc2ccc(C(=O)O)cc2)C(C)CN(C(C)CO)S3(=O)=O)cc1
MTOR,Pre-trained hierVAE Generate,0.17,FC(F)(F)C=1C=C(NC(=O)CC=2C3=C(OC2)C=C(C=C3)C)C=CC1,NCc1cccc(C(=O)Nc2cccc(C(F)(F)F)c2)c1
MTOR,Pre-trained hierVAE Generate,0.18,N=1C(=NC(C=2C=CC(NC(NC3=CC=C(C=C3)C(NCCN(C)C)=O)=O)=CC2)=NC1OC)N4CCOCC4,CC(C)(C)c1ccc(C(=O)Nc2ccc(C(=O)NCCCN3CCOCC3)cc2)cc1
MTOR,Pre-trained hierVAE Generate,0.14,O1C(CN(C(=O)C=2C=CC(C(C)(C)C)=CC2)C=3N=CC=CC3)=CC=C1C,CC(C)(C)c1ccc(C(=O)c2ccc(O)c(O)c2)cc1
MTOR,Pre-trained hierVAE Generate,0.17,S1C=2N=C(C=C(C2C(N)=C1C(=O)NC3=CC=C(C=C3)C(OCCCC)=O)C)C,CC(C(CO)C(=O)NCCCN(CC(=O)O)c1ccc(C(=O)OCCO)cc1)C(C)(C)C
MTOR,Pre-trained hierVAE Generate,0.1,BrC1=CC=C(C(=O)NC2=CC(C(OCC(=O)C=3C=CC(Cl)=CC3)=O)=CC=C2)C=C1,Cc1cccc(C(=O)Nc2ccc(C(=O)Nc3ccc(C(=O)O)cc3)cc2)c1
MTOR,Pre-trained hierVAE Generate,0.23,FC1=C(C(=O)NC2=CC=3C(=NC(N4CCN(CC4)C)=CC3C)C=C2)C=CC=C1,COC1CN(C)C(=O)c2cc(NC(=O)c3ccccc3F)ccc2OCC(C)NCC1C
MTOR,Pre-trained hierVAE Generate,0.15,S(=O)(=O)(NC=1C=C2C(OC(=C2C(OC)=O)COC)=CC1)C3=CC=C(C=C3)C,CCCNC(=O)N1CC(C)C(OC)CN(C)C(=O)c2cc(NS(=O)(=O)c3ccc(C)cc3)ccc2OCC1C
MTOR,Pre-trained hierVAE Generate,0.09,S(=O)(=O)(NC=1C=C2C(OC(=C2C(OC)=O)COC)=CC1)C3=CC=C(C=C3)C,COC1CN(C)C(=O)c2ccc(NS(=O)(=O)c3ccc(C)cc3)cc2OCC(C)N(C(=O)NC(C)C)CC1C
MTOR,Pre-trained hierVAE Generate,0.11,S1C=2N(C(=NN2)NC(=O)C=3C=CC(C(C)(C)C)=CC3)CC1,Cc1nc(C)c(C(=O)NCCCN2CCOCC2)c(NC(=O)c2ccc(C(C)(C)C)cc2)n1
MTOR,Pre-trained hierVAE Generate,0.03,O=C(NC1=CC=2NC(=NC2C=C1)C3=CC=C(NC(=O)C(C)(C)C)C=C3)C(C)(C)C,CC(C)(C)C(=O)Nc1ccc(C(=O)C(C)(C)C)cc1
MTOR,Pre-trained hierVAE Generate,0.09,S1C=2N(C(=NN2)NC(=O)C=3C=CC(C(C)(C)C)=CC3)CC1,CC(C)(C)c1ccc(C(=O)Nc2ccc(C(=O)O)cc2)cc1
MTOR,Pre-trained hierVAE Generate,0.06,C1=CC2=C(N=C(N2CCN3CCOCC3)NC(=O)C=4C=CC=C(C4)N(=O)=O)C=C1,CCCCCc1cccc(C(=O)Nc2cccc(C(=O)NCCCN3CCOCC3)c2I)c1
MTOR,Pre-trained hierVAE Generate,0.13,S(=O)(=O)(N1CCOCC1)C=2SC(=NN2)NC(=O)C3=CC(F)=CC=C3,Cc1noc(C)c1NC(=O)CC1CCC(NC(=O)c2cccc(F)c2)C(CO)O1
MTOR,Pre-trained hierVAE Generate,0.14,O1C(=NC(=C1C)CN2C3=C(CC2)C=CC=C3)C=4C=CC(=CC4)C(=O)NCCN(CC)CC,CCN(CC)CCCNC(=O)c1ccc(-c2ccc(C(F)(F)F)cc2)cc1
MTOR,Pre-trained hierVAE Generate,0.14,O=C1N(C=NC=2C1=CC=CC2)CCC(=O)NCC3=C(OC)C=CC=C3,COc1ccccc1CNC(=O)CC1CCC(NC(=O)c2ccccc2F)C(CO)O1
MTOR,Pre-trained hierVAE Generate,0.07,S1N=C(C=2C1=CC=CC2)C(=O)NC3=C(C(=O)NCC4=C(OC)C=CC=C4)C=CC=C3,COc1ccccc1CNC(=O)C1C(CO)C2Cn3c(ccc(-c4ccccc4F)c3=O)C2N1C(=O)Nc1ccccc1F
MTOR,Pre-trained hierVAE Generate,0.04,O=C1N(C=NC=2C1=CC=CC2)CCC(=O)NCC3=C(OC)C=CC=C3,COc1ccccc1CNC(=O)CC1CCC(NC(=O)Cc2ccccc2)C(CO)O1
MTOR,Pre-trained hierVAE Generate,0.16,N(C=1C=CC(=CC1)C=2N=C3C(=C(N2)N4CCOCC4)N=NN3CC)C(=O)NC5=CC=C(C(=O)NCCCN(C)C)C=C5,CN(C)CCCNC(=O)c1ccc(NC(=O)c2ccc(NC(=O)c3ccc(C(C)(C)C)cc3)cc2)cc1
MTOR,Pre-trained hierVAE Generate,0.12,N(CCC1=CC=C(C(=C1)O)O)C(CCCCCCC/C=C\CCCCCCCC)=O,CCCCCCCCCCCCCCCCCCCCCCCCC(=O)NCCCCCCCCCCCCCCC(=O)O
MTOR,Pre-trained hierVAE Generate,0.02,O=C1C(=C(N2CC(N(CC2)C3=CC(=CC=C3)C)C)C4=C1C=CC=C4)C5=CC=C(OC)C=C5,COc1ccc(CN(C)CC2OCc3ccccc3-c3ccccc3C(=O)N(C(C)CO)CC2C)cc1
MTOR,Pre-trained hierVAE Generate,0,O1CC[N+](CC1)(COC(=O)CCC(=O)NC(CCCNC([NH3+])=N)C(=O)NCC(=O)NC(CC(O)=O)C(=O)NC(CO)C(O)=O)C=2OC3=C(C(=O)C2)C=CC=C3C4=CC=CC=C4,CSCCC(NC(=O)C(CCCNC(=N)N)NC(=O)C(Cc1ccccc1)NC(=O)C(NC(=O)CCN1CCCC1)C(C)(C)C)C(=O)NC(C=O)CCCNC(=N)N
MTOR,Pre-trained hierVAE Generate,0.06,O=C(NC1=CC(=C(NC(=O)C=2C=CC=CC2)C=C1)C)C3=CC=C(OCCC)C=C3,CC(C)(C)CCCC(O)COc1ccc(C(=O)c2ccc(C(=O)Nc3ccc(C(=O)O)cc3)cc2)cc1
MTOR,Pre-trained hierVAE Generate,0.19,O=C(N1C2=C(CCCC1)C=CC=C2)NC=3C=CC(C(=O)NCC4=CC=C(C=C4)CC)=CC3,CN(C)c1ccc(CNC(=O)c2ccc(NC(=O)c3ccc(C(F)(F)F)cc3)cc2)cc1
MTOR,Pre-trained hierVAE Generate,0.08,N(CCC1=CC=C(C(=C1)O)O)C(CCCCCCC/C=C\CCCCCCCC)=O,CCCCCCCCCCCCCNC(=O)CCCCCCCCCCCCCCCCCNC(=O)CCCCCCCCCCCCCCCCCCCCCCCCCCCCCCCCCCCC(O)C(=O)Nc1ccc(C(=O)c2ccc(Cl)cc2)cc1
MTOR,Pre-trained hierVAE Generate,0.22,O1C2=C(C(=C1C)C(=O)NC=3C=CC(=CC3)C)C(=C(O)C=C2)CN4CCN(CC4)CC5=CC=CC=C5,CC(C)(C)c1ccc(C(=O)Nc2ccc(C(=O)N3CCN(Cc4ccccc4)CC3)cc2)cc1
MTOR,Pre-trained hierVAE Generate,0.09,S1C=2N(C(=NN2)NC(=O)C=3C=CC(C(C)(C)C)=CC3)CC1,CC(C)(C)c1ccc(C(=O)Nc2ccc(C(=O)O)cc2)cc1
MTOR,Pre-trained hierVAE Generate,0.14,O=C1N(C=C(C2=C1N(C3=C2C=CC=C3)C)C(=O)NC=4C(OCC)=CC=CC4)C5CCCC5,CC1CN(C(C)CO)C(=O)c2c(c3ccccc3n2C)-c2ccccc2COC1CN(C)C(=O)CCC(F)(F)F
MTOR,Pre-trained hierVAE Generate,0.13,O1C2=C(C=C(C1=O)C(=O)NC3=CC=C(C=C3)C(OCCN(CC)CC)=O)C=CC=C2OC,O=C(CCCCCCOC(=O)c1ccc(F)cc1)Nc1ccc(C(=O)O)cc1
MTOR,Pre-trained hierVAE Generate,0.18,C(NC=1SC=2C(N1)=CC=C(C3=CN=C(C(=C3)NS(C4=CC=CC=C4F)(=O)=O)Cl)C2)(C)=O,COC1CN(C)C(=O)c2cc(NS(=O)(=O)c3ccccc3F)ccc2OCC(C)NCC1C
MTOR,Pre-trained hierVAE Generate,0.01,O=C(NC=1C=CC(O)=CC1)CC(NCC2=CN=CC=C2)C(O)=O,CC(C)CC(=O)Nc1ccc(C(=O)c2ccc(O)c(O)c2)cc1
MTOR,Pre-trained hierVAE Generate,0.11,S(=O)(=O)(NC=1C=C2C(OC(=C2C(OC)=O)COC)=CC1)C3=CC=C(C=C3)C,CCCNC(=O)N1CC(C)OC(C)c2cc(NS(=O)(=O)c3ccc(C)cc3)ccc2N(C)C(=O)CC(OC)C1
MTOR,Pre-trained hierVAE Generate,0.1,S(C=1C2=C(N(C1)CC(=O)N3CCCC3)C=CC=C2)CC4=CC=C(C(F)(F)F)C=C4,CC1CN(C(C)CO)C(=O)CCCn2cc(nn2)COC1CN(C)Cc1ccc(C(F)(F)F)cc1
MTOR,Pre-trained hierVAE Generate,0.1,S(C=1N(C2=C(N1)C=CC=C2)CC(=O)NCC3=CC=C(F)C=C3)CC(=O)NC=4C=CC(F)=CC4,COc1ccc(CNC(=O)CC2CC3c4cc(NC(=O)Nc5ccc(F)cc5)ccc4OC3C(CO)O2)cc1
MTOR,Pre-trained hierVAE Generate,0.1,N(C(=O)NC1=CC=C(C=C1)C2=NC3=C(C(=N2)N4CCOCC4)CCN(C3)S(=O)(=O)C)CC,COC1CN(C)C(=O)c2cc(NS(C)(=O)=O)ccc2OCC(C)N(C(=O)CN2CCOCC2)CC1C
MTOR,Pre-trained hierVAE Generate,0.13,O=C1N(C=NC=2C1=CC=CC2)CCC(=O)NCC3=C(OC)C=CC=C3,COc1ccccc1CNC(=O)CC1CCC(NC(=O)c2ccccc2F)C(CO)O1
MTOR,Pre-trained hierVAE Generate,0.21,S(C=1N(C2=C(N1)C=CC=C2)CC(=O)NCC3=CC=C(F)C=C3)CC(=O)NC=4C=CC(F)=CC4,CCNC(=O)C1C(CO)C2Cn3c(ccc(-c4ccc(F)cc4)c3=O)C2N1C(=O)Nc1ccc(F)cc1
MTOR,Pre-trained hierVAE Generate,0.05,S1C=2C(N(C(=O)C=3C1=CC=CC3)C)=CC(NC(=O)NC(C)C)=CC2,CC(C)NC(=O)Nc1ccc2c(c1)C(=O)N(C(C)CO)CC(C)C(CN(C)Cc1ccc(C(F)(F)F)cc1)O2
MTOR,Pre-trained hierVAE Generate,0.12,C=1C=C(CN2N=CC(=C2N)NC(C3=CC(=CC=C3C)NC(NC4=CC=C(C(=C4)C(F)(F)F)Cl)=O)=O)C=CC1OC,COc1ccc(CNC(=O)CC2CC3c4cc(NC(=O)Nc5ccc(C(F)(F)F)cc5)ccc4OC3C(CO)O2)cc1
MTOR,Pre-trained hierVAE Generate,0.15,O(C1=CC(NC(=O)CCN2CCN(C3=CC=CC=C3)CC2)=CC=C1)C,Cc1cccc(NC(=O)CCCN2CCN(Cc3cccc(C(F)(F)F)c3)CC2)c1
MTOR,Pre-trained hierVAE Generate,0.1,N1=C(C=2C=CC(NC(NC3=CC=C(C=C3)C(NCCN(C)C)=O)=O)=CC2)N=C(N4CCOCC4)C5=C1N(CC(F)(F)F)C=C5,CC1CCCCOC(CN(C)Cc2cccc(C(F)(F)F)c2)C(C)CN(C(C)CO)C(=O)c2cc(NC(=O)Nc3ccc(C(C)C)cc3)ccc2O1
MTOR,Pre-trained hierVAE Generate,0.13,S1C=2C(N(C(=O)C=3C1=CC=CC3)C)=CC(NC(=O)NC(C)C)=CC2,CC(C)NC(=O)Nc1ccc2c(c1)C(=O)N(C(C)CO)CC(C)C(CN(C)C(=O)CCC(F)(F)F)O2
MTOR,Pre-trained hierVAE Generate,0.1,FC(F)(F)C=1C(NC(=O)C2=CC=3C(OC2=O)=C(N=CC3COC(=O)C(C)C)C)=CC=CC1,CC(C)NC(=O)N1Cc2cccc(NC(=O)CCC(F)(F)F)c2OC(=O)CC1C
MTOR,Pre-trained hierVAE Generate,0.1,O(C1=CC=C(OC)C=C1)CC(=O)N2CCN(CC2)CCC=3N=CC=CC3,COc1ccc(CCCN2CCN(C(=O)c3ccc(OC)cc3OC)CC2)cc1
MTOR,Pre-trained hierVAE Generate,0.11,S1N(C(N(C1=O)CC=2C=CC=CC2)=O)C,CCCC1CCn2cc(nn2)COCC(Cc2ccccc2)NC1=O
MTOR,Pre-trained hierVAE Generate,0.03,BrC1=CC=C(C(=O)NC2=CC(C(OCC(=O)C=3C=CC(Cl)=CC3)=O)=CC=C2)C=C1,Cc1cccc(C(=O)Nc2ccc(C(=O)Nc3ccc(C(=O)O)cc3)cc2)c1
MTOR,Pre-trained hierVAE Generate,0.11,N1=CC(=CC(=C1)C2=CC=3N(C=C2)N=C(N3)N)S(NC(C)(C)C)(=O)=O,CC(C)(C)S(=O)N1CC2Cn3c(ccc(-c4cncnc4)c3=O)C2C1CO
MTOR,Pre-trained hierVAE Generate,0.17,S(=O)(=O)(NCC1CCC(CC1)C(=O)NCCC(C)C)C2=CC3=C(N(C(C3)C)C(=O)C)C=C2,CCNC(=O)CC1CCC(NC(=O)CC2CC2)C(CO)O1
MTOR,Pre-trained hierVAE Generate,0.19,S(=O)(=O)(NC=1C=C2C(OC(=C2C(OC)=O)COC)=CC1)C3=CC=C(C=C3)C,COC1CN(C)C(=O)c2ccc(NS(=O)(=O)c3ccc(C)cc3)cc2OCC(C)N(C(=O)NC(C)C)CC1C
MTOR,Pre-trained hierVAE Generate,0.09,ClC1=CC=2N(C(=O)NCC3=CC(OC)=CC=C3)CC(OC2C=C1)CC,COc1cccc(CNC(=O)CC2CC3c4cc(NS(=O)(=O)c5cccc(F)c5)ccc4OC3C(CO)O2)c1
MTOR,Pre-trained hierVAE Generate,0.16,O=C(NC1=CC(=C(NC(=O)C=2C=CC=CC2)C=C1)C)C3=CC=C(OCCC)C=C3,CC(C)(C)c1ccc(C(=O)Nc2ccc(C(=O)Nc3ccccc3C(=O)O)cc2)cc1
MTOR,Pre-trained hierVAE Generate,0.14,S(=O)(=O)(NC=1C=C2C(OC(=C2C(OC)=O)COC)=CC1)C3=CC=C(C=C3)C,CCCNC(=O)N1CC(C)OC(C)c2cc(NS(=O)(=O)c3ccc(C)cc3)ccc2N(C)C(=O)CC(OC)C1
MTOR,Pre-trained hierVAE Generate,0.02,O=C(NC=1C=C2C(=CC(N3CCN(CC3)C)=NC2=CC1)C)C4=CC=C(C(C)(C)C)C=C4,Cc1ncc(-c2ccc3ncnc(NC(=O)c4ccc(C(C)(C)C)cc4)c3c2)c(N)n1
MTOR,Pre-trained hierVAE Generate,0.11,S(=O)(=O)(N(C1=C(OC)C=CC=C1)CC(=O)NC2=CC=3OCOC3C=C2)C4=CC=C(C=C4)C,COc1ccccc1CNC(=O)CC1CC2c3cc(NC(=O)c4ccc5c(c4)OCO5)ccc3OC2C(CO)O1
MTOR,Pre-trained hierVAE Generate,0.02,BrC1=CC=C(C(=O)NC2=CC(C(OCC(=O)C=3C=CC(Cl)=CC3)=O)=CC=C2)C=C1,COc1ccccc1-c1cccc(C(=O)OCC(=O)Nc2ccc(C(=O)O)cc2)c1
MTOR,Pre-trained hierVAE Generate,0.04,O(C(=O)C1=CC(N2C(C3=CC=C(OC)C=C3)=CC=C2CCC(O)=O)=CC=C1)C,COc1ccc(C#Cc2ccc(C3C(C#N)N(C(=O)c4cccnc4)C3CO)cc2)cc1
MTOR,Pre-trained hierVAE Generate,0.1,O1CC[N+](CC1)(COC(=O)CCC(=O)NC(CCCNC([NH3+])=N)C(=O)NCC(=O)NC(CC(O)=O)C(=O)NC(CO)C(O)=O)C=2OC3=C(C(=O)C2)C=CC=C3C4=CC=CC=C4,CCC(=O)NC(Cc1ccccc1)C(=O)NC(CCCNC(=N)N)C(=O)NC(CCCNC(=N)N)C(=O)NC(CCCNC(=N)N)C(=O)NCCCCNC(=N)N
MTOR,Pre-trained hierVAE Generate,0.15,C1=CC=2NN=C(C#CC=3C=CC=C(C3)N)C2C=C1,CC(C)(C)S(=O)N1Cc2ccnc(-c3cccc(C#Cc4ccccc4F)c3)c2C1CO
MTOR,Pre-trained hierVAE Generate,0.14,O(C1CCN(CC1)CCCC(=O)C=2C=CC(C(C)(C)C)=CC2)C(C3=CC=CC=C3)C4=CC=CC=C4,CC(C)(C)NC(=O)c1ccc(C(c2ccccc2)c2ccccc2)cc1
MTOR,Pre-trained hierVAE Generate,0.16,O=C(NC=1C=CC(=CC1)CC)CC(NCC2=CN=CC=C2)C(O)=O,CCNC(=O)CC1C=CC(NC(=O)c2cccnc2)C(CO)O1
MTOR,Pre-trained hierVAE Generate,0.11,S(=O)(=O)(NC=1C=C2C(OC(=C2C(OC)=O)COC)=CC1)C3=CC=C(C=C3)C,CCC(=O)N1CC(C)C(OC)CN(C)C(=O)c2cc(NS(=O)(=O)c3ccc(C)cc3)ccc2OCC1C
MTOR,Pre-trained hierVAE Generate,0.05,S1C2=C(N(CC1)CC3=CC=CC=C3)C=C(C=C2)C(=O)NCC4=CC=C(OCC)C=C4,CCOc1ccc(C(=O)N2CCC(CO)C2C(=O)NCc2ccc(-c3ccccc3)cc2)cc1
MTOR,Pre-trained hierVAE Generate,0.08,S1C2=C(N(C(=O)N(C2=O)CCCCCC(=O)NC=3C=CC=CC3)CC(=O)N(CC)CC)C=C1,CC(C)(C)C(NC(=O)CCCCCCC(=O)Nc1ccc(C(F)(F)F)cc1)C(=O)O
MTOR,Pre-trained hierVAE Generate,0.14,N(CCC1=CC=C(C(=C1)O)O)C(CCCCCCC/C=C\CCCCCCCC)=O,CCCCCCCCCCCCCCCCCCCCCCCCCCCCCCCCCCCCCCCCCCCCCCCCCCCCCCCCCCCCCCCCCCCCCCCCCCCCCCCCCCCCCCCCCCCCCCCCCCCCCC
MTOR,Pre-trained hierVAE Generate,0.11,N(C=1C=CC(=CC1)C=2N=C3C(=C(N2)N4CCOCC4)N=NN3CC)C(=O)NC5=CC=C(C(=O)NCCCN(C)C)C=C5,CN(C)CCCNC(=O)CC1CC2c3cc(NC(=O)Nc4ccc(C(F)(F)F)cc4)ccc3OC2C(CO)O1
MTOR,Pre-trained hierVAE Generate,0.15,S(C=1C2=C(N(C1)CC(=O)N3CCCC3)C=CC=C2)CC4=CC=C(C(F)(F)F)C=C4,CC1CCCCOC(CN(C)Cc2ccc(C(F)(F)F)cc2)C(C)CN(C(C)CO)C(=O)c2cc(NC(=O)CCC(F)(F)F)ccc2O1
MTOR,Pre-trained hierVAE Generate,0.21,S1C=2N(C(=O)N(C(=O)C2C3=C1CCC3)C4=CC=C(C=C4)CC)CC(=O)C=5C=CC(F)=CC5,CCCCCCNC(=O)C1C(CO)C2c3ccc(C4=CCCC4)c(=O)n3CC1N2C(=O)c1ccc(F)cc1
MTOR,Pre-trained hierVAE Generate,0.04,N(CCC1=CC=C(C(=C1)O)O)C(CCCCCCC/C=C\CCCCCCCC)=O,CCCCCCCCCCCCCCCC(=O)Nc1ccc(C(C)(C)C)cc1
MTOR,Pre-trained hierVAE Generate,0.15,S1C2=NC(C3=CC(OC)=C(OC)C=C3)=CC=C2C(N)=C1C(=O)NC4=CC=C(C=C4)C(F)(F)F,CC(C)(C)C(N)C(=O)Nc1ccc(C(=O)Nc2ccc(C(F)(F)F)cc2)cc1
MTOR,Pre-trained hierVAE Generate,0.19,O=C(NC=1C=CC(=CC1)CC)CC(NCC2=CN=CC=C2)C(O)=O,CCCNC(=O)CC1CC2c3cc(NC(=O)c4cccnc4)ccc3OC2C(CO)O1
MTOR,Pre-trained hierVAE Generate,0.12,C1=C(O)C=C2O/C(/C(=O)C2=C1O)=C\C3=C(C4=CC=CC=C4)N(C)C5=C3C=CC=C5,CC1CN(C(C)CO)C(=O)c2c(c3ccccc3n2C)-c2ccccc2COC1CN(C)S(=O)(=O)c1cccs1
MTOR,Pre-trained hierVAE Generate,0.12,S(=O)(=O)(C=1N(N=NN1)C2=CC(=CC=C2)C)C,Cc1cccc(C=C2SC(=O)NC2=O)c1
MTOR,Ours,0.45,O(C(=O)C1=C(N(C(=C1)C)CC2CCC(C(=O)NC3=CC=C(C=C3)C(=O)C)CC2)C)CC,CCCN1CC(C)C(OC)CN(C)C(=O)c2cc(NC(=O)C3CCOCC3)ccc2OCC1C
MTOR,Ours,0.45,ClC1=CC(=C(N2C(CN(S(=O)(=O)CC)CC2=O)(C(=O)NC3CCCCC3)C)C=C1)C,CC(C)NC(=O)Nc1ccc2c(c1)C(=O)N(C(C)CO)CC(C)C(CN(C)C(=O)NC1CCCCC1)O2
MTOR,Ours,0.43,N(CCC1=CC=C(C(=C1)O)O)C(CCCCCCC/C=C\CCCCCCCC)=O,CCCCCCCCCCCCCCCCC(=O)OCCOc1ccc(O)c(O)c1
MTOR,Ours,0.42,S(C=1C2=C(N(C1)CC(=O)N3CCCC3)C=CC=C2)CC4=CC=C(C(F)(F)F)C=C4,CC1CN(C(C)CO)C(=O)c2cccc(NC(=O)CCN3CCOCC3)c2OC1CN(C)Cc1ccc(C(F)(F)F)cc1
MTOR,Ours,0.42,OC=1N(C=C2C1N=C3C(=C2C(=O)NC(C4=CC=CC=C4)C)C=CC=C3)C5CCCCC5,CC(NC(=O)N(C)CC1OCc2ccccc2-c2c(n(C)c3ccccc23)C(=O)N(C(C)CO)CC1C)c1ccccc1
MTOR,Ours,0.42,FC=1C=CC(NC=2N=C(N3CCOCC3)N=C(N2)NC=4C=CC(F)=CC4)=CC1,OCC1CCN(c2nc(NCc3ccco3)nc(Nc3ccc(F)cc3)n2)C1
MTOR,Ours,0.42,FC=1C=CC(NC=2N=C(N3CCOCC3)N=C(N2)NC=4C=CC(F)=CC4)=CC1,OCC1CCN(c2nc(NCc3ccco3)nc(Nc3ccc(F)cc3)n2)C1
MTOR,Ours,0.42,FC1=CC=C(CC=2OC(=NN2)C(=O)NCCCN3CCN(C4=CC=C(OC)C=C4)CC3)C=C1,CCOc1ccc(CNCCCN2CCN(c3ccc(C(C)(C)C)cc3)CC2)cc1
MTOR,Ours,0.41,S1C=2C(N(C(=O)C=3C1=CC=CC3)C)=CC(NC(=O)NCC4=CC=C(OC)C=C4)=CC2,CCCNC(=O)Nc1ccc2c(c1)C(=O)N(C)CC(OC)C(C)CN(Cc1ccc(OC)cc1)C(C)CO2
MTOR,Ours,0.41,S(C=1C2=C(N(C1)CC(=O)N3CCCC3)C=CC=C2)CC4=CC=C(C(F)(F)F)C=C4,CC1CCCCOC(CN(C)Cc2ccc(C(F)(F)F)cc2)C(C)CN(C(C)CO)C(=O)c2cc(NC(=O)CCCN(C)C)ccc2O1
MTOR,Ours,0.41,O=S(CC=1C=C(N2CCOCC2)N=C(C3=CC=C(C=C3)NC(NC4=CC=C(C=C4)F)=O)N1)(=O)C,CC1CN(C(C)CO)S(=O)(=O)c2ccc(-c3cncnc3)cc2OC1CN(C)C(=O)Nc1ccc(F)cc1
MTOR,Ours,0.41,O=C(NC1=CC(=C(NC(=O)C=2C=CC=CC2)C=C1)C)C3=CC=C(OCCC)C=C3,CCCc1ccc(C(=O)Nc2ccccc2C(=O)Nc2ccc(C(=O)O)cc2)cc1
MTOR,Ours,0.41,BrC1=CC=C(C(=O)NC2=CC(C(OCC(=O)C=3C=CC(Cl)=CC3)=O)=CC=C2)C=C1,Cc1ccc(C(=O)c2cccc(C(=O)Nc3cccc(C(=O)O)c3)c2)cc1
MTOR,Ours,0.4,S1C=2C(N(C(=O)C=3C1=CC=CC3)C)=CC(NC(=O)NC(C)C)=CC2,CC(C)NC(=O)Nc1ccc2c(c1)C(=O)N(C(C)CO)CC(C)C(CN(C)C(=O)CCC(F)(F)F)O2
MTOR,Ours,0.4,S(C=1C2=C(N(C1)CCNC(=O)C=3C=CC(OC)=CC3)C=CC=C2)CC(=O)NC4=CC=5OCCOC5C=C4,CC(C)(C)c1ccc(C(=O)c2ccc(C(=O)Nc3ccc4c(c3)OCCO4)cc2)cc1
MTOR,Ours,0.4,O=C(N1CCN(CC1)CCC2=CC=NC=C2)C3=CC(OCCCC)=CC=C3,CCCc1ccc(C(=O)N2CCN(CCCc3cccc(C(F)(F)F)c3)CC2)cc1
MTOR,Ours,0.4,O(C=1C=C(CNC2=NC=3N(N=NC3C4=CC(=CC=C4)C)C=5C2=CC=CC5)C=CC1)C,COc1cccc(CNc2ncnc3ccc(-c4cccc(C#N)c4)cc23)c1
MTOR,Ours,0.4,ClC=1C(N(S(=O)(=O)C)CC(=O)NCCC2=CC=CC=C2)=CC(C(F)(F)F)=CC1,CCCNC(=O)CC1OC(CO)C=CC1NC(=O)c1ccc(C(F)(F)F)cc1
MTOR,Ours,0.4,BrC1=CC(S(=O)(=O)NC=2C=CC(C(F)(F)F)=CC2)=C3N(C(=O)C4CC4)CCC3=C1,CC1CN(C(C)CO)C(=O)CCCn2cc(nn2)COC1CN(C)C(=O)Nc1ccc(C(F)(F)F)cc1
MTOR,Ours,0.39,S1N=C(C=2C1=CC=CC2)C(=O)NC3=CC=C(C=C3)C(=O)NCCCOC,CC(C)(C)c1ccc(C(=O)Nc2ccc(C(=O)NCCCNCc3ccccn3)cc2)cc1
MTOR,Ours,0.39,S1C=2N(N=C1C(CC)CC)C(=O)CC(N2)=COC3=CC=C(NC(=O)C=4C=CC(=CC4)C)C=C3,Cc1ccc(C(=O)Nc2ccc(C(=O)O)cc2)cc1
MTOR,Ours,0.39,S1C(N(C(=O)C=2C(S(=O)(=O)CC)=CC=CC2)CC3=CN=CC=C3)=NC4=C1C=C(C(=C4)C)C,CC1CCCCOC(CN(C)S(=O)(=O)c2ccccc2-c2cccnc2)C(C)CN(C(C)CO)C(=O)c2cc(N(C)C)ccc2O1
MTOR,Ours,0.39,S(=O)(=O)(NCC1CCC(C(=O)NC=2C=CC(=CC2)CC)CC1)C3=CC4=C(N(C(C4)C)C(=O)C)C=C3,CC1CCCCOC(CN(C)S(=O)(=O)c2ccc(C(F)(F)F)cc2)C(C)CN(C(C)CO)C(=O)c2cc(NC(=O)C3CCCCC3)ccc2O1
MTOR,Ours,0.39,S(=O)(=O)(C1=NC(C(F)(F)F)=CC(=N1)C=2SC=CC2)CCC(=O)NC3=CC=C(OC)C=C3,COc1ccc(S(=O)(=O)N(C)CC2OCCCCC(C)Oc3ccc(NC(=O)CCC(F)(F)F)cc3C(=O)N(C(C)CO)CC2C)cc1
MTOR,Ours,0.39,O=C(NC=1C=CC=CC1)C=2NC=3C(C2)=CC(=CC3)C,O=C(Nc1ccccc1)c1ccccn1
MTOR,Ours,0.39,O=C(NC1=CC=C(C=C1)C(=O)C)NCCC=2C3=C(NC2)C=CC=C3,CCN(CC)CCOc1ccc(C(=O)NC(Cc2c[nH]c3ccccc23)C(=O)O)cc1
MTOR,Ours,0.39,O=C(NC1=CC(=C(NC(=O)C=2C=CC=CC2)C=C1)C)C3=CC=C(OCCC)C=C3,CC(C)NCCOc1ccc(C(=O)Nc2cccc(C(F)(F)F)c2)cc1
MTOR,Ours,0.39,O=C(N(CC1=CC=C(N(C)C)C=C1)CC=2OC=CC2)C=3C=CC(=CC3)C,CC1CN(C(C)CO)S(=O)(=O)c2ccc(-c3ccc(C(=O)N(C)C)cc3)cc2OC1CN(C)Cc1ccc(C(=O)O)cc1
MTOR,Ours,0.39,O1C(=C(NC(=O)CC2=CC=CC=C2)C3=C1C=CC=C3)C(=O)NC=4C(OC)=CC=CC4,CC1CN(C(C)CO)C(=O)c2c(c3ccccc3n2C)-c2ccccc2COC1CN(C)C(=O)Cc1ccccc1
MTOR,Ours,0.39,O(C1CCN(CC1)CCCC(=O)C=2C=CC(C(C)(C)C)=CC2)C(C3=CC=CC=C3)C4=CC=CC=C4,CCCCCc1cccc(C2CCN(CC(c3ccccc3)c3ccccc3)CC2)c1
MTOR,Ours,0.39,FC(F)(F)C=1C(NC(=O)CN2C(=O)C(=O)N(C=C2)CC3=CC=C(C=C3)C)=CC=CC1,CCCC(=O)Nc1ccc(C(=O)Nc2ccccc2C(F)(F)F)cc1
MTOR,Ours,0.39,C1=C(N2CC3OC(C2)CC3)C=4C(=CN(C)C4N=C1)/C=C/5\OC=6C(=CC(=CC6)NC(NCCN(C)C)=O)C5=O,CC1CCCCOC(CN(C)Cc2cccnc2)C(C)CN(C(C)CO)C(=O)c2cc(NC(=O)CCCN(C)C)ccc2O1
MTOR,Ours,0.38,S1N=C(C=2C1=CC=CC2)C(=O)NC3=CC=C(C=C3)C(=O)NCCCOC,CC(C)(C)c1ccc(C(=O)Nc2ccc(C(=O)NCCC(=O)O)cc2)cc1
MTOR,Ours,0.38,S(C=1C2=C(NC1C(=O)NCCCN3CCCCC3)C=C(OC)C=C2)C4=CC=CC=C4,CC(C)(C)c1ccc(C(=O)Nc2nc(C(=O)NCCCN3CCCCC3)nc3ccccc23)cc1
MTOR,Ours,0.38,S(C=1C2=C(N(C1)CCNC(=O)C3=CC(C(F)(F)F)=CC=C3)C=CC=C2)CC=4C=C(F)C=CC4,CC1CN(C(C)CO)C(=O)c2c(c3ccccc3n2C)-c2ccccc2COC1CN(C)Cc1cccc(C(F)(F)F)c1
MTOR,Ours,0.38,S(C=1C2=C(N(C1)CC(=O)N3CCCC3)C=CC=C2)CC4=CC=C(C(F)(F)F)C=C4,CC1CN(C(C)CO)C(=O)CCCn2cc(nn2)COC1CN(C)Cc1ccc(C(F)(F)F)cc1
MTOR,Ours,0.38,S(=O)(=O)(N1CC(CCC1)C(=O)NC=2C=CC(=CC2)CC)C=3C(=NOC3/C=C/N(C)C)C,Cc1noc(C)c1NC(=O)NC1CCC(CC(=O)N(C)C)OC1CO
MTOR,Ours,0.38,O=C(NCC1(N(C)C)CCCCC1)C=2C=CC(C(C)(C)C)=CC2,CC(C)(C)c1ccc(C(=O)NC(C(=O)O)C(C)(C)C)cc1
MTOR,Ours,0.38,O(C1CCN(CC1)CCCC(=O)C=2C=CC(C(C)(C)C)=CC2)C(C3=CC=CC=C3)C4=CC=CC=C4,CCCCCc1cccc(C2CCN(CC(c3ccccc3)c3ccccc3)CC2)c1
MTOR,Ours,0.38,FC1=CC=C(CNC(=O)N2C3=C(OC(C2)CC)C=CC(=C3)C)C=C1,COC1CN(C)C(=O)c2cc(N(C)C)ccc2OCC(C)N(Cc2ccc(F)cc2)CC1C
MTOR,Ours,0.38,FC1=CC=C(CC=2OC(=NN2)C(=O)NCCCN3CCN(C4=CC=C(OC)C=C4)CC3)C=C1,COc1ccc(CNc2ncnc3ccc(C(=O)NCCCN4CCOCC4)cc23)cc1
MTOR,Ours,0.38,FC1=CC=C(CC=2OC(=NN2)C(=O)NCCCN3CCN(C4=CC=C(OC)C=C4)CC3)C=C1,COc1ccc(CNc2ncnc3ccc(C(=O)NCCCN4CCOCC4)cc23)cc1
MTOR,Ours,0.38,BrC1=CC=C(C=2N=C(S(=O)(=O)CCCC)C(=C(C2)C3=CC=CC=C3)C#N)C=C1,CCCNC(=O)NC1CCC(CCn2cc(-c3ccc(-c4ccccc4)cc3)nn2)OC1CO
MTOR,Ours,0.38,BrC1=C(C=C(NC(=O)C2=CC=C(NC(=O)CCS(=O)(=O)C=3SC=CC3)C=C2)C=C1)C,NS(=O)(=O)c1ccc(C(=O)Nc2ccc(C(=O)Nc3nc(C(=O)Nc4ccc(C(=O)NCC(=O)O)cc4)cs3)cc2)cc1
MTOR,Ours,0.37,S1N=C(C=2C1=CC=CC2)C(=O)NC3=C(C(=O)NCC4=C(OC)C=CC=C4)C=CC=C3,CC(C)(C)c1ccccc1C(=O)Nc1ccccc1C(=O)Nc1ccccc1C(=O)O
MTOR,Ours,0.37,S1C2=C(N(CC)C(=O)C3=C1C=CC=C3)C=C(NC(=O)CC4=CC=C(OC)C=C4)C=C2,COc1ccc(CNC(=O)CC2CCC3C(COc4ccc(NC(=O)Cc5ccccc5)cc4C(=O)N3C)O2)cc1
MTOR,Ours,0.37,S(C=1C2=C(NC1C(=O)NCCCN3CCCCC3)C=C(OC)C=C2)C4=CC=CC=C4,COc1ccc(CNc2ncnc3ccc(C(=O)NCCCN4CCCCC4)cc23)cc1OC
MTOR,Ours,0.37,S(C=1C2=C(NC1C(=O)NCCCN3CCCCC3)C=C(OC)C=C2)C4=CC=CC=C4,COc1ccc(CNc2ncnc3ccc(C(=O)NCCCN4CCCCC4)cc23)cc1OC
MTOR,Ours,0.37,S(C=1C2=C(N(C1)CC(=O)N3CCCC3)C=CC=C2)CC4=CC=C(C(F)(F)F)C=C4,CC1CN(C(C)CO)C(=O)c2c(c3ccccc3n2C)-c2ccccc2COC1CN(C)Cc1ccc(C(F)(F)F)cc1
MTOR,Ours,0.37,S(=O)(=O)(N1N=C(N=C1NCC2=CC=C(C=C2)C)C=3OC=CC3)C,Cc1ccc(CN(C)CC2OCCCCC(C)Oc3ccc(NS(C)(=O)=O)cc3C(=O)N(C(C)CO)CC2C)cc1
MTOR,Ours,0.37,O1C2=C(C(=C1C)C(=O)NC=3C=CC(=CC3)C)C(=C(O)C=C2)CN4CCN(CC4)CC5=CC=CC=C5,CC(C)(C)c1ccc(C(=O)Nc2ccc(C(=O)NCCCNCCCCN3CCN(Cc4ccccc4)CC3)cc2)cc1
MTOR,Ours,0.37,O1C(=O)C(N(CC1)CC)CC(=O)NC=2C(OC)=CC=C(C2)C,CC1CN(C(C)CO)C(=O)c2cccc(NC(=O)CCC(F)(F)F)c2OC1CN(C)CC1CC1
MTOR,Ours,0.37,O(C=1C=CC(C=2NC(=NC2C=3C=CC=CC3)C=4C=CC(O)=CC4)=CC1)C,COc1ccc(-c2ccc(C(=O)c3cccc(C(=O)c4ccccc4)c3)cc2)cc1
MTOR,Ours,0.37,N(C(=S)NC=1SC=CN1)C2=CC=CC=C2,CC(C)(C)S(=O)N1C2Cn3c(ccc(C=Cc4ccccc4)c3=O)C1C(CO)C2C(=O)Nc1nccs1
MTOR,Ours,0.37,ClC=1C=CC(C=2SC=C(N2)CCNC(=O)CC3=CC=C(OCC)C=C3)=CC1,CCOc1ccc(-c2ccc(C(=O)NCCNC(=O)c3ccc(Cl)cc3)cc2)cc1
MTOR,Ours,0.37,ClC=1C=C(NC(=O)NC2=CC=3C(=NC(N4CCN(CC4)C)=CC3C)C=C2)C=CC1,CN1CCN(C(=O)CC2OC(NC(=O)Nc3cccc(F)c3)CC(CO)C2c2cccc(C#N)c2)CC1
MTOR,Ours,0.37,ClC1=CC=C(C=2SC(=C(N)C2)C(=O)NC=3C(OC)=CC=CC3)C=C1,COc1ccccc1NC(=O)NC1CCC(CCn2cc(-c3ccc(Cl)cc3)nn2)OC1CO
MTOR,Ours,0.36,S(=O)(=O)(NCC1=CC=2OCOC2C=C1)C=3C(F)=CC=C(C3)C(=O)NC=4C=C(C=CC4)C,CCCCNC(=O)CC1CC2c3cc(NC(=O)c4ccc5c(c4)OCO5)ccc3OC2C(CO)O1
MTOR,Ours,0.36,S(=O)(=O)(C=1N=C(C2=CC(OC)=C(OC)C=C2)C=C(N1)C(F)(F)F)CCCC(=O)NC=3C=C(OC)C(OC)=CC3,COc1ccccc1C=CC(=O)OCC#CCCCCC(=O)Nc1ccc(OC)c(OC)c1
MTOR,Ours,0.36,N(CCC1=CC=C(C(=C1)O)O)C(CCCCCCC/C=C\CCCCCCCC)=O,CCCCCCCCCCCCCCCCCCCCCCCCCCCCCCCCCCCCCCCCCCCCCCCCCCCCCCCCCCCCCCCCCCCCCCCCCCCCCCCCCCCCCCCCCCCCCCCCCCCCCC
MTOR,Ours,0.36,N(CCC1=CC=C(C(=C1)O)O)C(CCCCCCC/C=C\CCCCCCCC)=O,CCCCCCCCCCCCCCCCCCC(=O)Nc1ccc(S(=O)(=O)NC(=O)c2ccc(S(=O)(=O)NC(=O)c3ccc(S(=O)(=O)NC(=O)c4ccc(S(=O)(=O)NCCCCNC(=O)CCCCCCCC(=O)NO)cc4)cc3)cc2)cc1
MTOR,Ours,0.36,ClC=1C=C2N=C3C(=C(SCC(=O)NCCCN(CC)CC)C2=CC1)CCCC3,CCN(CC)CCCNC(=O)CCc1ccc(Cl)cc1
MTOR,Ours,0.36,ClC=1C(N(S(=O)(=O)C)CC(=O)NCCC2=CC=CC=C2)=CC(C(F)(F)F)=CC1,CC(C)(CCC(=O)NC(C(=O)O)C(C)(C)C)NC(=O)CCc1ccccc1
MTOR,Ours,0.36,C=1C=CC=2C(C1)=C(N=C(N2)C3=CC=C(C=C3)Cl)NC=4C=CC(=CC4)O,COc1ccc2nc(C#N)nc(Nc3ccc(Cl)cc3)c2c1
MTOR,Ours,0.35,S1C=2N=C(C=CC2C(N)=C1C(=O)NCC3=CC=C(C=C3)C)C=4C=CC(F)=CC4,Cc1ccc(CNC(=O)C2C(CO)C3Cn4c(ccc(-c5ccc(F)cc5)c4=O)C3N2C(=O)C2CC2)cc1
MTOR,Ours,0.35,S1C=2N=C(C=CC2C(N)=C1C(=O)NCC3=CC=C(C=C3)C)C=4C=CC(F)=CC4,Cc1ccc(CNC(=O)C2C(CO)C3Cn4c(ccc(-c5ccc(F)cc5)c4=O)C3N2C(=O)C2CC2)cc1
MTOR,Ours,0.35,S(C=1N(C2=C(N1)C=CC=C2)CC(=O)NCC3=CC=C(C=C3)C)CC(=O)NC=4C=CC(F)=CC4,Cc1ccc(CNC(=O)CC2CC3c4cc(NS(=O)(=O)c5ccc(F)cc5)ccc4OC3C(CO)O2)cc1
MTOR,Ours,0.35,S(=O)(=O)(NC=1C=C2C(OC(=C2C(OC)=O)COC)=CC1)C3=CC=C(C=C3)C,CCS(=O)(=O)N1CC(C)C(OC)CN(C)C(=O)c2cc(NS(=O)(=O)c3ccc(C)cc3)ccc2OCC1C
MTOR,Ours,0.35,O=C1N(C(=O)N(C2=C1C=CC(=C2)C(=O)NCC3=CC=4OCOC4C=C3)CC(=O)NC=5C=CC(OC)=CC5)C6=CC=CC=C6,COc1ccc(CNC(=O)CC2CC3c4cc(NC(=O)c5ccc6c(c5)OCO6)ccc4OC3C(CO)O2)cc1
MTOR,Ours,0.35,O=C(NC1=CC(=C(NC(=O)C=2C=CC=CC2)C=C1)C)C3=CC=C(OCCC)C=C3,CC(C)(C)c1ccc(C(=O)Nc2ccc(C(=O)Nc3ccc(C(F)(F)F)cc3)cc2)cc1
MTOR,Ours,0.35,O1C=2C(OC1)=CC=C(C(C3=CC=CC=C3)CCNCC4=CC=C(OC)C=C4)C2,COc1ccc(CNC(=O)CC2CCC(NC(=O)c3ccc4c(c3)OCO4)C(CO)O2)cc1
MTOR,Ours,0.35,O(C1=CC=C(OC)C=C1)CC(=O)N2CCN(CC2)CCC=3N=CC=CC3,CCNC(=O)CC1C=CC(NC(=O)Cc2ccccn2)C(CO)O1
MTOR,Ours,0.35,FC1=C(C(=O)NC2=CC=3C(=NC(N4CCN(CC4)C)=CC3C)C=C2)C=CC=C1,COC1CN(C)C(=O)c2ccc(NC(=O)c3ccccc3F)cc2OCC(C)NCC1C
MTOR,Ours,0.35,FC1=C(C(=O)NC2=CC=3C(=NC(N4CCN(CC4)C)=CC3C)C=C2)C=CC=C1,COC1CN(C)C(=O)c2ccc(NC(=O)c3ccccc3F)cc2OCC(C)NCC1C
MTOR,Ours,0.35,FC(F)(F)C=1C=C(CN2C=3C(C(O)(C2=O)CC(=O)C=4C=CC(OC)=CC4)=CC=CC3)C=CC1,COC1CN(C)C(=O)c2cc(NS(=O)(=O)CC(F)(F)F)ccc2OCC(C)N(Cc2cccc(C(F)(F)F)c2)CC1C
MTOR,Ours,0.35,ClC1=CC(=C(N2C(CN(S(=O)(=O)CC)CC2=O)(C(=O)NC3CCCCC3)C)C=C1)C,CC1CCCCOC(CN(C)CC2CCCCC2)C(C)CN(C(C)CO)C(=O)c2cc(NS(C)(=O)=O)ccc2O1
MTOR,Ours,0.35,C=1(N=C(N=C(N1)C)C=2N3C(=NC2NC4=NN(C=C4)C)C=CC(=C3)C5=CN=CN=C5)N,CC(C)NC(=O)N(C)CC1Oc2cc(-c3cncnc3)ccc2S(=O)(=O)N(C(C)CO)CC1C
MTOR,Ours,0.35,C1=C(N2CC3OC(C2)CC3)C=4C(=CN(C)C4N=C1)/C=C/5\OC=6C(=CC(=CC6)NC(NCCN(C)C)=O)C5=O,CC1CN(C(C)CO)C(=O)c2cc(NC(=O)CCCN(C)C)ccc2OC1CN(C)CC1CC1
MTOR,Ours,0.34,S1C=2N(N=C(C2N(C(=O)C1)CCCC(=O)NCC3=CC=C(OC)C=C3)C)C4=CC=CC=C4,COc1ccc(CNC(=O)CC2C=CC(NC(=O)Cc3ccccc3)C(CO)O2)cc1
MTOR,Ours,0.34,S(C=1N(C2=C(N1)C=CC=C2)CC(=O)NCC3=CC=C(F)C=C3)CC(=O)NC=4C=CC(F)=CC4,CCCCC(=O)Nc1ccc2c(c1)C1CC(CC(=O)NCc3ccc(-c4ccccc4)cc3)OC(CO)C1O2
MTOR,Ours,0.34,S(=O)(=O)(NCC1CCC(C(=O)NC=2C=C(F)C=CC2)CC1)C3=CC4=C(N(C(C4)C)C(=O)C)C=C3,COC1CN(C)C(=O)c2cc(NC(=O)C3CC3)ccc2OCC(C)N(C(=O)c2cccc(F)c2)CC1C
MTOR,Ours,0.34,N(CCC1=CC=C(C(=C1)O)O)C(CCCCCCC/C=C\CCCCCCCC)=O,CCCCCCCCCCCCCCCCCCCC(=O)NC(CCCC=CC(=O)O)C(=O)O
MTOR,Ours,0.34,FC=1C=CC(C(=O)NC2=CC=3N=C(N(C3C=C2)C(C)C)CN4CCN(CC4)C(OCC)=O)=CC1,COC1CN(C(=O)NC(C)C)C(C)COc2cc(NC(=O)c3ccc(F)cc3)ccc2C(=O)N(C)CC1C
MTOR,Ours,0.34,ClC=1C=C2N=C3C(=C(SCC(=O)NCCCN(CC)CC)C2=CC1)CCCC3,CCN(CC)CCCNC(=O)CCC(O)c1ccc(Cl)cc1
MTOR,Ours,0.34,ClC1=C(CN2C3=C(SCC2=O)C=CC(=C3)C(=O)NCC4=CC=C(F)C=C4)C=CC(F)=C1,CCN1C(C(=O)NCc2ccc(F)cc2)C(CO)C2Cn3c(ccc(-c4cccc(F)c4)c3=O)C21
MTOR,Ours,0.34,C=1C=C(CN2N=CC(=C2N)NC(C3=CC(=CC=C3C)NC(NC4=CC=C(C(=C4)C(F)(F)F)Cl)=O)=O)C=CC1OC,COc1ccc(CNC(=O)CC2CC3c4cc(NC(=O)Nc5ccc(C(F)(F)F)cc5)ccc4OC3C(CO)O2)cc1
MTOR,Ours,0.34,C1(=CC=C2N=CN=C(C2=C1)NCCC3=CC=C(C=C3)OC4=CC=CC=C4)N,FC(F)(F)c1ccc2ncnc(NCc3ccc(Cl)cc3)c2c1
MTOR,Ours,0.33,S1C=2C(N(C(=O)C=3C1=CC=CC3)C)=CC(NC(=O)NC(C)C)=CC2,CC(C)NC(=O)Nc1ccc2c(c1)C(=O)N(C(C)CO)CC(C)C(CN(C)Cc1ccc(C(F)(F)F)cc1)OCCCCC(C)O2
MTOR,Ours,0.33,S(=O)(=O)(NC1=CC=2C(=C(OC2C=C1)C3=CC=CC=C3)C(OCC)=O)C4=CC=C(OC)C=C4,CS(=O)(=O)c1ccc(S(=O)(=O)Nc2ccc3c(c2)C2CC(CC(=O)NCc4ccccc4F)OC(CO)C2O3)cc1
MTOR,Ours,0.33,S(=O)(=O)(C=1C2=C(N(C1)CC(=O)NCC3=CC=C(C=C3)C)C=CC=C2)CC4=C(F)C=CC=C4,Cc1ccc(CNC(=O)CC2CCC(NS(=O)(=O)c3ccccc3C)C(CO)O2)cc1
MTOR,Ours,0.33,O1C2=C(N(C(=O)C1)CCCC(=O)NCC3=CC=C(OC)C=C3)C=C(C=C2)C,COc1ccc(CNC(=O)CC2CC3c4cc(NC(=O)NC(C)C)ccc4OC3C(CO)O2)cc1
MTOR,Ours,0.33,N1=C(N2CCOCC2)C=3C=NN(C4CCN(CC4)CC5=CC=CC=C5)C3N=C1C=6C=CC(=CC6)NC(=O)NC(C)C,CC(C)NC(=O)Nc1ccc2c(c1)C(=O)N(C)C1CCC(CC(=O)NCCCN3CCOCC3)OC1CO2
MTOR,Ours,0.33,N(CCC1=CC=C(C(=C1)O)O)C(CCCCCCC/C=C\CCCCCCCC)=O,CCCCCCCCCCCCCCCCCCCCCCCCC(=O)OCC(=O)OC
MTOR,Ours,0.32,S1C2=C(N(CC)C(=O)C3=C1C=CC=C3)C=C(NC(=O)CC4=CC=C(OC)C=C4)C=C2,COc1ccc(CNC(=O)CC2CC3c4cc(NC(=O)Cc5ccncc5)ccc4OC3C(CO)O2)cc1
MTOR,Ours,0.32,S1C2=C(C=C1C(=O)NCCCN3CCN(C4=CC=CC=C4)CC3)COC5=C2C=CC=C5,CCN(CC)CCN1CCN(c2ccc(C(=O)Nc3ccc(C(=O)NCCCN4CCC(Cc5ccccc5)CC4)cc3)cc2)CC1
MTOR,Ours,0.32,S(=O)(=O)(NC=1C=C2C(OC(=C2C(OC)=O)COC)=CC1)C3=CC=C(C=C3)C,Cc1ccc(S(=O)(=O)Nc2ccc3c(c2)C2CC(CC(=O)NCc4cccc(F)c4)OC(CO)C2O3)cc1
MTOR,Ours,0.32,N1=C(N2CCOCC2)C=3C=NN(C4CCN(CC4)CC5=CC=CC=C5)C3N=C1C=6C=CC(=CC6)NC(=O)NC(C)C,CC(C)NC(=O)Nc1ccc2c(c1)C(=O)N(C)C1CCC(CC(=O)NCCCN3CCOCC3)OC1CO2
MTOR,Ours,0.32,FC=1C=C(C(=O)NC=2C=C(OC)C(NC(=O)C=3OC4=C(C3)C=CC=C4)=CC2)C=CC1,COC1CN(C)C(=O)c2cc(NC(=O)c3cccc(F)c3)ccc2OCC(C)N(C(=O)Cc2cccnc2)CC1C
MTOR,Ours,0.31,S1C=2C(N(C(=O)C=3C1=CC=CC3)C)=CC(NC(=O)NCC4=CC=C(OC)C=C4)=CC2,COc1ccc(NC(=O)Nc2ccc3c(c2)C(=O)N(C)CC(OC)C(C)CN(Cc2ccccc2F)C(C)CO3)cc1
MTOR,Ours,0.3,C=1C=C(CN2N=CC(=C2N)NC(C3=CC(=CC=C3C)NC(NC4=CC=C(C(=C4)C(F)(F)F)Cl)=O)=O)C=CC1OC,CC1CN(C(C)CO)C(=O)c2cc(NC(=O)Nc3ccc(C(F)(F)F)cc3)ccc2OC1CN(C)Cc1ccc(C(=O)Nc2ccccc2N)cc1
PIK3CA,Cosine Search,0.16,N1C(CC2=C(SC(=N2)N3CCOC4=C3C=C(C=C4)C)C1=O)(C)C,CC=C1/[C@H]2Cc3[nH]c(=O)ccc3[C@]1(N)CC(C)=C2
PIK3CA,Cosine Search,0.23,S1C2=C(OC(N3CCOCC3)=CC2=O)C(C=4NC=5C(C4)=CC=CC5)=C1,CNC(=O)CCc1cc2ccccc2[nH]1
PIK3CA,Cosine Search,0.16,N1C(CC2=C(SC(=N2)N3CCOC4=C3C=C(C=C4)C)C1=O)(C)C,CC=C1/[C@H]2Cc3[nH]c(=O)ccc3[C@]1(N)CC(C)=C2
PIK3CA,Cosine Search,0.16,N1C(CC2=C(SC(=N2)N3CCOC4=C3C=C(C=C4)C)C1=O)(C)C,CC=C1/[C@H]2Cc3[nH]c(=O)ccc3[C@]1(N)CC(C)=C2
PIK3CA,Cosine Search,0.16,N1C(CC2=C(SC(=N2)N3CCOC4=C3C=C(C=C4)C)C1=O)(C)C,CC=C1/[C@H]2Cc3[nH]c(=O)ccc3[C@]1(N)CC(C)=C2
PIK3CA,Cosine Search,0.16,N1C(CC2=C(SC(=N2)N3CCOC4=C3C=C(C=C4)C)C1=O)(C)C,CC=C1/[C@H]2Cc3[nH]c(=O)ccc3[C@]1(N)CC(C)=C2
PIK3CA,Cosine Search,0.16,N1C(CC2=C(SC(=N2)N3CCOC4=C3C=C(C=C4)C)C1=O)(C)C,CC=C1/[C@H]2Cc3[nH]c(=O)ccc3[C@]1(N)CC(C)=C2
PIK3CA,Cosine Search,0.15,S1C2=C(OC(N3CCOCC3)=CC2=O)C(=C1)C=4OC=CC4,Nn1c(=O)c(Cc2ccco2)n[nH]c1=S
PIK3CA,Cosine Search,0.23,S1C2=C(OC(N3CCOCC3)=CC2=O)C(C=4NC=5C(C4)=CC=CC5)=C1,CNC(=O)CCc1cc2ccccc2[nH]1
PIK3CA,Cosine Search,0.23,S1C2=C(OC(N3CCOCC3)=CC2=O)C(C=4NC=5C(C4)=CC=CC5)=C1,CNC(=O)CCc1cc2ccccc2[nH]1
PIK3CA,Cosine Search,0.16,N1C(CC2=C(SC(=N2)N3CCOC4=C3C=C(C=C4)C)C1=O)(C)C,CC=C1/[C@H]2Cc3[nH]c(=O)ccc3[C@]1(N)CC(C)=C2
PIK3CA,Cosine Search,0.16,N1C(CC2=C(SC(=N2)N3CCOC4=C3C=C(C=C4)C)C1=O)(C)C,CC=C1/[C@H]2Cc3[nH]c(=O)ccc3[C@]1(N)CC(C)=C2
PIK3CA,Cosine Search,0.23,S1C2=C(OC(N3CCOCC3)=CC2=O)C(C=4NC=5C(C4)=CC=CC5)=C1,CNC(=O)CCc1cc2ccccc2[nH]1
PIK3CA,Cosine Search,0.23,S1C2=C(OC(N3CCOCC3)=CC2=O)C(C=4NC=5C(C4)=CC=CC5)=C1,CNC(=O)CCc1cc2ccccc2[nH]1
PIK3CA,Cosine Search,0.16,N1C(CC2=C(SC(=N2)N3CCOC4=C3C=C(C=C4)C)C1=O)(C)C,CC=C1/[C@H]2Cc3[nH]c(=O)ccc3[C@]1(N)CC(C)=C2
PIK3CA,Cosine Search,0.16,N1C(CC2=C(SC(=N2)N3CCOC4=C3C=C(C=C4)C)C1=O)(C)C,CC=C1/[C@H]2Cc3[nH]c(=O)ccc3[C@]1(N)CC(C)=C2
PIK3CA,Cosine Search,0.16,N1C(CC2=C(SC(=N2)N3CCOC4=C3C=C(C=C4)C)C1=O)(C)C,CC=C1/[C@H]2Cc3[nH]c(=O)ccc3[C@]1(N)CC(C)=C2
PIK3CA,Cosine Search,0.16,N1C(CC2=C(SC(=N2)N3CCOC4=C3C=C(C=C4)C)C1=O)(C)C,CC=C1/[C@H]2Cc3[nH]c(=O)ccc3[C@]1(N)CC(C)=C2
PIK3CA,Cosine Search,0.23,S1C2=C(OC(N3CCOCC3)=CC2=O)C(C=4NC=5C(C4)=CC=CC5)=C1,CNC(=O)CCc1cc2ccccc2[nH]1
PIK3CA,Cosine Search,0.23,S1C2=C(OC(N3CCOCC3)=CC2=O)C(C=4NC=5C(C4)=CC=CC5)=C1,CNC(=O)CCc1cc2ccccc2[nH]1
PIK3CA,Cosine Search,0.16,N1C(CC2=C(SC(=N2)N3CCOC4=C3C=C(C=C4)C)C1=O)(C)C,CC=C1/[C@H]2Cc3[nH]c(=O)ccc3[C@]1(N)CC(C)=C2
PIK3CA,Cosine Search,0.16,N1C(CC2=C(SC(=N2)N3CCOC4=C3C=C(C=C4)C)C1=O)(C)C,CC=C1/[C@H]2Cc3[nH]c(=O)ccc3[C@]1(N)CC(C)=C2
PIK3CA,Cosine Search,0.23,S1C2=C(OC(N3CCOCC3)=CC2=O)C(C=4NC=5C(C4)=CC=CC5)=C1,CNC(=O)CCc1cc2ccccc2[nH]1
PIK3CA,Cosine Search,0.16,N1C(CC2=C(SC(=N2)N3CCOC4=C3C=C(C=C4)C)C1=O)(C)C,CC=C1/[C@H]2Cc3[nH]c(=O)ccc3[C@]1(N)CC(C)=C2
PIK3CA,Cosine Search,0.16,N1C(CC2=C(SC(=N2)N3CCOC4=C3C=C(C=C4)C)C1=O)(C)C,CC=C1/[C@H]2Cc3[nH]c(=O)ccc3[C@]1(N)CC(C)=C2
PIK3CA,Cosine Search,0.23,S1C2=C(OC(N3CCOCC3)=CC2=O)C(C=4NC=5C(C4)=CC=CC5)=C1,CNC(=O)CCc1cc2ccccc2[nH]1
PIK3CA,Cosine Search,0.23,S1C2=C(OC(N3CCOCC3)=CC2=O)C(C=4NC=5C(C4)=CC=CC5)=C1,CNC(=O)CCc1cc2ccccc2[nH]1
PIK3CA,Cosine Search,0.16,N1C(CC2=C(SC(=N2)N3CCOC4=C3C=C(C=C4)C)C1=O)(C)C,CC=C1/[C@H]2Cc3[nH]c(=O)ccc3[C@]1(N)CC(C)=C2
PIK3CA,Cosine Search,0.16,N1C(CC2=C(SC(=N2)N3CCOC4=C3C=C(C=C4)C)C1=O)(C)C,CC=C1/[C@H]2Cc3[nH]c(=O)ccc3[C@]1(N)CC(C)=C2
PIK3CA,Cosine Search,0.23,S1C2=C(OC(N3CCOCC3)=CC2=O)C(C=4NC=5C(C4)=CC=CC5)=C1,CNC(=O)CCc1cc2ccccc2[nH]1
PIK3CA,Cosine Search,0.23,S1C2=C(OC(N3CCOCC3)=CC2=O)C(C=4NC=5C(C4)=CC=CC5)=C1,CNC(=O)CCc1cc2ccccc2[nH]1
PIK3CA,Cosine Search,0.16,N1C(CC2=C(SC(=N2)N3CCOC4=C3C=C(C=C4)C)C1=O)(C)C,CC=C1/[C@H]2Cc3[nH]c(=O)ccc3[C@]1(N)CC(C)=C2
PIK3CA,Cosine Search,0.23,S1C2=C(OC(N3CCOCC3)=CC2=O)C(C=4NC=5C(C4)=CC=CC5)=C1,CNC(=O)CCc1cc2ccccc2[nH]1
PIK3CA,Cosine Search,0.16,N1C(CC2=C(SC(=N2)N3CCOC4=C3C=C(C=C4)C)C1=O)(C)C,CC=C1/[C@H]2Cc3[nH]c(=O)ccc3[C@]1(N)CC(C)=C2
PIK3CA,Cosine Search,0.23,S1C2=C(OC(N3CCOCC3)=CC2=O)C(C=4NC=5C(C4)=CC=CC5)=C1,CNC(=O)CCc1cc2ccccc2[nH]1
PIK3CA,Cosine Search,0.16,N1C(CC2=C(SC(=N2)N3CCOC4=C3C=C(C=C4)C)C1=O)(C)C,CC=C1/[C@H]2Cc3[nH]c(=O)ccc3[C@]1(N)CC(C)=C2
PIK3CA,Cosine Search,0.23,S1C2=C(OC(N3CCOCC3)=CC2=O)C(C=4NC=5C(C4)=CC=CC5)=C1,CNC(=O)CCc1cc2ccccc2[nH]1
PIK3CA,Cosine Search,0.16,N1C(CC2=C(SC(=N2)N3CCOC4=C3C=C(C=C4)C)C1=O)(C)C,CC=C1/[C@H]2Cc3[nH]c(=O)ccc3[C@]1(N)CC(C)=C2
PIK3CA,Cosine Search,0.15,S1C2=C(OC(N3CCOCC3)=CC2=O)C(=C1)C=4OC=CC4,Nn1c(=O)c(Cc2ccco2)n[nH]c1=S
PIK3CA,Cosine Search,0.16,N1C(CC2=C(SC(=N2)N3CCOC4=C3C=C(C=C4)C)C1=O)(C)C,CC=C1/[C@H]2Cc3[nH]c(=O)ccc3[C@]1(N)CC(C)=C2
PIK3CA,Cosine Search,0.16,N1C(CC2=C(SC(=N2)N3CCOC4=C3C=C(C=C4)C)C1=O)(C)C,CC=C1/[C@H]2Cc3[nH]c(=O)ccc3[C@]1(N)CC(C)=C2
PIK3CA,Cosine Search,0.23,S1C2=C(OC(N3CCOCC3)=CC2=O)C(C=4NC=5C(C4)=CC=CC5)=C1,CNC(=O)CCc1cc2ccccc2[nH]1
PIK3CA,Cosine Search,0.16,N1C(CC2=C(SC(=N2)N3CCOC4=C3C=C(C=C4)C)C1=O)(C)C,CC=C1/[C@H]2Cc3[nH]c(=O)ccc3[C@]1(N)CC(C)=C2
PIK3CA,Cosine Search,0.16,N1C(CC2=C(SC(=N2)N3CCOC4=C3C=C(C=C4)C)C1=O)(C)C,CC=C1/[C@H]2Cc3[nH]c(=O)ccc3[C@]1(N)CC(C)=C2
PIK3CA,Cosine Search,0.23,S1C2=C(OC(N3CCOCC3)=CC2=O)C(C=4NC=5C(C4)=CC=CC5)=C1,CNC(=O)CCc1cc2ccccc2[nH]1
PIK3CA,Cosine Search,0.23,S1C2=C(OC(N3CCOCC3)=CC2=O)C(C=4NC=5C(C4)=CC=CC5)=C1,CNC(=O)CCc1cc2ccccc2[nH]1
PIK3CA,Cosine Search,0.23,S1C2=C(OC(N3CCOCC3)=CC2=O)C(C=4NC=5C(C4)=CC=CC5)=C1,CNC(=O)CCc1cc2ccccc2[nH]1
PIK3CA,Cosine Search,0.16,N1C(CC2=C(SC(=N2)N3CCOC4=C3C=C(C=C4)C)C1=O)(C)C,CC=C1/[C@H]2Cc3[nH]c(=O)ccc3[C@]1(N)CC(C)=C2
PIK3CA,Cosine Search,0.16,N1C(CC2=C(SC(=N2)N3CCOC4=C3C=C(C=C4)C)C1=O)(C)C,CC=C1/[C@H]2Cc3[nH]c(=O)ccc3[C@]1(N)CC(C)=C2
PIK3CA,Cosine Search,0.23,S1C2=C(OC(N3CCOCC3)=CC2=O)C(C=4NC=5C(C4)=CC=CC5)=C1,CNC(=O)CCc1cc2ccccc2[nH]1
PIK3CA,Cosine Search,0.16,N1C(CC2=C(SC(=N2)N3CCOC4=C3C=C(C=C4)C)C1=O)(C)C,CC=C1/[C@H]2Cc3[nH]c(=O)ccc3[C@]1(N)CC(C)=C2
PIK3CA,Cosine Search,0.23,S1C2=C(OC(N3CCOCC3)=CC2=O)C(C=4NC=5C(C4)=CC=CC5)=C1,CNC(=O)CCc1cc2ccccc2[nH]1
PIK3CA,Cosine Search,0.23,S1C2=C(OC(N3CCOCC3)=CC2=O)C(C=4NC=5C(C4)=CC=CC5)=C1,CNC(=O)CCc1cc2ccccc2[nH]1
PIK3CA,Cosine Search,0.16,N1C(CC2=C(SC(=N2)N3CCOC4=C3C=C(C=C4)C)C1=O)(C)C,CC=C1/[C@H]2Cc3[nH]c(=O)ccc3[C@]1(N)CC(C)=C2
PIK3CA,Cosine Search,0.23,S1C2=C(OC(N3CCOCC3)=CC2=O)C(C=4NC=5C(C4)=CC=CC5)=C1,CNC(=O)CCc1cc2ccccc2[nH]1
PIK3CA,Cosine Search,0.16,N1C(CC2=C(SC(=N2)N3CCOC4=C3C=C(C=C4)C)C1=O)(C)C,CC=C1/[C@H]2Cc3[nH]c(=O)ccc3[C@]1(N)CC(C)=C2
PIK3CA,Cosine Search,0.16,N1C(CC2=C(SC(=N2)N3CCOC4=C3C=C(C=C4)C)C1=O)(C)C,CC=C1/[C@H]2Cc3[nH]c(=O)ccc3[C@]1(N)CC(C)=C2
PIK3CA,Cosine Search,0.16,N1C(CC2=C(SC(=N2)N3CCOC4=C3C=C(C=C4)C)C1=O)(C)C,CC=C1/[C@H]2Cc3[nH]c(=O)ccc3[C@]1(N)CC(C)=C2
PIK3CA,Cosine Search,0.16,N1C(CC2=C(SC(=N2)N3CCOC4=C3C=C(C=C4)C)C1=O)(C)C,CC=C1/[C@H]2Cc3[nH]c(=O)ccc3[C@]1(N)CC(C)=C2
PIK3CA,Cosine Search,0.16,N1C(CC2=C(SC(=N2)N3CCOC4=C3C=C(C=C4)C)C1=O)(C)C,CC=C1/[C@H]2Cc3[nH]c(=O)ccc3[C@]1(N)CC(C)=C2
PIK3CA,Cosine Search,0.16,N1C(CC2=C(SC(=N2)N3CCOC4=C3C=C(C=C4)C)C1=O)(C)C,CC=C1/[C@H]2Cc3[nH]c(=O)ccc3[C@]1(N)CC(C)=C2
PIK3CA,Cosine Search,0.16,N1C(CC2=C(SC(=N2)N3CCOC4=C3C=C(C=C4)C)C1=O)(C)C,CC=C1/[C@H]2Cc3[nH]c(=O)ccc3[C@]1(N)CC(C)=C2
PIK3CA,Cosine Search,0.16,N1C(CC2=C(SC(=N2)N3CCOC4=C3C=C(C=C4)C)C1=O)(C)C,CC=C1/[C@H]2Cc3[nH]c(=O)ccc3[C@]1(N)CC(C)=C2
PIK3CA,Cosine Search,0.16,N1C(CC2=C(SC(=N2)N3CCOC4=C3C=C(C=C4)C)C1=O)(C)C,CC=C1/[C@H]2Cc3[nH]c(=O)ccc3[C@]1(N)CC(C)=C2
PIK3CA,Cosine Search,0.22,S(=O)(=O)(C1=NC=2C(N=C1N3CCOCC3)=CC=CC2)C4=CC=C(C=C4)C,Cc1ccc(cc1)C(=O)/N=c2/cccc[nH]2
PIK3CA,Cosine Search,0.16,N1C(CC2=C(SC(=N2)N3CCOC4=C3C=C(C=C4)C)C1=O)(C)C,CC=C1/[C@H]2Cc3[nH]c(=O)ccc3[C@]1(N)CC(C)=C2
PIK3CA,Cosine Search,0.16,N1C(CC2=C(SC(=N2)N3CCOC4=C3C=C(C=C4)C)C1=O)(C)C,CC=C1/[C@H]2Cc3[nH]c(=O)ccc3[C@]1(N)CC(C)=C2
PIK3CA,Cosine Search,0.16,N1C(CC2=C(SC(=N2)N3CCOC4=C3C=C(C=C4)C)C1=O)(C)C,CC=C1/[C@H]2Cc3[nH]c(=O)ccc3[C@]1(N)CC(C)=C2
PIK3CA,Cosine Search,0.23,S1C2=C(OC(N3CCOCC3)=CC2=O)C(C=4NC=5C(C4)=CC=CC5)=C1,CNC(=O)CCc1cc2ccccc2[nH]1
PIK3CA,Cosine Search,0.16,N1C(CC2=C(SC(=N2)N3CCOC4=C3C=C(C=C4)C)C1=O)(C)C,CC=C1/[C@H]2Cc3[nH]c(=O)ccc3[C@]1(N)CC(C)=C2
PIK3CA,Cosine Search,0.16,N1C(CC2=C(SC(=N2)N3CCOC4=C3C=C(C=C4)C)C1=O)(C)C,CC=C1/[C@H]2Cc3[nH]c(=O)ccc3[C@]1(N)CC(C)=C2
PIK3CA,Cosine Search,0.23,S1C2=C(OC(N3CCOCC3)=CC2=O)C(C=4NC=5C(C4)=CC=CC5)=C1,CNC(=O)CCc1cc2ccccc2[nH]1
PIK3CA,Cosine Search,0.23,S1C2=C(OC(N3CCOCC3)=CC2=O)C(C=4NC=5C(C4)=CC=CC5)=C1,CNC(=O)CCc1cc2ccccc2[nH]1
PIK3CA,Cosine Search,0.16,N1C(CC2=C(SC(=N2)N3CCOC4=C3C=C(C=C4)C)C1=O)(C)C,CC=C1/[C@H]2Cc3[nH]c(=O)ccc3[C@]1(N)CC(C)=C2
PIK3CA,Cosine Search,0.16,N1C(CC2=C(SC(=N2)N3CCOC4=C3C=C(C=C4)C)C1=O)(C)C,CC=C1/[C@H]2Cc3[nH]c(=O)ccc3[C@]1(N)CC(C)=C2
PIK3CA,Cosine Search,0.16,N1C(CC2=C(SC(=N2)N3CCOC4=C3C=C(C=C4)C)C1=O)(C)C,CC=C1/[C@H]2Cc3[nH]c(=O)ccc3[C@]1(N)CC(C)=C2
PIK3CA,Cosine Search,0.23,S1C2=C(OC(N3CCOCC3)=CC2=O)C(C=4NC=5C(C4)=CC=CC5)=C1,CNC(=O)CCc1cc2ccccc2[nH]1
PIK3CA,Cosine Search,0.16,N1C(CC2=C(SC(=N2)N3CCOC4=C3C=C(C=C4)C)C1=O)(C)C,CC=C1/[C@H]2Cc3[nH]c(=O)ccc3[C@]1(N)CC(C)=C2
PIK3CA,Cosine Search,0.23,S1C2=C(OC(N3CCOCC3)=CC2=O)C(C=4NC=5C(C4)=CC=CC5)=C1,CNC(=O)CCc1cc2ccccc2[nH]1
PIK3CA,Cosine Search,0.22,S(=O)(=O)(C1=NC=2C(N=C1N3CCOCC3)=CC=CC2)C4=CC=C(C=C4)C,Cc1ccc(cc1)C(=O)/N=c2/cccc[nH]2
PIK3CA,Cosine Search,0.23,S1C2=C(OC(N3CCOCC3)=CC2=O)C(C=4NC=5C(C4)=CC=CC5)=C1,CNC(=O)CCc1cc2ccccc2[nH]1
PIK3CA,Cosine Search,0.16,N1C(CC2=C(SC(=N2)N3CCOC4=C3C=C(C=C4)C)C1=O)(C)C,CC=C1/[C@H]2Cc3[nH]c(=O)ccc3[C@]1(N)CC(C)=C2
PIK3CA,Cosine Search,0.16,N1C(CC2=C(SC(=N2)N3CCOC4=C3C=C(C=C4)C)C1=O)(C)C,CC=C1/[C@H]2Cc3[nH]c(=O)ccc3[C@]1(N)CC(C)=C2
PIK3CA,Cosine Search,0.16,N1C(CC2=C(SC(=N2)N3CCOC4=C3C=C(C=C4)C)C1=O)(C)C,CC=C1/[C@H]2Cc3[nH]c(=O)ccc3[C@]1(N)CC(C)=C2
PIK3CA,Cosine Search,0.16,N1C(CC2=C(SC(=N2)N3CCOC4=C3C=C(C=C4)C)C1=O)(C)C,CC=C1/[C@H]2Cc3[nH]c(=O)ccc3[C@]1(N)CC(C)=C2
PIK3CA,Cosine Search,0.22,S(=O)(=O)(C1=NC=2C(N=C1N3CCOCC3)=CC=CC2)C4=CC=C(C=C4)C,Cc1ccc(cc1)C(=O)/N=c2/cccc[nH]2
PIK3CA,Cosine Search,0.23,S1C2=C(OC(N3CCOCC3)=CC2=O)C(C=4NC=5C(C4)=CC=CC5)=C1,CNC(=O)CCc1cc2ccccc2[nH]1
PIK3CA,Cosine Search,0.16,N1C(CC2=C(SC(=N2)N3CCOC4=C3C=C(C=C4)C)C1=O)(C)C,CC=C1/[C@H]2Cc3[nH]c(=O)ccc3[C@]1(N)CC(C)=C2
PIK3CA,Cosine Search,0.16,N1C(CC2=C(SC(=N2)N3CCOC4=C3C=C(C=C4)C)C1=O)(C)C,CC=C1/[C@H]2Cc3[nH]c(=O)ccc3[C@]1(N)CC(C)=C2
PIK3CA,Cosine Search,0.23,S1C2=C(OC(N3CCOCC3)=CC2=O)C(C=4NC=5C(C4)=CC=CC5)=C1,CNC(=O)CCc1cc2ccccc2[nH]1
PIK3CA,Cosine Search,0.16,N1C(CC2=C(SC(=N2)N3CCOC4=C3C=C(C=C4)C)C1=O)(C)C,CC=C1/[C@H]2Cc3[nH]c(=O)ccc3[C@]1(N)CC(C)=C2
PIK3CA,Cosine Search,0.16,N1C(CC2=C(SC(=N2)N3CCOC4=C3C=C(C=C4)C)C1=O)(C)C,CC=C1/[C@H]2Cc3[nH]c(=O)ccc3[C@]1(N)CC(C)=C2
PIK3CA,Cosine Search,0.16,N1C(CC2=C(SC(=N2)N3CCOC4=C3C=C(C=C4)C)C1=O)(C)C,CC=C1/[C@H]2Cc3[nH]c(=O)ccc3[C@]1(N)CC(C)=C2
PIK3CA,Cosine Search,0.16,N1C(CC2=C(SC(=N2)N3CCOC4=C3C=C(C=C4)C)C1=O)(C)C,CC=C1/[C@H]2Cc3[nH]c(=O)ccc3[C@]1(N)CC(C)=C2
PIK3CA,Cosine Search,0.16,N1C(CC2=C(SC(=N2)N3CCOC4=C3C=C(C=C4)C)C1=O)(C)C,CC=C1/[C@H]2Cc3[nH]c(=O)ccc3[C@]1(N)CC(C)=C2
PIK3CA,Cosine Search,0.16,N1C(CC2=C(SC(=N2)N3CCOC4=C3C=C(C=C4)C)C1=O)(C)C,CC=C1/[C@H]2Cc3[nH]c(=O)ccc3[C@]1(N)CC(C)=C2
PIK3CA,Cosine Search,0.16,N1C(CC2=C(SC(=N2)N3CCOC4=C3C=C(C=C4)C)C1=O)(C)C,CC=C1/[C@H]2Cc3[nH]c(=O)ccc3[C@]1(N)CC(C)=C2
PIK3CA,Cosine Search,0.16,N1C(CC2=C(SC(=N2)N3CCOC4=C3C=C(C=C4)C)C1=O)(C)C,CC=C1/[C@H]2Cc3[nH]c(=O)ccc3[C@]1(N)CC(C)=C2
PIK3CA,Cosine Search,0.16,N1C(CC2=C(SC(=N2)N3CCOC4=C3C=C(C=C4)C)C1=O)(C)C,CC=C1/[C@H]2Cc3[nH]c(=O)ccc3[C@]1(N)CC(C)=C2
PIK3CA,Cosine Search,0.16,N1C(CC2=C(SC(=N2)N3CCOC4=C3C=C(C=C4)C)C1=O)(C)C,CC=C1/[C@H]2Cc3[nH]c(=O)ccc3[C@]1(N)CC(C)=C2
PIK3CA,Euclidean Search,0.23,S1C2=C(OC(N3CCOCC3)=CC2=O)C(C=4NC=5C(C4)=CC=CC5)=C1,CNC(=O)CCc1cc2ccccc2[nH]1
PIK3CA,Euclidean Search,0.23,S1C2=C(OC(N3CCOCC3)=CC2=O)C(C=4NC=5C(C4)=CC=CC5)=C1,CNC(=O)CCc1cc2ccccc2[nH]1
PIK3CA,Euclidean Search,0.23,S1C2=C(OC(N3CCOCC3)=CC2=O)C(C=4NC=5C(C4)=CC=CC5)=C1,CNC(=O)CCc1cc2ccccc2[nH]1
PIK3CA,Euclidean Search,0.23,S1C2=C(OC(N3CCOCC3)=CC2=O)C(C=4NC=5C(C4)=CC=CC5)=C1,CNC(=O)CCc1cc2ccccc2[nH]1
PIK3CA,Euclidean Search,0.23,S1C2=C(OC(N3CCOCC3)=CC2=O)C(C=4NC=5C(C4)=CC=CC5)=C1,CNC(=O)CCc1cc2ccccc2[nH]1
PIK3CA,Euclidean Search,0.23,S1C2=C(OC(N3CCOCC3)=CC2=O)C(C=4NC=5C(C4)=CC=CC5)=C1,CNC(=O)CCc1cc2ccccc2[nH]1
PIK3CA,Euclidean Search,0.15,S1C2=C(OC(N3CCOCC3)=CC2=O)C(=C1)C=4OC=CC4,Nn1c(=O)c(Cc2ccco2)n[nH]c1=S
PIK3CA,Euclidean Search,0.15,S1C2=C(OC(N3CCOCC3)=CC2=O)C(=C1)C=4OC=CC4,Nn1c(=O)c(Cc2ccco2)n[nH]c1=S
PIK3CA,Euclidean Search,0.23,S1C2=C(OC(N3CCOCC3)=CC2=O)C(C=4NC=5C(C4)=CC=CC5)=C1,CNC(=O)CCc1cc2ccccc2[nH]1
PIK3CA,Euclidean Search,0.23,S1C2=C(OC(N3CCOCC3)=CC2=O)C(C=4NC=5C(C4)=CC=CC5)=C1,CNC(=O)CCc1cc2ccccc2[nH]1
PIK3CA,Euclidean Search,0.23,S1C2=C(OC(N3CCOCC3)=CC2=O)C(C=4NC=5C(C4)=CC=CC5)=C1,CNC(=O)CCc1cc2ccccc2[nH]1
PIK3CA,Euclidean Search,0.22,S(=O)(=O)(C1=NC=2C(N=C1N3CCOCC3)=CC=CC2)C4=CC=C(C=C4)C,Cc1ccc(cc1)C(=O)/N=c2/cccc[nH]2
PIK3CA,Euclidean Search,0.23,S1C2=C(OC(N3CCOCC3)=CC2=O)C(C=4NC=5C(C4)=CC=CC5)=C1,CNC(=O)CCc1cc2ccccc2[nH]1
PIK3CA,Euclidean Search,0.23,S1C2=C(OC(N3CCOCC3)=CC2=O)C(C=4NC=5C(C4)=CC=CC5)=C1,CNC(=O)CCc1cc2ccccc2[nH]1
PIK3CA,Euclidean Search,0.23,S1C2=C(OC(N3CCOCC3)=CC2=O)C(C=4NC=5C(C4)=CC=CC5)=C1,CNC(=O)CCc1cc2ccccc2[nH]1
PIK3CA,Euclidean Search,0.22,S(=O)(=O)(C1=NC=2C(N=C1N3CCOCC3)=CC=CC2)C4=CC=C(C=C4)C,Cc1ccc(cc1)C(=O)/N=c2/cccc[nH]2
PIK3CA,Euclidean Search,0.15,S1C2=C(OC(N3CCOCC3)=CC2=O)C(=C1)C=4OC=CC4,Nn1c(=O)c(Cc2ccco2)n[nH]c1=S
PIK3CA,Euclidean Search,0.23,S1C2=C(OC(N3CCOCC3)=CC2=O)C(C=4NC=5C(C4)=CC=CC5)=C1,CNC(=O)CCc1cc2ccccc2[nH]1
PIK3CA,Euclidean Search,0.23,S1C2=C(OC(N3CCOCC3)=CC2=O)C(C=4NC=5C(C4)=CC=CC5)=C1,CNC(=O)CCc1cc2ccccc2[nH]1
PIK3CA,Euclidean Search,0.23,S1C2=C(OC(N3CCOCC3)=CC2=O)C(C=4NC=5C(C4)=CC=CC5)=C1,CNC(=O)CCc1cc2ccccc2[nH]1
PIK3CA,Euclidean Search,0.23,S1C2=C(OC(N3CCOCC3)=CC2=O)C(C=4NC=5C(C4)=CC=CC5)=C1,CNC(=O)CCc1cc2ccccc2[nH]1
PIK3CA,Euclidean Search,0.15,S1C2=C(OC(N3CCOCC3)=CC2=O)C(=C1)C=4OC=CC4,Nn1c(=O)c(Cc2ccco2)n[nH]c1=S
PIK3CA,Euclidean Search,0.23,S1C2=C(OC(N3CCOCC3)=CC2=O)C(C=4NC=5C(C4)=CC=CC5)=C1,CNC(=O)CCc1cc2ccccc2[nH]1
PIK3CA,Euclidean Search,0.23,S1C2=C(OC(N3CCOCC3)=CC2=O)C(C=4NC=5C(C4)=CC=CC5)=C1,CNC(=O)CCc1cc2ccccc2[nH]1
PIK3CA,Euclidean Search,0.15,S1C2=C(OC(N3CCOCC3)=CC2=O)C(=C1)C=4OC=CC4,Nn1c(=O)c(Cc2ccco2)n[nH]c1=S
PIK3CA,Euclidean Search,0.23,S1C2=C(OC(N3CCOCC3)=CC2=O)C(C=4NC=5C(C4)=CC=CC5)=C1,CNC(=O)CCc1cc2ccccc2[nH]1
PIK3CA,Euclidean Search,0.23,S1C2=C(OC(N3CCOCC3)=CC2=O)C(C=4NC=5C(C4)=CC=CC5)=C1,CNC(=O)CCc1cc2ccccc2[nH]1
PIK3CA,Euclidean Search,0.23,S1C2=C(OC(N3CCOCC3)=CC2=O)C(C=4NC=5C(C4)=CC=CC5)=C1,CNC(=O)CCc1cc2ccccc2[nH]1
PIK3CA,Euclidean Search,0.22,S(=O)(=O)(C1=NC=2C(N=C1N3CCOCC3)=CC=CC2)C4=CC=C(C=C4)C,Cc1ccc(cc1)C(=O)/N=c2/cccc[nH]2
PIK3CA,Euclidean Search,0.23,S1C2=C(OC(N3CCOCC3)=CC2=O)C(C=4NC=5C(C4)=CC=CC5)=C1,CNC(=O)CCc1cc2ccccc2[nH]1
PIK3CA,Euclidean Search,0.23,S1C2=C(OC(N3CCOCC3)=CC2=O)C(C=4NC=5C(C4)=CC=CC5)=C1,CNC(=O)CCc1cc2ccccc2[nH]1
PIK3CA,Euclidean Search,0.23,S1C2=C(OC(N3CCOCC3)=CC2=O)C(C=4NC=5C(C4)=CC=CC5)=C1,CNC(=O)CCc1cc2ccccc2[nH]1
PIK3CA,Euclidean Search,0.23,S1C2=C(OC(N3CCOCC3)=CC2=O)C(C=4NC=5C(C4)=CC=CC5)=C1,CNC(=O)CCc1cc2ccccc2[nH]1
PIK3CA,Euclidean Search,0.23,S1C2=C(OC(N3CCOCC3)=CC2=O)C(C=4NC=5C(C4)=CC=CC5)=C1,CNC(=O)CCc1cc2ccccc2[nH]1
PIK3CA,Euclidean Search,0.23,S1C2=C(OC(N3CCOCC3)=CC2=O)C(C=4NC=5C(C4)=CC=CC5)=C1,CNC(=O)CCc1cc2ccccc2[nH]1
PIK3CA,Euclidean Search,0.15,S1C2=C(OC(N3CCOCC3)=CC2=O)C(=C1)C=4OC=CC4,Nn1c(=O)c(Cc2ccco2)n[nH]c1=S
PIK3CA,Euclidean Search,0.23,S1C2=C(OC(N3CCOCC3)=CC2=O)C(C=4NC=5C(C4)=CC=CC5)=C1,CNC(=O)CCc1cc2ccccc2[nH]1
PIK3CA,Euclidean Search,0.22,S(=O)(=O)(C1=NC=2C(N=C1N3CCOCC3)=CC=CC2)C4=CC=C(C=C4)C,Cc1ccc(cc1)C(=O)/N=c2/cccc[nH]2
PIK3CA,Euclidean Search,0.15,S1C2=C(OC(N3CCOCC3)=CC2=O)C(=C1)C=4OC=CC4,Nn1c(=O)c(Cc2ccco2)n[nH]c1=S
PIK3CA,Euclidean Search,0.23,S1C2=C(OC(N3CCOCC3)=CC2=O)C(C=4NC=5C(C4)=CC=CC5)=C1,CNC(=O)CCc1cc2ccccc2[nH]1
PIK3CA,Euclidean Search,0.23,S1C2=C(OC(N3CCOCC3)=CC2=O)C(C=4NC=5C(C4)=CC=CC5)=C1,CNC(=O)CCc1cc2ccccc2[nH]1
PIK3CA,Euclidean Search,0.23,S1C2=C(OC(N3CCOCC3)=CC2=O)C(C=4NC=5C(C4)=CC=CC5)=C1,CNC(=O)CCc1cc2ccccc2[nH]1
PIK3CA,Euclidean Search,0.22,S(=O)(=O)(C1=NC=2C(N=C1N3CCOCC3)=CC=CC2)C4=CC=C(C=C4)C,Cc1ccc(cc1)C(=O)/N=c2/cccc[nH]2
PIK3CA,Euclidean Search,0.22,S(=O)(=O)(C1=NC=2C(N=C1N3CCOCC3)=CC=CC2)C4=CC=C(C=C4)C,Cc1ccc(cc1)C(=O)/N=c2/cccc[nH]2
PIK3CA,Euclidean Search,0.23,S1C2=C(OC(N3CCOCC3)=CC2=O)C(C=4NC=5C(C4)=CC=CC5)=C1,CNC(=O)CCc1cc2ccccc2[nH]1
PIK3CA,Euclidean Search,0.23,S1C2=C(OC(N3CCOCC3)=CC2=O)C(C=4NC=5C(C4)=CC=CC5)=C1,CNC(=O)CCc1cc2ccccc2[nH]1
PIK3CA,Euclidean Search,0.23,S1C2=C(OC(N3CCOCC3)=CC2=O)C(C=4NC=5C(C4)=CC=CC5)=C1,CNC(=O)CCc1cc2ccccc2[nH]1
PIK3CA,Euclidean Search,0.23,S1C2=C(OC(N3CCOCC3)=CC2=O)C(C=4NC=5C(C4)=CC=CC5)=C1,CNC(=O)CCc1cc2ccccc2[nH]1
PIK3CA,Euclidean Search,0.15,S1C2=C(OC(N3CCOCC3)=CC2=O)C(=C1)C=4OC=CC4,Nn1c(=O)c(Cc2ccco2)n[nH]c1=S
PIK3CA,Euclidean Search,0.23,S1C2=C(OC(N3CCOCC3)=CC2=O)C(C=4NC=5C(C4)=CC=CC5)=C1,CNC(=O)CCc1cc2ccccc2[nH]1
PIK3CA,Euclidean Search,0.15,S1C2=C(OC(N3CCOCC3)=CC2=O)C(=C1)C=4OC=CC4,Nn1c(=O)c(Cc2ccco2)n[nH]c1=S
PIK3CA,Euclidean Search,0.23,S1C2=C(OC(N3CCOCC3)=CC2=O)C(C=4NC=5C(C4)=CC=CC5)=C1,CNC(=O)CCc1cc2ccccc2[nH]1
PIK3CA,Euclidean Search,0.23,S1C2=C(OC(N3CCOCC3)=CC2=O)C(C=4NC=5C(C4)=CC=CC5)=C1,CNC(=O)CCc1cc2ccccc2[nH]1
PIK3CA,Euclidean Search,0.23,S1C2=C(OC(N3CCOCC3)=CC2=O)C(C=4NC=5C(C4)=CC=CC5)=C1,CNC(=O)CCc1cc2ccccc2[nH]1
PIK3CA,Euclidean Search,0.23,S1C2=C(OC(N3CCOCC3)=CC2=O)C(C=4NC=5C(C4)=CC=CC5)=C1,CNC(=O)CCc1cc2ccccc2[nH]1
PIK3CA,Euclidean Search,0.22,S(=O)(=O)(C1=NC=2C(N=C1N3CCOCC3)=CC=CC2)C4=CC=C(C=C4)C,Cc1ccc(cc1)C(=O)/N=c2/cccc[nH]2
PIK3CA,Euclidean Search,0.23,S1C2=C(OC(N3CCOCC3)=CC2=O)C(C=4NC=5C(C4)=CC=CC5)=C1,CNC(=O)CCc1cc2ccccc2[nH]1
PIK3CA,Euclidean Search,0.22,S(=O)(=O)(C1=NC=2C(N=C1N3CCOCC3)=CC=CC2)C4=CC=C(C=C4)C,Cc1ccc(cc1)C(=O)/N=c2/cccc[nH]2
PIK3CA,Euclidean Search,0.22,S(=O)(=O)(C1=NC=2C(N=C1N3CCOCC3)=CC=CC2)C4=CC=C(C=C4)C,Cc1ccc(cc1)C(=O)/N=c2/cccc[nH]2
PIK3CA,Euclidean Search,0.22,S(=O)(=O)(C1=NC=2C(N=C1N3CCOCC3)=CC=CC2)C4=CC=C(C=C4)C,Cc1ccc(cc1)C(=O)/N=c2/cccc[nH]2
PIK3CA,Euclidean Search,0.22,S(=O)(=O)(C1=NC=2C(N=C1N3CCOCC3)=CC=CC2)C4=CC=C(C=C4)C,Cc1ccc(cc1)C(=O)/N=c2/cccc[nH]2
PIK3CA,Euclidean Search,0.23,S1C2=C(OC(N3CCOCC3)=CC2=O)C(C=4NC=5C(C4)=CC=CC5)=C1,CNC(=O)CCc1cc2ccccc2[nH]1
PIK3CA,Euclidean Search,0.23,S1C2=C(OC(N3CCOCC3)=CC2=O)C(C=4NC=5C(C4)=CC=CC5)=C1,CNC(=O)CCc1cc2ccccc2[nH]1
PIK3CA,Euclidean Search,0.22,S(=O)(=O)(C1=NC=2C(N=C1N3CCOCC3)=CC=CC2)C4=CC=C(C=C4)C,Cc1ccc(cc1)C(=O)/N=c2/cccc[nH]2
PIK3CA,Euclidean Search,0.23,S1C2=C(OC(N3CCOCC3)=CC2=O)C(C=4NC=5C(C4)=CC=CC5)=C1,CNC(=O)CCc1cc2ccccc2[nH]1
PIK3CA,Euclidean Search,0.22,S(=O)(=O)(C1=NC=2C(N=C1N3CCOCC3)=CC=CC2)C4=CC=C(C=C4)C,Cc1ccc(cc1)C(=O)/N=c2/cccc[nH]2
PIK3CA,Euclidean Search,0.23,S1C2=C(OC(N3CCOCC3)=CC2=O)C(C=4NC=5C(C4)=CC=CC5)=C1,CNC(=O)CCc1cc2ccccc2[nH]1
PIK3CA,Euclidean Search,0.22,S(=O)(=O)(C1=NC=2C(N=C1N3CCOCC3)=CC=CC2)C4=CC=C(C=C4)C,Cc1ccc(cc1)C(=O)/N=c2/cccc[nH]2
PIK3CA,Euclidean Search,0.23,S1C2=C(OC(N3CCOCC3)=CC2=O)C(C=4NC=5C(C4)=CC=CC5)=C1,CNC(=O)CCc1cc2ccccc2[nH]1
PIK3CA,Euclidean Search,0.15,S1C2=C(OC(N3CCOCC3)=CC2=O)C(=C1)C=4OC=CC4,Nn1c(=O)c(Cc2ccco2)n[nH]c1=S
PIK3CA,Euclidean Search,0.22,S(=O)(=O)(C1=NC=2C(N=C1N3CCOCC3)=CC=CC2)C4=CC=C(C=C4)C,Cc1ccc(cc1)C(=O)/N=c2/cccc[nH]2
PIK3CA,Euclidean Search,0.23,S1C2=C(OC(N3CCOCC3)=CC2=O)C(C=4NC=5C(C4)=CC=CC5)=C1,CNC(=O)CCc1cc2ccccc2[nH]1
PIK3CA,Euclidean Search,0.23,S1C2=C(OC(N3CCOCC3)=CC2=O)C(C=4NC=5C(C4)=CC=CC5)=C1,CNC(=O)CCc1cc2ccccc2[nH]1
PIK3CA,Euclidean Search,0.23,S1C2=C(OC(N3CCOCC3)=CC2=O)C(C=4NC=5C(C4)=CC=CC5)=C1,CNC(=O)CCc1cc2ccccc2[nH]1
PIK3CA,Euclidean Search,0.15,S1C2=C(OC(N3CCOCC3)=CC2=O)C(=C1)C=4OC=CC4,Nn1c(=O)c(Cc2ccco2)n[nH]c1=S
PIK3CA,Euclidean Search,0.15,S1C2=C(OC(N3CCOCC3)=CC2=O)C(=C1)C=4OC=CC4,Nn1c(=O)c(Cc2ccco2)n[nH]c1=S
PIK3CA,Euclidean Search,0.23,S1C2=C(OC(N3CCOCC3)=CC2=O)C(C=4NC=5C(C4)=CC=CC5)=C1,CNC(=O)CCc1cc2ccccc2[nH]1
PIK3CA,Euclidean Search,0.23,S1C2=C(OC(N3CCOCC3)=CC2=O)C(C=4NC=5C(C4)=CC=CC5)=C1,CNC(=O)CCc1cc2ccccc2[nH]1
PIK3CA,Euclidean Search,0.23,S1C2=C(OC(N3CCOCC3)=CC2=O)C(C=4NC=5C(C4)=CC=CC5)=C1,CNC(=O)CCc1cc2ccccc2[nH]1
PIK3CA,Euclidean Search,0.23,S1C2=C(OC(N3CCOCC3)=CC2=O)C(C=4NC=5C(C4)=CC=CC5)=C1,CNC(=O)CCc1cc2ccccc2[nH]1
PIK3CA,Euclidean Search,0.23,S1C2=C(OC(N3CCOCC3)=CC2=O)C(C=4NC=5C(C4)=CC=CC5)=C1,CNC(=O)CCc1cc2ccccc2[nH]1
PIK3CA,Euclidean Search,0.22,S(=O)(=O)(C1=NC=2C(N=C1N3CCOCC3)=CC=CC2)C4=CC=C(C=C4)C,Cc1ccc(cc1)C(=O)/N=c2/cccc[nH]2
PIK3CA,Euclidean Search,0.23,S1C2=C(OC(N3CCOCC3)=CC2=O)C(C=4NC=5C(C4)=CC=CC5)=C1,CNC(=O)CCc1cc2ccccc2[nH]1
PIK3CA,Euclidean Search,0.22,S(=O)(=O)(C1=NC=2C(N=C1N3CCOCC3)=CC=CC2)C4=CC=C(C=C4)C,Cc1ccc(cc1)C(=O)/N=c2/cccc[nH]2
PIK3CA,Euclidean Search,0.22,S(=O)(=O)(C1=NC=2C(N=C1N3CCOCC3)=CC=CC2)C4=CC=C(C=C4)C,Cc1ccc(cc1)C(=O)/N=c2/cccc[nH]2
PIK3CA,Euclidean Search,0.23,S1C2=C(OC(N3CCOCC3)=CC2=O)C(C=4NC=5C(C4)=CC=CC5)=C1,CNC(=O)CCc1cc2ccccc2[nH]1
PIK3CA,Euclidean Search,0.23,S1C2=C(OC(N3CCOCC3)=CC2=O)C(C=4NC=5C(C4)=CC=CC5)=C1,CNC(=O)CCc1cc2ccccc2[nH]1
PIK3CA,Euclidean Search,0.23,S1C2=C(OC(N3CCOCC3)=CC2=O)C(C=4NC=5C(C4)=CC=CC5)=C1,CNC(=O)CCc1cc2ccccc2[nH]1
PIK3CA,Euclidean Search,0.23,S1C2=C(OC(N3CCOCC3)=CC2=O)C(C=4NC=5C(C4)=CC=CC5)=C1,CNC(=O)CCc1cc2ccccc2[nH]1
PIK3CA,Euclidean Search,0.23,S1C2=C(OC(N3CCOCC3)=CC2=O)C(C=4NC=5C(C4)=CC=CC5)=C1,CNC(=O)CCc1cc2ccccc2[nH]1
PIK3CA,Euclidean Search,0.23,S1C2=C(OC(N3CCOCC3)=CC2=O)C(C=4NC=5C(C4)=CC=CC5)=C1,CNC(=O)CCc1cc2ccccc2[nH]1
PIK3CA,Euclidean Search,0.15,S1C2=C(OC(N3CCOCC3)=CC2=O)C(=C1)C=4OC=CC4,Nn1c(=O)c(Cc2ccco2)n[nH]c1=S
PIK3CA,Euclidean Search,0.22,S(=O)(=O)(C1=NC=2C(N=C1N3CCOCC3)=CC=CC2)C4=CC=C(C=C4)C,Cc1ccc(cc1)C(=O)/N=c2/cccc[nH]2
PIK3CA,Euclidean Search,0.23,S1C2=C(OC(N3CCOCC3)=CC2=O)C(C=4NC=5C(C4)=CC=CC5)=C1,CNC(=O)CCc1cc2ccccc2[nH]1
PIK3CA,Euclidean Search,0.23,S1C2=C(OC(N3CCOCC3)=CC2=O)C(C=4NC=5C(C4)=CC=CC5)=C1,CNC(=O)CCc1cc2ccccc2[nH]1
PIK3CA,Euclidean Search,0.22,S(=O)(=O)(C1=NC=2C(N=C1N3CCOCC3)=CC=CC2)C4=CC=C(C=C4)C,Cc1ccc(cc1)C(=O)/N=c2/cccc[nH]2
PIK3CA,Euclidean Search,0.23,S1C2=C(OC(N3CCOCC3)=CC2=O)C(C=4NC=5C(C4)=CC=CC5)=C1,CNC(=O)CCc1cc2ccccc2[nH]1
PIK3CA,Euclidean Search,0.23,S1C2=C(OC(N3CCOCC3)=CC2=O)C(C=4NC=5C(C4)=CC=CC5)=C1,CNC(=O)CCc1cc2ccccc2[nH]1
PIK3CA,Euclidean Search,0.15,S1C2=C(OC(N3CCOCC3)=CC2=O)C(=C1)C=4OC=CC4,Nn1c(=O)c(Cc2ccco2)n[nH]c1=S
PIK3CA,Euclidean Search,0.22,S(=O)(=O)(C1=NC=2C(N=C1N3CCOCC3)=CC=CC2)C4=CC=C(C=C4)C,Cc1ccc(cc1)C(=O)/N=c2/cccc[nH]2
PIK3CA,Pre-trained hierVAE Generate,0.15,O1CCN(CC1)C=2N=C(N=C(OC(C)C)N2)C3=CC=C(NC(=O)NC4=CC=C(C(=O)NCCN(C)C)C=C4)C=C3,CC(C)C(NC(=O)c1ccc(C#N)cc1)C(=O)Nc1ccc(C(=O)NCCC(=O)O)cc1
PIK3CA,Pre-trained hierVAE Generate,0.02,O=S(=O)(C1=C(C=CC(C=2C=NC(=NC2)N)=C1)Cl)NC=3C=CC=C(C3F)F,NS(=O)(=O)c1cccc2c(NCc3cccc(F)c3)ncnc12
PIK3CA,Pre-trained hierVAE Generate,0.13,C1=C(O)C=C2O/C(/C(=O)C2=C1O)=C\C3=C(C4=CC=CC=C4)N(C)C5=C3C=CC=C5,CC1CN(C(C)CO)C(=O)c2c(c3ccccc3n2C)-c2ccccc2COC1CN(C)Cc1cccnc1
PIK3CA,Pre-trained hierVAE Generate,0.05,O=C1N(C2=C(N1C)C=NC3=C2C=C(C=C3)C=4C=CN=CC4)C5=CC=C(OC)C=C5,COc1ccc(C#Cc2cnc3c(c2)C(=O)N(C(C)CO)CC(C)C(CN(C)C(=O)c2ccncc2)O3)cc1
PIK3CA,Pre-trained hierVAE Generate,0.13,C1=C(O)C=C2O/C(/C(=O)C2=C1O)=C\C3=C(C4=CC=CC=C4)N(C)C5=C3C=CC=C5,CC1CN(C(C)CO)C(=O)c2c(c3ccccc3n2C)-c2ccccc2COC1CN(C)C(=O)c1cccc(F)c1
PIK3CA,Pre-trained hierVAE Generate,0.15,C1=C(C(=CC(=C1)C2=CN3C(C=C2)=NC(=N3)NC(C)=O)OC)OC,COc1ccc(CCCCCCCCCCCCCCCCCCCCCCCCCCCCCCCCCC(=O)O)cc1OC
PIK3CA,Pre-trained hierVAE Generate,0.12,N=1C(=CC2=C(C1C)C=C(C(N2C3CCCC3)=O)C4=CC(=C(N=C4)OC)NS(C5=CC=C(C=C5)C(F)(F)F)(=O)=O)N,CC1CN(C(C)CO)C(=O)c2ccccc2-c2ccccc2COC1CN(C)S(=O)(=O)c1ccc(C(F)(F)F)cc1
PIK3CA,Pre-trained hierVAE Generate,0.12,C1=CC(=C2C(=C1)C(C=C(O2)[N+]3(CCOCC3)COC(=O)CCC(NC(C(NCC(NC(C(=O)NC(C(=O)O)CO)CC(O)=O)=O)=O)CCCNC([NH3+])=N)=O)=O)C4=CC=CC=C4,N=C(N)NCCCC(NC(=O)CCc1ccccc1)C(=O)N(CCCCCC(=O)O)CCCCC(NC(=O)c1ccc(NC(=O)c2ccc(NC(=O)CN)cc2)cc1)C(=O)O
PIK3CA,Pre-trained hierVAE Generate,0.13,S1C2=C(OC(N3CCOCC3)=CC2=O)C(C4=CC=C(NC(=O)C=5C=CN=CC5)C=C4)=C1,CC1CCCCOC(CN(C)S(=O)(=O)c2cccc(F)c2)C(C)CN(C(C)CO)C(=O)c2cc(NC(=O)c3ccncc3)ccc2O1
PIK3CA,Pre-trained hierVAE Generate,0.07,N=1C=C(C=C(C1)S(=O)(=O)NC(C)(C)C)C2=CN3N=C(N=C3C=C2)NC(NCCC4=CC=CC=C4)=O,CCCCCCC(=O)Nc1ccc2c(c1)C1CC(CC(=O)NCCc3ccccc3)OC(CO)C1O2
PIK3CA,Pre-trained hierVAE Generate,0.19,O1CCN(CC1)C=2N=C(N=C(OC)N2)C3=CC=C(NC(=O)NC4=CC=C(C(=O)NCCN(C)C)C=C4)C=C3,CC(C)(C)c1ccc(C(=O)Nc2ccc(C(=O)NCCCN3CCOCC3)cc2)cc1
PIK3CA,Pre-trained hierVAE Generate,0.08,COC(=O)C=1C=CC=2NC(=O)C(=CC3=CC(Br)=C(O)C(Br)=C3)C2C1,COc1ccc(C=C2C(=O)Nc3ccc(C#N)cc32)cc1OC
PIK3CA,Pre-trained hierVAE Generate,0.09,O=S(=O)(NC1=CC(=CN=C1Cl)C2=CC=C3C(N=C(C=N3)NCCN4CCOCC4)=C2)C5=CC=C(C=C5)F,CC(C)(C)S(=O)N1Cc2cc(C(=O)NCCN3CCOCC3)nc(-c3cccc(C#Cc4ccc(F)cc4)c3)c2C1CCO
PIK3CA,Pre-trained hierVAE Generate,0.13,S(=O)(=O)(N(C1=NC(C2=CC=3SC(=NC3C=C2)NC(=O)C)=CC=N1)C)C4=CC=C(C=C4)C,Cc1ccc(S(=O)(=O)N(C)CC2OCCCCC(C)Oc3ccc(NC(=O)CCC(F)(F)F)cc3C(=O)N(C(C)CO)CC2C)cc1
PIK3CA,Pre-trained hierVAE Generate,0.14,C1(C=2C3=C(C=CC2)C(C=C(N4CCOCC4)O3)=O)=CC=C(C(=C1)OC)NC(=O)CN5CCOCC5,COc1ccc(CNC(=O)CC2CC3c4cc(NC(=O)CN5CCOCC5)ccc4OC3C(CO)O2)cc1
PIK3CA,Pre-trained hierVAE Generate,0.17,N=1C=CC(=C2C1C=C(C(OC)=C2)OC)OC3=CC=C4C(N(N=C4NC(=O)C5=CC=CC(=C5)C(F)(F)F)C)=C3,CCNC(=O)CC1CCC2C(COc3ccc(NC(=O)c4cccc(C(F)(F)F)c4)cc3C(=O)N2C)O1
PIK3CA,Pre-trained hierVAE Generate,0.06,N1=C(N2CCOCC2)C=3C=NN(C4CCN(CC4)CC5=CC=CC=C5)C3N=C1C6=CC=C(C=C6)CC(=O)NC,CC(C)(C)NCc1ccc(C(=O)NCCCN2CCN(Cc3ccccc3)CC2)cc1
PIK3CA,Pre-trained hierVAE Generate,0.13,N(C=1C=CC(=CC1)C=2N=C3C(=C(N2)N4CCOCC4)N=NN3CC)C(=O)NC5=CC=C(C(=O)NCCCN(C)C)C=C5,CC(C)C(=O)Nc1nc(C(=O)Nc2ccc(C(=O)NCCCN(C)C)cc2)cs1
PIK3CA,Pre-trained hierVAE Generate,0.07,C1=C(N=C2N(C=CN2C1=O)CC3=CC=CC(=C3)C(F)(F)F)N4CCOCC4,CC1CN(C(C)CO)C(=O)CCCn2cc(nn2)COC1CN(C)Cc1cccc(C(F)(F)F)c1
PIK3CA,Pre-trained hierVAE Generate,0.13,C1=CC=C2C=3SC(C(N(C4=CC=CC=C4OC)C)=O)=CC3COC2=C1,COc1ccccc1-c1cn(CCC2CCC(NC(=O)c3ccccc3F)C(CO)O2)nn1
PIK3CA,Pre-trained hierVAE Generate,0.15,O1CCN(CC1)C=2N=C(N=C(OC(C)C)N2)C3=CC=C(NC(=O)NC4=CC=C(C(=O)NCCN(C)C)C=C4)C=C3,CC(C)C(NC(=O)c1ccc(C#N)cc1)C(=O)Nc1ccc(C(=O)NCCC(=O)O)cc1
PIK3CA,Pre-trained hierVAE Generate,0.05,O=S(=O)(C1=C(C=CC(C=2C=NC(=NC2)N)=C1)Cl)NC=3C=CC=C(C3F)F,NS(=O)(=O)c1cccc2c(NCc3cccc(F)c3)ncnc12
PIK3CA,Pre-trained hierVAE Generate,0.06,C=1C=C(C=CC1C(C)=O)C=2SC(=NC2C)NC(=O)NCCC(NC(C)(C)C)=O,Cc1cccc(C)c1NC(=O)NCCCNC(=O)c1ccc(C(C)(C)C)cc1
PIK3CA,Pre-trained hierVAE Generate,0.11,O1C2=C(C(C=C1N3CCOCC3)=O)SC=C2C=4C=C(C=CC4)C(=O)NC=5C=CN=CC5,NC(=O)c1cccc(C(=O)Nc2ccc3c(c2)C2CC(CC(=O)NCCc4ccncc4)OC(CO)C2O3)c1
PIK3CA,Pre-trained hierVAE Generate,0.13,C1=C(O)C=C2O/C(/C(=O)C2=C1O)=C\C3=C(C4=CC=CC=C4)N(C)C5=C3C=CC=C5,CC1CN(C(C)CO)C(=O)c2c(c3ccccc3n2C)-c2ccccc2COC1CN(C)C(=O)c1cccc(F)c1
PIK3CA,Pre-trained hierVAE Generate,0.18,O=S(=O)(NC=1C(Cl)=NC=C(C1)C=2C=CC=3C(=C(C=CN3)C4=CC=CC=C4)C2)C5=CC=C(C=C5)F,CC(NC(=O)CC1CC2c3cc(NS(=O)(=O)c4ccc(F)cc4)ccc3OC2C(CO)O1)c1ccccc1
PIK3CA,Pre-trained hierVAE Generate,0.07,COC(=O)C=1C=CC=2NC(=O)C(=CC3=CC(Br)=C(O)C(Br)=C3)C2C1,COc1ccc(C=C2C(=O)Nc3ccc(CCC(=O)O)cc32)cc1OC
PIK3CA,Pre-trained hierVAE Generate,0.01,C1(C=C(N=C(N1)CC(NC2=CC=C(C(=C2)C(OC)=O)F)=O)N3CCOCC3)=O,CCCC(=O)Nc1ccc2c(c1)OCC(C)N(C(=O)CC)CC(C)C(OC)CN(C)C2=O
PIK3CA,Pre-trained hierVAE Generate,0.01,C1=C(N=C2N(C=CN2C1=O)CC3=CC=CC(=C3)C(F)(F)F)N4CCOCC4,CC1CCCCOC(CN(C)Cc2cccc(C(F)(F)F)c2)C(C)CN(C(C)CO)C(=O)c2cc(NC(=O)CCCN(C)C)ccc2O1
PIK3CA,Pre-trained hierVAE Generate,0.16,C=1C=C(C=CC1C(C)=O)C=2SC(=NC2C)NC(C)=O,CCCC(=O)c1ccc(C(=O)C2OC(C)C(C)(C)CC2O)cc1
PIK3CA,Pre-trained hierVAE Generate,0.14,C(=O)(NC1=CC(=CC=C1)C2=NC3=C(NC(C2)=O)N(N=C3)CC=4C=CC=CC4)C5=CC(=C(Cl)C=C5)C(F)(F)F,COc1ccc(C(=O)Nc2cccc(C(F)(F)F)c2)cc1CNC(=O)CCc1ccccc1F
PIK3CA,Pre-trained hierVAE Generate,0.12,O=C1N(C2=C(N1C)C=NC3=C2C=C(C=C3)C=4C=CN=CC4)C5=CC=C(OC)C=C5,COc1ccc(CNC(=O)CC2CC3c4cc(NC(=O)Cc5ccncc5)ccc4OC3C(CO)O2)cc1
PIK3CA,Pre-trained hierVAE Generate,0.14,C(C)(=O)NC=1SC=2C(N1)=CC=C(C=3C=CN=C(N3)OCC4=CC=C(C=C4)OC)C2,COc1ccc(CNC(=O)CC2CCC(NC(=O)Cc3cccnc3)C(CO)O2)cc1
PIK3CA,Pre-trained hierVAE Generate,0.14,O1C2=C(C(C=C1N3CCOCC3)=O)SC=C2C4=CC=C(C=C4)NC(=O)C=5C=NC=CC5,COc1ccc(CNC(=O)CC2CC3c4cc(NC(=O)c5cccnc5)ccc4OC3C(CO)O2)cc1
PIK3CA,Pre-trained hierVAE Generate,0.14,N=1C(=CC2=C(C1C)C=C(C(N2C3CCCC3)=O)C4=CC(=C(N=C4)OC)NS(C5=CC=CC=C5F)(=O)=O)N,COC1CN(C)C(=O)c2cc(NS(=O)(=O)c3ccccc3F)ccc2OCC(C)NCC1C
PIK3CA,Pre-trained hierVAE Generate,0.09,N=1C=CC(=C2C1C=C(C(OC)=C2)OC)OC3=CC=C4C(N(N=C4NC(=O)C5=CC=CC(=C5)C(F)(F)F)C)=C3,CCNC(=O)CC1CCC2C(COc3ccc(NC(=O)c4cccc(C(F)(F)F)c4)cc3C(=O)N2C)O1
PIK3CA,Pre-trained hierVAE Generate,0.09,S(=O)(N(/N=C/C1=C2N(N=C1)C=CC(=C2)C#N)C)(=O)C3=C(C=CC(=C3)C(F)(F)F)C,CC(C)CC#Cc1ccc2c(c1)OC(CN(C)Cc1ccc(C(F)(F)F)cc1)C(C)CN(C(C)CO)S2(=O)=O
PIK3CA,Pre-trained hierVAE Generate,0.13,C=1(C=C2C(/C=C\3/OC4=C(C=C(C=C4)NC(NC5=CC=C(C=C5)C(=O)N6CCN(CC6)C)=O)C3=O)=CNC2=CC1)OC,COc1cccc(CNC(=O)CC2CC3c4cc(NC(=O)Nc5ccc(C(F)(F)F)cc5)ccc4OC3C(CO)O2)c1
PIK3CA,Pre-trained hierVAE Generate,0.01,S1C2=C(OC(N3CCOCC3)=CC2=O)C(C4=CC=C(NC(=O)C=5C=CN=CC5)C=C4)=C1,CC1CCCCOC(CN(C)C(=O)c2ccncc2)C(C)CN(C(C)CO)C(=O)c2cc(NC(=O)c3ccncc3)ccc2O1
PIK3CA,Pre-trained hierVAE Generate,0.1,C=1(C=C2C(/C=C\3/OC4=C(C=C(C=C4)NC(NC5=CC=C(C=C5)C(=O)N6CCN(CC6)C)=O)C3=O)=CNC2=CC1)OC,COC1CN(C)C(=O)c2cc(NC(=O)NC(C)C)ccc2OCC(C)N(C(=O)c2ccc(F)cc2)CC1C
PIK3CA,Pre-trained hierVAE Generate,0.08,O1C2=C(C(C=C1N3CCOCC3)=O)SC=C2C#CC4=CC=C(C=C4)OC,COc1ccc(CN(C)CC2Oc3ncc(C#CC4CC4)cc3C(=O)N(C(C)CO)CC2C)cc1
PIK3CA,Pre-trained hierVAE Generate,0.1,C1=C(O)C=C2O/C(/C(=O)C2=C1O)=C\C3=C(C4=CC=CC=C4)N(C)C5=C3C=CC=C5,CC1CN(C(C)CO)C(=O)c2c(c3ccccc3n2C)-c2ccccc2COC1CN(C)CC1CCCCC1
PIK3CA,Pre-trained hierVAE Generate,0.1,C=1C=C(C=CC1C(C)=O)C=2SC(=NC2C)NC(=O)NCCC(NC(C)(C)C)=O,Cc1cccc(C)c1NC(=O)NCCCNC(=O)c1ccc(C(C)(C)C)cc1
PIK3CA,Pre-trained hierVAE Generate,0.11,S1C2=C(OC(N3CCOCC3)=CC2=O)C(C4=CC=C(NC(=O)C=5C=CN=CC5)C=C4)=C1,COc1ccc(CNC(=O)CC2CC3c4cc(NC(=O)c5ccncc5)ccc4OC3C(CO)O2)cc1
PIK3CA,Pre-trained hierVAE Generate,0.1,C1=C(O)C=C2O/C(/C(=O)C2=C1O)=C\C3=C(C4=CC=CC=C4)N(C)C5=C3C=CC=C5,CC1CN(C(C)CO)C(=O)c2c(c3ccccc3n2C)-c2ccccc2COC1CN(C)C(=O)c1cccc(F)c1
PIK3CA,Pre-trained hierVAE Generate,0.02,C1=C(C(=CC(=C1)C2=CN3C(C=C2)=NC(=N3)NC(C)=O)OC)OC,COc1ccc(CCC(=O)Nc2ccc(C(C)(C)C)cc2)cc1OC
PIK3CA,Pre-trained hierVAE Generate,0.15,C=1C=C(C=CC1C(C)=O)C=2SC(=NC2C)NC(=O)NCCC(NC(C)(C)C)=O,COC(=O)CCCCCCCCCCCCCCCOC(=O)C(C)(C)COC(=O)C=Cc1ccc(OC)cc1
PIK3CA,Pre-trained hierVAE Generate,0.14,C1=CC(=C2C(=C1)C(C=C(O2)[N+]3(CCOCC3)COC(=O)CCC(NC(C(NCC(NC(C(=O)NC(C(=O)O)CO)CC(O)=O)=O)=O)CCCNC([NH3+])=N)=O)=O)C4=CC=CC=C4,CNCCCCNC(=O)C(CCCNC(=N)N)NC(=O)C(CCCNC(=N)N)NC(=O)C(CCCNC(=N)N)NC(=O)C1CCN(C(=O)CCC(C)C(C)(C)C)C1
PIK3CA,Pre-trained hierVAE Generate,0.04,C1(=O)C=C(N=C2N(C(=NN21)SC)CC=3C=CC=C(C(F)(F)F)C3C)N4CC(OCC4)C,CC1CN(C(C)CO)C(=O)CCCn2cc(nn2)COC1CN(C)C(=O)CCC(F)(F)F
PIK3CA,Pre-trained hierVAE Generate,0.02,C1=C(O)C=C2O/C(/C(=O)C2=C1O)=C\C3=C(C4=CC=CC=C4)N(C)C5=C3C=CC=C5,CC1CN(C(C)CO)C(=O)c2c(c3ccccc3n2C)-c2ccccc2COC1CN(C)Cc1ccc(C(F)(F)F)cc1
PIK3CA,Pre-trained hierVAE Generate,0.06,O1CCN(CC1)C=2N=C(N=C(OC)N2)C3=CC=C(NC(=O)NC4=CC=C(C(=O)NCCN(C)C)C=C4)C=C3,CC(C)(C)c1ccc(C(=O)Nc2ccc(C(=O)NCCCN3CCOCC3)cc2)cc1
PIK3CA,Pre-trained hierVAE Generate,0.18,C1(C=C(N=C(N1)CC(NC2=CC=C(C(=C2)C(OC)=O)F)=O)N3CCOCC3)=O,CCCCCC(=O)Nc1ccc2c(c1)C(=O)N(C)CC(OC)C(C)CN(C(=O)c1ccccc1F)C(C)CO2
PIK3CA,Pre-trained hierVAE Generate,0.08,C=1C(N2CC3OC(C2)CC3)=C4C(=CN(C)C4=NC1)/C=C/5\OC6=C(C=C(NC(NC7=CC=CC=C7)=O)C=C6)C5=O,CCCCCC(=O)Nc1ccc2c(c1)C(=O)N(C)CC(OC)C(C)CN(C(=O)c1ccccc1)C(C)CO2
PIK3CA,Pre-trained hierVAE Generate,0.14,C(NC=1SC=2C(N1)=CC=C(C=3C=CC=C(C3)NS(C4=CC=C(C=C4)OC)(=O)=O)C2)(C)=O,COc1ccc(CN(C)CC2OCCCCC(C)Oc3ccc(NS(=O)(=O)c4ccc(F)cc4)cc3C(=O)N(C(C)CO)CC2C)cc1
PIK3CA,Pre-trained hierVAE Generate,0.15,C1=CN=C2N(C=C(C2=C1C3=CC=CC(=C3)C(N(C)C)=O)/C=C/4\OC5=CC=CC(=C5C4=O)O)C,CC1CN(C(C)CO)S(=O)(=O)c2ccc(-c3cccc(C(=O)N(C)C)c3)cc2OC1CN(C)Cc1ccccn1
PIK3CA,Pre-trained hierVAE Generate,0.15,C1(C=2C3=C(C=CC2)C(C=C(N4CCOCC4)O3)=O)=CC=C(C(=C1)OC)NC(=O)CN5CCOCC5,CCCc1cccc(C(=O)Nc2ccc3c(c2)OCC(C)N(C(=O)CN2CCOCC2)CC(C)C(OC)CN(C)C3=O)c1
PIK3CA,Pre-trained hierVAE Generate,0.12,N=1C(=NC2=C(C1N3C[C@@H]4OC[C@H]3C4)C=NN2CC(F)(F)F)C=5C=CC(=CC5)NC(NC6CC6)=O,CC1CCCCOC(CN(C)Cc2ccc(C(F)(F)F)cc2)C(C)CN(C(C)CO)C(=O)c2cc(NC(=O)NC3CCCCC3)ccc2O1
PIK3CA,Pre-trained hierVAE Generate,0.16,C=1(C=C2C(/C=C\3/OC4=C(C=C(C=C4)NC(NC5=CC=C(C=C5)C(=O)N6CCN(CC6)C)=O)C3=O)=CNC2=CC1)OC,COc1cccc(CNC(=O)CC2CC3c4cc(NC(=O)Nc5ccc(C(F)(F)F)cc5)ccc4OC3C(CO)O2)c1
PIK3CA,Pre-trained hierVAE Generate,0.01,C1=C(O)C=C2O/C(/C(=O)C2=C1O)=C\C3=C(C4=CC=CC=C4)N(C)C5=C3C=CC=C5,CC1CN(C(C)CO)C(=O)c2c(c3ccccc3n2C)-c2ccccc2COC1CN(C)Cc1ccc(Cl)c(Cl)c1
PIK3CA,Pre-trained hierVAE Generate,0.16,O1C2=C(C(C=C1N3CCOCC3)=O)SC=C2C4=CC=C(C=C4)NC(=O)C=5C=NC=CC5,CC(NC(=O)CC1CC2c3cc(NC(=O)c4cccnc4)ccc3OC2C(CO)O1)c1ccccc1
PIK3CA,Pre-trained hierVAE Generate,0.04,O=S(=O)(NC=1C(Cl)=NC=C(C1)C=2C=CC=3C(=C(C=CN3)C=4C=NC=CC4)C2)C5=CC=C(C=C5)F,CC(C)(C)S(=O)N1Cc2cc(C(=O)NCc3ccc(F)cc3)nc(-c3ccc(-c4cccnc4)cc3)c2C1CCO
PIK3CA,Pre-trained hierVAE Generate,0.1,C1=C(O)C=C2O/C(/C(=O)C2=C1O)=C\C3=C(C4=CC=CC=C4)N(C)C5=C3C=CC=C5,CC1CN(C(C)CO)C(=O)c2c(c3ccccc3n2C)-c2ccccc2COC1CN(C)Cc1cccc(C(F)(F)F)c1
PIK3CA,Pre-trained hierVAE Generate,0.06,C1=C(O)C=C2O/C(/C(=O)C2=C1O)=C\C3=C(C4=CC=CC=C4)N(C)C5=C3C=CC=C5,CC1CN(C(C)CO)C(=O)c2c(c3ccccc3n2C)-c2ccccc2COC1CN(C)Cc1cccnc1
PIK3CA,Pre-trained hierVAE Generate,0.17,C=1(OC=2C3=C(C=CC=C3)C=CC2C(C1)=O)N4CC(C)OCC4,CC1Cc2ccccc2COC(CN(C)C(=O)NC(C)(C)C)c2cc(NS(C)(=O)=O)ccc2N(C(C)CO)CC(C)C(=O)O1
PIK3CA,Pre-trained hierVAE Generate,0.09,C1=C(O)C=C2O/C(/C(=O)C2=C1O)=C\C3=C(C4=CC=CC=C4)N(C)C5=C3C=CC=C5,CC1CN(C(C)CO)C(=O)c2c(c3ccccc3n2C)-c2ccccc2COC1CN(C)C(=O)c1cccc(F)c1
PIK3CA,Pre-trained hierVAE Generate,0.06,C1=C(C(=CC(=C1)C2=CN3C(C=C2)=NC(=N3)NC(C)=O)OC)OC,COc1ccc(CCC(=O)Nc2ccc(C(C)(C)C)cc2)cc1OC
PIK3CA,Pre-trained hierVAE Generate,0.14,C1(=CC=C2C=3SC(C(N(C4=CC=CC=C4Cl)C)=O)=CC3CCOC2=C1)NC(OC)=O,CCCCCC(=O)Nc1ccc2c(c1)OCC(C)N(C(=O)c1ccc3c(c1)OCO3)CC(C)C(OC)CN(C)C2=O
PIK3CA,Pre-trained hierVAE Generate,0.12,C=1C=NC=2N(C=C(C2C1C=3C=CC=CC3C(N(C)C)=O)/C=C/4\OC=5C=CC=C(C5C4=O)O)C,CC1CN(C(C)CO)S(=O)(=O)c2ccc(-c3ccccc3C(=O)N(C)C)cc2OC1CN(C)Cc1ccncc1
PIK3CA,Pre-trained hierVAE Generate,0.11,C1=C(N2CC3OC(C2)CC3)C=4C(=CN(C)C4N=C1)/C=C/5\OC=6C(=CC(=CC6)NC(NCCN(C)C)=O)C5=O,CCCNC(=O)Nc1ccc2c(c1)C(=O)N(C)CC(OC)C(C)CN(Cc1ccc(F)cc1)C(C)CO2
PIK3CA,Pre-trained hierVAE Generate,0.13,C12N(C(COC1)CC2)C3=NC(N4CCOCC4)=NC(=N3)C5=CC=C(NC(NC6=CC=C(C=C6)CN7CCN(CC7)C)=O)C=C5,CN1CCN(CCCNC(=O)CCc2ccc(CN3CCN(Cc4ccc(F)cc4)CC3)cc2)CC1
PIK3CA,Pre-trained hierVAE Generate,0.11,O1CCN(CC1)C=2N=C(N=C(OC)N2)C3=CC=C(NC(=O)NC4=CC=C(C(=O)NCCN(C)C)C=C4)C=C3,CC(C)(C)c1ccc(C(=O)Nc2ccc(C(=O)NCCCN3CCOCC3)cc2)cc1
PIK3CA,Pre-trained hierVAE Generate,0.09,O1CCN(CC1)C2=NC(=NC=3N(N=NC23)CC)C4=CC=C(NC(=O)NC5=CC=C(C(=O)NCCCC)C=C5)C=C4,CCCCCc1cccc(C(=O)Nc2ccc(C(=O)Nc3cccc(C(=O)NCCCN4CCOCC4)c3)cc2)c1
PIK3CA,Pre-trained hierVAE Generate,0.16,O=S(=O)(NC1=CC(=CN=C1Cl)C2=CC=C3C(N=C(C=N3)NCCN4CCOCC4)=C2)C5=CC=C(C=C5)F,CC(C)(C)S(=O)N1Cc2cc(C(=O)NCCN3CCOCC3)nc(-c3cccc(C#Cc4ccc(F)cc4)c3)c2C1CCO
PIK3CA,Pre-trained hierVAE Generate,0.06,FC(F)(F)CN1C=2N=C(N=C(N3CCOCC3)C2C=C1)C4=CC=C(NC(=O)NC5=CC=C(C(=O)NCCN(C)C)C=C5)C=C4,N#Cc1ccc(C(=O)NCCC(=O)Nc2ccc(C(F)(F)F)cc2)cc1
PIK3CA,Pre-trained hierVAE Generate,0.12,N=1C(=CC2=C(C1C)C=C(C(N2C3CCCC3)=O)C4=CC(=C(N=C4)OC)NS(C5=CC=CC=C5F)(=O)=O)N,COC1CN(C)C(=O)c2ccc(NS(=O)(=O)c3ccccc3F)cc2OCC(C)NCC1C
PIK3CA,Pre-trained hierVAE Generate,0.13,C1(C=2C3=C(C=CC2)C(C=C(N4CCOCC4)O3)=O)=CC=C(C(=C1)OC)NC(=O)CN5CCOCC5,CCCc1cccc(C(=O)Nc2ccc3c(c2)OCC(C)N(C(=O)CN2CCOCC2)CC(C)C(OC)CN(C)C3=O)c1
PIK3CA,Pre-trained hierVAE Generate,0.13,N1=C(N2CCOCC2)C=3C=NN(C4CCN(CC4)CC5=CC=CC=C5)C3N=C1C6=CC=C(C=C6)CC(=O)NC,CC(C)(C)NCc1ccc(C(=O)NCCCN2CCN(Cc3ccccc3)CC2)cc1
PIK3CA,Pre-trained hierVAE Generate,0.06,S1C2=C(N=C1NC(=O)C)C=CC(=C2)C=3N=C(OCC4=CC=C(F)C=C4)N=CC3,CC(C)(C)S(=O)N1Cc2cc(C(=O)NCc3ccc(F)cc3)nc(NC(=O)c3ccc(F)cc3)c2C1CCO
PIK3CA,Pre-trained hierVAE Generate,0.07,C1=C(N=C2N(C=CN2C1=O)CC3=CC=CC(=C3)C(F)(F)F)N4CCOCC4,CC1CN(C(C)CO)C(=O)CCCn2cc(nn2)COC1CN(C)Cc1cccc(C(F)(F)F)c1
PIK3CA,Pre-trained hierVAE Generate,0.15,S(=O)(NC=1C=C(C2=CN3C(C=C2)=NC=C3C=4C=CN=CC4)C=NC1)(C=5C=CC=CC5)=O,CCCC(=O)N1C2Cn3c(ccc(-c4ccncc4)c3=O)C1C(CO)C2C(=O)NCc1ccc(Oc2ccccc2)cc1
PIK3CA,Pre-trained hierVAE Generate,0.01,O=S(=O)(NC=1C(Cl)=NC=C(C1)C=2C=CC=3C(=C(C=CN3)C=4C=NC=CC4)C2)C5=CC=C(C=C5)F,CC(C)(C)S(=O)N1Cc2cc(C(=O)NCc3ccc(F)cc3)nc(-c3ccc(-c4cccnc4)cc3)c2C1CCO
PIK3CA,Pre-trained hierVAE Generate,0.07,C=1C=NC(=NC1C=2C=CC(=CC2)OC)NC3=CC=C(C=C3)Cl,COc1ccc(NC(=O)NC2CCC(CC(=O)NCc3ccc(Cl)cc3)OC2CO)cc1
PIK3CA,Pre-trained hierVAE Generate,0.03,C=1C=C(C=CC1C(C)=O)C=2SC(=NC2C)NC(=O)NCCC(NC(C)(C)C)=O,Cc1cccc(C)c1NC(=O)NCCCNC(=O)c1ccc(C(C)(C)C)cc1
PIK3CA,Pre-trained hierVAE Generate,0.05,C=1C=NC2=C(C1N3CCC(CC3)C(=O)N(CC4=CC=NC=C4)C)C(=CN2C)/C=C/5\OC6=C(C5=O)C=C(C=C6)NC(NC7=CN=CC=C7)=O,CC(C)NC(=O)Nc1ccc2c(c1)CNCCC(CN(C)Cc1ccncc1)OC(CO)CCCC(CN(C)Cc1ccncc1)O2
PIK3CA,Pre-trained hierVAE Generate,0.12,O1C2=C(C(C=C1N3CCOCC3)=O)SC=C2C4=CC=C(C=C4)NC(=O)C=5C=NC=CC5,COc1ccccc1CNC(=O)CC1CC2c3cc(NC(=O)c4cccnc4)ccc3OC2C(CO)O1
PIK3CA,Pre-trained hierVAE Generate,0.23,C=1C=NC(=NC1C=2C=CC(=CC2)OC)NC3=CC=C(C=C3)Cl,COc1ccc(-c2ccc(C3C(C#N)NC3CO)cc2)cc1
PIK3CA,Pre-trained hierVAE Generate,0.15,N=1C=C(C=C(C1)S(=O)(=O)NC(C)(C)C)C2=CN3N=C(N=C3C=C2)NC(NCCN4CCOCC4)=O,CC(C)(C)c1ccc(C(=O)Nc2ccccc2C(=O)NCCCN2CCOCC2)cc1
PIK3CA,Pre-trained hierVAE Generate,0.2,C=1C=NC=2N(C=C(C2C1C=3C=CC=CC3C(N(C)C)=O)/C=C/4\OC=5C=CC=C(C5C4=O)O)C,CC1CN(C(C)CO)S(=O)(=O)c2ccc(-c3ccccc3C(=O)N(C)C)cc2OC1CN(C)Cc1ccncc1
PIK3CA,Pre-trained hierVAE Generate,0.14,S1C2=C(OC(N3CCOCC3)=CC2=O)C(C4=CC=C(NC(=O)C=5C=CN=CC5)C=C4)=C1,CC1CCCCOC(CN(C)S(=O)(=O)c2cccc(F)c2)C(C)CN(C(C)CO)C(=O)c2cc(NC(=O)c3ccncc3)ccc2O1
PIK3CA,Pre-trained hierVAE Generate,0.05,C1=C(O)C=C2O/C(/C(=O)C2=C1O)=C\C3=C(C4=CC=CC=C4)N(C)C5=C3C=CC=C5,CC1CN(C(C)CO)C(=O)c2c(c3ccccc3n2C)-c2ccccc2COC1CN(C)Cc1cccc(C(F)(F)F)c1
PIK3CA,Pre-trained hierVAE Generate,0.1,O1CCN(CC1)C=2N=C(N=C(OC)N2)C3=CC=C(NC(=O)NC4=CC=C(C(=O)NCCN(C)C)C=C4)C=C3,CC(C)(C)c1ccc(C(=O)Nc2ccc(C(=O)NCCCN3CCOCC3)cc2)cc1
PIK3CA,Pre-trained hierVAE Generate,0,C=1C=NC(=NC1C=2C=CC(=CC2)OC)NC3=CC=C(C=C3)Cl,COc1ccc(-c2ccc(C3C(C#N)N(C(=O)Nc4ccc(F)cc4)C3CO)cc2)cc1
PIK3CA,Pre-trained hierVAE Generate,0.11,O=S(=O)(NC1=CC(=CN=C1Cl)C2=CC=C3C(N=C(C=N3)NCCN4CCOCC4)=C2)C5=CC=C(C=C5)F,CC(C)(C)S(=O)N1Cc2cc(C(=O)NCCN3CCOCC3)nc(-c3cccc(C#Cc4ccc(F)cc4)c3)c2C1CCO
PIK3CA,Pre-trained hierVAE Generate,0.15,C1C(=O)C=2SC(N3CCOC[C@@H]3CC4=CC=CC=C4)=NC2CC1(C)C,CC1CCCNC(=O)OCC(Cc2ccccc2)n2nncc21
PIK3CA,Pre-trained hierVAE Generate,0.12,C1=C(NC=2C=CC=CC2)N=C(N=C1C=3C=CC=C(C3)O)N4CCOCC4,COc1ccccc1-c1cccc(-c2cccc(SCC(=O)NCCN3CCOCC3)n2)c1
PIK3CA,Pre-trained hierVAE Generate,0.15,O1C2=C(C(C=C1N3CCOCC3)=O)SC=C2C4=CC=C(C=C4)NC(=O)C=5C=NC=CC5,CCCNC(=O)CC1CC2c3cc(NC(=O)c4cccnc4)ccc3OC2C(CO)O1
PIK3CA,Pre-trained hierVAE Generate,0.14,N1=C(N2CCOCC2)C=3C=NN(C4CCN(CC4)CC5=CC=CC=C5)C3N=C1C6=CC=C(C=C6)CC(=O)NC,CC(C)(C)NCc1ccc(C(=O)NCCCN2CCN(Cc3ccccc3)CC2)cc1
PIK3CA,Pre-trained hierVAE Generate,0.23,N(C=1C=CC(=CC1)C=2N=C3C(=C(N2)N4CCOCC4)N=NN3CC)C(=O)NC5=CC=C(C(=O)NCCCN(C)C)C=C5,CC(C)C(=O)Nc1nc(C(=O)Nc2ccc(C(=O)NCCCN(C)C)cc2)cs1
PIK3CA,Pre-trained hierVAE Generate,0.12,FC(F)(F)CN1C=2N=C(N=C(N3CCOCC3)C2C=C1)C4=CC=C(NC(=O)NC5=CC=C(C(=O)NCCN(C)C)C=C5)C=C4,CC(C)(C)CC(Cc1ccc(-c2ccc(C(=O)Nc3ccc(C(=O)NCCCN4CCOCC4)cc3)cc2)cc1)C(=O)Nc1ccc(C(=O)Nc2ccccc2C(F)(F)F)cc1
PIK3CA,Pre-trained hierVAE Generate,0.12,C1=C(N2CC3OC(C2)CC3)C=4C(=CN(C)C4N=C1)/C=C/5\OC=6C(=CC(=CC6)NC(NCCN(C)C)=O)C5=O,CC(C)NC(=O)N(C)CC1OCCCCC(C)Oc2ccc(NC(=O)CCC(F)(F)F)cc2C(=O)N(C(C)CO)CC1C
PIK3CA,Ours,0.42,S1C(=NC2=C1C=C(C=C2)C(=O)OC)NC(C)=O,CC(=O)Nc1nc2ccc(C(=O)NCC(=O)Nc3ccc(Cl)c(Cl)c3)cc2s1
PIK3CA,Ours,0.42,S1C(=NC2=C1C=C(C=C2)C(=O)OC)NC(C)=O,CC(=O)Nc1nc2ccc(C(=O)NCC(=O)Nc3ccc(Cl)c(Cl)c3)cc2s1
PIK3CA,Ours,0.42,N=1C(=NC2=C(C1N3C[C@@H]4OC[C@H]3C4)C=NN2CC(F)(F)F)C=5C=CC(=CC5)NC(NC)=O,COC1CN(C)C(=O)c2ccc(NC(=O)NC(C)C)cc2OCC(C)N(CCC(F)(F)F)CC1C
PIK3CA,Ours,0.39,N1=C(C2=C(N=C1)N(N=C2C=3C=CC(=CC3)O)C(C)C)N,CCNC(=O)CCC(O)c1ccc(O)cc1
PIK3CA,Ours,0.39,C=1C=NC(=NC1C=2C=CC(=CC2)OC)NC3=CC=C(C=C3)Cl,COc1ccc2nc(C#N)nc(Nc3ccc(Cl)cc3)c2c1
PIK3CA,Ours,0.39,C=1C=NC(=NC1C=2C=CC(=CC2)OC)NC3=CC=C(C=C3)Cl,COc1ccc2nc(C#N)nc(Nc3ccc(Cl)cc3)c2c1
PIK3CA,Ours,0.39,C=1C=NC(=NC1C=2C=CC(=CC2)OC)NC3=CC=C(C=C3)Cl,COc1ccc2nc(C#N)nc(Nc3ccc(Cl)cc3)c2c1
PIK3CA,Ours,0.39,C1=CC=C2C=3SC(C(N(C4=CC=C(C=C4)F)C)=O)=CC3COC2=C1,CC1CN(C(C)CO)C(=O)c2ccccc2-c2ccccc2COC1CN(C)C(=O)Nc1ccc(F)cc1
PIK3CA,Ours,0.39,C1=C(N2CC3OC(C2)CC3)C=4C(=CN(C)C4N=C1)/C=C/5\OC=6C(=CC(=CC6)NC(NCCN(C)C)=O)C5=O,CC(C)NC(=O)Nc1ccc2c(c1)C(=O)N(C(C)CO)CC(C)C(CN(C)Cc1ccc(C(F)(F)F)cc1)OCCCCC(C)O2
PIK3CA,Ours,0.37,O=C1N(C2=C(N1C)C=NC3=C2C=C(C=C3)C=4C=CN=CC4)C5=CC=C(OC)C=C5,COc1ccc(CNc2ncnc3ccc(-c4ccc(F)cc4)cc23)cc1
PIK3CA,Ours,0.37,N=1C(=NC(C2=CC=C(C=C2)NC(NC3=CC=C(C=C3)C(NCCN4CCCCC4)=O)=O)=NC1OC)N5CCOCC5,COc1ccc(NC(=O)Nc2ccc3c(c2)C2CC(CC(=O)NCCN4CCCCC4)OC(CO)C2O3)cc1
PIK3CA,Ours,0.37,N=1C(=NC(C2=CC=C(C=C2)NC(NC3=CC=C(C=C3)C(NCCN4CCCCC4)=O)=O)=NC1OC)N5CCOCC5,COc1ccc(NC(=O)Nc2ccc3c(c2)C2CC(CC(=O)NCCN4CCCCC4)OC(CO)C2O3)cc1
PIK3CA,Ours,0.37,N=1C(=NC(C2=CC=C(C=C2)NC(NC3=CC=C(C=C3)C(NCCN4CCCCC4)=O)=O)=NC1OC)N5CCOCC5,COc1ccc(NC(=O)Nc2ccc3c(c2)C2CC(CC(=O)NCCN4CCCCC4)OC(CO)C2O3)cc1
PIK3CA,Ours,0.37,N=1C(=NC(C2=CC=C(C=C2)NC(NC3=CC=C(C=C3)C(NCCN4CCCCC4)=O)=O)=NC1OC)N5CCOCC5,COc1ccc(NC(=O)Nc2ccc3c(c2)C2CC(CC(=O)NCCN4CCCCC4)OC(CO)C2O3)cc1
PIK3CA,Ours,0.36,N=1C(=NC(C2=CC=C(C=C2)NC(NC3=CC=C(C=C3)C(NCCN4CCCCC4)=O)=O)=NC1OC)N5CCOCC5,CN1C(=O)c2cc(NC(=O)Nc3ccc(F)cc3)ccc2OCC2OC(CC(=O)NCCN3CCCCC3)CCC21
PIK3CA,Ours,0.36,C(C)(=O)NC=1SC=2C(N1)=CC=C(C3=CN=C(C(=C3)NS(C4=CC=C(C=C4)C(C)(C)C)(=O)=O)Cl)C2,CC(C)(C)c1ccc(S(=O)(=O)Nc2ncnc3ccc(NC(=O)C4CCCCC4)cc23)cc1
PIK3CA,Ours,0.35,O=C1N(C2=C(N1C)C=NC3=C2C=C(C=C3)C=4C=CN=CC4)C5=CC=C(OC)C=C5,COc1ccc(CNc2ncnc3ccc(-c4cccc(Cl)c4)cc23)cc1
PIK3CA,Ours,0.34,O=S(=O)(NC=1C(Cl)=NC=C(C1)C=2C=CC=3C(=C(C=CN3)C4=CC=CC=C4)C2)C5=CC=C(C=C5)F,CCCN1C(C(=O)NCc2ccc(-c3ccccc3)cc2)C(CO)C2Cn3c(ccc(-c4ccc(F)cc4)c3=O)C21
PIK3CA,Ours,0.34,C=1(C=C2C(/C=C\3/OC4=C(C=C(C=C4)NC(NC5=CC=C(C=C5)C(=O)N6CCN(CC6)C)=O)C3=O)=CNC2=CC1)OC,COc1ccc(NC(=O)Nc2ccc3c(c2)C2CC(CC(=O)NCCc4ccccc4)OC(CO)C2O3)cc1
PIK3CA,Ours,0.34,C1=C(N2CC3OC(C2)CC3)C=4C(=CN(C)C4N=C1)/C=C/5\OC=6C(=CC(=CC6)NC(NCCN(C)C)=O)C5=O,CC1CCCCOC(CN(C)CC2CC2)C(C)CN(C(C)CO)C(=O)c2cc(NC(=O)CCC(F)(F)F)ccc2O1
PIK3CA,Ours,0.33,C=1C=NC2=C(C1N3CCC(CC3)C(=O)N(CC4=CC=CC=N4)C)C(=CN2C)/C=C/5\OC6=C(C5=O)C=C(C=C6)NC(NC7=CN=CC=C7)=O,CC(C)NC(=O)Nc1ccc2c(c1)C(=O)N(C(C)CO)CC(C)C(CN(C)Cc1ccccn1)OCCCCC(C)O2
PIK3CA,Ours,0.33,C12N(C(COC1)CC2)C3=NC(N4CCOCC4)=NC(C=5C=CC(NC(NC6=CC=C(C=C6)OCCN(C)C)=O)=CC5)=N3,CN(C)CCOc1ccc(C2CCC(CNC(=O)c3ccc(OCCN4CCOCC4)cc3)CC2)cc1
PIK3CA,Ours,0.32,O=S(C=1C=C(C=CC1Cl)C2=CN=C(N)C(C(=O)NC)=N2)(NC=3C=CC=C(C3)C(F)(F)F)=O,CN(Cc1ccccc1Cl)C(=O)Nc1cccc(C(F)(F)F)c1
PIK3CA,Ours,0.32,O1CCN(CC1)C2=NC(=NC=3N(N=NC23)CC)C4=CC=C(NC(=O)NC5=CC=C(C(=O)NCCCC)C=C5)C=C4,CC(C)(C)C(=O)Nc1ccc(C(=O)NCCCCCC(=O)Nc2ccc(C(=O)O)cc2)cc1
PIK3CA,Ours,0.32,N=1C(=NC(C=2C=CC(NC(NC3=CC=C(C=C3)C(N(CCNC)C)=O)=O)=CC2)=NC1OC)N4CCOCC4,CCN(CC)CCCCCCCCCCCCCCCCCCCCCCCCCCCCCCCCCCCCCCCCCCCCCCCCCCCCCCCC(=O)Nc1ccc(C(=O)O)cc1
PIK3CA,Ours,0.32,N1=C(C2=CC=C(NC(NC3=CC=C(C=C3)C(N(C)CCN(C)C)=O)=O)C=C2)N=C(N4CCOCC4)C5=C1N(CC(F)(F)F)C=C5,COC(CN(C)C(=O)c1cccc(Cl)c1)C(C)CN(C(=O)Nc1ccc(C(F)(F)F)cc1)C(C)CO
PIK3CA,Ours,0.32,C=1N=CC=C(C1)C2=CN3C(C=C2)=NC(=N3)NC(C)=O,Cc1cccc(C(=O)Nc2ccnc(-c3ccncc3)n2)c1
PIK3CA,Ours,0.32,C=1C(N2CC3OC(C2)CC3)=C4C(=CN(C)C4=NC1)/C=C/5\OC6=C(C=C(NC(NC7=CC=CC=C7)=O)C=C6)C5=O,CC1CCCCOC(CN(C)C(=O)Cc2cn(C)c3ccccc23)C(C)CN(C(C)CO)C(=O)c2cc(NC(=O)Nc3ccccc3)ccc2O1
PIK3CA,Ours,0.32,C=1(C=C2C(=CNC2=NC1)C=3C=C(C(=CC3)OC)OC)C4=CC(=CC=C4)NS(C5=CC=CC=C5)(=O)=O,COc1ccc(CNc2ncnc3ccc(-c4ccccc4F)cc23)cc1OC
PIK3CA,Ours,0.32,C=1(C=C2C(/C=C\3/OC4=C(C3=O)C=C(C=C4)NC(NC5=CN=CC=C5)=O)=C(C=6C(=NN(C6C)C)C)NC2=CC1)OC,COc1ccc(NC(=O)Nc2ccc3c(c2)C(=O)N(C(C)CO)CC(C)C(CN(C)Cc2cccnc2)O3)cc1
PIK3CA,Ours,0.32,C=1(C=C2C(/C=C\3/OC4=C(C3=O)C=C(C=C4)NC(NC5=CN=CC=C5)=O)=C(C=6C(=NN(C6C)C)C)NC2=CC1)OC,COc1ccc(NC(=O)Nc2ccc3c(c2)C(=O)N(C(C)CO)CC(C)C(CN(C)Cc2cccnc2)O3)cc1
PIK3CA,Ours,0.32,C1=C(O)C=C2O/C(/C(=O)C2=C1O)=C\C3=C(C4=CC=CC=C4)N(C)C5=C3C=CC=C5,CC1CN(C(C)CO)C(=O)c2c(c3ccccc3n2C)-c2ccccc2COC1CN(C)CC1CCCCC1
PIK3CA,Ours,0.32,C1=C(N2CC3OC(C2)CC3)C=4C(=CN(C)C4N=C1)/C=C/5\OC=6C(=CC(=CC6)NC(NCCN(C)C)=O)C5=O,CC(C)NC(=O)Nc1ccc2c(c1)C(=O)N(C(C)CO)CC(C)C(CN(C)CC1CC1)OCCCCC(C)O2
PIK3CA,Ours,0.32,C1(C=2C3=C(C=CC2)C(C=C(N4CCOCC4)O3)=O)=CC=C(C(=C1)OC)NC(=O)CN5CCOCC5,COC1CN(C)C(=O)c2cc(NC(=O)CN3CCOCC3)ccc2OCC(C)N(Cc2cccc(F)c2)CC1C
PIK3CA,Ours,0.32,C(NC=1SC=2C(N1)=CC=C(C=3C=CC=C(C3)NS(C4=CC=C(C=C4)OC)(=O)=O)C2)(C)=O,COc1ccc(CNC(=O)CC2CC3c4cc(NS(=O)(=O)c5ccc(F)cc5)ccc4OC3C(CO)O2)cc1
PIK3CA,Ours,0.31,S1C(NC(=O)CCCN2CCOCC2)=NC=3C1=CC(C=4C=C(C(=NC4)N)C(F)(F)F)=CC3,CC1CCCCOC(CN(C)Cc2ccc(C(F)(F)F)cc2)C(C)CN(C(C)CO)C(=O)c2cc(NC(=O)CCN3CCOCC3)ccc2O1
PIK3CA,Ours,0.31,O=S(CC=1C=C(N2CCOCC2)N=C(C3=CC=C(C=C3)NC(NC4=CC=C(C=C4)F)=O)N1)(=O)C,COC1CN(C)C(=O)c2ccc(NC(=O)Nc3ccc(F)cc3)cc2OCC(C)N(C)CC1C
PIK3CA,Ours,0.31,O1CCN(CC1)C=2N=C3N(C=C(C=C3[C@H](NC4=C(C=CC=C4)C(O)=O)C)C)C(=O)C2,CCCCCC#Cc1ccccc1C(=O)Nc1ccccc1C(=O)O
PIK3CA,Ours,0.31,N=1C(=NC2=C(C1N3C[C@@H](O[C@@H](C3)C)C)C=NN2C4CCN(CC4)CC=5C=CC=NC5)C=6C=CC(=CC6)NC(NC)=O,CC(C)NC(=O)Nc1ccc2c(c1)OC(CN(C)Cc1cccnc1)C(C)CN(C(C)CO)S2(=O)=O
PIK3CA,Ours,0.31,N(C=1C=CC(=CC1)C=2N=C3C(=C(N2)N4CCOCC4)N=NN3CC)C(=O)NC5=CC=C(C(=O)NCCCN(C)C)C=C5,CC(C)(C)c1ccc(C(=O)Nc2cccc(C(=O)NCCCN3CCOCC3)c2)cc1
PIK3CA,Ours,0.31,COC1=CC=C(C=C1)C=2OC3=NC=NC(N)=C3C2C4=CC=C(NC(=O)NC5=CC(=CC=C5F)C(F)(F)F)C=C4,COc1ccc(CNC(=O)CC2OC(CO)CC3c4cc(NC(=O)Nc5ccc(C(F)(F)F)cc5)ccc4OC23)cc1
PIK3CA,Ours,0.31,COC1=CC=C(C=C1)C=2OC3=NC=NC(N)=C3C2C4=CC=C(NC(=O)NC5=CC(=CC=C5F)C(F)(F)F)C=C4,COc1ccc(CNC(=O)CC2CC3c4cc(NC(=O)Nc5ccc(C(F)(F)F)cc5)ccc4OC3C(CO)O2)cc1
PIK3CA,Ours,0.31,C=1C(N2CC3OC(C2)CC3)=C4C(=CN(C)C4=NC1)/C=C/5\OC6=C(C=C(NC(NC7=CC=CC=C7)=O)C=C6)C5=O,CC1CCCCOC(CN(C)Cc2ccc(C(F)(F)F)cc2)C(C)CN(C(C)CO)C(=O)c2cc(NC(=O)Nc3ccccc3)ccc2O1
PIK3CA,Ours,0.31,C=1(C=C2C(/C=C\3/OC4=C(C=C(C=C4)NC(NC5=CC=C(C=C5)C(=O)N6CCN(CC6)C)=O)C3=O)=CNC2=CC1)OC,COc1ccc(NC(=O)Nc2ccc3c(c2)C(=O)N(C(C)CO)CC(C)C(CN(C)Cc2ccc(F)cc2)O3)cc1
PIK3CA,Ours,0.31,C=1(C=C2C(/C=C\3/OC4=C(C=C(C=C4)NC(NC5=CC=C(C=C5)C(=O)N6CCN(CC6)C)=O)C3=O)=CNC2=CC1)OC,COc1ccc(NC(=O)Nc2ccc3c(c2)C(=O)N(C(C)CO)CC(C)C(CN(C)Cc2ccc(F)cc2)O3)cc1
PIK3CA,Ours,0.31,C=1(C=C2C(/C=C\3/OC4=C(C=C(C=C4)NC(NC5=CC=C(C=C5)C(=O)N6CCN(CC6)C)=O)C3=O)=CNC2=CC1)OC,COc1ccc(NC(=O)Nc2ccc3c(c2)C(=O)N(C(C)CO)CC(C)C(CN(C)Cc2ccc(F)cc2)O3)cc1
PIK3CA,Ours,0.31,C=1(C=C2C(/C=C\3/OC4=C(C=C(C=C4)NC(NC5=CC=C(C=C5)C(=O)N6CCN(CC6)C)=O)C3=O)=CNC2=CC1)OC,COc1ccc(NC(=O)Nc2ccc3c(c2)C(=O)N(C(C)CO)CC(C)C(CN(C)Cc2ccc(F)cc2)O3)cc1
PIK3CA,Ours,0.31,C=1(C=C2C(/C=C\3/OC4=C(C=C(C=C4)NC(NC5=CC=C(C=C5)C(=O)N6CCN(CC6)C)=O)C3=O)=CNC2=CC1)OC,COc1ccc(NC(=O)N(C)CC2Oc3ccc(NC(=O)Nc4ccc(C(F)(F)F)cc4)cc3C(=O)N(C(C)CO)CC2C)cc1
PIK3CA,Ours,0.31,C=1(C=C2C(/C=C\3/OC4=C(C=C(C=C4)NC(NC5=CC=C(C=C5)C(=O)N6CCN(CC6)C)=O)C3=O)=CNC2=CC1)OC,COc1ccc(NC(=O)N(C)CC2Oc3ccc(NC(=O)Nc4ccc(C(F)(F)F)cc4)cc3C(=O)N(C(C)CO)CC2C)cc1
PIK3CA,Ours,0.31,C=1(C=C2C(/C=C\3/OC4=C(C3=O)C=C(C=C4)NC(NC5=CN=CC=C5)=O)=C(C=6C(=NN(C6C)C)C)NC2=CC1)OC,COc1cccc(NC(=O)Nc2ccc3c(c2)C(=O)N(C(C)CO)CC(C)C(CN(C)C)O3)c1
PIK3CA,Ours,0.31,C1=CC=C2C=3SC(C(N(C4=CC=CC=C4OC)C)=O)=CC3COC2=C1,COc1ccc(CN(C)CC2OCc3ccccc3-c3ccccc3C(=O)N(C(C)CO)CC2C)cc1
PIK3CA,Ours,0.31,C1=C(O)C=C2O/C(/C(=O)C2=C1O)=C\C3=C(C4=CC=CC=C4)N(C)C5=C3C=CC=C5,CC1CN(C(C)CO)C(=O)c2c(c3ccccc3n2C)-c2ccccc2COC1CN(C)C(=O)CCC(F)(F)F
PIK3CA,Ours,0.31,C1=C(N2CC3OC(C2)CC3)C=4C(=CN(C)C4N=C1)/C=C/5\OC=6C(=CC(=CC6)NC(NCCN(C)C)=O)C5=O,CC1CCCCOC(CN(C)Cc2ccc(C(F)(F)F)cc2)C(C)CN(C(C)CO)C(=O)c2cc(NC(=O)CCCN(C)C)ccc2O1
PIK3CA,Ours,0.31,C(NC=1SC=2C(N1)=CC=C(C=3C=CC=C(C3)NS(C4=CC=C(C=C4)OC)(=O)=O)C2)(C)=O,COc1cccc(CNC(=O)CC2CC3c4cc(NS(=O)(=O)c5ccc(F)cc5)ccc4OC3C(CO)O2)c1
PIK3CA,Ours,0.31,C(C=1C=CC(=CC1)NC(=O)NC=2C=CC(=CC2)C=3N=C(N=C(N3)N4CCOCC4)N5CCOCC5)(=O)O,CC(=O)Nc1ccc(C(=O)Nc2ccc(C(=O)O)cc2)cc1
PIK3CA,Ours,0.31,C(C=1C=CC(=CC1)NC(=O)NC=2C=CC(=CC2)C=3N=C(N=C(N3)N4CCOCC4)N5CCOCC5)(=O)O,CC(=O)Nc1ccc(C(=O)Nc2ccc(C(=O)O)cc2)cc1
PIK3CA,Ours,0.31,C(C)(=O)NC=1SC=2C(N1)=CC=C(C3=CN=C(C(=C3)NS(C4=CC=CC=C4C(F)(F)F)(=O)=O)Cl)C2,O=C(Nc1ccccc1C(F)(F)F)c1nc2ccccc2s1
PIK3CA,Ours,0.3,S(NC1=C(N=C2C(=N1)C=CC=C2)NC3=CC(OC)=CC(=C3)OC)(C4=CC=C(F)C=C4)(=O)=O,COc1ccccc1CNC(=O)CC1CC2c3cc(NS(=O)(=O)c4ccc(F)cc4)ccc3OC2C(CO)O1
PIK3CA,Ours,0.3,O=S(NC1=CC(=CN=C1Cl)C=2C=CC=3C(=C(C=CN3)N4CCN(CC4)CC5=CC=CC=C5)C2)(C6=CC=C(C=C6)F)=O,O=C(CCN(Cc1ccc(Cl)cc1)C(=O)c1ccc(S(=O)(=O)Nc2ccccc2C(=O)NCCCN2CCN(Cc3ccccc3)CC2)cc1)NCCCCNC(=O)c1cccnc1
PIK3CA,Ours,0.3,O=S(CC=1C=C(N2CCOCC2)N=C(C3=CC=C(C=C3)NC(NC4=CC=C(C=C4)F)=O)N1)(=O)C,CC1CCCCOC(CN(C)Cc2ccncc2)C(C)CN(C(C)CO)C(=O)c2cc(NC(=O)Nc3ccc(F)cc3)ccc2O1
PIK3CA,Ours,0.3,O1CCN(CC1)C2=NC(=NC=3N(C=CC23)CC)C4=CC=C(NC(=O)NC5=CC=C(C(=O)NCCN(C)C)C=C5)C=C4,CC(C)(C)c1ccc(C(=O)Nc2ccc(C(=O)NCCCn3ccnc3)cc2)cc1
PIK3CA,Ours,0.3,N1=CN=C2C(=C1N)C(C3=CC(=CC=C3)C#N)=NN2C(C)C,CC(C)(C)S(=O)N1C(C#N)C(c2ccc(-c3cccc(C#N)c3)cc2)C1CO
PIK3CA,Ours,0.3,N1=C2N(N=CC2=C(NC=3C=CC=C(C3)OC)N=C1N4CCCCC4)C,NCCNc1nc(Nc2ccc(C(F)(F)F)cc2)nc(N2CCCCC2)n1
PIK3CA,Ours,0.3,C=1C=C2C(=CC1)C=3SC(=CC3CO2)C(N(C(C)C)C)=O,CC(C)NC(=O)N(C)CC1Oc2cc(-c3ccccc3F)ccc2S(=O)(=O)N(C(C)CO)CC1C
PIK3CA,Ours,0.3,C=1C(N2CC3OC(C2)CC3)=C4C(=CN(C)C4=NC1)/C=C/5\OC6=C(C=C(NC(NC7=CC=CC=C7)=O)C=C6)C5=O,COC1CN(C)C(=O)c2cc(NC(=O)NC(C)c3ccccc3)ccc2OCC(C)N(CC2CC2)CC1C
PIK3CA,Ours,0.3,C=1C(N2CC3OC(C2)CC3)=C4C(=CN(C)C4=NC1)/C=C/5\OC6=C(C=C(NC(NC7=CC=CC=C7)=O)C=C6)C5=O,COC1CN(C)C(=O)c2cc(NC(=O)NC(C)c3ccccc3)ccc2OCC(C)N(CC2CC2)CC1C
PIK3CA,Ours,0.3,C12N(C3=NC(N4CCOCC4)=NC(C=5C=CC(=CC5)NC(NC6=CC=C(C=C6)F)=O)=N3)C(COC1)CC2,COC1CN(C)C(=O)c2cc(NC(=O)Nc3ccc(F)cc3)ccc2OCC(C)N(CC2CCCCC2)CC1C
PIK3CA,Ours,0.29,S1C2=C(OC(N3CCOCC3)=CC2=O)C(C4=CC=C(OC)C=C4)=C1,COc1ccc(-c2ccc(C3C(C#N)N(C(=O)CCN4CCOCC4)C3CO)cc2)cc1
PIK3CA,Ours,0.29,O=S(=O)(NC=1C=NC=C(C1)C2=CN3C(C=C2)=NC(=N3)N)C4=CC=C(C=C4)Cl,COC1CN(C)C(=O)c2cc(NS(=O)(=O)c3ccc(Cl)cc3)ccc2OCC(C)NCC1C
PIK3CA,Ours,0.29,O1CCN(CC1)C=2N=C(N=C(O)C2)CC(=O)NC=3C=CC=CC3,CCCCCCCCCCCCCCCCCCC(=O)Nc1ccccc1O
PIK3CA,Ours,0.29,O1CCN(CC1)C2=NC(=NC=3N(N=NC23)CC)C4=CC=C(NC(=O)NC5=CC=C(C(=O)NCCCC)C=C5)C=C4,Cc1ccc(C)c(NC(=O)CCCNC(=O)c2ccc(NC(=O)c3ccccc3F)cc2)c1
PIK3CA,Ours,0.29,O1C2=C(C(C=C1N3CCOCC3)=O)SC=C2C4=CC=C(C=C4)NC(=O)C=5C=NC=CC5,COC1CN(C)C(=O)c2cc(NC(=O)c3cccnc3)ccc2OCC(C)N(CCc2ccccc2)CC1C
PIK3CA,Ours,0.29,N1=C(N2CC3OC(C2)CC3)C=4C=NN(C4N=C1C=5C=CC(=CC5)NC(NC)=O)C(C)C,Cc1nc(-c2ccc(NC(=O)NC(C(=O)O)C(C)C)cc2)no1
PIK3CA,Ours,0.29,FC(F)(F)CN1C=2N=C(N=C(N3CCOCC3)C2C=C1)C4=CC=C(NC(=O)NC5=CC=C(C(=O)NCCN(C)C)C=C5)C=C4,O=C(CSc1nccn1CCCNC(=O)c1ccc(F)cc1)Nc1ccc(C(F)(F)F)cc1
PIK3CA,Ours,0.29,C=1C=C(C=CC1C(C)=O)C=2SC(=NC2C)NC(=O)NCCC(NC(C)(C)C)=O,CC(C)(C)c1ccc(CNC(=O)CC2CC(O)C(O)C(CO)O2)cc1
PIK3CA,Ours,0.29,C=1(C=C2C(/C=C\3/OC4=C(C=C(C=C4)NC(NC5=CC=C(C=C5)C(=O)N6CCN(CC6)C)=O)C3=O)=CNC2=CC1)OC,CCCCCC(=O)Nc1ccc2c(c1)C(=O)N(C)CC(OC)C(C)CN(C(=O)c1ccc(OC)cc1)C(C)CO2
PIK3CA,Ours,0.29,C1=CC(=C2C(=C1)C(C=C(O2)[N+]3(CCOCC3)COC(=O)CCC(NC(C(NCC(NC(C(=O)NC(C(=O)O)CO)CC(O)=O)=O)=O)CCCNC([NH3+])=N)=O)=O)C4=CC=CC=C4,CCN(CC)CCNC(=O)C(Cc1ccc(O)cc1)NC(=O)CNC(=O)CNC(=O)CNC(=O)CNC(=O)CNC(=O)CNC(=O)CNC(=O)CNC(=O)CNC(=O)CNC(C)=O
PIK3CA,Ours,0.29,C1(=CC=C2N(C3=C(C(=NN=C3O)C)C2=C1)CC4=CC=C(C=C4)OC)Br,COc1ccc(CNC(=O)CC2CC3c4cc(NC(=O)CC5CC5)ccc4OC3C(CO)O2)cc1
PIK3CA,Ours,0.29,C(C)(=O)NC=1SC=2C(N1)=CC=C(C3=CN=C(C(=C3)NS(C4=CC=C(C=C4)C(C)(C)C)(=O)=O)Cl)C2,CC(C)(C)c1ccc(C=CC(=O)Nc2ccc(S(=O)(=O)NC(=O)c3ccc(O)cc3)cc2)cc1
PIK3CA,Ours,0.28,S1C2=C(OC(N3CCOCC3)=CC2=O)C(C4=CC=C(NC(=O)C=5C=CN=CC5)C=C4)=C1,CC1CCCCOC(CN(C)Cc2ccncc2)C(C)CN(C(C)CO)C(=O)c2cc(NC(=O)c3ccncc3)ccc2O1
PIK3CA,Ours,0.28,S1C2=C(OC(N3CCOCC3)=CC2=O)C(C4=CC=C(NC(=O)C=5C=CN=CC5)C=C4)=C1,CC1CCCCOC(CN(C)Cc2ccncc2)C(C)CN(C(C)CO)C(=O)c2cc(NC(=O)c3ccncc3)ccc2O1
PIK3CA,Ours,0.28,S1C(C(=O)N(C2CCCCC2)C)=CC3=C1C=4C(OCC3)=CC=CC4,CN(C)c1ccc2c(c1)C1CC(CC(=O)NC3CCCCC3)OC(CO)C1O2
PIK3CA,Ours,0.28,O=S(NC1=CC(=CN=C1Cl)C=2C=CC=3C(=C(C=CN3)N4CCN(CC4)CC5=CC=NC=C5)C2)(C6=CC=C(C=C6)F)=O,CC1CCCCOC(CN(C)Cc2ccncc2)C(C)CN(C(C)CO)C(=O)c2cc(NS(=O)(=O)c3ccc(F)cc3)ccc2O1
PIK3CA,Ours,0.28,O1C(=NC(C2=C1C(=C(C=C2)OCC3=CN=CC=C3)C)=O)N4CCOCC4,CC1CN(C(C)CO)C(=O)CCCn2cc(nn2)COC1CN(C)Cc1cccnc1
PIK3CA,Ours,0.28,N=1C(=NC(C2=CC=C(C=C2)NC(NC3=CC=C(C=C3)C(N(C)CCN(C)C)=O)=O)=NC1OC(C)C)N4CCOCC4,CC1CN(C(C)CO)C(=O)c2cc(NC(=O)CCCN(C)C)ccc2OC1CN(C)Cc1ccc(C(=O)O)cc1
PIK3CA,Ours,0.28,N1=C(C2=CC=C(NC(NC3=CC=C(C=C3)C(N(C)CCN(C)C)=O)=O)C=C2)N=C(N4CCOCC4)C5=C1N(CC(F)(F)F)C=C5,COC(CN(C)C(=O)c1cccc(Cl)c1)C(C)CN(C(=O)Nc1ccc(C(F)(F)F)cc1)C(C)CO
PIK3CA,Ours,0.28,C=1C=C(C=CC1C(C)=O)C=2SC(=NC2C)NC(=O)NCCC(NC(C)(C)C)=O,CC(C)C(C)C(=O)Nc1ccc(C(=O)NC(C)(C)C)cc1
PIK3CA,Ours,0.28,C=1C=C(C=CC1C(C)=O)C=2SC(=NC2C)NC(=O)NCCC(NC(C)(C)C)=O,CC(C)C(C)C(=O)Nc1ccc(C(=O)NC(C)(C)C)cc1
PIK3CA,Ours,0.28,C=12C3=C(C4=C5C1N(C6=CC=CC=C26)[C@]7(O[C@@H](N5C=8C=CC=CC48)C[C@H]([C@H]7OC)N(C(=O)C=9C=CC=CC9)C)C)C(NC3)=O,CC1CN(C(C)CO)C(=O)c2c(c3ccccc3n2C)-c2ccccc2COC1CN(C)C(=O)Cc1ccccc1
PIK3CA,Ours,0.28,C=1(C=C2C(/C=C\3/OC4=C(C=C(C=C4)NC(NC5=CC=C(C=C5)C(=O)N6CCN(CC6)C)=O)C3=O)=CNC2=CC1)OC,CCCNC(=O)Nc1ccc2c(c1)C(=O)N(C)CC(OC)C(C)CN(C(=O)c1ccc(OC)cc1)C(C)CO2
PIK3CA,Ours,0.28,C1=C(N2CC3OC(C2)CC3)C=4C(=CN(C)C4N=C1)/C=C/5\OC=6C(=CC(=CC6)NC(NCCN(C)C)=O)C5=O,CCCNC(=O)Nc1ccc2c(c1)C(=O)N(C)CC(OC)C(C)CN(C(=O)c1ccccn1)C(C)CO2
PIK3CA,Ours,0.28,C1=C(N2CC3OC(C2)CC3)C=4C(=CN(C)C4N=C1)/C=C/5\OC=6C(=CC(=CC6)NC(NCCN(C)C)=O)C5=O,CC(C)NC(=O)Nc1ccc2c(c1)C(=O)N(C(C)CO)CC(C)C(CN(C)Cc1ccc(C(F)(F)F)cc1)O2
PIK3CA,Ours,0.27,O=S(=O)(NC=1C(Cl)=NC=C(C1)C=2C=CC=3C(=C(C=CN3)C4=CC=CC=C4)C2)C5=CC=C(C=C5)F,CCCN1C(C(=O)NCc2ccc(-c3ccccc3)cc2)C(CO)C2Cn3c(ccc(-c4ccc(F)cc4)c3=O)C21
PIK3CA,Ours,0.27,N1=C(C2=CC(=CC=C2)O)N=C(C3=C1C(=CN3)C4CCN(CC4)CC5=CC=C(C=C5)F)N6CCOCC6,COc1ccc2[nH]c3c(c2c1)C1(CCN(Cc2ccc(F)cc2)CC1)CN(Cc1ccc(Cl)cc1)C3CO
PIK3CA,Ours,0.27,C1=C(N2CCOCC2)N=C3N(C=CN3CC4=CC=CC=C4F)C1=O,CCCNC(=O)CC1CCC2C(COCC(O)CN2Cc2ccccc2F)O1
PIK3CA,Ours,0.27,C1=C(N2CC3OC(C2)CC3)C=4C(=CN(C)C4N=C1)/C=C/5\OC=6C(=CC(=CC6)NC(NCCN(C)C)=O)C5=O,CCCNC(=O)Nc1ccc2c(c1)C(=O)N(C(C)CO)CC(C)C(CN(C)C)O2
PIK3CA,Ours,0.27,C(C)(=O)NC=1SC2=CC(C3=CC=NC(=N3)CC4=CC=CC=C4)=CC=C2N1,CNCC1Oc2c(NC(=O)Cc3ccccc3)cccc2C(=O)N(C(C)CO)CC1C
PIK3CA,Ours,0.26,O=S(C=1C=C(C=CC1Cl)C=2N=C(C(=NC2)N)C(=O)NC)(NC=3C=CC(=CC3)Cl)=O,NS(=O)(=O)c1ccc(Cl)c(NC(=O)CCCNCCCNC(=O)c2ccc(Cl)cc2)c1
PIK3CA,Ours,0.26,O1C2=C(C(C=C1N3CCOCC3)=O)SC=C2C4=CC=C(C=C4)NC(=O)C=5C=NC=CC5,CCCNC(=O)CC1CC2c3cc(NC(=O)c4cccnc4)ccc3OC2C(CO)O1
PIK3CA,Ours,0.26,C1C(CC2=C(SC(=N2)N3CCOCC3)C1=O)C,CC(C)CC1COCc2cn(nn2)CCC(C)C(=O)N1
SMAD3,Cosine Search,0.37,N1C(N=C(C1=O)CC=2OC=CC2)=O,Nn1c(=O)c(Cc2ccco2)n[nH]c1=S
SMAD3,Cosine Search,0.37,N1C(N=C(C1=O)CC=2OC=CC2)=O,Nn1c(=O)c(Cc2ccco2)n[nH]c1=S
SMAD3,Cosine Search,0.37,N1C(N=C(C1=O)CC=2OC=CC2)=O,Nn1c(=O)c(Cc2ccco2)n[nH]c1=S
SMAD3,Cosine Search,0.37,N1C(N=C(C1=O)CC=2OC=CC2)=O,Nn1c(=O)c(Cc2ccco2)n[nH]c1=S
SMAD3,Cosine Search,0.37,N1C(N=C(C1=O)CC=2OC=CC2)=O,Nn1c(=O)c(Cc2ccco2)n[nH]c1=S
SMAD3,Cosine Search,0.37,N1C(N=C(C1=O)CC=2OC=CC2)=O,Nn1c(=O)c(Cc2ccco2)n[nH]c1=S
SMAD3,Cosine Search,0.34,C1=CC=2C=C(C(=O)NC=3C=CC=CC3)NC2C=C1,CNC(=O)CCc1cc2ccccc2[nH]1
SMAD3,Cosine Search,0.34,C1=CC=2C=C(C(=O)NC=3C=CC=CC3)NC2C=C1,CNC(=O)CCc1cc2ccccc2[nH]1
SMAD3,Cosine Search,0.37,N1C(N=C(C1=O)CC=2OC=CC2)=O,Nn1c(=O)c(Cc2ccco2)n[nH]c1=S
SMAD3,Cosine Search,0.3,O=C(NC1CCN(CC1)CC2=CC=CC=C2)CC3=CC=CC=C3,CN1[C@@H]2CC[C@H](CC(=O)N[C@@H]3CCN(Cc4ccccc4)C3)O[C@H]2COc2ccc(NC(=O)Cc3cccs3)cc2C1=O
SMAD3,Cosine Search,0.43,ClC=1C=C(N2CCN(CC2)CCCNC(=O)C3=C(N(N=C3)C4=CC=C(C=C4)C)N5C=CC=C5)C=CC1,Clc1cccc(c1)N1CCN(CCCn2nc3ccccn3c2=O)CC1
SMAD3,Cosine Search,0.38,S(C(=O)C=1C=CC(=CC1)C)C=2C(=O)C=CC=CC2,Cc1ccc(cc1)C(=O)/N=c2/cccc[nH]2
SMAD3,Cosine Search,0.37,N1C(N=C(C1=O)CC=2OC=CC2)=O,Nn1c(=O)c(Cc2ccco2)n[nH]c1=S
SMAD3,Cosine Search,0.37,N1C(N=C(C1=O)CC=2OC=CC2)=O,Nn1c(=O)c(Cc2ccco2)n[nH]c1=S
SMAD3,Cosine Search,0.59,S(C=1N(N=NN1)C)CC(=O)N2CCN(C(C3=CC=CC=C3)C4=CC=CC=C4)CC2,CN1CCN(CC1)C(c1ccccc1)c1ccccc1
SMAD3,Cosine Search,0.21,O(C(=O)CCCCCCC)CC(O)CO,CCCCC[C@H](O)/C=C/[C@@H]1[C@@H](C/C=CCCCC(=O)O)[C@H]2CO[C@@H]1C2
SMAD3,Cosine Search,0.27,FC=1C(N2CC3C(C3N)C2)=NC=4N(C=5C(F)=CC(F)=CC5)C=C(C(=O)C4C1)C(=O)O,NC1CCN(C1)c1c(F)cc2c(c1Cl)n(cc(C(O)=O)c2=O)C1CC1
SMAD3,Cosine Search,0.34,O(C=1C(N)=C2N=C3C(=NC2=CC1)C=CC=C3)C,COc1cc2CC(C)(C)n3c(cc4nc5ccccc5nc34)-c2cc1OC
SMAD3,Cosine Search,0.24,O1C(NC=2NC=NC3=NC=NC23)C(O)C(O)C(NC(=O)CNC(=O)CCCCCCCCCCCCC(C)C)C1C(O)CO,C[C@H](O)[C@H](C)[C@@H]1O[C@H]1C[C@H]1CO[C@@H](CC(C)=CC(=O)OCCCCCCCCC(O)=O)[C@H](O)[C@@H]1O
SMAD3,Cosine Search,0.41,C1(=CC(O)=C2C(=O)C(OC)=C(C3=CC(=C(C=C3)O)O)OC2=C1)O,Cc1cc(O)cc2oc3cc(O)cc(O)c3c(=O)c12
SMAD3,Cosine Search,0.37,N1C(N=C(C1=O)CC=2OC=CC2)=O,Nn1c(=O)c(Cc2ccco2)n[nH]c1=S
SMAD3,Cosine Search,0.46,O1C2=C(C(=O)C=3C1=CC(O)=CC3O)C(O[C@H]4O[C@H]([C@H](O)[C@@H](O)[C@@H]4O)CO)=CC=C2O,OCC1OC(Oc2cc(O)c3c(=O)c(coc3c2)c4ccc(O)cc4)C(O)C(O)C1O
SMAD3,Cosine Search,0.34,C1=CC=2C=C(C(=O)NC=3C=CC=CC3)NC2C=C1,CNC(=O)CCc1cc2ccccc2[nH]1
SMAD3,Cosine Search,0.37,N1C(N=C(C1=O)CC=2OC=CC2)=O,Nn1c(=O)c(Cc2ccco2)n[nH]c1=S
SMAD3,Cosine Search,0.54,S(=O)(=O)(N1CCN(C(=O)C2=CC(N(=O)=O)=C(N3N=CN=C3)C=C2)CC1)C=4C(F)=CC=CC4F,Fc1cccc(F)c1S(=O)(=O)N2CCN(CC2)C(=O)c3ccc4OCCOc4c3
SMAD3,Cosine Search,0.31,O=C(C=1C=CC=CC1)C=CC2=NC=CC=C2,CC(C)N(CCC(C(N)=O)(c1ccccc1)c1ccccn1)C(C)C
SMAD3,Cosine Search,0.37,N1C(N=C(C1=O)CC=2OC=CC2)=O,Nn1c(=O)c(Cc2ccco2)n[nH]c1=S
SMAD3,Cosine Search,0.39,OC(=O)C1N(CC=2C(C1)=CC=CC2)C(=O)C,CCOC(=O)[C@H](CCc1ccccc1)N[C@@H](C)C(=O)N1Cc2ccccc2C[C@H]1C(O)=O
SMAD3,Cosine Search,0.37,N1C(N=C(C1=O)CC=2OC=CC2)=O,Nn1c(=O)c(Cc2ccco2)n[nH]c1=S
SMAD3,Cosine Search,0.37,N1C(N=C(C1=O)CC=2OC=CC2)=O,Nn1c(=O)c(Cc2ccco2)n[nH]c1=S
SMAD3,Cosine Search,0.37,N1C(N=C(C1=O)CC=2OC=CC2)=O,Nn1c(=O)c(Cc2ccco2)n[nH]c1=S
SMAD3,Cosine Search,0.38,S(C(=O)C=1C=CC(=CC1)C)C=2C(=O)C=CC=CC2,Cc1ccc(cc1)C(=O)/N=c2/cccc[nH]2
SMAD3,Cosine Search,0.37,N1C(N=C(C1=O)CC=2OC=CC2)=O,Nn1c(=O)c(Cc2ccco2)n[nH]c1=S
SMAD3,Cosine Search,0.42,BrC=1C=C2C(O[C@@H]([C@@H](CN(C2=O)[C@@H](CO)C)C)CN(C(=O)NC3=C(OC)C=CC=C3)C)=NC1,CNC[C@H]1Oc2ncc(C#Cc3cccc(OC)c3)cc2C(=O)N(C[C@H]1C)[C@H](C)CO
SMAD3,Cosine Search,0.18,O(C(=O)CCCCCCC)CC(O)CO,OCCCCC/C=CC/C=CC(O)CC1CCC(CC(=O)O)O1
SMAD3,Cosine Search,0.37,N1C(N=C(C1=O)CC=2OC=CC2)=O,Nn1c(=O)c(Cc2ccco2)n[nH]c1=S
SMAD3,Cosine Search,0.41,S(=O)(=O)(NC1CCCCC1)C2=CC=C(C=C2)C,Cc1ccc(cc1)S(=O)(=O)NC(=O)NN1CC2CCCC2C1
SMAD3,Cosine Search,0.37,N1C(N=C(C1=O)CC=2OC=CC2)=O,Nn1c(=O)c(Cc2ccco2)n[nH]c1=S
SMAD3,Cosine Search,0.37,N1C(N=C(C1=O)CC=2OC=CC2)=O,Nn1c(=O)c(Cc2ccco2)n[nH]c1=S
SMAD3,Cosine Search,0.26,O=C1N2C([C@H]3C[C@@H](C2)CN(C3)C(=O)NCCC(=O)NC4=CC(=CC(=C4)C)C)=CC=C1,CCCNC(=O)N1[C@@H]2Cn3c(cccc3=O)[C@H]1[C@H]([C@@H]2CO)C(=O)NCC(F)(F)F
SMAD3,Cosine Search,0.37,N1C(N=C(C1=O)CC=2OC=CC2)=O,Nn1c(=O)c(Cc2ccco2)n[nH]c1=S
SMAD3,Cosine Search,0.55,O1C=2C(OC1)=CC=C(C2)CNC(=O)C3=CC(N(=O)=O)=CC=C3,Clc1cccc(Cl)c1C(=O)NCc2ccc3OCOc3c2
SMAD3,Cosine Search,0.37,N1C(N=C(C1=O)CC=2OC=CC2)=O,Nn1c(=O)c(Cc2ccco2)n[nH]c1=S
SMAD3,Cosine Search,0.37,N1C(N=C(C1=O)CC=2OC=CC2)=O,Nn1c(=O)c(Cc2ccco2)n[nH]c1=S
SMAD3,Cosine Search,0.34,C1=CC=2C=C(C(=O)NC=3C=CC=CC3)NC2C=C1,CNC(=O)CCc1cc2ccccc2[nH]1
SMAD3,Cosine Search,0.37,N1C(N=C(C1=O)CC=2OC=CC2)=O,Nn1c(=O)c(Cc2ccco2)n[nH]c1=S
SMAD3,Cosine Search,0.3,O1C2=C(C(C3=CC(C=4C=CC(=CC4)C(=O)C)=CC=C3)=CC1=O)C(OC)=CC(OC)=C2,OC(=O)c1ccc(cc1)-c1cccc(c1)-c1nn2c(nc(cc2=O)N2CCNCC2)s1
SMAD3,Cosine Search,0.38,S(C(=O)C=1C=CC(=CC1)C)C=2C(=O)C=CC=CC2,Cc1ccc(cc1)C(=O)/N=c2/cccc[nH]2
SMAD3,Cosine Search,0.37,N1C(N=C(C1=O)CC=2OC=CC2)=O,Nn1c(=O)c(Cc2ccco2)n[nH]c1=S
SMAD3,Cosine Search,0.39,O=C1N(C=2C(CC1)=CC=CC2)CC3=CC=CC=C3,CCOC(=O)[C@H](CCc1ccccc1)N[C@H]1CCc2ccccc2N(CC(O)=O)C1=O
SMAD3,Cosine Search,0.37,N1C(N=C(C1=O)CC=2OC=CC2)=O,Nn1c(=O)c(Cc2ccco2)n[nH]c1=S
SMAD3,Cosine Search,0.62,O(C(=O)C=1C=2C(NC1)=CC=CC2)CC(=O)N3CCCCC3,O=C(OCCN1CCCCC1)c1c[nH]c2ccccc12
SMAD3,Cosine Search,0.38,S(C(=O)C=1C=CC(=CC1)C)C=2C(=O)C=CC=CC2,Cc1ccc(cc1)C(=O)/N=c2/cccc[nH]2
SMAD3,Cosine Search,0.34,C1=CC=2C=C(C(=O)NC=3C=CC=CC3)NC2C=C1,CNC(=O)CCc1cc2ccccc2[nH]1
SMAD3,Cosine Search,0.34,C1=CC=2C=C(C(=O)NC=3C=CC=CC3)NC2C=C1,CNC(=O)CCc1cc2ccccc2[nH]1
SMAD3,Cosine Search,0.37,N1C(N=C(C1=O)CC=2OC=CC2)=O,Nn1c(=O)c(Cc2ccco2)n[nH]c1=S
SMAD3,Cosine Search,0.37,N1C(N=C(C1=O)CC=2OC=CC2)=O,Nn1c(=O)c(Cc2ccco2)n[nH]c1=S
SMAD3,Cosine Search,0.38,S(C(=O)C=1C=CC(=CC1)C)C=2C(=O)C=CC=CC2,Cc1ccc(cc1)C(=O)/N=c2/cccc[nH]2
SMAD3,Cosine Search,0.37,N1C(N=C(C1=O)CC=2OC=CC2)=O,Nn1c(=O)c(Cc2ccco2)n[nH]c1=S
SMAD3,Cosine Search,0.37,N1C(N=C(C1=O)CC=2OC=CC2)=O,Nn1c(=O)c(Cc2ccco2)n[nH]c1=S
SMAD3,Cosine Search,0.34,C1=CC=2C=C(C(=O)NC=3C=CC=CC3)NC2C=C1,CNC(=O)CCc1cc2ccccc2[nH]1
SMAD3,Cosine Search,0.61,O1C=2C(C(C=3C1=CC=CC3)C(OCC(=O)NCC(C)C)=O)=CC=CC2,CC(C)[N+](C)(CCOC(=O)C1c2ccccc2Oc2ccccc12)C(C)C
SMAD3,Cosine Search,0.37,N1C(N=C(C1=O)CC=2OC=CC2)=O,Nn1c(=O)c(Cc2ccco2)n[nH]c1=S
SMAD3,Cosine Search,0.47,S(=O)(=O)(C1=CC=C(OC)C=C1)CCC(=O)NC=2C(=O)N(N(C2C)C)C3=CC=CC=C3,Cc1c(NC(=O)c2cccnc2)c(=O)n(-c2ccccc2)n1C
SMAD3,Cosine Search,0.37,O=C\1NC2=C(/C1=C\C=3C=4C(N(C3)CC(=O)N5C(CCCC5C)C)=CC=CC4)C=CC=C2,Cn1cc(/C=C/2C(=O)Nc3ccc(cc23)S(=O)(=O)N)c4ccccc14
SMAD3,Cosine Search,0.62,FC(F)(F)C=1C=C(C(=O)C2CN(CC=3OC(=CC3)C)CCC2)C=CC1,CCn1cc(CN2CCCC(C2)C(=O)c3cccc(c3)C(F)(F)F)cn1
SMAD3,Cosine Search,0.34,C1=CC=2C=C(C(=O)NC=3C=CC=CC3)NC2C=C1,CNC(=O)CCc1cc2ccccc2[nH]1
SMAD3,Cosine Search,0.25,O(C1=NC=C(C=C1)/C=N/O)C2=CC=C(C=C2)C#N,N#Cc1ccc(cc1)C1CCCc2cncn12
SMAD3,Cosine Search,0.37,N1C(N=C(C1=O)CC=2OC=CC2)=O,Nn1c(=O)c(Cc2ccco2)n[nH]c1=S
SMAD3,Cosine Search,0.34,C1=CC=2C=C(C(=O)NC=3C=CC=CC3)NC2C=C1,CNC(=O)CCc1cc2ccccc2[nH]1
SMAD3,Cosine Search,0.78,S(O)(=O)(=NC1=CC=2C(=O)N([C@H](CO)C)C[C@H]([C@@H](OCCCC[C@@H](OC2C=C1)C)CN(CC=3C=C4OCOC4=CC3)C)C)C,C[C@H](CO)N1C[C@H](C)[C@@H](CN(C)Cc2ccc3OCOc3c2)OCCCC[C@H](C)Oc4ccc(cc4C1=O)N(C)C
SMAD3,Cosine Search,0.76,S(=O)(=O)(N(C[C@H]1OC2=C(C(=O)N(C[C@@H]1C)[C@@H](CO)C)C=CC=C2N(C)C)C)C3=CC=CC=C3,COc1ccc(cc1)S(=O)(=O)N(C)C[C@H]2Oc3c(cccc3C(=O)N(C[C@H]2C)[C@@H](C)CO)N(C)C
SMAD3,Cosine Search,0.37,N1C(N=C(C1=O)CC=2OC=CC2)=O,Nn1c(=O)c(Cc2ccco2)n[nH]c1=S
SMAD3,Cosine Search,0.37,N1C(N=C(C1=O)CC=2OC=CC2)=O,Nn1c(=O)c(Cc2ccco2)n[nH]c1=S
SMAD3,Cosine Search,0.67,S(=O)(=O)(NC1=CC=2C(=O)N(C[C@@H]([C@@H](OCCCC[C@H](OC2C=C1)C)CN(S(=O)(=O)C3=CC=CC=C3)C)C)[C@@H](CO)C)C4=CC=C(F)C=C4,COc1ccc(cc1)S(=O)(=O)N(C)C[C@H]2OCCCC[C@H](C)Oc3ccc(NS(=O)(=O)c4cn(C)cn4)cc3C(=O)N(C[C@H]2C)[C@@H](C)CO
SMAD3,Cosine Search,0.37,N1C(N=C(C1=O)CC=2OC=CC2)=O,Nn1c(=O)c(Cc2ccco2)n[nH]c1=S
SMAD3,Cosine Search,0.37,N1C(N=C(C1=O)CC=2OC=CC2)=O,Nn1c(=O)c(Cc2ccco2)n[nH]c1=S
SMAD3,Cosine Search,0.34,S1C=2C(N=C1CC3=CC=C(NC(=O)C4=CC=NC=C4)C=C3)=CC=CC2,CN(C)CCCc1cc(ccc1O)C(=O)Nc2ccc(cc2)c3ccncc3
SMAD3,Cosine Search,0.74,S(=O)(=O)(NC1=CC2=C(O[C@@H]([C@H](CN(C2=O)[C@@H](CO)C)C)CN(C(=O)NC=3C=CC(C(F)(F)F)=CC3)C)C=C1)C4=CC=CC=C4,C[C@@H](CO)N1C[C@@H](C)[C@@H](CN(C)C(=O)Nc2ccc(cc2)C(F)(F)F)Oc3ccc(NC(=O)Cc4ccccc4)cc3C1=O
SMAD3,Cosine Search,0.37,N1C(N=C(C1=O)CC=2OC=CC2)=O,Nn1c(=O)c(Cc2ccco2)n[nH]c1=S
SMAD3,Cosine Search,0.37,N1C(N=C(C1=O)CC=2OC=CC2)=O,Nn1c(=O)c(Cc2ccco2)n[nH]c1=S
SMAD3,Cosine Search,0.38,C=12[C@H]([C@@H](OC(C(CC)(C)C)=O)C[C@H](C1)C)[C@@H](CC[C@H]3OC(=O)C[C@@H](C3)O)[C@@H](C)C=C2,CCC(C)C(=O)OC1CC(C)C=C2C=CC(C)C(CCC(O)CC(O)CC(=O)O)C12
SMAD3,Cosine Search,0.37,N1C(N=C(C1=O)CC=2OC=CC2)=O,Nn1c(=O)c(Cc2ccco2)n[nH]c1=S
SMAD3,Cosine Search,0.38,S(C(=O)C=1C=CC(=CC1)C)C=2C(=O)C=CC=CC2,Cc1ccc(cc1)C(=O)/N=c2/cccc[nH]2
SMAD3,Cosine Search,0.53,S(=O)(=O)(N(C[C@H]1OCC=2N=NN(C2)CCCC(=O)N(C[C@@H]1C)[C@@H](CO)C)C)C3=CN=C(OC4=CC=CC=C4)C=C3,COc1cccc(NC(=O)N(C)C[C@@H]2OCc3cn(CCCC(=O)N(C[C@@H]2C)[C@H](C)CO)nn3)c1
SMAD3,Cosine Search,0.37,N1C(N=C(C1=O)CC=2OC=CC2)=O,Nn1c(=O)c(Cc2ccco2)n[nH]c1=S
SMAD3,Cosine Search,0.3,C1=C(N(=O)=O)C(=CC(=C1)N2CCNCC2)NC(C3=CC=CC=C3)C,Clc1ccc2Oc3ccccc3N=C(N3CCNCC3)c2c1
SMAD3,Cosine Search,0.37,N1C(N=C(C1=O)CC=2OC=CC2)=O,Nn1c(=O)c(Cc2ccco2)n[nH]c1=S
SMAD3,Cosine Search,0.41,ClC=1C(Cl)=CC=C(C1)CNC(C(O)C2=CC=CC=C2)C,C[C@H](NC[C@H](O)CP(O)(=O)Cc1ccccc1)c1ccc(Cl)c(Cl)c1
SMAD3,Cosine Search,0.37,N1C(N=C(C1=O)CC=2OC=CC2)=O,Nn1c(=O)c(Cc2ccco2)n[nH]c1=S
SMAD3,Cosine Search,0.48,BrC=1C=C2O[C@H]([C@@H](CN(S(=O)(=O)C2=CC1)[C@H](CO)C)C)CN(C(=O)C3=C(F)C=CC=C3)C,C[C@@H](CO)N1C[C@H](C)[C@@H](CN(C)C)Oc2cc(C#Cc3ccccn3)ccc2S1(=O)=O
SMAD3,Cosine Search,0.37,N1C(N=C(C1=O)CC=2OC=CC2)=O,Nn1c(=O)c(Cc2ccco2)n[nH]c1=S
SMAD3,Cosine Search,0.37,N1C(N=C(C1=O)CC=2OC=CC2)=O,Nn1c(=O)c(Cc2ccco2)n[nH]c1=S
SMAD3,Cosine Search,0.37,N1C(N=C(C1=O)CC=2OC=CC2)=O,Nn1c(=O)c(Cc2ccco2)n[nH]c1=S
SMAD3,Cosine Search,0.59,S(=O)(=O)(N(C[C@@H]1OCC=2N(N=NC2)CCCC(=O)N(C[C@H]1C)[C@@H](CO)C)C)C=3SC=CC3,C[C@@H](CO)N1C[C@@H](C)[C@H](CN(C)C(=O)OCc2ccccc2)OCc3cnnn3CCCC1=O
SMAD3,Cosine Search,0.34,C1=CC=2C=C(C(=O)NC=3C=CC=CC3)NC2C=C1,CNC(=O)CCc1cc2ccccc2[nH]1
SMAD3,Cosine Search,0.37,N1C(N=C(C1=O)CC=2OC=CC2)=O,Nn1c(=O)c(Cc2ccco2)n[nH]c1=S
SMAD3,Cosine Search,0.49,O1N=C(N=C1C2=CC(OC)=C(OC)C=C2)CC=3C=C(OC)C(OC)=CC3,COc1ccc(Cc2nccc3cc(OC)c(OC)cc23)cc1OC
SMAD3,Cosine Search,0.28,ClC=1C=C2C(N(CC3=C(N(C2)C)N=CC=C3)C)=CC1,CN1CCN2C(C1)c1ccccc1Cc1cccnc21
SMAD3,Cosine Search,0.43,S(=O)(=O)(NC1=NC=CC=C1)C=2C=CC(NC(=O)COC)=CC2,OC(=O)c1cc(ccc1O)N=Nc1ccc(cc1)S(=O)(=O)Nc1ccccn1
SMAD3,Euclidean Search,0.37,N1C(N=C(C1=O)CC=2OC=CC2)=O,Nn1c(=O)c(Cc2ccco2)n[nH]c1=S
SMAD3,Euclidean Search,0.37,N1C(N=C(C1=O)CC=2OC=CC2)=O,Nn1c(=O)c(Cc2ccco2)n[nH]c1=S
SMAD3,Euclidean Search,0.37,N1C(N=C(C1=O)CC=2OC=CC2)=O,Nn1c(=O)c(Cc2ccco2)n[nH]c1=S
SMAD3,Euclidean Search,0.37,N1C(N=C(C1=O)CC=2OC=CC2)=O,Nn1c(=O)c(Cc2ccco2)n[nH]c1=S
SMAD3,Euclidean Search,0.37,N1C(N=C(C1=O)CC=2OC=CC2)=O,Nn1c(=O)c(Cc2ccco2)n[nH]c1=S
SMAD3,Euclidean Search,0.37,N1C(N=C(C1=O)CC=2OC=CC2)=O,Nn1c(=O)c(Cc2ccco2)n[nH]c1=S
SMAD3,Euclidean Search,0.34,C1=CC=2C=C(C(=O)NC=3C=CC=CC3)NC2C=C1,CNC(=O)CCc1cc2ccccc2[nH]1
SMAD3,Euclidean Search,0.34,C1=CC=2C=C(C(=O)NC=3C=CC=CC3)NC2C=C1,CNC(=O)CCc1cc2ccccc2[nH]1
SMAD3,Euclidean Search,0.37,N1C(N=C(C1=O)CC=2OC=CC2)=O,Nn1c(=O)c(Cc2ccco2)n[nH]c1=S
SMAD3,Euclidean Search,0.37,O(C=1C=CC(C(=O)NCCC(=O)NCCCC(OCC)=O)=CC1)CC,CCOC(=O)c1ccc(OC(=O)CCCCCNC(N)=N)cc1
SMAD3,Euclidean Search,0.43,ClC=1C=C(N2CCN(CC2)CCCNC(=O)C3=C(N(N=C3)C4=CC=C(C=C4)C)N5C=CC=C5)C=CC1,Clc1cccc(c1)N1CCN(CCCn2nc3ccccn3c2=O)CC1
SMAD3,Euclidean Search,0.37,N1C(N=C(C1=O)CC=2OC=CC2)=O,Nn1c(=O)c(Cc2ccco2)n[nH]c1=S
SMAD3,Euclidean Search,0.37,N1C(N=C(C1=O)CC=2OC=CC2)=O,Nn1c(=O)c(Cc2ccco2)n[nH]c1=S
SMAD3,Euclidean Search,0.37,N1C(N=C(C1=O)CC=2OC=CC2)=O,Nn1c(=O)c(Cc2ccco2)n[nH]c1=S
SMAD3,Euclidean Search,0.42,S=C(NC(=O)C=1OC=CC1)NCCC2=CC=CC=C2,NC(=N)NC(=N)NCCc1ccccc1
SMAD3,Euclidean Search,0.36,O=C1N(C=C(C2=C1C=CC=C2)C(=O)N3CCN(CC3)C(OCC)=O)C=4C=C(C(=CC4)C)C,Fc1ccc(Cc2n[nH]c(=O)c3ccccc23)cc1C(=O)N1CCN(CC1)C(=O)C1CC1
SMAD3,Euclidean Search,0.36,O=C1NCC(C2=CC=CC=C2)(CC1)C,CCC1(C(=O)NCNC1=O)c1ccccc1
SMAD3,Euclidean Search,0.65,O=C1NC(=O)N=C2N(C=3C(N=C21)=CC=C(N(C)C)C3)CC(O)C(O)C(O)CO,Cc1cc2nc3c(nc(=O)[nH]c3=O)n(C[C@H](O)[C@H](O)[C@H](O)CO)c2cc1C
SMAD3,Euclidean Search,0.33,O=N(=O)C=1N(C(=NC1)C)CC(=O)NC2=C(C=CC=C2)C,CC(O)Cn1c(C)ncc1[N+]([O-])=O
SMAD3,Euclidean Search,0.28,S(O)(=O)(=NN1C(=O)C2=C(NC1C)C=CC=C2)C,CC1Nc2cc(Cl)c(cc2C(=O)N1c1ccccc1C)S(N)(=O)=O
SMAD3,Euclidean Search,0.37,N1C(N=C(C1=O)CC=2OC=CC2)=O,Nn1c(=O)c(Cc2ccco2)n[nH]c1=S
SMAD3,Euclidean Search,0.44,C1=CC(=CC=C1OCC(COC(N)=O)O)Cl,COc1ccccc1OCC(O)COC(N)=O
SMAD3,Euclidean Search,0.34,C1=CC=2C=C(C(=O)NC=3C=CC=CC3)NC2C=C1,CNC(=O)CCc1cc2ccccc2[nH]1
SMAD3,Euclidean Search,0.37,N1C(N=C(C1=O)CC=2OC=CC2)=O,Nn1c(=O)c(Cc2ccco2)n[nH]c1=S
SMAD3,Euclidean Search,0.36,O=C1N(C=C(C2=C1C=CC=C2)C(=O)N3CCN(CC3)C(OCC)=O)C=4C=C(C(=CC4)C)C,Fc1ccc(Cc2n[nH]c(=O)c3ccccc23)cc1C(=O)N1CCN(CC1)C(=O)C1CC1
SMAD3,Euclidean Search,0.49,O1N=C(N=C1CN(CCC=2C=C(OC)C(OC)=CC2)C)CC=3C=C(OC)C(OC)=CC3,COc1ccc(CCN(C)CCCC(C#N)(C(C)C)c2ccc(OC)c(OC)c2)cc1OC
SMAD3,Euclidean Search,0.37,N1C(N=C(C1=O)CC=2OC=CC2)=O,Nn1c(=O)c(Cc2ccco2)n[nH]c1=S
SMAD3,Euclidean Search,0.26,BrC=1C=C(F)C(OCC(=O)N(C2=CC=C(F)C=C2)CCC#N)=CC1,CN(C)CCC[C@]1(OCc2cc(ccc12)C#N)c1ccc(F)cc1
SMAD3,Euclidean Search,0.37,N1C(N=C(C1=O)CC=2OC=CC2)=O,Nn1c(=O)c(Cc2ccco2)n[nH]c1=S
SMAD3,Euclidean Search,0.37,N1C(N=C(C1=O)CC=2OC=CC2)=O,Nn1c(=O)c(Cc2ccco2)n[nH]c1=S
SMAD3,Euclidean Search,0.37,N1C(N=C(C1=O)CC=2OC=CC2)=O,Nn1c(=O)c(Cc2ccco2)n[nH]c1=S
SMAD3,Euclidean Search,0.38,S(C(=O)C=1C=CC(=CC1)C)C=2C(=O)C=CC=CC2,Cc1ccc(cc1)C(=O)/N=c2/cccc[nH]2
SMAD3,Euclidean Search,0.37,N1C(N=C(C1=O)CC=2OC=CC2)=O,Nn1c(=O)c(Cc2ccco2)n[nH]c1=S
SMAD3,Euclidean Search,0.36,C=1C(=C(C=C(C1)/C=N/C=2C=CC(=CC2)O)O)O,Oc1ccc(cc1)C=Cc1cc(O)cc(O)c1
SMAD3,Euclidean Search,0.36,O=C1N(C=C(C2=C1C=CC=C2)C(=O)N3CCN(CC3)C(OCC)=O)C=4C=C(C(=CC4)C)C,Fc1ccc(Cc2n[nH]c(=O)c3ccccc23)cc1C(=O)N1CCN(CC1)C(=O)C1CC1
SMAD3,Euclidean Search,0.37,N1C(N=C(C1=O)CC=2OC=CC2)=O,Nn1c(=O)c(Cc2ccco2)n[nH]c1=S
SMAD3,Euclidean Search,0.41,S(=O)(=O)(NC1CCCCC1)C2=CC=C(C=C2)C,Cc1ccc(cc1)S(=O)(=O)NC(=O)NN1CC2CCCC2C1
SMAD3,Euclidean Search,0.37,N1C(N=C(C1=O)CC=2OC=CC2)=O,Nn1c(=O)c(Cc2ccco2)n[nH]c1=S
SMAD3,Euclidean Search,0.37,N1C(N=C(C1=O)CC=2OC=CC2)=O,Nn1c(=O)c(Cc2ccco2)n[nH]c1=S
SMAD3,Euclidean Search,0.39,O=C1C(CC(C2=CC=C(C=C2)CC(C)C)C)CC=C1CN(C)C,CC(C)Cc1ccc(cc1)C(C)C(O)=O
SMAD3,Euclidean Search,0.37,N1C(N=C(C1=O)CC=2OC=CC2)=O,Nn1c(=O)c(Cc2ccco2)n[nH]c1=S
SMAD3,Euclidean Search,0.25,ClC1=CC(CN2C(=O)N=C(NC=3C(N)=CC=CC3)C(=C2)C#N)=CC=C1F,Fc1ccc(Nc2c(cnc3c(Cl)cc(NCc4cnc[nH]4)cc23)C#N)cc1Cl
SMAD3,Euclidean Search,0.37,N1C(N=C(C1=O)CC=2OC=CC2)=O,Nn1c(=O)c(Cc2ccco2)n[nH]c1=S
SMAD3,Euclidean Search,0.37,N1C(N=C(C1=O)CC=2OC=CC2)=O,Nn1c(=O)c(Cc2ccco2)n[nH]c1=S
SMAD3,Euclidean Search,0.34,C1=CC=2C=C(C(=O)NC=3C=CC=CC3)NC2C=C1,CNC(=O)CCc1cc2ccccc2[nH]1
SMAD3,Euclidean Search,0.37,N1C(N=C(C1=O)CC=2OC=CC2)=O,Nn1c(=O)c(Cc2ccco2)n[nH]c1=S
SMAD3,Euclidean Search,0.25,OC1(C2(C(C3C(C(C(=O)CC3)(CCC(O)=O)C)CC2)CC1)C)C,CC(=O)O[C@]1(CCC2C3CCC4=CC(=O)CC[C@@H]4C3CC[C@@]21C)C#C
SMAD3,Euclidean Search,0.37,N1C(N=C(C1=O)CC=2OC=CC2)=O,Nn1c(=O)c(Cc2ccco2)n[nH]c1=S
SMAD3,Euclidean Search,0.37,N1C(N=C(C1=O)CC=2OC=CC2)=O,Nn1c(=O)c(Cc2ccco2)n[nH]c1=S
SMAD3,Euclidean Search,0.39,O=C1N(C=2C(CC1)=CC=CC2)CC3=CC=CC=C3,CCOC(=O)[C@H](CCc1ccccc1)N[C@H]1CCc2ccccc2N(CC(O)=O)C1=O
SMAD3,Euclidean Search,0.37,N1C(N=C(C1=O)CC=2OC=CC2)=O,Nn1c(=O)c(Cc2ccco2)n[nH]c1=S
SMAD3,Euclidean Search,0.35,O(C1=C(O)C=CC(=C1)C(O)CO)C,CC(C)(C)NC[C@H](O)c1ccc(O)c(CO)c1
SMAD3,Euclidean Search,0.38,S(C(=O)C=1C=CC(=CC1)C)C=2C(=O)C=CC=CC2,Cc1ccc(cc1)C(=O)/N=c2/cccc[nH]2
SMAD3,Euclidean Search,0.37,N1C(N=C(C1=O)CC=2OC=CC2)=O,Nn1c(=O)c(Cc2ccco2)n[nH]c1=S
SMAD3,Euclidean Search,0.37,N1C(N=C(C1=O)CC=2OC=CC2)=O,Nn1c(=O)c(Cc2ccco2)n[nH]c1=S
SMAD3,Euclidean Search,0.37,N1C(N=C(C1=O)CC=2OC=CC2)=O,Nn1c(=O)c(Cc2ccco2)n[nH]c1=S
SMAD3,Euclidean Search,0.37,N1C(N=C(C1=O)CC=2OC=CC2)=O,Nn1c(=O)c(Cc2ccco2)n[nH]c1=S
SMAD3,Euclidean Search,0.38,S(C(=O)C=1C=CC(=CC1)C)C=2C(=O)C=CC=CC2,Cc1ccc(cc1)C(=O)/N=c2/cccc[nH]2
SMAD3,Euclidean Search,0.37,N1C(N=C(C1=O)CC=2OC=CC2)=O,Nn1c(=O)c(Cc2ccco2)n[nH]c1=S
SMAD3,Euclidean Search,0.37,N1C(N=C(C1=O)CC=2OC=CC2)=O,Nn1c(=O)c(Cc2ccco2)n[nH]c1=S
SMAD3,Euclidean Search,0.34,C1=CC=2C=C(C(=O)NC=3C=CC=CC3)NC2C=C1,CNC(=O)CCc1cc2ccccc2[nH]1
SMAD3,Euclidean Search,0.36,O=C1N(C=C(C2=C1C=CC=C2)C(=O)N3CCN(CC3)C(OCC)=O)C=4C=C(C(=CC4)C)C,Fc1ccc(Cc2n[nH]c(=O)c3ccccc23)cc1C(=O)N1CCN(CC1)C(=O)C1CC1
SMAD3,Euclidean Search,0.37,N1C(N=C(C1=O)CC=2OC=CC2)=O,Nn1c(=O)c(Cc2ccco2)n[nH]c1=S
SMAD3,Euclidean Search,0.42,S(=O)(=O)(NC(CN1CCN(C(C2=CC=CC=C2)C3=CC=CC=C3)CC1)(C)C)C4=CC=CC=C4,Cc1cccc(CN2CCN(CC2)C(c2ccccc2)c2ccc(Cl)cc2)c1
SMAD3,Euclidean Search,0.55,BrC=1C=C(C(OCCN(CC)CC)=O)C=CC1,CCN(CC)CCOC(=O)c1ccc(N)cc1
SMAD3,Euclidean Search,0.62,FC(F)(F)C=1C=C(C(=O)C2CN(CC=3OC(=CC3)C)CCC2)C=CC1,CCn1cc(CN2CCCC(C2)C(=O)c3cccc(c3)C(F)(F)F)cn1
SMAD3,Euclidean Search,0.34,C1=CC=2C=C(C(=O)NC=3C=CC=CC3)NC2C=C1,CNC(=O)CCc1cc2ccccc2[nH]1
SMAD3,Euclidean Search,0.36,C=1C(=C(C=C(C1)/C=N/C=2C=CC(=CC2)O)O)O,Oc1ccc(cc1)C=Cc1cc(O)cc(O)c1
SMAD3,Euclidean Search,0.37,N1C(N=C(C1=O)CC=2OC=CC2)=O,Nn1c(=O)c(Cc2ccco2)n[nH]c1=S
SMAD3,Euclidean Search,0.34,C1=CC=2C=C(C(=O)NC=3C=CC=CC3)NC2C=C1,CNC(=O)CCc1cc2ccccc2[nH]1
SMAD3,Euclidean Search,0.32,OC(C1=CC=CC=C1)(C2=CC=CC=C2)C(OCCN(CC)CC)=O,CN(C)CCOC(C)(c1ccccc1)c1ccccn1
SMAD3,Euclidean Search,0.18,OC=1N=C(O)N=C(O)C1C(=NNC(=O)N)CC,NC(=N)NC(=O)c1nc(Cl)c(N)nc1N
SMAD3,Euclidean Search,0.37,N1C(N=C(C1=O)CC=2OC=CC2)=O,Nn1c(=O)c(Cc2ccco2)n[nH]c1=S
SMAD3,Euclidean Search,0.37,N1C(N=C(C1=O)CC=2OC=CC2)=O,Nn1c(=O)c(Cc2ccco2)n[nH]c1=S
SMAD3,Euclidean Search,0.36,C=1C(=C(C=C(C1)/C=N/C=2C=CC(=CC2)O)O)O,Oc1ccc(cc1)C=Cc1cc(O)cc(O)c1
SMAD3,Euclidean Search,0.37,N1C(N=C(C1=O)CC=2OC=CC2)=O,Nn1c(=O)c(Cc2ccco2)n[nH]c1=S
SMAD3,Euclidean Search,0.37,N1C(N=C(C1=O)CC=2OC=CC2)=O,Nn1c(=O)c(Cc2ccco2)n[nH]c1=S
SMAD3,Euclidean Search,0.33,O(C1=C(C(C)(C)C)C=CC(=C1)C)CC(=O)NCCC=2NC3=C(N2)C=CC=C3,COCC(=O)O[C@]1(CCN(C)CCCc2nc3ccccc3[nH]2)CCc2cc(F)ccc2[C@@H]1C(C)C
SMAD3,Euclidean Search,0.18,OC=1N=C(O)N=C(O)C1C(=NNC(=O)N)CC,NC(=N)NC(=O)c1nc(Cl)c(N)nc1N
SMAD3,Euclidean Search,0.37,N1C(N=C(C1=O)CC=2OC=CC2)=O,Nn1c(=O)c(Cc2ccco2)n[nH]c1=S
SMAD3,Euclidean Search,0.37,N1C(N=C(C1=O)CC=2OC=CC2)=O,Nn1c(=O)c(Cc2ccco2)n[nH]c1=S
SMAD3,Euclidean Search,0.55,BrC=1C=C(C(OCCN(CC)CC)=O)C=CC1,CCN(CC)CCOC(=O)c1ccc(N)cc1
SMAD3,Euclidean Search,0.37,N1C(N=C(C1=O)CC=2OC=CC2)=O,Nn1c(=O)c(Cc2ccco2)n[nH]c1=S
SMAD3,Euclidean Search,0.37,N1C(N=C(C1=O)CC=2OC=CC2)=O,Nn1c(=O)c(Cc2ccco2)n[nH]c1=S
SMAD3,Euclidean Search,0.36,O=C1N(C=C(C2=C1C=CC=C2)C(=O)N3CCN(CC3)C(OCC)=O)C=4C=C(C(=CC4)C)C,Fc1ccc(Cc2n[nH]c(=O)c3ccccc23)cc1C(=O)N1CCN(CC1)C(=O)C1CC1
SMAD3,Euclidean Search,0.37,N1C(N=C(C1=O)CC=2OC=CC2)=O,Nn1c(=O)c(Cc2ccco2)n[nH]c1=S
SMAD3,Euclidean Search,0.34,OC(=NO)C(CCC1=CC=CC=C1)C,C[C@H](Cc1ccccc1)N(C)CC#C
SMAD3,Euclidean Search,0.37,N1C(N=C(C1=O)CC=2OC=CC2)=O,Nn1c(=O)c(Cc2ccco2)n[nH]c1=S
SMAD3,Euclidean Search,0.32,O(C1=C(OC)C=C(C(=O)NC2=C(N3CCCCC3)C=CC=C2)C=C1OC)C,CCOc1cc(CC(=O)N[C@@H](CC(C)C)c2ccccc2N2CCCCC2)ccc1C(O)=O
SMAD3,Euclidean Search,0.37,N1C(N=C(C1=O)CC=2OC=CC2)=O,Nn1c(=O)c(Cc2ccco2)n[nH]c1=S
SMAD3,Euclidean Search,0.27,ClC=1C=C(C=2OC(N3CCC(CC3)C(=O)N)=C(N2)C#N)C=CC1,NC1CCN(CC1)c1cccc(Cl)n1
SMAD3,Euclidean Search,0.37,N1C(N=C(C1=O)CC=2OC=CC2)=O,Nn1c(=O)c(Cc2ccco2)n[nH]c1=S
SMAD3,Euclidean Search,0.37,N1C(N=C(C1=O)CC=2OC=CC2)=O,Nn1c(=O)c(Cc2ccco2)n[nH]c1=S
SMAD3,Euclidean Search,0.37,N1C(N=C(C1=O)CC=2OC=CC2)=O,Nn1c(=O)c(Cc2ccco2)n[nH]c1=S
SMAD3,Euclidean Search,0.32,S1C2=C(N(C(=O)C=3C1=CC=CC3)C4CCCC4)C=C(NC(=O)C5=CC(OC)=C(OC)C=C5)C=C2,COc1cc(ccc1Cc1cn(C)c2ccc(NC(=O)OC3CCCC3)cc12)C(=O)NS(=O)(=O)c1ccccc1C
SMAD3,Euclidean Search,0.37,N1C(N=C(C1=O)CC=2OC=CC2)=O,Nn1c(=O)c(Cc2ccco2)n[nH]c1=S
SMAD3,Euclidean Search,0.37,N1C(N=C(C1=O)CC=2OC=CC2)=O,Nn1c(=O)c(Cc2ccco2)n[nH]c1=S
SMAD3,Euclidean Search,0.44,C1=CC(=CC=C1OCC(COC(N)=O)O)Cl,COc1ccccc1OCC(O)COC(N)=O
SMAD3,Euclidean Search,0.28,ClC=1C=C2C(N(CC3=C(N(C2)C)N=CC=C3)C)=CC1,CN1CCN2C(C1)c1ccccc1Cc1cccnc21
SMAD3,Euclidean Search,0.43,S(=O)(=O)(NC1=NC=CC=C1)C=2C=CC(NC(=O)COC)=CC2,OC(=O)c1cc(ccc1O)N=Nc1ccc(cc1)S(=O)(=O)Nc1ccccn1
SMAD3,Pre-trained hierVAE Generate,0.16,BrC=1C=C2O[C@H]([C@@H](CN(S(=O)(=O)C2=CC1)[C@H](CO)C)C)CN(C(=O)C3=C(F)C=CC=C3)C,CC(NC(=O)N(C)CC1Oc2cc(C3=CCCC3)ccc2S(=O)(=O)N(C(C)CO)CC1C)c1ccccc1
SMAD3,Pre-trained hierVAE Generate,0.08,O=C1N([C@@H](CO)C)C[C@@H]([C@@H](OCC=2C(C3=C1N(C=4C3=CC=CC4)C)=CC=CC2)CN(C(OC5=CC=C(OC)C=C5)=O)C)C,CC1CN(C(C)CO)C(=O)c2c(c3ccccc3n2C)-c2ccccc2COC1CN(C)C(=O)CCC(F)(F)F
SMAD3,Pre-trained hierVAE Generate,0.19,S(=O)(=O)(NC1=CC=2C(=O)N([C@H](CO)C)C[C@@H]([C@H](OCCCC[C@@H](OC2C=C1)C)CN(CC3CCCCC3)C)C)C4=CC=CC=C4,CC1CCCCOC(CN(C)CC2CC2)C(C)CN(C(C)CO)C(=O)c2cc(NS(=O)(=O)c3ccccc3F)ccc2O1
SMAD3,Pre-trained hierVAE Generate,0.17,S(=O)(=O)(NC1=C2O[C@@H]([C@H](CN(C(=O)C2=CC=C1)[C@@H](CO)C)C)CN(CC3CCCCC3)C)C4=CC=C(OC)C=C4,COC1CCC2CCOc3c(C#N)cccc3C(=O)N(C)CC(C)C(=O)N(C)CC1O2
SMAD3,Pre-trained hierVAE Generate,0.15,O[C@H]1[C@H](N2N=NC(=C2)COC(=O)C=3C=CC=CC3)C[C@@H](N(C1)C(=O)CCCCC)C4=CC=C(OC)C=C4,CCCCCC(=O)N1C2Cn3c(ccc(-c4cncnc4)c3=O)C1C(CO)C2C(=O)NC(C)c1ccccc1
SMAD3,Pre-trained hierVAE Generate,0.2,S(=O)(=O)(N(C[C@H]1OCC=2N=NN(C2)CCCC(=O)N(C[C@@H]1C)[C@@H](CO)C)C)C3=CN=C(OC4=CC=CC=C4)C=C3,CC1CN(C(C)CO)C(=O)CCCn2cc(nn2)COC1CN(C)S(=O)(=O)c1ccc(C#N)cc1
SMAD3,Pre-trained hierVAE Generate,0.04,N(C1=CC=CC=C1)(CCCCCCCCCCCCCCCCCC)CCCCCCCCCCCCCCCCCC,CCCCCCCCCCCCCCCCCCCCCCC(=O)NC(CO)COC(C)(C)C(O)COCCOCCOCCOC
SMAD3,Pre-trained hierVAE Generate,0.16,O1C2=C(C(=O)N(C[C@@H]([C@@H]1CN(CC3CCCCC3)C)C)[C@H](CO)C)C=C(NC(=O)C4CCCCC4)C=C2,CC1CCCCOC(CN(C)CC2CC2)C(C)CN(C(C)CO)C(=O)c2cc(NC(=O)C3CCCCC3)ccc2O1
SMAD3,Pre-trained hierVAE Generate,0.21,S(=O)(=O)(NC1=CC=2C(=O)N(C[C@@H]([C@@H](OCCCC[C@H](OC2C=C1)C)CN(S(=O)(=O)C3=CC=CC=C3)C)C)[C@@H](CO)C)C4=CC=C(F)C=C4,CC1CCCCOC(CN(C)Cc2ccc(C(F)(F)F)cc2)C(C)CN(C(C)CO)C(=O)c2cc(NS(=O)(=O)c3ccccc3)ccc2O1
SMAD3,Pre-trained hierVAE Generate,0.06,O=C1N([C@@H](CO)C)C[C@@H]([C@@H](OCC=2C(C3=C1N(C=4C3=CC=CC4)C)=CC=CC2)CN(C(OC5=CC=C(OC)C=C5)=O)C)C,CC1CN(C(C)CO)C(=O)c2c(c3ccccc3n2C)-c2ccccc2COC1CN(C)Cc1ccc(C(F)(F)F)cc1
SMAD3,Pre-trained hierVAE Generate,0.22,O=C1N([C@@H](CO)C)C[C@@H]([C@@H](OCC=2C(C3=C1N(C=4C3=CC=CC4)C)=CC=CC2)CN(C(OC5=CC=C(OC)C=C5)=O)C)C,CC1CN(C(C)CO)C(=O)c2c(c3ccccc3n2C)-c2ccccc2COC1CN(C)C(=O)Nc1cccc(F)c1
SMAD3,Pre-trained hierVAE Generate,0.11,O=C1N([C@@H](CO)C)C[C@@H]([C@@H](OCC=2C(C3=C1N(C=4C3=CC=CC4)C)=CC=CC2)CN(C(OC5=CC=C(OC)C=C5)=O)C)C,CC1CN(C(C)CO)C(=O)c2c(c3ccccc3n2C)-c2ccccc2COC1CN(C)C(=O)CCC(F)(F)F
SMAD3,Pre-trained hierVAE Generate,0.14,ClC1=CC=C(S(=O)(=O)N(C[C@@H]2OC=3C(CC(=O)N(C[C@@H]2C)[C@H](CO)C)=CC(NC(=O)CCC(F)(F)F)=CC3)C)C=C1,CC1CN(C(C)CO)C(=O)Cc2cc(NC(=O)CCC(F)(F)F)ccc2OC1CN(C)S(=O)(=O)c1ccc(C(F)(F)F)cc1
SMAD3,Pre-trained hierVAE Generate,0.13,FC1=CC=C(NC(=O)C=2C=CC(C(=O)N3C(CCCC3)C)=CC2)C=C1,CCCNC(=O)N1CC(C)C(OC)CN(C)C(=O)c2cc(NC(=O)c3ccc(F)cc3)ccc2OCC1C
SMAD3,Pre-trained hierVAE Generate,0.13,S(=O)(=O)(N(C[C@@H]1OCC=2N(N=NC2)CCCC(=O)N(C[C@H]1C)[C@@H](CO)C)C)C=3SC=CC3,CC1CN(C(C)CO)C(=O)CCCn2nncc2COC1CN(C)C(=O)c1ccccc1
SMAD3,Pre-trained hierVAE Generate,0.19,S(=O)(=O)(NC=1C=C2C(O[C@H]([C@@H](CN(C(=O)C2)[C@H](CO)C)C)CN(CC3=CC=NC=C3)C)=CC1)C4=CC=CC=C4,COc1ccc(S(=O)(=O)Nc2ccc3c(c2)CC(=O)N(C(C)CO)CC(C)C(CN(C)Cc2ccc(C(F)(F)F)cc2)O3)cc1
SMAD3,Pre-trained hierVAE Generate,0.1,FC(F)(F)CCC(=O)NC=1C=C2C(O[C@@H]([C@H](CN(C2=O)[C@@H](CO)C)C)CN(C(=O)NC3=CC=CC=C3)C)=CC1,CC1CN(C(C)CO)C(=O)c2cc(NC(=O)CCC(F)(F)F)ccc2OC1CN(C)Cc1ccc(C(=O)O)cc1
SMAD3,Pre-trained hierVAE Generate,0.12,FC(F)(F)C1=CC=C(NC(=O)N(C[C@H]2OC=3C(C(=O)N(C[C@@H]2C)[C@@H](CO)C)=CC(NC(=O)NC4=CC=C(C(F)(F)F)C=C4)=CC3)C)C=C1,CC1CN(C(C)CO)C(=O)c2cc(NC(=O)c3ccc(C(F)(F)F)cc3)ccc2OC1CN(C)C(=O)Nc1ccc(C(F)(F)F)cc1
SMAD3,Pre-trained hierVAE Generate,0.08,O=C1N([C@@H](CO)C)C[C@@H]([C@@H](OCC=2C(C3=C1N(C=4C3=CC=CC4)C)=CC=CC2)CN(C(OC5=CC=C(OC)C=C5)=O)C)C,CC1CN(C(C)CO)C(=O)c2c(c3ccccc3n2C)-c2ccccc2COC1CN(C)C(=O)c1ccc(F)cc1
SMAD3,Pre-trained hierVAE Generate,0.15,FC(F)(F)C1=CC=C(CN(C[C@H]2OC3=C(C(=O)N(C[C@H]2C)[C@@H](CO)C)C=C(NC(=O)C4CCCCC4)C=C3)C)C=C1,CC1CN(C(C)CO)C(=O)c2cc(N(C)C)ccc2OC1CN(C)Cc1ccc(C(F)(F)F)cc1
SMAD3,Pre-trained hierVAE Generate,0.16,ClC1=CC(CN(C[C@@H]2OCCCC[C@H](OC3=C(C(=O)N([C@@H](CO)C)C[C@@H]2C)C=C(NC(=O)NC=4C=CC=CC4)C=C3)C)C)=CC=C1Cl,CC1CCCCOC(CN(C)Cc2ccccn2)C(C)CN(C(C)CO)C(=O)c2cc(NC(=O)Nc3ccccc3)ccc2O1
SMAD3,Pre-trained hierVAE Generate,0.08,O=C1N([C@@H](CO)C)C[C@@H]([C@@H](OCC=2C(C3=C1N(C=4C3=CC=CC4)C)=CC=CC2)CN(C(OC5=CC=C(OC)C=C5)=O)C)C,CC1CN(C(C)CO)C(=O)c2c(c3ccccc3n2C)-c2ccccc2COC1CN(C)C(=O)Nc1cccc(F)c1
SMAD3,Pre-trained hierVAE Generate,0.07,O1[C@@H]2[C@H](C3=C1C=CC(NC(=O)C4CCC4)=C3)C[C@H](O[C@@H]2CO)CC(=O)NCC5=CC=C(OC)C=C5,CN(C)C(=O)CC1CC2c3cc(NC(=O)Cc4ccncc4)ccc3OC2C(CO)O1
SMAD3,Pre-trained hierVAE Generate,0.12,O1[C@@H]2[C@H](C3=C1C=CC(NC(=O)C4CCC4)=C3)C[C@H](O[C@@H]2CO)CC(=O)NCC5=CC=C(OC)C=C5,COc1ccc(NC(=O)Nc2ccc3c(c2)C2CC(CC(=O)NCCc4ccccc4)OC(CO)C2O3)cc1
SMAD3,Pre-trained hierVAE Generate,0.25,O1[C@@H]2[C@H](C3=C1C=CC(NC(=O)C4CCC4)=C3)C[C@H](O[C@@H]2CO)CC(=O)NCC5=CC=C(OC)C=C5,COc1ccc(CNC(=O)CC2CCC(NC(=O)CC3CC3)C(CO)O2)cc1
SMAD3,Pre-trained hierVAE Generate,0.15,ClC1=CC=C(S(=O)(=O)N(C[C@@H]2OCCCC[C@@H](OC3=C(C(=O)N(C[C@H]2C)[C@@H](CO)C)C=C(NC(=O)NC4=CC=C(F)C=C4)C=C3)C)C)C=C1,CC(C)NC(=O)Nc1ccc2c(c1)C(=O)N(C(C)CO)CC(C)C(CN(C)S(=O)(=O)c1ccc(C(F)(F)F)cc1)OCCCCC(C)O2
SMAD3,Pre-trained hierVAE Generate,0.11,O=C1N([C@@H](CO)C)C[C@@H]([C@@H](OCC=2C(C3=C1N(C=4C3=CC=CC4)C)=CC=CC2)CN(C(OC5=CC=C(OC)C=C5)=O)C)C,CC1CN(C(C)CO)C(=O)c2c(c3ccccc3n2C)-c2ccccc2COC1CN(C)C(=O)CCN(C)C
SMAD3,Pre-trained hierVAE Generate,0.01,S(=O)(=O)(N)C1=CC=C(NC(=O)COC(=O)C(NC(=O)C=2C=CC=CC2)CC(C)C)C=C1,COC(=O)NC(Cc1ccccc1)C(=O)Nc1ccc(S(N)(=O)=O)cc1
SMAD3,Pre-trained hierVAE Generate,0.04,O1C2=C(OC1)C=CC(C(=O)N3CCC(C(=O)NCC)CCC3)=C2,CCNC(=O)CC1CCC(NC(=O)c2ccc3c(c2)OCO3)C(CO)O1
SMAD3,Pre-trained hierVAE Generate,0.14,S1C=2N(C(=C1)CC(=O)NCC3=CC=C(OC)C=C3)C=C(N2)C4=CC=C(F)C=C4,COc1ccc(CNC(=O)C2C(CO)C3c4ccc(-c5ccc(F)cc5)c(=O)n4CC2N3C(C)=O)cc1
SMAD3,Pre-trained hierVAE Generate,0.2,S(=O)(=O)(NC1=CC=2C(=O)N([C@H](CO)C)C[C@@H]([C@H](OCCCC[C@@H](OC2C=C1)C)CN(CC3CCCCC3)C)C)C4=CC=CC=C4,CC1CCCCOC(CN(C)CC2CCCCC2)C(C)CN(C(C)CO)C(=O)c2cc(NC(=O)Nc3ccccc3)ccc2O1
SMAD3,Pre-trained hierVAE Generate,0.14,O1[C@@H]2[C@H](C3=C1C=CC(NC(=O)C4CCC4)=C3)C[C@H](O[C@@H]2CO)CC(=O)NCC5=CC=C(OC)C=C5,COc1ccc(CNC(=O)CC2CC3c4cc(NC(=O)Cc5ccncc5)ccc4OC3C(CO)O2)cc1
SMAD3,Pre-trained hierVAE Generate,0.12,C=1(C=CC=C(C1)C2=CC=C(C=C2)O)C3=CC=C(C=C3)O,O=C1CCn2c1ccc(-c1cccc(-c3ccc(Cl)cc3)c1)c2=O
SMAD3,Pre-trained hierVAE Generate,0.13,S(=O)(=O)(N1CCCCCC1)C=2C=CC(=CC2)C(=O)/C=C/C=3C=C(O)C(O)=CC3,CC(C)(C)c1ccc(C(=O)C=Cc2ccc(O)c(O)c2)cc1
SMAD3,Pre-trained hierVAE Generate,0.12,S(=O)(=O)(N(C[C@@H]1OCC=2N(N=NC2)CCCC(=O)N(C[C@H]1C)[C@@H](CO)C)C)C=3SC=CC3,CC1CN(C(C)CO)C(=O)CCCn2nncc2COC1CN(C)C(=O)c1cccnc1
SMAD3,Pre-trained hierVAE Generate,0.12,O1C2(C(C(=O)NC=3C=CC(C(=O)NC4=C(C=CC=C4)C)=CC3)CC1=O)CCCCC2,Cc1ccccc1NC(=O)c1ccc(NC(=O)C(C)CC(C)C)cc1
SMAD3,Pre-trained hierVAE Generate,0.12,O1[C@@H]2[C@H](C3=C1C=CC(NC(=O)C4CCC4)=C3)C[C@H](O[C@@H]2CO)CC(=O)NCC5=CC=C(OC)C=C5,COc1cccc(CNC(=O)CC2CC3c4cc(NC(=O)C5CC5)ccc4OC3C(CO)O2)c1
SMAD3,Pre-trained hierVAE Generate,0.11,FC(F)(F)C1=CC=C(CN(C[C@H]2OC3=C(C(=O)N(C[C@H]2C)[C@@H](CO)C)C=C(NC(=O)C4CCCCC4)C=C3)C)C=C1,CC1CN(C(C)CO)C(=O)c2cc(NC(=O)CCN(C)C)ccc2OC1CN(C)Cc1ccc(C(F)(F)F)cc1
SMAD3,Pre-trained hierVAE Generate,0.04,ClC1=CC=C(S(=O)(=O)N(C[C@@H]2OC=3C(CC(=O)N(C[C@@H]2C)[C@H](CO)C)=CC(NC(=O)CCC(F)(F)F)=CC3)C)C=C1,CC1CN(C(C)CO)C(=O)Cc2cc(NC(=O)CCC(F)(F)F)ccc2OC1CN(C)Cc1ccc(C(=O)O)cc1
SMAD3,Pre-trained hierVAE Generate,0.17,S(=O)(=O)(N(C[C@H]1OCC=2N=NN(C2)CCCC(=O)N(C[C@@H]1C)[C@@H](CO)C)C)C3=CN=C(OC4=CC=CC=C4)C=C3,CC1CN(C(C)CO)C(=O)CCCn2cc(nn2)COC1CN(C)C(=O)Nc1ccc(Oc2ccccn2)cc1
SMAD3,Pre-trained hierVAE Generate,0.06,S(=O)(=O)(NC1=CC=2C(=O)N([C@H](CO)C)C[C@@H]([C@H](OCCCC[C@@H](OC2C=C1)C)CN(CC3CCCCC3)C)C)C4=CC=CC=C4,CC(C)NC(=O)Nc1ccc2c(c1)C(=O)N(C(C)CO)CC(C)C(CN(C)CC1CCCCC1)OCCCCC(C)O2
SMAD3,Pre-trained hierVAE Generate,0.23,S(=O)(=O)(NC1=CC=2C(=O)N(C[C@@H]([C@@H](OCCCC[C@H](OC2C=C1)C)CN(S(=O)(=O)C3=CC=CC=C3)C)C)[C@@H](CO)C)C4=CC=C(F)C=C4,CC1CCCCOC(CN(C)Cc2ccc(C(F)(F)F)cc2)C(C)CN(C(C)CO)C(=O)c2cc(NS(=O)(=O)Cc3ccccc3)ccc2O1
SMAD3,Pre-trained hierVAE Generate,0.17,O1C2=C(CC(=O)N(C[C@@H]([C@@H]1CN(CC3=CC=C(OC4=CC=CC=C4)C=C3)C)C)[C@@H](CO)C)C=C(NC(=O)NC5=C6C(=CC=C5)C=CC=C6)C=C2,CC1CN(C(C)CO)C(=O)Cc2cc(NC(=O)Nc3cccc4ccccc34)ccc2OC1CN(C)CC1CC1
SMAD3,Pre-trained hierVAE Generate,0.24,FC(F)(F)C1=CC=C(NC(=O)NC2=CC3=C(O[C@@H]([C@H](CN(C3=O)[C@@H](CO)C)C)CN(C(=O)NC(C)C)C)C=C2)C=C1,CC(C)NC(=O)N(C)CC1OCCCCC(C)Oc2ccc(NC(=O)Nc3ccc(C(F)(F)F)cc3)cc2C(=O)N(C(C)CO)CC1C
SMAD3,Pre-trained hierVAE Generate,0.09,O=C1N([C@@H](CO)C)C[C@@H]([C@@H](OCC=2C(C3=C1N(C=4C3=CC=CC4)C)=CC=CC2)CN(C(OC5=CC=C(OC)C=C5)=O)C)C,CC1CN(C(C)CO)C(=O)c2c(c3ccccc3n2C)-c2ccccc2COC1CN(C)C(=O)Nc1ccc(C(F)(F)F)cc1
SMAD3,Pre-trained hierVAE Generate,0.05,ClC=1C=CC(C(OCCNC(=O)C2=CN=CC=C2)=O)=CC1,Nc1ccc(C(=O)OCCNC(=O)c2ccc(OCc3ccc(O)c(O)c3)cc2)cc1
SMAD3,Pre-trained hierVAE Generate,0.1,S(=O)(=O)(N(C[C@H]1OC2=C(C(=O)N(C[C@@H]1C)[C@@H](CO)C)C=C(NC(=O)CCC(F)(F)F)C=C2)C)C3=C(ON=C3C)C,CC1CN(C(C)CO)C(=O)c2cc(NC(=O)CCC(F)(F)F)ccc2OC1CN(C)CC1CC1
SMAD3,Pre-trained hierVAE Generate,0.12,S(=O)(=O)(NC1=CC=2C(=O)N(C[C@@H]([C@@H](OCCCC[C@H](OC2C=C1)C)CN(S(=O)(=O)C3=CC=CC=C3)C)C)[C@@H](CO)C)C4=CC=C(F)C=C4,COc1ccc(S(=O)(=O)N(C)CC2OCCCCC(C)Oc3ccc(NS(=O)(=O)c4ccc(F)cc4)cc3C(=O)N(C(C)CO)CC2C)cc1
SMAD3,Pre-trained hierVAE Generate,0.01,S(=O)(=O)(N1CCN(C(=O)C2=CC(F)=CC=C2)CC1)C3=CC=C(C(F)(F)F)C=C3,COC1CN(C)C(=O)c2cc(NS(=O)(=O)CC(F)(F)F)ccc2OCC(C)N(C(=O)c2cccc(F)c2)CC1C
SMAD3,Pre-trained hierVAE Generate,0,ClCCC(=O)NC1=C2N=CC=CC2=CC=C1,CC(C)NC(=O)Nc1cccc2cccnc12
SMAD3,Pre-trained hierVAE Generate,0.06,O=C1N([C@@H](CO)C)C[C@@H]([C@@H](OCC=2C(C3=C1N(C=4C3=CC=CC4)C)=CC=CC2)CN(C(OC5=CC=C(OC)C=C5)=O)C)C,CC(C)NC(=O)N(C)CC1OCc2cccnc2-c2c(n(C)c3ccccc23)C(=O)N(C(C)CO)CC1C
SMAD3,Pre-trained hierVAE Generate,0.29,FC(F)(F)C1=CC=C(CN(C[C@H]2OC3=C(C(=O)N(C[C@H]2C)[C@@H](CO)C)C=C(NC(=O)C4CCCCC4)C=C3)C)C=C1,CC1CN(C(C)CO)C(=O)c2cc(NC(=O)CCC(F)(F)F)ccc2OC1CN(C)Cc1ccc(C(F)(F)F)cc1
SMAD3,Pre-trained hierVAE Generate,0.08,S(C(=S)N/N=C/C1=CC(OC)=C(OC)C=C1)C,COc1ccc(C=NNC(=O)CCCN(C)C)cc1OC
SMAD3,Pre-trained hierVAE Generate,0.2,FC(F)(F)CCC(=O)NC=1C=C2C(O[C@@H]([C@H](CN(C2=O)[C@@H](CO)C)C)CN(C(=O)NC3=CC=CC=C3)C)=CC1,CCCCCC(=O)Nc1ccc2c(c1)C(=O)N(C(C)CO)CC(C)C(CN(C)C(=O)CCC(F)(F)F)OCCCCC(C)O2
SMAD3,Pre-trained hierVAE Generate,0.27,O=C1N([C@@H](CO)C)C[C@@H]([C@@H](OCC=2C(C3=C1N(C=4C3=CC=CC4)C)=CC=CC2)CN(C(OC5=CC=C(OC)C=C5)=O)C)C,COc1ccc(C(=O)N(C)CC2OCc3ccccc3-c3c(n(C)c4ccccc34)C(=O)N(C(C)CO)CC2C)cc1
SMAD3,Pre-trained hierVAE Generate,0.19,S=C(NC=1C2=C(C=CC1)C=CC=C2)NCCOC3=CC=C(OC)C=C3,CCCCCC=CC(=O)OCC#Cc1ccc(OCCOc2ccc3ccccc3c2O)cc1
SMAD3,Pre-trained hierVAE Generate,0.13,O1C=2C(OC1)=CC=C(C2)CNC(=O)COCC,CCCC(=O)NC1CCC(CC(=O)NCc2ccc3c(c2)OCO3)OC1CO
SMAD3,Pre-trained hierVAE Generate,0.14,S1(=O)(=O)N(C[C@@H]([C@@H](OC=2C1=CC=C(C2)C3=CC(OC)=CC=C3)CN(CC=4C=NC=NC4)C)C)[C@@H](CO)C,CC1CN(C(C)CO)S(=O)(=O)c2ccc(-c3ccccc3C#N)cc2OC1CN(C)Cc1ccc(C(F)(F)F)cc1
SMAD3,Pre-trained hierVAE Generate,0.01,O1[C@@H]2[C@H](C3=C1C=CC(NC(=O)C4CCC4)=C3)C[C@H](O[C@@H]2CO)CC(=O)NCC5=CC=C(OC)C=C5,CN(C)CCCNC(=O)CC1CC2c3cc(NC(=O)C4CC4)ccc3OC2C(CO)O1
SMAD3,Pre-trained hierVAE Generate,0.13,S(=O)(=O)(NC1=CC=2[C@H]3[C@@H](OC2C=C1)[C@H](O[C@@H](C3)CC(OC)=O)CO)C4=CC=CC=C4,CCCNC(=O)CC1CC2c3cc(NS(=O)(=O)c4ccccc4F)ccc3OC2C(CO)O1
SMAD3,Pre-trained hierVAE Generate,0.15,O1[C@@H]2[C@H](C3=C1C=CC(NC(=O)C4CCC4)=C3)C[C@H](O[C@@H]2CO)CC(=O)NCC5=CC=C(OC)C=C5,COc1cccc(CNC(=O)CC2CC3c4cc(NC(=O)C5CC5)ccc4OC3C(CO)O2)c1
SMAD3,Pre-trained hierVAE Generate,0.16,S(=O)(=O)(NC1=CC=2C(=O)N([C@H](CO)C)C[C@@H]([C@H](OCCCC[C@@H](OC2C=C1)C)CN(CC3CCCCC3)C)C)C4=CC=CC=C4,CC1CCCCOC(CN(C)CC2CCCCC2)C(C)CN(C(C)CO)C(=O)c2cc(NS(C)(=O)=O)ccc2O1
SMAD3,Pre-trained hierVAE Generate,0.04,S(=O)(=O)(N(CC)CC)C=1C=CC(=CC1)C(=O)NCCC2=NC=CC=C2,COc1cccc(S(=O)(=O)NC2CCC(CCNC(=O)Cc3ccccn3)OC2CO)c1
SMAD3,Pre-trained hierVAE Generate,0.17,O1C2=C(C(=O)N(C[C@@H]([C@@H]1CN(CC3CCCCC3)C)C)[C@H](CO)C)C=C(NC(=O)C4CCCCC4)C=C2,CC1CCCCOC(CN(C)CC2CCCCC2)C(C)CN(C(C)CO)C(=O)c2cc(NC(=O)C3CCCCC3)ccc2O1
SMAD3,Pre-trained hierVAE Generate,0.16,S(=O)(=O)(N(C[C@H]1OC2=C(C(=O)N(C[C@@H]1C)[C@@H](CO)C)C=CC=C2NC(=O)C=3C=CN=CC3)C)C=4SC=CC4,CC1CN(C(C)CO)C(=O)c2cccc(NC(=O)c3ccncc3)c2OC1CN(C)S(=O)(=O)c1ccc(C#N)cc1
SMAD3,Pre-trained hierVAE Generate,0.05,O=C1N([C@@H](CO)C)C[C@@H]([C@@H](OCC=2C(C3=C1N(C=4C3=CC=CC4)C)=CC=CC2)CN(C(OC5=CC=C(OC)C=C5)=O)C)C,CC1CN(C(C)CO)C(=O)c2c(c3ccccc3n2C)-c2ccccc2COC1CN(C)C(=O)c1cccnc1
SMAD3,Pre-trained hierVAE Generate,0.16,O=C1N([C@@H](CO)C)C[C@@H]([C@@H](OCC=2C(C3=C1N(C=4C3=CC=CC4)C)=CC=CC2)CN(C(OC5=CC=C(OC)C=C5)=O)C)C,CC1CN(C(C)CO)C(=O)c2c(c3ccccc3n2C)-c2ccccc2COC1CN(C)C(=O)c1ccc(F)cc1
SMAD3,Pre-trained hierVAE Generate,0.24,FC1=CC=C(C=2N=C(N(C2)CCC(=O)NCC3=CC=C(C=C3)C)C=4C=CN=CC4)C=C1,COc1ccc(CNC(=O)C2C(CO)C3c4ccc(-c5ccncc5)c(=O)n4CC2N3C(=O)c2ccncc2)cc1
SMAD3,Pre-trained hierVAE Generate,0.12,ClC1=CC=C(S(=O)(=O)N(C[C@@H]2OC=3C(CC(=O)N(C[C@@H]2C)[C@H](CO)C)=CC(NC(=O)CCC(F)(F)F)=CC3)C)C=C1,CC1CN(C(C)CO)C(=O)Cc2cc(NC(=O)CCC(F)(F)F)ccc2OC1CN(C)S(=O)(=O)c1ccc(F)cc1
SMAD3,Pre-trained hierVAE Generate,0.17,ClC1=CC(CN(C[C@@H]2OCCCC[C@H](OC3=C(C(=O)N([C@@H](CO)C)C[C@@H]2C)C=C(NC(=O)NC=4C=CC=CC4)C=C3)C)C)=CC=C1Cl,CC(C)NC(=O)Nc1ccc2c(c1)C(=O)N(C(C)CO)CC(C)C(CN(C)Cc1cccnc1)OCCCCC(C)O2
SMAD3,Pre-trained hierVAE Generate,0.15,S(=O)(=O)(NC1=CC=2[C@H]3[C@@H](OC2C=C1)[C@H](O[C@@H](C3)CC(OC)=O)CO)C4=CC=CC=C4,CCCNC(=O)CC1CC2c3cc(NS(=O)(=O)c4ccccc4F)ccc3OC2C(CO)O1
SMAD3,Pre-trained hierVAE Generate,0.13,O1[C@@H]2[C@H](C3=C1C=CC(NC(=O)C4CCC4)=C3)C[C@H](O[C@@H]2CO)CC(=O)NCC5=CC=C(OC)C=C5,COc1ccc(CNC(=O)CC2CC3c4cc(NC(=O)Cc5ccncc5)ccc4OC3C(CO)O2)cc1
SMAD3,Pre-trained hierVAE Generate,0.2,FC(F)(F)C1=CC=C(CN(C[C@H]2OC3=C(C(=O)N(C[C@H]2C)[C@@H](CO)C)C=C(NC(=O)C4CCCCC4)C=C3)C)C=C1,CC1CCCCOC(CN(C)Cc2ccc(C(F)(F)F)cc2)C(C)CN(C(C)CO)C(=O)c2cc(NC(=O)NC(C)(C)C)ccc2O1
SMAD3,Pre-trained hierVAE Generate,0.08,O=C1N([C@@H](CO)C)C[C@@H]([C@@H](OCC=2C(C3=C1N(C=4C3=CC=CC4)C)=CC=CC2)CN(C(OC5=CC=C(OC)C=C5)=O)C)C,CC1CN(C(C)CO)C(=O)c2c(c3ccccc3n2C)-c2ccccc2COC1CN(C)C(=O)CCC(F)(F)F
SMAD3,Pre-trained hierVAE Generate,0.12,O1[C@@H]2[C@H](C3=C1C=CC(NC(=O)C4CCC4)=C3)C[C@H](O[C@@H]2CO)CC(=O)NCC5=CC=C(OC)C=C5,COc1ccc(CNC(=O)CC2CC3c4cc(NC(=O)C5CCOCC5)ccc4OC3C(CO)O2)cc1
SMAD3,Pre-trained hierVAE Generate,0.15,S(=O)(=O)(N(C[C@@H]1OCC=2N(N=NC2)CCCC(=O)N(C[C@H]1C)[C@@H](CO)C)C)C=3SC=CC3,CC1CN(C(C)CO)C(=O)CCCn2nncc2COC1CN(C)Cc1cccnc1
SMAD3,Pre-trained hierVAE Generate,0.13,O=C1N([C@@H](CO)C)C[C@@H]([C@@H](OCC=2C(C3=C1N(C=4C3=CC=CC4)C)=CC=CC2)CN(C(OC5=CC=C(OC)C=C5)=O)C)C,CC1CN(C(C)CO)C(=O)c2c(c3ccccc3n2C)-c2ccccc2COC1CN(C)Cc1ccc(C(F)(F)F)cc1
SMAD3,Pre-trained hierVAE Generate,0.09,S(=O)(=O)(N(C[C@H]1OC2=C(C(=O)N(C[C@@H]1C)[C@H](CO)C)C=C(NC(=O)CC=3C=4C(N(C3)C)=CC=CC4)C=C2)C)C5=CC=C(OC)C=C5,CC1CN(C(C)CO)C(=O)c2cc(NC(=O)Cc3cn(C)c4ccccc34)ccc2OC1CN(C)CC1CCCCC1
SMAD3,Pre-trained hierVAE Generate,0.1,FC1=CC=C(NC(=O)N(C[C@H]2OCCCC[C@@H](OC=3C(C(=O)N([C@H](CO)C)C[C@@H]2C)=CC(NC(=O)NC=4C=C5OCOC5=CC4)=CC3)C)C)C=C1,CC1CCCCOC(CN(C)C(=O)Nc2ccc(C(F)(F)F)cc2)C(C)CN(C(C)CO)C(=O)c2cc(NC(=O)c3ccncc3)ccc2O1
SMAD3,Pre-trained hierVAE Generate,0.25,O1[C@@H]2[C@H](C3=C1C=CC(NC(=O)C4CCC4)=C3)C[C@H](O[C@@H]2CO)CC(=O)NCC5=CC=C(OC)C=C5,COc1ccc(CNC(=O)CC2CC3c4cc(NC(=O)c5cccnc5)ccc4OC3C(CO)O2)cc1
SMAD3,Pre-trained hierVAE Generate,0.04,ClC=1C=C(CN(C[C@H]2OCCCC[C@H](OC=3C(C(=O)N(C[C@H]2C)[C@H](CO)C)=CC(NC(=O)NC=4C=CC(F)=CC4)=CC3)C)C)C=CC1Cl,CC1CCCCOC(CN(C)Cc2ccc(C(F)(F)F)cc2)C(C)CN(C(C)CO)C(=O)c2cc(NC(=O)Nc3ccc(C(F)(F)F)cc3)ccc2O1
SMAD3,Pre-trained hierVAE Generate,0.09,ClC1=CC=C(S(=O)(=O)N(C[C@@H]2OCCCC[C@@H](OC3=C(C(=O)N(C[C@H]2C)[C@@H](CO)C)C=C(NC(=O)NC4=CC=C(F)C=C4)C=C3)C)C)C=C1,CC1CCCCOC(CN(C)S(=O)(=O)c2cccc(C(F)(F)F)c2)C(C)CN(C(C)CO)C(=O)c2cc(NC(=O)c3ccncc3)ccc2O1
SMAD3,Pre-trained hierVAE Generate,0.04,S(=O)(=O)(NCCC(=O)NCCCOCC)C1=CC=C(C=C1)C,CCCNC(=O)CC1CCC(NS(=O)(=O)c2ccc(C)cc2)C(CO)O1
SMAD3,Pre-trained hierVAE Generate,0.07,O=C1N([C@@H](CO)C)C[C@@H]([C@@H](OCC=2C(C3=C1N(C=4C3=CC=CC4)C)=CC=CC2)CN(C(OC5=CC=C(OC)C=C5)=O)C)C,CC1CN(C(C)CO)C(=O)c2c(c3ccccc3n2C)-c2ccccc2COC1CN(C)C(=O)CCC(F)(F)F
SMAD3,Pre-trained hierVAE Generate,0.14,S(=O)(=O)(NC1=CC=2C(=O)N(C[C@@H]([C@@H](OCCCC[C@H](OC2C=C1)C)CN(S(=O)(=O)C3=CC=CC=C3)C)C)[C@@H](CO)C)C4=CC=C(F)C=C4,CC1CCCCOC(CN(C)Cc2ccc(C(F)(F)F)cc2)C(C)CN(C(C)CO)C(=O)c2cc(NS(=O)(=O)c3ccccc3)ccc2O1
SMAD3,Pre-trained hierVAE Generate,0.21,O=C1NC(=O)C2=C1C=C(NC(=O)C=3C(=CC=CC3)C)C=C2,CCCNC(=O)N1CC(C)C(OC)CN(C)C(=O)c2ccc(NC(=O)c3ccccc3C)cc2OCC1C
SMAD3,Pre-trained hierVAE Generate,0.2,S(=O)(=O)(N(C[C@@H]1OCCCC[C@H](OC=2C(C(=O)N(C[C@@H]1C)[C@@H](CO)C)=CC(N(C)C)=CC2)C)C)C=3N=CN(C3)C,Cc1ccccc1S(=O)(=O)N(C)CC1OCCCCC(C)Oc2ccc(N(C)C)cc2C(=O)N(C(C)CO)CC1C
SMAD3,Pre-trained hierVAE Generate,0.18,FC(F)(F)C1=CC=C(CN(C[C@H]2OC3=C(C(=O)N(C[C@H]2C)[C@@H](CO)C)C=C(NC(=O)C4CCCCC4)C=C3)C)C=C1,CC1CN(C(C)CO)C(=O)c2cc(NC(=O)C3CCCCC3)ccc2OC1CN(C)Cc1ccc(F)cc1
SMAD3,Pre-trained hierVAE Generate,0.15,FC1=CC=C(C=C1)C2=CN3C(SC=4C=C(C=CC34)C(=O)NCCCN5CCCCC5)=N2,CC(C)(C)S(=O)N1Cc2cc(C(=O)NCCN3CCCCC3)nc(-c3cccc(-c4ccc(F)cc4)c3)c2C1CCO
SMAD3,Pre-trained hierVAE Generate,0.1,S(=O)(=O)(N(C[C@H]1OC2=C(C(=O)N(C[C@@H]1C)[C@@H](CO)C)C=C(NC(=O)NC3=C(ON=C3C)C)C=C2)C)C=4N=CN(C4)C,COc1ccc(C(=O)Nc2ccc3c(c2)C(=O)N(C(C)CO)CC(C)C(CN(C)S(=O)(=O)c2cn(C)cn2)O3)cc1
SMAD3,Pre-trained hierVAE Generate,0.07,S(=O)(=O)(NC1=CC=2C(=O)N(C[C@@H]([C@@H](OCCCC[C@H](OC2C=C1)C)CN(S(=O)(=O)C3=CC=CC=C3)C)C)[C@@H](CO)C)C4=CC=C(F)C=C4,CC1CCCCOC(CN(C)Cc2ccc(F)cc2)C(C)CN(C(C)CO)C(=O)c2cc(NS(=O)(=O)c3ccccc3)ccc2O1
SMAD3,Pre-trained hierVAE Generate,0.01,BrC=1C=CC(NC(=O)CCN2CCN(CC2)C)=CC1,CCC(C)C(=O)Nc1ccc(C(=O)NCCCN2CCN(C)CC2)cc1
SMAD3,Pre-trained hierVAE Generate,0.2,S(=O)(=O)(N(C1=CC=CC=C1)CC(=O)NC=2C=CC(C(F)(F)F)=CC2)N(C)C,CC(NC(=O)CC1CCC(NC(=O)Nc2ccc(C(F)(F)F)cc2)C(CO)O1)c1ccccc1
SMAD3,Pre-trained hierVAE Generate,0.15,S(=O)(=O)(N(C=1C=CC(=CC1)C(=O)NC2CCCCC2)C)C3=CC=CC=C3,CC1(C)CCC(NC(=O)C2(O)CC(Cc3cccc(S(=O)(=O)c4ccccc4)c3)CCC2NS(=O)C(C)(C)C)CC1
SMAD3,Pre-trained hierVAE Generate,0.2,O=C1N([C@@H](CO)C)C[C@@H]([C@@H](OCC=2C(C3=C1N(C=4C3=CC=CC4)C)=CC=CC2)CN(C(OC5=CC=C(OC)C=C5)=O)C)C,Cc1ccc(S(=O)(=O)N(C)CC2OCc3ccccc3-c3c(n(C)c4ccccc34)C(=O)N(C(C)CO)CC2C)cc1
SMAD3,Pre-trained hierVAE Generate,0.16,FC(F)(F)C1=CC=C(CN(C[C@H]2OC3=C(C(=O)N(C[C@H]2C)[C@@H](CO)C)C=C(NC(=O)C4CCCCC4)C=C3)C)C=C1,CCCNC(=O)Nc1ccc2c(c1)C(=O)N(C(C)CO)CC(C)C(CN(C)Cc1ccc(C(F)(F)F)cc1)O2
SMAD3,Pre-trained hierVAE Generate,0.13,BrC=1C=C2O[C@H]([C@@H](CN(S(=O)(=O)C2=CC1)[C@H](CO)C)C)CN(C(=O)C3=C(F)C=CC=C3)C,CC1CN(C(C)CO)S(=O)(=O)c2ccc(C3=CCCCC3)cc2OC1CN(C)C(=O)Cc1ccccc1
SMAD3,Pre-trained hierVAE Generate,0.17,FC(F)(F)C1=CC=C(NC(=O)NC2=CC3=C(O[C@@H]([C@H](CN(C3=O)[C@@H](CO)C)C)CN(C(=O)NC(C)C)C)C=C2)C=C1,CC(C)NC(=O)Nc1ccc2c(c1)C(=O)N(C(C)CO)CC(C)C(CN(C)C(=O)Nc1cccc(C(F)(F)F)c1)O2
SMAD3,Pre-trained hierVAE Generate,0.14,S(=O)(=O)(N(C[C@@H]1OCCCC[C@H](OC=2C(C(=O)N(C[C@@H]1C)[C@@H](CO)C)=CC(N(C)C)=CC2)C)C)C=3N=CN(C3)C,CC1CCCCOC(CN(C)S(=O)(=O)c2ccc(C(F)(F)F)cc2)C(C)CN(C(C)CO)C(=O)c2cc(N(C)C)ccc2O1
SMAD3,Pre-trained hierVAE Generate,0.12,O=C1N([C@@H](CO)C)C[C@@H]([C@@H](OCC=2C(C3=C1N(C=4C3=CC=CC4)C)=CC=CC2)CN(C(OC5=CC=C(OC)C=C5)=O)C)C,COc1ccc(C(=O)N(C)CC2OCc3ccccc3-c3c(n(C)c4ccccc34)C(=O)N(C(C)CO)CC2C)cc1
SMAD3,Ours,1,S1(=O)(=O)N(C[C@@H]([C@@H](OC=2C1=CC=C(C2)C3=CC(OC)=CC=C3)CN(CC=4C=NC=NC4)C)C)[C@@H](CO)C,CC1CN(C(C)CO)S(=O)(=O)c2ccc(C3=CCCCC3)cc2OC1CN(C)Cc1ccc(C(=O)O)cc1
SMAD3,Ours,0.94,S(=O)(=O)(N(C[C@H]1OC=2C(C(=O)N(C[C@@H]1C)[C@@H](CO)C)=CC(NC(=O)NC3=CC=C(OC)C=C3)=CC2)C)C,COC1CN(C)C(=O)c2cc(NC(=O)NC(C)C)ccc2OCC(C)N(Cc2cccnc2)CC1C
SMAD3,Ours,0.94,O=C(NC1=CC(NC(=O)C2=C(C=CC=C2)C)=CC=C1)C3=CC=C(C(C)(C)C)C=C3,CN(C)CCCNC(=O)c1ccccc1NC(=O)c1ccc(NC(=O)c2ccc(C(C)(C)C)cc2)cc1
SMAD3,Ours,0.94,O1[C@@H]2[C@H](C3=C1C=CC(NC(=O)C4CCC4)=C3)C[C@H](O[C@@H]2CO)CC(=O)NCC5=CC=C(OC)C=C5,COc1ccc(CNC(=O)CC2CC3c4cc(NC(=O)C5CC5)ccc4OC3C(CO)O2)cc1
SMAD3,Ours,0.94,FC(F)(F)C1=CC=C(CN(C[C@H]2OC3=C(C(=O)N(C[C@H]2C)[C@@H](CO)C)C=C(NC(=O)C4CCCCC4)C=C3)C)C=C1,CC1CN(C(C)CO)C(=O)c2cc(NC(=O)CCCN(C)C)ccc2OC1CN(C)Cc1ccc(C(F)(F)F)cc1
SMAD3,Ours,0.94,FC(F)(F)C1=CC=C(CN(C[C@H]2OC3=C(C(=O)N(C[C@H]2C)[C@@H](CO)C)C=C(NC(=O)C4CCCCC4)C=C3)C)C=C1,CC1CCCCOC(CN(C)Cc2ccc(C(F)(F)F)cc2)C(C)CN(C(C)CO)C(=O)c2cc(NC(=O)CCC(F)(F)F)ccc2O1
SMAD3,Ours,0.91,FC(F)(F)C1=CC=C(CN(C[C@H]2OC3=C(C(=O)N(C[C@H]2C)[C@@H](CO)C)C=C(NC(=O)C4CCCCC4)C=C3)C)C=C1,CC1CN(C(C)CO)C(=O)c2cc(NC(=O)C3CCC3)ccc2OC1CN(C)Cc1ccc(C(F)(F)F)cc1
SMAD3,Ours,0.88,S1(=O)(=O)N(C[C@@H]([C@@H](OC=2C1=CC=C(C2)C3=CC(OC)=CC=C3)CN(CC=4C=NC=NC4)C)C)[C@@H](CO)C,CC1CN(C(C)CO)S(=O)(=O)c2ccc(-c3ccccc3C(=O)N(C)C)cc2OC1CN(C)Cc1ccc(C(F)(F)F)cc1
SMAD3,Ours,0.88,ClC1=CC=C(S(=O)(=O)N(C[C@@H]2OC=3C(CC(=O)N(C[C@@H]2C)[C@H](CO)C)=CC(NC(=O)CCC(F)(F)F)=CC3)C)C=C1,Cc1ccc(S(=O)(=O)N(C)CC2Oc3ccc(NC(=O)CCC(F)(F)F)cc3CC(=O)N(C(C)CO)CC2C)cc1
SMAD3,Ours,0.84,FC(F)(F)C1=CC=C(NC(=O)N(C[C@H]2OC=3C(C(=O)N(C[C@@H]2C)[C@@H](CO)C)=CC(NC(=O)NC4=CC=C(C(F)(F)F)C=C4)=CC3)C)C=C1,COc1ccc(NC(=O)N(C)CC2Oc3ccc(NC(=O)Nc4ccc(C(F)(F)F)cc4)cc3C(=O)N(C(C)CO)CC2C)cc1
SMAD3,Ours,0.83,ClC1=CC(CN(C[C@@H]2OCCCC[C@H](OC3=C(C(=O)N([C@@H](CO)C)C[C@@H]2C)C=C(NC(=O)NC=4C=CC=CC4)C=C3)C)C)=CC=C1Cl,CC1CCCCOC(CN(C)Cc2ccc(Cl)c(Cl)c2)C(C)CN(C(C)CO)C(=O)c2cc(NC(=O)Nc3ccccc3F)ccc2O1
SMAD3,Ours,0.81,FC(F)(F)C1=CC=C(C2=CC(O[C@@H](OCC3=CC=C(C=C3)CO)C2)C(=O)NCC4=CC=CC=C4)C=C1,O=C(NCc1ccc(C(F)(F)F)cc1)C1C2Cn3c(ccc(-c4cncnc4)c3=O)C(N2)C1CO
SMAD3,Ours,0.81,C12=C(C(=O)[C@@H]3[C@H](O1)COC=4C=C(OC)C(=CC34)OC)C=CC=5O[C@H](CC25)C(C)C,COC1CCC2CCN(C)C(=O)C(C)C(OC)CN(C)C(=O)c3cc(C#N)ccc3OCC1O2
SMAD3,Ours,0.78,S(O)(=O)(=NC1=CC=2C(=O)N([C@H](CO)C)C[C@H]([C@@H](OCCCC[C@@H](OC2C=C1)C)CN(CC=3C=C4OCOC4=CC3)C)C)C,CC1CCCCOC(CN(C)Cc2ccc3c(c2)OCO3)C(C)CN(C(C)CO)C(=O)c2cc(N(C)C)ccc2O1
SMAD3,Ours,0.78,S(=O)(=O)(NC1=CC=2[C@H]3[C@@H](OC2C=C1)[C@H](O[C@@H](C3)CC(OC)=O)CO)C4=CC=CC=C4,CCCNC(=O)CC1CC2c3cc(NS(=O)(=O)c4ccccc4F)ccc3OC2C(CO)O1
SMAD3,Ours,0.78,ClC1=CC(CN(C[C@@H]2OCCCC[C@H](OC3=C(C(=O)N([C@@H](CO)C)C[C@@H]2C)C=C(NC(=O)NC=4C=CC=CC4)C=C3)C)C)=CC=C1Cl,CC1CCCCOC(CN(C)Cc2ccc(C(F)(F)F)cc2)C(C)CN(C(C)CO)C(=O)c2cc(NC(=O)Nc3ccccc3)ccc2O1
SMAD3,Ours,0.78,BrC=1C=C2O[C@H]([C@@H](CN(S(=O)(=O)C2=CC1)[C@H](CO)C)C)CNC,CCNCC1Oc2cc(C#CCN(C)C)ccc2S(=O)(=O)N(C(C)CO)CC1C
SMAD3,Ours,0.77,S1(=O)(=O)N(C[C@@H]([C@@H](OC=2C1=CC=C(C2)C3=CC(OC)=CC=C3)CN(CC=4C=NC=NC4)C)C)[C@@H](CO)C,CC1CN(C(C)CO)S(=O)(=O)c2ccc(NC(=O)CCCCCCN(C)C)cc2OC1CN(C)Cc1ccc(C(=O)O)cc1
SMAD3,Ours,0.77,FC1=C(C(OCC(=O)NC(=O)NC(C)C)=O)C=CC=C1,CC(C)NC(=O)NC1CCC(CCn2cc(-c3ccccc3F)nn2)OC1CO
SMAD3,Ours,0.77,FC(F)(F)C1=CC=C(NC(=O)N(C[C@H]2OC=3C(C(=O)N(C[C@@H]2C)[C@@H](CO)C)=CC(NC(=O)NC4=CC=C(C(F)(F)F)C=C4)=CC3)C)C=C1,CC1CN(C(C)CO)C(=O)c2cc(NC(=O)Nc3ccc(C(F)(F)F)cc3)ccc2OC1CN(C)Cc1ccc(C(F)(F)F)cc1
SMAD3,Ours,0.77,FC(F)(F)C1=CC=C(NC(=O)N(C[C@H]2OC=3C(C(=O)N(C[C@@H]2C)[C@@H](CO)C)=CC(NC(=O)NC4=CC=C(C(F)(F)F)C=C4)=CC3)C)C=C1,CC1CN(C(C)CO)C(=O)c2cc(NC(=O)Nc3ccc(C(F)(F)F)cc3)ccc2OC1CN(C)Cc1ccc(C(F)(F)F)cc1
SMAD3,Ours,0.77,FC(F)(F)C1=CC=C(NC(=O)N(C[C@H]2OC=3C(C(=O)N(C[C@@H]2C)[C@@H](CO)C)=CC(NC(=O)NC4=CC=C(C(F)(F)F)C=C4)=CC3)C)C=C1,CC1CN(C(C)CO)C(=O)c2cc(NC(=O)Nc3ccc(C(F)(F)F)cc3)ccc2OC1CN(C)Cc1ccc(C(F)(F)F)cc1
SMAD3,Ours,0.77,FC(F)(F)C1=CC=C(NC(=O)N(C[C@H]2OC=3C(C(=O)N(C[C@@H]2C)[C@@H](CO)C)=CC(NC(=O)NC4=CC=C(C(F)(F)F)C=C4)=CC3)C)C=C1,CC1CN(C(C)CO)C(=O)c2cc(NC(=O)Nc3ccc(C(F)(F)F)cc3)ccc2OC1CN(C)Cc1ccc(C(F)(F)F)cc1
SMAD3,Ours,0.76,S=C(NC=1C=CC(C(F)(F)F)=CC1)NC2CCCCC2,CCNC(=O)CC1CCC(NC(=O)Nc2ccc(C(F)(F)F)cc2)C(CO)O1
SMAD3,Ours,0.76,S(=O)(=O)(NC1=CC=2C(=O)N([C@H](CO)C)C[C@@H]([C@H](OCCCC[C@@H](OC2C=C1)C)CN(CC3CCCCC3)C)C)C4=CC=CC=C4,CC1CCCCOC(CN(C)CC2CC2)C(C)CN(C(C)CO)C(=O)c2cc(NC(=O)CCC(F)(F)F)ccc2O1
SMAD3,Ours,0.76,O=C1N([C@@H](CO)C)C[C@@H]([C@@H](OCC=2C(C3=C1N(C=4C3=CC=CC4)C)=CC=CC2)CN(C(OC5=CC=C(OC)C=C5)=O)C)C,COc1ccc(S(=O)(=O)N(C)CC2OCc3ccccc3-c3c(n(C)c4ccccc34)C(=O)N(C(C)CO)CC2C)cc1
SMAD3,Ours,0.76,O=C1N([C@@H](CO)C)C[C@@H]([C@@H](OCC=2C(C3=C1N(C=4C3=CC=CC4)C)=CC=CC2)CN(C(OC5=CC=C(OC)C=C5)=O)C)C,COc1ccc(S(=O)(=O)N(C)CC2OCc3ccccc3-c3c(n(C)c4ccccc34)C(=O)N(C(C)CO)CC2C)cc1
SMAD3,Ours,0.76,O=C1N([C@@H](CO)C)C[C@@H]([C@@H](OCC=2C(C3=C1N(C=4C3=CC=CC4)C)=CC=CC2)CN(C(OC5=CC=C(OC)C=C5)=O)C)C,COc1ccc(S(=O)(=O)N(C)CC2OCc3ccccc3-c3c(n(C)c4ccccc34)C(=O)N(C(C)CO)CC2C)cc1
SMAD3,Ours,0.76,O=C1N([C@@H](CO)C)C[C@@H]([C@@H](OCC=2C(C3=C1N(C=4C3=CC=CC4)C)=CC=CC2)CN(C(OC5=CC=C(OC)C=C5)=O)C)C,COc1ccc(CN(C)CC2OCc3ccccc3-c3c(n(C)c4ccccc34)C(=O)N(C(C)CO)CC2C)cc1
SMAD3,Ours,0.76,O1C=2C(C(=O)N(C[C@@H]([C@H]1CN(C(=O)NC3=CC=CC=C3)C)C)[C@@H](CO)C)=CC(NC(=O)C4CCCCC4)=CC2,CC1CCCCOC(CN(C)C(=O)Nc2ccccc2)C(C)CN(C(C)CO)C(=O)c2cc(NC(=O)C3CCCCC3)ccc2O1
SMAD3,Ours,0.76,FC(F)(F)CCC(=O)NC=1C=C2C(O[C@@H]([C@H](CN(C2=O)[C@@H](CO)C)C)CN(C(=O)NC3=CC=CC=C3)C)=CC1,CC1CCCCOC(CN(C)C(=O)NC(C)(C)C)C(C)CN(C(C)CO)C(=O)c2cc(NC(=O)CCC(F)(F)F)ccc2O1
SMAD3,Ours,0.75,S(=O)(=O)(N(C[C@H]1OCC=2N=NN(C2)CCCC(=O)N(C[C@@H]1C)[C@@H](CO)C)C)C3=CN=C(OC4=CC=CC=C4)C=C3,CC1CN(C(C)CO)C(=O)CCCn2cc(nn2)COC1CN(C)Cc1ccc(C(F)(F)F)cc1
SMAD3,Ours,0.75,S(=O)(=O)(N(C[C@H]1OC2=C(C(=O)N(C[C@@H]1C)[C@@H](CO)C)C=C(NC(=O)C3CCCCC3)C=C2)C)C,CCCNC(=O)N1CC(C)C(OC)CN(C)C(=O)c2cc(NC(=O)C3CCCCC3)ccc2OCC1C
SMAD3,Ours,0.75,FC1=CC(C=2C([C@@H]3N([C@H](C2)CC3)C(=O)NCCC)C(OC)=O)=CC=C1C4=CC=CC=C4,CCCNC(=O)N1C2Cn3c(ccc(-c4ccccc4F)c3=O)C1C(CO)C2C(=O)Nc1ccc(-c2ccccc2)cc1
SMAD3,Ours,0.74,S(=O)(=O)(N(C[C@@H]1OCCCC[C@H](OC=2C(C(=O)N(C[C@@H]1C)[C@@H](CO)C)=CC(N(C)C)=CC2)C)C)C=3N=CN(C3)C,CC(C)NC(=O)Nc1ccc2c(c1)C(=O)N(C(C)CO)CC(C)C(CN(C)S(=O)(=O)c1cn(C)cn1)OCCCCC(C)O2
SMAD3,Ours,0.74,S(=O)(=O)(N(C[C@@H]1OCC=2N(N=NC2)CCCC(=O)N(C[C@H]1C)[C@@H](CO)C)C)C=3SC=CC3,CC1CN(C(C)CO)C(=O)CCCn2nncc2COC1CN(C)C(=O)c1ccncc1
SMAD3,Ours,0.74,O=C1N([C@@H](CO)C)C[C@@H]([C@@H](OCC=2C(C3=C1N(C=4C3=CC=CC4)C)=CC=CC2)CN(C(OC5=CC=C(OC)C=C5)=O)C)C,COc1ccc(CN(C)CC2OCc3ccccc3-c3ccccc3C(=O)N(C(C)CO)CC2C)cc1
SMAD3,Ours,0.73,S(=O)(=O)(N(C[C@@H]1OCCCC[C@H](OC=2C(C(=O)N(C[C@@H]1C)[C@@H](CO)C)=CC(N(C)C)=CC2)C)C)C=3N=CN(C3)C,Cc1ccccc1S(=O)(=O)N(C)CC1OCCCCC(C)Oc2ccc(N(C)C)cc2C(=O)N(C(C)CO)CC1C
SMAD3,Ours,0.73,S(=O)(=O)(N(C[C@@H]1OC=2C(CC(=O)N(C[C@@H]1C)[C@@H](CO)C)=CC(NC(=O)CCCCCC(OCC)=O)=CC2)C)C3=CC=C(OC)C=C3,Cc1ccc(S(=O)(=O)N(C)CC2Oc3ccc(NC(=O)CCCCCC(=O)Nc4ccccc4N)cc3CC(=O)N(C(C)CO)CC2C)cc1
SMAD3,Ours,0.73,FC1=C(C2=NN(N=N2)CC(=O)NC=3C=CC(OC)=CC3)C=CC=C1,COc1ccc(NC(=O)NC2CCC(CCn3cc(-c4ccccc4F)nn3)OC2CO)cc1
SMAD3,Ours,0.73,ClC1=CC=C(S(=O)(=O)N(C[C@@H]2OC=3C(CC(=O)N(C[C@@H]2C)[C@H](CO)C)=CC(NC(=O)CCC(F)(F)F)=CC3)C)C=C1,CC1CN(C(C)CO)C(=O)Cc2cc(NC(=O)CCCN(C)C)ccc2OC1CN(C)S(=O)(=O)c1ccc(C(F)(F)F)cc1
SMAD3,Ours,0.73,ClC1=CC(CN(C[C@@H]2OCCCC[C@H](OC3=C(C(=O)N([C@@H](CO)C)C[C@@H]2C)C=C(NC(=O)NC=4C=CC=CC4)C=C3)C)C)=CC=C1Cl,CC1CCCCOC(CN(C)Cc2ccc(Cl)c(Cl)c2)C(C)CN(C(C)CO)C(=O)c2cc(NC(=O)CCC(F)(F)F)ccc2O1
SMAD3,Ours,0.73,ClC1=CC(CN(C[C@@H]2OCCCC[C@H](OC3=C(C(=O)N([C@@H](CO)C)C[C@@H]2C)C=C(NC(=O)NC=4C=CC=CC4)C=C3)C)C)=CC=C1Cl,CC1CCCCOC(CN(C)CC2CC2)C(C)CN(C(C)CO)C(=O)c2cc(NC(=O)Nc3ccccc3)ccc2O1
SMAD3,Ours,0.72,S(=O)(=O)(NC1=CC=2C(=O)N(C[C@@H]([C@@H](OCCCC[C@H](OC2C=C1)C)CN(S(=O)(=O)C3=CC=CC=C3)C)C)[C@@H](CO)C)C4=CC=C(F)C=C4,Cc1ccc(S(=O)(=O)Nc2ccc3c(c2)C(=O)N(C(C)CO)CC(C)C(CN(C)C(=O)NC(C)C)OCCCCC(C)O3)cc1
SMAD3,Ours,0.72,S(=O)(=O)(N(C[C@@H]1OCC=2N(N=NC2)CCCC(=O)N(C[C@H]1C)[C@@H](CO)C)C)C=3SC=CC3,Cc1cccc(S(=O)(=O)N(C)CC2OCc3cnnn3CCCC(=O)N(C(C)CO)CC2C)c1
SMAD3,Ours,0.72,O1C2=C(C(=O)N(C[C@@H]([C@H]1CN(C(=O)NC3=C(ON=C3C)C)C)C)[C@@H](CO)C)C=C(NC(=O)CCN4CCOCC4)C=C2,CC1CN(C(C)CO)C(=O)c2cc(NC(=O)CCN3CCOCC3)ccc2OC1CN(C)C(=O)Nc1ccc(F)cc1
SMAD3,Ours,0.71,S1C(=NC(C2=CC=C(F)C=C2)=C1)NC(=O)COC(=O)CNC(=O)C=3C=CC(C(C)(C)C)=CC3,CC(C)(C)c1ccc(C(=O)Nc2nc(-c3ccc(C(=O)O)cc3)nc3ccc(C(=O)NCCCNCC(O)c4ccc(F)cc4)cc23)cc1
SMAD3,Ours,0.71,S(=O)(=O)(NCCC)C1=CC=C(NC(=O)C=2N=CC=CC2)C=C1,CCCNC(=O)N1CC(C)C(OC)CN(C)C(=O)c2cc(NC(=O)c3ccccn3)ccc2OCC1C
SMAD3,Ours,0.71,S(=O)(=O)(N(C[C@H]1OCC=2N=NN(C2)CCCC(=O)N(C[C@@H]1C)[C@@H](CO)C)C)C3=CN=C(OC4=CC=CC=C4)C=C3,CC1CN(C(C)CO)C(=O)CCCn2cc(nn2)COC1CN(C)Cc1ccc(C(F)(F)F)cc1
SMAD3,Ours,0.71,O=C1N([C@@H](CO)C)C[C@@H]([C@@H](OCC=2C(C3=C1N(C=4C3=CC=CC4)C)=CC=CC2)CN(C(OC5=CC=C(OC)C=C5)=O)C)C,CC1CN(C(C)CO)C(=O)c2c(c3ccccc3n2C)-c2ccccc2COC1CN(C)C(=O)c1ccncc1
SMAD3,Ours,0.71,O=C1N([C@@H](CO)C)C[C@@H]([C@@H](OCC=2C(C3=C1N(C=4C3=CC=CC4)C)=CC=CC2)CN(C(OC5=CC=C(OC)C=C5)=O)C)C,CC1CN(C(C)CO)C(=O)c2c(c3ccccc3n2C)-c2ccccc2COC1CN(C)C(=O)c1ccncc1
SMAD3,Ours,0.71,O=C1N([C@@H](CO)C)C[C@@H]([C@@H](OCC=2C(C3=C1N(C=4C3=CC=CC4)C)=CC=CC2)CN(C(OC5=CC=C(OC)C=C5)=O)C)C,CC1CN(C(C)CO)C(=O)c2c(c3ccccc3n2C)-c2ccccc2COC1CN(C)C(=O)Nc1ccc(F)cc1
SMAD3,Ours,0.71,O=C(NC(C(=O)NCC(N(C)C)C1=CC=CC=C1)C(C)C)C=2C=CC(C(C)(C)C)=CC2,CC(C(Cc1ccccc1)NC(=O)c1ccc(C(C)(C)C)cc1)C(C)(C)C
SMAD3,Ours,0.71,O1[C@@H]2[C@H](C3=C1C=CC(NC(=O)C4CCC4)=C3)C[C@H](O[C@@H]2CO)CC(=O)NCC5=CC=C(OC)C=C5,COc1ccc(CNC(=O)CC2OC(CO)CC3c4cc(NC(=O)Cc5ccccc5)ccc4OC23)cc1
SMAD3,Ours,0.71,FC=1C(CNC(=O)C2CN(C=3N=C(OCC)C=C(N3)C)CCC2)=CC=CC1,CC(C)(C)S(=O)N1CC(O)COCC2OC(CC(=O)NCc3ccccc3F)CCC21
SMAD3,Ours,0.71,FC(F)(F)C1=CC=C(CN(C[C@H]2OC3=C(C(=O)N(C[C@H]2C)[C@@H](CO)C)C=C(NC(=O)C4CCCCC4)C=C3)C)C=C1,CC(C)NC(=O)Nc1ccc2c(c1)C(=O)N(C(C)CO)CC(C)C(CN(C)Cc1ccc(C(F)(F)F)cc1)O2
SMAD3,Ours,0.7,S1(=O)(=O)N(C[C@@H]([C@@H](OC=2C1=CC=C(C2)C3=CC(OC)=CC=C3)CN(CC=4C=NC=NC4)C)C)[C@@H](CO)C,CC1CN(C(C)CO)S(=O)(=O)c2ccc(C#CCN(C)C)cc2OC1CN(C)Cc1ccc(C(F)(F)F)cc1
SMAD3,Ours,0.7,O=C1N([C@@H](CO)C)C[C@@H]([C@@H](OCC=2C(C3=C1N(C=4C3=CC=CC4)C)=CC=CC2)CN(C(OC5=CC=C(OC)C=C5)=O)C)C,CC1CN(C(C)CO)C(=O)c2c(c3ccccc3n2C)-c2ccccc2COC1CN(C)C(=O)c1ccc(C(F)(F)F)cc1
SMAD3,Ours,0.7,O=C1N([C@@H](CO)C)C[C@@H]([C@@H](OCC=2C(C3=C1N(C=4C3=CC=CC4)C)=CC=CC2)CN(C(OC5=CC=C(OC)C=C5)=O)C)C,CC1CN(C(C)CO)C(=O)c2c(c3ccccc3n2C)-c2ccccc2COC1CN(C)C(=O)c1ccc(C(F)(F)F)cc1
SMAD3,Ours,0.7,O=C1N([C@@H](CO)C)C[C@@H]([C@@H](OCC=2C(C3=C1N(C=4C3=CC=CC4)C)=CC=CC2)CN(C(OC5=CC=C(OC)C=C5)=O)C)C,CC1CN(C(C)CO)C(=O)c2c(c3ccccc3n2C)-c2ccccc2COC1CN(C)C(=O)c1ccc(C(F)(F)F)cc1
SMAD3,Ours,0.7,O=C(NC=1C=CC(C(=O)NCCC2=CC=CC=C2)=CC1)C3=CC=C(OC)C=C3,Cc1ccc(C(=O)Nc2ccc(C(=O)NCCCCCC(=O)Nc3ccc(C(=O)O)cc3)cc2)cc1
SMAD3,Ours,0.7,O=C(C=1C=CC(NC(=O)C=2C=CC(OC)=CC2)=CC1)C3=CC=CC=C3,CC(C)(C)C(NC(=O)c1ccc(C(=O)c2ccc(C(=O)c3ccc(C(=O)c4ccccc4)cc3)cc2)cc1)C(=O)O
SMAD3,Ours,0.7,O1[C@@H]2[C@H](C3=C1C=CC(NC(=O)C4CCC4)=C3)C[C@H](O[C@@H]2CO)CC(=O)NCC5=CC=C(OC)C=C5,COc1ccc(CNC(=O)CC2CC3c4cc(NC(=O)c5cccnc5)ccc4OC3C(CO)O2)cc1
SMAD3,Ours,0.7,O1[C@@H]2[C@H](C3=C1C=CC(NC(=O)C4CCC4)=C3)C[C@H](O[C@@H]2CO)CC(=O)NCC5=CC=C(OC)C=C5,COc1ccc(CNC(=O)CC2CC3c4cc(NC(=O)Cn5cnnn5)ccc4OC3C(CO)O2)cc1
SMAD3,Ours,0.7,O1[C@@H]2[C@H](C3=C1C=CC(NC(=O)C4CCC4)=C3)C[C@H](O[C@@H]2CO)CC(=O)NCC5=CC=C(OC)C=C5,CCCNC(=O)CC1CC2c3cc(NC(=O)c4ccc5c(c4)OCO5)ccc3OC2C(CO)O1
SMAD3,Ours,0.7,O1C(NC=2NC=NC3=NC=NC23)C(O)C(O)C(NC(=O)CNC(=O)CCCCCCCCCCCCC(C)C)C1C,CCN(CC)CCCNC(=O)CCCCCCCC(C)C
SMAD3,Ours,0.7,ClC1=CC(CN(C[C@@H]2OCCCC[C@H](OC3=C(C(=O)N([C@@H](CO)C)C[C@@H]2C)C=C(NC(=O)NC=4C=CC=CC4)C=C3)C)C)=CC=C1Cl,CC(C)NC(=O)Nc1ccc2c(c1)C(=O)N(C(C)CO)CC(C)C(CN(C)Cc1cccnc1)OCCCCC(C)O2
SMAD3,Ours,0.69,O=C1N([C@@H](CO)C)C[C@@H]([C@@H](OCC=2C(C3=C1N(C=4C3=CC=CC4)C)=CC=CC2)CN(C(OC5=CC=C(OC)C=C5)=O)C)C,CC1CN(C(C)CO)C(=O)c2c(c3ccccc3n2C)-c2ccccc2COC1CN(C)Cc1ccc(C(=O)O)cc1
SMAD3,Ours,0.69,N(C1=CC=CC=C1)(CCCCCCCCCCCCCCCCCC)CCCCCCCCCCCCCCCCCC,CCCCCCCCCCCCCCCCCCCCCCCCCCCCCCCCCCCCCCCCCCCCCCCCCCCCCCCCCCCCCCCCCCCCCCCCCCCCCCCCCCCCCCCCCCCCCCCCCCCCCC
SMAD3,Ours,0.69,FC(F)(F)C1=CC=C(CN(C[C@H]2OC3=C(C(=O)N(C[C@H]2C)[C@@H](CO)C)C=C(NC(=O)C4CCCCC4)C=C3)C)C=C1,CCCCCC(=O)Nc1ccc2c(c1)C(=O)N(C(C)CO)CC(C)C(CN(C)Cc1ccc(C(F)(F)F)cc1)O2
SMAD3,Ours,0.69,FC(F)(F)C1=CC=C(CN(C[C@H]2OC3=C(C(=O)N(C[C@H]2C)[C@@H](CO)C)C=C(NC(=O)C4CCCCC4)C=C3)C)C=C1,CC1CN(C(C)CO)C(=O)c2cc(NC(=O)CCC(F)(F)F)ccc2OC1CN(C)Cc1ccc(C(F)(F)F)cc1
SMAD3,Ours,0.69,FC(F)(F)C1=CC=C(CN(C[C@H]2OC3=C(C(=O)N(C[C@H]2C)[C@@H](CO)C)C=C(NC(=O)C4CCCCC4)C=C3)C)C=C1,CC1CCCCOC(CN(C)Cc2ccc(C(F)(F)F)cc2)C(C)CN(C(C)CO)C(=O)c2cc(NC(=O)CCN3CCOCC3)ccc2O1
SMAD3,Ours,0.68,S(=O)(=O)(NCCC(=O)N1CCN(CC1)CC2=CC=CC=C2)C=3C(F)=CC=CC3,CCNC(=O)CC1CCC(NS(=O)(=O)c2ccccc2F)C(CO)O1
SMAD3,Ours,0.68,S(=O)(=O)(N(C[C@H]1OCC=2N=NN(C2)CCCC(=O)N(C[C@@H]1C)[C@@H](CO)C)C)C3=CN=C(OC4=CC=CC=C4)C=C3,CC1CN(C(C)CO)C(=O)CCCn2cc(nn2)COC1CN(C)Cc1ccc(C(=O)O)cc1
SMAD3,Ours,0.68,S(=O)(=O)(N(C[C@@H]1OCC=2N(N=NC2)CCCC(=O)N(C[C@H]1C)[C@@H](CO)C)C)C=3SC=CC3,CC1CN(C(C)CO)C(=O)CCCn2nncc2COC1CN(C)Cc1cccc(C(F)(F)F)c1
SMAD3,Ours,0.68,O=C1N([C@@H](CO)C)C[C@@H]([C@@H](OCC=2C(C3=C1N(C=4C3=CC=CC4)C)=CC=CC2)CN(C(OC5=CC=C(OC)C=C5)=O)C)C,CC(C)NC(=O)N(C)CC1OCc2ccccc2-c2ccccc2C(=O)N(C(C)CO)CC1C
SMAD3,Ours,0.68,O=C1N(C=2C(N=C1)=CC=CC2)CC3=CC=C(C(C)(C)C)C=C3,CC(C)(C)c1ccc(CNc2ncnc3ccc(C(F)(F)F)cc23)cc1
SMAD3,Ours,0.68,O1[C@@H]2[C@H](C3=C1C=CC(NC(=O)C4CCC4)=C3)C[C@H](O[C@@H]2CO)CC(=O)NCC5=CC=C(OC)C=C5,O=C(CC1CCC(NC(=O)CC2CC2)C(CO)O1)NCc1ccc(F)cc1
SMAD3,Ours,0.68,O1[C@@H]2[C@H](C3=C1C=CC(NC(=O)C4CCC4)=C3)C[C@H](O[C@@H]2CO)CC(=O)NCC5=CC=C(OC)C=C5,COc1ccc(CNC(=O)CC2CC3c4cc(NC(=O)Cc5ccncc5)ccc4OC3C(CO)O2)cc1
SMAD3,Ours,0.68,O1[C@@H]2[C@H](C3=C1C=CC(NC(=O)C4CCC4)=C3)C[C@H](O[C@@H]2CO)CC(=O)NCC5=CC=C(OC)C=C5,COc1ccc(CNC(=O)CC2CC3c4cc(NC(=O)Cc5ccncc5)ccc4OC3C(CO)O2)cc1
SMAD3,Ours,0.68,FC=1C=CC(C2=NN(N=N2)CC(=O)NC3=CC=C(C=C3)C(OCC)=O)=CC1,CCOC(=O)C1C(CO)C2Cn3c(ccc(-c4cncnc4)c3=O)C2N1C(=O)c1ccc(F)cc1
SMAD3,Ours,0.67,S(=O)(=O)(NC1=CC=2C(=O)N(C[C@@H]([C@@H](OCCCC[C@H](OC2C=C1)C)CN(S(=O)(=O)C3=CC=CC=C3)C)C)[C@@H](CO)C)C4=CC=C(F)C=C4,CC1CCCCOC(CN(C)C(=O)CCCN(C)C)C(C)CN(C(C)CO)C(=O)c2cc(NS(=O)(=O)c3ccc(F)cc3)ccc2O1
SMAD3,Ours,0.67,S(=O)(=O)(NC1=CC=2C(=O)N(C[C@@H]([C@@H](OCCCC[C@H](OC2C=C1)C)CN(S(=O)(=O)C3=CC=CC=C3)C)C)[C@@H](CO)C)C4=CC=C(F)C=C4,CC1CCCCOC(CN(C)C(=O)CCCN(C)C)C(C)CN(C(C)CO)C(=O)c2cc(NS(=O)(=O)c3ccc(F)cc3)ccc2O1
SMAD3,Ours,0.67,O=C(NCC(OCC)=O)C1=CN=CC=C1,CCCNC(=O)CC1CCC(NC(=O)c2cccnc2)C(CO)O1
SMAD3,Ours,0.67,O1[C@H]2[C@@H](C3=C1C=CC(NC(=O)C4CCC4)=C3)C[C@@H](O[C@H]2CO)CC(=O)NC5CCCCC5,CCNC(=O)Nc1ccc2c(c1)C1CC(CC(=O)NCCN3CCCCC3)OC(CO)C1O2
SMAD3,Ours,0.66,S(O)(=O)(=NC1=C(C(=O)NC(C2=CC=CC=C2)C)C=CC=C1)C,Cc1ccccc1S(=O)(=O)NC1CCC(CC(=O)NC(C)c2ccccc2)OC1CO
SMAD3,Ours,0.66,S(=O)(=O)(N(C[C@H]1OC2=C(C(=O)N(C[C@@H]1C)[C@@H](CO)C)C=C(NC(=O)NC=3C=C4OCOC4=CC3)C=C2)C)C5=CC=CC=C5,COC1CN(C)C(=O)c2cc(NC(=O)NC(C)C)ccc2OCC(C)N(C(=O)c2ccc3c(c2)OCO3)CC1C
SMAD3,Ours,0.66,S(=O)(=O)(N(C[C@H]1OC2=C(C(=O)N(C[C@@H]1C)[C@@H](CO)C)C=C(NC(=O)NC3=CC=C(C(F)(F)F)C=C3)C=C2)C)C=4SC=CC4,CC1CN(C(C)CO)C(=O)c2cc(NC(=O)Nc3ccc(Cl)cc3)ccc2OC1CN(C)Cc1ccc(C(F)(F)F)cc1
SMAD3,Ours,0.66,S(=O)(=O)(N(C1=CC=C(OC)C=C1)CC(=O)NC(C2=CC=CC=C2)C)C3=CC=C(C=C3)C,Cc1ccc(S(=O)(=O)NC2CCC(CC(=O)NC(C)c3ccccc3)OC2CO)cc1
SMAD3,Ours,0.66,O=C1N([C@@H](CO)C)C[C@@H]([C@@H](OCC=2C(C3=C1N(C=4C3=CC=CC4)C)=CC=CC2)CN(C(OC5=CC=C(OC)C=C5)=O)C)C,CC1CN(C(C)CO)C(=O)c2c(c3ccccc3n2C)-c2ccccc2COC1CN(C)C(=O)CCCN(C)C
SMAD3,Ours,0.65,O=C1N([C@@H](CO)C)C[C@@H]([C@@H](OCC=2C(C3=C1N(C=4C3=CC=CC4)C)=CC=CC2)CN(C(OC5=CC=C(OC)C=C5)=O)C)C,CC1CN(C(C)CO)C(=O)c2c(c3ccccc3n2C)-c2ccccc2COC1CN(C)Cc1ccc(C(F)(F)F)cc1
SMAD3,Ours,0.65,O=C1N([C@@H](CO)C)C[C@@H]([C@@H](OCC=2C(C3=C1N(C=4C3=CC=CC4)C)=CC=CC2)CN(C(OC5=CC=C(OC)C=C5)=O)C)C,CC1CN(C(C)CO)C(=O)c2c(c3ccccc3n2C)-c2ccccc2COC1CN(C)Cc1ccc(C(F)(F)F)cc1
SMAD3,Ours,0.65,O1[C@@H]2[C@H](C3=C1C=CC(NC(=O)C4CCC4)=C3)C[C@H](O[C@@H]2CO)CC(=O)NCC5=CC=C(OC)C=C5,COc1ccc(CNC(=O)CC2CC3c4cc(NC(=O)c5ccc6c(c5)OCO6)ccc4OC3C(CO)O2)cc1
SMAD3,Ours,0.65,O1[C@@H]2[C@H](C3=C1C=CC(NC(=O)C4CCC4)=C3)C[C@H](O[C@@H]2CO)CC(=O)NCC5=CC=C(OC)C=C5,CCCNC(=O)Nc1ccc2c(c1)C1CC(CC(=O)NCCc3ccccc3)OC(CO)C1O2
SMAD3,Ours,0.65,O1C2=C(C(=O)N(C[C@@H]([C@H]1CN(C(=O)NC3=C(ON=C3C)C)C)C)[C@@H](CO)C)C=C(NC(=O)CCN4CCOCC4)C=C2,CCCNC(=O)N1CC(C)C(OC)CN(C)C(=O)c2cc(NC(=O)CCN3CCOCC3)ccc2OCC1C
SMAD3,Ours,0.65,FC=1C=CC(C(=O)NC=2C=C(C(NC(=O)C=3OC=CC3)=CC2)C)=CC1,COC1CN(C)C(=O)c2cc(NC(=O)c3ccc(F)cc3)ccc2OCC(C)N(C(=O)NC(C)C)CC1C
SMAD3,Ours,0.64,S(=O)(=O)(N(C[C@H]1OC=2C(C(=O)N(C[C@@H]1C)[C@@H](CO)C)=CC(NC(=O)NC3=CC=C(OC)C=C3)=CC2)C)C,CC1CN(C(C)CO)C(=O)c2cc(NC(=O)Nc3ccc(F)cc3)ccc2OC1CN(C)CC1CC1
SMAD3,Ours,0.64,O1[C@H]2[C@@H](C3=C1C=CC(NC(=O)C4CCC4)=C3)C[C@@H](O[C@H]2CO)CC(=O)NC5CCCCC5,CN(C)c1ccc2c(c1)C1CC(CC(=O)NC3CCCCC3)OC(CO)C1O2
SMAD3,Ours,0.64,O1C2=C(C(=O)N(C[C@@H]([C@@H]1CN(CC3CCCCC3)C)C)[C@H](CO)C)C=C(NC(=O)C4CCCCC4)C=C2,CCCNC(=O)Nc1ccc2c(c1)C(=O)N(C)CCCCN(C(=O)CN1CCOCC1)C(C)C(CN(C)CC1CCOCC1)O2
SMAD3,Ours,0.62,S(=O)(=O)(NC1=CC=2[C@H]3[C@@H](OC2C=C1)[C@H](O[C@@H](C3)CC(OC)=O)CO)C4=CC=CC=C4,Cc1cccc(S(=O)(=O)Nc2ccc3c(c2)C2CC(CC(=O)N(C)C)OC(CO)C2O3)c1
TP53,Cosine Search,0.27,O=C1N=C(N=C1CC=2OC=CC2)C3=CC=CC=C3,Nn1c(=O)c(Cc2ccco2)n[nH]c1=S
TP53,Cosine Search,0.27,O=C1N=C(N=C1CC=2OC=CC2)C3=CC=CC=C3,Nn1c(=O)c(Cc2ccco2)n[nH]c1=S
TP53,Cosine Search,0.27,O=C1N=C(N=C1CC=2OC=CC2)C3=CC=CC=C3,Nn1c(=O)c(Cc2ccco2)n[nH]c1=S
TP53,Cosine Search,0.27,O=C1N=C(N=C1CC=2OC=CC2)C3=CC=CC=C3,Nn1c(=O)c(Cc2ccco2)n[nH]c1=S
TP53,Cosine Search,0.41,ClC1=CC=C(S(=O)(=O)N(C(=O)C=2C(=CC=CC2)C)C3=CC=C(OC)C=C3)C=C1,COc1ccc(cc1)S(=O)(=O)N(C(C)=O)c1ccccc1C=Cc1cc[n+]([O-])cc1
TP53,Cosine Search,0.27,O=C1N=C(N=C1CC=2OC=CC2)C3=CC=CC=C3,Nn1c(=O)c(Cc2ccco2)n[nH]c1=S
TP53,Cosine Search,0.27,O=C1N=C(N=C1CC=2OC=CC2)C3=CC=CC=C3,Nn1c(=O)c(Cc2ccco2)n[nH]c1=S
TP53,Cosine Search,0.27,O=C1N=C(N=C1CC=2OC=CC2)C3=CC=CC=C3,Nn1c(=O)c(Cc2ccco2)n[nH]c1=S
TP53,Cosine Search,0.27,O=C1N=C(N=C1CC=2OC=CC2)C3=CC=CC=C3,Nn1c(=O)c(Cc2ccco2)n[nH]c1=S
TP53,Cosine Search,0.45,N1C(=NC2=C1C=CC=C2)C3=C4C(=NC=C3)C=CC=C4,c1[nH]nc(c1-c1ccnc2ccccc12)-c1ccccn1
TP53,Cosine Search,0.18,ClC1=CC(NC(=O)CN2N=C3C(CC2=O)C=C(CC3)C)=C(C=C1)C,CC=C1/[C@H]2Cc3[nH]c(=O)ccc3[C@]1(N)CC(C)=C2
TP53,Cosine Search,0.27,O=C1N=C(N=C1CC=2OC=CC2)C3=CC=CC=C3,Nn1c(=O)c(Cc2ccco2)n[nH]c1=S
TP53,Cosine Search,0.18,ClC1=CC(NC(=O)CN2N=C3C(CC2=O)C=C(CC3)C)=C(C=C1)C,CC=C1/[C@H]2Cc3[nH]c(=O)ccc3[C@]1(N)CC(C)=C2
TP53,Cosine Search,0.43,O=C1N(/C(=N\C(=O)C=2C=CC(=CC2)C)/C=3C(N1)=CC=CC3)CC,Cc1ccc(cc1)C(=O)/N=c2/cccc[nH]2
TP53,Cosine Search,0.27,O=C1N=C(N=C1CC=2OC=CC2)C3=CC=CC=C3,Nn1c(=O)c(Cc2ccco2)n[nH]c1=S
TP53,Cosine Search,0.27,O=C1N=C(N=C1CC=2OC=CC2)C3=CC=CC=C3,Nn1c(=O)c(Cc2ccco2)n[nH]c1=S
TP53,Cosine Search,0.27,O=C1N=C(N=C1CC=2OC=CC2)C3=CC=CC=C3,Nn1c(=O)c(Cc2ccco2)n[nH]c1=S
TP53,Cosine Search,0.44,CCCCCCCCCCCCCCC,CCCCCCCCCCCCCCCC(=O)OC[C@H](O)[C@@H]1OC(=O)C(=O)C1O
TP53,Cosine Search,0.34,S(=O)(=O)(NC1=CC=2C(=C(OC2C=C1)C3=CC=CC=C3)C(OCC)=O)C4=CC=C(C=C4)C(C)C,C[C@@H](NC(=O)C[C@@H]1C[C@@H]2[C@@H](Oc3ccc(NS(=O)(=O)c4ccc(F)cc4)cc23)[C@@H](CO)O1)c5ccccc5
TP53,Cosine Search,0.31,FC1=C(C=2N=C(ON2)CCC(=O)NC3=CC=C(OC4=CC=CC=C4)C=C3)C=CC=C1,C[C@@H](CO)N1C[C@@H](C)[C@@H](CN(C)Cc2ccc(Oc3ccccc3)cc2)Oc4c(NC(=O)c5ccncc5)cccc4C1=O
TP53,Cosine Search,0.17,BrC1=C(N(N=C1C)C(C(O)=O)CC(O)=O)C,OC(=O)C(=O)CF
TP53,Cosine Search,0.41,O(C(=O)C=1NC=2C(C1)=CC=CC2)C(C)C,CNC(=O)CCc1cc2ccccc2[nH]1
TP53,Cosine Search,0.41,O(C(=O)C=1NC=2C(C1)=CC=CC2)C(C)C,CNC(=O)CCc1cc2ccccc2[nH]1
TP53,Cosine Search,0.28,O=C1N(CC(=NC(=O)NCC2=C(OCC)C=CC=C2)C=3C1=CC=CC3)CC(C)C,C[C@H](CO)N1C[C@@H](C)[C@@H](CN(C)C)OCc2ccccc2-c3ccccc3C1=O
TP53,Cosine Search,0.21,O(C1C(C([C@]2(C3C(C=4[C@](C(OC(=O)C4)C5=COC=C5)(CC3)C)CC1C2=O)C)C(=O)C(OC)O)(C)C)C(=O)C,C[C@H]1C[C@H]2[C@@H]3C[C@H](F)C4=CC(=O)C=C[C@]4(C)[C@@]3(F)[C@@H](O)C[C@]2(C)[C@@]1(OC(=O)C)C(=O)COC(=O)C
TP53,Cosine Search,0.27,O=C1N=C(N=C1CC=2OC=CC2)C3=CC=CC=C3,Nn1c(=O)c(Cc2ccco2)n[nH]c1=S
TP53,Cosine Search,0.27,ClC1=CC=C(S(=O)(=O)N(C=2C(OC)=CC=C(S(=O)(=O)NC=3C=CC(OC)=CC3)C2)C)C=C1,COc1ccc(cc1)S(=O)(=O)N(C)C[C@H]2OCCCC[C@H](C)Oc3ccc(NS(=O)(=O)c4cn(C)cn4)cc3C(=O)N(C[C@@H]2C)[C@@H](C)CO
TP53,Cosine Search,0.54,S1C(C(=O)NC2=CC=C(C=C2)CC(O)=O)=CC=C1,CC(=O)Nc1ccc(CC(O)=O)cc1
TP53,Cosine Search,0.27,O=C1N=C(N=C1CC=2OC=CC2)C3=CC=CC=C3,Nn1c(=O)c(Cc2ccco2)n[nH]c1=S
TP53,Cosine Search,0.45,N1C(=NC2=C1C=CC=C2)C3=C4C(=NC=C3)C=CC=C4,c1[nH]nc(c1-c1ccnc2ccccc12)-c1ccccn1
TP53,Cosine Search,0.27,O=C1N=C(N=C1CC=2OC=CC2)C3=CC=CC=C3,Nn1c(=O)c(Cc2ccco2)n[nH]c1=S
TP53,Cosine Search,0.27,O=C1N=C(N=C1CC=2OC=CC2)C3=CC=CC=C3,Nn1c(=O)c(Cc2ccco2)n[nH]c1=S
TP53,Cosine Search,0.27,O=C1N=C(N=C1CC=2OC=CC2)C3=CC=CC=C3,Nn1c(=O)c(Cc2ccco2)n[nH]c1=S
TP53,Cosine Search,0.27,O=C1N=C(N=C1CC=2OC=CC2)C3=CC=CC=C3,Nn1c(=O)c(Cc2ccco2)n[nH]c1=S
TP53,Cosine Search,0.27,O=C1N=C(N=C1CC=2OC=CC2)C3=CC=CC=C3,Nn1c(=O)c(Cc2ccco2)n[nH]c1=S
TP53,Cosine Search,0.27,O=C1N=C(N=C1CC=2OC=CC2)C3=CC=CC=C3,Nn1c(=O)c(Cc2ccco2)n[nH]c1=S
TP53,Cosine Search,0.33,FC1=CC=C(CNC(=O)COC=2C3=C(C(=O)N(C=C3)C)C=CC2)C=C1,CCN1[C@H]([C@H](CO)[C@H]2Cn3c(ccc(-c4ccccc4OC)c3=O)[C@@H]12)C(=O)NCc1ccc(F)cc1
TP53,Cosine Search,0.28,O1N=C(NC1C2=CC=C(C=C2)C#N)C=3C=CC=CC3,N#Cc1ccc(cc1)C1CCCc2cncn12
TP53,Cosine Search,0.27,O=C1N=C(N=C1CC=2OC=CC2)C3=CC=CC=C3,Nn1c(=O)c(Cc2ccco2)n[nH]c1=S
TP53,Cosine Search,0.4,O1C2=C(OC1)C=CC(=C2)C(=O)NC3CCCCCCC3,OC[C@H]1O[C@H](CC(=O)N2CCCCC2)C=C[C@@H]1NC(=O)c1ccc2OCOc2c1
TP53,Cosine Search,0.45,N1C(=NC2=C1C=CC=C2)C3=C4C(=NC=C3)C=CC=C4,c1[nH]nc(c1-c1ccnc2ccccc12)-c1ccccn1
TP53,Cosine Search,0.27,O=C1N=C(N=C1CC=2OC=CC2)C3=CC=CC=C3,Nn1c(=O)c(Cc2ccco2)n[nH]c1=S
TP53,Cosine Search,0.27,O=C1N=C(N=C1CC=2OC=CC2)C3=CC=CC=C3,Nn1c(=O)c(Cc2ccco2)n[nH]c1=S
TP53,Cosine Search,0.27,O=C1N=C(N=C1CC=2OC=CC2)C3=CC=CC=C3,Nn1c(=O)c(Cc2ccco2)n[nH]c1=S
TP53,Cosine Search,0.27,O=C1N=C(N=C1CC=2OC=CC2)C3=CC=CC=C3,Nn1c(=O)c(Cc2ccco2)n[nH]c1=S
TP53,Cosine Search,0.36,O1N=C(C=C1C2=CC=CC=C2)C(=O)NCCCN3CCOCC3,OC[C@@H]1O[C@H](CC(=O)NCCCN2CCOCC2)C=C[C@@H]1NS(=O)(=O)c1ccccc1F
TP53,Cosine Search,0.37,C1=CC(C(NC2=CC=CC=C2)=O)=CC=C1,NC(=O)CNCCC(c1ccccc1)c1ccccc1
TP53,Cosine Search,0.41,O(C(=O)C=1NC=2C(C1)=CC=CC2)C(C)C,CNC(=O)CCc1cc2ccccc2[nH]1
TP53,Cosine Search,0.45,N1C(=NC2=C1C=CC=C2)C3=C4C(=NC=C3)C=CC=C4,c1[nH]nc(c1-c1ccnc2ccccc12)-c1ccccn1
TP53,Cosine Search,0.36,O1N=C(C=C1C2=CC=CC=C2)C(=O)NCCCN3CCOCC3,OC[C@@H]1O[C@H](CC(=O)NCCCN2CCOCC2)C=C[C@@H]1NS(=O)(=O)c1ccccc1F
TP53,Cosine Search,0.27,FC1=C(C(=O)NC2=CC=3C(=NC(N4CCN(CC4)C)=CC3C)C=C2)C=CC=C1,CN1CCN(CC1)c1c(F)cc2c3c1OCN(C)n3cc(C(O)=O)c2=O
TP53,Cosine Search,0.34,O1C2=C(OCC1)C=CC(NC(=O)NC3CCCCC3)=C2,CN1[C@@H]2CC[C@@H](CC(=O)NCC3CC3)O[C@H]2COc2ccc(NC(=O)NC3CCCC3)cc2C1=O
TP53,Cosine Search,0.27,O=C1N=C(N=C1CC=2OC=CC2)C3=CC=CC=C3,Nn1c(=O)c(Cc2ccco2)n[nH]c1=S
TP53,Cosine Search,0.27,O=C1N=C(N=C1CC=2OC=CC2)C3=CC=CC=C3,Nn1c(=O)c(Cc2ccco2)n[nH]c1=S
TP53,Cosine Search,0.27,O=C1N=C(N=C1CC=2OC=CC2)C3=CC=CC=C3,Nn1c(=O)c(Cc2ccco2)n[nH]c1=S
TP53,Cosine Search,0.3,ClC=1C=C(C(OCC(=O)N2CCCCCC2)=O)C=CC1,COc1cccc(NC(=O)N[C@@H]2CC[C@@H](CC(=O)N3CCCCC3)O[C@@H]2CO)c1
TP53,Cosine Search,0.27,O=C1N=C(N=C1CC=2OC=CC2)C3=CC=CC=C3,Nn1c(=O)c(Cc2ccco2)n[nH]c1=S
TP53,Cosine Search,0.28,S(=O)(=O)(NC=1C=C(C(F)(F)F)C(F)=CC1)C2=CC=C(N3S(=O)(=O)CCCC3)C=C2,C[C@@H](CO)N1C[C@@H](C)[C@H](CN(C)C(=O)CCC(F)(F)F)OCCCC[C@H](C)Oc2ccc(NS(=O)(=O)c3ccc(Cl)cc3)cc2C1=O
TP53,Cosine Search,0.27,O=C1N=C(N=C1CC=2OC=CC2)C3=CC=CC=C3,Nn1c(=O)c(Cc2ccco2)n[nH]c1=S
TP53,Cosine Search,0.27,O=C1N=C(N=C1CC=2OC=CC2)C3=CC=CC=C3,Nn1c(=O)c(Cc2ccco2)n[nH]c1=S
TP53,Cosine Search,0.27,S=C1N(C(=O)C(C(=O)N1)C=NN2C(C3=CN=CC=C3)CCCC2)C4=CC=C(C=C4)C,CN1CCC[C@H]1c1cccnc1
TP53,Cosine Search,0.29,S(=O)(=O)(NCC1CCC(CC1)C(=O)NCCCN2CCOCC2)C3=CC=C(C=C3)C,COc1ccccc1S(=O)(=O)N[C@@H]1CC[C@H](CCNC(=O)C2CCOCC2)O[C@H]1CO
TP53,Cosine Search,0.45,N1C(=NC2=C1C=CC=C2)C3=C4C(=NC=C3)C=CC=C4,c1[nH]nc(c1-c1ccnc2ccccc12)-c1ccccn1
TP53,Cosine Search,0.27,O=C1N=C(N=C1CC=2OC=CC2)C3=CC=CC=C3,Nn1c(=O)c(Cc2ccco2)n[nH]c1=S
TP53,Cosine Search,0.27,O=C1N=C(N=C1CC=2OC=CC2)C3=CC=CC=C3,Nn1c(=O)c(Cc2ccco2)n[nH]c1=S
TP53,Cosine Search,0.27,O=C1N=C(N=C1CC=2OC=CC2)C3=CC=CC=C3,Nn1c(=O)c(Cc2ccco2)n[nH]c1=S
TP53,Cosine Search,0.28,FC=1C(NC(=O)CN2C(=C3C(N(C4=C3C=CC=C4)C)=C2O)C5=CC=C(OC)C=C5)=CC=CC1,C[C@H](CO)N1C[C@H](C)[C@H](CN(C)S(=O)(=O)c2ccccc2F)OCc3ccccc3-c4c(C1=O)n(C)c5ccccc45
TP53,Cosine Search,0.41,O(C(=O)C=1NC=2C(C1)=CC=CC2)C(C)C,CNC(=O)CCc1cc2ccccc2[nH]1
TP53,Cosine Search,0.45,N1C(=NC2=C1C=CC=C2)C3=C4C(=NC=C3)C=CC=C4,c1[nH]nc(c1-c1ccnc2ccccc12)-c1ccccn1
TP53,Cosine Search,0.41,O(C(=O)C=1NC=2C(C1)=CC=CC2)C(C)C,CNC(=O)CCc1cc2ccccc2[nH]1
TP53,Cosine Search,0.27,O=C1N=C(N=C1CC=2OC=CC2)C3=CC=CC=C3,Nn1c(=O)c(Cc2ccco2)n[nH]c1=S
TP53,Cosine Search,0.35,S(=O)(=O)(N(CC(=O)NC=1C(=CC=C(C1)C)C)CCC2=CC=CC=C2)C3=CC=C(OC)C=C3,COc1ccc(cc1)S(=O)(=O)N(C)C[C@@H]2Oc3c(NC(=O)Nc4ccccc4)cccc3C(=O)N(C[C@@H]2C)[C@H](C)CO
TP53,Cosine Search,0.18,ClC1=CC(NC(=O)CN2N=C3C(CC2=O)C=C(CC3)C)=C(C=C1)C,CC=C1/[C@H]2Cc3[nH]c(=O)ccc3[C@]1(N)CC(C)=C2
TP53,Cosine Search,0.41,O(C(=O)C=1NC=2C(C1)=CC=CC2)C(C)C,CNC(=O)CCc1cc2ccccc2[nH]1
TP53,Cosine Search,0.41,O(C(=O)C=1NC=2C(C1)=CC=CC2)C(C)C,CNC(=O)CCc1cc2ccccc2[nH]1
TP53,Cosine Search,0.27,O=C1N=C(N=C1CC=2OC=CC2)C3=CC=CC=C3,Nn1c(=O)c(Cc2ccco2)n[nH]c1=S
TP53,Cosine Search,0.27,O=C1N=C(N=C1CC=2OC=CC2)C3=CC=CC=C3,Nn1c(=O)c(Cc2ccco2)n[nH]c1=S
TP53,Cosine Search,0.41,O(C(=O)C=1NC=2C(C1)=CC=CC2)C(C)C,CNC(=O)CCc1cc2ccccc2[nH]1
TP53,Cosine Search,0.27,O=C1N=C(N=C1CC=2OC=CC2)C3=CC=CC=C3,Nn1c(=O)c(Cc2ccco2)n[nH]c1=S
TP53,Cosine Search,0.44,S(=O)(=O)(N1CCN(S(=O)(=O)C=2C=C3C(OC(CC3)(C)C)=CC2)CC1)C=4C(F)=CC=CC4F,Fc1cccc(F)c1S(=O)(=O)N2CCN(CC2)C(=O)c3ccc4OCCOc4c3
TP53,Cosine Search,0.26,O=C1C2=C(C3=C(C1=O)C=CC=C3)C=C(C=C2)C4=CC=CC=C4,C[C@H](CO)N1C[C@@H](C)[C@@H](CN(C)S(=O)(=O)c2ccccc2C#N)OCc3ccccc3-c4ccccc4C1=O
TP53,Cosine Search,0.27,O=C1N=C(N=C1CC=2OC=CC2)C3=CC=CC=C3,Nn1c(=O)c(Cc2ccco2)n[nH]c1=S
TP53,Cosine Search,0.27,O=C1N=C(N=C1CC=2OC=CC2)C3=CC=CC=C3,Nn1c(=O)c(Cc2ccco2)n[nH]c1=S
TP53,Cosine Search,0.43,O=C1N(/C(=N\C(=O)C=2C=CC(=CC2)C)/C=3C(N1)=CC=CC3)CC,Cc1ccc(cc1)C(=O)/N=c2/cccc[nH]2
TP53,Cosine Search,0.27,O=C1N=C(N=C1CC=2OC=CC2)C3=CC=CC=C3,Nn1c(=O)c(Cc2ccco2)n[nH]c1=S
TP53,Cosine Search,0.27,O=C1N=C(N=C1CC=2OC=CC2)C3=CC=CC=C3,Nn1c(=O)c(Cc2ccco2)n[nH]c1=S
TP53,Cosine Search,0.45,N1C(=NC2=C1C=CC=C2)C3=C4C(=NC=C3)C=CC=C4,c1[nH]nc(c1-c1ccnc2ccccc12)-c1ccccn1
TP53,Cosine Search,0.27,O=C1N=C(N=C1CC=2OC=CC2)C3=CC=CC=C3,Nn1c(=O)c(Cc2ccco2)n[nH]c1=S
TP53,Cosine Search,0.27,O=C1N=C(N=C1CC=2OC=CC2)C3=CC=CC=C3,Nn1c(=O)c(Cc2ccco2)n[nH]c1=S
TP53,Cosine Search,0.27,O=C1N=C(N=C1CC=2OC=CC2)C3=CC=CC=C3,Nn1c(=O)c(Cc2ccco2)n[nH]c1=S
TP53,Cosine Search,0.27,O=C1N=C(N=C1CC=2OC=CC2)C3=CC=CC=C3,Nn1c(=O)c(Cc2ccco2)n[nH]c1=S
TP53,Cosine Search,0.27,O=C1N=C(N=C1CC=2OC=CC2)C3=CC=CC=C3,Nn1c(=O)c(Cc2ccco2)n[nH]c1=S
TP53,Cosine Search,0.41,O(C(=O)C=1NC=2C(C1)=CC=CC2)C(C)C,CNC(=O)CCc1cc2ccccc2[nH]1
TP53,Cosine Search,0.27,O=C1N=C(N=C1CC=2OC=CC2)C3=CC=CC=C3,Nn1c(=O)c(Cc2ccco2)n[nH]c1=S
TP53,Cosine Search,0.28,O=C1N(CC(=NC(=O)NCC2=C(OCC)C=CC=C2)C=3C1=CC=CC3)CC(C)C,C[C@H](CO)N1C[C@@H](C)[C@@H](CN(C)C)OCc2ccccc2-c3ccccc3C1=O
TP53,Cosine Search,0.36,O1N=C(C=C1C2=CC=CC=C2)C(=O)NCCCN3CCOCC3,OC[C@@H]1O[C@H](CC(=O)NCCCN2CCOCC2)C=C[C@@H]1NS(=O)(=O)c1ccccc1F
TP53,Cosine Search,0.31,ClC1=CC=C(S(=O)(=O)N(CC=2N=C3C(=C(O)N2)C=CC=C3)CCC4=CC=CC=C4)C=C1,C[C@H](CO)N1C[C@H](C)[C@@H](CN(C)S(=O)(=O)c2ccc(Cl)cc2)OCc3ccccc3-c4ccccc4C1=O
TP53,Cosine Search,0.41,O(C(=O)C=1NC=2C(C1)=CC=CC2)C(C)C,CNC(=O)CCc1cc2ccccc2[nH]1
TP53,Cosine Search,0.43,O=C1N(/C(=N\C(=O)C=2C=CC(=CC2)C)/C=3C(N1)=CC=CC3)CC,Cc1ccc(cc1)C(=O)/N=c2/cccc[nH]2
TP53,Cosine Search,0.27,O=C1N=C(N=C1CC=2OC=CC2)C3=CC=CC=C3,Nn1c(=O)c(Cc2ccco2)n[nH]c1=S
TP53,Euclidean Search,0.27,O=C1N=C(N=C1CC=2OC=CC2)C3=CC=CC=C3,Nn1c(=O)c(Cc2ccco2)n[nH]c1=S
TP53,Euclidean Search,0.27,O=C1N=C(N=C1CC=2OC=CC2)C3=CC=CC=C3,Nn1c(=O)c(Cc2ccco2)n[nH]c1=S
TP53,Euclidean Search,0.27,O=C1N=C(N=C1CC=2OC=CC2)C3=CC=CC=C3,Nn1c(=O)c(Cc2ccco2)n[nH]c1=S
TP53,Euclidean Search,0.27,O=C1N=C(N=C1CC=2OC=CC2)C3=CC=CC=C3,Nn1c(=O)c(Cc2ccco2)n[nH]c1=S
TP53,Euclidean Search,0.34,S(=O)(=O)(NC=1N=CC=CN1)C=2C=CC(N=CCC(=O)C=3C=CC(OC)=CC3)=CC2,OC(=O)c1cc(ccc1O)N=Nc1ccc(cc1)S(=O)(=O)Nc1ccccn1
TP53,Euclidean Search,0.27,O=C1N=C(N=C1CC=2OC=CC2)C3=CC=CC=C3,Nn1c(=O)c(Cc2ccco2)n[nH]c1=S
TP53,Euclidean Search,0.27,O=C1N=C(N=C1CC=2OC=CC2)C3=CC=CC=C3,Nn1c(=O)c(Cc2ccco2)n[nH]c1=S
TP53,Euclidean Search,0.27,O=C1N=C(N=C1CC=2OC=CC2)C3=CC=CC=C3,Nn1c(=O)c(Cc2ccco2)n[nH]c1=S
TP53,Euclidean Search,0.27,O=C1N=C(N=C1CC=2OC=CC2)C3=CC=CC=C3,Nn1c(=O)c(Cc2ccco2)n[nH]c1=S
TP53,Euclidean Search,0.45,N1C(=NC2=C1C=CC=C2)C3=C4C(=NC=C3)C=CC=C4,c1[nH]nc(c1-c1ccnc2ccccc12)-c1ccccn1
TP53,Euclidean Search,0.27,O=C1N=C(N=C1CC=2OC=CC2)C3=CC=CC=C3,Nn1c(=O)c(Cc2ccco2)n[nH]c1=S
TP53,Euclidean Search,0.27,O=C1N=C(N=C1CC=2OC=CC2)C3=CC=CC=C3,Nn1c(=O)c(Cc2ccco2)n[nH]c1=S
TP53,Euclidean Search,0.27,O=C1N=C(N=C1CC=2OC=CC2)C3=CC=CC=C3,Nn1c(=O)c(Cc2ccco2)n[nH]c1=S
TP53,Euclidean Search,0.43,O=C1N(/C(=N\C(=O)C=2C=CC(=CC2)C)/C=3C(N1)=CC=CC3)CC,Cc1ccc(cc1)C(=O)/N=c2/cccc[nH]2
TP53,Euclidean Search,0.27,O=C1N=C(N=C1CC=2OC=CC2)C3=CC=CC=C3,Nn1c(=O)c(Cc2ccco2)n[nH]c1=S
TP53,Euclidean Search,0.27,O=C1N=C(N=C1CC=2OC=CC2)C3=CC=CC=C3,Nn1c(=O)c(Cc2ccco2)n[nH]c1=S
TP53,Euclidean Search,0.27,O=C1N=C(N=C1CC=2OC=CC2)C3=CC=CC=C3,Nn1c(=O)c(Cc2ccco2)n[nH]c1=S
TP53,Euclidean Search,0.44,CCCCCCCCCCCCCCC,CCCCCCCCCCCCCCCC(=O)OC[C@H](O)[C@@H]1OC(=O)C(=O)C1O
TP53,Euclidean Search,0.38,O=C(C1=C(N)C=2C(N=C1C)=CC=CC2)C,Nc1c2CCCCc2nc2ccccc12
TP53,Euclidean Search,0.53,O1C(=CC=2C1=CC=CC2)C(=O)NC=3C=C(NC(=O)C)C=CC3,CC(=O)Nc1cccc(NC(=O)c2cccc(Cl)c2)c1
TP53,Euclidean Search,0.17,BrC1=C(N(N=C1C)C(C(O)=O)CC(O)=O)C,OC(=O)C(=O)CF
TP53,Euclidean Search,0.41,O(C(=O)C=1NC=2C(C1)=CC=CC2)C(C)C,CNC(=O)CCc1cc2ccccc2[nH]1
TP53,Euclidean Search,0.41,O(C(=O)C=1NC=2C(C1)=CC=CC2)C(C)C,CNC(=O)CCc1cc2ccccc2[nH]1
TP53,Euclidean Search,0.31,O=C(C=1C=CC=CC1)CC=NC2=NC=CC=C2,CC(C)N(CCC(C(N)=O)(c1ccccc1)c1ccccn1)C(C)C
TP53,Euclidean Search,0.21,O(C1C(C([C@]2(C3C(C=4[C@](C(OC(=O)C4)C5=COC=C5)(CC3)C)CC1C2=O)C)C(=O)C(OC)O)(C)C)C(=O)C,C[C@H]1C[C@H]2[C@@H]3C[C@H](F)C4=CC(=O)C=C[C@]4(C)[C@@]3(F)[C@@H](O)C[C@]2(C)[C@@]1(OC(=O)C)C(=O)COC(=O)C
TP53,Euclidean Search,0.27,O=C1N=C(N=C1CC=2OC=CC2)C3=CC=CC=C3,Nn1c(=O)c(Cc2ccco2)n[nH]c1=S
TP53,Euclidean Search,0.4,C1(=CC(/C=C/C2=CC=CC=C2)=CC(=C1)O)OC,Oc1ccc(cc1)C=Cc1cc(O)cc(O)c1
TP53,Euclidean Search,0.54,S1C(C(=O)NC2=CC=C(C=C2)CC(O)=O)=CC=C1,CC(=O)Nc1ccc(CC(O)=O)cc1
TP53,Euclidean Search,0.27,O=C1N=C(N=C1CC=2OC=CC2)C3=CC=CC=C3,Nn1c(=O)c(Cc2ccco2)n[nH]c1=S
TP53,Euclidean Search,0.45,N1C(=NC2=C1C=CC=C2)C3=C4C(=NC=C3)C=CC=C4,c1[nH]nc(c1-c1ccnc2ccccc12)-c1ccccn1
TP53,Euclidean Search,0.27,O=C1N=C(N=C1CC=2OC=CC2)C3=CC=CC=C3,Nn1c(=O)c(Cc2ccco2)n[nH]c1=S
TP53,Euclidean Search,0.27,O=C1N=C(N=C1CC=2OC=CC2)C3=CC=CC=C3,Nn1c(=O)c(Cc2ccco2)n[nH]c1=S
TP53,Euclidean Search,0.27,O=C1N=C(N=C1CC=2OC=CC2)C3=CC=CC=C3,Nn1c(=O)c(Cc2ccco2)n[nH]c1=S
TP53,Euclidean Search,0.27,O=C1N=C(N=C1CC=2OC=CC2)C3=CC=CC=C3,Nn1c(=O)c(Cc2ccco2)n[nH]c1=S
TP53,Euclidean Search,0.27,O=C1N=C(N=C1CC=2OC=CC2)C3=CC=CC=C3,Nn1c(=O)c(Cc2ccco2)n[nH]c1=S
TP53,Euclidean Search,0.27,O=C1N=C(N=C1CC=2OC=CC2)C3=CC=CC=C3,Nn1c(=O)c(Cc2ccco2)n[nH]c1=S
TP53,Euclidean Search,0.43,ClC=1C=CC(NC(=O)CCC(=O)C=2C=CC(F)=CC2)=CC1,OC1(CCN(CCCC(=O)c2ccc(F)cc2)CC1)c1ccc(Cl)cc1
TP53,Euclidean Search,0.24,OC1C=2C(=NC=3C(C2)=CC=CC3)C=4C1=CC=CC4,CNCCCC12CCC(c3ccccc13)c1ccccc21
TP53,Euclidean Search,0.27,O=C1N=C(N=C1CC=2OC=CC2)C3=CC=CC=C3,Nn1c(=O)c(Cc2ccco2)n[nH]c1=S
TP53,Euclidean Search,0.44,O(C=1C(=CC=C(C1)C)C)CCCN2CCNCC2,Cc1ccc(C)c(OCCCC(C)(C)C(O)=O)c1
TP53,Euclidean Search,0.45,N1C(=NC2=C1C=CC=C2)C3=C4C(=NC=C3)C=CC=C4,c1[nH]nc(c1-c1ccnc2ccccc12)-c1ccccn1
TP53,Euclidean Search,0.27,O=C1N=C(N=C1CC=2OC=CC2)C3=CC=CC=C3,Nn1c(=O)c(Cc2ccco2)n[nH]c1=S
TP53,Euclidean Search,0.27,O=C1N=C(N=C1CC=2OC=CC2)C3=CC=CC=C3,Nn1c(=O)c(Cc2ccco2)n[nH]c1=S
TP53,Euclidean Search,0.27,O=C1N=C(N=C1CC=2OC=CC2)C3=CC=CC=C3,Nn1c(=O)c(Cc2ccco2)n[nH]c1=S
TP53,Euclidean Search,0.27,O=C1N=C(N=C1CC=2OC=CC2)C3=CC=CC=C3,Nn1c(=O)c(Cc2ccco2)n[nH]c1=S
TP53,Euclidean Search,0.41,O(C(=O)C=1NC=2C(C1)=CC=CC2)C(C)C,CNC(=O)CCc1cc2ccccc2[nH]1
TP53,Euclidean Search,0.3,NCCCCCCCCCCCC(O)=O,CCCCC[C@H](O)/C=C/[C@H]1C=CC(=O)[C@@H]1CCCCCCC(=O)O
TP53,Euclidean Search,0.41,O(C(=O)C=1NC=2C(C1)=CC=CC2)C(C)C,CNC(=O)CCc1cc2ccccc2[nH]1
TP53,Euclidean Search,0.45,N1C(=NC2=C1C=CC=C2)C3=C4C(=NC=C3)C=CC=C4,c1[nH]nc(c1-c1ccnc2ccccc12)-c1ccccn1
TP53,Euclidean Search,0.27,O=C1N=C(N=C1CC=2OC=CC2)C3=CC=CC=C3,Nn1c(=O)c(Cc2ccco2)n[nH]c1=S
TP53,Euclidean Search,0.27,FC1=C(C(=O)NC2=CC=3C(=NC(N4CCN(CC4)C)=CC3C)C=C2)C=CC=C1,CN1CCN(CC1)c1c(F)cc2c3c1OCN(C)n3cc(C(O)=O)c2=O
TP53,Euclidean Search,0.31,O(C(=O)C1=CC=C(N=CCC(=O)C(C)(C)C)C=C1)CC,CCOC(=O)c1ccc(OC(=O)CCCCCNC(N)=N)cc1
TP53,Euclidean Search,0.27,O=C1N=C(N=C1CC=2OC=CC2)C3=CC=CC=C3,Nn1c(=O)c(Cc2ccco2)n[nH]c1=S
TP53,Euclidean Search,0.27,O=C1N=C(N=C1CC=2OC=CC2)C3=CC=CC=C3,Nn1c(=O)c(Cc2ccco2)n[nH]c1=S
TP53,Euclidean Search,0.27,O=C1N=C(N=C1CC=2OC=CC2)C3=CC=CC=C3,Nn1c(=O)c(Cc2ccco2)n[nH]c1=S
TP53,Euclidean Search,0.43,S1C(NC(=O)C2=C(OC(=O)C)C=CC=C2)=NC=C1N(=O)=O,CC(=O)Oc1ccccc1C(O)=O
TP53,Euclidean Search,0.27,O=C1N=C(N=C1CC=2OC=CC2)C3=CC=CC=C3,Nn1c(=O)c(Cc2ccco2)n[nH]c1=S
TP53,Euclidean Search,0.4,C1(=CC(/C=C/C2=CC=CC=C2)=CC(=C1)O)OC,Oc1ccc(cc1)C=Cc1cc(O)cc(O)c1
TP53,Euclidean Search,0.27,O=C1N=C(N=C1CC=2OC=CC2)C3=CC=CC=C3,Nn1c(=O)c(Cc2ccco2)n[nH]c1=S
TP53,Euclidean Search,0.27,O=C1N=C(N=C1CC=2OC=CC2)C3=CC=CC=C3,Nn1c(=O)c(Cc2ccco2)n[nH]c1=S
TP53,Euclidean Search,0.32,O(C1=CC=2OC=C(C(=O)C2C(O)=C1)C3=CC=C(OC)C=C3)C4OC(C(O)C(O)C4O)CO,COc1c(O[C@@H]2O[C@H](CO)[C@@H](O)[C@H](O)[C@H]2O)cc2CC[C@H](NC(C)=O)c3cc(=O)c(SC)ccc3-c2c1OC
TP53,Euclidean Search,0.32,O(C1=CC=2OC=C(C(=O)C2C(O)=C1)C3=CC=C(OC)C=C3)C4OC(C(O)C(O)C4O)CO,COc1c(O[C@@H]2O[C@H](CO)[C@@H](O)[C@H](O)[C@H]2O)cc2CC[C@H](NC(C)=O)c3cc(=O)c(SC)ccc3-c2c1OC
TP53,Euclidean Search,0.45,N1C(=NC2=C1C=CC=C2)C3=C4C(=NC=C3)C=CC=C4,c1[nH]nc(c1-c1ccnc2ccccc12)-c1ccccn1
TP53,Euclidean Search,0.27,O=C1N=C(N=C1CC=2OC=CC2)C3=CC=CC=C3,Nn1c(=O)c(Cc2ccco2)n[nH]c1=S
TP53,Euclidean Search,0.27,O=C1N=C(N=C1CC=2OC=CC2)C3=CC=CC=C3,Nn1c(=O)c(Cc2ccco2)n[nH]c1=S
TP53,Euclidean Search,0.27,O=C1N=C(N=C1CC=2OC=CC2)C3=CC=CC=C3,Nn1c(=O)c(Cc2ccco2)n[nH]c1=S
TP53,Euclidean Search,0.44,O(C=1C(=CC=C(C1)C)C)CCCN2CCNCC2,Cc1ccc(C)c(OCCCC(C)(C)C(O)=O)c1
TP53,Euclidean Search,0.41,O(C(=O)C=1NC=2C(C1)=CC=CC2)C(C)C,CNC(=O)CCc1cc2ccccc2[nH]1
TP53,Euclidean Search,0.45,N1C(=NC2=C1C=CC=C2)C3=C4C(=NC=C3)C=CC=C4,c1[nH]nc(c1-c1ccnc2ccccc12)-c1ccccn1
TP53,Euclidean Search,0.41,O(C(=O)C=1NC=2C(C1)=CC=CC2)C(C)C,CNC(=O)CCc1cc2ccccc2[nH]1
TP53,Euclidean Search,0.27,O=C1N=C(N=C1CC=2OC=CC2)C3=CC=CC=C3,Nn1c(=O)c(Cc2ccco2)n[nH]c1=S
TP53,Euclidean Search,0.59,C1=CC=2OC(C=3C=CC=C(C3O)O)=CC(=O)C2C=C1,COc1cccc(-c2cc(=O)c3ccccc3o2)c1N
TP53,Euclidean Search,0.27,O=C1N=C(N=C1CC=2OC=CC2)C3=CC=CC=C3,Nn1c(=O)c(Cc2ccco2)n[nH]c1=S
TP53,Euclidean Search,0.41,O(C(=O)C=1NC=2C(C1)=CC=CC2)C(C)C,CNC(=O)CCc1cc2ccccc2[nH]1
TP53,Euclidean Search,0.41,O(C(=O)C=1NC=2C(C1)=CC=CC2)C(C)C,CNC(=O)CCc1cc2ccccc2[nH]1
TP53,Euclidean Search,0.27,O=C1N=C(N=C1CC=2OC=CC2)C3=CC=CC=C3,Nn1c(=O)c(Cc2ccco2)n[nH]c1=S
TP53,Euclidean Search,0.27,O=C1N=C(N=C1CC=2OC=CC2)C3=CC=CC=C3,Nn1c(=O)c(Cc2ccco2)n[nH]c1=S
TP53,Euclidean Search,0.41,O(C(=O)C=1NC=2C(C1)=CC=CC2)C(C)C,CNC(=O)CCc1cc2ccccc2[nH]1
TP53,Euclidean Search,0.27,O=C1N=C(N=C1CC=2OC=CC2)C3=CC=CC=C3,Nn1c(=O)c(Cc2ccco2)n[nH]c1=S
TP53,Euclidean Search,0.32,FC1=C(C(=O)NC2=CC=C(C3(CCCC3)C#N)C=C2)C=CC=C1,C[C@@H]1CN(CC[C@]1(C(O)=O)c1ccccc1)[C@H]1CC[C@](CC1)(C#N)c1ccc(F)cc1
TP53,Euclidean Search,0.4,C1(=CC(/C=C/C2=CC=CC=C2)=CC(=C1)O)OC,Oc1ccc(cc1)C=Cc1cc(O)cc(O)c1
TP53,Euclidean Search,0.27,O=C1N=C(N=C1CC=2OC=CC2)C3=CC=CC=C3,Nn1c(=O)c(Cc2ccco2)n[nH]c1=S
TP53,Euclidean Search,0.27,O=C1N=C(N=C1CC=2OC=CC2)C3=CC=CC=C3,Nn1c(=O)c(Cc2ccco2)n[nH]c1=S
TP53,Euclidean Search,0.43,O=C1N(/C(=N\C(=O)C=2C=CC(=CC2)C)/C=3C(N1)=CC=CC3)CC,Cc1ccc(cc1)C(=O)/N=c2/cccc[nH]2
TP53,Euclidean Search,0.27,O=C1N=C(N=C1CC=2OC=CC2)C3=CC=CC=C3,Nn1c(=O)c(Cc2ccco2)n[nH]c1=S
TP53,Euclidean Search,0.27,O=C1N=C(N=C1CC=2OC=CC2)C3=CC=CC=C3,Nn1c(=O)c(Cc2ccco2)n[nH]c1=S
TP53,Euclidean Search,0.45,N1C(=NC2=C1C=CC=C2)C3=C4C(=NC=C3)C=CC=C4,c1[nH]nc(c1-c1ccnc2ccccc12)-c1ccccn1
TP53,Euclidean Search,0.27,O=C1N=C(N=C1CC=2OC=CC2)C3=CC=CC=C3,Nn1c(=O)c(Cc2ccco2)n[nH]c1=S
TP53,Euclidean Search,0.27,O=C1N=C(N=C1CC=2OC=CC2)C3=CC=CC=C3,Nn1c(=O)c(Cc2ccco2)n[nH]c1=S
TP53,Euclidean Search,0.27,O=C1N=C(N=C1CC=2OC=CC2)C3=CC=CC=C3,Nn1c(=O)c(Cc2ccco2)n[nH]c1=S
TP53,Euclidean Search,0.27,O=C1N=C(N=C1CC=2OC=CC2)C3=CC=CC=C3,Nn1c(=O)c(Cc2ccco2)n[nH]c1=S
TP53,Euclidean Search,0.27,O=C1N=C(N=C1CC=2OC=CC2)C3=CC=CC=C3,Nn1c(=O)c(Cc2ccco2)n[nH]c1=S
TP53,Euclidean Search,0.41,O(C(=O)C=1NC=2C(C1)=CC=CC2)C(C)C,CNC(=O)CCc1cc2ccccc2[nH]1
TP53,Euclidean Search,0.27,O=C1N=C(N=C1CC=2OC=CC2)C3=CC=CC=C3,Nn1c(=O)c(Cc2ccco2)n[nH]c1=S
TP53,Euclidean Search,0.33,S(C=1N(N=NN1)CC(C2=CC=CC=C2)CC(O)=O)CC(=O)N,NC(=O)OCC(COC(N)=O)c1ccccc1
TP53,Euclidean Search,0.27,O=C1N=C(N=C1CC=2OC=CC2)C3=CC=CC=C3,Nn1c(=O)c(Cc2ccco2)n[nH]c1=S
TP53,Euclidean Search,0.26,ClC=1C=C(C(NC(=O)C2=C(Cl)C=C(C=C2)C)=CC1)C(F)(F)F,CNC(=O)c1ccc(cc1F)N1C(=S)N(C(=O)C1(C)C)c1ccc(C#N)c(c1)C(F)(F)F
TP53,Euclidean Search,0.41,O(C(=O)C=1NC=2C(C1)=CC=CC2)C(C)C,CNC(=O)CCc1cc2ccccc2[nH]1
TP53,Euclidean Search,0.43,O=C1N(/C(=N\C(=O)C=2C=CC(=CC2)C)/C=3C(N1)=CC=CC3)CC,Cc1ccc(cc1)C(=O)/N=c2/cccc[nH]2
TP53,Euclidean Search,0.27,O=C1N=C(N=C1CC=2OC=CC2)C3=CC=CC=C3,Nn1c(=O)c(Cc2ccco2)n[nH]c1=S
TP53,Pre-trained hierVAE Generate,0.16,S(C1=CC=C(NC(=O)NC=2C=CC(CN3CCN(CC3)CC)=CC2)C=C1)C,CC(C)Cc1ccc(C(=O)NCCCN2CCN(Cc3ccc(C(F)(F)F)cc3)CC2)cc1
TP53,Pre-trained hierVAE Generate,0.15,O1C(=CC(=C1C)C(=O)NC=2C=CC(=CC2)C(O)=O)C(C)(C)C,Cc1nc2c(C(=O)Nc3ccc(C(=O)O)cc3)cccn2c1C
TP53,Pre-trained hierVAE Generate,0.14,O=C(NC(C(=O)O)C(C)C)C=1C(NC(=O)C=2C=CC(=CC2)C)=CC=CC1,CC(C)(C)NC(=O)c1ccccc1NC(=O)c1ccc(C(C)(C)C)cc1
TP53,Pre-trained hierVAE Generate,0.1,FC=1C=C(NC(=O)C=2C=C3OCOC3=CC2)C=CC1F,CCCNC(=O)CC1CC2c3cc(NC(=O)c4ccc5c(c4)OCO5)ccc3OC2C(CO)O1
TP53,Pre-trained hierVAE Generate,0.15,ClC=1C=C(C(=O)NC=2C=C3OCOC3=CC2)C=CC1,CCCCCC(=O)Nc1ccc2c(c1)C(=O)N(C)CC(OC)C(C)CN(C(=O)c1cccc(Cl)c1)C(C)CO2
TP53,Pre-trained hierVAE Generate,0.18,O=C(C=1C=CC(N(C)C)=CC1)C2=CC=C(N(C)C)C=C2,CCN(CC)c1ccc(C(=O)c2ccc(C(C)(C)C)cc2)cc1
TP53,Pre-trained hierVAE Generate,0.09,FC1=C(NC(=O)NC2=CC=C(OC)C=C2)C=CC=C1,COc1ccc(CNC(=O)CC2CC3c4cc(NC(=O)Nc5ccccc5F)ccc4OC3C(CO)O2)cc1
TP53,Pre-trained hierVAE Generate,0.11,O1C2=C(OC1)C=CC(=C2)C(=O)NC3=NOC(=C3)C,CCCNC(=O)CC1C=CC(NC(=O)c2ccc3c(c2)OCO3)C(CO)O1
TP53,Pre-trained hierVAE Generate,0.14,S(=O)(=O)(NCC1=CC=CC=C1)C2=CC=3OC(=O)N(C3C=C2)CC(=O)NCC4=CC=C(OC)C=C4,COc1ccc(CNC(=O)CC2CCC3C(COc4ccc(NC(=O)Cc5ccccc5)cc4C(=O)N3C)O2)cc1
TP53,Pre-trained hierVAE Generate,0.12,O=C1N(C(=O)NC=2C1=CC=C(C2)C(OC)=O)CCCCCC(=O)NCC3=CC=C(OC)C=C3,COc1ccc(CC2CC(NC(=O)c3ccc(C(C)(C)C)cc3)C(C(=O)NCCCCCCC(=O)NCc3ccc(C(=O)O)cc3)N2)cc1
TP53,Pre-trained hierVAE Generate,0.12,O=C(NC=1C=C(C=CC1)C)NCC2=NC=CC=C2,COC1CN(C)C(=O)c2cc(NC(=O)NC(C)C)ccc2OCC(C)N(Cc2ccccn2)CC1C
TP53,Pre-trained hierVAE Generate,0.15,O=C(NC=1C=C(OC)C=CC1)C=2C=CC(=CC2)CN3CCOCC3,COc1ccc(CNC(=O)CC2CC3c4cc(NC(=O)CN5CCOCC5)ccc4OC3C(CO)O2)cc1
TP53,Pre-trained hierVAE Generate,0.12,O=C(NC=1C=C(OC)C=CC1)C=2C=CC(CN3CCN(C4=CC=CC=C4)CC3)=CC2,CC(C)(C)c1ccc(C(=O)Nc2ccc(C(=O)N3CCN(Cc4ccccc4)CC3)cc2)cc1
TP53,Pre-trained hierVAE Generate,0.14,FC1=C(C(=O)NC2=CC=C(C=C2)CN3CCOCC3)C=CC=C1,CC(C)(C)C(NC(=O)c1ccc(NC(=O)c2ccccc2F)cc1)C(=O)NCCCN1CCOCC1
TP53,Pre-trained hierVAE Generate,0.16,FC(F)(F)C1=CC(NC(=O)C2=NN(C(=O)C=3N(C4=C(C32)C=CC=C4)C)C5=CC=C(OC)C=C5)=CC=C1,CC1CN(C(C)CO)C(=O)c2c(c3ccccc3n2C)-c2ccccc2COC1CN(C)C(=O)c1ccc(C(F)(F)F)cc1
TP53,Pre-trained hierVAE Generate,0.09,S(O)(=O)(=NC=1C=CC(C(=O)NCCC2=CC=CC=C2)=CC1)C,Cc1ccc(C(=O)N2CC(CO)C(C(=O)NCCc3ccccc3)C2)cc1
TP53,Pre-trained hierVAE Generate,0.08,FC1=CC=C(NC=2N=C(N=C3C2C=CC=C3)C4=CC=C(C=C4)C(=O)N(C)C)C=C1,CC1CN(C(C)CO)S(=O)(=O)c2ccc(-c3ccc(C(=O)N(C)C)cc3)cc2OC1CN(C)Cc1ccc(C(=O)O)cc1
TP53,Pre-trained hierVAE Generate,0.15,O=C(NCCC(=O)N1CCCC1)C=2C=CC(C(C)(C)C)=CC2,CC(C)(C)c1ccc(C(=O)NC2CC(=O)N(CCC(=O)O)C2=O)cc1
TP53,Pre-trained hierVAE Generate,0.04,O1C2=C(OC1)C=CC(NC(=O)NC3=CN=CC=C3)=C2,CC(C)NC(=O)Nc1ccc2c(c1)OC(CN(C)Cc1cccnc1)C(C)CN(C(C)CO)S2(=O)=O
TP53,Pre-trained hierVAE Generate,0.12,S(=O)(=O)(NC1=CC(C(=O)N2CCC(CC2)C(=O)N)=CC=C1)C3=CC=C(C=C3)C,CCCNC(=O)N1CC(C)C(OC)CN(C)C(=O)c2cc(NS(=O)(=O)c3ccc(C)cc3)ccc2OCC1C
TP53,Pre-trained hierVAE Generate,0.12,ClC1=CC=C(S(=O)(=O)N(CC=2N=C(OC2C)C=3C=CC(OC)=CC3)CC)C=C1,COC(CN(C)Cc1ccc(F)cc1)C(C)CN(C(C)CO)S(=O)(=O)c1ccc(Cl)cc1
TP53,Pre-trained hierVAE Generate,0.08,P(OCC(OCC)CNC(=O)CCCCCCCCCCCCCCCCC)(OCC[N+](C)(C)C)(O)=O,CCCCCCCCCCCCCCCCCCCCC(=O)NCCCOCCO
TP53,Pre-trained hierVAE Generate,0.03,O1C2=C(OCC1)C=CC(NC(=O)NC3CCCCC3)=C2,CC1CN(C(C)CO)C(=O)Cc2cc(NC(=O)NC3CCCCC3)ccc2OC1CN(C)Cc1ccc(Cl)c(Cl)c1
TP53,Pre-trained hierVAE Generate,0.09,FC=1C=C(NC(=O)C=2C=C3OCOC3=CC2)C=CC1F,CCCCNC(=O)CC1CC2c3cc(NC(=O)c4ccc5c(c4)OCO5)ccc3OC2C(CO)O1
TP53,Pre-trained hierVAE Generate,0.24,FC1=CC=C(CNC(=O)CC2OC=3C(NC2=O)=CC=CC3)C=C1,CC(C)NC(=O)Nc1ccc2c(c1)C(=O)N(C)C1CCC(CC(=O)NCc3ccc(F)cc3)OC1CO2
TP53,Pre-trained hierVAE Generate,0.16,ClC=1C=CC(C(=O)NCCCC(=O)NC=2SC(=CN2)C)=CC1,Cc1ccc(C)c(NCCCNC(=O)c2ccc(Cl)cc2)c1
TP53,Pre-trained hierVAE Generate,0.12,O=C(NC(C(=O)O)C(C)C)C=1C(NC(=O)C=2C=CC(=CC2)C)=CC=CC1,CC(C)(C)c1ccc(C(=O)Nc2ccccc2C(=O)NC2CCCCC2)cc1
TP53,Pre-trained hierVAE Generate,0.01,S(C=1C2=C(N(C1)CC(=O)N3CCCC3)C=CC=C2)CC4=CC=C(C(F)(F)F)C=C4,CC1CN(C(C)CO)C(=O)CCCn2cc(nn2)COC1CN(C)Cc1ccc(C(F)(F)F)cc1
TP53,Pre-trained hierVAE Generate,0.05,S(C=1N(C2=C(N1)C=CC=C2)CC(=O)NCC3=CC(OC)=CC=C3)CC(=O)NC=4C=CC(F)=CC4,COc1cccc(CNC(=O)CC2CC3c4cc(NC(=O)Cc5ccncc5)ccc4OC3C(CO)O2)c1
TP53,Pre-trained hierVAE Generate,0.12,O(C=1C(C(=O)C)=CC=CC1)CC(O)CN2C3=C(N=C2CO)C=CC=C3,Cc1cccc(CCC(=O)OCC(O)COc2ccccc2C(F)(F)F)c1O
TP53,Pre-trained hierVAE Generate,0.12,O(C=1C=CC(=CC1)C(=O)O)CCCCCCCC,CC(C)(C)CCCCC(O)COc1ccc(C(=O)O)cc1
TP53,Pre-trained hierVAE Generate,0.07,FC(F)(F)C1=NN(C(=C1)C)CC(=O)NCC2OCCC2,CC1CN(C(C)CO)C(=O)CCCn2cc(nn2)COC1CN(C)C(=O)CCC(F)(F)F
TP53,Pre-trained hierVAE Generate,0.04,P(OCC(OCC)CNC(=O)CCCCCCCCCCCCCCCCC)(OCC[N+](C)(C)C)(O)=O,CCCCCCCCCCCCCCCCCCCCCCCC(=O)Nc1ccc(C(C)(C)C)cc1
TP53,Pre-trained hierVAE Generate,0.1,S(=O)(=O)(N(C1=CC=C(OC)C=C1)CC(=O)NC2=CC=C(C=C2)C(OC)=O)C,COC(=O)c1ccc(NC(=O)CCCCCCCOC(=O)c2ccc(OC)cc2)cc1
TP53,Pre-trained hierVAE Generate,0.13,S1C(C2C(=NC3=C1C=CC=C3)C4=C(C2=O)C=CC=C4)C5=CC=C(C=C5)C(F)(F)F,CC1CN(C(C)CO)C(=O)c2c(c3ccccc3n2C)-c2ccccc2COC1CN(C)Cc1ccc(C(F)(F)F)cc1
TP53,Pre-trained hierVAE Generate,0.1,ClC1=CC=C(NC(=O)C=2C=CC(C(C)(C)C)=CC2)C=C1,CC(C)(C)c1ccc(C(=O)Nc2ccccc2C(=O)O)cc1
TP53,Pre-trained hierVAE Generate,0.08,ClC1=C(OC)C=CC(NC(=O)C=2C=C3OCOC3=CC2)=C1,COC1CN(C)C(=O)c2ccc(NC(=O)c3ccc4c(c3)OCO4)cc2OCC(C)NCC1C
TP53,Pre-trained hierVAE Generate,0.15,C1=NC(=CC=C1)C(=O)NC=2C=C3C(=CC2)OCO3,CCCCCC(=O)Nc1ccc2c(c1)C(=O)N(C)CC(OC)C(C)CN(C(=O)c1ccccn1)C(C)CO2
TP53,Pre-trained hierVAE Generate,0.04,O=C1N(N=C(C=2C1=NN(C2C)C3=CC=C(C=C3)C)C)CCCC(=O)NCC4=CC=C(OCC)C=C4,COCCOCCOCCOCCOCCOCCOCCOCCOCCOCCOCCOCCOCCOCCOCCOCCOCCOCCOCCOCCOCCOCCOCCOCCOCCOCCOCCOCCOCCOc1ccc(CNc2ncnc3c2C(=Cc2ccc(C)cc2)C(=O)N3)cc1
TP53,Pre-trained hierVAE Generate,0.1,S1C(C(=O)NC2=CC=C(C=C2)CC(=O)NCC3=CC=C(OC)C=C3)=C(OCC1)C,COc1ccc(CNC(=O)CC2CCC(NC(=O)c3ccc(F)cc3)C(CO)O2)cc1
TP53,Pre-trained hierVAE Generate,0.07,O1C2=C(OCC1)C=CC(=C2)C(OCC(=O)NCCC3=CC=CC=C3)=O,CC(C)(C)NC(=O)Nc1ccc2c(c1)C1CC(CC(=O)NCCc3ccccc3)OC(CO)C1O2
TP53,Pre-trained hierVAE Generate,0.13,O=C1C=2C(N(C(=O)C1CC3=CC=CC=C3)CCCCC)=CC=CC2,CCCCCC1CCc2cnnn2COCC(Cc2ccccc2)NC1=O
TP53,Pre-trained hierVAE Generate,0.17,FC(F)(F)C1=CC(NC(=O)C2=NN(C(=O)C=3N(C4=C(C32)C=CC=C4)C)C5=CC=C(OC)C=C5)=CC=C1,CC1CN(C(C)CO)C(=O)c2c(c3ccccc3n2C)-c2ccccc2COC1CN(C)C(=O)c1ccc(C(F)(F)F)cc1
TP53,Pre-trained hierVAE Generate,0.19,S(=O)(=O)(N1C(CC2=C(C1)C=CC=C2)C(=O)NC3=CC(OC)=C(OC)C=C3)C4=CC=CC=C4,CC1Cc2ccccc2COC(CN(C)C(=O)NC(C)(C)C)c2cc(NS(C)(=O)=O)ccc2N(C(C)CO)CC(C)C(=O)O1
TP53,Pre-trained hierVAE Generate,0.28,O=C(NC=1C=CC(CN2CCN(CC2)CC)=CC1)NC=3C=CC=CC3,CCCCCC(=O)Nc1ccc(C(=O)NCCCN2CCN(Cc3ccccc3)CC2)cc1
TP53,Pre-trained hierVAE Generate,0.04,S(=O)(=O)(NC1=CC=2C(=C(OC2C=C1)C3=CC=CC=C3)C(OCC)=O)C4=CC=C(C=C4)C(C)C,CC(NC(=O)CC1CC2c3cc(NS(=O)(=O)c4ccc(F)cc4)ccc3OC2C(CO)O1)c1ccccc1
TP53,Pre-trained hierVAE Generate,0.17,O1C(C=2C=CC(=CC2)C(=O)O)=CC=C1/C=C(/C(=O)NC3=C(C(=O)O)C=CC=C3)\C#N,CC1CN(C(C)CO)S(=O)(=O)c2ccc(C#Cc3ccccc3C(=O)O)cc2OC1CN(C)Cc1ccc(C(=O)O)cc1
TP53,Pre-trained hierVAE Generate,0.14,O=C(NC1=CC=C(NC(=O)C2=CC(OC)=CC=C2)C=C1)C3=CC=C(C(C)(C)C)C=C3,CC(C)(C)c1ccc(C(=O)Nc2ccc(C(=O)Nc3cc(C(F)(F)F)cc(C(F)(F)F)c3)cc2)cc1
TP53,Pre-trained hierVAE Generate,0.02,FC1=CC=C(CNC(=O)N2C3=C(OC(C2)CC)C=CC(=C3)C)C=C1,CCCNC(=O)Nc1ccc2c(c1)C(=O)N(C)CC(OC)C(C)CN(Cc1ccc(F)cc1)C(C)CO2
TP53,Pre-trained hierVAE Generate,0.02,S(C1=NC(=C(N=N1)C2=CC(F)=CC=C2)C3=CC(F)=CC=C3)C(C(=O)NCCCC)CC,CCCNC(=O)NC1CCC(CCn2cc(-c3cccc(F)c3)nn2)OC1CO
TP53,Pre-trained hierVAE Generate,0.04,C=1C=CC(=CC1C(=O)NC=2C=CC(=CC2)O)C,Cc1cccc(C(=O)Nc2ccc(C(=O)NC3CCC(C(=O)O)CC3)cc2)c1
TP53,Pre-trained hierVAE Generate,0.01,[N+](CCCCCCCC)(CCCCCCCC)(CCCCCCCC)CCCCCCCC,CCCCCCCCCCCCCCCCCCCCCCCCCCCCCCCCCCCCCCCCCCCCCCCCCCCCCCCCCCCCCCCCCCCCCCCCCCCCCCCCCCCCCCCCCCCCCCCCCCCCCC
TP53,Pre-trained hierVAE Generate,0.06,P(OCC(OCC)CNC(=O)CCCCCCCCCCCCCCCCC)(OCC[N+](C)(C)C)(O)=O,CCCCCCCCCCCCCCCCCCCC(=O)NC(CCC(=O)O)C(=O)O
TP53,Pre-trained hierVAE Generate,0.21,FC1=CC=C(CCNC(=O)C=2C=CC(NC(=O)CCC)=CC2)C=C1,CCCc1ccc(C(=O)NC2CC(CO)NC2C(=O)NCc2ccc(F)cc2)cc1
TP53,Pre-trained hierVAE Generate,0.13,O1CCN(CC=2C=C3C(C=4C(C3)=CC=CC4)=CC2)CC1,CC1CN(C(C)CO)C(=O)c2ccccc2-c2ccccc2COC1CN(C)C(=O)CCN1CCOCC1
TP53,Pre-trained hierVAE Generate,0.14,FC(F)(F)C=1C=CC(C(=O)NC(CC=2OC=CC2)C)=CC1,CC1CN(C(C)CO)C(=O)CCCn2cc(nn2)COC1CN(C)C(=O)c1ccc(C(F)(F)F)cc1
TP53,Pre-trained hierVAE Generate,0.05,P(OCC(OCC)CNC(=O)CCCCCCCCCCCCCCCCC)(OCC[N+](C)(C)C)(O)=O,CCCCCCCCCCCCCCCCCC(=O)NC(CO)C(=O)O
TP53,Pre-trained hierVAE Generate,0.18,C1=NC(=CC=C1)C(=O)NC=2C=C3C(=CC2)OCO3,CCCCCC(=O)Nc1ccc2c(c1)C(=O)N(C)CC(OC)C(C)CN(C(=O)c1ccccn1)C(C)CO2
TP53,Pre-trained hierVAE Generate,0.01,O1C2=C(OC1)C=CC(NC(=O)NC3=CN=CC=C3)=C2,CC(C)NC(=O)Nc1ccc2c(c1)OC(CN(C)Cc1cccnc1)C(C)CN(C(C)CO)S2(=O)=O
TP53,Pre-trained hierVAE Generate,0.14,O=C1N(C(=O)C(N1CC2=CC=C(OC)C=C2)CC(=O)NCC)C3=CC=CC=C3,CCNC(=O)CC1C(CO)C2c3ccc(-c4ccccc4F)c(=O)n3CC1N2C(C)=O
TP53,Pre-trained hierVAE Generate,0.07,O=C1N(C(=O)NC1(C2=CC=CC=C2)C)CC=3C(OCC)=CC=CC3,CCOc1ccccc1C(C)(C)C(O)(CCCN(C)C)c1ccccc1
TP53,Pre-trained hierVAE Generate,0.09,O(C(=O)C1=C(N)C=CC=C1)CCC2=CC=CC=C2,CCCCCC(O)C(Cc1ccccc1)NC(=O)c1ccccc1N
TP53,Pre-trained hierVAE Generate,0.04,S1C=C(CC(=O)NC2=CC=3OCOC3C=C2)C=C1,CN(C)C(=O)CC1CC2c3cc(NC(=O)Cc4ccncc4)ccc3OC2C(CO)O1
TP53,Pre-trained hierVAE Generate,0.2,S(=O)(=O)(N1C(CC2=C(C1)C=CC=C2)C(=O)NC3=CC(OC)=C(OC)C=C3)C4=CC=CC=C4,CC1Cc2ccccc2COC(CN(C)C(=O)NC(C)(C)C)c2cc(NS(C)(=O)=O)ccc2N(C(C)CO)CC(C)C(=O)O1
TP53,Pre-trained hierVAE Generate,0.12,FC(F)(F)C=1C=CC(C2=NN(N=N2)CC(=O)NCC3=CC=C(OC)C=C3)=CC1,COc1ccc(CNC(=O)CC2CC3c4cc(NC(=O)Nc5ccc(C(F)(F)F)cc5)ccc4OC3C(CO)O2)cc1
TP53,Pre-trained hierVAE Generate,0.03,O=C(NC1=CC(NC(=O)C2=C(C=CC=C2)C)=CC=C1)C3=CC=C(C(C)(C)C)C=C3,CC(C)(C)c1ccc(C(=O)Nc2ccc3c(c2)C2CC(CC(=O)NCCc4ccccc4)OC(CO)C2O3)cc1
TP53,Pre-trained hierVAE Generate,0.17,O1C2(OC3=C1C=C(NC(=O)CC4=CC=CC=C4)C=C3)CCCC2,CC1CCCCOC(CN(C)CC2CC2)C(C)CN(C(C)CO)C(=O)c2cc(NC(=O)Cc3ccccc3)ccc2O1
TP53,Pre-trained hierVAE Generate,0.15,COC1=CC=C(C=C1)C2=CN3C=4C=CC(=CC4SC3=N2)C(=O)NCCCN5CCN(C)CC5,COc1ccc(-c2nnc3ccc(C(=O)NCCCN4CCN(C)CC4)cn23)cc1
TP53,Pre-trained hierVAE Generate,0.13,O1C2(OC3=C1C=C(NC(=O)CC4=CC=CC=C4)C=C3)CCCC2,COC1CN(C)C(=O)c2cc(NC(=O)Cc3ccccc3)ccc2OCC(C)N(C(=O)CC2CC2)CC1C
TP53,Pre-trained hierVAE Generate,0.16,S1C(C2C(=NC3=C1C=CC=C3)C4=C(C2=O)C=CC=C4)C5=CC=C(C=C5)C(F)(F)F,CC1CN(C(C)CO)C(=O)c2c(c3ccccc3n2C)-c2ccccc2COC1CN(C)Cc1ccc(C(F)(F)F)cc1
TP53,Pre-trained hierVAE Generate,0.11,O=C(C=1C=CC(C2=CC=C(OC)C=C2)=CC1)C3CC3,CC(C)(C)C(=O)N1C(C#N)C(c2ccc(-c3ccc(F)cc3)cc2)C1CO
TP53,Pre-trained hierVAE Generate,0.09,S(=O)(=O)(NC1=CC(C=2N=NC(N3CCCCCC3)=CC2)=CC=C1)C=4C(F)=CC=CC4,CC(C)(C)S(=O)N1CC(CCO)C2c3ccc(NS(=O)(=O)c4ccccc4F)cc3NC21
TP53,Pre-trained hierVAE Generate,0.1,ClC1=C(Cl)C=CC(NC(=O)CN(C(=O)C2CCCC2)C)=C1,CC1CN(C(C)CO)S(=O)(=O)c2ccc(C#CC(C)C(C)(C)C)cc2OC1CN(C)C(=O)C1CCCCC1
TP53,Pre-trained hierVAE Generate,0.07,O=C(NC=1C=C(C=CC1)C)NCC2=NC=CC=C2,CCNC(=O)CC1CC2c3cc(NC(=O)Cc4ccccn4)ccc3OC2C(CO)O1
TP53,Pre-trained hierVAE Generate,0.16,O=C(N)C1=C(C#CC2=CC=CC=C2)C=CC=C1,CC(C)c1ccccc1C#Cc1ccc(C#Cc2ccccc2C(=O)NC(C)(C)C)cc1
TP53,Pre-trained hierVAE Generate,0.17,FC1=CC=C(CCNC(=O)C2=CC=3N=CC=NC3C=C2)C=C1,CC(C)(C)S(=O)N1Cc2cc(C(=O)NCc3ccc(F)cc3)nc(C(=O)NCCc3ccncc3)c2C1CO
TP53,Pre-trained hierVAE Generate,0.12,O1C2=C(OCC1)C=CC(NC(=O)C=3C=NC=CC3)=C2,CCCNC(=O)CC1CC2c3cc(NC(=O)c4cccnc4)ccc3OC2C(CO)O1
TP53,Pre-trained hierVAE Generate,0.08,O=C(NC=1C=CC=CC1)CCCCCCC(O)=NO,COc1ccc(-c2ccc(C(=O)CCCCCCCCCCCC(=O)Nc3ccccc3)cc2)cc1
TP53,Pre-trained hierVAE Generate,0.1,O1C2=C(OCC1)C=CC(NC(=O)C=3C=NC=CC3)=C2,CNC(=O)CC1CC2c3cc(NC(=O)c4cccnc4)ccc3OC2C(CO)O1
TP53,Pre-trained hierVAE Generate,0.13,O(C(=O)N1CCN(CC=2N(C=3C(N2)=CC(NC(=O)CCC)=CC3)C(C)C)CC1)CC,CCCC(=O)Nc1ccc2c(c1)C(=O)N(C)CC(OC)C(C)CN(C(=O)CC)C(C)CO2
TP53,Pre-trained hierVAE Generate,0.01,S1C(C2C(=NC3=C1C=CC=C3)C4=C(C2=O)C=CC=C4)C5=CC=C(C=C5)C(F)(F)F,CC1CN(C(C)CO)C(=O)c2c(c3ccccc3n2C)-c2ccccc2COC1CN(C)Cc1ccc(C(F)(F)F)cc1
TP53,Pre-trained hierVAE Generate,0.06,O=C(C=1C=CC(NC(=O)C=2C=CC=CC2)=CC1)C3=CC=CC=C3,CC(C)(C)c1ccc(C(=O)c2ccc(C(=O)Nc3nc(C(=O)c4ccccc4)cs3)cc2)cc1
TP53,Pre-trained hierVAE Generate,0.02,O1N=C(N=C1C=2C=C(NC(=O)C)C=CC2)C=3C=CC=CC3,CC(C)NC(=O)NC1CCC(CCn2cc(-c3cccc(-c4ccccc4)c3)nn2)OC1CO
TP53,Pre-trained hierVAE Generate,0.05,FC(F)(F)C1=CC(NC(=O)C2=CC(NC(=O)CN3CCC(CC3)C(=O)N)=CC=C2)=CC=C1,NCCCCC(=O)Nc1cccc(NC(=O)c2cccc(C(F)(F)F)c2)c1
TP53,Pre-trained hierVAE Generate,0.22,S1C2=C(C(=O)N(C3=C2C=CC=C3)C)C=C1C(=O)N(CC4=CC=CC=C4)C,CC1CN(C(C)CO)C(=O)c2c(c3ccccc3n2C)-c2ccccc2COC1CN(C)C(=O)c1cccc(F)c1
TP53,Pre-trained hierVAE Generate,0.19,S(=O)(=O)(NC1=CC=2C(=C(OC2C=C1)C3=CC=CC=C3)C(OCC)=O)C4=CC=C(C=C4)C(C)C,CC(NC(=O)CC1CC2c3cc(NS(=O)(=O)c4ccc(F)cc4)ccc3OC2C(CO)O1)c1ccccc1
TP53,Pre-trained hierVAE Generate,0.14,O1C(C=2C=CC(=CC2)C(=O)O)=CC=C1/C=C(/C(=O)NC3=C(C(=O)O)C=CC=C3)\C#N,CC1CN(C(C)CO)S(=O)(=O)c2ccc(C#Cc3ccccc3C(=O)O)cc2OC1CN(C)Cc1ccc(C(=O)O)cc1
TP53,Pre-trained hierVAE Generate,0.1,O1C2=C(OCC1)C=CC(NC(=O)C3CCCC3)=C2,CC1CCCCOC(CN(C)CC2CC2)C(C)CN(C(C)CO)C(=O)c2cc(NC(=O)C3CCCCC3)ccc2O1
TP53,Pre-trained hierVAE Generate,0.04,P(OCC(OCC)CNC(=O)CCCCCCCCCCCCCCC)(OCC[N+](C)(C)C)(O)=O,CCCCCCC(O)C(Cc1ccccc1)NC(=O)CCCCCCCCCCCC(O)C(O)C(O)CO
TP53,Pre-trained hierVAE Generate,0.04,S1C(C2C(=NC3=C1C=CC=C3)C4=C(C2=O)C=CC=C4)C5=CC=C(C=C5)C(F)(F)F,CC1CN(C(C)CO)C(=O)c2c(c3ccccc3n2C)-c2ccccc2COC1CN(C)Cc1ccc(C(F)(F)F)cc1
TP53,Pre-trained hierVAE Generate,0.09,FC=1C=CC(C(=O)CCCC(=O)C=2C=CC(F)=CC2)=CC1,COC(CN(C)C(=O)c1ccc(F)cc1)C(C)CN(C(C)CO)S(=O)(=O)c1ccc(F)cc1
TP53,Pre-trained hierVAE Generate,0,S1C2=C(N(C(=O)C=3C1=CC=CC3)C4CCCC4)C=C(NC(=O)C5=CC(F)=CC=C5)C=C2,CCc1cccc(C(=O)Nc2ccc3c(c2)OCC(C)N(C(=O)c2cccc(F)c2)CC(C)C(OC)CN(C)C3=O)c1
TP53,Pre-trained hierVAE Generate,0.1,O=C(N(CC=1C=C2C(N(CCC2)CC)=CC1)CCN3CCOCC3)NC=4C=CC(OCC)=CC4,CC1CN(C(C)CO)C(=O)Cc2cc(NC(=O)CCN3CCOCC3)ccc2OC1CN(C)Cc1ccc(C(F)(F)F)cc1
TP53,Pre-trained hierVAE Generate,0.15,S1C(C(=O)NC2=CC=C(C=C2)CC(=O)NCC3=CC=C(OC)C=C3)=C(OCC1)C,COc1ccc(CNC(=O)CC2CC3c4cc(NC(=O)Cc5ccncc5)ccc4OC3C(CO)O2)cc1
TP53,Pre-trained hierVAE Generate,0.22,S(=O)(=O)(NC=1C=C2C(=C(OC2=CC1)CCC)C(OCC)=O)C3=CC=C(OCC)C=C3,CCCNC(=O)CC1CC2c3cc(NS(=O)(=O)c4ccc(F)cc4)ccc3OC2C(CO)O1
TP53,Pre-trained hierVAE Generate,0.15,FC(F)(F)C1=CN=C(N2CCC(C(=O)NC=3C=CC(=CC3)C(CC)C)CC2)C=C1,CN(C)c1ncnc2ccc(C(=O)NCCCN3CCC(C(=O)Nc4ccc(C(F)(F)F)cc4)CC3)cc12
TP53,Pre-trained hierVAE Generate,0.11,FC1=CC=C(CN2C(=O)N=C(NC3=CC=4OCCOC4C=C3)CC2=O)C=C1,COC1CN(C)C(=O)c2ccc(NC(=O)NC(C)C)cc2OCC(C)N(Cc2ccc(F)cc2)CC1C
TP53,Pre-trained hierVAE Generate,0.17,C1=NC(=CC=C1)C(=O)NC=2C=C3C(=CC2)OCO3,CCCCCC(=O)Nc1ccc2c(c1)C(=O)N(C)CC(OC)C(C)CN(C(=O)c1ccccn1)C(C)CO2
TP53,Pre-trained hierVAE Generate,0.2,ClC=1C(=CC(S(=O)(=O)NC2=CC=C(C=C2)C(=O)O)=CC1)C(=O)NC3=CC=CC=C3,COc1ccc(S(=O)(=O)Nc2ccc(C(=O)c3ccccc3)cc2)cc1-c1ccc(C2OC(CO)C(O)C(O)C2O)cc1
TP53,Pre-trained hierVAE Generate,0.2,O(C(=O)N1CCN(CC=2N(C=3C(N2)=CC(NC(=O)CCC)=CC3)C(C)C)CC1)CC,CCCC(=O)Nc1ccc2c(c1)C(=O)N(C)CC(OC)C(C)CN(C(=O)CC)C(C)CO2
TP53,Ours,0.71,NC1=C2C(=NC(=N1)NC3=CC=C(C=C3)Cl)C=CC=C2,COc1ccc2nc(C#N)nc(Nc3ccc(Cl)cc3)c2c1
TP53,Ours,0.68,O1C2=C(OCC1)C=CC(NC(=O)C=3C=NC=CC3)=C2,CCCNC(=O)CC1CC2c3cc(NC(=O)c4cccnc4)ccc3OC2C(CO)O1
TP53,Ours,0.56,O=C(NCCC1=CC=CC=C1)C2=CC(=CC=C2)C,Cc1cccc(C(=O)NC(Cc2ccccc2)C(=O)O)c1
TP53,Ours,0.55,O=C(NC1=CC=C(NC(=O)C2=CC(OC)=CC=C2)C=C1)C3=CC=C(C(C)(C)C)C=C3,CC(C)(C)c1ccc(C(=O)Nc2ccc(C(=O)Nc3ccccc3C(=O)O)cc2)cc1
TP53,Ours,0.54,O=C(NC=1C=CC(N(CC)CC)=CC1)NC=2C=CC=CC2,CC1CN(C(C)CO)C(=O)c2cc(NC(=O)Nc3ccccc3)ccc2OC1CN(C)Cc1ccc(C(F)(F)F)cc1
TP53,Ours,0.54,O=C(NC(C(=O)O)C(C)C)C=1C(NC(=O)C=2C=CC(=CC2)C)=CC=CC1,Cc1ccc(C(=O)Nc2ccc(C(=O)Nc3ccccc3C(=O)O)cc2)cc1
TP53,Ours,0.54,FC(F)(F)C1=CC(CC=2OC(=NN2)CCC(=O)NC(C)C)=CC=C1,CCCNC(=O)CC1CCC2C(COCC(O)CN2Cc2cccc(C(F)(F)F)c2)O1
TP53,Ours,0.53,O=C(NC=1N=CC=NC1)C=2C=CC(C(C)(C)C)=CC2,CC(C)(C)c1ccc(C(=O)Nc2cccc(C#N)n2)cc1
TP53,Ours,0.53,O=C(N/N=C(/C=1C=CN=CC1)\C)CN2CCN(CC3=CC=C(C=C3)C)CC2,CC1CN(C(C)CO)C(=O)CCCn2cc(nn2)COC1CN(C)C(=O)c1ccncc1
TP53,Ours,0.52,O1C2=C(N=C1C=3C=CN=CC3)C=C(NC(=O)CC(C)C)C=C2,CC(C)NC(=O)Nc1ccc2c(c1)C(=O)N(C(C)CO)CC(C)C(CN(C)Cc1ccncc1)OCCCCC(C)O2
TP53,Ours,0.51,P(OCC(OCC)CNC(=O)CCCCCCCCCCCCCCCCC)(OCC[N+](C)(C)C)(O)=O,CC(C)NC(=O)CCCCCCCCCCCCCCCCCCCCCCCCCCCCCCCCCCCCCCCCCCCCCCCCCCCCCCN(C)C
TP53,Ours,0.51,O1C2=C(OC1)C=CC(NC(=O)NC3=CN=CC=C3)=C2,CC(C)(C)NC(=O)CC1CC2c3cc(NC(=O)Cc4cccnc4)ccc3OC2C(CO)O1
TP53,Ours,0.51,ClC1=CC=C(NC(=O)C=2C=CC(C(C)(C)C)=CC2)C=C1,CC(C)(C)c1ccc(C(=O)c2ccc(C(=O)Nc3ccc(C(=O)O)cc3)cc2)cc1
TP53,Ours,0.5,FC1=CC=C(CCNC(=O)C=2C=CC(NC(=O)CCC)=CC2)C=C1,CCCC(=O)Nc1ccc(C(=O)c2ccc(O)cc2)cc1
TP53,Ours,0.5,FC1=CC=C(CCNC(=O)C=2C=CC(NC(=O)CCC)=CC2)C=C1,CCCC(=O)Nc1ccc(C(=O)c2ccc(O)cc2)cc1
TP53,Ours,0.5,FC(F)(F)C1=CC(NC(=O)C2=NN(C(=O)C=3N(C4=C(C32)C=CC=C4)C)C5=CC=C(OC)C=C5)=CC=C1,CC1CN(C(C)CO)C(=O)c2c(c3ccccc3n2C)-c2ccccc2COC1CN(C)C(=O)Nc1ccc(C(F)(F)F)cc1
TP53,Ours,0.49,O(C=1C(C(C)C)=CC=C(C1)C)CC2=CC=C(C(=O)N/N=C/C=3C(O)=CC(O)=CC3)C=C2,O=C(O)c1ccc(C(=O)NN=Cc2ccc(O)cc2O)cc1
TP53,Ours,0.49,O(C=1C(C(C)C)=CC=C(C1)C)CC2=CC=C(C(=O)N/N=C/C=3C(O)=CC(O)=CC3)C=C2,O=C(O)c1ccc(C(=O)NN=Cc2ccc(O)cc2O)cc1
TP53,Ours,0.48,O=C(O)/C(=N\NC=1N=CN=C2C1C=CC=C2)/C3=CC=C(OC)C=C3,CC(C)(C)c1ccc(C(=O)Nc2ncnc3ccccc23)cc1
TP53,Ours,0.48,O=C(NC(CC1=CC=CC=C1)C)C=2C=CC(N(=O)=O)=CC2,CC(C)(C)c1ccc(C(=O)NC(Cc2ccccc2)C(=O)O)cc1
TP53,Ours,0.48,O=C(NC(CC1=CC=CC=C1)C)C=2C=CC(N(=O)=O)=CC2,CC(C)(C)c1ccc(C(=O)NC(Cc2ccccc2)C(=O)O)cc1
TP53,Ours,0.48,O(C=1C(OC)=CC=C(NC(=O)NC2=CC=C(C=C2)CC3=CC=NC=C3)C1)C,CC1CN(C(C)CO)C(=O)c2cc(NC(=O)Nc3ccc(C(F)(F)F)cc3)ccc2OC1CN(C)Cc1ccc(C(F)(F)F)cc1
TP53,Ours,0.48,ClC1=CC=C(NC(=O)C=2C=CC(C(C)(C)C)=CC2)C=C1,CC(C)(C)c1ccc(C(=O)c2ccc(O)cc2)cc1
TP53,Ours,0.48,ClC1=CC=C(NC(=O)C=2C=CC(C(C)(C)C)=CC2)C=C1,CC(C)(C)c1ccc(C(=O)Nc2ccc(C(=O)NCCCN3CCOCC3)cc2)cc1
TP53,Ours,0.47,FC(F)(F)C=1C=CC(NC(=O)C(N2C=CC=C2)CC3=CC=CC=C3)=CC1,CC(NC(=O)CC1CCC(NC(=O)Nc2ccc(C(F)(F)F)cc2)C(CO)O1)c1ccccc1
TP53,Ours,0.47,C=1C=CC(=CC1C(=O)NC=2C=CC(=CC2)O)C,Cc1cccc(C(=O)Nc2ccc(C(=O)NCCCn3ccnc3)cc2)c1
TP53,Ours,0.46,S(=O)(=O)(NC1=CC(C=2N=NC(N3CCCCCC3)=CC2)=CC=C1)C=4C(F)=CC=CC4,CCNC(=O)CC1CC2c3cc(NS(=O)(=O)c4ccccc4F)ccc3OC2C(CO)O1
TP53,Ours,0.46,S(=O)(=O)(N1C=2C(=CC(NS(=O)(=O)C3=CC=C(F)C=C3)=CC2)CCC1)C4=CC=C(C=C4)C,COc1ccc(S(=O)(=O)N(C)CC2OCCCCC(C)Oc3ccc(NS(=O)(=O)c4ccc(F)cc4)cc3C(=O)N(C(C)CO)CC2C)cc1
TP53,Ours,0.46,S(=O)(=O)(C=1SC=CC1)CCC(=O)NC2=CC=C(C(=O)NC3=CC=C(OC)C=C3)C=C2,O=C(O)CCC(=O)Nc1ccc(C(=O)Nc2ccc(C(F)(F)F)cc2)cc1
TP53,Ours,0.46,CCCCCCCCCCCCCCC,CCCCCCCCCCCCCCCCC(=O)Nc1ccc(O)cc1
TP53,Ours,0.45,O=C(NC1CCCCCC1)C2=CC(N(C)C)=CC=C2,CN(C)c1ccc2c(c1)C1CC(CC(=O)NC3CCCCC3)OC(CO)C1O2
TP53,Ours,0.45,O=C(NC1=CC=C(NC(=O)C2=CC(OC)=CC=C2)C=C1)C3=CC=C(C(C)(C)C)C=C3,CN(C)CCCNC(=O)c1ccc(NC(=O)c2ccc(NC(=O)c3ccc(NC(=O)c4ccc(C(C)(C)C)cc4)cc3)cc2)cc1
TP53,Ours,0.44,[C@H](C(=O)CCl)(NS(C1=CC=C(C=C1)C)(=O)=O)CC2=CC=CC=C2,Cc1ccc(S(=O)(=O)NC2CCC(CC(=O)NC(C)c3ccccc3)OC2CO)cc1
TP53,Ours,0.44,S(=O)(=O)(NC=1C=C(OC)C=CC1)C=2C(=O)N(C(=O)N(C2)C)C,COC1CN(C)C(=O)c2ccc(NS(C)(=O)=O)cc2OCC(C)N(S(=O)C(C)(C)C)CC1C
TP53,Ours,0.44,S(=O)(=O)(N1CCN(C2=C(C(=CC=C2)C)C)CC1)C=3C(F)=CC=C(C3)C(=O)NC=4C=CC(OC5=CC=CC=C5)=CC4,CC1CCCCOC(CN(C)Cc2ccc(Oc3ccccc3)cc2)C(C)CN(C(C)CO)C(=O)c2cc(NC(=O)Nc3ccc(C(F)(F)F)cc3)ccc2O1
TP53,Ours,0.44,O=C1N(C2=NC=CC=C2N3C1=CC=C3)CC=4C=CC(=CC4)C(=O)NCC5=CC=C(N(C)C)C=C5,CN(C)c1ccc(CNC(=O)c2ccc(-c3ccccc3C(F)(F)F)cc2)cc1
TP53,Ours,0.44,O=C(N(C)C)C=1C=CC(C=2N=C3C(=C(N2)NC)C=CC=C3)=CC1,CC(C(=O)Nc1nc(-c2ccc(-c3nnn[nH]3)cc2)nc2ccccc12)C(C)C(C)(C)C
TP53,Ours,0.44,FC=1C=C(NC(=O)C=2C=C3OCOC3=CC2)C=CC1F,CNC(=O)CC1CC2c3cc(NC(=O)c4ccc5c(c4)OCO5)ccc3OC2C(CO)O1
TP53,Ours,0.44,FC=1C=C(NC(=O)C=2C=C3OCOC3=CC2)C=CC1F,CNC(=O)CC1CC2c3cc(NC(=O)c4ccc5c(c4)OCO5)ccc3OC2C(CO)O1
TP53,Ours,0.43,S(=O)(=O)(N)C=1C=CC(NC(=O)CCC=2OC(=CC2)CC)=CC1,CNC(=O)CCCCCCC(=O)Nc1ccc(S(N)(=O)=O)cc1
TP53,Ours,0.43,P(OCC(OCC)CNC(=O)CCCCCCCCCCCCCCCCC)(OCC[N+](C)(C)C)(O)=O,CCCCCCCCCCCCCCCCCCCC(=O)NC1C(O)CC(O)CC1O
TP53,Ours,0.43,P(OCC(OCC)CNC(=O)CCCCCCCCCCCCCCCCC)(OCC[N+](C)(C)C)(O)=O,CCCCCCCCCCCCCCCCCCCC(=O)NC1C(O)CC(O)CC1O
TP53,Ours,0.43,FC=1C=C(NC(=O)C2=CC(N(C)C)=CC=C2)C=CC1,CN(C)c1ccc2c(c1)C1CC(CC(=O)NCc3cccc(F)c3)OC(CO)C1O2
TP53,Ours,0.43,FC(F)(F)C=1C=CC(NC(=O)CCN2C(=CC(=C2C)C(OCC)=O)C3=CC=CC=C3)=CC1,CC1CN(C(C)CO)C(=O)c2cc(NC(=O)CCCN(C)C)ccc2OC1CN(C)Cc1ccc(C(F)(F)F)cc1
TP53,Ours,0.43,ClC1=CC=C(NC(=O)C=2C=CC(C(C)(C)C)=CC2)C=C1,CC(C)(C)c1ccc(C(=O)Nc2ncnc3ccc(C(=O)O)cc23)cc1
TP53,Ours,0.42,S=C(NC(=O)C=1C=CC(C2=CC=CC=C2)=CC1)NC3=NC(=CC=C3)C,CC1CN(C(C)CO)C(=O)c2cccc(NC(=O)CCCN(C)C)c2OC1CN(C)Cc1ccc(-c2ccccc2)cc1
TP53,Ours,0.42,S1N=C(C=2C1=CC=CC2)C(=O)NC3=C(C(=O)NCC4=C(C=CC=C4)C)C=CC=C3,CCNCC(O)c1ccccc1C(=O)Nc1ccccc1C(=O)NCCCNCC(O)c1ccccc1Cl
TP53,Ours,0.42,O=C(NC1CCCCCC1)C2=CC(N(C)C)=CC=C2,CN(C)c1ccc2c(c1)C1CC(CC(=O)NC3CCCCC3)OC(CO)C1O2
TP53,Ours,0.42,FC1=CC=C(CNC(=O)CC2=CC=CC=C2)C=C1,Cc1ccc(CNC(=O)CC2CCC(NC(=O)Cc3ccccc3)C(CO)O2)cc1
TP53,Ours,0.42,ClC1=CC=C(NC(=O)C=2C=CC(C(C)(C)C)=CC2)C=C1,CC(CCc1ccc(C(C)(C)C)cc1)NC(=O)c1ccc(C(C)(C)C)cc1
TP53,Ours,0.42,ClC1=C(OC)C=CC(NC(=O)C=2C=C3OCOC3=CC2)=C1,COCCNC(=O)CC1CC2c3cc(NC(=O)c4ccc5c(c4)OCO5)ccc3OC2C(CO)O1
TP53,Ours,0.42,ClC1=C(CNC(=O)C2=CC=3N(C(=O)N(C(=O)C3C=C2)C4=CC=C(C=C4)C)CC5=C(F)C=CC=C5)C=CC=C1,Cc1ccc(Cn2cnc3c2c(=O)n(-c2ccc(C(C)(C)C)cc2)c(=O)n3Cc2ccccc2F)cc1
TP53,Ours,0.41,[C@@]12(CC[C@H](C=3C=C(O)OC3)[C@@]1(CC[C@@H]4[C@@H]2CC[C@H]5C[C@@H](O)CC[C@]54C)C)O,CCCC12CCC(=O)C1CCC1C2CCC2CC(O)CCC21C
TP53,Ours,0.41,S(=O)(=O)(NCC1=CC=CC=C1)C2=CC=3OC(=O)N(C3C=C2)CC(=O)NCC4=CC=C(OC)C=C4,COc1ccc(CNC(=O)CC2CC3c4cc(NC(=O)Cc5ccccc5)ccc4OC3C(CO)O2)cc1
TP53,Ours,0.41,O=C(NCCN1CCC(CC1)CC2=CC=CC=C2)C3=C(N(N=C3)C4=CC=C(C=C4)C)C5CCN(CC5)C(OC(C)(C)C)=O,CC(C)(C)c1ccc(C(=O)c2ccc(C(=O)NCCCN3CCC(Cc4ccccc4)CC3)cc2)cc1
TP53,Ours,0.41,O=C(C=1C=CC(C2=CC=CC=C2)=CC1)CC,CCCNC(=O)CC1C=CC(NC(=O)c2ccc(-c3ccccc3)cc2)C(CO)O1
TP53,Ours,0.41,O=C(C=1C=CC(C2=CC=CC=C2)=CC1)CC,CCCNC(=O)CC1C=CC(NC(=O)c2ccc(-c3ccccc3)cc2)C(CO)O1
TP53,Ours,0.41,O(C(=O)C(NC(=O)C(NC(=O)CNC(=O)CNC(OCC1=CC=CC=C1)=O)C)C(CC)C)C,CNCC(=O)NCC(=O)NCC(=O)NCC(=O)NCC(=O)NCC(=O)NCC(=O)NCC(=O)NCC(=O)NCC(=O)NC(CC(C)C)C(=O)NCC(=O)NCc1ccccc1OC
TP53,Ours,0.41,FC=1C=C(NC(=O)C=2C=C3OCOC3=CC2)C=CC1F,CCCNC(=O)CC1CC2c3cc(NC(=O)c4ccc5c(c4)OCO5)ccc3OC2C(CO)O1
TP53,Ours,0.41,FC=1C=C(NC(=O)C=2C=C3OCOC3=CC2)C=CC1F,CCCNC(=O)CC1CC2c3cc(NC(=O)c4ccc5c(c4)OCO5)ccc3OC2C(CO)O1
TP53,Ours,0.41,FC(F)(F)C=1C=C(NC(=O)N[C@H](C(O)=O)CC(C)C)C=CC1,CC(C)NC(=O)Nc1ccc2c(c1)C(=O)N(C)C1CCC(CC(=O)NCC(F)(F)F)OC1CO2
TP53,Ours,0.41,ClC=1C=CC(NC(=O)CCC(=O)C=2C=CC(F)=CC2)=CC1,CC(C(C)(C)C)C(C)(C)C(O)CCC(=O)Nc1ccc(C(=O)c2ccc(Cl)cc2)cc1
TP53,Ours,0.41,ClC=1C=CC(NC(=O)CCC(=O)C=2C=CC(F)=CC2)=CC1,CC(C(C)(C)C)C(C)(C)C(O)CCC(=O)Nc1ccc(C(=O)c2ccc(Cl)cc2)cc1
TP53,Ours,0.41,ClC=1C=CC(NC(=O)CCC(=O)C=2C=CC(F)=CC2)=CC1,CC(C(C)(C)C)C(C)(C)C(O)CCC(=O)Nc1ccc(C(=O)c2ccc(Cl)cc2)cc1
TP53,Ours,0.41,ClC=1C=CC(NC(=O)CCC(=O)C=2C=CC(F)=CC2)=CC1,CC(C(C)(C)C)C(C)(C)C(O)CCC(=O)Nc1ccc(C(=O)c2ccc(Cl)cc2)cc1
TP53,Ours,0.41,ClC=1C=CC(NC(=O)CCC(=O)C=2C=CC(F)=CC2)=CC1,CC(C(C)(C)C)C(C)(C)C(O)CCC(=O)Nc1ccc(C(=O)c2ccc(Cl)cc2)cc1
TP53,Ours,0.4,S1C(C(=O)NC2=CC=C(C=C2)CC(=O)NCC3=CC=C(OC)C=C3)=C(OCC1)C,COc1ccc(CNC(=O)CC2CCC(NC(=O)Nc3ccc(Cl)cc3)C(CO)O2)cc1
TP53,Ours,0.4,P(OCC(OCC)CNC(=O)CCCCCCCCCCCCCCCCC)(OCC[N+](C)(C)C)(O)=O,CCCCCCCCCCCCCCCCCCCCCCCCCCCCCC(=O)NC(CO)C(=O)O
TP53,Ours,0.4,O1C=2C(OC1)=CC=C(C2)CNC(=O)CC=3C(OC)=CC=CC3,COc1ccccc1CC(=O)NCCCCC(=O)NCc1ccc(C(C)(C)C)cc1
TP53,Ours,0.4,O(C1=C(/C=N/NC(=O)CCN2C=3C(N=C2)=CC=CC3)C=CC=C1)C,COc1ccccc1C=NNC(=O)CCCCCC(=O)NN=Cc1ccc(Cl)cc1
TP53,Ours,0.4,NC1=C2C(=NC(=N1)NC3=CC=C(C=C3)Cl)C=CC=C2,COc1ccc2nc(C#N)nc(Nc3ccc(Cl)cc3)c2c1
TP53,Ours,0.4,FC=1C(NC(=O)N2C3=C(OC(C2)CC)C=CC(=C3)C)=CC=CC1,CC(C)NC(=O)N(C)CC1Oc2cc(-c3ccccc3F)ccc2S(=O)(=O)N(C(C)CO)CC1C
TP53,Ours,0.4,ClC1=C(OC)C=CC(NC(=O)C=2C=C3OCOC3=CC2)=C1,CCCC(=O)Nc1ccc2c(c1)OCC(C)N(C(=O)c1ccc3c(c1)OCO3)CC(C)C(OC)CN(C)C2=O
TP53,Ours,0.39,O=C1N(C(NC2=C1C=CC=C2)C3=C(O)C=CC=C3)C4=CC=C(OC)C=C4,COc1ccc(S(=O)(=O)N(C)CC2OCc3ccccc3-c3ccccc3C(=O)N(C(C)CO)CC2C)cc1
TP53,Ours,0.39,O1C(=C(NC(=O)C=2C=C3OCOC3=CC2)C=4C1=CC=CC4)C(=O)NC=5C=C(OC)C=CC5,CC(NC(=O)CC1CC2c3cc(NC(=O)c4ccc5c(c4)OCO5)ccc3OC2C(CO)O1)c1ccccc1
TP53,Ours,0.39,O1C(=C(NC(=O)C=2C=C3OCOC3=CC2)C=4C1=CC=CC4)C(=O)NC5=CC=C(OC)C=C5,COc1ccc(CNC(=O)CC2C=CC(NC(=O)c3ccc4c(c3)OCO4)C(CO)O2)cc1
TP53,Ours,0.39,ClC1=CC=2NC(=S)N(C(=O)C2C=C1)CCCN(CC)CC,CCN(CC)CCCNC(=O)CCc1c[nH]c2cc(Cl)ccc12
TP53,Ours,0.39,ClC1=C(OC)C=CC(NC(=O)C=2C=C3OCOC3=CC2)=C1,CN(C)CCCNC(=O)CC1CC2c3cc(NC(=O)c4ccc5c(c4)OCO5)ccc3OC2C(CO)O1
TP53,Ours,0.38,[C@H](C(=O)CCl)(NS(C1=CC=C(C=C1)C)(=O)=O)CC2=CC=CC=C2,Cc1ccc(S(=O)(=O)NC2CCC(CC(=O)NC(C)c3ccccc3)OC2CO)cc1
TP53,Ours,0.38,[C@H](C(=O)CCl)(NS(C1=CC=C(C=C1)C)(=O)=O)CC2=CC=CC=C2,Cc1ccc(S(=O)(=O)NC2CCC(CC(=O)NC(C)c3ccccc3)OC2CO)cc1
TP53,Ours,0.38,[C@H](C(=O)CCl)(NS(C1=CC=C(C=C1)C)(=O)=O)CC2=CC=CC=C2,Cc1ccc(S(=O)(=O)NC2CCC(CC(=O)NC(C)c3ccccc3)OC2CO)cc1
TP53,Ours,0.38,[C@H](C(=O)CCl)(NS(C1=CC=C(C=C1)C)(=O)=O)CC2=CC=CC=C2,Cc1ccc(S(=O)(=O)NC2CCC(CC(=O)NC(C)c3ccccc3)OC2CO)cc1
TP53,Ours,0.38,S1C(C2C(=NC3=C1C=CC=C3)C4=C(C2=O)C=CC=C4)C5=CC=C(C=C5)C(F)(F)F,CC1CN(C(C)CO)C(=O)c2ccccc2-c2ccccc2COC1CN(C)Cc1ccc(C(F)(F)F)cc1
TP53,Ours,0.38,S(=O)(=O)(N1CCN(S(=O)(=O)CCC)CC1)C2=CC=C(F)C=C2,CN(C)CCCNC(=O)c1ccc(S(=O)(=O)N2CCN(C)CC2)cc1
TP53,Ours,0.38,O=C(C=1C=CC(C2=CC=CC=C2)=CC1)CC,COc1ccc(C(=O)N2CC(CO)C(C(=O)Nc3ccc(-c4ccccc4)cc3)C2)cc1
TP53,Ours,0.38,O=C(C1=C(NN=C1)C2=C(O)C=CC=C2)C3=CC=C(C(C)(C)C)C=C3,CCCc1cccc(-c2cccc(C(=O)c3ccc(C(C)(C)C)cc3)c2)c1C(=O)O
TP53,Ours,0.38,O1CCN(C(=O)CCC(=O)NCCC2=CC=CC=C2)CC1,O=C(CC1CCC(NC(=O)CC2CC2)C(CO)O1)NCCc1ccccc1
TP53,Ours,0.38,O1C=2C(OC1)=CC=C(NC(=O)C=3C=CC(=CC3)CO)C2,CC(C)NCc1ccc(C2C(C#N)N(C(=O)c3ccc4c(c3)OCO4)C2CO)cc1
TP53,Ours,0.38,NC1=C2C(=NC(=N1)NC3=CC=C(C=C3)Cl)C=CC=C2,COc1ccc2nc(C#N)nc(Nc3ccc(Cl)cc3)c2c1
TP53,Ours,0.38,NC1=C2C(=NC(=N1)NC3=CC=C(C=C3)Cl)C=CC=C2,COc1ccc2nc(C#N)nc(Nc3ccc(Cl)cc3)c2c1
TP53,Ours,0.38,FC1=C(NC(=O)NC2=CC=C(OC)C=C2)C=CC=C1,COc1ccc(NC(=O)NC2CCC(CCn3cc(-c4ccccc4F)nn3)OC2CO)cc1
TP53,Ours,0.38,ClC1=CC(/C=C/C(=O)NC2=C(C(=O)N)C=CC=C2)=CC=C1,NC(=O)C=Cc1ccccc1NC(=O)C=Cc1ccccc1I
TP53,Ours,0.38,ClC1=CC(/C=C/C(=O)NC2=C(C(=O)N)C=CC=C2)=CC=C1,NC(=O)C=Cc1ccccc1NC(=O)C=Cc1ccccc1I
TP53,Ours,0.37,O1[C@](C1)(C(=O)[C@@H](NC(=O)[C@@H](NC(=O)[C@@H](NC(=O)[C@@H](NC(=O)CN2CCOCC2)CCC3=CC=CC=C3)CC(C)C)CC4=CC=CC=C4)CC(C)C)C,CC(C)CC(NC(=O)C(Cc1ccc(F)cc1)NC(=O)C(Cc1ccccc1)NC(=O)C(C)F)C(=O)NC(Cc1ccccc1)C(=O)NC(Cc1ccccc1)C(=O)NC(C=O)CCCNC(=N)N
TP53,Ours,0.36,S1C(C(=O)NC2=CC=C(C=C2)CC(=O)NCC3=CC=C(OC)C=C3)=C(OCC1)C,COc1ccc(CNC(=O)CC2CC3c4cc(NC(=O)Cc5ccncc5)ccc4OC3C(CO)O2)cc1
TP53,Ours,0.36,O=C(NC1=CC(NC(=O)C2=C(C=CC=C2)C)=CC=C1)C3=CC=C(C(C)(C)C)C=C3,CC(C)(C)c1ccc(C(=O)CCC(=O)Nc2ccc(C(=O)Nc3ccccc3C(=O)NCCCN3CCOCC3)cc2)cc1
TP53,Ours,0.35,S1C(C(=O)NC2=CC=C(C=C2)CC(=O)NCC3=CC=C(OC)C=C3)=C(OCC1)C,COc1ccc(CNC(=O)CC2CCC(NC(=O)Cc3cccnc3)C(CO)O2)cc1
TP53,Ours,0.35,S(=O)(=O)(NC(C(=O)NCC1=CC=C(C=C1)C)CC2=CC=CC=C2)C3=CC4=C(N(CC4)C(=O)CC)C=C3,CSCC(NC(=O)C(Cc1ccccc1)NS(=O)(=O)c1cccc(C(C)(C)C)c1)C(=O)NCc1ccccc1SCC(=O)NC(C)(C)C
TP53,Ours,0.35,O(C1=C(C(OC)=O)C=CC=C1)CCCOC=2C(OC)=CC(=CC2)C,CC(C(CC=CC=CC(=O)NCCCOc1ccccc1C(=O)O)C(=O)O)C(C)(C)C
TP53,Ours,0.32,O(C(=O)C1=C(NC(=O)C=2C=NC=CC2)C=CC=C1)CC,CC(NC(=O)CC1CCC(NC(=O)c2cccnc2)C(CO)O1)c1ccccc1
