Ref.,Morgan Scores (Cos.),Searched Mols (Cos.),Morgan Scores (Euc.),Searched Mols (Euc.),Morgan Scores (Ours),Generated Mols (Ours),Morgan Scores (Pre-trained hierVAE),Generated Mols (Pre-trained hierVAE)
Brc1ccc(NC(=O)C2(CCCCC2)N(Cc2ccco2)C(=O)c2ccccn2)cc1,0.1,COc1cc2CC(C)(C)n3c(cc4nc5ccccc5nc34)-c2cc1OC,0.08,Clc1cccc(Cl)c1N=C1NCCN1,0.18,CC1CCCCOC(CN(C)Cc2ccc(C(F)(F)F)cc2)C(C)CN(C(C)CO)C(=O)c2cc(NC(=O)c3ccncc3)ccc2O1,0.17,CN(C)CCCCCNC(=O)CC12OCCCC1(CO)c1cccc(NC(=O)Cc3ccncc3)c1O2
Brc1ccc(cc1)-c1csc(n1)N1CCC(CC1)C(=O)NCc1ccccc1,0.25,CN(Cc1ccccc1)C(=O)C2CCCN(Cc3ccccc3C(F)(F)F)C2,0.12,CC(=O)Nc1ccc(CC(O)=O)cc1,0.19,CC(C)NCc1ccc(-c2ccc(Cl)cc2)cc1,0.11,O=C(O)CC(NC(=O)c1cc(F)c(F)c(F)c1)C(=O)NCCN1CCCCC1
C(CN1CCOCC1)Sc2nc3ccccc3n2Cc4ccccc4,0.12,OC(=O)c1cccnc1Nc1cccc(c1)C(F)(F)F,0.17,Fc1ccc(Cc2n[nH]c(=O)c3ccccc23)cc1C(=O)N1CCN(CC1)C(=O)C1CC1,0.21,CC1CN(C(C)CO)C(=O)c2cc(NC(=O)CCN3CCOCC3)ccc2OC1CN(C)Cc1ccc(C(F)(F)F)cc1,0.11,CC1COCC(C)C(=O)C(CN(C)C)C(C)OC(CN(C)Cc2ccc(C(F)(F)F)cc2)CC(=O)N(C(C)CO)C1
C(Nc1ncnc2ccc(cc12)-c1ccc2OCOc2c1)C1CCCCO1,0.07,CO[C@H]1C=CO[C@@]2(C)Oc3c(C2=O)c2C4=NC5(CCN(CC(C)C)CC5)NC4=C(NC(=O)C(C)=C/C=C/[C@H](C)[C@H](O)[C@@H](C)[C@@H](O)[C@@H](C)[C@H](OC(C)=O)[C@@H]1C)C(=O)c2c(O)c3C,0.13,COc1ccc(cc1OC1CCCC1)C1CNC(=O)C1,0.18,CC1CCCCOC(CN(C)Cc2ccccc2C(F)(F)F)C(C)CN(C(C)CO)C(=O)c2cc(NC(=O)c3ccncc3)ccc2O1,0.17,CC1CCCCOC(CN(C)C(=O)CCC(F)(F)F)C(C)CN(C(C)CO)C(=O)c2cc(NS(=O)(=O)c3ccccc3)ccc2O1
C/C=C/c1ccc2c(O[C@@H](CN(C)C(=O)Cc3cccnc3)[C@@H](C)CN([C@@H](C)CO)S2(=O)=O)c1,0.26,COc1ccc(cc1)S(=O)(=O)N(C)C[C@@H]2Oc3ncc(/C=C/c4ccccc4)cc3C(=O)N(C[C@H]2C)[C@@H](C)CO,0.17,COCC(=O)Nc1ccc2OC[C@H](C)N(C[C@H](C)[C@H](CN(C)C(=O)c2c1)OC)C(=O)c1ccccc1,0.43,CC(C)CC#Cc1ccc2c(c1)OC(CN(C)Cc1ccccn1)C(C)CN(C(C)CO)S2(=O)=O,0.16,CC1COCc2cccc(NC(=O)CCC(F)(F)F)c2N(C(C)CO)CC2(CCCCC2O)C(=O)OCC(C)C1C
C/C=C/c1ccc2c(O[C@@H](CN(C)C(=O)Cc3cccnc3)[C@@H](C)CN([C@H](C)CO)S2(=O)=O)c1,0.2,CC(C)NC(=O)Nc1ccc2O[C@H](C)CCCCO[C@H](CN(C)C(=O)NC3CCCCC3)[C@H](C)CN([C@H](C)CO)C(=O)c2c1,0.16,COc1ccc(cc1)[C@@H]1Sc2ccccc2N(CCN(C)C)C(=O)[C@@H]1OC(C)=O,0.43,CC(C)NC(=O)N(C)CC1Oc2cc(-c3ccc(C(=O)N(C)C)cc3)ccc2S(=O)(=O)N(C(C)CO)CC1C,0.14,COc1cccc2c1c1c(n2C)CC(CO)N(CC2CC2)C12CCN(Cc1cncnc1)C2
C/C=C/c1ccc2c(O[C@@H](CN(C)C(=O)Cc3cccnc3)[C@H](C)CN([C@@H](C)CO)S2(=O)=O)c1,0.15,CCCNC(=O)N1C[C@H](C)[C@H](CN(C)C(=O)c2ccc(NS(=O)(=O)CC(F)(F)F)cc2OC[C@H]1C)OC,0.07,Clc1cccc(Cl)c1N=C1NCCN1,0.37,CC1CN(C(C)CO)S(=O)(=O)c2ccc(-c3ccccc3C#N)cc2OC1CN(C)Cc1ccc(C(F)(F)F)cc1,0.25,Cc1noc(C)c1C(=O)Nc1ccc2c(c1)CC(=O)N(C(C)CO)CC(C)C(CN(C)C)O2
C/C=C/c1ccc2c(O[C@@H](CN(C)C(=O)Cc3cccnc3)[C@H](C)CN([C@H](C)CO)S2(=O)=O)c1,0.12,CN(C)[C@H]1C2CC3C(C(=O)c4c(O)cccc4[C@@]3(C)O)C(=O)[C@]2(O)C(=O)C(C(=O)NCN5CCCC5)C1=O,0.12,CNCCCCOc1ccccc1Cc1ccccc1,0.38,CC1CN(C(C)CO)S(=O)(=O)c2ccc(C3=CCCCC3)cc2OC1CN(C)Cc1ccc(C(F)(F)F)cc1,0.13,CC(C)(C)C(=O)NC(Cc1ccc(O)cc1)C(=O)O
C/C=C/c1ccc2c(O[C@@H](CN(C)C(=O)Nc3cccc(F)c3)[C@@H](C)CN([C@@H](C)CO)S2(=O)=O)c1,0.14,O[C@@H]1COC[C@@H]2O[C@H](CC(=O)NCCc3ccncc3)CC[C@H]2N(Cc2cccc(c2)C(F)(F)F)C1,0.11,CNCCCCOc1ccccc1Cc1ccccc1,0.41,CNCC1Oc2cc(C#Cc3ccccc3F)ccc2S(=O)(=O)N(C(C)CO)CC1C,0.01,CCCCCCCCCCCCCCCCCCCCCCCCCCCCCCCCCCCCCCCCCCCCCCCCCCCCCCCCCCCCCCCCCCCCCCCCCCCCCCCCCCCCCCCCCCCCCCCCCC1(C)CCCCC1
C/C=C/c1ccc2c(O[C@@H](CN(C)C(=O)Nc3cccc(F)c3)[C@@H](C)CN([C@H](C)CO)S2(=O)=O)c1,0.38,C[C@H](CO)N1C[C@@H](C)[C@@H](CN(C)S(=O)(=O)c2cn(C)cn2)Oc3cc(ccc3S1(=O)=O)C4=CCCCC4,0.11,Cc1ccc(cc1)S(=O)(=O)NC(=O)NN1CCCCCC1,0.41,Cc1ccccc1-c1ccc2c(c1)OC(CN(C)Cc1ccc(C(=O)O)cc1)C(C)CN(C(C)CO)S2(=O)=O,0.09,CC(C)c1cc(CN2CCN(CCC(=O)NCCCN3CCN(C)CC3)CC2)c(C(C)C)c(C(C)C)c1C(C)C
C/C=C/c1ccc2c(O[C@@H](CN(C)C(=O)Nc3cccc(F)c3)[C@H](C)CN([C@@H](C)CO)S2(=O)=O)c1,0.17,CO[C@@H]1CN(C)C(=O)c2cc(NC(=O)c3cc(C)on3)ccc2OC[C@H](C)N(CC2CC2)C[C@@H]1C,0.15,CCCCC(=O)N(Cc1ccc(cc1)-c1ccccc1-c1nn[nH]n1)[C@@H](C(C)C)C(O)=O,0.43,CC1CN(C(C)CO)S(=O)(=O)c2ccc(-c3ccccc3C(=O)N(C)C)cc2OC1CN(C)C(=O)CCN(C)C,0.25,CC1CN(C(C)CO)C(=O)c2cccc(NC(=O)CCN3CCOCC3)c2OC1CN(C)Cc1cccc(C(=O)O)c1
C/C=C/c1ccc2c(O[C@@H](CN(C)C(=O)Nc3cccc(F)c3)[C@H](C)CN([C@H](C)CO)S2(=O)=O)c1,0.43,CCCN(C)C[C@H]1Oc2cc(C#Cc3cccc(OC)c3)ccc2S(=O)(=O)N(C[C@H]1C)[C@@H](C)CO,0.04,Nc1cc(nc(N)[n+]1[O-])N2CCCCC2,0.44,CC1CN(C(C)CO)S(=O)(=O)c2ccc(NC(=O)c3ccc(C(C)(C)C)cc3)cc2OC1CN(C)C(=O)CCCN(C)C,0.09,Nc1cc(=O)n(Cc2c(F)cc(F)c(F)c2F)c(=O)[nH]1
C/C=C/c1ccc2c(O[C@H](CN(C)C(=O)Cc3cccnc3)[C@@H](C)CN([C@@H](C)CO)S2(=O)=O)c1,0.2,C[C@@H](CO)N1C[C@@H](C)[C@@H](CN(C)S(=O)(=O)c2ccccc2C#N)OCc3ccccc3-c4ccccc4C1=O,0.1,O=C1N(C2CCC(=O)NC2=O)C(=O)c2ccccc12,0.5,Cc1ccccc1-c1ccc2c(c1)OC(CN(C)Cc1cccnc1)C(C)CN(C(C)CO)S2(=O)=O,0.09,Cc1nn(C)cc1-c1cc2nccc(N3CCN(C)CC3)n2n1
C/C=C/c1ccc2c(O[C@H](CN(C)C(=O)Cc3cccnc3)[C@@H](C)CN([C@H](C)CO)S2(=O)=O)c1,0.39,COc1ccc(NC(=O)N(C)C[C@@H]2Oc3cc(ccc3S(=O)(=O)N(C[C@@H]2C)[C@@H](C)CO)c4cccc(c4)C(=O)N(C)C)cc1,0.12,CNCCCCOc1ccccc1Cc1ccccc1,0.43,CC1CN(C(C)CO)S(=O)(=O)c2ccc(-c3cccc(C(=O)N(C)C)c3)cc2OC1CN(C)CC1CC1,0.16,CC(C)NC(=O)NC1C=CC(CC(=O)NCc2ccc(-c3ccccc3)cc2)OC1CO
C/C=C/c1ccc2c(O[C@H](CN(C)C(=O)Cc3cccnc3)[C@H](C)CN([C@@H](C)CO)S2(=O)=O)c1,0.26,C[C@@H](CO)N1C[C@H](C)[C@H](CN(C)C(=O)Nc2ccc(F)cc2)Oc3ccc(NS(=O)(=O)c4ccccc4)cc3C1=O,0.22,COc1ccc(NC(=O)N(C)C[C@@H]2OCc3cn(CCCC(=O)N(C[C@@H]2C)[C@@H](C)CO)nn3)c(OC)c1,0.39,CC1CN(C(C)CO)S(=O)(=O)c2ccc(-c3cccc(C(=O)N(C)C)c3)cc2OC1CN(C)Cc1ccc(C(=O)O)cc1,0.15,Cc1c(C)c(C)c(NC(=O)Nc2cccc3c2C2(CC(=O)N(C)C)OCC(CO)CC2O3)c(Cl)c1C
C/C=C/c1ccc2c(O[C@H](CN(C)C(=O)Cc3cccnc3)[C@H](C)CN([C@H](C)CO)S2(=O)=O)c1,0.51,COCC(=O)N(C)C[C@H]1Oc2cc(ccc2S(=O)(=O)N(C[C@H]1C)[C@@H](C)CO)c3ccccc3F,0.4,C[C@@H](CO)N1C[C@H](C)[C@@H](CN(C)Cc2cncnc2)Oc3cc(C#CC4CCCC4)ccc3S1(=O)=O,0.41,CC(C)NC(=O)Nc1ccc2c(c1)OC(CN(C)Cc1ccc(C(F)(F)F)cc1)C(C)CN(C(C)CO)S2(=O)=O,0.01,CCCCCCCCCCCCCCCCCCCCCCCCCCCCCCCCCCCCCCCCCCCCCCCCCCCCCCCCCCCCCCCCCCCCCCCCCCCCCCCCCCCCCCCCCCCCCCCCCCCCCC
C/C=C/c1ccc2c(O[C@H](CN(C)C(=O)Nc3cccc(F)c3)[C@@H](C)CN([C@@H](C)CO)S2(=O)=O)c1,0.38,C[C@@H](CO)N1C[C@@H](C)[C@H](CN(C)S(=O)(=O)c2cn(C)cn2)Oc3cc(ccc3S1(=O)=O)C4=CCCCC4,0.12,Cc1nccn1CC1CCc2c(C1=O)c1ccccc1n2C,0.5,CC1CN(C(C)CO)S(=O)(=O)c2ccc(-c3cccnc3)cc2OC1CN(C)C(=O)Nc1ccc(C(F)(F)F)cc1,0.13,COC1CCN(C)c2c(NS(=O)(=O)c3c(C)c(C)c(C)c(C)c3C)cccc2OC(=O)C(C)C(C)N(C)C1
C/C=C/c1ccc2c(O[C@H](CN(C)C(=O)Nc3cccc(F)c3)[C@@H](C)CN([C@H](C)CO)S2(=O)=O)c1,0.47,C[C@H](CO)N1C[C@@H](C)[C@H](CN(C)Cc2ccccc2)Oc3cc(/C=C/c4ccccc4)ccc3S1(=O)=O,0.11,Cc1ccc(cc1)S(=O)(=O)NC(=O)NN1CCCCCC1,0.48,CC(C)NC(=O)N(C)CC1Oc2cc(-c3ccccc3C(=O)N(C)C)ccc2S(=O)(=O)N(C(C)CO)CC1C,0.12,CC(C)(C)CCCC(=O)Nc1ccccc1C(=O)NCCCN1CCOCC1
C/C=C/c1ccc2c(O[C@H](CN(C)C(=O)Nc3cccc(F)c3)[C@H](C)CN([C@@H](C)CO)S2(=O)=O)c1,0.14,COc1ccc(NC(=O)N[C@H]2CC[C@H](CC(=O)NC3CCC3)O[C@H]2CO)cc1,0.12,Cc1nccn1CC1CCc2c(C1=O)c1ccccc1n2C,0.54,CC(C)NC(=O)N(C)CC1Oc2cc(-c3ccc(F)cc3)ccc2S(=O)(=O)N(C(C)CO)CC1C,0.14,CCNCCCNC(=O)CC1OCC2(CCN(Cc3ccc(F)cc3)C2)C(C(=O)O)=C1C(O)C(O)CO
C/C=C/c1ccc2c(O[C@H](CN(C)C(=O)Nc3cccc(F)c3)[C@H](C)CN([C@H](C)CO)S2(=O)=O)c1,0.27,COc1ccc(CN(C)C[C@@H]2Oc3ccc(NC(=O)c4ccncc4)cc3CC(=O)N(C[C@@H]2C)[C@@H](C)CO)cc1,0.14,COc1ccc(Cl)cc1C(=O)NCCc2ccc(cc2)S(=O)(=O)NC(=O)NC3CCCCC3,0.41,Cc1ccccc1-c1ccc2c(c1)OC(CN(C)C(=O)c1cc(-c3ccccc3)on1)C(C)CN(C(C)CO)S2(=O)=O,0.17,N#CC1C(c2ccc(C=Cc3ccccc3)cc2)C(CO)N1C(=O)c1ccccc1F
C1CN2CC(N=C2S1)c1ccccc1,0.17,CN1CCC(CC1)=C1c2ccsc2CCc2ccccc12,0.15,CS(=O)(=O)c1ccc(cc1)C1=C(C(=O)OC1)c1ccccc1,0.14,CC(C)(C)c1ccc(C(=O)NC2C(O)CC(O)CC2C(=O)NCc2ccccc2)cc1,0.11,COC1CN(C)C(=O)c2cc(NC(=O)c3cccc(F)c3)ccc2OCC(C)NCC1C
CC(=CCOc1c2occc2cc3ccc(=O)oc13)C,0.06,CCCCC[C@H](O)/C=C/[C@H]1C=CC(=O)[C@@H]1CCCCCCC(=O)O,0.05,CCCC(CCC)C(O)=O,0.13,COc1ccc(C(=O)Nc2ccc3c(c2)C(=O)N(C)CC(OC)C(C)CN(CCC(F)(F)F)C(C)CO3)cc1,0.1,CNC(=O)C12Cn3c(c(C)ccc3=O)C1CC(CO)N2Cc1c(F)c(F)c(F)c(F)c1F
CC(=O)N1[C@@H]2Cn3c(ccc(-c4cccnc4)c3=O)[C@H]1[C@H]([C@@H]2CO)C(=O)N1CCc2ccccc2C1,0.18,CC(C)NC(=O)N(C)C[C@@H]1OCCCC[C@@H](C)Oc2ccc(NC(=O)Nc3ccccc3)cc2C(=O)N(C[C@@H]1C)[C@@H](C)CO,0.17,COc1ccc(cc1)[C@@H]1Sc2ccccc2N(CCN(C)C)C(=O)[C@@H]1OC(C)=O,0.21,CC1CN(C(C)CO)C(=O)c2cc(-c3cccnc3)cnc2OC1CN(C)Cc1ccc(C(F)(F)F)cc1,0.11,Cc1nc(C)c(C(=O)CCC(=O)O)c(C)c1CCNC(=O)c1c(F)cccc1F
CC(=O)N1[C@H]2Cn3c(ccc(-c4cccnc4)c3=O)[C@@H]1[C@@H]([C@H]2CO)C(=O)N1CCc2ccccc2C1,0.14,CN(C)CC(=O)Nc1ccc2O[C@@H]3[C@@H](C[C@@H](CC(=O)N4CCCCC4)O[C@@H]3CO)c2c1,0.12,CNC(=O)c1ccc(cc1F)N1C(=S)N(C(=O)C1(C)C)c1ccc(C#N)c(c1)C(F)(F)F,0.22,CCCNC(=O)CC1CCC2C(COCC(O)CN2Cc2ccc(-c3cccnc3)cc2)O1,0.15,CCCNC(=O)CC1CC2c3cc(NS(=O)(=O)c4ccc(F)cc4)ccc3OC2C(CO)O1
CC(=O)N[C@@H](CSCC=C(/C)CCC=C(/C)CCC=C(C)C)C(O)=O,0.04,CC1(C)C(CCC2(C)C3CC(O[C@@H]4O[C@H](CO)[C@@H](O)[C@H](O)[C@H]4O)C(C)(C=C)C=C3CCC12)O[C@@H]5O[C@@H](CO)[C@H](O)[C@H]5O,0.04,Cc1noc(NS(=O)(=O)c2ccc(N)cc2)c1C,0.09,CC(C)(C)C(NC(=O)CCCCCCCCCCCCCCCCCCCCCCCCCCCCCCCCC(O)c1ccc(O)cc1)C(=O)O,0.08,CC(C)NC(=O)C1=CC(c2ccncc2)N2CC3C(C(=O)NCc4ccc(F)cc4)C(CO)C(C2=C1)N3S(=O)C(C)(C)C
CC(=O)Nc1ccc(cc1)C(=O)Nc1ccc(F)cc1N,0.66,CC(=O)Nc1ccc(cc1)C(=O)Nc1ccccc1N,0.15,Oc1ccc(cc1)-c1coc2cc(O)cc(O)c2c1=O,0.21,CC(NC(=O)CC1CC2c3cc(NC(=O)c4ccncc4)ccc3OC2C(CO)O1)c1ccccc1,0.16,CN(C)C(=O)CC12OCCCC1(CO)c1cccc(NC(=O)Cc3ccncc3)c1O2
CC(=O)Nc1nnc(s1)S(N)(=O)=O,0.07,Nc1ccn([C@@H]2CS[C@H](CO)O2)c(=O)n1,0.07,CC(=O)CC(c1ccccc1)c1c(O)c2ccccc2oc1=O,0.09,CCCNC(=O)N1CC(C)C(OC)CN(C)C(=O)c2ccc(NS(C)(=O)=O)cc2OCC1C,0.06,CN1CC(=O)COC2CC(CC(=O)NC3CCCCC3)COC2C1
CC(=O)O[C@@H]1CC(=O)OC(C)(C)C2CC(=O)[C@]3(C)C(CC[C@@]4(C)[C@@H](OC(=O)[C@H]5O[C@]543)c6ccoc6)[C@]21C,0.05,Nc1nc(N)nc(n1)-c1cc(Cl)ccc1Cl,0.09,Fc1ccc(Cc2n[nH]c(=O)c3ccccc23)cc1C(=O)N1CCN(CC1)C(=O)C1CC1,0.13,COC1CN(C)C(=O)c2cc(NC(=O)NC(C)C)ccc2OCC(C)N(C(=O)c2ccccc2)CC1C,0.13,CN1CC2C(CC(CC(=O)NCCCN3CCOCC3)OC2CO)Oc2c(NS(C)(=O)=O)cccc2C1=O
CC(=O)c1c(C)[nH]c(C(=O)Nc2ccccc2C)c1C,0.06,C[C@H](O)[C@H](C)[C@@H]1O[C@H]1C[C@H]1CO[C@@H](CC(C)=CC(=O)OCCCCCCCCC(O)=O)[C@H](O)[C@@H]1O,0.1,NC(=N)NC(=O)c1nc(Cl)c(N)nc1N,0.16,CC(C)(C)CCCNC(=O)CCNc1ncnc2ccccc12,0.16,CCc1ccc2c(c1)c1[nH]c(=O)ccc1n2C
CC(=O)c1c(O)c(C)c(O)c(Cc2c(O)c(C(=O)/C=C/c3ccccc3)c4OC(C)(C)C=Cc4c2O)c1O,0.09,CC(C)(C)c1cc(C=C(C#N)[N+]#[C-])cc(c1O)C(C)(C)C,0.09,Clc1cc(Cl)c(OCC(=O)NN=Cc2ccc[nH]2)c(Cl)c1,0.14,COc1ccc(CNC(=O)CC2CC3c4cc(NC(=O)Cc5ccccc5)ccc4OC3C(CO)O2)cc1,0.03,CCCCCCCCCCCCCCCCCCCCCCCCCCCCCCCCCCCCCCCCCCCCCCCCCCCCCCCCCCCCCCCCCCCCCCCCCCCCCCCCCCCCCCCCCCCCCCCCCCCCc1ccccc1
CC(C)(C)CC(C)(C)c1ccc(OCCOCC[N+](C)(C)Cc2ccccc2)cc1,0.69,Cc1cc(ccc1OCCOCC[N+](C)(C)Cc1ccccc1)C(C)(C)CC(C)(C)C,0.69,Cc1cc(ccc1OCCOCC[N+](C)(C)Cc1ccccc1)C(C)(C)CC(C)(C)C,0.23,CC(C)(C)NCCOc1ccc(C(=O)Nc2ccc(C(=O)O)cc2)cc1,0.02,CCCCCCCCCCCCCCCCCCCCCCCCCCCCCCCCCCCCCCCCCCCCCCCCCCCCCCCCCCCCCCCCCCCCCCCCCCCCCCCCCCCCCCCCCCCCCCCCCN(C)C
CC(C)(C)[C@H](NC(=O)c1cc(Cl)cc(Cl)c1)C(=O)N1CCC[C@H]1C(=O)N[C@@H](CC(O)=O)C#N,0.14,COc1ccc(Cl)cc1NC(=O)c1cc(on1)C1CC1,0.08,Oc1cc(O)c2C[C@@H](OC(=O)c3cc(O)c(O)c(O)c3)[C@H](Oc2c1)c1cc(O)c(O)c(O)c1,0.13,CCNC(=O)CC1CCC(NC(=O)c2cccnc2)C(CO)O1,0.08,CNCC1OC2(CN(C)CC3CCOCC3)C(=CNCC(=O)C3(CCOCC3)CNC(=O)C1=O)c1ccccc1N2C
CC(C)(C)[S@@](=O)N1Cc2cc(nc(c2[C@H]1CCO)-c1cccc(c1)-c1ccc(cc1)C#N)C(=O)NCCN1CCCCC1,0.18,COc1ccc(cc1)-c1ccc(cc1)[C@@H]1[C@@H](CO)N2[C@@H]1CN(Cc1ccccc1)CC2=O,0.14,CNC[C@H]1Oc2ncc(cc2C(=O)N(C[C@H]1C)[C@H](C)CO)c3ccccc3F,0.25,CN(C)c1ccc2c(c1)C1CC(CC(=O)NCCN3CCCCC3)OC(CO)C1O2,0.15,CN(C)CCCN(Cc1cc(C(F)(F)F)ccc1C(F)(F)F)S(=O)(=O)c1cccc(C(=O)c2cccc(C(=O)O)c2)c1
CC(C)(C)[S@](=O)N1Cc2cc(nc(c2[C@@H]1CCO)-c1cccc(c1)-c1ccc(cc1)C#N)C(=O)NCCN1CCCCC1,0.12,CN1CCN(CC1)C(=O)C[C@@H]1CC[C@@H]2[C@H](COC[C@@H](O)CN2Cc2cccc(F)c2)O1,0.25,Oc1ccc(cc1)-c1sc2cc(O)ccc2c1C(=O)c1ccc(OCCN2CCCCC2)cc1,0.19,COc1cc(C(C)(C)C)ccc1-c1ccc(C(=O)Nc2ccccc2C)cc1,0.11,CN(C)C(=O)CC1CCC2C(COc3ccc(NC(=O)CCC(F)(F)F)cc3C(=O)N2C)O1
CC(C)(C)c1ccc2cc(C#N)c(C#N)cc2c1,0.09,Brc1ccccc1C(=O)Nc2ccccc2,0.15,COc1cc2ncn(-c3cc(OCc4ccccc4S(C)(=O)=O)c(s3)C#N)c2cc1OC,0.16,CC(C)(C)c1ccc(C(=O)c2cccc(C(=O)NCCCNCCCC(=O)O)c2)cc1,0.1,COc1ccccc1-c1nn2cccc(Cl)c2c1-c1ccco1
CC(C)(ON=C(C(=O)N[C@H]1[C@H]2SCC(C[n+]3ccccc3)=C(N2C1=O)C(O)=O)c1csc(N)n1)C(O)=O,0.07,NS(=O)(=O)c1cc2c(NCNS2(=O)=O)cc1Cl,0.07,Nc1cc(nc(N)[n+]1[O-])N2CCCCC2,0.14,CC(NC(=O)CC1CCC(NC(=O)c2cccnc2)C(CO)O1)c1ccccc1,0.04,O=CCCCCCCCCCCCCCCCCCCCCCCCCCCCCCCCCCCCCCCCCCCCCCCCCCCCCCCCC(=O)NC1CCCC(C(=O)O)C1
CC(C)C#Cc1cnc2O[C@@H](CN(C)Cc3cncnc3)[C@@H](C)CN([C@@H](C)CO)C(=O)c2c1,0.15,CO[C@H]1CN(C)C(=O)c2cc(NC(=O)C3CCOCC3)ccc2OC[C@@H](C)N(Cc2cccnc2)C[C@H]1C,0.1,COc1ccc2CN(C)CC[C@@]34C=C[C@H](O)C[C@@H]3Oc1c24,0.27,CC1CN(C(C)CO)S(=O)(=O)c2ccc(NC(=O)c3ccc(C(C)(C)C)cc3)cc2OC1CN(C)Cc1cccnc1,0.08,CNCC(=O)Nc1ccccc1C(C)(C)C
CC(C)C#Cc1cnc2O[C@@H](CN(C)Cc3cncnc3)[C@@H](C)CN([C@H](C)CO)C(=O)c2c1,0.28,C[C@@H](CO)N1C[C@H](C)[C@@H](CN(C)Cc2ccc(Cl)c(Cl)c2)Oc3ccc(NC(=O)c4ccncc4)cc3CC1=O,0.13,COCC(=O)O[C@]1(CCN(C)CCCc2nc3ccccc3[nH]2)CCc2cc(F)ccc2[C@@H]1C(C)C,0.32,CC1CN(C(C)CO)C(=O)c2cc(NC(=O)CCC(F)(F)F)ccc2OC1CN(C)Cc1ccc(C(F)(F)F)cc1,0.1,COc1ccccc1CNC(=O)CC1CC2c3cc(NS(=O)(=O)c4ccc(F)cc4)ccc3OC2C(CO)O1
CC(C)C#Cc1cnc2O[C@@H](CN(C)Cc3cncnc3)[C@H](C)CN([C@@H](C)CO)C(=O)c2c1,0.2,COc1ccccc1c2ccc3c(O[C@H](CN(C)S(=O)(=O)c4ccc(F)cc4)[C@@H](C)CN([C@H](C)CO)S3(=O)=O)c2,0.05,N[C@@H]1CONC1=O,0.32,CCCCCC(=O)Nc1ccc2c(c1)C(=O)N(C(C)CO)CC(C)C(CN(C)Cc1ccc(C(F)(F)F)cc1)O2,0.09,COc1ccc(C(=O)NC2C=CC(CC(=O)NCC3CCCCC3)OC2CO)cc1
CC(C)C#Cc1cnc2O[C@@H](CN(C)Cc3cncnc3)[C@H](C)CN([C@H](C)CO)C(=O)c2c1,0.35,CNC[C@@H]1Oc2ncc(/C=C/c3ccccc3)cc2C(=O)N(C[C@@H]1C)[C@H](C)CO,0.12,COC(=O)C1=C(C)NC(C)=C(C1c1cccc(c1)[N+]([O-])=O)C(=O)OCCN(C)Cc1ccccc1,0.27,CC1CN(C(C)CO)C(=O)Cc2cc(NC(=O)CCC(F)(F)F)ccc2OC1CN(C)Cc1cccc(C(=O)O)c1,0.09,Cc1c(C)c(C)c(NC(=O)CCC(=O)NCC(O)CC(=O)O)c(C)c1C
CC(C)C#Cc1cnc2O[C@H](CN(C)Cc3cncnc3)[C@@H](C)CN([C@@H](C)CO)C(=O)c2c1,0.2,C[C@H](CO)N1C[C@@H](C)[C@H](CN(C)C(=O)C2CCC2)Oc3cc(ccc3S1(=O)=O)c4ccc(cc4)C(=O)N(C)C,0.11,CCCCNc1c(C(=O)OCC)c(C)nc2n(CC)ncc12,0.31,CCCNC(=O)Nc1ccc2c(c1)C(=O)N(C(C)CO)CC(C)C(CN(C)Cc1ccccc1C(F)(F)F)O2,0.14,C=CCCCCC(=O)NC1C(CO)OC(=O)C(=O)C1c1ccccc1C(C)C
CC(C)C#Cc1cnc2O[C@H](CN(C)Cc3cncnc3)[C@@H](C)CN([C@H](C)CO)C(=O)c2c1,0.07,Fc1cccc(F)c1S(=O)(=O)N2CCN(CC2)C(=O)c3ccc4OCCOc4c3,0.09,CN1CCN2C(C1)c1ccccc1Cc1cccnc21,0.33,CC1CN(C(C)CO)C(=O)c2cc(NC(=O)CCCN(C)C)ccc2OC1CN(C)Cc1ccc(C(=O)O)cc1,0.11,C=CCN1Cc2c(cc(C(=O)OC)n(CCC)c2=O)C1=O
CC(C)C#Cc1cnc2O[C@H](CN(C)Cc3cncnc3)[C@H](C)CN([C@@H](C)CO)C(=O)c2c1,0.25,CC(C)NC(=O)Nc1ccc2O[C@H](CN(C)S(=O)(=O)c3ccccc3)[C@@H](C)CN([C@@H](C)CO)C(=O)Cc2c1,0.07,COc1ccccc1OCC(O)COC(N)=O,0.33,CC1CN(C(C)CO)C(=O)c2cc(NC(=O)CCCN(C)C)ccc2OC1CN(C)Cc1ccc(C(=O)O)cc1,0.23,COc1cccc(S(=O)(=O)N(C)CC2OCCCCC(C)Oc3ccc(NC(=O)CCC(F)(F)F)cc3C(=O)N(C(C)CO)CC2C)c1
CC(C)C#Cc1cnc2O[C@H](CN(C)Cc3cncnc3)[C@H](C)CN([C@H](C)CO)C(=O)c2c1,0.52,C[C@@H](CO)N1C[C@H](C)[C@H](CN(C)C(=O)c2cnccn2)Oc3ncc(C#CCN(C)C)cc3C1=O,0.07,O=c1n([se]c2ccccc12)-c1ccccc1,0.34,CC(C)NC(=O)Nc1ccc2c(c1)C(=O)N(C(C)CO)CC(C)C(CN(C)Cc1cccnc1)OCCCCC(C)O2,0.09,Cn1c2c(c3c(N)noc31)CCN(CCC(F)(F)F)C2CO
CC(C)CC(=O)c1c(O)c(C)c(O)c2c1oc3c(C(=O)CC(C)C)c(O)c(C)c(O)c32,0.15,CC[C@H]([C@H]1O[C@@](CC)(C[C@@H]1C)[C@H]2CC[C@](O)(CC)[C@H](C)O2)C(=O)[C@@H](C)[C@@H](O)[C@H](C)CCc3ccc(C)c(O)c3C(=O)O,0.01,C(C(C1CCCCC1)C1CCCCC1)C1CCCCN1,0.12,CC(C)NC(=O)N(C)CC1OCCCCC(C)Oc2ccc(NC(=O)CCC(F)(F)F)cc2C(=O)N(C(C)CO)CC1C,0.02,CCCCCCCCCCCCCCCCCCCCCCCCCCCCCCCCCCCCCCCCCCCCCCCCCCCCCCCCCCCCCCCCCCCCCCCCCCCCC(=O)NCCCCCCNCCCCNCCCCn1c(N)ccnc1=O
CC(C)CC1N2C(=O)C(NC(=O)C3CN(C)C4Cc5c(Br)[nH]c6cccc(C4=C3)c56)(OC2(O)C7CCCN7C1=O)C(C)C,0.14,COc1ccc(cc1)[Si](C)(C)[C@@H]2[C@@H](C)[C@@]3(O[C@H]2CCO)C(=O)N(Cc4cccc(NC(=O)C)c4)c5ccccc53,0.06,CNCCCCOc1ccccc1Cc1ccccc1,0.18,CC(C)NC(=O)N(C)CC1OCc2ccccc2-c2c(n(C)c3ccccc23)C(=O)N(C(C)CO)CC1C,0.08,Cc1c(C)c(C)c(C(=O)N(C)C)c(C)c1C
CC(C)C[C@@H]1COCc2cn(CCCC(=O)N1)nn2,0.09,OC[C@@H]1O[C@H](CC(=O)N2CCOCC2)C=C[C@H]1NC(=O)NC1CCCCC1,0.09,COC(=O)C[C@H]1CC[C@@H]2[C@H](COC[C@@H](O)CN2CCC(F)(F)F)O1,0.12,COC1CN(C)C(=O)c2cc(NC(=O)NC(C)C)ccc2OCC(C)N(CC2CC2)CC1C,0.08,COc1ccc(OC)c(CN2CCN(CC(O)COc3ccccc3O)CC2)c1
CC(C)C[C@@H]1COCc2cn(CC[C@H](C)C(=O)N1)nn2,0.31,Clc1cccc(C[C@H]2CCn3cc(COC[C@H](NC2=O)c2ccccc2)nn3)c1,0.07,Cc1ccc(C)c(OCCCC(C)(C)C(O)=O)c1,0.12,CCCNC(=O)N1CC(C)C(OC)CN(C)C(=O)c2cc(NC(=O)C3CCOCC3)ccc2OCC1C,0.06,COc1ccccc1C1C(C#N)N(C(=O)c2ccccc2F)C1CO
CC(C)C[C@@H]1N2C(=O)[C@](NC(=O)[C@H]3CN(C)C4Cc5c(Br)[nH]c6cccc(C4=C3)c56)(O[C@@]2(O)[C@@H]7CCCN7C1=O)C(C)C,0.12,CCC(=O)N1C[C@H](O)COC[C@H]2O[C@H](CC(=O)NCc3cc(F)cc(F)c3)CC[C@H]12,0.11,CC1Cc2ccccc2N1NC(=O)c1ccc(Cl)c(c1)S(N)(=O)=O,0.18,CC(C)NC(=O)Nc1ccc2c(c1)C(=O)N(C(C)CO)CC(C)C(CN(C)Cc1cccc(C(F)(F)F)c1)OCCCCC(C)O2,0.07,CCCCCCNCCCCNC(=O)c1ccc(O)c(O)c1
CC(C)C[C@@H]1N2C(=O)[C@](NC(=O)[C@H]3CN(C)[C@H]4Cc5c(Br)[nH]c6cccc(C4=C3)c56)(O[C@@]2(O)[C@H]2CCCN2C1=O)C(C)C,0.1,CC[C@H](C)[C@H]1O[C@]2(CC[C@@H]1C)C[C@@H]3C[C@@H](CC=C(C)[C@@H](O[C@H]4C[C@H](OC)[C@@H](O[C@H]5C[C@H](OC)[C@@H](O)[C@H](C)O5)[C@H](C)O4)[C@@H](C)C=CC=C6CO[C@@H]7[C@H](O)C(=C[C@@H](C(=O)O3)[C@@]76O)C)O2,0.12,O[C@H]1COC[C@H]2O[C@@H](CC(=O)Nc3ccc(cc3)-c3ccccc3)CC[C@@H]2N(Cc2ccc3OCOc3c2)C1,0.18,CC(C)NC(=O)N(C)CC1OCc2ccccc2-c2c(n(C)c3ccccc23)C(=O)N(C(C)CO)CC1C,0.11,COc1ccccc1C#Cc1cnc2c(c1)C(CN(C)Cc1ccccc1C(=O)O)N(C(C)CO)C(CO)CC(CO)O2
CC(C)C[C@H](NC(=O)[C@H](C)NC(=O)C[C@H](O)[C@H](CC(C)C)NC(=O)[C@@H](NC(=O)[C@@H](NC(=O)CC(C)C)C(C)C)C(C)C)[C@@H](O)CC(O)=O,0,Clc1cncc(n1)N2CCNCC2,0.02,CC1(C)Oc2ccc3ccc(=O)oc3c2CC1O,0.09,CC(C)NC(=O)N(C)CC1OCCCCC(C)Oc2ccc(N(C)C)cc2C(=O)N(C(C)CO)CC1C,0,COc1ccccc1-c1nnc2ccc(N)nn12
CC(C)C[C@H]1COCc2cn(CC[C@H](C)C(=O)N1)nn2,0.12,CC(C)NC(=O)Nc1ccc2O[C@@H](C)CCCCO[C@H](CN(C)C(=O)NC(C)C)[C@H](C)CN([C@@H](C)CO)C(=O)c2c1,0.08,OC[C@@H]1[C@H]([C@@H](C#N)N1C(=O)Cc1ccncc1)c1ccc(cc1)C1=CCCCC1,0.23,CC1CN(C(C)CO)C(=O)CCCn2cc(nn2)COC1CN(C)Cc1ccc2c(c1)OCO2,0.07,COC(CN(C)S(=O)(=O)c1ccccc1C)C(C)CN(Cc1ccccc1Cl)C(C)CO
CC(C)N1CCN(CC1)c1ccc(cc1)C(=O)c1c(sc2cc(O)ccc12)-c1ccc(O)cc1,0.15,CSc1ccc2Sc3ccccc3N(CCC3CCCCN3C)c2c1,0.15,CN1CCN(CCCN2c3ccccc3Sc3ccc(cc23)C(F)(F)F)CC1,0.21,CC1CN(C(C)CO)S(=O)(=O)c2ccc(-c3ccc(C(=O)N(C)C)cc3)cc2OC1CN(C)C(=O)Nc1ccc(F)cc1,0.14,CC1=C(CN(C)C(=O)NC(C)c2ccccc2)N2CC(CCN(C(C)CO)CCCOC1=O)N=N2
CC(C)OC(=O)N(C)C[C@@H]1OCc2cnnn2CCCC(=O)N(C[C@@H]1C)[C@H](C)CO,0.5,C[C@H](CO)N1C[C@@H](C)[C@H](CN(C)Cc2ccc(Oc3ccccc3)cc2)OCc4cnnn4CCCC1=O,0.06,NC(=O)CS(=O)C(c1ccccc1)c1ccccc1,0.26,CC(C)NC(=O)N(C)CC1OCCCCC(C)Oc2ccc(NC(=O)CCC(F)(F)F)cc2C(=O)N(C(C)CO)CC1C,0.09,COc1cccc2c3c([nH]c12)C(CO)N(C(=O)Nc1cc(Cl)c(Cl)c(Cl)c1)CC3
CC(C)OC(=O)N(C)C[C@H]1OCc2cnnn2CCCC(=O)N(C[C@@H]1C)[C@H](C)CO,0.42,COc1cccc(NC(=O)N(C)C[C@@H]2OCc3cn(CCCC(=O)N(C[C@@H]2C)[C@H](C)CO)nn3)c1,0.05,NC(=O)c1cccc(N)c1,0.59,CC1CN(C(C)CO)C(=O)CCCn2nncc2COC1CN(C)CC1CCCCC1,0.1,Cn1nnnc1N1CCCC1
CC(C)OC(=O)N(C)C[C@H]1OCc2cnnn2CCCC(=O)N(C[C@H]1C)[C@@H](C)CO,0.23,CC(C)CC#Cc1ccc2c(O[C@@H](CN(C)C(=O)c3cnccn3)[C@@H](C)CN([C@@H](C)CO)S2(=O)=O)c1,0.42,COc1ccccc1NC(=O)N(C)C[C@@H]2OCc3cn(CCCC(=O)N(C[C@H]2C)[C@H](C)CO)nn3,0.44,CC1CN(C(C)CO)C(=O)CCCn2cc(nn2)COC1CN(C)C(=O)c1cccnc1,0.08,Cc1scnc1C(C)C
CC(C)Sc1nc2n(C)c(=O)[nH]c(=O)c2n1Cc3ccccc3,0.13,Oc1cc2CCC3NCc4ccccc4C3c2cc1O,0.16,Fc1ccc(Cc2n[nH]c(=O)c3ccccc23)cc1C(=O)N1CCN(CC1)C(=O)C1CC1,0.17,COC1CN(C)C(=O)c2cc(NC(=O)NC(C)C)ccc2OCC(C)N(Cc2ccccn2)CC1C,0.11,O=C(CC1OC(CO)C(OC(=O)Cc2cccc(Cl)c2)C(OC(=O)Cc2ccccc2)C1NC(=O)Cc1ccccc1)NCc1cccc(Cl)c1
CC(C)[C@H](O)CCC(C)C1CCC2C3CC=C4C[C@@H](O)CC[C@@]4(C)C3CC[C@@]12C,0.06,C1CCN(C1)c2nc(N3CCCC3)c4ccccc4n2,0.04,CN(C)CCOC(C)(c1ccccc1)c1ccccn1,0.1,Cc1ccc(S(=O)(=O)Nc2ccc3c(c2)C(=O)N(C(C)CO)CC(C)C(CN(C)C)OCCCCC(C)O3)cc1,0.07,CC1CN(C(C)CO)S(=O)(=O)c2ccc(C#CC(C)(C)O)cc2OC1CN(C)C(=O)Nc1cc(F)ccc1F
CC(C)c1cccc(NC(=O)C[C@H]2CC[C@H]3[C@@H](COc4ccc(NC(=O)c5cnccn5)cc4C(=O)N3C)O2)c1,0.17,OC[C@@H]1O[C@H](CC(=O)N2CCCCC2)C[C@H]3[C@@H]1Oc4ccc(NC(=O)NC5CCCC5)cc34,0.17,CCOc1cc(CC(=O)N[C@@H](CC(C)C)c2ccccc2N2CCCCC2)ccc1C(O)=O,0.26,CCCC(=O)Nc1ccc2c(c1)OCC(C)N(C(=O)c1cccnc1)CC(C)C(OC)CN(C)C2=O,0.1,CCCNC(=O)N1c2ccccc2CCC1CCO
CC(C)c1nnc(NC(=O)c2nc(ncc2Cl)S(=O)(=O)Cc3cccc(C)c3)s1,0.11,CC[Hg]Sc1ccccc1C(O)=O,0.1,OCCSC1=C(SCCO)C(=O)c2ccccc2C1=O,0.16,Cc1ccc(S(=O)(=O)Nc2ccc(C(=O)Nc3ccc(C(F)(F)F)cc3)cc2)cc1,0.05,CNCC12CCCCC1CCC13C(=O)CCC=C1CCC(C)C32
CC(Cc1ccc(O)c(O)c1)(NN)C(=O)O,0.15,CCN1CCC(CNC(=O)c2cc(ccc2OC)S(=O)(=O)N)C1,0.08,C[C@@H](CO)N1C[C@H](C)[C@@H](CN(C)S(=O)(=O)c2ccccc2)OCCCC[C@@H](C)Oc3ccc(NC(=O)CCCN(C)C)cc3C1=O,0.18,CC(=O)Oc1cc2ccc(C(C)(C)C)c(O)c2c(O)c1OC(C)(C)C,0.09,C=C(NC(=O)CC1CCC(NC(=O)c2ccncc2)C(CO)O1)c1ccccc1
CC/C(=C(c1ccc(O)cc1)/c2ccc(OCCN(C)C)cc2)/c3ccccc3,0.14,CSc1ccc2Sc3ccccc3N(CCC3CCCCN3C)c2c1,0.14,CSc1ccc2Sc3ccccc3N(CCC3CCCCN3C)c2c1,0.27,O=C(CCCN(Cc1ccc(C(F)(F)F)cc1)C(=O)c1ccccc1)NCc1ccc(Cl)cc1,0.04,CCCCCCCCCCCCCCCCCCC(=O)NC(CO)C(=O)O
CC1(C)O[C@@H]2CC3C4CCC5=CC(=O)C=C[C@]5(C)[C@@]4(F)[C@@H](O)C[C@]3(C)[C@@]2(O1)C(=O)CO,0.37,CCCC1O[C@@H]2C[C@H]3[C@@H]4CCC5=CC(=O)C=C[C@]5(C)[C@H]4[C@@H](O)C[C@]3(C)[C@@]2(O1)C(=O)CO,0.08,Cc1ccc(cc1)S(=O)(=O)NC(=O)NN1CCCCCC1,0.12,Cc1noc(C)c1NC(=O)NC1CCC(CC(=O)NC(C)c2ccccc2)OC1CO,0.08,CN(C)CCCCCCS(=O)(=O)N1CC(CO)CC1CO
CC1(C)O[C@@H]2C[C@H]3[C@@H]4CCC5=CC(=O)C=C[C@]5(C)[C@@]4(F)[C@@H](O)C[C@]3(C)[C@@]2(O1)C(=O)CO,0.08,OCC(NC(=O)C(Cl)Cl)C(O)c1ccc(cc1)[N+](=O)[O-],0.06,OC(=O)c1cccc(c1)-c1noc(n1)-c1ccccc1F,0.14,CN(C)c1ccc2c(c1)C1CC(CC(=O)NCC3CC3)OC(CO)C1O2,0.04,COc1cc(C(=O)OCCCCCCCCCCCCCCCCCCCCCCCCCCCCCCCCCCCCCCCCC(=O)O)cc(CCC(=O)O)c1OC
CC1(C)S[C@H]2[C@H](NC(=O)[C@H](NC(=O)N3CCNC3=O)c3ccccc3)C(=O)N2[C@H]1C(O)=O,0.12,CC(=O)OCC(=O)[C@@]12OC3(CCCC3)O[C@@H]1C[C@H]1[C@H]3CCC4=CC(=O)C=C[C@]4(C)[C@@]3(F)[C@@H](O)C[C@]21C,0.15,CCOC(=O)C1CCN(CC1)C(=O)C(C)(C)NC(=O)Nc1ccc(cc1)N(C)C,0.22,CC(NC(=O)CC1CCC(NC(=O)c2cccnc2)C(CO)O1)c1ccccc1,0.11,CNCC1Oc2cc(C#CC(C)(C)O)ccc2S(=O)(=O)N(C(C)CO)CC1C
CC12CCC3C(C2CCC1O)C(CCCCCCCCCS(=O)CCCC(F)(F)C(F)(F)F)Cc4cc(O)ccc34,0.05,CCC(c1ccccc1)=C(/c1ccccc1)c1ccc(OCCN(C)C)cc1,0.05,CCC(c1ccccc1)=C(/c1ccccc1)c1ccc(OCCN(C)C)cc1,0.15,CC1CCCCOC(CN(C)Cc2ccc(C(F)(F)F)cc2)C(C)CN(C(C)CO)C(=O)c2cc(NC(=O)CCC(F)(F)F)ccc2O1,0.09,CNCC1OCc2ccc(NS(C)(=O)=O)cc2C(=O)COCC(C)C(C)N(C(C)CO)CC1=O
CC12CCC3C(CCC4C(=O)C(=O)CCC34C)C2CCC1=O,0.25,C[C@]12CCC3C(CCC4=CC(=O)CC[C@H]34)C1CC[C@@]2(O)C#C,0.25,C[C@]12CCC3C(CCC4=CC(=O)CC[C@H]34)C1CC[C@@]2(O)C#C,0.09,CC1CN(C(C)CO)C(=O)CCCn2nncc2COC1CN(C)C(=O)c1ccccc1,0,c1ccncc1
CC1=C/CC[C@@]2(C)O[C@@H]2[C@H]2OC(=O)C(=C)[C@@H]2CC1,0.05,CN(C)/C=N/c1nnc(Sc2cc(C)nc3ccccc23)s1,0.05,CN(C)/C=N/c1nnc(Sc2cc(C)nc3ccccc23)s1,0.11,COCCN(C)CC1OCCCCC(C)Oc2ccc(NS(=O)(=O)CC#N)cc2C(=O)N(C(C)CO)CC1C,0.08,NCCCNC(=O)CC1OCCC2(CO)Oc3cccc(NS(=O)(=O)c4ccccc4F)c3C12
CC1=C/CC[C@@]2(C)O[C@H]2[C@H]2OC(=O)C(=C)[C@@H]2CC1,0.08,Cc1ccc(C=C2CNCC(=Cc3ccc(C)cc3)C2=O)cc1,0.05,[O-][N+](=O)c1ccc(/C=C(C#N)/c2nc3ccccc3[nH]2)o1,0.11,CNCC1OCCCCC(C)Oc2ccc(NS(=O)(=O)c3ccc(Cl)cc3)cc2C(=O)N(C(C)CO)CC1C,0.09,CN(C)C(=O)CC1CCC(NC(=O)Cc2cccnc2)C(CO)O1
CC1=C/CC[C@]2(C)OC2[C@H]2OC(=O)C(=C)[C@@H]2CC1,0.08,CCCNC(=O)[C@H]1O[C@@H]1C(=O)N[C@@H](C(C)CC)C(=O)N2CCC[C@H]2C(=O)OC,0.02,CCN(CC)C(=S)SSC(=S)N(CC)CC,0.1,CN(C)c1ccc2c(c1)C1CC(CC(=O)NCc3ccc(Cl)cc3)OC(CO)C1O2,0.04,CC(C)(c1ccccc1)C(N)C(=O)NCCCC(=O)Nc1ccc(C(F)(F)F)cc1
CC1=CCC[C@@]2(C)O[C@@H]2[C@H]2OC(=O)C(=C)[C@@H]2CC1,0.01,CCCCC/C=CC/C=CC/C=CC/C=CCCCC(=O)C(F)(F)F,0.09,CCCC[C@@H](C)C=C(C)C=C(/C)C(=O)NC1=C[C@@](O)(C=CC=CC=CC(=O)NC2C(=O)CCC2=O)[C@@H]2OC2C1=O,0.12,COC1CCC2CCOc3ccc(C#N)cc3C(=O)N(C)C(C)C(=O)N(C)CC1O2,0.08,Cc1c(C)c(C)c(CN2CCNCC2CC(=O)NC(C)C)c(C)c1C
CC1=CCC[C@@]2(C)O[C@H]2[C@@H]2OC(=O)C(=C)[C@@H]2CC1,0.03,Cn1nnnc1Sc2ncnc3scc(c4ccc(C#N)cc4)c23,0.05,CCCCC/C=C/C=C/1[C@@H](C/C=CCCCC(=O)O)C=CC1=O,0.11,CC(C)NC(=O)Nc1ccc2c(c1)CC(=O)N(C(C)CO)CC(C)C(CN(C)CC1CC1)O2,0.05,CC(C)(C)C(N)C(=O)Nc1cccnc1
CC1CC2C3CCC4=CC(=O)C=CC4(C)C3(F)C(O)CC2(C)C1(O)C(=O)CO,0.33,CC(=O)OCC(=O)[C@@]1(O)CCC2C3CCC4=CC(=O)CC[C@]4(C)[C@@]3(F)[C@@H](O)C[C@]12C,0.05,CN(C)CCc1c[nH]c2ccc(Cn3cncn3)cc12,0.12,CC1CN(C(C)CO)C(=O)CCCn2cc(nn2)COC1CN(C)Cc1ccc(C(F)(F)F)cc1,0.12,CC(C)CC#Cc1ccc2c(c1)OC(CN(C)CC1CCOCC1)C(C)CN(C(C)CO)S2(=O)=O
CC=Cc1cccc(c1)-c1nc(cc2CN([C@@H](CCO)c12)[S@@](=O)C(C)(C)C)C(=O)NCc1ccccc1,0.15,CCC(=O)Nc1ccc2OC[C@@H](C)N(Cc3ccncc3)C[C@@H](C)[C@H](CN(C)C(=O)c2c1)OC,0.21,CN(C)CCCSc1ccccc1NC(=O)C=Cc1ccccc1,0.19,CC1CN(C(C)CO)C(=O)c2c(c3ccccc3n2C)-c2ccccc2COC1CN(C)C(=O)Nc1ccc(C(F)(F)F)cc1,0.08,CC(C)C(=C(F)F)N1CCN(C(=O)c2cc(F)cc(F)c2F)CC1
CC=Cc1cccc(c1)-c1nc(cc2CN([C@H](CCO)c12)[S@](=O)C(C)(C)C)C(=O)NCc1ccccc1,0.64,CN(C)C(=O)c1cccc(c1)-c1cccc(c1)-c1nc(cc2CN([C@@H](CCO)c12)[S@@](=O)C(C)(C)C)C(=O)NCc1ccccc1,0.44,CN1CCN(CC1)C(=O)c1cc2CN([C@H](CCO)c2c(n1)-c1cccc(c1)-c1ccc(cc1)C#N)[S@](=O)C(C)(C)C,0.2,CC(C)(C)c1ccc(S(=O)(=O)NC2C=CC(CC(=O)NCc3ccc(F)cc3)OC2CO)cc1,0.16,CC1CN(C(C)CO)C(=O)Cc2cc(NC(=O)CCCN(C)C)ccc2OC1CN(C)Cc1ccc(C(F)(F)F)cc1
CCC(=O)N1[C@@H]([C@@H](CO)[C@@H]2Cn3c(ccc(-c4ccccc4OC)c3=O)[C@H]12)C(=O)NCCCN(C)C,0.1,C[C@H](O)[C@H](C)[C@@H]1O[C@H]1C[C@H]1CO[C@@H](CC(C)=CC(=O)OCCCCCCCCC(O)=O)[C@H](O)[C@@H]1O,0.13,CCCc1c(OCCCCc2nnn[nH]2)ccc(C(C)=O)c1O,0.32,CCN1C(C(=O)NCc2ccc(Oc3ccccc3)cc2)C(CO)C2Cn3c(ccc(-c4cccnc4)c3=O)C21,0.17,COc1ccc(C(=O)Nc2cccc(Cl)c2)cc1-c1ccc(C(=O)Nc2ccccc2C)cc1
CCC(=O)N1[C@H]([C@H](CO)[C@H]2Cn3c(ccc(-c4ccccc4OC)c3=O)[C@@H]12)C(=O)NCCCN(C)C,0.19,CO[C@@H](CN(C)S(=O)(=O)c1cccc(Cl)c1)[C@@H](C)CN([C@@H](C)CO)C(=O)Nc1ccccc1F,0.11,O=C1N(C[C@H]2CCCc3cccc1c23)[C@@H]1CN2CCC1CC2,0.22,CCc1ccc(C(=O)NC2CC(CO)N(C(=O)c3cccc(F)c3)C2C(=O)NCc2cccc(OC)c2)cc1,0.16,Cc1c(C)c(C)c(NC(=O)NCCNc2ccccc2)c(C)c1C
CCC(=O)O[C@H]1CCC2C3CCC4=CC(=O)CC[C@]4(C)C3CC[C@]12C,0.27,C[C@]12CCC3C(CCC4=CC(=O)CC[C@H]34)C1CC[C@@]2(O)C#C,0.22,C[C@]12CC[C@H]3[C@@H](CCc4cc(O)ccc34)[C@@H]1CC[C@@H]2O,0.13,CC(C)NC(=O)Nc1ccc2c(c1)C(=O)N(C(C)CO)CC(C)C(CN(C)CC1CC1)OCCCCC(C)O2,0.1,CCNC(=O)CC12COC(=O)c3cccc(NC(=O)c4cccc(F)c4)c3N(C)C1CCCO2
CCC(=O)O[C@H]1CC[C@H]2[C@@H]3CCC4=CC(=O)CC[C@]4(C)[C@H]3CC[C@]12C,0.22,C[C@@]12CC[C@H]3[C@@H](CCC4=C3CCC(=O)C4)[C@@H]2CC[C@@]1(O)C#C,0.27,C[C@]12CCC3C(CCC4=CC(=O)CC[C@H]34)C1CC[C@@]2(O)C#C,0.14,CC1CCCCOC(CN(C)C(=O)NC2CCCCC2)C(C)CN(C(C)CO)C(=O)c2cc(N(C)C)ccc2O1,0.02,OC(c1ccccc1)(c1ccncc1)c1cccc(C(F)(F)F)c1
CCC(C)(C)C(=O)OC1CC(C)C=C2C=CC(C)C(CCC3CC(O)CC(=O)O3)C12,0.07,CC(C)c1c(C(=O)Nc2ccccc2)c(c(-c2ccc(F)cc2)n1CC[C@@H](O)C[C@@H](O)CC(O)=O)-c1ccccc1,0.07,CC(C)c1c(C(=O)Nc2ccccc2)c(c(-c2ccc(F)cc2)n1CC[C@@H](O)C[C@@H](O)CC(O)=O)-c1ccccc1,0.13,COc1ccc(NC(=O)N(C)CC2OCc3cn(nn3)CCCC(=O)N(C(C)CO)CC2C)cc1,0.07,Cc1cccc(NC(=O)c2ccccc2C(=O)O)c1
CCC(C)(C)C(=O)O[C@H]1C[C@@H](C)C=C2C=C[C@H](C)[C@@H](CC[C@@H]3C[C@@H](O)CC(=O)O3)[C@H]12,0.1,OC[C@@H]1O[C@H](CC(=O)N2CCOCC2)C=C[C@H]1NC(=O)NC1CCCCC1,0.09,COC(=O)C1=C(C)N=C(C)C(C1c1cccc(c1)[N+]([O-])=O)C(=O)OCCN(C)Cc1ccccc1,0.15,CCCCCC(=O)Nc1ccc2c(c1)C(=O)N(C)CC(OC)C(C)CN(C(=O)c1ccccn1)C(C)CO2,0.01,C=O
CCC(C)(C)C(=O)O[C@H]1C[C@@H](C)C=C2C=C[C@H](C)[C@H](CC[C@@H]3C[C@@H](O)CC(=O)O3)[C@@H]12,0.07,CC(C)c1c(C(=O)Nc2ccccc2)c(c(-c2ccc(F)cc2)n1CC[C@@H](O)C[C@@H](O)CC(O)=O)-c1ccccc1,0.1,C[C@H]1CN(C[C@@H](C)O1)c1ccc(NC(=O)c2cccc(-c3ccc(OC(F)(F)F)cc3)c2C)cn1,0.13,CC1CCCCOC(CN(C)S(=O)(=O)c2ccccc2)C(C)CN(C(C)CO)C(=O)c2cc(NC(=O)CCC(F)(F)F)ccc2O1,0.12,CN(C)CCCNC(=O)CC1OCC(CO)C=C1NC(=O)C1CC1
CCC(C)(N(Cc1cccs1)C(=O)c2ccccn2)C(=O)NC3CCCC3,0.07,CC(C=CC=C(C)C=CC1=C(C)CCCC1(C)C)=C/CO,0.09,CCCc1c(OCCCCc2nnn[nH]2)ccc(C(C)=O)c1O,0.15,CCCNC(=O)CC1CC2c3cc(NC(=O)c4cccnc4)ccc3OC2C(CO)O1,0.13,CN1CC(=O)COCC2OCC(CC(=O)NCc3cccc(F)c3)CC21
CCC(CC)(CC(=O)Nc1cccc(C=Cc2nc(cs2)C3CCC3)c1)C(=O)O,0.1,CCCCC[C@H](O)/C=C/[C@H]1C=CC(=O)[C@@H]1CCCCCCC(=O)O,0.12,CC(C)Cc1ccc(cc1)C(C)C(O)=O,0.19,COc1ccccc1CNC(=O)CC1CC2c3cc(NC(=O)C4CC4)ccc3OC2C(CO)O1,0.15,CN(C)CCCNC(=O)CC12OCCCC1(CO)Oc1cccc(NS(=O)(=O)c3c(F)cccc3F)c12
CCC1CCC2OC3(CC[C@@H](C)C(C[C@H](C)O)O3)[C@H](C)C(OC(=O)C=C[C@@H](C)[C@H](O)[C@@H](C)C(=O)[C@H](C)[C@@H](O)[C@H](C)C(=O)[C@@](C)(O)[C@H](O)[C@@H](C)CC=CC=C1)[C@H]2C,0.07,Oc1ccc(C[C@@H]2N3[C@H](CN(Cc4cccc5ccccc45)C2=O)N(CCC3=O)C(=O)NCc2ccccc2)cc1,0.04,Clc1cc(Cl)c(OCC(=O)NN=Cc2ccc[nH]2)c(Cl)c1,0.13,CC1CN(C(C)CO)S(=O)(=O)c2ccc(-c3cccc(C(=O)N(C)C)c3)cc2OC1CN(C)CC1CC1,0.11,CCCCCC(=O)Nc1cccc2c1C(=O)N(Cc1cccc(F)c1)C(C)C(=O)C(C)CN(C(=O)C(C)C)CCO2
CCCC(C(=O)OCCN(CC)CC)(c1ccccc1)c1ccccc1,0.09,COc1cc2CCN(C)[C@H]3Cc4ccc(Oc5c(O)c(OC)cc6CC[N+](C)(C)[C@H](Cc7ccc(O)c(Oc1cc23)c7)c56)cc4,0.11,CCCN1CCc2cccc-3c2[C@H]1Cc4ccc(O)c(O)c43,0.24,CCCNC(=O)NCCCNC(=O)CCNC(=O)c1ccccc1-c1ccccc1,0.13,COc1ccc(S(=O)(=O)N(C)CC2OCC(=O)C(=O)c3cc(NS(C)(=O)=O)ccc3OC(CN(C)Cc3ccccn3)CCNC(OC(=O)c3ccccc3F)C2C)cc1
CCCCCC(=O)O[C@@]1(CCC2C3CCC4=CC(=O)CC[C@]4(C)C3CC[C@]12C)C(C)=O,0.07,CC(C)N(CCC(C(N)=O)(c1ccccc1)c1ccccn1)C(C)C,0.07,CC(C)N(CCC(C(N)=O)(c1ccccc1)c1ccccn1)C(C)C,0.13,CC1CCCCOC(CN(C)CC2CCCCC2)C(C)CN(C(C)CO)C(=O)c2cc(NS(C)(=O)=O)ccc2O1,0.1,CC(N)CNC(=O)CC1OCC(NC(=O)Cn2cnnn2)CC1CO
CCCCCCCCc1ccc(cc1)-c1ccc(cc1)C(O)=O,0.06,NC(=N)NC(=O)c1nc(Cl)c(N)nc1N,0.06,NC(=N)NC(=O)c1nc(Cl)c(N)nc1N,0.21,CC(C)(C)c1ccc(C(=O)NC(CC(=O)O)C(=O)NC2CCN(Cc3ccc(F)cc3)C2)cc1,0.05,CC1=CN2N=NC(CCN(C(C)CO)CCCOC1=O)C2C
CCCCc1cc2ccccc2c(OCCN(C)C)n1,0.08,NS(=O)(=O)c1cc2c(cc1Cl)N=CNS2(=O)=O,0.14,COc1ccc(cc1)C(CN(C)C)C1(O)CCCCC1,0.16,COc1ccc(CN(C)CC2Oc3c(NC(=O)CCCN(C)C)cccc3C(=O)N(C(C)CO)CC2C)cc1,0.02,CCCCCCCCCCCCCCCCCCCCCCCCCCCCCCCCCCCCCCCCCCCCCCCCCCCCCCCCCCCCCCCCCCCCCCCCCCCCCCCCCCCCCCCCCCCCCCCCCCCCC
CCCN(CC=CI)C1CCc2ccc(O)cc2C1,0.07,FC(F)(F)c1ccc2Sc3ccccc3Nc2c1,0.1,CC(C)Cc1ccc(cc1)C(C)C(O)=O,0.12,Cc1ccc(C)c(S(=O)(=O)NC2CCN(Cc3cccs3)C2)c1,0.12,NCCCCCCC(=O)Nc1ccc(O)c(O)c1
CCCN1C[C@H](CSC)C[C@H]2[C@H]1Cc1c[nH]c3cccc2c13,0.11,Clc1ccc2c(CCc3cccnc3C2=C2CCNCC2)c1,0.11,CN(C)CCCC1(OCc2cc(ccc12)C#N)c1ccc(F)cc1,0.14,CC(C)(C)S(=O)Nc1ccc2c(c1)C1CC(CC(=O)NCc3cccc(F)c3)OC(CO)C1O2,0.11,CN1C(=O)c2cc(NS(=O)(=O)c3ccc(F)cc3)ccc2OCC2OC(CC(=O)NCCc3ccncc3)CCC21
CCCN1[C@H]2CN(Cc3ccc(F)cc3)C[C@@H]1[C@H]2c1ccccc1,0.07,CC(=O)O[C@@]1(CCC2C3C=C(Cl)C4=CC(=O)CC[C@]4(C)C3CC[C@@]21C)C(=O)C,0.13,CC(C)Cc1ccc(cc1)C(C)C(O)=O,0.22,CC(NC(=O)CC1CC2c3cc(NS(=O)(=O)c4ccc(F)cc4)ccc3OC2C(CO)O1)c1ccccc1,0.19,CCN1CCN(C(=O)CC2CC3c4c(NS(=O)(=O)c5ccccc5F)cccc4OC3C(CO)O2)CC1
CCCNC(=O)N1[C@@H](CO)[C@@H]([C@@H]1C#N)c1ccc(cc1)C1=CCCCC1,0.13,C[C@H](CO)N1C[C@@H](C)[C@@H](CN(C)Cc2ccc3OCCOc3c2)OCc4cnnn4CCCC1=O,0.1,Nc1ccc(cc1)S(=O)(=O)c1ccc(N)cc1,0.2,CCNC(=O)CC1CCC(NC(=O)c2ccc(F)cc2)C(CO)O1,0.18,CCCNC(=O)N(C)CC1Oc2cc(-c3ccccc3C(=O)N(C)C)ccc2S(=O)(=O)N(C(C)CO)CC1C
CCCNC(=O)N1[C@@H](CO)[C@@H]([C@H]1C#N)c1ccc(cc1)C1=CCCCC1,0.15,C[C@H](NC(=O)C[C@H]1CC[C@H]2[C@@H](COC[C@H](O)CN2C(=O)Nc2cccc(Cl)c2)O1)c1ccccc1,0.1,COCC(=O)NCC=Cc1ccc2ncnc(Nc3ccc(Oc4ccc(C)nc4)c(C)c3)c2c1,0.19,CCCNC(=O)CC1CC2c3cc(NC(=O)c4ccc5c(c4)OCO5)ccc3OC2C(CO)O1,0.12,CC1CN(C(C)CO)C(=O)c2c(c3ccccc3n2C)-c2ccccc2COC1CN(C)C(=O)c1ccc(C(F)(F)F)cc1
CCCNC(=O)N1[C@@H](CO)[C@H]([C@@H]1C#N)c1ccc(cc1)C1=CCCCC1,0.15,CN(C)C(=O)C[C@H]1C[C@H]2[C@H](Oc3ccc(NC(=O)c4cccnc4)cc23)[C@@H](CO)O1,0.11,Nc1cccc(c1)S(=O)(=O)N1CCCN(CC1)S(=O)(=O)c1ccc2OCCOc2c1,0.19,CCCNC(=O)N1CC(C)C(OC)CN(C)C(=O)c2cc(NS(=O)(=O)c3ccc(C)cc3)ccc2OCC1C,0.1,CN(C)CC#Cc1cc2c(nc1C(=O)NCc1c(F)c(F)c(F)c(F)c1F)CN(S(=O)C(C)(C)C)C2CCO
CCCNC(=O)N1[C@@H](CO)[C@H]([C@H]1C#N)c1ccc(cc1)C1=CCCCC1,0.13,C[C@@H]1CCn2cc(COC[C@@H](Cc3ccccc3)NC1=O)nn2,0.11,CCOC(=O)C1=C(C)NC(C)=C(C1c1cccc(c1)[N+]([O-])=O)C(=O)OC,0.18,CC(C)(C)c1ccc(C(=O)NCCCN2CCOCC2)cc1,0.18,COc1ccc(-c2ccc(C(=O)Nc3ccc(C(=O)NCCCN4CCCCC4)cc3)cc2)cc1
CCCNC(=O)N1[C@@H]2Cn3c(cccc3=O)[C@H]1[C@H]([C@@H]2CO)C(=O)N1CCC(Cc2ccccc2)CC1,0.08,C[C@H](O)[C@H](C)[C@@H]1O[C@H]1C[C@H]1CO[C@@H](CC(C)=CC(=O)OCCCCCCCCC(O)=O)[C@H](O)[C@@H]1O,0.16,Cc1cccc(Nc2ccccc2C(O)=O)c1C,0.22,COc1ccc(NC(=O)Nc2ccc3c(c2)C2CC(CC(=O)NCCc4ccccc4)OC(CO)C2O3)cc1,0.15,CCC(C)C(=O)Nc1nc(C)nc2ccc(C(=O)NCCCN3CCOCC3)cc12
CCCNC(=O)N1[C@H](CO)[C@@H]([C@@H]1C#N)c1ccc(cc1)C1=CCCCC1,0.14,OC[C@@H]1O[C@H](CCn2cc(Cc3ccccc3)nn2)CC[C@H]1NS(=O)(=O)c1ccccc1F,0.12,Oc1ccc(cc1)-c1coc2cc(O)cc(O)c2c1=O,0.17,CCCNC(=O)Nc1ccc2c(c1)C(=O)N(C)CC(OC)C(C)CN(C(=O)CC)C(C)CO2,0.15,CCCCCC(=O)OCc1ccc(-c2n[nH]c(-c3cccc(F)c3)n2)cc1
CCCNC(=O)N1[C@H](CO)[C@H]([C@@H]1C#N)c1ccc(cc1)C1=CCCCC1,0.16,CN(C)C(=O)c1ccc(cc1)-c1cccc(c1)-c1nc(cc2CN([C@H](CCO)c12)[S@](=O)C(C)(C)C)C(=O)NC1CCCC1,0.12,Cc1ccc(C)c(OCCCC(C)(C)C(O)=O)c1,0.19,CCCNC(=O)N1CC(C)C(OC)CN(C)C(=O)c2cc(NC(=O)c3ccccc3OC)ccc2OCC1C,0.19,CCCNC(=O)NC1CCC(CC(=O)NCCc2ccccc2)OC1CO
CCCNC(=O)N1[C@H](CO)[C@H]([C@H]1C#N)c1ccc(cc1)C1=CCCCC1,0.13,C[C@@H](CO)N1C[C@@H](C)[C@H](CN(C)Cc2ccncc2)Oc3c(NC(=O)Nc4c(C)noc4C)cccc3C1=O,0.13,CC(C)NC(=O)Nc1ccc2O[C@@H](CN(C)C)[C@@H](C)CN([C@@H](C)CO)C(=O)Cc2c1,0.17,CNC(=O)CC1CCC(NS(=O)(=O)c2ccc(F)cc2)C(CO)O1,0.12,CN1C(=O)c2cc(NS(=O)(=O)c3cccc(F)c3)ccc2OCC2OC(CC(=O)NC3CCN(Cc4ccccc4)C3)CCC21
CCCNC(=O)N1[C@H]2Cn3c(cccc3=O)[C@@H]1[C@@H]([C@H]2CO)C(=O)N1CCC(Cc2ccccc2)CC1,0.3,OC[C@H]1[C@@H]2Cn3c(ccc(-c4ccncc4)c3=O)[C@H]([C@@H]1C(O)=O)N2C(=O)C1CC1,0.1,COc1ccc(OC)c(c1)C(O)CNC(=O)CN,0.27,CCCNC(=O)CC1CCC(C(=O)NCCc2ccccc2)C(NC(=O)c2ccccc2F)O1,0.26,O=C(CC1CCC(CO)OC1NC(=O)Cc1ccccc1)NCc1ccc(F)cc1
CCCS(=O)(=O)Nc1ccc(F)c(C(=O)c2c[nH]c3ncc(Cl)cc23)c1F,0.69,CCCS(=O)(=O)Nc1ccc(F)c(C(=O)c2c[nH]c3ncc(cc23)-c2ccc(Cl)cc2)c1F,0.69,CCCS(=O)(=O)Nc1ccc(F)c(C(=O)c2c[nH]c3ncc(cc23)-c2ccc(Cl)cc2)c1F,0.15,CCCCOc1ccc(C(=O)O)c(C=Cc2ccc(O)cc2)c1,0.1,COc1ccccc1CNC(=O)N(C)CC1OCc2ccccc2-c2ccccc2C(=O)N(C(C)CO)CC1C
CCN(CC)CC(C(=O)c1ccc(F)cc1)c1ccccc1,0.51,Fc1ccc(cc1)C(=O)C(CN1CCCCC1)c1ccccc1,0.51,Fc1ccc(cc1)C(=O)C(CN1CCCCC1)c1ccccc1,0.23,CC(NC(=O)CC1C=CC(NC(=O)c2ccc3c(c2)OCO3)C(CO)O1)c1ccccc1,0.14,COc1ccccc1NC(=O)NC1CCC(CCNS(C)(=O)=O)OC1CO
CCN(CC)CC1CCN(CC1)c1ncc2ncnc(Nc3ccc(F)c(Cl)c3)c2n1,0.14,CSc1ccc2Sc3ccccc3N(CCC3CCCCN3C)c2c1,0.14,CSc1ccc2Sc3ccccc3N(CCC3CCCCN3C)c2c1,0.15,COc1ccc2c3c(n(C)c2c1)C(CO)NCC31CCN(Cc2ccc(Cl)c(Cl)c2)CC1,0.11,CCOc1ccccc1CNC(=O)CC1CCC2c3cccc(NC(=O)Cc4ccncc4)c3OC2(CO)O1
CCN(CC)CCNC(=O)COc1ccc(OC)cc1,0.04,C[C@]12CCC3C(CCC4=CC(=O)CC[C@H]34)C1CC[C@@]2(O)C#C,0.06,CC(=O)[C@H]1CC[C@H]2[C@@H]3CCC4=CC(=O)CC[C@]4(C)[C@H]3CC[C@]12C,0.17,COc1ccc(CNC(=O)CC2CC3c4cc(NC(=O)c5cccnc5)ccc4OC3C(CO)O2)cc1,0.12,CN(C)CCCNC(=O)CC12OCCCC1C(O)(C(=O)N(C)C)OCC(=O)CN2C
CCN(CC)CCNC(=O)c1ccc(N)cc1,0.11,CC(=O)CCCCn1c(=O)n(C)c2ncn(C)c2c1=O,0.08,Cc1cn([C@@H]2O[C@H](CO)C=C2)c(=O)[nH]c1=O,0.21,COc1ccccc1C=NNC(=O)c1ccc(C(=O)Nc2ccc(C(=O)NCCCN(C)C)cc2)cc1,0.15,Cc1cc(NC(=O)N(C)Cc2ccc(Cl)cc2Cl)no1
CCN1CCN(CC1)c1nc2ccccc2nc1C(C#N)C(=O)OC1CCCCC1,0.09,COc1cc2CCN(C)[C@@H]3Cc4ccc(OC(=O)c5ccc(cc5)[N+](=O)[O-])c(Oc6ccc(C[C@@H]7N(C)CCc8cc(OC)c(Oc(c1OC)c32)cc78)cc6)c4,0.1,CCC(c1ccccc1)=C(/c1ccccc1)c1ccc(OCCN(C)C)cc1,0.16,CC1CN(C(C)CO)S(=O)(=O)c2ccc(C#CC(C)(C)C)cc2OC1CN(C)C(=O)NC1CCCCC1,0.1,COc1ccc2c3c(n(C)c2c1)C(C(=O)NCc1cccc(F)c1)N(S(=O)(=O)c1cccc(C)c1)C(CO)C3
CCNC(=O)c1cc2CN([C@@H](CCO)c2c(n1)-c1cccc(c1)-c1cccc(F)c1)[S@@](=O)C(C)(C)C,0.83,CCNC(=O)c1cc2CN([C@@H](CCO)c2c(n1)-c1cccc(c1)-c1cccc(OC)c1)[S@@](=O)C(C)(C)C,0.17,CN1CCN(CC1)c1ccc(Nc2ncc3c(n2)n(-c2cccc(n2)C(C)(C)O)n(CC=C)c3=O)cc1,0.49,CC(C)(C)S(=O)N1Cc2cc(C(=O)NC3CCCCC3)nc(-c3cccc(C#Cc4ccccc4F)c3)c2C1CCO,0.16,COc1ccccc1CN1CCN(CCCNC(=O)c2cc(C)on2)CC1
CCNC(=O)c1cc2CN([C@H](CCO)c2c(n1)-c1cccc(c1)-c1cccc(F)c1)[S@](=O)C(C)(C)C,0.53,CC(C)(C)[S@@](=O)N1Cc2cc(nc(c2[C@H]1CCO)-c1cccc(c1)-c1ccc(cc1)C#N)C(=O)N1CCCCC1,0.17,COC(=O)C1=C(C)NC(C)=C(C1c1cccc(c1)[N+]([O-])=O)C(=O)OCCN(C)Cc1ccccc1,0.19,CC(C)(C)S(=O)Nc1ccc(C(=O)NCCCNCCCCNC(=O)c2cccc(C#N)c2)cc1,0.17,Cc1ccccc1CN(C)CC1OCC(=O)CCCOc2cc(N(C)C)c(O)cc2C(C)Nc2ccc(NC(=O)NCCN(C)C)cc21
CCOc1cc(ccc1Nc1ncc2N(C)C(=O)c3ccccc3N(C)c2n1)N1CCC(O)CC1,0.16,CC(=O)Nc1ccc(CNc2ncnc3ccc(cc23)c4c(C)noc4C)cc1,0.14,CC(Nc1ncnc2ccc(cc12)c3c(C)noc3C)c4ccco4,0.19,CCCNC(=O)Nc1ccc2c(c1)C(=O)N(C)CC(OC)C(C)CN(C(=O)c1ccccc1)C(C)CO2,0.07,COc1c(C)c(C)c(C)c(C)c1S(N)(=O)=O
CCOc1ccc(CCNC(=O)c2ccccn2)cc1OCC,0.19,Cc1ccc(OCCOc2ccc(Cl)cc2Cl)c(Br)n1,0.14,CN(C)CCCC1(OCc2cc(ccc12)C#N)c1ccc(F)cc1,0.22,CN(C)c1ccc2c(c1)C1CC(CC(=O)NCc3ccccn3)OC(CO)C1O2,0.15,CCCNC(=O)Nc1ccc2c(c1)C(=O)N(C)CCC(OC)C(C)N(C(=O)c1ccc(F)cc1)C(C)CO2
CCOc1ccc(NC(=O)CN2CCN(CC(=O)Nc3cc(OC)cc(OC)c3)CC2)cc1,0.14,C[C@@H](CO)N1C[C@H](C)[C@H](CN(C)C(=O)CCCN(C)C)OCCCC[C@@H](C)Oc2ccc(NS(=O)(=O)c3cccs3)cc2C1=O,0.14,CCN(CC)CC(=O)Nc1c(C)cccc1C,0.19,COC(CN(C)C(=O)c1ccc2c(c1)OCO2)C(C)CN(C(=O)Nc1ccc(F)cc1)C(C)CO,0.22,COc1ccc2c3c(n(C)c2c1)C1(CN(C(=O)Cc2ccncc2)C1)N(C(=O)Nc1cc(Cl)c(Cl)c(OC)c1)C(CO)C3
CCOc1ccc(cc1)-c1nc(CSCC(=O)NC2CCC2)c(C)o1,0.12,CN(C)CCOC(c1ccc(Cl)cc1)c1ccccn1,0.16,Cc1noc(NS(=O)(=O)c2ccc(N)cc2)c1C,0.17,COc1ccc(CNC(=O)CC2CC3c4cc(NC(=O)Nc5c(C)noc5C)ccc4OC3C(CO)O2)cc1,0.13,COC(CN(C)S(=O)(=O)c1ccc(C)cc1)C(C)CN(C(=O)Nc1ccc(F)cc1)C(C)CO
CCOc1ccc(cc1)c2nc(CSCC(=O)NCc3ccco3)c(C)o2,0.17,Cc1nc(CNc2ncnc3ccc(cc23)-c2ccc3OCOc3c2)cs1,0.07,Clc1cccc(Cl)c1N=C1NCCN1,0.23,CCOc1ccc(C(=O)N2CC(CO)C(C(=O)Nc3ccc(-c4ccccc4)cc3)C2)cc1,0.11,O=C(c1cc(O)c(O)c(O)c1O)c1cc(O)c(O)c(C(c2ccccc2)c2ccccc2)c1O
CCOc1ccccc1CNc2ncnc3ccc(cc23)c4c(C)noc4C,0.61,Cc1ccsc1CNc2ncnc3ccc(cc23)c4c(C)noc4C,0.61,Cc1ccsc1CNc2ncnc3ccc(cc23)c4c(C)noc4C,0.19,COc1ccccc1CNC(=O)CC1CC2c3cc(NS(=O)(=O)c4ccc(F)cc4)ccc3OC2C(CO)O1,0.11,CC(CO)N1CC(=O)CCn2cc(nn2)C(CN(C)Cc2ccc(C(=O)O)cc2)OC(CN(C)Cc2ccc(C(=O)O)cc2)C(=O)C1
CCS(=O)(=O)N1CCC[C@@H]2CN3CCc4cc(OC)ccc4[C@@H]3C[C@H]12,0.19,Clc1ccc(cc1)S(=O)(=O)N[C@@H]1CCCC[C@@H]1N1CCOCC1,0.13,Cc1nccn1CC1CCc2c(C1=O)c1ccccc1n2C,0.17,CCCNC(=O)Nc1ccc2c(c1)C(=O)N(C)CC(OC)C(C)CN(C(=O)CN1CCOCC1)C(C)CO2,0.1,CN(C)C(=O)CC12OCCC(CO)C1Oc1cccc(NC(=O)Nc3ccccc3)c12
CC[N+](C)(CC)CCC[n+]1c(-c2ccccc2)c2cc(N)ccc2c2ccc(N)cc12,0.11,CC1CC(CC(C)(C)N1C)OC(=O)C(O)c1ccccc1,0.06,CON=C(C(=O)N[C@@H]1[C@H]2SCC(COC(N)=O)=C(N2C1=O)C(O)=O)c1ccco1,0.16,CC1CN(C(C)CO)C(=O)c2c(c3ccccc3n2C)-c2ccccc2COC1CN(C)C(=O)c1cccc(C(F)(F)F)c1,0.09,CCOC(=O)CC1OCC2Oc3ccc(NC(=O)CN(C)C)cc3C2C1CO
CCc1nc2sc3CCCCc3c2c(=O)n1NC(=O)CCl,0.05,COP(=O)(OC)OC(c1ccc(Cl)cc1)P(=O)(OC)OC,0.06,CN(C)CCCC1(OCc2cc(ccc12)C#N)c1ccc(F)cc1,0.11,CC1CCCCOC(CN(C)C(=O)CCC(F)(F)F)C(C)CN(C(C)CO)C(=O)c2cc(NC(=O)c3ccncc3)ccc2O1,0.1,COC1CN(C)C(=O)c2cc(NC(=O)C3CC3)ccc2OCC(C)NCC1C
CCn1c(COc2c(C)cccc2C)nnc1SCC(=O)N3CCN(CC3)c4ccccc4,0.16,C[C@H](CO)N1C[C@H](C)[C@@H](CN(C)S(=O)(=O)c2ccccc2)OCCCC[C@@H](C)Oc3ccc(NC(=O)CCCN(C)C)cc3C1=O,0.16,Oc1nc2ccccc2nc1c3ccccc3NC(=O)c4cccs4,0.18,CC(C)NC(=O)N(C)CC1Oc2c(NC(=O)Cc3ccccc3)cccc2C(=O)N(C(C)CO)CC1C,0.18,Cc1c(C)c(C)c(NC(=O)CN2CCN(c3nnnn3C)CC2)c(C)c1C
CCn1cc(C(O)=O)c(=O)c2cc3OCOc3cc12,0.14,CCC(=O)C1(CC(C)(C)OC1=O)Sc1nc2ccccc2[nH]1,0.14,CCC(=O)C1(CC(C)(C)OC1=O)Sc1nc2ccccc2[nH]1,0.18,COc1ccc(CNC(=O)CC2CC3c4cc(NC(=O)c5ccc6c(c5)OCO6)ccc4OC3C(CO)O2)cc1,0.13,CNC(=O)CC1OCCC2(CO)Oc3c(NS(=O)(=O)c4cc(F)cc(F)c4F)cccc3C12
CN(C)C(=O)C[C@@H]1CC[C@@H]2[C@H](COC[C@@H](O)CN2Cc2ccc(cc2)C(F)(F)F)O1,0.3,COc1ccccc1NC(=O)N1C[C@@H](O)COC[C@@H]2O[C@@H](CC(=O)N3CCC(Cc4ccccc4)CC3)CC[C@@H]12,0.07,Oc1ccc(cc1)C=Cc1cc(O)cc(O)c1,0.24,CC1CN(C(C)CO)C(=O)CCCn2cc(nn2)COC1CN(C)C(=O)c1ccc(C(F)(F)F)cc1,0.13,CC1CN(C(C)CO)S(=O)(=O)c2ccc(C#Cc3ccccc3C(=O)N(C)C)cc2OC1CN(C)C(=O)c1ccncc1
CN(C)C(=O)C[C@@H]1CC[C@@H]2[C@H](COC[C@H](O)CN2Cc2ccc(cc2)C(F)(F)F)O1,0.16,C[C@H](CO)N1C[C@H](C)[C@H](CN(C)CC2CC2)OCCCC[C@@H](C)Oc3ccc(NS(=O)(=O)c4ccc(F)cc4)cc3C1=O,0.12,CN(C)CCOC(C)(c1ccccc1)c1ccccn1,0.26,CN1CCN(C(=O)CC2OC(CO)CC=C2NC(=O)Nc2ccc(C(F)(F)F)cc2)CC1,0.02,CN(C)CCCCCCCCCCCCCCCCCCCCCCCCCCCCCCCCCCCCCCCCCCCCCCCCCCCCCCCCCCCCCCCCCCCCC(=O)NCCCCCCCCCCCCCCCCCCCCCC=O
CN(C)C(=O)C[C@@H]1CC[C@H]2[C@@H](COC[C@@H](O)CN2Cc2ccc(cc2)C(F)(F)F)O1,0.27,O[C@H]1CN[C@@H]2CC[C@H](CC(=O)Nc3ccc(cc3)-c3ccccc3)O[C@H]2COC1,0.08,OCCn1cc(cn1)-c1cnc2nnn(Cc3ccc4ncccc4c3)c2n1,0.25,CC(C)NC(=O)Nc1ccc2c(c1)C(=O)N(C(C)CO)CC(C)C(CN(C)Cc1ccc(C(F)(F)F)cc1)OCCCCC(C)O2,0.04,CCNC(=O)CNC(=O)CNC(=O)CNC(=O)CNC(=O)CNC(=O)CNC(=O)CNC(=O)CNC(=O)CNC(=O)CNC(=O)CNC(=O)CNC(=O)CNC(=O)CNC(=O)C1CCCCC1NC(=O)CC
CN(C)C(=O)C[C@@H]1CC[C@H]2[C@@H](COC[C@H](O)CN2Cc2ccc(cc2)C(F)(F)F)O1,0.26,O[C@H]1CN[C@@H]2CC[C@@H](CC(=O)NC3Cc4ccccc4C3)O[C@H]2COC1,0.14,CC(CC(C(N)=O)(c1ccccc1)c1ccccc1)N(C)C,0.26,CC1CN(C(C)CO)C(=O)CCCn2cc(nn2)COC1CN(C)Cc1ccc(C(F)(F)F)cc1,0,[NH3+][O-]
CN(C)C(=O)C[C@H]1CC[C@@H]2[C@H](COC[C@@H](O)CN2Cc2ccc(cc2)C(F)(F)F)O1,0.32,COc1ccccc1CNC(=O)C[C@H]1CC[C@H]2[C@@H](COC[C@@H](O)CN2C(=O)Nc2ccc(F)cc2)O1,0.1,CCCNCC(O)COc1ccccc1C(=O)CCc1ccccc1,0.45,COc1ccc(CNC(=O)CC2CCC3C(COCC(O)CN3Cc3ccc(Cl)c(Cl)c3)O2)cc1,0.1,COCC#Cc1cnc2c(c1)OCC(C)C(CN(C)S(=O)(=O)c1cn(C)cn1)N(C(C)CO)S2(=O)=O
CN(C)C(=O)C[C@H]1CC[C@@H]2[C@H](COC[C@H](O)CN2Cc2ccc(cc2)C(F)(F)F)O1,0.14,OC[C@@H]1[C@H]2Cn3c(ccc(C4=CCCC4)c3=O)[C@@H]([C@H]1C(=O)NC1CCCC1)N2C(=O)c1ccccc1,0.1,COC(=O)c1c(C)[nH]c(C)c1C(=O)c1ccccc1Cc1ccccc1,0.24,CC(C)NC(=O)Nc1ccc2c(c1)CC(=O)N(C(C)CO)CC(C)C(CN(C)Cc1ccc(C(F)(F)F)cc1)O2,0.13,CCCNC(=O)Nc1ccc2c(c1)C(=O)N(C)CC(OC)C(C)CN(C(=O)c1ccccn1)C(C)CO2
CN(C)C(=O)C[C@H]1CC[C@H]2[C@@H](COC[C@@H](O)CN2Cc2ccc(cc2)C(F)(F)F)O1,0.22,CN1[C@H]2CC[C@@H](CC(=O)NCc3ccc(cc3)-c3ccccc3)O[C@H]2COc2ccc(NS(C)(=O)=O)cc2C1=O,0.1,CCC(c1ccccc1)=C(/c1ccccc1)c1ccc(OCCN(C)C)cc1,0.24,CC(C)NC(=O)Nc1ccc2c(c1)CC(=O)N(C(C)CO)CC(C)C(CN(C)Cc1ccc(C(F)(F)F)cc1)O2,0.13,CC(C)CC#Cc1ccc2c(c1)OC(CN(C)C(=O)COc1ccccc1)C(C)CN(C(C)CO)S2(=O)=O
CN(C)C(=O)C[C@H]1CC[C@H]2[C@@H](COC[C@H](O)CN2Cc2ccc(cc2)C(F)(F)F)O1,0.41,O[C@@H]1COC[C@@H]2O[C@@H](CC(=O)N3CCOCC3)CC[C@H]2N(Cc2cccc(c2)-c2ccncc2)C1,0.16,CC(C)Cc1ccc(cc1)C(C)C(O)=O,0.39,CCNC(=O)CC1CCC2C(COCC(O)CN2S(=O)(=O)c2ccc(C)cc2)O1,0.09,CC(C)(C)CC(=O)NCCC1CC(C(=O)NCCCCCC(=O)NCC(O)CO)NC12C(=O)C(=O)N1CCCC12
CN(C)C(=O)c1cccc(c1)-c1ccc2[C@@H]3N[C@@H]([C@@H](CO)[C@@H]3Cn2c1=O)C(=O)NCC1CC1,0.16,CCCN(C)C[C@@H]1OCCCC[C@@H](C)Oc2ccc(NC(=O)NC(C)C)cc2C(=O)N(C[C@@H]1C)[C@@H](C)CO,0.1,CC(=O)CCCCn1c(=O)n(C)c2ncn(C)c2c1=O,0.26,CC1CN(C(C)CO)S(=O)(=O)c2ccc(-c3cccc(C(=O)N(C)C)c3)cc2OC1CN(C)C(=O)Cc1ccccc1,0.15,COC1C(O)CC(=O)OC1C(=O)NC(C)c1ccccc1
CN(C)C(=O)c1cccc(c1)-c1ccc2[C@H]3N[C@H]([C@H](CO)[C@H]3Cn2c1=O)C(=O)NCC1CC1,0.17,CO[C@H]1CN(C)C(=O)c2cc(NS(=O)(=O)c3ccccc3OC)ccc2OC[C@H](C)NC[C@H]1C,0.16,C[C@H](CO)N1C[C@@H](C)[C@H](CN(C)S(=O)(=O)c2ccc(Cl)cc2)OCc3cn(CCCC1=O)nn3,0.28,CCCNC(=O)CC1C(CO)C2c3ccc(-c4cncnc4)c(=O)n3CC1N2C(=O)c1ccc(F)cc1,0.16,CC1CN(C(C)CO)S(=O)(=O)c2ccc(C#Cc3cccnc3)cc2OC1CN(C)C(=O)CCN(C)C
CN(C)C(=O)c1cccc(c1)-c1cccc(c1)-c1nc(cc2CN([C@@H](CCO)c12)[S@@](=O)C(C)(C)C)C(=O)NC1CCCCC1,0.14,COCC(=O)Nc1ccc2O[C@H]3[C@H](C[C@@H](CC(=O)NCc4cccnc4)O[C@H]3CO)c2c1,0.11,CCN(CC)CC(=O)Nc1c(C)cccc1C,0.21,CC(NC(=O)CC1CCC(NC(=O)NC2CCCCC2)C(CO)O1)c1ccccc1,0.07,CNCCCNC(=O)CCNC(=O)CNCCCNC(=O)CNC(=O)CNC(=O)CNC(CS)C1CCC23C(N)CCCC2CCCC3C1
CN(C)C(=O)c1cccc(c1)-c1cccc(c1)-c1nc(cc2CN([C@H](CCO)c12)[S@](=O)C(C)(C)C)C(=O)NC1CCCCC1,0.14,O[C@@H]1COC[C@@H]2O[C@@H](CC(=O)NCc3ccc(Cl)cc3)CC[C@H]2N(Cc2cc(F)ccc2F)C1,0.1,CC(C)Cc1ccc(cc1)C(C)C(O)=O,0.18,CC1CN(C(C)CO)C(=O)c2cc(NC(=O)c3ccncc3)ccc2OC1CN(C)Cc1ccc(C(=O)O)cc1,0.04,CCCCNC(=O)CCCCCCCCCCCCCCCCCNC(=O)CCCCCCCCCCCCCCCCCCNCCCNC(=O)CCCCCCCCCCCCCCCCCCCCCCCCCCCCCCCCCCCCCCCCCOc1ccccc1
CN(C)CC(=O)Nc1ccc2O[C@@H]3[C@@H](C[C@@H](CC(=O)N4CCc5ccccc5C4)O[C@@H]3CO)c2c1,0.54,CN(C)CC(=O)Nc1ccc2O[C@@H]3[C@@H](C[C@@H](CC(=O)NC4CCCCC4)O[C@H]3CO)c2c1,0.18,O[C@@H]1COC[C@@H]2O[C@H](CC(=O)NCCc3ccncc3)CC[C@H]2N(Cc2cccc(c2)C(F)(F)F)C1,0.26,CC(NC(=O)CC1CCC(NC(=O)c2ccc3c(c2)OCO3)C(CO)O1)c1ccccc1,0.06,Cc1cccc(NC(=O)c2cccc(NC(=O)c3cccc(NC(=O)c4cccc(NC(=O)c5cccc(NC(=O)c6cccc(NC(=O)c7cccc(NC(=O)c8cccc(NC(=O)c9cccc(NC(=O)c%10cccc(NC(=O)c%11cccc(NC(=O)c%12cccc(NC(=O)c%13cccc(NC(=O)c%14ccccc%14C(C)(C)C)c%13)c%12)c%11)c%10)c9)c8)c7)c6)c5)c4)c3)c2)c1
CN(C)CC(=O)Nc1ccc2O[C@@H]3[C@@H](C[C@@H](CC(=O)N4CCc5ccccc5C4)O[C@H]3CO)c2c1,0.23,COc1cccc(c1)C(=O)Nc1ccc2OC[C@@H]3O[C@@H](CC(=O)NCCCN4CCOCC4)CC[C@@H]3N(C)C(=O)c2c1,0.2,OC[C@@H]1O[C@@H](CC(=O)NCCCN2CCOCC2)C=C[C@@H]1NS(=O)(=O)c1ccccc1F,0.23,CCNC(=O)CC1CCC(NC(=O)c2ccccc2F)C(CO)O1,0.18,CC1CCCCOC(CN(C)Cc2cccc(C(F)(F)F)c2)C(C)CN(C(C)CO)C(=O)c2cc(NS(=O)(=O)c3ccc(C#N)cc3)ccc2O1
CN(C)CC(=O)Nc1ccc2O[C@@H]3[C@@H](C[C@H](CC(=O)N4CCc5ccccc5C4)O[C@@H]3CO)c2c1,0.18,O[C@@H]1COC[C@@H]2O[C@H](CC(=O)NCCc3ccncc3)CC[C@H]2N(Cc2cccc(c2)C(F)(F)F)C1,0.1,COc1ccc(cc1)-c1cc(=O)c2c(OC)c(OC)c(OC)c(OC)c2o1,0.49,COc1ccccc1CNC(=O)CC1CC2c3cc(NC(=O)C4CC4)ccc3OC2C(CO)O1,0.23,CC1COC(CO)C2c3ccc(NC(=O)c4cn(C)cn4)cc3OC12
CN(C)CC(=O)Nc1ccc2O[C@@H]3[C@@H](C[C@H](CC(=O)N4CCc5ccccc5C4)O[C@H]3CO)c2c1,0.22,OC[C@@H]1O[C@@H](CC(=O)N2CCCCC2)C=C[C@H]1NC(=O)c1ccc2OCOc2c1,0.2,OC[C@@H]1O[C@@H](CC(=O)NCCCN2CCOCC2)C=C[C@@H]1NS(=O)(=O)c1ccccc1F,0.45,CC(C)NC(=O)Nc1ccc2c(c1)C1CC(CC(=O)NCc3cccnc3)OC(CO)C1O2,0.18,NC(=O)CC1C=CC(CO)C(NC(=O)Cc2ccccn2)O1
CN(C)CC(=O)Nc1ccc2O[C@H]3[C@H](C[C@@H](CC(=O)N4CCc5ccccc5C4)O[C@@H]3CO)c2c1,0.22,C[C@@H](CO)N1C[C@H](C)[C@H](CN(C)C)OCc2ccccc2-c3ccccc3C1=O,0.16,CCc1cnc(s1)N1[C@H](CO)[C@@H]([C@H]1C#N)c1ccc(cc1)C1=CCCCC1,0.47,CC(C)NC(=O)Nc1ccc2c(c1)C1CC(CC(=O)NCCc3ccccc3)OC(CO)C1O2,0.07,CCN(CC)C(=O)CCCCNC(=O)CCCNC(=O)CCNC(=O)CCNC(=O)CCNC(=O)CCNC(=O)CCNC(=O)CCNC(=O)CCNC(=O)CCNC(=O)CCNC(=O)CCc1ccccc1
CN(C)CC(=O)Nc1ccc2O[C@H]3[C@H](C[C@@H](CC(=O)N4CCc5ccccc5C4)O[C@H]3CO)c2c1,0.23,COc1cccc(c1)C(=O)Nc1ccc2OC[C@@H]3O[C@@H](CC(=O)NCCCN4CCOCC4)CC[C@@H]3N(C)C(=O)c2c1,0.23,COc1cccc(c1)C(=O)Nc1ccc2OC[C@@H]3O[C@@H](CC(=O)NCCCN4CCOCC4)CC[C@@H]3N(C)C(=O)c2c1,0.43,CCCCCC(=O)Nc1ccc2c(c1)C1CC(CC(=O)NCCc3ccncc3)OC(CO)C1O2,0.09,Cc1cc(C)c(S(=O)(=O)N(C)C)c(O)c1C
CN(C)CC(=O)Nc1ccc2O[C@H]3[C@H](C[C@H](CC(=O)N4CCc5ccccc5C4)O[C@@H]3CO)c2c1,0.22,CO[C@H]1CN(C)C(=O)c2cc(NC(=O)c3ccccc3F)ccc2OC[C@H](C)NC[C@@H]1C,0.09,NC1CCN(CC1)c1cccc(Cl)n1,0.46,CNCC(=O)Nc1ccc2c(c1)C1CC(CC(=O)NCc3ccc(Cl)cc3)OC(CO)C1O2,0.13,CC1CN(C(C)CO)C(=O)CCCn2cc(nn2)COC1CN(C)C(=O)CCC(F)(F)F
CN(C)CC(=O)Nc1ccc2O[C@H]3[C@H](C[C@H](CC(=O)N4CCc5ccccc5C4)O[C@H]3CO)c2c1,0.2,OC[C@@H]1O[C@H](CCNC(=O)c2cnccn2)CC[C@@H]1NC(=O)c1ccc2OCOc2c1,0.2,OC[C@@H]1O[C@@H](CC(=O)NCCCN2CCOCC2)C=C[C@@H]1NS(=O)(=O)c1ccccc1F,0.47,CNC(=O)CC1CC2c3cc(NC(=O)c4cccnc4)ccc3OC2C(CO)O1,0.08,CNC(C)C(=O)Nc1cc(C(C)(C)C)cc(C(C)C)c1C(C)C
CN(C)CCC=C1c2ccccc2CCc2ccccc12,0.16,CN1CCN(CCCN2c3ccccc3Sc3ccc(cc23)C(F)(F)F)CC1,0.16,CN1CCN(CCCN2c3ccccc3Sc3ccc(cc23)C(F)(F)F)CC1,0.24,CC1CN(C(C)CO)C(=O)c2c(c3ccccc3n2C)-c2ccccc2COC1CN(C)C(=O)CCCN(C)C,0.22,CN(C)CCCC(=O)Nc1ccc(C(=O)c2ccccc2C(F)(F)F)cc1
CN(C)CCCN1c2ccccc2CCc2ccccc12,0.25,CCC(c1ccccc1)=C(/c1ccccc1)c1ccc(OCCN(C)C)cc1,0.25,CCC(c1ccccc1)=C(/c1ccccc1)c1ccc(OCCN(C)C)cc1,0.2,Cc1ccccc1NC(=O)CCCNCCCNc1ccccc1Cl,0.14,CC(N)C(=O)NC(Cc1ccccc1)C(O)CCN
CN(C)CCOC(=O)C(c1ccccc1)C1(O)CCCC1,0.19,C[C@H](CO)N1C[C@@H](C)[C@H](CN(C)S(=O)(=O)c2ccccc2)OCCCC[C@@H](C)Oc3ccc(NC(=O)CCCN(C)C)cc3C1=O,0.08,Clc1cccc(Cl)c1N=C1NCCN1,0.24,NC(CCc1ccccc1)C(=O)O,0.14,O=C(Cc1ccccn1)N1CC2C(c3ccc(C4=CCCCC4)cc3)C(CO)N2CC1=O
CN(C)Cc1ccc(cc1)-c1nc2cccc3C(=O)NCCn1c23,0.14,CC(C)c1cnc(NC(=O)Cc2ccccc2)s1,0.14,CC(C)n1cnc2c(NCc3ccccc3)nc(NCCO)nc12,0.21,COc1ccc(CN(C)CC2OCc3ccccc3-c3ccccc3C(=O)N(C(C)CO)CC2C)cc1,0.1,Cc1cc(C(=O)NCCCN2CCOCC2)c(C)nc1Cl
CN(C)N=Nc1[nH]cnc1C(N)=O,0.09,Cc1ccc(C)c(OCCCC(C)(C)C(O)=O)c1,0.09,Cc1ccc(C)c(OCCCC(C)(C)C(O)=O)c1,0.1,CCN(CC)CCCNC(=O)CCc1c[nH]c2ccccc12,0.05,COc1ccccc1CNC(=O)Nc1ccc2c(c1)C(=O)N(C)CC(OC)C(C)CN(C(=O)NC(C)C)C(C)CO2
CN(C1CCCCC1)C(=O)CCCOc1ccc2[nH]c(=O)ccc2c1,0.11,Oc1ccc(cc1)-c1coc2cc(O)cc(O)c2c1=O,0.11,Oc1ccc(cc1)-c1coc2cc(O)cc(O)c2c1=O,0.19,CN1C(=O)c2cc(NC(=O)C3CCCCC3)ccc2OCC2OC(CC(=O)NCc3ccc(F)cc3)CCC21,0.09,CC1=CN2N=NC(CCN(C(C)CO)CCC(=O)OC1)C2C
CN(CCNC(=O)c1ccc(CNS(=O)(=O)c2ccc(NC(C)=O)cc2)cc1)Cc1ccccc1,0.19,CSCCC(N)C(=O)NC(CC(C)C)C(=O)NC(Cc1ccccc1)C(=O)O,0.06,Clc1cccc(Cl)c1N=C1NCCN1,0.3,CC(C)(C)c1ccc(C(=O)Nc2ccc3c(c2)C2CC(CC(=O)NCCc4ccccc4)OC(CO)C2O3)cc1,0.1,c1ccc(Oc2cccnc2)nc1
CN(Cc1ccc(cc1)C(C)(C)C)Cc1cccc2ccccc12,0.16,COc1ccc(cc1)c2noc(CC(=O)O)c2c3ccc(OC)cc3,0.17,OC(=O)c1cccc(c1)-c1noc(n1)-c1ccccc1F,0.28,CC(C)(C)c1ccc(C(=O)Nc2ccc(C(=O)O)cc2)cc1,0.15,CCN(CC)c1cc(C(C)(C)C)cc(S(N)(=O)=O)c1C(C)(C)C
CN1C(C(=O)Nc2ncc(C)s2)C(=O)c2ccccc2S1(=O)=O,0.06,CN(C)C(=O)C[C@@H]1CC[C@H](NC(=O)C2CCOCC2)[C@H](CO)O1,0.16,OC(=O)C(Cc1cc(=O)[nH]c2ccccc12)NC(=O)c1ccc(Cl)cc1,0.17,COC1CN(C)C(=O)c2ccc(NS(=O)(=O)c3ccccc3C)cc2OCC(C)NCC1C,0.12,O=c1ccn(CCCN2CCN(S(=O)(=O)Cc3ccccc3)CC2)c(=O)n1Cc1c(F)cccc1C(F)(F)F
CN1CCC(CC1)=C1c2ccccc2Sc2ccccc12,0.13,CO[C@]12C[C@@H](COC(=O)c3cncc(Br)c3)CN(C)[C@@H]1Cc1cn(C)c3cccc2c13,0.18,CNCC[C@H](Oc1cccc2ccccc12)c1cccs1,0.2,COc1ccc(S(=O)(=O)N(C)CC2OCc3ccccc3-c3ccccc3C(=O)N(C(C)CO)CC2C)cc1,0.08,CN(C)C(=O)CC12OCCCC1(C)Oc1cc(NS(C)(=O)=O)ccc12
CN1CCN(CC1)C1=Nc2cc(Cl)ccc2Nc2ccccc12,0.11,Cc1ccc(cc1)S(=O)(=O)NC(=O)NN1CC2CCCC2C1,0.12,CNC(=O)c1ccc(cc1F)N1C(=S)N(C(=O)C1(C)C)c1ccc(C#N)c(c1)C(F)(F)F,0.18,CC(C(=O)Nc1ccc(C(=O)N2CCN(Cc3ccccc3)CC2)cc1)C(C)C(C)(C)C,0.11,O=C(CC1CC1)N1CC(=O)N2C(CO)C(c3ccc(C4=CCCCC4)cc3)C2C1
CN1CCN(CCc2ccc(Cl)c(Cl)c2)CC1,0.13,CCN1CCC[C@H]1CNC(=O)c1c(OC)ccc(Br)c1OC,0.12,COc1ccc2[nH]cc(C3=CCNCC3)c2c1,0.13,CCCNC(=O)Nc1ccc2c(c1)C(=O)N(C)CC(OC)C(C)CN(C(=O)CN1CCOCC1)C(C)CO2,0.2,CN(C)c1c(Cl)c(Cl)cc(C(=O)NCCCN2CCCCC2)c1Cl
CN1Cc2c3OCOc3ccc2[C@H]4[C@@H](O)Cc5cc6OCOc6cc5[C@H]41,0.09,COc1ccc2[nH]c(cc2c1)C(=O)c1ccccc1,0.06,COc1ccc(cc1)S(=O)(=O)N(C(C)=O)c1ccccc1C=Cc1cc[n+]([O-])cc1,0.21,CS(=O)(=O)Nc1ccc2c(c1)C1CC(CC(=O)NCc3ccc4c(c3)OCO4)OC(CO)C1O2,0.11,CCNC(=O)CC12OCCC(CO)C1c1cccc(NC(=O)c3ccncc3)c1O2
CN1[C@@H]2CC[C@@H](CC(=O)N3CCc4ccccc4C3)O[C@@H]2COc2ccc(NS(=O)(=O)c3cccc(F)c3)cc2C1=O,0.31,OC[C@@H]1O[C@H](CC(=O)N2CCc3ccccc3C2)C=C[C@@H]1NC(=O)C1CC1,0.15,COCC(=O)O[C@]1(CCN(C)CCCc2nc3ccccc3[nH]2)CCc2cc(F)ccc2[C@@H]1C(C)C,0.27,COC1CN(C)C(=O)c2cc(NS(=O)(=O)CC(F)(F)F)ccc2OCC(C)N(Cc2ccc(F)cc2)CC1C,0.09,CCOc1c(C)c(C)cc(C)c1C(=O)Nc1c(C)ccc(C)c1C
CN1[C@@H]2CC[C@@H](CC(=O)N3CCc4ccccc4C3)O[C@H]2COc2ccc(NS(=O)(=O)c3cccc(F)c3)cc2C1=O,0.18,COc1cccc(CNC(=O)[C@H]2[C@H](CO)[C@H]3Cn4c(cccc4=O)[C@@H]2N3C(=O)C2CCCCC2)c1,0.18,CCc1cc(Nc2nccc(n2)-c2c(nc3ccccn23)-c2ccc(OC)c(c2)C(=O)Nc2c(F)cccc2F)c(OC)cc1N1CCC(CC1)N1CCN(CC1)S(C)(=O)=O,0.28,CC(NC(=O)CC1CCC2C(COCC(O)CN2C(=O)Nc2ccc(F)cc2)O1)c1ccccc1,0.02,C=CCC(NC(=O)CNC(=O)CNC(=O)CNC(=O)CNC(=O)CNC(=O)CNC(=O)CNC(=O)CNC(=O)CNC(=O)CNC(=O)CNC(C)=O)C(=O)NCCCNC(=O)C(C)=CC=CCN
CN1[C@@H]2CC[C@@H](CC(=O)NCCCN3CCOCC3)O[C@@H]2COc2ccc(NC(=O)Nc3ccccc3Cl)cc2C1=O,0.08,C[C@H](O)[C@H](C)[C@@H]1O[C@H]1C[C@H]1CO[C@@H](CC(C)=CC(=O)OCCCCCCCCC(O)=O)[C@H](O)[C@@H]1O,0.04,CC(O)Cn1c(C)ncc1[N+]([O-])=O,0.3,CCCNC(=O)CC1CCC2C(COCC(O)CN2C(=O)c2ccccc2)O1,0.16,CC(C)NC(=O)N(C)CC1Oc2ccc(N(C)C)cc2C(C)CCOC(=O)CC(CN(C)Cc2ccc(C(F)(F)F)cc2)N(C(C)CO)CC1C
CN1[C@@H]2CC[C@@H](CC(=O)NCCCN3CCOCC3)O[C@H]2COc2ccc(NC(=O)Nc3ccccc3Cl)cc2C1=O,0.17,CCNC(=O)[C@H]1[C@H](CO)[C@H]2Cn3c(ccc(-c4ccc(OC)cc4)c3=O)[C@@H]1N2CC1CC1,0.13,COc1cc2OC[C@H]3Oc4c(CC=C(C)C)c(O)ccc4C(=O)[C@H]3c2cc1OC,0.36,CN1CCN(CCCNC(=O)CC2CC3c4cc(NC(=O)Nc5cccc(F)c5)ccc4OC3C(CO)O2)CC1,0.2,COc1ccc(C2CN3CCN(C(=O)CN4CCOCC4)C(=O)C23CO)cc1
CN1[C@@H]2CC[C@@H](CC(=O)NCc3ccc4OCOc4c3)O[C@@H]2COc2ccc(NC(=O)C3CCOCC3)cc2C1=O,0.27,OC[C@@H]1O[C@H](CC(=O)NC2CCCC2)C[C@H]3[C@@H]1Oc4ccc(NC(=O)C5CCC5)cc34,0.12,OC[C@@H]1[C@H]([C@@H](C#N)N1C(=O)Cc1ccncc1)c1ccc(cc1)C1=CCCCC1,0.32,COc1ccc(CNC(=O)CC2CC3c4cc(NC(=O)C5CC5)ccc4OC3C(CO)O2)cc1,0.1,CCOc1ccccc1CN(C)CC1CC(C)N(C(C)CO)S(=O)(=O)C(C)C(=O)O1
CN1[C@@H]2CC[C@@H](CC(=O)NCc3ccc4OCOc4c3)O[C@H]2COc2ccc(NC(=O)C3CCOCC3)cc2C1=O,0.1,OC[C@H]1N[C@H](C#N)[C@@H]1c1ccc(cc1)C#CC1CCCCC1,0.08,Cc1ccc(C)c(OCCCC(C)(C)C(O)=O)c1,0.26,CCNC(=O)CC1CCC2C(COCC(O)CN2Cc2ccc(C(F)(F)F)cc2)O1,0.11,O=C(c1ccccc1F)N1CCc2cccc(O)c2C1
CN1[C@@H]2CC[C@H](CC(=O)N3CCc4ccccc4C3)O[C@@H]2COc2ccc(NS(=O)(=O)c3cccc(F)c3)cc2C1=O,0.2,OC[C@@H]1[C@H]([C@H](C#N)N1C(=O)c1cccc(F)c1)c1ccc(cc1)C1=CCCCC1,0.03,CCCC(CCC)C(O)=O,0.26,O=C(CC1CCC2C(COCC(O)CN2C(=O)c2ccc(F)cc2)O1)NCCc1ccccc1,0.06,COc1cc(OCCNCCO)c(C(=O)O)c(OC)c1OC
CN1[C@@H]2CC[C@H](CC(=O)N3CCc4ccccc4C3)O[C@H]2COc2ccc(NS(=O)(=O)c3cccc(F)c3)cc2C1=O,0.18,C[C@H](CO)N1C[C@H](C)[C@H](CN(C)Cc2ccccc2)Oc3c(NC(=O)c4ccncc4)cccc3C1=O,0.19,C[C@@H]1CN(CC[C@]1(C(O)=O)c1ccccc1)[C@H]1CC[C@](CC1)(C#N)c1ccc(F)cc1,0.26,Cc1ccc(S(=O)(=O)Nc2ccc3c(c2)C(=O)N(C(C)CO)CC(C)C(CN(C)Cc2cccnc2)OCCCCC(C)O3)cc1,0.07,CC(C)(CN)C(=O)Nc1cc(C(F)(F)F)cc(C(F)(F)F)c1C(F)(F)F
CN1[C@@H]2CC[C@H](CC(=O)NCCCN3CCOCC3)O[C@@H]2COc2ccc(NC(=O)Nc3ccccc3Cl)cc2C1=O,0.21,OC[C@@H]1O[C@@H](CC(=O)NCc2cc(F)ccc2F)C[C@H]3[C@@H]1Oc4ccc(NC(=O)c5cccnc5)cc34,0.06,NC(=N)NC(=O)c1nc(Cl)c(N)nc1N,0.47,COc1ccc(CNC(=O)CC2CCC3C(COc4ccc(NC(=O)Cc5ccccc5)cc4C(=O)N3C)O2)cc1,0.12,CS(=O)(=O)Nc1cccc2c1C1C(CO)OCC(CO)C1O2
CN1[C@@H]2CC[C@H](CC(=O)NCCCN3CCOCC3)O[C@H]2COc2ccc(NC(=O)Nc3ccccc3Cl)cc2C1=O,0.2,C[C@@H](CO)N1C[C@@H](C)[C@H](CN(C)C(=O)CCC(F)(F)F)OCCCC[C@H](C)Oc2ccc(NS(=O)(=O)c3ccc(Cl)cc3)cc2C1=O,0.14,CCCCC(=O)N(Cc1ccc(cc1)-c1ccccc1-c1nn[nH]n1)[C@@H](C(C)C)C(O)=O,0.74,CC(C)NC(=O)Nc1ccc2c(c1)C(=O)N(C)C1CCC(CC(=O)NCCCN3CCOCC3)OC1CO2,0.1,CNCCCC(=O)Nc1cccc(C(=O)NCCCCCCCC(=O)NCCCNC(=O)CCC(=O)Nc2cccc(C(=O)NCCCCCNC(=O)CCC(=O)NCCCCCNC(=O)CCC(=O)NCCCCCNC(=O)CCC(N)=O)c2)c1
CN1[C@@H]2CC[C@H](CC(=O)NCc3ccc4OCOc4c3)O[C@@H]2COc2ccc(NC(=O)C3CCOCC3)cc2C1=O,0.19,O[C@H]1CN[C@@H]2CC[C@@H](CC(=O)NC3Cc4ccccc4C3)O[C@H]2COC1,0.08,Cc1ccc(C)c(OCCCC(C)(C)C(O)=O)c1,0.28,COc1cccc(NC(=O)NC2CCC(CCNC(=O)c3ccc4c(c3)OCO4)OC2CO)c1,0.14,CN(CC(=O)N1CCCC1C(=O)O)Cc1ccc(Cl)cc1
CN1[C@@H]2CC[C@H](CC(=O)NCc3ccc4OCOc4c3)O[C@H]2COc2ccc(NC(=O)C3CCOCC3)cc2C1=O,0.45,CN1[C@H]2CC[C@@H](CC(=O)NCCc3ccncc3)O[C@H]2COc2ccc(NC(=O)Cc3cccs3)cc2C1=O,0.12,COC(=O)[C@H]1[C@@H](O)CC[C@H]2CN3CCc4c([nH]c5ccccc45)[C@@H]3C[C@H]12,0.3,COc1cccc(CNC(=O)CC2CCC3C(COCC(O)CN3Cc3ccccc3F)O2)c1,0.01,CCl
CN1[C@@H]2Cn3c(ccc(-c4cccc(F)c4)c3=O)[C@H]1[C@H]([C@@H]2CO)C(=O)Nc1nccs1,0.43,CCN1[C@@H]([C@@H](CO)[C@@H]2Cn3c(ccc(-c4cccc(F)c4)c3=O)[C@H]12)C(=O)N1CCCCC1,0.12,OC1(CCN(Cc2c[nH]c3ccccc23)CC1)c4ccc(Cl)cc4,0.19,CC1CN(C(C)CO)S(=O)(=O)c2ccc(-c3cccnc3)cc2OC1CN(C)C(=O)Nc1ccc(C(F)(F)F)cc1,0.01,CCl
CN1[C@H]2CC[C@@H](CC(=O)N3CCc4ccccc4C3)O[C@@H]2COc2ccc(NS(=O)(=O)c3cccc(F)c3)cc2C1=O,0.22,Cc1ccc(cc1)S(=O)(=O)N[C@H]1CC[C@H](CCNC(=O)c2ccccc2F)O[C@H]1CO,0.15,Cc1ccc(cc1)S(=O)(=O)NC(=O)NN1CCCCCC1,0.27,COC1CN(C)C(=O)c2cc(NC(=O)c3cccc(F)c3)ccc2OCC(C)NCC1C,0.21,CCOC1CN(C(=O)Cc2cccnc2)CC(=O)COc2cccc(NS(C)(=O)=O)c2N(C)C(C)C1C
CN1[C@H]2CC[C@@H](CC(=O)N3CCc4ccccc4C3)O[C@H]2COc2ccc(NS(=O)(=O)c3cccc(F)c3)cc2C1=O,0.19,CCCNC(=O)C[C@H]1C[C@@H]2[C@@H](Oc3ccc(NC(=O)Nc4ccccc4F)cc23)[C@@H](CO)O1,0.06,Nc1nc2ccc(OC(F)(F)F)cc2s1,0.24,COc1ccc(CNC(=O)CC2CCC3C(COCC(O)CN3Cc3ccc(F)cc3)O2)cc1,0.03,C=CCCNC(=O)CCCCCCCCNC(=O)C(C)(C)N
CN1[C@H]2CC[C@@H](CC(=O)NCCCN3CCOCC3)O[C@@H]2COc2ccc(NC(=O)Nc3ccccc3Cl)cc2C1=O,0.33,OC[C@H]1O[C@@H](CC(=O)NCCCN2CCOCC2)C=C[C@@H]1NS(=O)(=O)c1ccccc1F,0.14,Cc1nccn1CC1CCc2c(C1=O)c1ccccc1n2C,0.27,CCCCCC(=O)Nc1ccc2c(c1)C(=O)N(C)CC(OC)C(C)CN(C(=O)c1cccnc1)C(C)CO2,0.15,CC1CN(C(C)CO)C(=O)c2c(c3ccccc3n2C)-c2ccccc2COC1CN(C)C(=O)C(Cc1ccccc1)N(C)C
CN1[C@H]2CC[C@@H](CC(=O)NCCCN3CCOCC3)O[C@H]2COc2ccc(NC(=O)Nc3ccccc3Cl)cc2C1=O,0.49,CN1[C@H]2CC[C@H](CC(=O)NCCc3ccncc3)O[C@H]2COc2ccc(NC(=O)Cc3cccs3)cc2C1=O,0.13,O=C1CCc2cc(OCCCCc3nnnn3C3CCCCC3)ccc2N1,0.29,CCCNC(=O)CC1CCC2C(COCC(O)CN2C(=O)c2ccccc2F)O1,0.09,NCCN1CCN(C(C(O)c2c(F)cc(F)c(F)c2F)C(F)(F)F)CC1
CN1[C@H]2CC[C@@H](CC(=O)NCc3ccc4OCOc4c3)O[C@@H]2COc2ccc(NC(=O)C3CCOCC3)cc2C1=O,0.49,COc1cccc(c1)C(=O)Nc1ccc2OC[C@H]3O[C@H](CC(=O)NCCCN4CCOCC4)CC[C@H]3N(C)C(=O)c2c1,0.27,Cc1ccccc1S(=O)(=O)N1C[C@@H](O)COC[C@H]2O[C@H](CC(=O)NCc3ccccc3Cl)CC[C@H]12,0.32,COC1CN(C)C(=O)c2cc(NC(=O)C3CC3)ccc2OCC(C)N(C(=O)C2CC2)CC1C,0.13,O=C(OC1CCN(CCCc2ccccc2)C1C(=O)O)c1cccc(F)c1
CN1[C@H]2CC[C@@H](CC(=O)NCc3ccc4OCOc4c3)O[C@H]2COc2ccc(NC(=O)C3CCOCC3)cc2C1=O,0.19,O[C@H]1CN[C@@H]2CC[C@@H](CC(=O)NC3Cc4ccccc4C3)O[C@H]2COC1,0.17,OC[C@@H]1O[C@@H](CC(=O)NCCCN2CCOCC2)C=C[C@@H]1NS(=O)(=O)c1ccccc1F,0.39,COc1ccc(CNC(=O)CC2CC3c4cc(NC(=O)C5CCOCC5)ccc4OC3C(CO)O2)cc1,0.1,Cc1ccc(C(=O)NCCCN(C)C)cc1
CN1[C@H]2CC[C@H](CC(=O)N3CCc4ccccc4C3)O[C@H]2COc2ccc(NS(=O)(=O)c3cccc(F)c3)cc2C1=O,0.25,O[C@H]1COC[C@H]2O[C@H](CC(=O)NCc3cccc(F)c3)CC[C@@H]2N(C1)C(=O)c1ccncc1,0.06,Nc1nc2ccc(OC(F)(F)F)cc2s1,0.23,CC1CN(C(C)CO)C(=O)c2c(c3ccccc3n2C)-c2ccccc2COC1CN(C)C(=O)Nc1ccc(F)cc1,0.06,CCN(CC)c1ccccc1C(=O)NCCCNCCCNC(=O)CCCCCCCCCCCCCCCCCCCCCCCCCCCCCCCCCCCCCCCCCCCCCCCCCCCCCCC(=O)NCCCNC(=O)CCCSC1CCCCC1
CN1[C@H]2CC[C@H](CC(=O)NCCCN3CCOCC3)O[C@@H]2COc2ccc(NC(=O)Nc3ccccc3Cl)cc2C1=O,0.21,OC[C@H]1O[C@@H](CC(=O)NCc2ccc(Oc3ccccc3)cc2)C[C@@H]4[C@H]1Oc5ccc(NC(=O)c6ccc7OCOc7c6)cc45,0.18,CCOc1cc(CC(=O)N[C@@H](CC(C)C)c2ccccc2N2CCCCC2)ccc1C(O)=O,0.36,CCCNC(=O)N1CC(C)C(OC)CN(C)C(=O)c2cc(NC(=O)CCN3CCOCC3)ccc2OCC1C,0.15,CC1CCCN(C(=O)CC2CC3c4cc(N(C)C)ccc4OC3C(CO)O2)C1
CN1[C@H]2CC[C@H](CC(=O)NCCCN3CCOCC3)O[C@H]2COc2ccc(NC(=O)Nc3ccccc3Cl)cc2C1=O,0.15,C[C@@H](CO)N1C[C@H](C)[C@H](CN(C)C(=O)c2ccncc2)OCc3ccccc3-c4c(C1=O)n(C)c5ccccc45,0.09,Oc1ccc(cc1)C=Cc1cc(O)cc(O)c1,0.44,COc1ccc(CNC(=O)CC2CCC3C(COc4ccc(NC(=O)c5cccc(F)c5)cc4C(=O)N3C)O2)cc1,0.12,CC(F)NCCCN1CCN(C)CC1
CN1[C@H]2CC[C@H](CC(=O)NCc3ccc4OCOc4c3)O[C@@H]2COc2ccc(NC(=O)C3CCOCC3)cc2C1=O,0.17,COC(=O)C[C@H]1CC[C@H]2[C@@H](COC[C@H](O)CN2CCC(F)(F)F)O1,0.21,COc1ccccc1CNC(=O)C[C@@H]2C[C@@H]3[C@@H](Oc4ccc(NC(=O)Nc5ccc(cc5)C(F)(F)F)cc34)[C@H](CO)O2,0.32,COC1CN(C)C(=O)c2cc(NC(=O)C3CC3)ccc2OCC(C)N(Cc2ccc(F)cc2)CC1C,0.03,NCCCCCCCCCCCCCCCCCCCCCCCCCCCCCCCCCCCCCCCC(=O)NC(CCC(=O)O)C(=O)O
CN1[C@H]2CC[C@H](CC(=O)NCc3ccc4OCOc4c3)O[C@H]2COc2ccc(NC(=O)C3CCOCC3)cc2C1=O,0.16,CCCNC(=O)[C@@H]1[C@@H](CO)[C@@H]2Cn3c(ccc(-c4ccccc4F)c3=O)[C@@H]2N1CC1CC1,0.16,CCCNC(=O)[C@@H]1[C@@H](CO)[C@@H]2Cn3c(ccc(-c4ccccc4F)c3=O)[C@@H]2N1CC1CC1,0.35,CCCCC(=O)Nc1ccc2c(c1)C(=O)N(C)CC(OC)C(C)CN(C(=O)c1ccc3c(c1)OCO3)C(C)CO2,0.23,COc1cccc(S(=O)(=O)Nc2ccc3c(c2)C2CC(CC(=O)NCc4ccc(Cl)cc4)OC(CO)C2O3)c1
CN1[C@H]2Cn3c(ccc(-c4cccc(F)c4)c3=O)[C@@H]1[C@@H]([C@H]2CO)C(=O)Nc1nccs1,0.17,COc1ccc(NC(=O)Nc2cccc3C(=O)N(C[C@@H](C)[C@@H](CN(C)Cc4ccc5OCOc5c4)Oc23)[C@@H](C)CO)cc1,0.12,CCN(c1ccccc1)c1cc(NC)[n+](C)c(C)n1,0.21,CC(C)(C)S(=O)N1Cc2cc(C(=O)NCc3ccccc3F)nc(-c3cccc(-c4cccc(F)c4)c3)c2C1CCO,0.18,CC1CN(C(C)CO)C(=O)c2cccc(NC(=O)C3CCCCC3)c2OC1CN(C)Cc1ccc(C(=O)O)cc1
CN1c2cc3c(cc2N=C(c2ccc(cc2)C(O)=O)c2ccccc12)C(C)(C)CCC3(C)C,0.09,CC(C)(C)c1cc(C=C(C#N)[N+]#[C-])cc(c1O)C(C)(C)C,0.12,CC(C)(C)c1ccc2OCC(Oc2c1)C(=O)NN=Cc1ccc[nH]1,0.19,COc1ccccc1CN(C)CC1OCc2ccccc2-c2ccccc2C(=O)N(C(C)CO)CC1C,0.09,OCCN1CCN(c2ccc(Cl)cc2)CC1
CNCC(O)c1ccc(O)c(OC)c1,0.07,CCCCC[C@H](O)/C=C/[C@H]1C=CC(=O)[C@@H]1CCCCCCC(=O)O,0.07,CCCCC[C@H](O)/C=C/[C@H]1C=CC(=O)[C@@H]1CCCCCCC(=O)O,0.15,CCNCCCC(NC(=O)Cc1cccc(C(C)(C)C)c1)c1ccc(O)cc1,0.09,COc1ccccc1C#Cc1cncc2c1C(CN(C)CC1CCOCC1)N(C(C)CO)c1c(NC(=O)c3ccncc3)cccc1C(CO)O2
CNCC(O)c1ccc(O)cc1,0.09,CN1CCN2C(C1)c1ccccc1Cc1cccnc21,0.08,Fc1ccc(Cc2n[nH]c(=O)c3ccccc23)cc1C(=O)N1CCN(CC1)C(=O)C1CC1,0.14,CC(C(Cc1ccc(O)cc1)NC(=O)c1ccc(C(=O)c2cccc(C(=O)NC(C)(C)C)c2)cc1)C(C)(C)C,0.09,Cc1cccc(SCC#CCN2CCOCC2)n1
CNCCCN1c2ccccc2CCc2ccccc12,0.06,C[C@@H]1CC2C3CCC4=CC(=O)C=C[C@]4(C)[C@@]3(F)[C@@H](O)C[C@]2(C)[C@H]1C(=O)CO,0.17,CN(C)CCC(c1ccc(Cl)cc1)c1ccccn1,0.22,CCCc1ccc(C(=O)NC2CC(CO)N3CCc4ccccc4C23)cc1,0.16,CCOc1ccccc1-c1cnn2c(Nc3cccc(Cl)c3)c(C(=O)NCCC(C)C)cnc12
COC(=O)C1=C(C)NC(C)=C(C1C)C(=O)OCCSc1ccccc1,0.11,CC(C)C(=O)Nc1ccc(c(c1)C(F)(F)F)[N+]([O-])=O,0.12,COc1ccc(CCN(C)CCCC(C#N)(C(C)C)c2ccc(OC)c(OC)c2)cc1OC,0.18,CC(C)(C)c1ccc(C(=O)NCCCNC(=O)c2cccc(-c3ccccc3)n2)cc1,0.09,Clc1cccc(Cl)c1
COC(=O)C[C@@H]1CC[C@@H](NS(=O)(=O)c2ccccc2F)[C@@H](CO)O1,0.24,OC[C@H]1O[C@H](CC(=O)NCc2ccc(Cl)c(Cl)c2)C=C[C@H]1NS(=O)(=O)c1ccccc1,0.14,CC(C)NCC(O)COc1ccc(CCOCC2CC2)cc1,0.44,CC(NC(=O)CC1CCC(NS(=O)(=O)c2ccc(F)cc2)C(CO)O1)c1ccccc1,0.12,CN(C)CCCC(=O)Nc1ccc2c(c1)C(CN(C)Cc1cccc(C(F)(F)F)c1)OCCC(=O)C(=O)C(CN(C)CC1CC1)OC(CN(C)C)CCN2
COC(=O)C[C@@H]1CC[C@@H](NS(=O)(=O)c2ccccc2F)[C@H](CO)O1,0.26,COc1cccc(c1)S(=O)(=O)Nc2ccc3O[C@H]4[C@H](C[C@@H](CC(=O)NCc5ccccc5F)O[C@@H]4CO)c3c2,0.12,CC(C)Cc1ccc(cc1)C(C)C(O)=O,0.18,COc1ccc(CNC(=O)CC2CC3c4cc(NC(=O)c5cccnc5)ccc4OC3C(CO)O2)cc1,0.11,CC(C)(C)NC(=O)c1cccc(C(=O)NC(Cc2ccccc2)C(O)CN(CC(O)C(C)(C)C)C(C)(C)C)c1C(=O)NC(C)(C)C
COC(=O)C[C@@H]1CC[C@@H]2[C@@H](COc3ccc(NC(=O)Nc4cc(C)cc(C)c4)cc3C(=O)N2C)O1,0.13,COc1ccccc1-c1cc2nc(cc(N3CCN(CC3)C(=O)c3ccco3)n2n1)-c1ccccc1,0.09,CCC(c1ccccc1)=C(/c1ccccc1)c1ccc(OCCN(C)C)cc1,0.3,CCCC(=O)Nc1ccc2c(c1)C(=O)N(C)CC(OC)C(C)CN(C(=O)c1ccccc1F)C(C)CO2,0.16,Cc1c(C)c(C)c(S(=O)(=O)Nc2cccc3c2C(C)N(C(C)CO)C(C)CC(=O)OCC(C)CCCO3)c([N+](=O)[O-])c1C
COC(=O)C[C@@H]1CC[C@@H]2[C@@H](COc3ccc(NS(=O)(=O)c4ccccc4Cl)cc3C(=O)N2C)O1,0.16,COc1ccc(C#Cc2ccc3c(O[C@H](CN(C)C(=O)CN4CCOCC4)[C@@H](C)CN([C@@H](C)CO)S3(=O)=O)c2)cc1,0.13,CCC1(C(=O)NCNC1=O)c1ccccc1,0.29,COC1CN(C)C(=O)c2cc(NC(=O)NC(C)C)ccc2OCC(C)N(C(=O)c2ccccc2F)CC1C,0.03,CCCCCCCCCCCCCCCCCCCCCCCCCCCCCCCCCCCCCCCCCCCCCCCCCCCCCCCCCCCCCCCCCCCCCCCCCCCCCCCCCCCCCCCCCCCCCCCCCCCNc1ccccc1
COC(=O)C[C@@H]1CC[C@@H]2[C@H](COc3ccc(NC(=O)Nc4cc(C)cc(C)c4)cc3C(=O)N2C)O1,0.41,CN1[C@@H]2CC[C@H](CC(=O)N[C@H]3CCN(Cc4ccccc4)C3)O[C@H]2COc2ccc(NC(=O)c3ccc(F)c(F)c3)cc2C1=O,0.11,C[C@@H]1CN(CC[C@]1(C(O)=O)c1ccccc1)[C@H]1CC[C@](CC1)(C#N)c1ccc(F)cc1,0.48,Cc1ccc(S(=O)(=O)Nc2ccc3c(c2)C(=O)N(C)C2CCC(CC(=O)O)OC2CO3)cc1,0.1,Cc1cc(C(=O)NCCCCCNCC(O)c2c(O)c(O)c(O)c(O)c2CO)c(C)c(C(=O)O)c1NC(=O)CCCCCN(C)C
COC(=O)C[C@@H]1CC[C@@H]2[C@H](COc3ccc(NS(=O)(=O)c4ccccc4Cl)cc3C(=O)N2C)O1,0.22,CC(C)NC(=O)N(C)C[C@H]1OCCCC[C@H](C)Oc2ccc(NC(=O)Nc3ccccc3)cc2C(=O)N(C[C@@H]1C)[C@H](C)CO,0.14,CC(C)[C@H](NC(=O)OCc1ccccc1)C(=O)N[C@@H](Cc2ccccc2)C=O,0.34,CCCN1CC(C)C(OC)CN(C)C(=O)c2cc(NS(=O)(=O)c3ccc(C)cc3)ccc2OCC1C,0.12,O=C(NCCCN1CCOCC1)C1C(CO)C2Cn3c(ccc(C4=CCCC4)c3=O)C1N2CC1CCCCC1
COC(=O)C[C@@H]1CC[C@H](NS(=O)(=O)c2ccccc2F)[C@@H](CO)O1,0.18,OC[C@H]1O[C@@H](CC(=O)NCc2cc(F)ccc2F)C[C@@H]3[C@H]1Oc4ccc(NC(=O)c5cccnc5)cc34,0.13,CNCC[C@@H](Oc1ccccc1C)c1ccccc1,0.31,CC(NC(=O)CC1CCC(NC(=O)c2cccnc2)C(CO)O1)c1ccccc1,0.15,CCC(=O)N1CC(C)C(OC)CN(C)C(=O)c2cc(NC(=O)COC)ccc2OCC1C
COC(=O)C[C@@H]1CC[C@H](NS(=O)(=O)c2ccccc2F)[C@H](CO)O1,0.14,C[C@@H](CO)N1C[C@H](C)[C@H](CN(C)Cc2cccc(c2)C(=O)O)OCc3ccccc3-c4ccccc4C1=O,0.1,Nc1ccc(cc1)S(=O)(=O)c1ccc(N)cc1,0.19,COC1CN(C)C(=O)c2ccc(NC(=O)c3ccccc3F)cc2OCC(C)NCC1C,0.07,Cc1c(C)c(C)c(NC(=O)CCN)c(C)c1C
COC(=O)C[C@@H]1CC[C@H]2[C@@H](COc3ccc(NC(=O)Nc4cc(C)cc(C)c4)cc3C(=O)N2C)O1,0.45,CN1[C@H]2CC[C@@H](CC(=O)NCC3CCCCC3)O[C@H]2COc2ccc(NC(=O)c3cccc(F)c3)cc2C1=O,0.04,CCCC(CCC)C(O)=O,0.31,CCC(=O)Nc1ccc2c(c1)C(=O)N(C)CC(OC)C(C)CN(C(=O)c1cccc(F)c1)C(C)CO2,0.12,Cc1c(C)c(O)c(C)c(NC(=O)c2ccc(O)c(C(O)CN)c2O)c1C
COC(=O)C[C@@H]1CC[C@H]2[C@@H](COc3ccc(NS(=O)(=O)c4ccccc4Cl)cc3C(=O)N2C)O1,0.4,CN1[C@@H]2CC[C@@H](CC(=O)N[C@H]3CCN(Cc4ccccc4)C3)O[C@H]2COc2ccc(NC(=O)c3ccc(F)c(F)c3)cc2C1=O,0.09,CC(=O)CCCCn1c(=O)n(C)c2ncn(C)c2c1=O,0.24,CCCNC(=O)N1CC(C)C(OC)CN(C)C(=O)c2cc(NC(=O)CCC)ccc2OCC1C,0.25,CCCNC(=O)CC1CCC2c3cccc(NS(=O)(=O)c4ccccc4F)c3OC2(CO)O1
COC(=O)C[C@@H]1CC[C@H]2[C@H](COc3ccc(NC(=O)Nc4cc(C)cc(C)c4)cc3C(=O)N2C)O1,0.41,CN1[C@@H]2CC[C@@H](CC(=O)N[C@H]3CCN(Cc4ccccc4)C3)O[C@H]2COc2ccc(NC(=O)c3ccc(F)c(F)c3)cc2C1=O,0.15,C[C@H](CO)N1C[C@@H](C)[C@H](CN(C)Cc2ccccc2F)Oc3ncc(cc3C1=O)C4=CCCC4,0.51,CCNC(=O)CC1CCC2C(COc3ccc(NC(=O)c4ccccc4F)cc3C(=O)N2C)O1,0.19,COc1ccc(CNC(=O)CC2CCC(NC(=O)c3ccccc3F)C(CO)O2)cc1
COC(=O)C[C@@H]1CC[C@H]2[C@H](COc3ccc(NS(=O)(=O)c4ccccc4Cl)cc3C(=O)N2C)O1,0.27,C[C@@H](NC(=O)C[C@H]1CC[C@@H]2[C@H](COC[C@H](O)CN2C(=O)Nc2cccc(Cl)c2)O1)c1ccccc1,0.12,CCC(c1ccccc1)=C(/c1ccccc1)c1ccc(OCCN(C)C)cc1,0.38,CC(C)NC(=O)Nc1ccc2c(c1)C(=O)N(C)C1CCC(CC(=O)NCCCN3CCOCC3)OC1CO2,0.19,COC1CN(C)C(CN(C)C)CCOc2cccc(NC(=O)c3cc(C)on3)c2NC(C)C1=O
COC(=O)C[C@H]1CC[C@@H](NS(=O)(=O)c2ccccc2F)[C@@H](CO)O1,0.2,CCCNC(=O)N[C@@H]1C=C[C@@H](CC(=O)NCCc2ccccc2)O[C@H]1CO,0.15,Fc1ccc(Cc2n[nH]c(=O)c3ccccc23)cc1C(=O)N1CCN(CC1)C(=O)C1CC1,0.18,CCCC(=O)Nc1ccc2c(c1)C1CC(CC(=O)NCc3cccc(Cl)c3)OC(CO)C1O2,0.17,CCN1Cc2cc(NC(=O)CCCN(C)C)ccc2OC2CCC(CC(=O)N3CCc4ccccc4C3)OC2C1=O
COC(=O)C[C@H]1CC[C@@H](NS(=O)(=O)c2ccccc2F)[C@H](CO)O1,0.15,CCCC(=O)Nc1ccc2c(OC[C@H](C)N(C[C@@H](C)[C@H](CN(C)C2=O)OC)C(=O)c2cccnc2)c1,0.16,CCOC(=O)[C@H](CCc1ccccc1)N[C@H]1CCc2ccccc2N(CC(O)=O)C1=O,0.28,COc1ccc(CNC(=O)CC2CCC(NC(=O)c3ccc(Cl)c(Cl)c3)C(CO)O2)cc1,0.13,COc1cccc(-c2nc(O)c(S(=O)(=O)c3ccsc3C)c(=O)n2CCCCCCCCC(=O)NCCc2ccccc2)c1
COC(=O)C[C@H]1CC[C@@H]2[C@@H](COc3ccc(NC(=O)Nc4cc(C)cc(C)c4)cc3C(=O)N2C)O1,0.13,C[C@H](CO)N1C[C@@H](C)[C@H](CN(C)Cc2ccccn2)Oc3ncc(C#CC4(O)CCCC4)cc3C1=O,0.04,CCN(CC)C(=S)SSC(=S)N(CC)CC,0.26,COc1ccc(NC(=O)Nc2ccc3c(c2)C(=O)N(C(C)CO)CC(C)C(CN(C)Cc2ccc(C(F)(F)F)cc2)O3)cc1,0.21,COc1ccc(S(=O)(=O)Nc2ccc3c(c2)C2CC(CO)OC(CC(=O)N4CCN(C)CC4)C2O3)cc1OC
COC(=O)C[C@H]1CC[C@@H]2[C@@H](COc3ccc(NS(=O)(=O)c4ccccc4Cl)cc3C(=O)N2C)O1,0.18,OC[C@@H]1O[C@H](CC(=O)NCCN2CCCCC2)C[C@@H]3[C@H]1Oc4ccc(NC(=O)c5ccc6OCOc6c5)cc34,0.17,C[C@H](CO)N1C[C@@H](C)[C@H](CN(C)Cc2ccccc2F)Oc3ncc(cc3C1=O)C4=CCCC4,0.28,COC1CN(C)C(=O)c2ccc(NS(=O)(=O)c3ccc(C)cc3)cc2OCC(C)NCC1C,0.14,COc1ccc(C(=O)NCCC2C=CC(NC(=O)Cc3ccncc3)C(CO)O2)cc1
COC(=O)C[C@H]1CC[C@@H]2[C@H](COc3ccc(NC(=O)Nc4cc(C)cc(C)c4)cc3C(=O)N2C)O1,0.13,C/C=C/c1ccc2c(O[C@H](CN(C)S(=O)(=O)c3ccc(F)cc3)[C@H](C)CN([C@H](C)CO)S2(=O)=O)c1,0.09,CCC(c1ccccc1)=C(/c1ccccc1)c1ccc(OCCN(C)C)cc1,0.3,CCCC(=O)Nc1ccc2c(c1)C(=O)N(C)CC(OC)C(C)CN(C(=O)c1ccccn1)C(C)CO2,0.14,CN(C)CCCC(=O)Nc1ccc(C(=O)c2ccco2)cc1
COC(=O)C[C@H]1CC[C@@H]2[C@H](COc3ccc(NS(=O)(=O)c4ccccc4Cl)cc3C(=O)N2C)O1,0.17,COc1cccc(NC(=O)N2[C@H]3CNC[C@@H]2[C@@H]3c2ccc(cc2)-c2ccncc2)c1,0.12,CCC(c1ccccc1)=C(/c1ccccc1)c1ccc(OCCN(C)C)cc1,0.19,CCCNC(=O)Nc1ccc2c(c1)C(=O)N(C(C)CO)CC(C)C(CN(C)Cc1ccc(C(F)(F)F)cc1)OCCCCC(C)O2,0.23,CC1CCCCOC(CN(C)CC2CC2)C(C)CN(C(C)CO)C(=O)c2cc(NC(=O)Nc3ccccc3F)ccc2O1
COC(=O)C[C@H]1CC[C@H](NS(=O)(=O)c2ccccc2F)[C@@H](CO)O1,0.3,OC[C@H]1O[C@@H](CCNC(=O)C2CCCCC2)CC[C@@H]1NC(=O)Nc1ccccc1F,0.1,CCC(c1ccccc1)=C(/c1ccccc1)c1ccc(OCCN(C)C)cc1,0.25,CCNC(=O)CC1CC(CO)C(c2ccccc2)C(NS(=O)(=O)c2cccc(C)c2)O1,0.01,CCCCCCCCCCCCCCCCCCCCCCCCCCCCCCCCCCCCCCCCCCCCCCCCCCCCCCCCCCCCCCCCCCCCCCCCCCCCCCCCCCCCCCCCCCCCCCCCC[SH](=O)=O
COC(=O)C[C@H]1CC[C@H](NS(=O)(=O)c2ccccc2F)[C@H](CO)O1,0.12,C[C@@H](CO)N1C[C@@H](C)[C@H](CN(C)C(=O)Nc2ccc3OCCOc3c2)OCc4cn(CCCC1=O)nn4,0.17,COc1ccc(Cl)cc1C(=O)NCCc2ccc(cc2)S(=O)(=O)NC(=O)NC3CCCCC3,0.24,CCCNC(=O)NC1CCC(CCn2cc(-c3cccnc3)nn2)OC1CO,0.16,COC1CN(C)CC(=O)COc2cccc(NS(C)(=O)=O)c2N(C)C(C)C1C
COC(=O)C[C@H]1CC[C@H]2[C@@H](COc3ccc(NC(=O)Nc4cc(C)cc(C)c4)cc3C(=O)N2C)O1,0.27,COC(=O)C[C@@H]1C[C@@H]2[C@@H](Oc3ccc(NC(=O)NC4CCCC4)cc23)[C@H](CO)O1,0.15,Fc1ccc(Cc2n[nH]c(=O)c3ccccc23)cc1C(=O)N1CCN(CC1)C(=O)C1CC1,0.27,CCCN1CC(C)C(OC)CN(C)C(=O)c2cc(NS(=O)(=O)c3ccc(C)cc3)ccc2OCC1C,0.03,CNCCCCCCCCCCCCCCCCCCCCCCCCCCCCCCCCCCCCCCCCCC(=O)NCCCN(C)C
COC(=O)C[C@H]1CC[C@H]2[C@H](COc3ccc(NC(=O)Nc4cc(C)cc(C)c4)cc3C(=O)N2C)O1,0.15,COc1ccc(CNC(=O)N(C)C[C@H]2OCc3ccccc3-c4c(C(=O)N(C[C@@H]2C)[C@H](C)CO)n(C)c5ccccc45)cc1,0.11,C[C@@H]1CN(CC[C@]1(C(O)=O)c1ccccc1)[C@H]1CC[C@](CC1)(C#N)c1ccc(F)cc1,0.32,CCCNC(=O)Nc1ccc2c(c1)C(=O)N(C)CC(OC)C(C)CN(C(=O)CC)C(C)CO2,0.15,CC=CCCC(=O)N(C)CC1OCC(C)CC(=O)C(=O)OCC(C)CN(C(C)CO)c2cccc(NC(=O)CCC(F)(F)F)c21
COC(=O)C[C@H]1CC[C@H]2[C@H](COc3ccc(NS(=O)(=O)c4ccccc4Cl)cc3C(=O)N2C)O1,0.24,COc1ccccc1NC(=O)N1C[C@H](O)COC[C@H]2O[C@H](CC(=O)N3CCC(Cc4ccccc4)CC3)CC[C@H]12,0.12,CN(C)CCOC(C)(c1ccccc1)c1ccccn1,0.27,CCCN1CC(C)C(OC)CN(C)C(=O)c2cc(NC(=O)c3cccnc3)ccc2OCC1C,0.2,COc1cc(C(C)C)c(OC)c(CNC(=O)CC2CCC3c4cccc(NS(=O)(=O)c5cccc(F)c5)c4OC3(CO)O2)c1OC
COC(=O)Cn1nc(-c2cccc(OC)c2)c2ccccc12,0.13,Oc1cc2CC[C@H]3NCc4ccccc4[C@@H]3c2cc1O,0.14,CC(NC(C)(C)C)C(=O)c1cccc(Cl)c1,0.18,CC1CN(C(C)CO)C(=O)c2c(c3ccccc3n2C)-c2ccccc2COC1CN(C)C(=O)NC1CCCCC1,0.17,O=C(CCCCCC(=O)Nc1cc(O)cc(O)c1)NCCCC(=O)Oc1ccccc1
COC(=O)Nc1ccc(cc1)-c1nc(N2CCOCC2)c2cnn(C3CCN(CC3)C(=O)OC)c2n1,0.16,COc1cccc2cc([nH]c12)-c1nc([C@@H]2CC[C@@H](CC2)C(O)=O)n2ncnc(N)c12,0.16,COc1cccc2cc([nH]c12)-c1nc([C@@H]2CC[C@@H](CC2)C(O)=O)n2ncnc(N)c12,0.16,CC(C)NC(=O)Nc1ccc2c(c1)C1CC(CC(=O)Nc3ccc(-c4ccccc4)cc3)OC(CO)C1O2,0.03,O=C(CCCCCCCCCCCCCCCCCCCCCCCCCCCCCCCCCCCCCCCCCCCCCCCCCCCCCOc1ccccc1)NCCO
COC(=O)[C@@H]1[C@@H](CO)[C@@H]2Cn3c(ccc(-c4ccccc4OC)c3=O)[C@H]1N2Cc1ccccc1,0.15,C[C@H](CO)N1C[C@@H](C)[C@@H](CN(C)C)Oc2cc(C#Cc3ccccn3)ccc2S1(=O)=O,0.2,CN(C)CCCSc1ccccc1NC(=O)C=Cc1ccccc1,0.19,CC1CN(C(C)CO)C(=O)c2cc(NC(=O)CCCN(C)C)ccc2OC1CN(C)Cc1ccc(C(=O)Nc2ccccc2N)cc1,0.09,CCN1CCN(CCCn2cc(-c3cc(F)ccc3C(F)(F)F)nn2)CC1
COC(=O)[C@@H]1[C@@H](CO)[C@@H]2Cn3c(ccc(C4=CCCCC4)c3=O)[C@@H]2N1Cc1ccc2OCOc2c1,0.35,COC(=O)[C@@H]1[C@@H](CO)[C@@H]2Cn3c(ccc(-c4ccccc4)c3=O)[C@@H]2N1C(=O)CC1CC1,0.08,CN(C)CCOC(C)(c1ccccc1)c1ccccn1,0.24,Cc1ccc(CNC(=O)CC2CC3c4cc(NC(=O)c5ccc6c(c5)OCO6)ccc4OC3C(CO)O2)cc1,0.1,CN(C)C(C(=O)c1ccc(Cl)cc1)c1ccccc1
COC(=O)[C@H]1[C@H](CO)[C@H]2Cn3c(ccc(-c4ccccc4OC)c3=O)[C@@H]1N2Cc1ccccc1,0.18,C(CN1CCN(CC=Cc2ccccc2)CC1)OC(c1ccccc1)c1ccccc1,0.19,CCCCC(=O)N(Cc1ccc(cc1)-c1ccccc1-c1nn[nH]n1)[C@@H](C(C)C)C(O)=O,0.22,COc1ccc(NC(=O)NC2CCC(CCn3cc(-c4cccc(-c5ccccc5)c4)nn3)OC2CO)cc1,0.15,CCCNC(=O)CC1CC(c2ccccc2C#N)C(CO)C(NC(=O)CCCN(C)C)O1
COC(=O)[C@H]1[C@H](CO)[C@H]2Cn3c(ccc(C4=CCCCC4)c3=O)[C@H]2N1Cc1ccc2OCOc2c1,0.08,Nc1cc(nc(N)[n+]1[O-])N2CCCCC2,0.1,C[C@@]1(CCCN1)c1nc2c(cccc2[nH]1)C(N)=O,0.25,COc1ccc(CNC(=O)CC2CC3c4cc(NC(=O)c5ccc6c(c5)OCO6)ccc4OC3C(CO)O2)cc1,0.08,CCOC(=O)COc1c(C)c(C)c(C)c(C)c1C
COCC#Cc1ccc(cc1)[C@@H]1[C@@H](CO)N([C@@H]1C#N)C(=O)Cc1ccccc1,0.25,C[C@@H](CO)N1C[C@H](C)[C@@H](CN(C)Cc2ccc(cc2)C(=O)O)Oc3ncc(C#CCc4ccccc4)cc3C1=O,0.12,Clc1ccccc1CN1CCc2sccc2C1,0.21,COc1cccc(NC(=O)N(C)CC2OCCCCC(C)Oc3ccc(NC(=O)Cc4ccccc4)cc3C(=O)N(C(C)CO)CC2C)c1,0.16,COC1CN(C)C(=O)c2ccc(NS(C)(=O)=O)cc2OCC(C)N(C(=O)Cc2cccnc2)CC1C
COCC#Cc1ccc(cc1)[C@H]1[C@@H](CO)N([C@@H]1C#N)C(=O)Cc1ccccc1,0.1,Fc1ccc(NC(=O)Nc2nnc(s2)-c2ccncc2)cc1C(F)(F)F,0.1,CCCc1c(OCCCCc2nnn[nH]2)ccc(C(C)=O)c1O,0.23,CC1CN(C(C)CO)S(=O)(=O)c2ccc(C3=CCCCC3)cc2OC1CN(C)C(=O)Cc1ccccc1,0.09,CCC(=O)N1CC(C)COC(C)CCCC(CN(C)C(=O)CCC(F)(F)F)Oc2c(NC(=O)CCC(F)(F)F)cccc2C1=O
COCC#Cc1ccc(cc1)[C@H]1[C@H](CO)N([C@H]1C#N)C(=O)Cc1ccccc1,0.48,CN(C)CC(=O)N1[C@H](CO)[C@@H]([C@H]1C#N)c1ccc(cc1)C#Cc1cccnc1,0.18,Cc1cccc(CN2CCN(CC2)C(c2ccccc2)c2ccc(Cl)cc2)c1,0.19,COc1ccc(CNC(=O)CC2CC3c4cc(NC(=O)Cc5cccnc5)ccc4OC3C(CO)O2)cc1,0.13,CNCC(=O)Nc1ccc2c(c1)CN(C(=O)CC1CC1)CCC(NC(=O)CC1CC1)C(C)N(C(C)CO)C(CN(C)Cc1cccc(C(F)(F)F)c1)C(C)O2
COCC(=O)N1C[C@@H](C)[C@@H](CN(C)C(=O)c2cc(NC(=O)c3ccc(cc3)-c3ccccc3)ccc2OC[C@H]1C)OC,0.4,CO[C@H]1CN(C)C(=O)c2cc(NS(=O)(=O)c3ccccc3OC)ccc2OC[C@H](C)NC[C@H]1C,0.12,Clc1ccccc1CN1CCc2sccc2C1,0.6,CCCNC(=O)N1CC(C)C(OC)CN(C)C(=O)c2cc(NC(=O)c3ccc(F)cc3)ccc2OCC1C,0.21,COc1ccc(-c2ccc3c(c2)OC(CN(C)Cc2ccc(C(F)(F)F)cc2)C(C)CN(C(C)CO)S3(=O)=O)cc1
COCC(=O)Nc1ccc2O[C@@H]3[C@@H](C[C@@H](CC(=O)N[C@@H](C)c4ccccc4)O[C@@H]3CO)c2c1,0.16,C[C@@H](CO)N1C[C@H](C)[C@H](CN(C)C(=O)Nc2ccc(cc2)C(F)(F)F)OCc3cn(CCCC1=O)nn3,0.14,[O-][N+](=O)c1ccc2NC(=O)C3(NNc4ccccc4O3)c2c1,0.31,CCCNC(=O)NC1CCC(CC(=O)Nc2ccc(-c3ccccc3)cc2)OC1CO,0.06,Cc1c(C)c(C)c(CN2CCN(CCCNC(=N)N)CC2)c(C)c1C
COCC(=O)Nc1ccc2O[C@@H]3[C@@H](C[C@@H](CC(=O)N[C@@H](C)c4ccccc4)O[C@H]3CO)c2c1,0.1,COc1cc(C(=O)O)c2Oc3c(C=O)c(O)cc(C)c3C(=O)Oc2c1C,0.22,CNCC[C@@H](Oc1ccccc1C)c1ccccc1,0.54,COc1ccc(CNC(=O)CC2CC3c4cc(NC(=O)CN(C)C)ccc4OC3C(CO)O2)cc1,0.15,CC1COC2CN(C)CC(=O)COC2C1c1ccccc1C(=O)NCc1c(F)c(F)c(F)c(F)c1F
COCC(=O)Nc1ccc2O[C@@H]3[C@@H](C[C@@H](CC(=O)N[C@H](C)c4ccccc4)O[C@@H]3CO)c2c1,0.19,OC[C@@H]1[C@H]2Cn3c(ccc(C4=CCCC4)c3=O)[C@@H]([C@H]1C(=O)NC1CCCC1)N2C(=O)c1ccccc1,0.16,OC(COc1cccc2oc(cc(=O)c12)C(O)=O)COc1cccc2oc(cc(=O)c12)C(O)=O,0.47,CCNC(=O)CC1CC2c3cc(NC(=O)c4ccc5c(c4)OCO5)ccc3OC2C(CO)O1,0.13,CN(C)C(=O)C1C(CO)C2Cn3c(ccc(-c4cncnc4)c3=O)C2N1C(=O)c1c(F)c(F)c(F)c(F)c1F
COCC(=O)Nc1ccc2O[C@@H]3[C@@H](C[C@@H](CC(=O)N[C@H](C)c4ccccc4)O[C@H]3CO)c2c1,0.46,OC[C@H]1O[C@@H](CC(=O)N2CCOCC2)C[C@@H]3[C@H]1Oc4ccc(NC(=O)Nc5ccccc5F)cc34,0.2,CCOc1cc(CC(=O)N[C@@H](CC(C)C)c2ccccc2N2CCCCC2)ccc1C(O)=O,0.6,CC(C)NC(=O)Nc1ccc2c(c1)C1CC(CC(=O)NCCc3ccccc3)OC(CO)C1O2,0.17,COC1CN(S(=O)(=O)c2ccc(C)cc2C)CC(C)Oc2ccc(NC(=O)C3CCCCC3)cc2C(=O)N(C)CC1C
COCC(=O)Nc1ccc2O[C@@H]3[C@@H](C[C@H](CC(=O)N[C@@H](C)c4ccccc4)O[C@@H]3CO)c2c1,0.38,OC[C@@H]1O[C@@H](CC(=O)N2CCCCC2)C[C@@H]3[C@H]1Oc4ccc(NC(=O)NC5CCCC5)cc34,0.38,OC[C@@H]1O[C@@H](CC(=O)N2CCCCC2)C[C@@H]3[C@H]1Oc4ccc(NC(=O)NC5CCCC5)cc34,0.41,COc1ccc(CNC(=O)CC2CC3c4cc(NS(=O)(=O)c5ccc(F)cc5)ccc4OC3C(CO)O2)cc1,0.17,O=C(CC1CC2(C(=O)Nc3ccccc3C(F)(F)F)Cn3c(cc(-c4ccccc4F)cc3=O)C1N2)N[SH](=O)=O
COCC(=O)Nc1ccc2O[C@@H]3[C@@H](C[C@H](CC(=O)N[C@@H](C)c4ccccc4)O[C@H]3CO)c2c1,0.4,OC[C@@H]1O[C@@H](CC(=O)NCCN2CCCCC2)C[C@H]3[C@@H]1Oc4ccc(NC(=O)c5ccc6OCOc6c5)cc34,0.19,COC(=O)C1=C(C)NC(C)=C(C1c1cccc(c1)[N+]([O-])=O)C(=O)OCCN(C)Cc1ccccc1,0.48,CCCNC(=O)Nc1ccc2c(c1)C1CC(CC(=O)NCCc3cccnc3)OC(CO)C1O2,0.11,CC(C)(C)S(=O)N1CCCOC(O)C2CC(CC(=O)NCc3c(F)c(F)c(F)c(F)c3F)COC21
COCC(=O)Nc1ccc2O[C@@H]3[C@@H](C[C@H](CC(=O)N[C@H](C)c4ccccc4)O[C@@H]3CO)c2c1,0.23,Cc1cccc(c1)S(=O)(=O)N1C[C@@H](O)COC[C@@H]2O[C@H](CC(=O)Nc3ccc(cc3)-c3ccccc3)CC[C@@H]12,0.11,Oc1ccc(cc1)-c1coc2cc(O)cc(O)c2c1=O,0.43,COc1ccc(CNC(=O)CC2CC3c4cc(N(C)C)ccc4OC3C(CO)O2)cc1,0.1,NS(=O)NCCCN1CCN(Cc2ccc3cc[nH]c3c2)CC1
COCC(=O)Nc1ccc2O[C@@H]3[C@@H](C[C@H](CC(=O)N[C@H](C)c4ccccc4)O[C@H]3CO)c2c1,0.13,Fc1cccc(F)c1S(=O)(=O)N2CCN(CC2)C(=O)c3ccc4OCCOc4c3,0.12,CCC1CCc2sc(cc2C1)C(=O)Nc1cc(ccc1OC)S(=O)(=O)N1CCOCC1,0.44,CCNC(=O)CC1CC2c3cc(NS(=O)(=O)c4ccc(C(F)(F)F)cc4)ccc3OC2C(CO)O1,0.16,CNCC1Oc2c(NS(=O)(=O)c3cn(C)cn3)cccc2C(=O)N(C(C)CO)CC1C
COCC(=O)Nc1ccc2O[C@H]3[C@H](C[C@@H](CC(=O)N[C@@H](C)c4ccccc4)O[C@@H]3CO)c2c1,0.54,COCCNC(=O)C[C@@H]1C[C@H]2[C@H](Oc3ccc(NC(=O)CN(C)C)cc23)[C@H](CO)O1,0.19,CC(=O)SCC(Cc1ccccc1)C(=O)NCC(=O)OCc1ccccc1,0.18,O=C(O)c1ccc(NC(=O)c2ccc(Cl)cc2)cc1,0.16,CCCNC(=O)Nc1ccc2c(c1)OC(CN(C)Cc1cc(OC)c(OC)c(OC)c1)C(C)NCCC(OC)CN(C)C2=O
COCC(=O)Nc1ccc2O[C@H]3[C@H](C[C@@H](CC(=O)N[C@@H](C)c4ccccc4)O[C@H]3CO)c2c1,0.14,Fc1ccc(NC(=O)Nc2nnc(s2)-c2ccncc2)cc1C(F)(F)F,0.11,CCOC(=O)c1ncn-2c1CN(C)C(=O)c1cc(F)ccc-21,0.46,CS(=O)(=O)Nc1ccc2c(c1)C1CC(CC(=O)NCc3ccc(F)cc3)OC(CO)C1O2,0.25,COc1ccc(CNC(=O)CC2OCC(CO)CC2NC(=O)Cc2ccccn2)cc1
COCC(=O)Nc1ccc2O[C@H]3[C@H](C[C@@H](CC(=O)N[C@H](C)c4ccccc4)O[C@@H]3CO)c2c1,0.24,CN1[C@H]2CC[C@H](CC(=O)N[C@@H]3CCN(Cc4ccccc4)C3)O[C@H]2COc2ccc(NC(=O)c3ccc(F)c(F)c3)cc2C1=O,0.14,NC(NCc1ccccc1)=N/C(=O)c1nc(Cl)c(N)nc1N,0.51,CCCNC(=O)CC1CC2c3cc(NC(=O)c4cccnc4)ccc3OC2C(CO)O1,0.35,CC(NC(=O)CC1OC(CO)C(CO)CC1NC(=O)CN1CCOCC1)c1ccccc1
COCC(=O)Nc1ccc2O[C@H]3[C@H](C[C@@H](CC(=O)N[C@H](C)c4ccccc4)O[C@H]3CO)c2c1,0.38,OC[C@@H]1O[C@@H](CC(=O)N2CCCCC2)C[C@@H]3[C@H]1Oc4ccc(NC(=O)NC5CCCC5)cc34,0.11,COc1cc2nc(nc(N)c2cc1OC)N3CCN(CC3)C(=O)c4ccco4,0.52,COc1ccccc1CNC(=O)CC1CC2c3cc(NC(=O)Cc4ccncc4)ccc3OC2C(CO)O1,0.19,CC1CCCCOC(CN(C)Cc2ccc(C(F)(F)F)cc2)C(C)CN(C(C)CO)C(=O)c2cc(NC(=O)CCN3CCOCC3)ccc2O1
COCC(=O)Nc1ccc2O[C@H]3[C@H](C[C@H](CC(=O)N[C@@H](C)c4ccccc4)O[C@@H]3CO)c2c1,0.38,OC[C@@H]1O[C@@H](CC(=O)N2CCCCC2)C[C@@H]3[C@H]1Oc4ccc(NC(=O)NC5CCCC5)cc34,0.13,CCCCc1nc(Cl)c(CO)n1Cc1ccc(cc1)-c1ccccc1-c1nnn[nH]1,0.55,COc1ccc(CNC(=O)CC2CC3c4cc(NC(=O)Cc5ccccc5)ccc4OC3C(CO)O2)cc1,0.02,CCCNCCCNCCCNCCCNCCCNCCCNCCCNCCCNCCCNCCCNCCCNCCCNCCCNCCCNCCCNCCCNCCCNCCCNCCCNCCCNCCCNCCCNCCCNCCCNCCO
COCC(=O)Nc1ccc2O[C@H]3[C@H](C[C@H](CC(=O)N[C@@H](C)c4ccccc4)O[C@H]3CO)c2c1,0.13,C[C@H](CO)N1C[C@H](C)[C@@H](CN(C)C(=O)c2ccc(cc2)N3CCN(C)CC3)OCc4cn(CCCC1=O)nn4,0.17,CNCCCCOc1ccccc1Cc1ccccc1,0.46,CCCNC(=O)CC1CC2c3cc(NC(=O)c4ccc5c(c4)OCO5)ccc3OC2C(CO)O1,0.17,COc1ccc(-c2cccc(OCC(=O)NCCCN3CCOCC3)c2)cc1
COCC(=O)Nc1ccc2O[C@H]3[C@H](C[C@H](CC(=O)N[C@H](C)c4ccccc4)O[C@H]3CO)c2c1,0.15,Clc1ccc(CCNC(=O)Cn2c3ccccc3c3nc4SCCn4c(=O)c23)cc1,0.1,[O-][N+](=O)c1ccc(cc1)-c1ccc(C=NN2CC(=O)NC2=O)o1,0.44,COc1ccc(CNC(=O)CC2CC3c4cc(NC(=O)Nc5ccc(C(F)(F)F)cc5)ccc4OC3C(CO)O2)cc1,0.13,CCOc1ccccc1C(=O)NCCCN1CCCC1
COCCNC(=O)C[C@@H]1C[C@@H]2[C@@H](Oc3ccc(NC(=O)Nc4ccc(cc4)C(F)(F)F)cc23)[C@@H](CO)O1,0.7,OC[C@@H]1O[C@@H](CC(=O)NCc2cc(F)ccc2F)C[C@@H]3[C@H]1Oc4ccc(NC(=O)Nc5ccc(cc5)C(F)(F)F)cc34,0.09,CCC1(C(=O)NCNC1=O)c1ccccc1,0.74,COc1ccc(CNC(=O)CC2CC3c4cc(NC(=O)Nc5ccc(C(F)(F)F)cc5)ccc4OC3C(CO)O2)cc1,0.14,CN(C)C(=O)CC1OCCC2(CO)Oc3c(NS(C)(=O)=O)cccc3C12
COCCNC(=O)C[C@@H]1C[C@@H]2[C@@H](Oc3ccc(NC(=O)Nc4ccc(cc4)C(F)(F)F)cc23)[C@H](CO)O1,0.19,C[C@H](CO)N1C[C@@H](C)[C@H](CN(C)Cc2ccc(Cl)c(Cl)c2)Oc3ccc(NC(=O)CCN4CCOCC4)cc3C1=O,0.19,C[C@H](CO)N1C[C@@H](C)[C@H](CN(C)Cc2ccc(Cl)c(Cl)c2)Oc3ccc(NC(=O)CCN4CCOCC4)cc3C1=O,0.62,CN(C)C(=O)CC1CC2c3cc(NC(=O)Nc4ccc(F)cc4)ccc3OC2C(CO)O1,0.14,CNCC1OCc2ccccc2-c2ccccc2C(=O)N(C(C)CO)CC1C
COCCNC(=O)C[C@@H]1C[C@H]2[C@H](Oc3ccc(NC(=O)Nc4ccc(cc4)C(F)(F)F)cc23)[C@@H](CO)O1,0.19,OC[C@H]1O[C@H](CCNS(=O)(=O)c2ccc(Cl)cc2)CC[C@@H]1NC(=O)c1ccccn1,0.15,COC(=O)C1=C(C)N=C(C)C(C1c1cccc(c1)[N+]([O-])=O)C(=O)OCCN(C)Cc1ccccc1,0.54,CCCNC(=O)Nc1ccc2c(c1)C1CC(CC(=O)NCCc3ccccc3)OC(CO)C1O2,0.16,CNC(=O)CC1CC(C(=O)NCCCN2CCOCC2)CC(NC(=O)Cc2ccccn2)O1
COCCNC(=O)C[C@@H]1C[C@H]2[C@H](Oc3ccc(NC(=O)Nc4ccc(cc4)C(F)(F)F)cc23)[C@H](CO)O1,0.1,COc1ccccc1OCC(O)COC(N)=O,0.13,OC1(CCN(CCCC(=O)c2ccc(F)cc2)CC1)c1ccc(Cl)cc1,0.53,CCCNC(=O)CC1CC2c3cc(NC(=O)Cc4ccncc4)ccc3OC2C(CO)O1,0.2,Nc1nc2cc(S(=O)(=O)c3ccc(C(F)(F)F)cc3)ccc2[nH]1
COCCNC(=O)C[C@H]1C[C@@H]2[C@@H](Oc3ccc(NC(=O)Nc4ccc(cc4)C(F)(F)F)cc23)[C@@H](CO)O1,0.4,CN(C)CC(=O)Nc1ccc2O[C@@H]3[C@@H](C[C@@H](CC(=O)N4CCCCC4)O[C@@H]3CO)c2c1,0.09,COc1cc(N)c(Cl)cc1C(=O)NC1CN2CCC1CC2,0.53,CCCNC(=O)CC1CC2c3cc(NC(=O)Cc4ccncc4)ccc3OC2C(CO)O1,0.18,CC=Cc1ccc2c(c1)N(C(C)CO)SC(C)C(CC(=O)NCC(F)(F)F)OC2CN(C)CCCCC
COCCNC(=O)C[C@H]1C[C@@H]2[C@@H](Oc3ccc(NC(=O)Nc4ccc(cc4)C(F)(F)F)cc23)[C@H](CO)O1,0.14,OC[C@@H]1[C@H]2Cn3c(cccc3=O)[C@H](N2)[C@H]1C(=O)N1CCc2ccccc2C1,0.19,CC1(C)CCC(C)(C)c2cc(ccc12)C(=O)Nc1ccc(cc1)C(O)=O,0.54,CCCNC(=O)CC1CC2c3cc(NC(=O)c4cccnc4)ccc3OC2C(CO)O1,0.21,CC1C(=O)N(C(C)CO)Cc2c(NC(=O)CCC(F)(F)F)cccc2OC1CN(C)Cc1ccncc1
COCCNC(=O)C[C@H]1C[C@H]2[C@H](Oc3ccc(NC(=O)Nc4ccc(cc4)C(F)(F)F)cc23)[C@@H](CO)O1,0.17,CCCC#Cc1ccc2c(O[C@@H](CN(C)C(=O)Nc3ccccc3F)[C@@H](C)CN([C@H](C)CO)S2(=O)=O)c1,0.16,C[C@H](CO)N1C[C@@H](C)[C@H](CN(C)C(=O)c2ccc3OCOc3c2)Oc4cc(ccc4S1(=O)=O)c5ccccc5,0.43,CCOC(=O)CC1CC2c3cc(NC(=O)c4ccc5c(c4)OCO5)ccc3OC2C(CO)O1,0.13,Cc1c(NC(=O)CCC(N)=O)ccc(C(=O)NCCCNC(=O)CCC(=O)Nc2cc(C(=O)NCCCNC(=O)c3cccnc3)ccc2C(=O)NCCCNC(=O)c2ccncc2)c1C(=O)Nc1ccccc1C(F)(F)F
COCCNC(=O)C[C@H]1C[C@H]2[C@H](Oc3ccc(NC(=O)Nc4ccc(cc4)C(F)(F)F)cc23)[C@H](CO)O1,0.41,CN1CCN(CC1)C(=O)C[C@H]2C[C@H]3[C@H](Oc4ccc(NC(=O)Cc5ccncc5)cc34)[C@H](CO)O2,0.11,Clc1ccc2Oc3ccccc3N=C(N3CCNCC3)c2c1,0.53,COc1ccc(CNC(=O)CC2CC3c4cc(NC(=O)CN(C)C)ccc4OC3C(CO)O2)cc1,0.01,CCCCCCCCCCCC=CCCCCCCCCCCCCCCCCCCCCCCCCCCCCCCCCCCCCCCCCCCCCCCCCCCCCCCCCCCCCCCCCCCCCCCCCCCCCCCCCCCCCCCCCC
COCCOC(=O)C1C(C(=C(C)N=C1C)C(=O)OC(C)C)c2cccc(c2)[N+](=O)[O-],0.1,Nc1ccc(O)c(c1)C(O)=O,0.08,Oc1ccc(cc1)-c1coc2cc(O)cc(O)c2c1=O,0.16,CCC(=O)Nc1ccc2c(c1)C(=O)N(C)CC(OC)C(C)CN(C(=O)CC)C(C)CO2,0.12,CCN(CC)CCOC(C)(C)C(O)CN1Cc2ccccc2S1(=O)=O
CO[C@@H](CN(C)S(=O)(=O)c1cccc(Cl)c1)[C@@H](C)CN([C@@H](C)CO)S(=O)(=O)c1cccc(Cl)c1,0.14,CC(C)(C)S(=O)N1Cc2cc(nc(c2[C@@H]1CCO)c3cccc(c3)c4cccc(F)c4)C(=O)NCCCN5CCOCC5,0.17,COC(=O)C1=C(C)NC(C)=C(C1c1cccc(c1)[N+]([O-])=O)C(=O)OCCN(C)Cc1ccccc1,0.24,CC1CN(C(C)CO)S(=O)(=O)c2ccc(C#CCN(C)C)cc2OC1CN(C)S(=O)(=O)c1ccc(Cl)cc1,0.11,CN(C)CCCC(O)c1ccccc1C(=O)NCCCN1CCOCC1
CO[C@@H](CN(C)S(=O)(=O)c1cccc(Cl)c1)[C@@H](C)CN([C@H](C)CO)S(=O)(=O)c1cccc(Cl)c1,0.1,CO[C@@H]1CC[C@@H]2CCOc3c(cccc3C(=O)N(C)C[C@@H](C)C(=O)N(C)C[C@H]1O2)C#N,0.13,Oc1cccc2cc(C(=O)Nc3cccc(c3)-c3cn4ccccc4n3)c(=O)oc12,0.24,COc1cccc(S(=O)(=O)N(C)CC2OCc3ccccc3-c3ccccc3C(=O)N(C(C)CO)CC2C)c1,0.14,NS(=O)(=O)c1ccc(C(=O)Nc2ccc3c(c2)C2CC(CC(=O)NCC(F)(F)F)OC(CO)C2O3)cc1
CO[C@@H](CN(C)S(=O)(=O)c1cccc(Cl)c1)[C@H](C)CN([C@@H](C)CO)S(=O)(=O)c1cccc(Cl)c1,0.45,CO[C@@H](CN(C)S(=O)(=O)c1ccc(Cl)cc1)[C@@H](C)CN(Cc1ccccc1Cl)[C@@H](C)CO,0.15,COc1cc2ncn(-c3cc(OCc4ccccc4S(C)(=O)=O)c(s3)C#N)c2cc1OC,0.18,CC1CN(C(C)CO)S(=O)(=O)c2ccc(-c3ccccc3C(=O)N(C)C)cc2OC1CN(C)C(=O)CCC(F)(F)F,0.13,CC(C)NC(=O)NC1C=C(CO)C(CC(=O)N2CCC(Cc3ccccc3)CC2C)OC1
CO[C@@H](CN(C)S(=O)(=O)c1cccc(Cl)c1)[C@H](C)CN([C@H](C)CO)S(=O)(=O)c1cccc(Cl)c1,0.45,CO[C@H](CN(C)S(=O)(=O)c1ccc(Cl)cc1)[C@H](C)CN(Cc1ccccc1Cl)[C@@H](C)CO,0.08,C(c1cnc[nH]1)c1ccncc1,0.2,CCCNC(=O)Nc1ccc2c(c1)CC(=O)N(C(C)CO)CC(C)C(CN(C)S(=O)(=O)c1ccc(C)cc1)O2,0.06,CNCC12OCC(=O)CNC(CN(C)CC3CCOCC3)C1OCC(NC(=O)CCCN(C)C)C2C
CO[C@@H]1CC[C@@H]2CCN(C)C(=O)C[C@@H](CN(C)C(=O)c3cccc(C#N)c3OC[C@@H]1O2)c1ccccc1,0.19,CC(C)NC(=O)N(C)C[C@H]1OCCCC[C@@H](C)Oc2ccc(NC(=O)Cc3ccccc3)cc2C(=O)N(C[C@@H]1C)[C@@H](C)CO,0.04,CCCCC[C@H](O)/C=C/[C@H]1C=CC(=O)[C@@H]1CCCCCCC(=O)O,0.18,COc1ccc(NC(=O)N(C)CC2OCc3ccccc3-c3c(n(C)c4ccccc34)C(=O)N(C(C)CO)CC2C)cc1,0.14,Cc1cc(S(=O)(=O)N2CCCc3ccccc32)c(C)c(C)c1C(=O)N(C)C
CO[C@@H]1CC[C@@H]2CCN(C)C(=O)C[C@@H](CN(C)C(=O)c3cccc(C#N)c3OC[C@H]1O2)c1ccccc1,0.45,CO[C@H]1CC[C@H]2CCN(C)C(=O)CCCN(C)C(=O)c3cc(ccc3OC[C@@H]1O2)C#N,0.09,Cc1cccc(C)c1NC1=NCCCS1,0.22,CC1CN(C(C)CO)C(=O)c2c(c3ccccc3n2C)-c2ccccc2COC1CN(C)C(=O)NC1CCCCC1,0,CCCCCCCCCCCCCCCCCCCCCCCCCCCCCCCCCCCCCCCCCCCCCCCCCCCCCCCCCCCCCCCCCCCCCCCCCCCCCCCCCCCCCCCCCCCCCCCCCCCNC
CO[C@@H]1CC[C@@H]2CCN(C)C(=O)C[C@H](CN(C)C(=O)c3cccc(C#N)c3OC[C@@H]1O2)c1ccccc1,0.12,OC[C@H]1O[C@H](CC(=O)O)C[C@H]2[C@@H]1Oc3ccc(NC(=O)Nc4ccc(cc4)C(F)(F)F)cc23,0.19,OC[C@H]1[C@@H]([C@H](C#N)N1S(=O)(=O)c1ccccc1)c1ccc(cc1)C1=CCCCC1,0.25,CCCNC(=O)N1CC(C)C(OC)CN(C)C(=O)c2cc(NC(=O)Cc3ccccc3)ccc2OCC1C,0.07,COc1ccc(C(=O)NCC(=O)NC(Cc2ccc(C(C)(C)C)cc2)C(=O)NC(Cc2ccc(C(C)(C)C)cc2)C(=O)NC(Cc2ccc(C(C)(C)C)cc2)C(=O)NCCc2ccc(C(C)(C)C)cc2)cc1
CO[C@@H]1CC[C@@H]2CCN(C)C(=O)C[C@H](CN(C)C(=O)c3cccc(C#N)c3OC[C@H]1O2)c1ccccc1,0.07,CC[C@H]1OC(=O)[C@H](C)[C@@H](O[C@H]2C[C@@](C)(OC)[C@@H](O)[C@H](C)O2)[C@H](C)[C@@H](O[C@@H]2O[C@H](C)C[C@@H]([C@H]2OC(=O)CC)N(C)C)[C@](C)(O)C[C@@H](C)C(=O)[C@H](C)[C@@H](O)[C@]1(C)O,0.11,CCCCc1oc2ccccc2c1C(=O)c1cc(I)c(OCCN(CC)CC)c(I)c1,0.23,COC1CN(C)C(=O)c2cc(NS(=O)(=O)c3ccc(F)cc3)ccc2OCC(C)NCC1C,0.17,CN(C)C(=O)C1C(CO)C2Cn3c(ccc(-c4ccccn4)c3=O)C1N2C(=O)C1CCOCC1
CO[C@@H]1CC[C@@H]2CCN(C)C(=O)[C@@H](C)CN(C)C(=O)c3cccc(C#N)c3OC[C@@H]1O2,0.45,CO[C@H]1CC[C@@H]2CCN(C)C(=O)C[C@@H](CN(C)C(=O)c3cc(ccc3OC[C@H]1O2)C#N)c1ccccc1,0.11,C[C@@H](NC(=O)C[C@H]1CC[C@@H](NS(=O)(=O)c2cccc(F)c2)[C@H](CO)O1)c1ccccc1,0.23,CCCNC(=O)N1CC(C)C(OC)CN(C)C(=O)c2ccc(NS(C)(=O)=O)cc2OCC1C,0,NCC(O)C=CC=CC=CCCCCCCCCCCCCCCCCCCCCCCCCCCCCCCCCCCCCCC(=O)O
CO[C@@H]1CC[C@@H]2CCN(C)C(=O)[C@@H](C)CN(C)C(=O)c3cccc(C#N)c3OC[C@H]1O2,0.54,CO[C@@H]1CC[C@H]2CCN(C)C(=O)[C@H](C)N(C)C(=O)c3cc(ccc3OC[C@H]1O2)C#N,0.1,CC1(C)CCC(C)(C)c2cc(ccc12)C(=O)Nc1ccc(cc1)C(O)=O,0.54,COC1CCC2CCN(C)C(=O)C(C)C(OC)CN(C)C(=O)c3cc(C#N)ccc3OCC1O2,0.12,CCC#Cc1ccc2c(c1)OC(CN(C)Cc1nccs1)C(C)CN(C(C)CO)S2(=O)=O
CO[C@@H]1CC[C@@H]2CCN(C)C(=O)[C@H](C)CN(C)C(=O)c3cccc(C#N)c3OC[C@H]1O2,0.45,CO[C@@H]1CC[C@@H]2CCN(C)C(=O)C[C@H](CN(C)C(=O)c3cc(ccc3OC[C@H]1O2)C#N)c1ccccc1,0.15,COc1ccc(cc1OC1CCCC1)C1CNC(=O)C1,0.23,CCCC(=O)Nc1ccc2c(c1)C(=O)N(C)CC(OC)C(C)CN(CCC)C(C)CO2,0.2,CC(C)NC(=O)N1CC(C)C(=O)OCC2OC(CC(=O)NC3CCN(Cc4ccccc4)C3)CCC21
CO[C@@H]1CC[C@@H]2CCOc3ccc(cc3C(=O)N(C)[C@@H](C)C(=O)N(C)C[C@H]1O2)C#N,0.71,CO[C@@H]1CC[C@H]2CCOc3ccc(cc3C(=O)N(C)C[C@@H](OC)[C@@H](C)C(=O)N(C)C[C@@H]1O2)C#N,0.1,CC=Cc1ccc(cc1)[C@@H]1[C@@H](CO)N([C@@H]1C#N)C(=O)c1cccnc1,0.24,COC1CN(C)C(=O)c2cc(NS(=O)(=O)c3ccc(F)cc3)ccc2OCC(C)NCC1C,0.08,CCOC(=O)C(NC(=O)CNC(=O)c1ccccc1N)C(C)(C)C
CO[C@@H]1CC[C@@H]2CCOc3ccc(cc3C(=O)N(C)[C@H](C)C(=O)N(C)C[C@@H]1O2)C#N,0.12,C[C@H](CO)N1C[C@@H](C)[C@H](CN(C)C(=O)Nc2cccc(c2)C(F)(F)F)OCc3ccccc3-c4ccccc4C1=O,0.14,CN1[C@H]2CC[C@@H]1CC(C2)OC(=O)C1C=Nc2ccccc12,0.27,CCCNC(=O)Nc1ccc2c(c1)C(=O)N(C)CC(OC)C(C)CN(C(=O)C1CC1)C(C)CO2,0.11,CCCNC(=O)C1CC2(CO)NC1Cn1c2c(-c2ccncc2)ccc1=O
CO[C@@H]1CC[C@@H]2CCOc3ccc(cc3C(=O)N(C)[C@H](C)C(=O)N(C)C[C@H]1O2)C#N,0.09,OC[C@@H]1O[C@@H](CC(=O)NCCc2ccncc2)CC[C@H]1NC(=O)Cc1ccccn1,0.08,CCCCC(=O)N(Cc1ccc(cc1)-c1ccccc1-c1nn[nH]n1)[C@@H](C(C)C)C(O)=O,0.26,COC1CN(C)C(=O)c2cc(NS(=O)(=O)c3ccc(C)cc3)ccc2OCC(C)N(CC2CCOCC2)CC1C,0.1,CN(C)C(=O)CC1CC(C(=O)NCCN2CCCCC2)C(CO)C(N(C)C)O1
CO[C@@H]1CC[C@H]2CCN(C)C(=O)C[C@@H](CN(C)C(=O)c3cccc(C#N)c3OC[C@@H]1O2)c1ccccc1,0.14,Fc1ccc(NC(=O)Cn2sc3ccccc3c2=O)cc1,0.15,CCOc1cc(CC(=O)N[C@@H](CC(C)C)c2ccccc2N2CCCCC2)ccc1C(O)=O,0.42,COC1CCC2CCN(C)C(=O)C(C)C(OC)CN(C)C(=O)c3cc(C#N)ccc3OCC1O2,0.09,CNC(=O)c1ncccc1C(=O)Nc1cc(C)c(C)c(C)c1C
CO[C@@H]1CC[C@H]2CCN(C)C(=O)C[C@@H](CN(C)C(=O)c3cccc(C#N)c3OC[C@H]1O2)c1ccccc1,0.13,COc1ccc(CNC(=O)c2cc3CN([C@H](CCO)c3c(n2)-c2cccc(C=CC)c2)[S@](=O)C(C)(C)C)cc1,0.02,CCN(CC)C(=S)SSC(=S)N(CC)CC,0.18,CC1CN(C(C)CO)C(=O)c2c(c3ccccc3n2C)-c2ccccc2COC1CN(C)Cc1cccnc1,0.15,CNC(=O)C(CC(C)C)NC(=O)C12CC(CO)C(c3ccc(-c4cncnc4)c(=O)n3C1)N2C(=O)c1ccccc1Oc1ccccc1
CO[C@@H]1CC[C@H]2CCN(C)C(=O)C[C@H](CN(C)C(=O)c3cccc(C#N)c3OC[C@@H]1O2)c1ccccc1,0.22,COCC(=O)N1C[C@@H](C)[C@@H](CN(C)C(=O)c2cc(NC(=O)Nc3cccc(F)c3)ccc2OC[C@@H]1C)OC,0.05,N[C@@H]1CONC1=O,0.22,COC1CN(C)C(=O)c2cc(NC(=O)NC(C)C)ccc2OCC(C)N(C(=O)c2ccccn2)CC1C,0.1,CN(C)CC(=O)NC1CCC(CCNC(=O)C2CCCCC2)OC1CO
CO[C@@H]1CC[C@H]2CCN(C)C(=O)C[C@H](CN(C)C(=O)c3cccc(C#N)c3OC[C@H]1O2)c1ccccc1,0.14,CNC[C@H]1OCCCC[C@H](C)Oc2ccc(NC(=O)NC(C)C)cc2C(=O)N(C[C@@H]1C)[C@H](C)CO,0.15,COc1ccc(cc1OC1CCCC1)C1CNC(=O)C1,0.17,COc1ccc(C2NCC3(CO)C(=O)N(Cc4ccc(C(=O)N5CCCC5)cc4)CC23)cc1,0.13,COc1ccccc1C(=O)NC1CCC(CO)C(O)C1O
CO[C@@H]1CC[C@H]2CCN(C)C(=O)[C@@H](C)CN(C)C(=O)c3cccc(C#N)c3OC[C@@H]1O2,0.42,CO[C@H]1CC[C@H]2CCOc3ccc(cc3C(=O)N(C)C[C@@H](OC)[C@@H](C)C(=O)N(C)C[C@H]1O2)C#N,0.08,COc1ccccc1Oc1c(NS(=O)(=O)c2ccc(cc2)C(C)(C)C)nc(nc1OCCO)-c1ncccn1,0.22,CCCC(=O)Nc1ccc2c(c1)OCC(C)N(C(=O)c1cccnc1)CC(C)C(OC)CN(C)C2=O,0.11,CNC(=O)CC12OCC(CO)CC1Oc1cccc(NS(=O)(=O)c3ccccc3F)c12
CO[C@@H]1CC[C@H]2CCN(C)C(=O)[C@@H](C)CN(C)C(=O)c3cccc(C#N)c3OC[C@H]1O2,0.15,Cc1cccc(c1)S(=O)(=O)N1C[C@@H](O)COC[C@@H]2O[C@H](CC(=O)Nc3ccc(cc3)-c3ccccc3)CC[C@@H]12,0.22,CO[C@H]1CN(C)C(=O)c2ccc(NC(=O)Nc3cc(F)ccc3F)cc2OC[C@@H](C)N(C)C[C@H]1C,0.22,COC1CN(C)C(=O)c2cc(NC(=O)NC(C)C)ccc2OCC(C)N(C(=O)c2cccnc2)CC1C,0.15,CCN1CCN(C(=O)C2C3Cn4c(ccc(-c5ccc(F)cc5)c4=O)C3C(CO)N2C(=O)C2CC2)CC1
CO[C@@H]1CC[C@H]2CCN(C)C(=O)[C@H](C)CN(C)C(=O)c3cccc(C#N)c3OC[C@@H]1O2,0.11,OC[C@H]1O[C@@H](CC(=O)NCc2ccc(Cl)c(Cl)c2)CC[C@H]1NS(=O)(=O)c1ccc(F)cc1,0.11,CC(=O)Nc1ccc(/C=N/NC(=O)CC2CCCCC2)cc1,0.22,CCCNC(=O)Nc1ccc2c(c1)C(=O)N(C)CC(OC)C(C)CN(C(=O)c1cccc(F)c1)C(C)CO2,0.11,CN(C)c1ccc2c(c1)C1CC(CC(=O)NCc3ccc4c(c3)OCO4)OC(CO)C1O2
CO[C@@H]1CC[C@H]2CCOc3ccc(cc3C(=O)N(C)[C@@H](C)C(=O)N(C)C[C@@H]1O2)C#N,0.11,OC[C@H]1O[C@H](CC(=O)NCc2cccnc2)C[C@@H]3[C@H]1Oc4ccc(NS(=O)(=O)c5ccc(F)cc5)cc34,0.06,CC(C)NC(=N)NC(=N)Nc1ccc(Cl)cc1,0.24,COC1CN(C)C(=O)c2cc(NC(=O)c3ccc(F)cc3)ccc2OCC(C)NCC1C,0.16,COc1ccc(Cc2cc(=O)n(C)c3ccc(NC(=O)C4CCOCC4)cc23)cc1
CO[C@@H]1CC[C@H]2CCOc3ccc(cc3C(=O)N(C)[C@@H](C)C(=O)N(C)C[C@H]1O2)C#N,0.19,CC(C)NC(=O)N(C)C[C@H]1OCCCC[C@H](C)Oc2ccc(cc2C(=O)N(C[C@@H]1C)[C@@H](C)CO)N(C)C,0.07,CNCC[C@@H](Oc1ccccc1C)c1ccccc1,0.23,COC1CN(C)C(=O)c2cc(NC(=O)NC(C)C)ccc2OCC(C)N(Cc2cccnc2)CC1C,0.14,Cc1ccc(C#Cc2ccc(C3C(CO)N(C(=O)C4CCC4)C3C(=O)NCCCN3CCOCC3)cc2)cc1
CO[C@@H]1CC[C@H]2CCOc3ccc(cc3C(=O)N(C)[C@H](C)C(=O)N(C)C[C@@H]1O2)C#N,0.71,CO[C@@H]1CC[C@@H]2CCOc3ccc(cc3C(=O)N(C)C[C@@H](OC)[C@@H](C)C(=O)N(C)C[C@H]1O2)C#N,0.08,OC[C@H]1N[C@H](C#N)[C@H]1c1ccc(C=Cc2ccccc2)cc1,0.24,COC1CN(C)C(=O)c2cc(NS(=O)(=O)c3ccc(C)cc3)ccc2OCC(C)NCC1C,0.11,Cc1cccc(C)c1CN1CCN(CCS(=O)(=O)NC(C)C(=O)O)CC1
CO[C@@H]1CC[C@H]2CCOc3ccc(cc3C(=O)N(C)[C@H](C)C(=O)N(C)C[C@H]1O2)C#N,0.5,CO[C@H]1CC[C@@H]2CCOc3c(cccc3C(=O)N(C)C[C@H](OC)[C@@H](C)C(=O)N(C)C[C@H]1O2)C#N,0.06,CC(NCCc1ccc(O)cc1)C(O)c1ccc(O)cc1,0.28,COC1CN(C)C(=O)c2cc(NC(=O)NC(C)C)ccc2OCC(C)N(C(=O)C2CC2)CC1C,0.07,Cc1c(C)c(C)c(S(=O)(=O)NNC(=O)CCCCCC(=O)NS(=O)(=O)c2cccc(NC(=O)Cn3c(C)ccc3C)c2)c(C)c1C
CO[C@@H]1CN(C)C(=O)c2cc(NC(=O)C3CCCCC3)ccc2OC[C@@H](C)N(C[C@H]1C)C(=O)Nc1ccc(cc1)C(F)(F)F,0.39,CO[C@@H]1CN(C)C(=O)c2cc(NS(=O)(=O)CC(F)(F)F)ccc2OC[C@H](C)N(Cc2nccs2)C[C@H]1C,0.09,CC(C)Cc1ccc(cc1)C(C)C(O)=O,0.44,CCCNC(=O)Nc1ccc2c(c1)C(=O)N(C)CC(OC)C(C)CN(C(=O)c1ccc3c(c1)OCO3)C(C)CO2,0.49,CCCNC(=O)Nc1ccc2c(c1)C(=O)N(C)CC(OC)C(C)CN(C(=O)c1ccc(F)cc1)C(C)CO2
CO[C@@H]1CN(C)C(=O)c2ccc(NC(=O)c3ccccn3)cc2OC[C@@H](C)N(C[C@H]1C)C(=O)Nc1ccccc1Cl,0.35,CCS(=O)(=O)Nc1ccc2OC[C@H](C)N(C[C@@H](C)[C@@H](CN(C)C(=O)c2c1)OC)C(=O)c1ccc2OCOc2c1,0.19,COc1ccccc1NC(=O)N(C)C[C@H]2OCc3cn(CCCC(=O)N(C[C@H]2C)[C@H](C)CO)nn3,0.55,CCCNC(=O)N1CC(C)C(OC)CN(C)C(=O)c2ccc(NC(=O)c3ccc(F)cc3)cc2OCC1C,0.16,CNCC1CC(C)N(C(C)CO)CC(C)COCC(=O)Cc2cc(NC(=O)NC3CCCCC3)ccc2O1
CO[C@@H]1CN(C)C(=O)c2ccc(NC(=O)c3cnccn3)cc2OC[C@@H](C)N(CCc2ccccc2)C[C@H]1C,0.12,O[C@H]1COC[C@@H]2O[C@H](CC(=O)N3CCCCC3)CC[C@H]2N(Cc2ccc3OCOc3c2)C1,0.11,CC(C)NC(=O)N1[C@H](CO)[C@H]([C@@H]1C#N)c1ccc(cc1)C#CC1CCCCC1,0.44,CCCNC(=O)Nc1ccc2c(c1)C(=O)N(C)CC(OC)C(C)CN(Cc1ccc(-c3ccccc3)cc1)C(C)CO2,0.01,CCCCCCCCCCCCCCCCCCCCCCCCCCCCCCCCCCCCCCCCCCCCCCCCCCCCCCCCCCCCCCCCCCCCCCCCCCCCCCCCCCCCCCCCCCCCCCN(CC)CC
CO[C@@H]1CN(C)C(=O)c2ccc(NC(=O)c3cnccn3)cc2OC[C@H](C)N(CCc2ccccc2)C[C@H]1C,0.16,C[C@@H](CO)N1C[C@@H](C)[C@@H](CN(C)C(=O)c2ccc(cc2)N3CCN(C)CC3)OCc4cn(CCCC1=O)nn4,0.12,COc1ccc(CCN(C)CCCC(C#N)(C(C)C)c2ccc(OC)c(OC)c2)cc1OC,0.48,CCCN1CC(C)C(OC)CN(C)C(=O)c2ccc(NS(=O)(=O)c3ccc(C)cc3)cc2OCC1C,0.2,CN(C)CCCN1C2Cn3c(cc(-c4cccnc4)cc3=O)C1C(CO)C2C(=O)NCc1cccc2c1OCO2
CO[C@@H]1CN(C)C(=O)c2ccc(NC(C)=O)cc2OC[C@@H](C)N(Cc2ccccc2F)C[C@@H]1C,0.38,COCC(=O)N1C[C@H](C)[C@H](CN(C)C(=O)c2cc(NC(=O)c3cc(C)on3)ccc2OC[C@H]1C)OC,0.13,Cc1ccc(cc1)N(CC1=NCCN1)c1cccc(O)c1,0.49,COC1CN(C)C(=O)c2ccc(NS(=O)(=O)c3ccccc3F)cc2OCC(C)NCC1C,0.17,COc1ccc(CNC(=O)CC2CC3c4cc(NC(=O)c5ccc6c(c5)OCO6)ccc4OC3C(CO)O2)cc1
CO[C@@H]1CN(C)C(=O)c2ccc(NC(C)=O)cc2OC[C@@H](C)N(Cc2ccccc2F)C[C@H]1C,0.51,CCC(=O)Nc1ccc2OC[C@@H](C)N(Cc3ccncc3)C[C@@H](C)[C@H](CN(C)C(=O)c2c1)OC,0.12,CC(C)Cc1ccc(cc1)C(C)C(O)=O,0.47,COC1CN(C)C(=O)c2cc(NS(=O)(=O)c3ccccc3F)ccc2OCC(C)N(C)CC1C,0.03,CC(C)(C)C
CO[C@@H]1CN(C)C(=O)c2ccc(NC(C)=O)cc2OC[C@H](C)N(Cc2ccccc2F)C[C@@H]1C,0.19,Cc1cccc(c1)S(=O)(=O)N1C[C@@H](O)COC[C@@H]2O[C@H](CC(=O)Nc3ccc(cc3)-c3ccccc3)CC[C@@H]12,0.48,COCC(=O)N1C[C@@H](C)[C@H](CN(C)C(=O)c2ccc(NC(=O)c3cnccn3)cc2OC[C@@H]1C)OC,0.52,CCCNC(=O)N1CC(C)C(OC)CN(C)C(=O)c2ccc(NC(=O)c3ccc(F)cc3)cc2OCC1C,0.07,COC(CN(C)Cc1c(F)c(F)c(F)c(F)c1F)C(C)CN(Cc1c(F)c(F)c(F)c(F)c1F)C(C)CO
CO[C@@H]1CN(C)C(=O)c2ccc(NC(C)=O)cc2OC[C@H](C)N(Cc2ccccc2F)C[C@H]1C,0.13,OC[C@@H]1O[C@@H](CC(=O)N2CCCCC2)C[C@@H]3[C@H]1Oc4ccc(NC(=O)NC5CCCC5)cc34,0.13,CCC(c1ccccc1)=C(/c1ccccc1)c1ccc(OCCN(C)C)cc1,0.51,CCNC(=O)Nc1ccc2c(c1)C(=O)N(C)CC(OC)C(C)CN(Cc1ccccn1)C(C)CO2,0.16,CC(C)(C)c1ccccc1C(=O)c1ccc(Cl)cc1
CO[C@H](CN(C)S(=O)(=O)c1cccc(Cl)c1)[C@@H](C)CN([C@@H](C)CO)S(=O)(=O)c1cccc(Cl)c1,0.14,C[C@@H](CO)N1C[C@@H](C)[C@H](CN(C)C(=O)c2ccccc2)OCc3cn(CCCC1=O)nn3,0.15,COc1cc2ncn(-c3cc(OCc4ccccc4S(C)(=O)=O)c(s3)C#N)c2cc1OC,0.17,CC1CN(C(C)CO)S(=O)(=O)c2ccc(-c3ccccc3C(=O)N(C)C)cc2OC1CN(C)C(=O)Nc1ccccc1,0.16,COc1cc(CNC(=O)CC23OCCCC2(CO)Oc2cc(NS(=O)(=O)c4c(F)cccc4F)ccc23)cc(OC)c1
CO[C@H](CN(C)S(=O)(=O)c1cccc(Cl)c1)[C@@H](C)CN([C@H](C)CO)S(=O)(=O)c1cccc(Cl)c1,0.11,CO[C@@H]1CN(C)C(=O)c2cc(NC(=O)NC(C)C)ccc2OC[C@@H](C)N(C[C@@H]1C)C(=O)C1CCC1,0.17,COC(=O)C1=C(C)NC(C)=C(C1c1cccc(c1)[N+]([O-])=O)C(=O)OCCN(C)Cc1ccccc1,0.22,CC(C)CC#Cc1ccc2c(c1)OC(CN(C)S(=O)(=O)c1ccc(F)cc1)C(C)CN(C(C)CO)S2(=O)=O,0.14,CC(C)NC(=O)Nc1ccc2c(c1)C1CC(CC(=O)N3CCc4ccccc4C3)OC(CO)C1O2
CO[C@H](CN(C)S(=O)(=O)c1cccc(Cl)c1)[C@H](C)CN([C@@H](C)CO)S(=O)(=O)c1cccc(Cl)c1,0.12,CC(C)NC(=O)N[C@H]1C=C[C@@H](CC(=O)NC2Cc3ccccc3C2)O[C@@H]1CO,0.1,CN1C2CCC1CC(C2)OC(=O)c1cc(Cl)cc(Cl)c1,0.18,CC(C)COC(=O)c1ccc(C(O)(CN(C)C)c2ccc(C(C)(C)C)cc2)cc1,0.12,NCc1c(O)c(O)c2ccccc2c1-c1ccc(C(=O)Nc2ccc(C(=O)O)cc2)cc1O
CO[C@H](CN(C)S(=O)(=O)c1cccc(Cl)c1)[C@H](C)CN([C@H](C)CO)S(=O)(=O)c1cccc(Cl)c1,0.26,CO[C@@H](CN(C)Cc1ccc(cc1)-c1ccccn1)[C@H](C)CN([C@@H](C)CO)C(=O)Nc1ccc(F)cc1,0.09,CC(=O)CCCCn1c(=O)n(C)c2ncn(C)c2c1=O,0.2,CC1CCCCOC(CN(C)CC2CC2)C(C)CN(C(C)CO)C(=O)c2cc(NS(=O)(=O)c3ccccc3)ccc2O1,0.12,N#CC1C(c2ccc(C3=CCCCC3)cc2)C(CO)N1C(=O)Cc1ccccn1
CO[C@H]1C=CO[C@@]2(C)Oc3c(C2=O)c2c(O)c(C=NN4CCN(C)CC4)c(NC(=O)C(C)=C/C=C/[C@H](C)[C@H](O)[C@@H](C)[C@@H](O)[C@@H](C)[C@H](OC(C)=O)[C@@H]1C)c(O)c2c(O)c3C,0.11,C[C@H](CO)N1C[C@H](C)[C@H](CN(C)S(=O)(=O)c2ccccc2)OCCCC[C@H](C)Oc3ccc(NC(=O)CCCN(C)C)cc3C1=O,0.08,Cc1cccc(CN2CCN(CC2)C(c2ccccc2)c2ccc(Cl)cc2)c1,0.13,CCCNC(=O)N1CC(C)C(OC)CN(C)C(=O)c2ccc(NC(=O)c3ccccc3F)cc2OCC1C,0.09,CN(C)CCOCCN1C2Cn3c(ccc(-c4cccnc4)c3=O)C1C(CO)C2C(=O)NCc1ccc(F)cc1
CO[C@H]1C=CO[C@@]2(C)Oc3c(C2=O)c4c(O)c(C=NN5CCN(C)CC5)c(NC(=O)C(=CC=C[C@H](C)[C@H](O)[C@@H](C)[C@@H](O)[C@@H](C)[C@H](OC(=O)C)[C@@H]1C)C)c(O)c4c(O)c3C,0.09,NCCC(O)C(=O)N[C@@H]1C[C@H](N)[C@@H](OC2O[C@H](CN)[C@@H](O)[C@H](O)[C@H]2N)[C@H](OC3O[C@H](CO)C(O)[C@H]3O)[C@H]1O,0.05,CNCCCC12CCC(c3ccccc13)c1ccccc21,0.13,COC1CN(C)C(=O)c2cc(NC(=O)c3ccc(C(F)(F)F)cc3)ccc2OCC(C)NCC1C,0.09,COCCNC(=O)CC1CC2c3cc(NS(=O)(=O)c4ccc(F)cc4)ccc3OC2C(CO)O1
CO[C@H]1CC[C@@H]2CCN(C)C(=O)C[C@@H](CN(C)C(=O)c3cccc(C#N)c3OC[C@@H]1O2)c1ccccc1,0.19,CC(C)NC(=O)N(C)C[C@H]1OCCCC[C@@H](C)Oc2ccc(NC(=O)Cc3ccccc3)cc2C(=O)N(C[C@H]1C)[C@@H](C)CO,0.07,NC(=O)c1cccc(N)c1,0.25,COC1CN(C)C(=O)c2cc(NC(=O)c3cccc(F)c3)ccc2OCC(C)N(C(=O)C2CCCCC2)CC1C,0.16,CC(NC(=O)CC1CC(NC(=O)Nc2cccc(C(F)(F)F)c2)CC(CO)O1)c1ccccc1
CO[C@H]1CC[C@@H]2CCN(C)C(=O)C[C@@H](CN(C)C(=O)c3cccc(C#N)c3OC[C@H]1O2)c1ccccc1,0.34,CO[C@H]1CC[C@H]2CCOc3ccc(cc3C(=O)N(C)C[C@H](OC)[C@@H](C)C(=O)N(C)C[C@H]1O2)C#N,0.09,Oc1ccc(cc1)C=Cc1cc(O)cc(O)c1,0.22,COC1CN(C)C(=O)c2cc(NS(=O)(=O)CC(F)(F)F)ccc2OCC(C)N(Cc2cccc(F)c2)CC1C,0.16,COc1ccccc1CNC(=O)CC1CCC2c3c(NS(=O)(=O)c4ccccc4F)cccc3OC2(CO)O1
CO[C@H]1CC[C@@H]2CCN(C)C(=O)C[C@H](CN(C)C(=O)c3cccc(C#N)c3OC[C@@H]1O2)c1ccccc1,0.58,CO[C@@H]1CC[C@H]2CCOc3ccc(cc3C(=O)N(C)C[C@H](CC(=O)N(C)C[C@H]1O2)c1ccccc1)C#N,0.11,Cc1ccc(cc1)S(=O)(=O)NC(=O)NN1CCCCCC1,0.24,COC1CN(C)C(=O)c2cc(NC(=O)c3cccc(F)c3)ccc2OCC(C)NCC1C,0.14,O=C(c1ccccc1F)N1C2Cn3c(cc(C=Cc4ccccc4)cc3=O)C1(C(=O)NCCc1ccncc1)CC2CO
CO[C@H]1CC[C@@H]2CCN(C)C(=O)C[C@H](CN(C)C(=O)c3cccc(C#N)c3OC[C@H]1O2)c1ccccc1,0.14,CC(C)NC(=O)N(C)C[C@@H]1OCCCC[C@@H](C)Oc2ccc(NC(=O)C3CCCCC3)cc2C(=O)N(C[C@H]1C)[C@@H](C)CO,0.06,CNC(NCCSCc1ccc(CN(C)C)o1)=C/[N+]([O-])=O,0.25,CCCCCC(=O)Nc1ccc2c(c1)OCC(C)N(C(=O)c1ccccc1)CC(C)C(OC)CN(C)C2=O,0.16,Cc1cccc(C2C(C#N)N(C(=O)c3cccc(F)c3)C2CO)c1
CO[C@H]1CC[C@@H]2CCN(C)C(=O)[C@@H](C)CN(C)C(=O)c3cccc(C#N)c3OC[C@H]1O2,0.15,CC(C)NC(=O)N(C)C[C@H]1OCCCC[C@@H](C)Oc2ccc(NC(=O)CCC(F)(F)F)cc2C(=O)N(C[C@H]1C)[C@H](C)CO,0.09,Oc1ccc(cc1)-c1coc2cc(O)cc(O)c2c1=O,0.26,CCCN1CC(C)C(OC)CN(C)C(=O)c2ccc(NC(=O)C3CCCCC3)cc2OCC1C,0.15,COc1ccc(S(=O)(=O)Nc2ccc3c(c2)C(=O)N(C)CC(C)C(CN(C)Cc2ccc(Cl)c(Cl)c2)O3)cc1
CO[C@H]1CC[C@@H]2CCOc3ccc(cc3C(=O)N(C)[C@@H](C)C(=O)N(C)C[C@H]1O2)C#N,0.16,C[C@@H](CO)N1C[C@@H](C)[C@@H](CN(C)CC2CC2)OCc3ccccc3-c4ccccc4C1=O,0.1,CCC[C@H](N[C@@H](C)C(=O)N1[C@H]2CCCC[C@H]2C[C@H]1C(O)=O)C(=O)OCC,0.5,COC1CCC2CCN(C)C(=O)CCCN(C)C(=O)c3cc(C#N)ccc3OCC1O2,0.08,COc1cc(C(=O)Nc2c(C)c(C)c(C)c(C)c2C)ccc1-c1ccccc1C(=O)Nc1cc(C)c(C(=O)Nc2c(C)c(C)c(C)c(C)c2C)c(C)c1C
CO[C@H]1CC[C@@H]2CCOc3ccc(cc3C(=O)N(C)[C@H](C)C(=O)N(C)C[C@@H]1O2)C#N,0.16,C[C@H](CO)N1C[C@@H](C)[C@H](CN(C)Cc2cccc3OCCCOc23)OCc4cnnn4CCCC1=O,0.07,CCC(c1ccccc1)=C(/c1ccccc1)c1ccc(OCCN(C)C)cc1,0.24,COC1CN(C)C(=O)c2cc(NS(C)(=O)=O)ccc2OCC(C)N(Cc2ccccc2Cl)CC1C,0.08,Cc1cc(O)c(C)c(N)c1NC(=O)CCCCCNC(=O)c1ccccc1-c1ccc(C2C(C(=O)NCCc3ccncc3)C(CO)N2S(C)(=O)=O)cc1
CO[C@H]1CC[C@H]2CCN(C)C(=O)C[C@@H](CN(C)C(=O)c3cccc(C#N)c3OC[C@@H]1O2)c1ccccc1,0.23,CO[C@@H]1CN(C)C(=O)c2cc(NC(=O)c3cc(C)on3)ccc2OC[C@@H](C)N(CC2CC2)C[C@H]1C,0.17,Cc1cccc(CN2CCN(CC2)C(c2ccccc2)c2ccc(Cl)cc2)c1,0.21,COc1ccc(C(=O)Nc2ccc3c(c2)C(=O)N(C)CC(OC)C(C)CN(C(=O)c2ccc(F)cc2)C(C)CO3)cc1,0.11,CC1=C([N+](=O)[O-])N2CCc3c([nH]c4c(C(=O)NCC(=O)O)cccc34)C2(C)C1
CO[C@H]1CC[C@H]2CCN(C)C(=O)C[C@@H](CN(C)C(=O)c3cccc(C#N)c3OC[C@H]1O2)c1ccccc1,0.12,CC(C)NC(=O)N(C)C[C@@H]1OCCCC[C@H](C)Oc2ccc(NC(=O)CCCN(C)C)cc2C(=O)N(C[C@@H]1C)[C@H](C)CO,0.15,COc1ccc(cc1OC1CCCC1)C1CNC(=O)C1,0.28,COC1CN(C)C(=O)c2cc(NC(=O)Cc3ccccc3)ccc2OCC(C)N(C(=O)CC2CC2)CC1C,0.12,NC(=O)c1ccc(C(=O)Nc2ccccc2C(=O)Nc2ccccc2C(=O)O)cc1
CO[C@H]1CC[C@H]2CCN(C)C(=O)C[C@H](CN(C)C(=O)c3cccc(C#N)c3OC[C@@H]1O2)c1ccccc1,0.19,C[C@@H](CO)N1C[C@@H](C)[C@@H](CN(C)Cc2ccc(cc2)c3ccccc3)OCc4cnnn4CCCC1=O,0.17,Cc1cccc(CN2CCN(CC2)C(c2ccccc2)c2ccc(Cl)cc2)c1,0.26,CCCNC(=O)N1CC(C)C(OC)CN(C)C(=O)c2ccc(NC(=O)c3ccccc3)cc2OCC1C,0.21,CCCCNC(=O)Nc1ccc2c(c1)C(=O)N(C)CC(OC)C(C)CN(CC1CC1)C(C)CO2
CO[C@H]1CC[C@H]2CCN(C)C(=O)C[C@H](CN(C)C(=O)c3cccc(C#N)c3OC[C@H]1O2)c1ccccc1,0.19,COc1cccc(c1)S(=O)(=O)N(C)C[C@H]2OCc3ccccc3-c4ccccc4C(=O)N(C[C@@H]2C)[C@@H](C)CO,0.16,Fc1cccc(F)c1S(=O)(=O)N2CCN(CC2)C(=O)c3ccc4OCCOc4c3,0.22,CCCN1CC(C)C(OC)CN(C)C(=O)c2ccc(NS(=O)(=O)c3ccc(Cl)cc3)cc2OCC1C,0.05,CC(C)c1c(NC(=O)C(C)(C)NC=O)c(C(C)C)c(C(C)C)c(C(C)C)c1C(C)C
CO[C@H]1CC[C@H]2CCN(C)C(=O)[C@H](C)CN(C)C(=O)c3cccc(C#N)c3OC[C@H]1O2,0.15,Cc1cccc(c1)S(=O)(=O)N1C[C@@H](O)COC[C@@H]2O[C@H](CC(=O)Nc3ccc(cc3)-c3ccccc3)CC[C@@H]12,0.08,CC(C(O)=O)c1cccc(c1)C(=O)c1ccccc1,0.25,COC1CN(C)C(=O)c2cc(NS(C)(=O)=O)ccc2OCC(C)NCC1C,0.16,COc1ccccc1CNC(=O)CC1CCC2C(COCC(O)CN2S(=O)(=O)c2ccc(F)cc2)O1
CO[C@H]1CC[C@H]2CCOc3ccc(cc3C(=O)N(C)[C@@H](C)C(=O)N(C)C[C@@H]1O2)C#N,0.14,COc1ccccc1S(=O)(=O)N(C)C[C@@H]2OCc3ccccc3-c4c(C(=O)N(C[C@@H]2C)[C@@H](C)CO)n(C)c5ccccc45,0.1,Cc1noc(NS(=O)(=O)c2ccc(N)cc2)c1C,0.25,CCCNC(=O)Nc1ccc2c(c1)OCC(C)N(C(=O)C1CC1)CC(C)C(OC)CN(C)C2=O,0.15,COc1ccccc1CN(C)CC1OCc2cn(nn2)CCCC(=O)N(C(C)CO)CC1C
CO[C@H]1CC[C@H]2CCOc3ccc(cc3C(=O)N(C)[C@@H](C)C(=O)N(C)C[C@H]1O2)C#N,0.56,CO[C@H]1CC[C@H]2CCN(C)C(=O)[C@@H](C)CN(C)C(=O)c3cc(ccc3OC[C@H]1O2)C#N,0.07,CCC(c1ccccc1)=C(/c1ccccc1)c1ccc(OCCN(C)C)cc1,0.5,COC1CCC2CCN(C)C(=O)C(C)N(C)C(=O)c3cccc(C#N)c3OCC1O2,0.1,O=C(CC1CCC(NC(=O)Cc2ccncc2)C(CO)O1)NCc1ccccc1F
CO[C@H]1CN(C)C(=O)c2ccc(NC(=O)c3cnccn3)cc2OC[C@@H](C)N(CCc2ccccc2)C[C@@H]1C,0.2,OC[C@H]1O[C@@H](CC(=O)NCc2cccnc2)C[C@H]3[C@@H]1Oc4ccc(NS(=O)(=O)c5ccc(F)cc5)cc34,0.11,CC(C)Cc1ccc(cc1)C(C)C(O)=O,0.42,CCCC(=O)Nc1ccc2c(c1)OCC(C)N(C(=O)C1CC1)CC(C)C(OC)CN(C)C2=O,0.1,NCC(O)c1c(O)cc2ccccc2c1O
CO[C@H]1CN(C)C(=O)c2ccc(NC(=O)c3cnccn3)cc2OC[C@H](C)N(CCc2ccccc2)C[C@@H]1C,0.37,COCC(=O)N1C[C@@H](C)[C@H](CN(C)C(=O)c2cc(NC(=O)c3cc(C)on3)ccc2OC[C@@H]1C)OC,0.2,CNC[C@H]1Oc2ncc(cc2C(=O)N(C[C@H]1C)[C@H](C)CO)c3ccccc3F,0.48,CCCN1CC(C)C(OC)CN(C)C(=O)c2ccc(NS(=O)(=O)c3ccc(Cl)cc3)cc2OCC1C,0.01,CCCCCCCCCCCCCCCCCCCCCCCCCCCCCCCCCCCCCCCCCCCCCCCCCCCCCCCCCCCCCCCCCCCCCCCCCCCCCCCCCCCCCCCCCCCCCCCCCCCCCC
CO[C@H]1CN(C)C(=O)c2ccc(NC(=O)c3cnccn3)cc2OC[C@H](C)N(CCc2ccccc2)C[C@H]1C,0.4,CO[C@H]1CN(C)C(=O)c2cc(NS(=O)(=O)c3cccc(F)c3)ccc2OC[C@@H](C)N(C[C@H]1C)C(=O)Cc1cccnc1,0.18,CC(C)N(CCC(C(N)=O)(c1ccccc1)c1ccccn1)C(C)C,0.45,CCCCCCCC(=O)Nc1ccc2c(c1)OCC(C)N(C(=O)c1cccnc1)CC(C)C(OC)CN(C)C2=O,0.21,COc1ccc(CN2CC(C)C(C(=O)NCCN(C)C)CN(C)Cc3ccc(N(C)C)cc3OC(=O)C2=O)cc1
CO[C@H]1CN(C)C(=O)c2ccc(NC(C)=O)cc2OC[C@@H](C)N(Cc2ccccc2F)C[C@@H]1C,0.54,CCCN1C[C@H](C)[C@H](CN(C)C(=O)c2cc(NC(=O)Nc3ccccc3F)ccc2OC[C@@H]1C)OC,0.14,COc1cc2nc(nc(N)c2cc1OC)N3CCN(CC3)C(=O)c4ccco4,0.4,CCCNC(=O)N1CC(C)C(OC)CN(C)C(=O)c2cc(NC(=O)c3cccnc3)ccc2OCC1C,0.14,COCC(=O)N1CCC2CN3C(=C(C)C=C(C)C3C)C21CO
CO[C@H]1CN(C)C(=O)c2ccc(NC(C)=O)cc2OC[C@@H](C)N(Cc2ccccc2F)C[C@H]1C,0.13,OC[C@H]1O[C@@H](CC(=O)N2CCCCC2)C[C@@H]3[C@H]1Oc4ccc(NC(=O)NC5CCCC5)cc34,0.15,CCOC(=O)c1cncn1C(C)c1ccccc1,0.38,CCCNC(=O)Nc1ccc2c(c1)C(=O)N(C)CC(OC)C(C)CN(C(=O)CC)C(C)CO2,0.18,Cc1cccc(C)c1S(=O)(=O)N1C2Cn3c(ccc(C4=CCCC4)c3=O)C1C(CO)C2C(=O)NCCc1ccccn1
CO[C@H]1CN(C)C(=O)c2ccc(NC(C)=O)cc2OC[C@H](C)N(Cc2ccccc2F)C[C@H]1C,0.16,CN(C)C(=O)c1ccc(cc1)-c1cccc(c1)-c1nc(cc2CN([C@H](CCO)c12)[S@](=O)C(C)(C)C)C(=O)NC1CCCC1,0.16,CN(C)C(=O)c1ccc(cc1)-c1cccc(c1)-c1nc(cc2CN([C@H](CCO)c12)[S@](=O)C(C)(C)C)C(=O)NC1CCCC1,0.42,CCCNC(=O)Nc1ccc2c(c1)C(=O)N(C)CC(OC)C(C)CN(CCC(F)(F)F)C(C)CO2,0.11,CCCNC(=O)CC1OCC(CO)C(NC(=O)Cc2ccncc2)C1CO
CO[C@H]1O[C@H](CO)[C@@H](OC(=O)Nc2ccccc2)[C@H](OC(=O)Nc3ccccc3c4ccccc4)[C@@H]1OC(=O)Nc5ccccc5c6ccccc6,0.52,CO[C@H]1O[C@H](CO)[C@@H](OC(=O)Nc2ccc(cc2)C(F)(F)F)[C@H](OC(=O)Nc3ccccc3)[C@H]1OC(=O)Nc4ccccc4,0.21,OC(=O)CCc1nc(c(o1)-c1ccccc1)-c1ccccc1,0.2,CC(NC(=O)CC1CCC(NC(=O)Nc2ccc(F)cc2)C(CO)O1)c1ccccc1,0.14,Cc1cccc(NC(=O)NC(C(=O)Nc2ccc(C(C)(C)C)cc2)C(C)(C)C)c1
CO[C@H]1O[C@H](CO)[C@@H](OC(=O)c2c(OC)cccc2OC)[C@@H]2OC(=O)[C@@H](Cc3ccccc3)CC=CC[C@H](Cc3ccccc3)C(=O)O[C@@H]12,0.16,CN1C2C[C@@H](C[C@H]1[C@H]1OC21)OC(=O)[C@H](CO)c1ccccc1,0.18,COc1ccccc1Oc1c(NS(=O)(=O)c2ccc(cc2)C(C)(C)C)nc(nc1OCCO)-c1ncccn1,0.22,COc1ccc(CNC(=O)CC2CCC3C(COc4ccc(NC(=O)Cc5ccccc5)cc4C(=O)N3C)O2)cc1,0.13,Cc1cc(C)c(C)c(N2CCN(CCC(=O)Nc3ccccc3)CC2)c1C
CO[C@]1(NC(=O)[C@H](C(O)=O)c2ccc(O)cc2)[C@H]2OCC(CSc3nnnn3C)=C(N2C1=O)C(O)=O,0.13,OC(=O)c1ccc(cc1)-c1cccc(c1)-c1nn2c(nc(cc2=O)N2CCNCC2)s1,0.12,CC(=O)Nc1ccc(/C=N/NC(=O)CC2CCCCC2)cc1,0.16,CC1CN(C(C)CO)C(=O)CCCn2cc(nn2)COC1CN(C)C(=O)Nc1ccc(C(F)(F)F)cc1,0.13,CC1CN(C(C)CO)C(=O)CCCn2nncc2COC1CN(C)Cc1cccc(C(F)(F)F)c1
COc1cc(CC=C)ccc1O,0.02,CCCC[C@@H](C)[C@@H](OC(=O)C[C@@H](CC(O)=O)C(O)=O)[C@H](CC(C)C[C@H](O)CCCC[C@@H](O)C[C@H](O)[C@H](C)N)OC(=O)C[C@@H](CC(O)=O)C(O)=O,0.08,CNC(=O)c1ccc(cc1F)N1C(=S)N(C(=O)C1(C)C)c1ccc(C#N)c(c1)C(F)(F)F,0.12,CCCCCCCCOc1ccccc1C(C)(C)C,0.06,CN(C)CC(=O)Nc1ccc(C(=O)NC2CCC(C(=O)Nc3ccc(C(=O)NCCCNCC(O)c4cccnc4)cc3)CC2)cc1
COc1cc(O)c(C(=O)/C=C/c2ccccc2)c(OC)c1,0.26,Oc1ccc(C(=O)C=Cc2ccc(O)c(O)c2)c(O)c1,0.07,CCCC[C@@H](C)C=C(C)C=C(/C)C(=O)NC1=C[C@@](O)(C=CC=CC=CC(=O)NC2C(=O)CCC2=O)[C@@H]2OC2C1=O,0.22,COc1ccc(C(=O)Oc2ccc(-c3ccc(C(C)(C)C)cc3)cc2)c(O)c1,0.07,CCCC#Cc1cncc2c1OC(CN(C)C)C(C)CN(C(C)CO)C2=O
COc1cc(cc(OC)c1OC)C(=O)N1CCOCC1,0.13,CC(C)(C)c1ccc(C=CC(=O)Nc2ccc3OCCOc3c2)cc1,0.08,CNC(=O)N(C)c1nnc(s1)C(C)(C)C,0.16,COC1CN(C)C(=O)c2cc(NC(=O)C3CCOCC3)ccc2OCC(C)N(C(C)(C)C)CC1C,0.11,COc1ccccc1CNC(=O)C1C(CO)NCC12CN(Cc1c(F)cc(F)c(F)c1F)C(=O)C2=O
COc1cc(cc(OC)c1OC)C(=O)NCc1ccc(OCCN(C)C)cc1,0.12,CC(Nc1ncnc2ccc(cc12)c3c(C)noc3C)c4ccco4,0.18,CC(=O)Nc1ccc(OC[C@](C)(O)C(=O)Nc2ccc(c(c2)C(F)(F)F)[N+]([O-])=O)cc1,0.25,COc1ccc(COC(=O)CCCCCC(=O)Nc2cccc(C(C)C)c2)cc1OC,0.08,CN1CCc2ncnc(Nc3c(C#N)cccc3Nc3ncncc3CN3CCCCC3)c2C1
COc1cc(ccc1O)c2cc[n+](C)cc2,0.16,COc1cc2CC(C)(C)n3c(cc4nc5ccccc5nc34)-c2cc1OC,0.08,Cn1c2nc[nH]c2c(=O)n(C)c1=O,0.16,COc1ccc(-c2ccc(C3C(C#N)N(C(=O)Nc4ccc(C(F)(F)F)cc4)C3CO)cc2)cc1,0.04,CCCN1C(=O)C(C)C(C)CN(C)C(CC(C)C)C(=O)C(OC)OCC1OC
COc1cc-2c(C[C@@H]3N(C)CCc4cc(O)c(OC)c2c34)cc1O,0.08,CN1C2C[C@@H](C[C@H]1[C@H]1OC21)OC(=O)[C@H](CO)c1ccccc1,0.14,COc1c(N2C[C@@H]3CCCN[C@@H]3C2)c(F)cc2c1n(cc(C(O)=O)c2=O)C1CC1,0.14,COC1CCC2CCN(C)C(=O)C(C)C(OC)CN(C)C(=O)c3cc(C#N)ccc3OCC1O2,0.01,CCl
COc1cc2CCN3Cc4c(OC)c(O)ccc4CC3c2cc1O,0.11,COCCOC(=O)C1=C(C)NC(C)=C(C1c1cccc(c1)[N+]([O-])=O)C(=O)OC(C)C,0.11,COCCOC(=O)C1=C(C)NC(C)=C(C1c1cccc(c1)[N+]([O-])=O)C(=O)OC(C)C,0.17,COc1ccc(CNc2ncnc3ccc(Cl)cc23)cc1OC,0.01,CBr
COc1cc2CCNC(C)c2cc1OC,0.1,CC(=O)Oc1cc(ccc1C(O)=O)C(F)(F)F,0.09,CN(C)CCCC1(OCc2cc(ccc12)C#N)c1ccc(F)cc1,0.11,CCC(=O)N1CC(C)C(OC)CN(C)C(=O)c2ccc(NC(=O)NC(C)C)cc2OCC1C,0.07,CN1CC(Cc2c(F)c(F)c(F)c(F)c2Cl)NC(=O)C1=O
COc1cc2OC[C@H]3Oc4c(ccc5oc(cc45)C(C)C)C(=O)[C@H]3c2cc1OC,0.1,Oc1cccc(n1)C(=O)NC1CCCc2c1cnn2-c1ccc(F)cc1F,0.1,Fc1ccc(Cc2n[nH]c(=O)c3ccccc23)cc1C(=O)N1CCN(CC1)C(=O)C1CC1,0.14,CC(C)NC(=O)Nc1ccc2c(c1)C(=O)N(C(C)CO)CC(C)C(CN(C)Cc1ccc(C(F)(F)F)cc1)OCCCCC(C)O2,0.17,COC1CN(C)C(=O)c2cc(NC(=O)NC(C)C)ccc2OCC(C)N(C(=O)c2ccccc2)CC1C
COc1cc2ncnc(Nc3ccc(Cl)cc3F)c2cc1OC,0.13,Oc1nc2ccccc2nc1c3ccccc3NC(=O)c4cccs4,0.12,Cc1cccc(CN2CCN(CC2)C(c2ccccc2)c2ccc(Cl)cc2)c1,0.15,COc1ccc(C(=O)COc2ccc(C(=O)c3ccc(Cl)cc3)cc2)cc1,0.06,CC(C(Cc1ccc(C(=O)NCCCN2CCOCC2)cc1)C(=O)NC1CCC(=O)CC1)C(C)(C)C
COc1ccc(CN2C(=O)[C@@H]3Cc4c([nH]c5ccccc45)C(C)(C)N3C2=O)cc1,0.15,C[C@@H](CO)N1C[C@H](C)[C@@H](CN(C)Cc2ccncc2)Oc3ccc(NC(=O)Nc4ccc5OCOc5c4)cc3C1=O,0.12,NC(NCc1ccccc1)=N/C(=O)c1nc(Cl)c(N)nc1N,0.21,COc1ccc(CNC(=O)CC2CC3c4cc(NC(=O)CN(C)C)ccc4OC3C(CO)O2)cc1,0.08,CCN1CC(=O)COCC23C(O)CCCC12OCCC3CC(=O)NCc1c(F)c(F)c(F)c(F)c1F
COc1ccc(CN2C(=O)[C@H]3Cc4c([nH]c5ccccc45)C(C)(C)N3C2=O)cc1,0.17,Cc1cc(C)c2c(ccn(CC(=O)N3CCN(CC3)c3ccccc3)c2=O)n1,0.18,CCC(c1ccccc1)=C(/c1ccccc1)c1ccc(OCCN(C)C)cc1,0.21,COc1ccc(CNC(=O)CC2CC3c4cc(NC(=O)CN(C)C)ccc4OC3C(CO)O2)cc1,0.18,COc1cccc(S(=O)(=O)Nc2ccc3c(c2)C2C(O3)C(C(=O)NCCN3CCOCC3)CN2Cc2ccc(Cl)cc2)c1
COc1ccc(CNC(=O)C[C@@H]2C[C@@H]3[C@@H](Oc4ccc(NC(=O)C5CCC5)cc34)[C@H](CO)O2)cc1,0.21,OC[C@H]1O[C@@H](CCn2cc(nn2)-c2ccccc2F)CC[C@@H]1NC(=O)c1ccc2OCOc2c1,0.15,COC(=O)C1=C(C)NC(C)=C(C1c1cccc(c1)[N+]([O-])=O)C(=O)OCCN(C)Cc1ccccc1,0.61,CN(C)CC(=O)Nc1ccc2c(c1)C1CC(CC(=O)NCc3ccc(C(C)(C)C)cc3)OC(CO)C1O2,0.12,COC1CC(C)N(C)c2c(NS(C)(=O)=O)cccc2OCC(=O)C(CN(C)C)N(C)C1
COc1ccc(CNC(=O)C[C@@H]2C[C@H]3[C@H](Oc4ccc(NC(=O)C5CCC5)cc34)[C@@H](CO)O2)cc1,0.23,C[C@H](CO)N1C[C@H](C)[C@H](CN(C)Cc2ccc(cc2)C(=O)O)Oc3c(NC(=O)NC4CCCCC4)cccc3C1=O,0.15,COC(=O)C1=C(C)NC(C)=C(C1c1cccc(c1)[N+]([O-])=O)C(=O)OCCN(C)Cc1ccccc1,0.54,O=C(CC1CC2c3cc(NC(=O)Cc4ccncc4)ccc3OC2C(CO)O1)NCc1ccc(Oc2ccccc2)cc1,0.16,O=C(CC1OC(CO)C(O)C(NC(=O)CN2CCOCC2)C1O)NCCN1CCCCC1
COc1ccc(CNC(=O)C[C@@H]2C[C@H]3[C@H](Oc4ccc(NC(=O)C5CCC5)cc34)[C@H](CO)O2)cc1,0.13,CO[C@@H](CN(C)C(=O)c1ccccc1F)[C@H](C)CN([C@H](C)CO)S(=O)(=O)c1ccccc1,0.28,OC[C@H]1O[C@@H](CC(=O)NCc2ccccc2Cl)CC[C@H]1NC(=O)C1CCOCC1,0.52,COc1ccc(S(=O)(=O)Nc2ccc3c(c2)C2CC(CC(=O)NCc4ccccc4F)OC(CO)C2O3)cc1,0.04,CCCCCCCCCCCCCCCCCCC(=O)O
COc1ccc(CNC(=O)C[C@H]2C[C@@H]3[C@@H](Oc4ccc(NC(=O)C5CCC5)cc34)[C@@H](CO)O2)cc1,0.48,COc1cccc(c1)S(=O)(=O)Nc2ccc3O[C@H]4[C@H](C[C@@H](CC(=O)NC5CCCCC5)O[C@H]4CO)c3c2,0.14,CO[C@@H]1CC[C@@H]2CCOc3c(cccc3C(=O)N(C)[C@H](C)C(=O)N(C)C[C@@H]1O2)C#N,0.49,CCCNC(=O)CC1CC2c3cc(NC(=O)c4ccc5c(c4)OCO5)ccc3OC2C(CO)O1,0.25,CC(C)(C)NC(=O)CC1CCC2(CO)Oc3cc(NC(=O)c4ccncc4)ccc3C2O1
COc1ccc(CNC(=O)C[C@H]2C[C@@H]3[C@@H](Oc4ccc(NC(=O)C5CCC5)cc34)[C@H](CO)O2)cc1,0.64,OC[C@H]1O[C@@H](CC(=O)NCc2cccnc2)C[C@@H]3[C@H]1Oc4ccc(NC(=O)C5CCOCC5)cc34,0.14,CN(C)CCCC1(OCc2cc(ccc12)C#N)c1ccc(F)cc1,0.68,COc1ccc(CNC(=O)CC2CC3c4cc(NC(=O)Cc5ccncc5)ccc4OC3C(CO)O2)cc1,0.32,COc1ccc(NC(=O)NCCC2CC(NC(=O)c3cccc4c3OCO4)C(CO)C(CO)O2)cc1
COc1ccc(CNC(=O)C[C@H]2C[C@H]3[C@H](Oc4ccc(NC(=O)C5CCC5)cc34)[C@@H](CO)O2)cc1,0.14,CC(C)(C)S(=O)N1Cc2cc(nc(c2[C@@H]1CCO)c3cccc(c3)c4cccc(F)c4)C(=O)NCCCN5CCOCC5,0.15,COC(=O)C1=C(C)NC(C)=C(C1c1cccc(c1)[N+]([O-])=O)C(=O)OCCN(C)Cc1ccccc1,0.59,CC(NC(=O)CC1CC2c3cc(NC(=O)C4CC4)ccc3OC2C(CO)O1)c1ccccc1,0.04,O=CNCCCCCNC(=O)CCCCNC(=O)CCCCCCCCCCCCCCCCCCCCCCCCCCCCCCCCCCCCCCCCCCCCCCCCCCCCCCCCCCCCCCCCCCNC(=O)CCCc1ccccc1Cl
COc1ccc(COC[C@H](C)N2C[C@@H](C)[C@H](CN(C)S(=O)(=O)c3ccc(F)cc3)OCCCC[C@H](C)Oc3ccc(NC(=O)Nc4ccccc4)cc3C2=O)cc1,0.17,O=S(=O)(N1CCN(CC1)S(=O)(=O)c1ccc2OCCOc2c1)c1ccccc1,0.12,CN(C)CCOC(C)(c1ccccc1)c1ccccn1,0.42,CC1CCCCOC(CN(C)Cc2cccnc2)C(C)CN(C(C)CO)C(=O)c2cc(NC(=O)c3cccnc3)ccc2O1,0,[NH3+][O-]
COc1ccc(NC(=O)N(C)C[C@@H]2Oc3cc(C#CCC(C)C)ccc3S(=O)(=O)N(C[C@@H]2C)[C@@H](C)CO)cc1,0.58,C[C@@H](CO)N1C[C@@H](C)[C@H](CN(C)C(=O)Nc2ccc(cc2)C(F)(F)F)Oc3cc(Br)ccc3S1(=O)=O,0.16,COc1ccc(CCN(C)CCCC(C#N)(C(C)C)c2ccc(OC)c(OC)c2)cc1OC,0.41,CC1CN(C(C)CO)S(=O)(=O)c2ccc(-c3cccc(C(=O)N(C)C)c3)cc2OC1CN(C)CC1CC1,0.16,CC(C)(C)c1cccc(C(=O)CCNC(=O)CC2CC(CO)C3Oc4cccc(NC(=O)Cc5ccncc5)c4C3O2)c1
COc1ccc(NC(=O)N(C)C[C@@H]2Oc3cc(C#CCC(C)C)ccc3S(=O)(=O)N(C[C@@H]2C)[C@H](C)CO)cc1,0.27,C[C@H](CO)N1C[C@@H](C)[C@@H](CN(C)Cc2ccc(Cl)c(Cl)c2)Oc3ccc(NC(=O)c4ccncc4)cc3CC1=O,0.15,CCC(c1ccccc1)=C(/c1ccccc1)c1ccc(OCCN(C)C)cc1,0.38,COc1ccc(NC(=O)N(C)CC2OCc3cnnn3CCCC(=O)N(C(C)CO)CC2C)cc1,0.08,CC(=O)c1c(C)c(C)c(N)c(C)c1C
COc1ccc(NC(=O)N(C)C[C@@H]2Oc3cc(C#CCC(C)C)ccc3S(=O)(=O)N(C[C@H]2C)[C@@H](C)CO)cc1,0.5,C[C@@H](CO)N1C[C@H](C)[C@H](CN(C)Cc2ccc(F)cc2)Oc3cc(C#CC(C)(C)O)ccc3S1(=O)=O,0.16,COc1ccc(CCN(C)CCCC(C#N)(C(C)C)c2ccc(OC)c(OC)c2)cc1OC,0.52,CC(C)NC(=O)N(C)CC1Oc2cc(C#CC3(O)CCCC3)ccc2S(=O)(=O)N(C(C)CO)CC1C,0.09,Cc1nnc(NC(=O)CCCCCCCCCCCCCCc2ccccc2)s1
COc1ccc(NC(=O)N(C)C[C@@H]2Oc3cc(C#CCC(C)C)ccc3S(=O)(=O)N(C[C@H]2C)[C@H](C)CO)cc1,0.29,COc1cccc(NC(=O)N(C)C[C@@H]2OCc3cn(CCCC(=O)N(C[C@@H]2C)[C@H](C)CO)nn3)c1,0.04,C1CC1C(NC1=NCCO1)C1CC1,0.27,COc1ccc(C(=O)N(C)CC2OCc3ccccc3-c3c(n(C)c4ccccc34)C(=O)N(C(C)CO)CC2C)cc1,0.11,CN(C)CCCC1(C(=O)NC2CN(Cc3c(F)c(F)c(F)c(F)c3F)CC2CO)CCCC1
COc1ccc(NC(=O)N(C)C[C@H]2Oc3cc(C#CCC(C)C)ccc3S(=O)(=O)N(C[C@@H]2C)[C@@H](C)CO)cc1,0.08,O[C@@H]1CN[C@@H]2CC[C@H](CC(=O)NC3Cc4ccccc4C3)O[C@H]2COC1,0.11,COC(=O)[C@@H]1C[C@H](OC(C)=O)C(=O)[C@H]2[C@@]1(C)CC[C@H]1C(=O)O[C@@H](C[C@]21C)c1ccoc1,0.51,CC1CN(C(C)CO)S(=O)(=O)c2ccc(C#CC(C)(C)O)cc2OC1CN(C)Cc1ccc(C(=O)O)cc1,0.01,CF
COc1ccc(NC(=O)N(C)C[C@H]2Oc3cc(C#CCC(C)C)ccc3S(=O)(=O)N(C[C@@H]2C)[C@H](C)CO)cc1,0.16,CO[C@@H]1CN(C)C(=O)c2ccc(NC(=O)C3CCOCC3)cc2OC[C@H](C)N(Cc2nccs2)C[C@H]1C,0.14,CCC1=C(C)CN(C(=O)NCCc2ccc(cc2)S(=O)(=O)NC(=O)N[C@H]2CC[C@H](C)CC2)C1=O,0.26,COc1ccc(CN(C)CC2OCc3ccccc3-c3ccccc3C(=O)N(C(C)CO)CC2C)cc1,0.11,CN1C(CO)C(C(=O)NCCCN2CCOCC2)C2Cn3c(cc(-c4cc(F)c(F)cc4F)cc3=O)C21
COc1ccc(NC(=O)N(C)C[C@H]2Oc3cc(C#CCC(C)C)ccc3S(=O)(=O)N(C[C@H]2C)[C@@H](C)CO)cc1,0.27,C[C@H](CO)N1C[C@@H](C)[C@@H](CN(C)C(=O)c2cnccn2)Oc3ncc(C#CCN(C)C)cc3C1=O,0.08,O=S(=O)(N1CCCNCC1)c1cccc2cnccc12,0.6,CC(C)CC#Cc1ccc2c(c1)OC(CN(C)Cc1cccnc1)C(C)CN(C(C)CO)S2(=O)=O,0.19,CCCCC(=O)Nc1ccc2c(c1)C(=O)N(C)CC(OC)C(C)CN(C(=O)CC)C(C)CO2
COc1ccc(NC(=O)N(C)C[C@H]2Oc3cc(C#CCC(C)C)ccc3S(=O)(=O)N(C[C@H]2C)[C@H](C)CO)cc1,0.46,C[C@H](O)C#Cc1ccc2c(O[C@@H](CN(C)Cc3ccc(cc3)c4ccccc4)[C@H](C)CN([C@H](C)CO)S2(=O)=O)c1,0.12,CCCCc1nc(Cl)c(CO)n1Cc1ccc(cc1)-c1ccccc1-c1nnn[nH]1,0.46,CCCNC(=O)N(C)CC1Oc2cc(-c3cccnc3)ccc2S(=O)(=O)N(C(C)CO)CC1C,0.24,COc1ccc(NC(=O)Nc2ccc3c(c2)OCC32OCc3ccc(OCCO)cc3C2C)cc1
COc1ccc(OC(=O)N(C)C[C@@H]2OCc3cn(CCCC(=O)N(C[C@@H]2C)[C@H](C)CO)nn3)cc1,0.62,CC(C)NC(=O)N(C)C[C@@H]1OCc2cn(CCCC(=O)N(C[C@@H]1C)[C@@H](C)CO)nn2,0.12,FC(F)(F)COc1ccc(OCC(F)(F)F)c(c1)C(=O)NCC1CCCCN1,0.71,COc1ccc(CN(C)CC2OCc3cn(nn3)CCCC(=O)N(C(C)CO)CC2C)cc1,0.06,NC(=O)NCCCNC(=O)CCNC(=O)CCNC(=O)CCNC(=O)CCNC(=O)c1ccccc1N
COc1ccc(OC(=O)N(C)C[C@@H]2OCc3cn(CCCC(=O)N(C[C@H]2C)[C@@H](C)CO)nn3)cc1,0.11,O[C@@H]1COC[C@H]2O[C@@H](CC(=O)N3CCOCC3)CC[C@@H]2N(C1)C(=O)Nc1cc(Cl)cc(Cl)c1,0.1,CC(=O)OCC(CCn1cnc2cnc(N)nc12)COC(C)=O,0.58,CC1CN(C(C)CO)C(=O)CCCn2cc(nn2)COC1CN(C)Cc1ccc(C(F)(F)F)cc1,0.12,CN1C(=O)c2cc(NC(=O)Cc3ccccn3)ccc2OCC2OC(CC(=O)NCc3ccccc3F)CCC21
COc1ccc(OC(=O)N(C)C[C@H]2OCc3cn(CCCC(=O)N(C[C@@H]2C)[C@@H](C)CO)nn3)cc1,0.14,Cc1ccc(cc1)S(=O)(=O)N[C@@H]1CC[C@@H](CCNC(=O)c2ccccc2F)O[C@H]1CO,0.11,CC(C)[C@H](NC(=O)OCc1ccccc1)C(=O)N[C@@H](Cc2ccccc2)C=O,0.28,COc1ccc(CN(C)CC2Oc3ncc(-c4ccc(F)cc4)cc3C(=O)N(C(C)CO)CC2C)cc1,0.16,COC1CN(C)CC(=O)COC(C)C(C)Nc2c(NS(=O)(=O)c3cc(F)ccc3C)cccc21
COc1ccc(OC(=O)N(C)C[C@H]2OCc3cn(CCCC(=O)N(C[C@@H]2C)[C@H](C)CO)nn3)cc1,0.11,OC[C@@H]1O[C@H](CC(=O)N2CCOCC2)C=C[C@H]1NC(=O)NC1CCCCC1,0.09,Nc1ccc(cc1)S(=O)(=O)c1ccc(N)cc1,0.58,CC1CN(C(C)CO)C(=O)CCCn2cc(nn2)COC1CN(C)Cc1ccc(C(F)(F)F)cc1,0.15,Cc1ccc(=O)n2c1C1C(CCO)C(C(=O)NC3CCCCC3)C(C2)N1S(C)(=O)=O
COc1ccc(OC(=O)N(C)C[C@H]2OCc3cn(CCCC(=O)N(C[C@H]2C)[C@@H](C)CO)nn3)cc1,0.25,C[C@H](CO)N1C[C@@H](C)[C@@H](CN(C)Cc2ccc(Cl)c(Cl)c2)Oc3ccc(NC(=O)c4ccncc4)cc3CC1=O,0.14,OC[C@@H]1[C@H]2Cn3c(ccc(-c4ccccc4F)c3=O)[C@@H]([C@H]1C(=O)NCC1CC1)N2Cc1cccnc1,0.55,CC1CN(C(C)CO)C(=O)CCCn2cc(nn2)COC1CN(C)Cc1cccc(C(F)(F)F)c1,0.11,CNC(=O)CC1CCC2C(COc3ccc(NS(=O)(=O)c4c(F)c(F)c(F)c(F)c4F)cc3C(=O)N2C)O1
COc1ccc(OC(=O)N(C)C[C@H]2OCc3cn(CCCC(=O)N(C[C@H]2C)[C@H](C)CO)nn3)cc1,0.25,C[C@H](CO)N1C[C@@H](C)[C@@H](CN(C)C(=O)C2CCCCC2)Oc3ncc(C#Cc4ccccc4F)cc3C1=O,0.08,NC(=O)c1cccc(N)c1,0.29,CC1CN(C(C)CO)C(=O)c2c(c3ccccc3n2C)-c2ccccc2COC1CN(C)C(=O)CCN1CCOCC1,0.13,CNCC(=O)Nc1ccc2c(c1)C1CC(CC(=O)NCCc3ccccc3)OC(CO)C1O2
COc1ccc(cc1)-c1cc2nc(cc(N3CCN(CC3)C(=O)c3ccccc3)n2n1)-c1ccccc1,0.13,C[C@H](CO)N1C[C@H](C)[C@H](CN(C)S(=O)(=O)c2ccccc2)OCCCC[C@H](C)Oc3ccc(NC(=O)CCCN(C)C)cc3C1=O,0.06,NC(=N)NN=Cc1c(Cl)cccc1Cl,0.17,Cc1ccc(NC(=O)Nc2ccc3c(c2)C2CC(CC(=O)NCCc4ccccc4)OC(CO)C2O3)cc1,0.11,CC1CN(C(C)CO)C(=O)c2cc(NC(=O)CCCN(C)C)ccc2OC1CN(C)Cc1ccc(C(F)(F)F)cc1
COc1ccc(cc1)-c1ccc2[C@@H]3[C@@H]([C@@H](CO)[C@H](Cn2c1=O)N3C(=O)c1cnccn1)C(=O)N(C)C,0.3,CS(=O)(=O)N1[C@@H]2Cn3c(ccc(-c4cccc(F)c4)c3=O)[C@H]1[C@H]([C@@H]2CO)C(=O)N1CCCCC1,0.12,O=C1N(C2CCC(=O)NC2=O)C(=O)c2ccccc12,0.3,CN1CCN(C(=O)C2C(CO)C3Cn4c(ccc(-c5cccc(F)c5)c4=O)C3N2C(=O)c2cccc(F)c2)CC1,0.16,COc1cccc(CNC(=O)CC2OC(NC(=O)c3c(F)cccc3F)CCC2C(=O)NCc2c(F)cccc2F)c1OC
COc1ccc(cc1)-c1ccc2[C@H]3[C@H]([C@H](CO)[C@@H](Cn2c1=O)N3C(=O)c1cnccn1)C(=O)N(C)C,0.17,CC(C)NC(=O)Nc1ccc2O[C@H](C)CCCCO[C@H](CN(C)Cc3ccncc3)[C@H](C)CN([C@@H](C)CO)C(=O)c2c1,0.1,COc1ccc(cc1OC1CCCC1)C1CNC(=O)C1,0.24,COc1ccc(-c2cc3nccc(N4CCN(C(=O)c5ccc(F)cc5)CC4)n3n2)cc1,0.16,CC(CO)N1CC(=O)C(CN(C)Cc2ccc(C(F)(F)F)cc2)Oc2c(cccc2NC(=O)CCCN(C)C)CC1C
COc1ccc(cc1)-n1sc2ccccc2c1=O,0.11,CS(=O)(=O)CCOC(=O)C1=CN(Cc2cccc(OC(F)(F)F)c2)C(C=C(CCCO)C=C1C(=O)OCCS(=O)(=O)C)c3ccc(CN4CCCC4)cc3,0.16,CO[C@H]1CN(CCCOc2ccc(F)cc2)CC[C@H]1NC(=O)c1cc(Cl)c(N)cc1OC,0.17,COc1ccc(CNC(=O)CC2CC3c4cc(NS(=O)(=O)c5ccc(F)cc5)ccc4OC3C(CO)O2)cc1,0.13,CNC(C)C(Cc1ccccc1)NC(=O)C12CC(CO)C(Cn3c1cc(-c1cncnc1)cc3=O)N2C(C)=O
COc1ccc(cc1)C(=O)N1CCCC1=O,0.06,NC(=N)NC(=O)c1nc(Cl)c(N)nc1N,0.06,NC(=N)NC(=O)c1nc(Cl)c(N)nc1N,0.17,COc1ccc(CNc2ccc(-c3cccc(C(=O)Nc4ccc(C(C)(C)C)cc4)c3)cc2)cc1,0.13,CC1(C(=O)NC2CCCCC2)CCc2c(cc3ccccc3c2C(C)(C)C)C1
COc1ccc(cc1)C(=O)c1c(C)n(CCN2CCOCC2)c2cc(I)ccc12,0.12,CC(C)NC(=O)N1[C@H](CO)[C@H]([C@@H]1C#N)c1ccc(cc1)C#CC1CCCCC1,0.17,COc1ccc(Cl)cc1C(=O)NCCc2ccc(cc2)S(=O)(=O)NC(=O)NC3CCCCC3,0.21,COc1ccc2c3c([nH]c2c1)C(CO)N(Cc1cc(F)ccc1F)CC31CCN(C(=O)Cc2ccncc2)CC1,0.14,CCCC1(c2ccccc2C(C)(C)C)C(=O)NC(=O)C2CC(C(=O)O)C(c3ccccc3Cl)N21
COc1ccc(cc1)S(=O)(=O)N(C)C[C@H]2Oc3ccc(NC(=O)Nc4ccc(cc4)C(F)(F)F)cc3CC(=O)N(C[C@H]2C)[C@H](C)CO,0.16,CC(C)CNC(=O)[C@]1(CC(=O)N(CC2(CC3CC4CC(C3)C2)C4)[C@@H]1c5ccc(CO)cc5)c6ccc(cc6)[N+](=O)[O-],0.14,CN(C)CCCC1(OCc2cc(ccc12)C#N)c1ccc(F)cc1,0.51,CC1CN(C(C)CO)C(=O)Cc2cc(NC(=O)CCCN(C)C)ccc2OC1CN(C)Cc1ccc(C(F)(F)F)cc1,0.16,COc1ccccc1CNC(=O)CC1CCC(NC(=O)c2ccc3c(c2)OCO3)C(CO)O1
COc1ccc(cc1COc1ccccc1C)C1Nc2ccccc2C(=O)N1Cc1ccco1,0.03,CC(C=CC=C(C)C=CC1=C(C)CCCC1(C)C)=C/CO,0.1,Cc1onc(c1C(=O)N[C@H]1[C@H]2SC(C)(C)[C@@H](N2C1=O)C(O)=O)-c1c(Cl)cccc1Cl,0.18,CC(C)NC(=O)N(C)CC1OCc2ccccc2-c2c(n(C)c3ccccc23)C(=O)N(C(C)CO)CC1C,0.1,Cc1ccc(NC(=O)c2csc(N)n2)cc1C
COc1ccc(cc1NC(=O)c2ccc(cc2)n3nc(C)cc3C)S(=O)(=O)N4CCOCC4,0.12,C(Cn1c2ccccc2c3ccccc13)c4nc5ccccc5[nH]4,0.14,COc1ccc(cc1OC1CCCC1)C1CNC(=O)C1,0.19,COc1ccc(NC(=O)Nc2ccc3c(c2)OCC(C)N(Cc2ccncc2)CC(C)C(OC)CN(C)C3=O)cc1,0.17,CCCNC(=O)N1CC(C)OCC(OC)C(C)N(C(=O)CC2CC2)Cc2c(NS(=O)(=O)c3c(C)noc3C)cccc2C1=O
COc1ccc(cc1OC2CCOC2)C3=Nn4c(nnc4SC3)c5ccccc5C(F)(F)F,0.1,CC(C)(C)NC(=O)[C@H](N(C(=O)c1ccco1)c1ccc(cc1)C(C)(C)C)c1cccnc1,0.14,FC(F)(F)COc1ccc(OCC(F)(F)F)c(c1)C(=O)NCC1CCCCN1,0.17,COc1ccccc1NC(=O)Nc1ccc2c(c1)C(=O)N(C(C)CO)CC(C)C(CN(C)CC1CC1)O2,0.1,O=C(CCc1ccccc1)NCCCN(CC(O)c1ccc(F)cc1)C(=O)c1cnccn1
COc1ccc2c(=O)c(coc2c1)c3cc4OCOc4cc3OC,0.17,Cc1cc(O)cc2oc3cc(O)cc(O)c3c(=O)c12,0.12,CN(C)CCCC1(OCc2cc(ccc12)C#N)c1ccc(F)cc1,0.15,COc1ccc(CN(C)CC2OCc3ccccc3-c3ccccc3C(=O)N(C(C)CO)CC2C)cc1,0.04,COC(=O)CC1CC(NC(=O)CCN2CCCCC2)CC(CO)O1
COc1ccc2c3c([C@@H](CO)N(C[C@]33CCN(CC3)S(=O)(=O)c3ccc(C)cc3)S(=O)(=O)c3ccc(C)cc3)n(C)c2c1,0.12,Cc1c(NC(=O)c2cccnc2)c(=O)n(-c2ccccc2)n1C,0.09,CNCCCCOc1ccccc1Cc1ccccc1,0.17,COc1ccc(NC(=O)Nc2ccc3c(c2)C(=O)N(C)C2CCC(CC(=O)NCCN4CCCCC4)OC2CO3)cc1,0.13,CN(C)C(=O)c1ccc(NC(=O)CCNC(=O)c2ccc(NC(=O)c3ccc(NC(=O)c4ccc(NC(=O)c5ccc(O)cc5)cc4)cc3)cc2)cc1
COc1ccc2c3c([C@@H](CO)NC[C@]33CCN(CC3)S(=O)(=O)c3ccc(C)cc3)n(C)c2c1,0.15,C[C@H]1CN(CCCn2c3ccccc3c3ccccc23)C[C@@H](C)N1,0.15,C[C@H]1CN(CCCn2c3ccccc3c3ccccc23)C[C@@H](C)N1,0.21,COC1CN(C)C(=O)c2cc(NS(=O)(=O)c3ccc(F)cc3)ccc2OCC(C)N(C)CC1C,0.13,CN(C)CC=C1C(=O)C(=O)N(Cc2ccccc2)C1Cc1ccccc1
COc1ccc2c3c([C@H](CO)N(Cc4ccc(Cl)cc4)C[C@]33CN(CC4CC4)C3)n(C)c2c1,0.15,N#Cc1cccc(c1)-c1ccc(cc1)[C@H]1[C@H]2CN(Cc3ccccc3)C[C@@H]1N2,0.16,CN1CCN(CCCN2c3ccccc3Sc3ccc(cc23)C(F)(F)F)CC1,0.18,COc1ccc(NC(=O)Nc2ccc3c(c2)C(=O)N(C)C2CCC(CC(=O)NCc4ccc(-c5ccccc5)cc4)OC2CO3)cc1,0.11,CC(C)(C)c1c(O)ccc(C(=O)NC2CN(CCO)C(=O)C2=O)c1O
COc1ccc2c3c([nH]c2c1)[C@H](CO)N(CC1CC1)C[C@]31CCN(CC1)C(=O)Nc1cccc(F)c1,0.16,C[C@@H](CO)N1C[C@@H](C)[C@@H](CN(C)C(=O)C2CCCCC2)OCCCC[C@H](C)Oc3ccc(NS(=O)(=O)c4ccccc4)cc3C1=O,0.14,CCc1ccc(OCC(=O)Nc2nnc[nH]2)cc1,0.45,COc1ccc2c3c([nH]c2c1)C(CO)N(Cc1ccc(Cl)c(Cl)c1)CC31CN(C(=O)CC2CC2)C1,0.07,CNCC1OC(=O)C(C)S(=O)(=O)N(C(C)CO)CC1C
COc1ccc2nccc(C(O)C3CC4CCN3CC4C=C)c2c1,0.16,O[C@H]([C@H]1CCCCN1)c2cc(nc3c(cccc23)C(F)(F)F)C(F)(F)F,0.1,CN(C)CCCC1(OCc2cc(ccc12)C#N)c1ccc(F)cc1,0.15,COc1ccc(C=NNC(=O)c2cccc(CN3CCOCC3)c2)cc1OC,0.12,CCOC(=O)C1CC2(CO)C3=C(C)C=CC(c4c(OC)ccc(OC)c4OC)N3CC1N2C(=O)NC(C)C
COc1ccc2nccc([C@@H](O)[C@H]3C[C@@H]4CC[N@]3C[C@@H]4C=C)c2c1,0.74,CC[C@H]1CN2CCC1C[C@@H]2[C@@H](O)c1ccnc2ccc(OC)cc12,0.12,Oc1ccc(cc1)C=Cc1cc(O)cc(O)c1,0.14,COc1cccc(CNC(=O)CC2CC3c4cc(NC(=O)c5ccncc5)ccc4OC3C(CO)O2)c1,0.08,CC(C)(CC(c1ccc(F)cc1)c1ccc(C(C)(C)C)cc1)C(=O)Nc1cccc(C(=O)Nc2cccc(C(=O)NCCCN3CCN(Cc4cccc(C(C)(C)C)c4)CC3)n2)c1
COc1ccc2nccc([C@H](O)[C@@H]3C[C@@H]4CCN3C[C@@H]4C=C)c2c1,0.13,CCNC(=O)N(CCCN(C)C)C(=O)[C@@H]1C[C@H]2[C@@H](Cc3c[nH]c4cccc2c34)N(CC=C)C1,0.1,CC(C)[C@H](N1CCCNC1=O)C(=O)N[C@H](C[C@H](O)[C@H](Cc1ccccc1)NC(=O)COc1c(C)cccc1C)Cc1ccccc1,0.14,COc1ccccc1NC(=O)Nc1ccc2c(c1)C(=O)N(C)CC(OC)C(C)CN(Cc1ccccn1)C(C)CO2,0.01,NC(=O)CC(=O)NC(CC(=O)O)C(=O)NCCC(=O)NCCC(=O)NCCC(=O)NCCC(=O)NCCC(=O)NCCC(=O)NCCC(=O)NC(CC(=O)O)C(N)=O
COc1ccc2nccc([C@H](O)[C@H]3C[C@@H]4CCN3C[C@@H]4C=C)c2c1,0.15,COc1ccc2CC3N(CCc4cc(OC)c(OC)cc34)Cc2c1OC,0.15,COc1ccc2CC3N(CCc4cc(OC)c(OC)cc34)Cc2c1OC,0.16,COc1ccc(NC(=O)N(C)CC2OCCCCC(C)Oc3ccc(N(C)C)cc3C(=O)N(C(C)CO)CC2C)cc1,0.05,Cc1cccc(C)c1NC(=O)CNC(=O)C(Cc1ccc(F)cc1)NC(=O)CNC(=O)CNC(=O)CNC(=O)CNC(=O)CNC(=O)CNC(=O)CNC(=O)CNC(=O)CNC(=O)CNC=O
COc1ccc2nccc([C@H](O)[C@H]3C[C@@H]4CC[N@]3C[C@@H]4C=C)c2c1,0.1,CCOC(=O)c1cncn1C(C)c1ccccc1,0.13,Fc1ccc(Cc2n[nH]c(=O)c3ccccc23)cc1C(=O)N1CCN(CC1)C(=O)C1CC1,0.15,CN(C)c1ncnc2ccc(C#N)cc12,0.1,COC(CN(C)Cc1ccc(-c2cccnc2)cc1)C(C)CN(C(=O)Nc1ccc(F)cc1)C(C)CO
COc1cccc(NC(=S)N=S(=O)(C)c2ccccc2)c1,0.11,OCC(NC(=O)C(Cl)Cl)C(O)c1ccc(cc1)[N+](=O)[O-],0.13,CCCc1nc(C(C)(C)O)c(C(=O)OCc2oc(=O)oc2C)n1Cc1ccc(cc1)-c1ccccc1-c1nn[nH]n1,0.22,COc1ccc(CN(C)c2ccc(C(=O)Nc3ccccc3C#N)cc2)cc1,0.14,COC(CN(C)S(=O)(=O)c1ccc(C)cc1)C(C)CN(Cc1ccc(Cl)c(N(C)C)c1)C(C)CO
COc1cccc(OC)c1NC(=O)c1ccc(o1)-c1cc(Cl)ccc1Cl,0.08,C1Cc2c(CN1)[nH]c3ccccc23,0.12,Fc1ccc(Cc2n[nH]c(=O)c3ccccc23)cc1C(=O)N1CCN(CC1)C(=O)C1CC1,0.16,O=C(O)c1ccc(-c2c(-c3cccc(C(F)(F)F)c3)ncn2CCOC(=O)c2ccc(F)cc2)cc1,0.18,COc1ccccc1CN(C)CC1Oc2ccc(NC(=O)CCC(F)(F)F)cc2C(=O)N(C(C)CO)CC1C
COc1cccc(c1)-c1ccc2[C@@H]3[C@H](Cn2c1=O)[C@@H](CO)[C@@H](N3C)C(=O)NCCN1CCCCC1,0.17,CC(C)NC(=O)Nc1ccc2O[C@H](C)CCCCO[C@H](CN(C)CC3CCCCC3)[C@H](C)CN([C@H](C)CO)C(=O)c2c1,0.16,Fc1ccc(Cc2n[nH]c(=O)c3ccccc23)cc1C(=O)N1CCN(CC1)C(=O)C1CC1,0.33,COc1ccc(NC(=O)Nc2ccc3c(c2)C2CC(CC(=O)NCCN4CCCCC4)OC(CO)C2O3)cc1,0.17,CC1CCCCOC(CN(C)CC2CCCCC2)C(C)CN(C(C)CO)C(=O)c2cc(NC(=O)CCCN(C)C)ccc2O1
COc1cccc(c1)-c1ccc2[C@H]3[C@@H](Cn2c1=O)[C@H](CO)[C@H](N3C)C(=O)NCCN1CCCCC1,0.11,Fc1ccc(NC(=O)Nc2nnc(s2)-c2ccncc2)cc1C(F)(F)F,0.06,CC(O)Cn1c(C)ncc1[N+]([O-])=O,0.19,COc1ccc(NC(=O)Nc2ccc3c(c2)C(=O)N(C(C)CO)CC(C)C(CN(C)Cc2ccc(F)cc2)OCCCCC(C)O3)cc1,0.13,COC1CN(C)CC(=O)COc2c(NS(=O)(=O)CC(F)(F)F)cccc2N(S(=O)(=O)c2c(C)c(C)c(C)c(C)c2C)C(C)C1C
COc1cccc(c1)c2ccc3ncnc(NCc4cccnc4)c3c2,0.53,Cc1cccc(CNc2ncnc3ccc(cc23)c4ccoc4)c1,0.12,CN1CCN(CCCN2c3ccccc3Sc3ccc(Cl)cc23)CC1,0.23,COC1CN(C)C(=O)c2cc(NC(=O)c3cccc(F)c3)ccc2OCC(C)N(Cc2cccnc2)CC1C,0.05,COc1cc(CN2C(c3cc(OC)c(OC)c(OC)c3OC)C(=O)C(C)C(=O)N(C)CC(=O)COCC3CCC(OC)C(O3)C(=O)C2c2cc(OC)c(OC)c(OC)c2OC)c(OC)c(OC)c1OC
COc1ccccc1C#Cc2ccc3c(O[C@@H](CN(C)Cc4cccnc4)[C@@H](C)CN([C@@H](C)CO)S3(=O)=O)c2,0.2,CCCC#Cc1cnc2O[C@H](CN(C)C(=O)CCN3CCCCC3)[C@@H](C)CN([C@H](C)CO)C(=O)c2c1,0.07,NC(=O)c1cccc(N)c1,0.34,CC1CN(C(C)CO)C(=O)c2cccc(NC(=O)c3cccnc3)c2OC1CN(C)Cc1ccc(C(F)(F)F)cc1,0.04,CCCCCCCCCCCCCCCCCCCCCCCCCCCCCCCCCCCCCCCCCCCCCCCCCCCCCCCCCCCCCCCCCCCCCCCCCCCCCCCCCCCCCCCCCCCCC(=O)NCc1ccc(OC)cc1
COc1ccccc1C#Cc2ccc3c(O[C@@H](CN(C)Cc4cccnc4)[C@@H](C)CN([C@H](C)CO)S3(=O)=O)c2,0.29,COc1ccc(NC(=O)Nc2cccc3C(=O)N(C[C@H](C)[C@@H](CN(C)Cc4ccc5OCOc5c4)Oc23)[C@@H](C)CO)cc1,0.11,CO[C@H]1[C@@H](C[C@@H]2CN3CCc4c([nH]c5cc(OC)ccc45)[C@@H]3C[C@@H]2[C@@H]1C(=O)OC)OC(=O)c6cc(OC)c(OC)c(OC)c6,0.24,CC1CCCCOC(CN(C)Cc2ccc(C(F)(F)F)cc2)C(C)CN(C(C)CO)C(=O)c2cc(NC(=O)CCC(F)(F)F)ccc2O1,0.2,CC(NC(=O)CC1CC2c3cc(NC(=O)Nc4ccncc4)ccc3OC2C(CO)O1)c1ccccc1
COc1ccccc1C#Cc2ccc3c(O[C@@H](CN(C)Cc4cccnc4)[C@H](C)CN([C@@H](C)CO)S3(=O)=O)c2,0.27,COc1ccccc1CNC(=O)C[C@@H]2C[C@@H]3[C@@H](Oc4ccc(NC(=O)c5cccnc5)cc34)[C@H](CO)O2,0.08,CC(=O)CCCCn1c(=O)n(C)c2ncn(C)c2c1=O,0.32,CC(C)NC(=O)Nc1ccc2c(c1)CC(=O)N(C(C)CO)CC(C)C(CN(C)Cc1ccc(CNc3ccccc3)cc1)O2,0.18,COc1ccc(S(=O)(=O)N(C)CC2OC(CN(C)S(=O)(=O)c3cn(C)cn3)C=CN(C(C)CO)CC(=O)C3CN(CC2=O)N=N3)cc1
COc1ccccc1C#Cc2ccc3c(O[C@@H](CN(C)Cc4cccnc4)[C@H](C)CN([C@H](C)CO)S3(=O)=O)c2,0.43,COCC(=O)N(C)C[C@H]1Oc2cc(ccc2S(=O)(=O)N(C[C@H]1C)[C@@H](C)CO)c3ccccc3F,0.28,C[C@H](CO)N1C[C@H](C)[C@@H](CN(C)C)Oc2ccc(NC(=O)Nc3ccccc3)cc2C1=O,0.28,CC1CN(C(C)CO)C(=O)Cc2cc(NC(=O)Nc3ccc(C(F)(F)F)cc3)ccc2OC1CN(C)Cc1ccc(C(F)(F)F)cc1,0.12,NC(CCc1ccccc1)C(=O)O
COc1ccccc1C#Cc2ccc3c(O[C@H](CN(C)Cc4cccnc4)[C@@H](C)CN([C@@H](C)CO)S3(=O)=O)c2,0.2,CCCC#Cc1cnc2O[C@H](CN(C)C(=O)CCN3CCCCC3)[C@@H](C)CN([C@@H](C)CO)C(=O)c2c1,0.07,C[C@@]1(CCCN1)c1nc2c(cccc2[nH]1)C(N)=O,0.5,CC1CN(C(C)CO)S(=O)(=O)c2ccc(-c3ccccc3C(=O)N(C)C)cc2OC1CN(C)Cc1ccncc1,0.15,CCCNC(=O)CC1OCC(CO)CC1C(C)NC(=O)Cc1ccccc1
COc1ccccc1C#Cc2ccc3c(O[C@H](CN(C)Cc4cccnc4)[C@@H](C)CN([C@H](C)CO)S3(=O)=O)c2,0.2,C[C@H](CO)N1C[C@H](C)[C@@H](CN(C)C(=O)Nc2ccccc2C(F)(F)F)OCc3cnnn3CCCC1=O,0.42,CC(C)NC(=O)N(C)C[C@H]1Oc2cc(C#C[C@@H](C)O)ccc2S(=O)(=O)N(C[C@@H]1C)[C@H](C)CO,0.48,CC1CN(C(C)CO)S(=O)(=O)c2ccc(-c3ccccc3C(=O)N(C)C)cc2OC1CN(C)Cc1ccccn1,0.17,CCCNC(=O)NC1C=CC(CC(=O)NCc2ccc(Oc3ccccc3)cc2)OC1CO
COc1ccccc1C#Cc2ccc3c(O[C@H](CN(C)Cc4cccnc4)[C@H](C)CN([C@@H](C)CO)S3(=O)=O)c2,0.27,C[C@@H](CO)N1C[C@H](C)[C@H](CN(C)C(=O)Nc2ccc(cc2)C(F)(F)F)Oc3ccc(NC(=O)Cc4ccccc4)cc3C1=O,0.17,CCC(c1ccccc1)=C(/c1ccccc1)c1ccc(OCCN(C)C)cc1,0.31,CCS(=O)(=O)Nc1ccc2c(c1)CC(=O)N(C(C)CO)CC(C)C(CN(C)Cc1ccc(F)cc1)O2,0.01,C=O
COc1ccccc1C#Cc2ccc3c(O[C@H](CN(C)Cc4cccnc4)[C@H](C)CN([C@H](C)CO)S3(=O)=O)c2,0.07,Clc1ccc(/C=C/C(=O)NC2=NCCS2)cc1Cl,0.07,Clc1ccc(/C=C/C(=O)NC2=NCCS2)cc1Cl,0.47,CC1CN(C(C)CO)S(=O)(=O)c2ccc(-c3ccc(C(=O)N(C)C)cc3)cc2OC1CN(C)Cc1ccccn1,0.13,O=C1C=C(c2ccccc2)C(O)C(=O)C1
COc1ccccc1CN1C[C@H]2N[C@@H](C1)[C@@H]2c1ccc(cc1)-c1ccc(cc1)C#N,0.22,Cc1cccc(c1)S(=O)(=O)N1C[C@H](O)COC[C@H]2O[C@H](CC(=O)Nc3ccc(cc3)-c3ccccc3)CC[C@H]12,0.18,Oc1ccc(cc1)-c1sc2cc(O)ccc2c1C(=O)c1ccc(OCCN2CCCCC2)cc1,0.22,COc1ccc(CN2C3Cn4c(ccc(-c5ccc(F)cc5)c4=O)C2C(CO)C3C(=O)NCCc2ccccc2)cc1,0.2,O=C(CC1CCC2C(COCC(O)CN2C(=O)c2cccnc2)O1)NCc1ccc(-c2ccccc2)cc1
COc1oc(=O)c2cc(N)ccc2c1Cl,0.05,CCCC[C@@H](C)/C=C(C)/C=C(C)/C(=O)NC1=C[C@@](O)(C=CC=CC=CC(=O)NC2C(=O)CCC2=O)[C@@H]3O[C@@H]3C1=O,0.05,CCCC[C@@H](C)C=C(C)C=C(/C)C(=O)NC1=C[C@@](O)(C=CC=CC=CC(=O)NC2C(=O)CCC2=O)[C@@H]2OC2C1=O,0.14,COC(=O)CC1CCC2C(COc3ccc(NC(=O)c4ccc(Cl)cc4)cc3C(=O)N2C)O1,0.11,COC1CCC2CCOc3ccc(C#N)cc3C(=O)N(C)CC(OC)C(C)C(=O)N(C)CC1O2
CS(=O)(=O)C(=Cc1cccn1S(=O)(=O)c1cccc2ccccc12)C#N,0.1,CC(=O)Nc1ccc(cc1)C(C)=NNC(=O)C1CCCC1,0.13,CN(C)CCCC1(OCc2cc(ccc12)C#N)c1ccc(F)cc1,0.16,CC(C)NC(=O)N(C)CC1OCc2ccccc2-c2c(n(C)c3ccccc23)C(=O)N(C(C)CO)CC1C,0.15,CCN(CC)CCCNC(=O)CCNC(=O)Cc1ccccc1OCc1ccccc1F
CS(=O)(=O)c1ccc(cc1[N+]([O-])=O)C(=O)OCC(=O)N1CCOCC1,0.1,NS(=O)(=O)C#Cc1ccccc1,0.1,NS(=O)(=O)C#Cc1ccccc1,0.13,CC1CCCCOC(CN(C)Cc2ccc(C(F)(F)F)cc2)C(C)CN(C(C)CO)C(=O)c2cc(NC(=O)CCN3CCOCC3)ccc2O1,0.18,O=C(CC1CCC(NC(=O)CN2CCOCC2)C(CO)O1)NCc1ccc2c(c1)OCO2
CSc1nc(nc(n1)c2ccccc2)C(C)C,0.19,c1nc(cs1)-c1nc2ccccc2[nH]1,0.1,Oc1ccc(cc1)C=Cc1cc(O)cc(O)c1,0.14,COC1CN(C)C(=O)c2cc(NC(=O)Cc3ccccc3)ccc2OCC(C)N(C)CC1C,0.03,CN(C)C(=O)CC1CC2C(CO1)N(C)CC(=O)COC2(C)C
CSc1nc2cc(Cl)c(Oc3cccc(Cl)c3Cl)cc2[nH]1,0.17,Nc1nc(N)nc(n1)-c1cc(Cl)ccc1Cl,0.11,Cc1noc(NS(=O)(=O)c2ccc(N)cc2)c1C,0.12,CCN(CC)C(=O)Cc1c[nH]c2ccccc12,0.07,CCCCCCCNC(=O)CCCCCCCCCCCCCCCCCCCCCC(=O)Nc1ccc(Cl)c(Cl)c1
CSc1sc(C(=O)NN)c2CCCC(O)c12,0.07,CSCCC(N)C(=O)NC(CC(C)C)C(=O)NC(Cc1ccccc1)C(=O)O,0.09,O=C1N(C2CCC(=O)NC2=O)C(=O)c2ccccc12,0.09,CC(C)NC(=O)Nc1ccc2c(c1)C(=O)N(C(C)CO)CC(C)C(CN(C)Cc1cccnc1)OCCCCC(C)O2,0.02,CCCCCCCCCCCCCCCNC(=O)CCCCCCCCCCCCCCCCCCCCCCCCCCCCCCCCCCCCCCCCCCCCCCCCCCCCCCCCCCCCCCCCCCCCCCCCCCNC(=O)c1ccc(N)cc1
C[C@@H](CO)N1C[C@@H](C)[C@@H](CN(C)C(=O)CCN(C)C)OCc2ccccc2-c3c(C1=O)n(C)c4ccccc34,0.62,C[C@H](CO)N1C[C@H](C)[C@@H](CN(C)S(=O)(=O)c2cccc(C#N)c2)OCc3ccccc3-c4c(C1=O)n(C)c5ccccc45,0.26,CCCC#Cc1ccc2c(O[C@H](CN(C)C(=O)Nc3ccccc3F)[C@H](C)CN([C@H](C)CO)S2(=O)=O)c1,0.35,CC1CN(C(C)CO)C(=O)CCCn2nncc2COC1CN(C)C(=O)c1ccccc1-c1ccccc1,0.18,COc1ccc(S(=O)(=O)Nc2ccc3c(c2)OCC(C)N(C(=O)c2cccnc2)CC(C)C(OC)CN(C)C3=O)cc1
C[C@@H](CO)N1C[C@@H](C)[C@@H](CN(C)C(=O)Nc2c(C)noc2C)Oc3ccc(NC(=O)Cc4ccccc4)cc3C1=O,0.71,C[C@H](CO)N1C[C@H](C)[C@@H](CN(C)C(=O)Nc2c(C)noc2C)Oc3ccc(NC(=O)CCC(F)(F)F)cc3C1=O,0.13,CC(C)Cc1ccc(cc1)C(C)C(O)=O,0.57,Cc1noc(C)c1NC(=O)Nc1ccc2c(c1)C(=O)N(C(C)CO)CC(C)C(CN(C)Cc1ccc(C(F)(F)F)cc1)O2,0.11,CCCNC(=O)CC1C=CC(NC(=O)C2CCCCC2)C(CO)O1
C[C@@H](CO)N1C[C@@H](C)[C@@H](CN(C)C(=O)c2ccncc2)OCCCC[C@@H](C)Oc3ccc(NC(=O)c4ccccc4)cc3C1=O,0.19,CN(Cc1ccccc1)C(=O)C2CCCN(Cc3ccccc3C(F)(F)F)C2,0.19,CCOc1cc(CC(=O)N[C@@H](CC(C)C)c2ccccc2N2CCCCC2)ccc1C(O)=O,0.5,CC1CCCCOC(CN(C)Cc2ccc(C(F)(F)F)cc2)C(C)CN(C(C)CO)C(=O)c2cc(NC(=O)CCC(F)(F)F)ccc2O1,0.01,CCCCCCCCCCCCCCCCCCCCCCCCCCCCCCCCCCCCCCCCCCCCCCCCCCCCCCCCCCCCCCCCCCCCCCCCCCCCCCCCCCCCCCCCCCCCCCCCCCCCOC
C[C@@H](CO)N1C[C@@H](C)[C@@H](CN(C)C(=O)c2ccncc2)OCCCC[C@H](C)Oc3ccc(NC(=O)c4ccccc4)cc3C1=O,0.57,C[C@@H](CO)N1C[C@@H](C)[C@@H](CN(C)CC2CC2)OCCCC[C@@H](C)Oc3ccc(NC(=O)Nc4ccccc4)cc3C1=O,0.12,CN(C)CCC[C@]1(OCc2cc(ccc12)C#N)c1ccc(F)cc1,0.5,CC(C)NC(=O)Nc1ccc2c(c1)C(=O)N(C(C)CO)CC(C)C(CN(C)Cc1cccc(C(F)(F)F)c1)OCCCCC(C)O2,0.14,Cc1ccccc1CNC(=O)CC1OC(NC(=O)CC2CC2)C(CO)C(O)C1O
C[C@@H](CO)N1C[C@@H](C)[C@@H](CN(C)C)OCCCC[C@@H](C)Oc2ccc(NS(=O)(=O)c3cn(C)cn3)cc2C1=O,0.18,COc1ccccc1S(=O)(=O)N[C@H]1C=C[C@H](CC(=O)N2CCCCC2)O[C@H]1CO,0.39,CC(C)NC(=O)Nc1ccc2O[C@@H](CN(C)C(=O)NC3CCCCC3)[C@@H](C)CN([C@@H](C)CO)C(=O)c2c1,0.5,CC1CCCCOC(CN(C)Cc2ccc(C(F)(F)F)cc2)C(C)CN(C(C)CO)C(=O)c2cc(NC(=O)CCCN(C)C)ccc2O1,0.09,CCCNC(=O)NCCC1C(CO)C(C#N)N1C(=O)Cc1cccnc1
C[C@@H](CO)N1C[C@@H](C)[C@@H](CN(C)C)OCCCC[C@H](C)Oc2ccc(NS(=O)(=O)c3cn(C)cn3)cc2C1=O,0.13,OC[C@@H]1[C@@H]([C@H](C#N)N1C(=O)c1cccc(F)c1)c1ccc(cc1)C1=CCCCC1,0.13,OC[C@@H]1[C@@H]([C@H](C#N)N1C(=O)c1cccc(F)c1)c1ccc(cc1)C1=CCCCC1,0.51,CC1CCCCOC(CN(C)Cc2ccc(C(F)(F)F)cc2)C(C)CN(C(C)CO)C(=O)c2cc(NC(=O)CCN(C)C)ccc2O1,0.23,CN(C)C(=O)CC1CC2c3cc(NS(=O)(=O)c4cc(F)c(F)cc4F)ccc3OC2C(CO)O1
C[C@@H](CO)N1C[C@@H](C)[C@@H](CN(C)Cc2ccc(C)cc2)OCc3cn(CCCC1=O)nn3,0.7,C[C@H](CO)N1C[C@@H](C)[C@@H](CN(C)Cc2ccc(C)cc2)OCc3cnnn3CCCC1=O,0.25,C[C@@H](CO)N1C[C@H](C)[C@@H](CN(C)C(=O)[C@H](C)c2ccccc2)OCc3ccccc3-c4ccccc4C1=O,0.85,COc1ccc(CN(C)CC2OCc3cn(nn3)CCCC(=O)N(C(C)CO)CC2C)cc1,0.12,CN(C)C(=O)CC12OCCCC1(CO)Oc1cccc(NC(=O)c3c(F)cc(F)c(F)c3F)c12
C[C@@H](CO)N1C[C@@H](C)[C@@H](CN(C)Cc2ccc(Cl)c(Cl)c2)Oc3c(NS(=O)(=O)C)cccc3C1=O,0.13,COc1ccccc1NC(=O)N1C[C@H](O)COC[C@@H]2O[C@H](CC(=O)N3CCC(Cc4ccccc4)CC3)CC[C@@H]12,0.14,Fc1ccc(Cc2n[nH]c(=O)c3ccccc23)cc1C(=O)N1CCN(CC1)C(=O)C1CC1,0.37,CC1CN(C(C)CO)C(=O)c2cc(NC(=O)CCCN(C)C)ccc2OC1CN(C)Cc1ccc(C(=O)Nc2ccccc2N)cc1,0.15,CNCCCNC(=O)C1CC2(CO)c3c(C#N)ccc(=O)n3CC1N2S(C)(=O)=O
C[C@@H](CO)N1C[C@@H](C)[C@@H](CN(C)Cc2ccc(Cl)c(Cl)c2)Oc3ccc(NC(=O)c4ccncc4)cc3C1=O,0.34,C[C@@H](CO)N1C[C@@H](C)[C@@H](CN(C)C(=O)Nc2ccc(F)cc2)OCCCC[C@@H](C)Oc3ccc(NS(=O)(=O)c4ccccc4)cc3C1=O,0.14,Fc1ccc(Cc2n[nH]c(=O)c3ccccc23)cc1C(=O)N1CCN(CC1)C(=O)C1CC1,0.55,CCCC(=O)Nc1ccc2c(c1)C(=O)N(C(C)CO)CC(C)C(CN(C)Cc1ccc(C(=O)O)cc1)O2,0.1,CCCCOc1c(OC)cccc1C(=O)O
C[C@@H](CO)N1C[C@@H](C)[C@@H](CN(C)Cc2ccc(cc2)C(F)(F)F)OCc3cnnn3CCCC1=O,0.71,C[C@H](CO)N1C[C@H](C)[C@H](CN(C)Cc2cccc(C)c2)OCc3cnnn3CCCC1=O,0.09,CC(=O)SCC(Cc1ccccc1)C(=O)NCC(=O)OCc1ccccc1,1,CC1CN(C(C)CO)C(=O)CCCn2nncc2COC1CN(C)Cc1ccc(C(F)(F)F)cc1,0.03,CCCCCCCCCCCCCCCCCCCC(=O)O
C[C@@H](CO)N1C[C@@H](C)[C@@H](CN(C)Cc2ccc(cc2)C(F)(F)F)Oc3ccc(NC(=O)Nc4c(C)noc4C)cc3C1=O,0.32,COc1ccc(NC(=O)N(C)C[C@H]2Oc3c(NC(=O)NC4CCCCC4)cccc3C(=O)N(C[C@@H]2C)[C@H](C)CO)cc1,0.1,CNCCCCOc1ccccc1Cc1ccccc1,0.54,CC1CN(C(C)CO)C(=O)c2cc(NC(=O)CCCN(C)C)ccc2OC1CN(C)Cc1ccc(C(=O)O)cc1,0.12,CC(C)c1ccc2ccn(C)c(=O)c2c1C(C)C
C[C@@H](CO)N1C[C@@H](C)[C@@H](CN(C)Cc2cccc(F)c2)Oc3ncc(C#CC(C)(C)O)cc3C1=O,0.36,C[C@H](CO)N1C[C@H](C)[C@@H](CN(C)C(=O)c2ccc3OCOc3c2)Oc4ncc(cc4C1=O)C5=CCCC5,0.11,CCC(c1ccccc1)=C(/c1ccccc1)c1ccc(OCCN(C)C)cc1,0.32,CC(C)CC(=O)Nc1ccc2c(c1)CC(=O)N(C(C)CO)CC(C)C(CN(C)Cc1ccc(C(F)(F)F)cc1)O2,0.12,CN(C)C(=O)CC1CCC2C(COCC(O)CN2Cc2ccc(Cl)c(Cl)c2)O1
C[C@@H](CO)N1C[C@@H](C)[C@@H](CN(C)S(=O)(=O)CC(F)(F)F)OCc2ccccc2-c3c(C1=O)n(C)c4ccccc34,0.11,CC1(C)Oc2ccc(cc2[C@@H](OC2=CC(=O)CC2)[C@@H]1O)C#N,0.1,NC(NCc1ccccc1)=N/C(=O)c1nc(Cl)c(N)nc1N,0.77,CC1CN(C(C)CO)C(=O)c2c(c3ccccc3n2C)-c2ccccc2COC1CN(C)CCCC(F)(F)F,0.16,CN(C)CCOc1ccc(-c2cn(Cc3cccc(F)c3)c(=O)nc2N)cc1
C[C@@H](CO)N1C[C@@H](C)[C@@H](CN(C)S(=O)(=O)Cc2ccccc2)OCc3ccccc3-c4ccccc4C1=O,0.46,C[C@H](CO)N1C[C@@H](C)[C@@H](CN(C)S(=O)(=O)c2cn(C)cn2)OCc3ccccc3-c4c(C1=O)n(C)c5ccccc45,0.08,O[C@@H]1CN[C@@H]2CC[C@@H](CC(=O)NCc3ccc4OCOc4c3)O[C@H]2COC1,0.67,CC1CN(C(C)CO)C(=O)c2ccccc2-c2ccccc2COC1CN(C)S(=O)(=O)c1cn(C)cn1,0.15,COc1ccc(-c2c(O)c(C(=O)Nc3cccc(Cl)c3)cc3c2[nH]c2ccccc23)cc1
C[C@@H](CO)N1C[C@@H](C)[C@@H](CN(C)S(=O)(=O)c2ccccc2)OCc3cn(CCCC1=O)nn3,0.77,C[C@H](CO)N1C[C@H](C)[C@@H](CN(C)S(=O)(=O)c2ccc(cc2)c3ccccc3)OCc4cn(CCCC1=O)nn4,0.52,COc1ccccc1S(=O)(=O)N(C)C[C@H]2OCc3cnnn3CCCC(=O)N(C[C@H]2C)[C@H](C)CO,0.28,CC(C)NC(=O)N(C)CC1OCCCCC(C)Oc2ccc(NC(=O)Cc3ccccc3)cc2C(=O)N(C(C)CO)CC1C,0.14,O=C(Nc1ccccc1C(=O)NCCN1CCOCC1)c1ccc(F)cc1
C[C@@H](CO)N1C[C@@H](C)[C@H](CN(C)C(=O)C2CCCCC2)OCc3cnnn3CCCC1=O,0.1,Cc1cccc(c1)S(=O)(=O)N1C[C@@H](O)COC[C@@H]2O[C@H](CC(=O)Nc3ccc(cc3)-c3ccccc3)CC[C@@H]12,0.59,CNC[C@H]1OCc2cnnn2CCCC(=O)N(C[C@@H]1C)[C@H](C)CO,0.51,CC1CN(C(C)CO)C(=O)CCCn2nncc2COC1CN(C)Cc1cccc(C(F)(F)F)c1,0.05,Cc1ccc(C)c(NC(=O)Nc2ccccc2)c1C
C[C@@H](CO)N1C[C@@H](C)[C@H](CN(C)C(=O)Nc2c(C)noc2C)Oc3ccc(NC(=O)Cc4ccccc4)cc3C1=O,0.46,C[C@H](CO)N1C[C@@H](C)[C@H](CN(C)Cc2ccncc2)Oc3ccc(NC(=O)Nc4cccc5ccccc45)cc3C1=O,0.13,Oc1ccc(cc1)-c1coc2cc(O)cc(O)c2c1=O,0.71,COc1ccc(NC(=O)N(C)CC2Oc3ccc(NC(=O)Cc4ccccc4)cc3C(=O)N(C(C)CO)CC2C)cc1,0.1,O=C(CC1CCC(NC(=O)C2CC2)C(CO)O1)NCCCl
C[C@@H](CO)N1C[C@@H](C)[C@H](CN(C)C(=O)c2ccncc2)OCCCC[C@@H](C)Oc3ccc(NC(=O)c4ccccc4)cc3C1=O,0.36,C[C@@H](CO)N1C[C@H](C)[C@@H](CN(C)C(=O)[C@H](C)c2ccccc2)OCc3ccccc3-c4ccccc4C1=O,0.19,CO[C@@H]1CN(C)C(=O)c2ccc(NC(=O)Nc3c(C)noc3C)cc2OC[C@H](C)NC[C@@H]1C,0.55,CC1CCCCOC(CN(C)C(=O)NC2CCCCC2)C(C)CN(C(C)CO)C(=O)c2cc(NC(=O)NC(C)c3ccccc3)ccc2O1,0.16,CCOc1cccc(C(=O)Nc2nnc(-c3cccnc3)s2)c1
C[C@@H](CO)N1C[C@@H](C)[C@H](CN(C)C(=O)c2ccncc2)OCCCC[C@H](C)Oc3ccc(NC(=O)c4ccccc4)cc3C1=O,0.13,O[C@@H]1COC[C@H]2O[C@@H](CC(=O)N3CCOCC3)CC[C@@H]2N(C1)C(=O)Nc1cc(Cl)cc(Cl)c1,0.17,Fc1ccc(Cc2n[nH]c(=O)c3ccccc23)cc1C(=O)N1CCN(CC1)C(=O)C1CC1,0.52,CC(C)NC(=O)Nc1ccc2c(c1)C(=O)N(C(C)CO)CC(C)C(CN(C)C(=O)CCC(F)(F)F)OCCCCC(C)O2,0.2,CCCC(=O)Nc1ccc2c(c1)C(=O)N(C)C1OC(CC(=O)NCCCN3CCOCC3)CCC1CO2
C[C@@H](CO)N1C[C@@H](C)[C@H](CN(C)C)OCCCC[C@@H](C)Oc2ccc(NS(=O)(=O)c3cn(C)cn3)cc2C1=O,0.53,CC(C)NC(=O)N(C)C[C@H]1OCCCC[C@@H](C)Oc2ccc(NC(=O)c3ccccc3)cc2C(=O)N(C[C@@H]1C)[C@H](C)CO,0.06,NC(=N)NC(=N)NCCc1ccccc1,0.72,CC1CCCCOC(CN(C)Cc2ccc(C(F)(F)F)cc2)C(C)CN(C(C)CO)C(=O)c2cc(NS(=O)(=O)c3cn(C)cn3)ccc2O1,0.19,COC1CC(C)N(C(C)=O)c2c(NS(C)(=O)=O)cccc2OCC(=O)CN(C)C1C
C[C@@H](CO)N1C[C@@H](C)[C@H](CN(C)C)OCCCC[C@H](C)Oc2ccc(NS(=O)(=O)c3cn(C)cn3)cc2C1=O,0.48,C[C@@H](CO)N1C[C@@H](C)[C@H](CN(C)Cc2ccncc2)OCCCC[C@@H](C)Oc3ccc(NC(=O)Nc4ccccc4)cc3C1=O,0.28,C[C@@H](O)C#Cc1cnc2O[C@H](CN(C)C(=O)Cc3ccncc3)[C@@H](C)CN([C@@H](C)CO)C(=O)c2c1,0.54,CC(C)NC(=O)Nc1ccc2c(c1)C(=O)N(C(C)CO)CC(C)C(CN(C)Cc1cccnc1)OCCCCC(C)O2,0.03,CCCCCCCCCCCCCCCCCCCCCCCCC(=O)NCCCCCCCCCCCCCCC(=O)NCCCCCCCCCCCC(=O)NC(C)C
C[C@@H](CO)N1C[C@@H](C)[C@H](CN(C)Cc2ccc(C)cc2)OCc3cn(CCCC1=O)nn3,0.59,COc1cccc(NC(=O)N(C)C[C@@H]2OCc3cn(CCCC(=O)N(C[C@@H]2C)[C@H](C)CO)nn3)c1,0.07,NC(=O)c1cccc(N)c1,0.56,CC1CN(C(C)CO)C(=O)CCCn2nncc2COC1CN(C)Cc1ccc(C(F)(F)F)cc1,0.15,O=C1CCN(Cc2ccc(Cl)cc2)S1(=O)=O
C[C@@H](CO)N1C[C@@H](C)[C@H](CN(C)Cc2ccc(Cl)c(Cl)c2)Oc3c(NS(=O)(=O)C)cccc3C1=O,0.17,CO[C@H]1CN(C)C(=O)c2ccc(NC(=O)Nc3cc(F)ccc3F)cc2OC[C@H](C)N(C[C@H]1C)C(=O)c1cnccn1,0.14,Cc1cccc(CN2CCN(CC2)C(c2ccccc2)c2ccc(Cl)cc2)c1,0.42,CC1CCCCOC(CN(C)Cc2ccc(Cl)c(Cl)c2)C(C)CN(C(C)CO)C(=O)c2cc(NC(=O)CCN3CCOCC3)ccc2O1,0.29,CC1COCC(=O)c2cccc(NS(C)(=O)=O)c2COC(CN(C)S(=O)(=O)c2ccccc2)C(=O)CN(C(C)CO)C1C
C[C@@H](CO)N1C[C@@H](C)[C@H](CN(C)Cc2ccc(Cl)c(Cl)c2)Oc3ccc(NC(=O)c4ccncc4)cc3C1=O,0.09,OC(=O)CCc1cc(I)c(O)c(I)c1,0.07,NC(=N)NC(=O)c1nc(Cl)c(N)nc1N,0.42,CC(C)NC(=O)Nc1ccc2c(c1)C(=O)N(C(C)CO)CC(C)C(CN(C)Cc1cccnc1)OCCCCC(C)O2,0.13,Cc1cc(C)c(-c2ccc(C(F)(F)F)c(C(F)(F)F)c2C(=O)NS(=O)(=O)NC(=O)c2cc3c(c(C(F)(F)F)c2)OCO3)cc1C
C[C@@H](CO)N1C[C@@H](C)[C@H](CN(C)Cc2ccc(cc2)C(F)(F)F)Oc3ccc(NC(=O)Nc4c(C)noc4C)cc3C1=O,0.43,COc1ccc(NC(=O)Nc2cccc3C(=O)N(C[C@@H](C)[C@@H](CN(C)Cc4ccc5OCOc5c4)Oc23)[C@@H](C)CO)cc1,0.25,C[C@@H](CO)N1C[C@H](C)[C@@H](CN(C)C(=O)c2ccc(F)cc2)Oc3cc(ccc3S1(=O)=O)C4=CCCC4,0.61,CC1CN(C(C)CO)C(=O)c2cc(NC(=O)CCC(F)(F)F)ccc2OC1CN(C)Cc1ccc(F)cc1,0.17,CN1C(=O)N(CC(=O)Nc2ccc(C(C)(C)C)cc2)C(C(=O)O)C1(C)c1ccc(NC(=O)CCN2CCN(C(=O)c3ccccc3)CC2)cc1
C[C@@H](CO)N1C[C@@H](C)[C@H](CN(C)Cc2cccc(F)c2)Oc3ncc(C#CC(C)(C)O)cc3C1=O,0.23,C[C@H](CO)N1C[C@@H](C)[C@H](CN(C)C(=O)Oc2cccc3ccccc23)OCc4cnnn4CCCC1=O,0.12,OC(COc1cccc2oc(cc(=O)c12)C(O)=O)COc1cccc2oc(cc(=O)c12)C(O)=O,0.36,CC1CN(C(C)CO)C(=O)c2cc(NC(=O)CCCN(C)C)ccc2OC1CN(C)Cc1ccc(C(=O)O)cc1,0.14,COC1CN(C)C(=O)c2cc(NS(=O)(=O)CC(F)(F)F)ccc2OCC(C)N(C(=O)CC(F)(F)F)CC1C
C[C@@H](CO)N1C[C@@H](C)[C@H](CN(C)S(=O)(=O)CC(F)(F)F)OCc2ccccc2-c3c(C1=O)n(C)c4ccccc34,0.17,OC[C@H]1O[C@H](CC(=O)NCc2ccc(Cl)c(Cl)c2)C=C[C@H]1NS(=O)(=O)c1ccccc1,0.09,CCc1c(C)[nH]c2CCC(CN3CCOCC3)C(=O)c12,0.69,CC1CN(C(C)CO)C(=O)c2c(c3ccccc3n2C)-c2ccccc2COC1CN(C)Cc1ccc(C(F)(F)F)cc1,0.04,CCCCCCCCCCCCCCCCCCC(O)CO
C[C@@H](CO)N1C[C@@H](C)[C@H](CN(C)S(=O)(=O)c2c(C)noc2C)OCCCC[C@@H](C)Oc3ccc(cc3C1=O)N(C)C,0.25,C[C@H](CO)N1C[C@H](C)[C@H](CN(C)Cc2ccc3OCOc3c2)Oc4ncc(cc4C1=O)c5cc6ccccc6o5,0.59,C[C@H](CO)N1C[C@H](C)[C@H](CN(C)C(=O)Cc2ccccc2)OCCCC[C@H](C)Oc3ccc(cc3C1=O)N(C)C,0.43,CC1CCCCOC(CN(C)Cc2cccnc2)C(C)CN(C(C)CO)C(=O)c2cc(NC(=O)c3cccnc3)ccc2O1,0.17,CN(C)C(=O)CC1CC2Oc3cccc(NC(=O)C4CCC4)c3C2(CO)CO1
C[C@@H](CO)N1C[C@@H](C)[C@H](CN(C)S(=O)(=O)c2c(C)noc2C)OCCCC[C@H](C)Oc3ccc(cc3C1=O)N(C)C,0.44,CC(C)NC(=O)N(C)C[C@@H]1OCCCC[C@H](C)Oc2ccc(NC(=O)Nc3ccc4OCOc4c3)cc2C(=O)N(C[C@@H]1C)[C@H](C)CO,0.44,CC(C)NC(=O)N(C)C[C@@H]1OCCCC[C@H](C)Oc2ccc(NC(=O)Nc3ccc4OCOc4c3)cc2C(=O)N(C[C@@H]1C)[C@H](C)CO,0.58,CC1CCCCOC(CN(C)Cc2ccc(C(F)(F)F)cc2)C(C)CN(C(C)CO)C(=O)c2cc(N(C)C)ccc2O1,0.11,O=C(CC1CCC2C(COCC(Br)C(=O)N2Cc2ccccc2Cl)O1)NCCc1ccccc1
C[C@@H](CO)N1C[C@@H](C)[C@H](CN(C)S(=O)(=O)c2ccccc2)OCc3cn(CCCC1=O)nn3,0.14,Fc1cccc(F)c1S(=O)(=O)N2CCN(CC2)C(=O)c3ccc4OCCOc4c3,0.1,CS(=O)(=O)CCNCc1ccc(o1)-c1ccc2ncnc(Nc3ccc(OCc4cccc(F)c4)c(Cl)c3)c2c1,0.62,CC1CN(C(C)CO)C(=O)CCCn2cc(nn2)COC1CN(C)C(=O)c1cccnc1,0.07,Cc1c(C)c(C)c(NC(=O)NCCCC(NC(=O)C(N)C(C)C)C(N)=O)c(C)c1C
C[C@@H](CO)N1C[C@@H](C)[C@H](CN(C)S(=O)(=O)c2cn(C)cn2)OCc3ccccc3-c4ccccc4C1=O,0.19,C[C@H](NC(=O)C[C@@H]1O[C@@H](CO)[C@H](NC(=O)Cc2ccccn2)C=C1)c1ccccc1,0.14,CN(C)CCC[C@]1(OCc2cc(ccc12)C#N)c1ccc(F)cc1,0.45,CCCNC(=O)N(C)CC1OCc2ccccc2-c2c(n(C)c3ccccc23)C(=O)N(C(C)CO)CC1C,0.18,COC1C(=O)CN(C)C(CNC(C)C)C(C)OCC(=O)CN(C)C1CC(=O)NCc1ccccc1
C[C@@H](CO)N1C[C@H](C)[C@@H](CN(C)C(=O)CCN(C)C)OCc2ccccc2-c3c(C1=O)n(C)c4ccccc34,0.27,C[C@H](CO)N1C[C@@H](C)[C@H](CN(C)Cc2ccc(cc2)C(F)(F)F)Oc3ccc(NC(=O)CCN4CCOCC4)cc3C1=O,0.17,Cc1ccccc1S(=O)(=O)N1C[C@@H](O)COC[C@@H]2O[C@@H](CC(=O)NCc3ccccc3Cl)CC[C@@H]12,0.67,COc1ccc(NC(=O)N(C)CC2OCc3ccccc3-c3c(n(C)c4ccccc34)C(=O)N(C(C)CO)CC2C)cc1,0.14,CC1OC(C)C(OCCN(C)C)C(O)C1NC(=O)c1cccnc1
C[C@@H](CO)N1C[C@H](C)[C@@H](CN(C)C(=O)Nc2c(C)noc2C)Oc3ccc(NC(=O)Cc4ccccc4)cc3C1=O,0.55,C[C@H](CO)N1C[C@H](C)[C@@H](CN(C)C)Oc2ccc(NC(=O)Nc3ccccc3)cc2C1=O,0.09,OC(Cn1cncn1)(Cn1cncn1)c1ccc(F)cc1F,0.45,CC1CN(C(C)CO)C(=O)c2cc(NC(=O)CCCN(C)C)ccc2OC1CN(C)Cc1ccc(C(F)(F)F)cc1,0.17,COc1cc(CNC(=O)CC2OCCC3C2COC(O)CCN3C(=O)Nc2ccc(C(F)(F)F)cc2)cc(OC)c1
C[C@@H](CO)N1C[C@H](C)[C@@H](CN(C)C(=O)c2ccncc2)OCCCC[C@@H](C)Oc3ccc(NC(=O)c4ccccc4)cc3C1=O,0.16,COc1ccc2c3c([C@H](CO)NC[C@]33CN(C3)C(=O)Nc3ccccc3F)n(C)c2c1,0.05,CCCC(CCC)C(O)=O,0.56,CC1CCCCOC(CN(C)Cc2ccncc2)C(C)CN(C(C)CO)C(=O)c2cc(NS(=O)(=O)c3cccc(F)c3)ccc2O1,0.15,C=C1NC(C)(C)C(=O)OC(Cc2ccccc2)NCCCC1=O
C[C@@H](CO)N1C[C@H](C)[C@@H](CN(C)C(=O)c2ccncc2)OCCCC[C@H](C)Oc3ccc(NC(=O)c4ccccc4)cc3C1=O,0.07,CCCCC[C@H](O)/C=C/[C@H]1C=CC(=O)[C@@H]1CCCCCCC(=O)O,0.07,CCCCC[C@H](O)/C=C/[C@H]1C=CC(=O)[C@@H]1CCCCCCC(=O)O,0.48,CC(C)NC(=O)N(C)CC1OCCCCC(C)Oc2ccc(N(C)C)cc2C(=O)N(C(C)CO)CC1C,0.12,CCN(CC)CCOC(=O)C1CC23CC(=O)CC=C2CCC(C)C3C1C
C[C@@H](CO)N1C[C@H](C)[C@@H](CN(C)C)OCCCC[C@H](C)Oc2ccc(NS(=O)(=O)c3cn(C)cn3)cc2C1=O,0.52,CC(C)NC(=O)N(C)C[C@H]1OCCCC[C@@H](C)Oc2ccc(NC(=O)Cc3ccccc3)cc2C(=O)N(C[C@@H]1C)[C@H](C)CO,0.18,CN(C)CCCNC(=O)C[C@H]1CC[C@@H](NS(=O)(=O)c2ccc(C)cc2)[C@@H](CO)O1,0.6,Cc1ccc(S(=O)(=O)Nc2ccc3c(c2)C(=O)N(C(C)CO)CC(C)C(CN(C)C(=O)NC(C)C)OCCCCC(C)O3)cc1,0.14,CN(C)C(=O)CC1OC(CO)CC=C1NS(C)(=O)=O
C[C@@H](CO)N1C[C@H](C)[C@@H](CN(C)Cc2ccc(Cl)c(Cl)c2)Oc3c(NS(=O)(=O)C)cccc3C1=O,0.15,CN1CCCC(CC1)n1nc(Cc2ccc(Cl)cc2)c2ccccc2c1=O,0.16,COc1ccc(CCN(C)CCCC(C#N)(C(C)C)c2ccc(OC)c(OC)c2)cc1OC,0.52,CC(C)NC(=O)Nc1cccc2c1OC(CN(C)Cc1ccc(C(F)(F)F)cc1)C(C)CN(C(C)CO)C2=O,0.14,CCNCCCNC(=O)CC1CC(CO)C(c2ccccc2C#N)C(NC(=O)Nc2cccc(F)c2)O1
C[C@@H](CO)N1C[C@H](C)[C@@H](CN(C)Cc2ccc(Cl)c(Cl)c2)Oc3ccc(NC(=O)c4ccncc4)cc3C1=O,0.49,C[C@@H](CO)N1C[C@@H](C)[C@@H](CN(C)Cc2ccc(Oc3ccccc3)cc2)Oc4c(NC(=O)c5ccncc5)cccc4C1=O,0.06,CCCC(CCC)C(O)=O,0.43,CC1CCCCOC(CN(C)Cc2cccnc2)C(C)CN(C(C)CO)C(=O)c2cc(NC(=O)Nc3ccccc3)ccc2O1,0.16,CCCNC(=O)N1CC(OC)CCN(C)C(=O)c2ccc(NS(C)(=O)=O)cc2OC(C)C1C
C[C@@H](CO)N1C[C@H](C)[C@@H](CN(C)Cc2ccc(cc2)C(F)(F)F)Oc3ccc(NC(=O)Nc4c(C)noc4C)cc3C1=O,0.19,OC[C@@H]1O[C@@H](CC(=O)NCCc2ccccc2)C[C@@H]3[C@H]1Oc4ccc(NC(=O)c5cccnc5)cc34,0.17,CC1(C)CCC(C)(C)c2cc(ccc12)C(=O)Nc1ccc(cc1)C(O)=O,0.46,CC(C)NC(=O)Nc1ccc2c(c1)CC(=O)N(C(C)CO)CC(C)C(CN(C)Cc1cccc(C(F)(F)F)c1)O2,0.13,CNC(=O)CC1OC(CO)CCC1NC(=O)c1cc(F)c(F)c(F)c1F
C[C@@H](CO)N1C[C@H](C)[C@@H](CN(C)Cc2cccc(F)c2)Oc3ncc(C#CC(C)(C)O)cc3C1=O,0.47,C[C@H](O)C#Cc1cnc2O[C@@H](CN(C)CC3CCOCC3)[C@@H](C)CN([C@@H](C)CO)C(=O)c2c1,0.26,CCCC#Cc1ccc2c(O[C@@H](CN(C)C(=O)Nc3ccccc3F)[C@@H](C)CN([C@H](C)CO)S2(=O)=O)c1,0.32,COc1cccc(S(=O)(=O)Nc2ccc3c(c2)C(=O)N(C(C)CO)CC(C)C(CN(C)Cc2cccc(C(F)(F)F)c2)OCCCCC(C)O3)c1,0.19,COC1CN(C)C(=O)c2ccc(NS(=O)(=O)c3ccc(F)cc3)cc2OC(CN(C)C(=O)c2cccnc2)CN(C)CC1C
C[C@@H](CO)N1C[C@H](C)[C@@H](CN(C)S(=O)(=O)c2cn(C)cn2)OCc3ccccc3-c4ccccc4C1=O,0.19,CCC(=O)Nc1ccc2OC[C@@H](C)N(Cc3ccncc3)C[C@@H](C)[C@H](CN(C)C(=O)c2c1)OC,0.15,Cc1cccc(Nc2ccccc2C(O)=O)c1C,0.35,Cc1ccc(S(=O)(=O)N(C)CC2OCc3cn(nn3)CCCC(=O)N(C(C)CO)CC2C)cc1,0.23,CC(C)NC(=O)N(C)CC1OCc2ccc(NC(=O)CCC(F)(F)F)cc2CC(C)OCCC(=O)N(C(C)CO)CC1C
C[C@@H](CO)N1C[C@H](C)[C@H](CN(C)C(=O)CCN(C)C)OCc2ccccc2-c3c(C1=O)n(C)c4ccccc34,0.19,CN1[C@@H]([C@@H](CO)[C@@H]2Cn3c(ccc(-c4cccc(F)c4)c3=O)[C@H]12)C(=O)NCc1ccccn1,0.17,CC(C)NC(=O)N[C@H]1C=C[C@@H](CC(=O)NC2Cc3ccccc3C2)O[C@H]1CO,0.62,CC1CN(C(C)CO)C(=O)c2c(c3ccccc3n2C)-c2ccccc2COC1CN(C)Cc1ccc(C(F)(F)F)cc1,0.12,CC(=O)Nc1ccc(-c2cc3nc(N4CCNCC4)ccn3n2)cc1
C[C@@H](CO)N1C[C@H](C)[C@H](CN(C)C(=O)Nc2c(C)noc2C)Oc3ccc(NC(=O)Cc4ccccc4)cc3C1=O,0.71,C[C@H](CO)N1C[C@H](C)[C@@H](CN(C)C(=O)Nc2c(C)noc2C)Oc3ccc(NC(=O)CCC(F)(F)F)cc3C1=O,0.1,Oc1ccc(cc1)C=Cc1cc(O)cc(O)c1,0.45,CC(C)NC(=O)Nc1ccc2c(c1)C(=O)N(C(C)CO)CC(C)C(CN(C)Cc1ccc(C(F)(F)F)cc1)O2,0.06,CCCCNCC1OC(CO)C(O)C1O
C[C@@H](CO)N1C[C@H](C)[C@H](CN(C)C(=O)Oc2cccc3ccccc23)OCc4cn(CCCC1=O)nn4,0.18,CO[C@@H]1CN(C)C(=O)c2ccc(NC(=O)C3CC3)cc2OC[C@@H](C)N(Cc2ccncc2)C[C@H]1C,0.39,COc1ccc(cc1)S(=O)(=O)N(C)C[C@H]2OCc3cnnn3CCCC(=O)N(C[C@H]2C)[C@@H](C)CO,0.54,CC1CN(C(C)CO)C(=O)CCCn2cc(nn2)COC1CN(C)C(=O)CCC(F)(F)F,0.2,COC1CC(C)CN(C(=O)c2ccccc2)C(C)C(=O)Oc2c(cccc2NC(=O)NC(C)C)CN1C
C[C@@H](CO)N1C[C@H](C)[C@H](CN(C)C(=O)c2ccncc2)OCCCC[C@H](C)Oc3ccc(NC(=O)c4ccccc4)cc3C1=O,0.07,CN[C@@H]1[C@H](O)[C@H](NC)[C@H]2O[C@]3(O)[C@@H](O[C@H](C)CC3=O)O[C@@H]2[C@H]1O,0.2,CCC(c1ccccc1)=C(/c1ccccc1)c1ccc(OCCN(C)C)cc1,0.5,CC(C)NC(=O)N(C)CC1OCCCCC(C)Oc2ccc(NC(=O)C3CCCCC3)cc2C(=O)N(C(C)CO)CC1C,0.15,NC1CCCC(C=CC=C2CN(Cc3ccccc3)C(=O)C2=O)C1
C[C@@H](CO)N1C[C@H](C)[C@H](CN(C)C)OCCCC[C@@H](C)Oc2ccc(NS(=O)(=O)c3cn(C)cn3)cc2C1=O,0.27,COc1ccc(CN(C)C[C@@H]2OCc3cnnn3CCCC(=O)N(C[C@H]2C)[C@@H](C)CO)cc1,0.08,CC(=O)SCC(Cc1ccccc1)C(=O)NCC(=O)OCc1ccccc1,0.52,COc1ccc(NC(=O)N(C)CC2OCCCCC(C)Oc3ccc(N(C)C)cc3C(=O)N(C(C)CO)CC2C)cc1,0.03,CCOC(=O)CCCC(=O)NCCCCNC(=O)C(CCCNC(=N)N)NC(=O)C(CCCNC(=N)N)NC(=O)C(CCCNC(=N)N)NC(=O)CCCCNC
C[C@@H](CO)N1C[C@H](C)[C@H](CN(C)C)OCCCC[C@H](C)Oc2ccc(NS(=O)(=O)c3cn(C)cn3)cc2C1=O,0.16,OC[C@@H]1O[C@H](CC(=O)NCc2ccc(Cl)cc2)C[C@H]3[C@@H]1Oc4ccc(NC(=O)CC5CC5)cc34,0.14,COc1cc2OC[C@H]3Oc4c(CC=C(C)C)c(O)ccc4C(=O)[C@H]3c2cc1OC,0.63,CC1CCCCOC(CN(C)C)C(C)CN(C(C)CO)C(=O)c2cc(NC(=O)c3ccncc3)ccc2O1,0.17,CN1CCN(C(=O)CC2C=C(c3ccc(-c4ccccc4C(=O)N(C)C)c(C#N)c3)C(CO)CO2)CC1
C[C@@H](CO)N1C[C@H](C)[C@H](CN(C)Cc2ccc(C)cc2)OCc3cn(CCCC1=O)nn3,0.12,OC[C@@H]1O[C@H](CC(=O)NCc2ccc(Oc3ccccc3)cc2)C=C[C@H]1NC(=O)c1ccccc1,0.07,NC(=O)c1cccc(N)c1,0.34,Cc1ccc(S(=O)(=O)Nc2ccc3c(c2)C(=O)N(C(C)CO)CC(C)C(CN(C)Cc2ccc(C(F)(F)F)cc2)OCCCCC(C)O3)cc1,0.08,CN(CC(=O)Nc1cc(C(=O)Nc2cccnc2)c2ccccc2c1)C(=O)c1ccc2ccccc2c1
C[C@@H](CO)N1C[C@H](C)[C@H](CN(C)Cc2ccc(Cl)c(Cl)c2)Oc3c(NS(=O)(=O)C)cccc3C1=O,0.34,C[C@H](CO)N1C[C@H](C)[C@H](CN(C)Cc2ccc(cc2)c3ccccc3)Oc4ccc(NC(=O)CCN5CCOCC5)cc4C1=O,0.14,CN(C)CCCSc1ccccc1NC(=O)C=Cc1ccccc1,0.37,CC1CCCCOC(CN(C)Cc2cccc(C(F)(F)F)c2)C(C)CN(C(C)CO)C(=O)c2cc(NS(=O)(=O)c3cccs3)ccc2O1,0.12,COc1ccc(C(=O)NCCCCCN(C)C)c(OC)c1
C[C@@H](CO)N1C[C@H](C)[C@H](CN(C)Cc2ccc(Cl)c(Cl)c2)Oc3ccc(NC(=O)c4ccncc4)cc3C1=O,0.14,Fc1ccc(cc1)C(=O)CSc2nsc(SCC(=O)c3ccc(F)cc3)c2C#N,0.08,COc1ccc(cc1OC1CCCC1)C1CNC(=O)C1,0.41,CC(C)NC(=O)Nc1ccc2c(c1)C(=O)N(C(C)CO)CC(C)C(CN(C)Cc1ccc(C(F)(F)F)cc1)OCCCCC(C)O2,0.18,COC1CN(C)C(=O)c2cc(NS(=O)(=O)c3cn(C)cn3)ccc2OCC(C)N(C(C)=O)CC1C
C[C@@H](CO)N1C[C@H](C)[C@H](CN(C)Cc2ccc(cc2)C(F)(F)F)OCc3cnnn3CCCC1=O,0.13,COCC(=O)N1C[C@H](C)[C@@H](CN(C)C(=O)c2cc(NC(=O)c3cc(C)on3)ccc2OC[C@@H]1C)OC,0.1,COc1cc2OC[C@H]3Oc4c(CC=C(C)C)c(O)ccc4C(=O)[C@H]3c2cc1OC,0.43,CC1CN(C(C)CO)C(=O)Cc2cc(NC(=O)CCN3CCOCC3)ccc2OC1CN(C)Cc1ccc(C(F)(F)F)cc1,0.1,CC(C)(C)S(=O)N1CCC(CNC(=O)CN2CCCCC2)C1
C[C@@H](CO)N1C[C@H](C)[C@H](CN(C)Cc2ccc(cc2)C(F)(F)F)Oc3ccc(NC(=O)Nc4c(C)noc4C)cc3C1=O,0.08,Nc1nc(N)nc(n1)-c1cc(Cl)ccc1Cl,0.14,CCN(CC)CC(=O)Nc1c(C)cccc1C,0.55,CCCNC(=O)Nc1ccc2c(c1)C(=O)N(C(C)CO)CC(C)C(CN(C)Cc1ccc(-c3ccccc3)cc1)O2,0.16,O=C(Nc1cccc(C(F)(F)F)c1S(=O)(=O)NC(C(=O)O)c1cccnc1)c1cc(NC(=O)C2(C(O)C(O)C(CO)C(=O)O)C=CCC2)cc(O)c1O
C[C@@H](CO)N1C[C@H](C)[C@H](CN(C)Cc2cccc(F)c2)Oc3ncc(C#CC(C)(C)O)cc3C1=O,0.18,CCCN1C[C@H](C)[C@@H](CN(C)C(=O)c2cc(NC(=O)Nc3ccccc3F)ccc2OC[C@@H]1C)OC,0.16,COC(=O)C1=C(C)NC(C)=C(C1c1cccc(c1)[N+]([O-])=O)C(=O)OCCN(C)Cc1ccccc1,0.35,CC1CN(C(C)CO)S(=O)(=O)c2ccc(C#CC(C)(C)C)cc2OC1CN(C)Cc1ccc(C(=O)O)cc1,0.12,CC1OCC(C)C2(CN(CC3CC3)C2)N(C(C)CO)S(=O)(=O)C1=O
C[C@@H](CO)N1C[C@H](C)[C@H](CN(C)S(=O)(=O)CC(F)(F)F)OCc2ccccc2-c3c(C1=O)n(C)c4ccccc34,0.16,OC[C@@H]1O[C@H](CC(=O)O)C[C@@H]2[C@H]1Oc3ccc(NC(=O)Nc4ccc(cc4)C(F)(F)F)cc23,0.1,OC(Cn1cncn1)(Cn1cncn1)c1ccc(F)cc1F,0.28,CC1CN(C(C)CO)C(=O)c2cc(NC(=O)Nc3ccc(C(F)(F)F)cc3)ccc2OC1CN(C)Cc1ccc(C(F)(F)F)cc1,0.1,CCCNC(=O)CC1CC2c3cc(NC(=O)C4CCCCC4)ccc3OC2C(CO)O1
C[C@@H](CO)N1C[C@H](C)[C@H](CN(C)S(=O)(=O)c2ccccc2)OCc3cn(CCCC1=O)nn3,0.56,C[C@@H](CO)N1C[C@H](C)[C@H](CN(C)C(=O)Nc2ccc(cc2)C(F)(F)F)OCc3cn(CCCC1=O)nn3,0.07,C[C@H](O)[C@H](C)[C@@H]1O[C@H]1C[C@H]1CO[C@@H](CC(C)=CC(=O)OCCCCCCCCC(O)=O)[C@H](O)[C@@H]1O,0.27,CC1CN(C(C)CO)C(=O)c2c(c3ccccc3n2C)-c2ccccc2COC1CN(C)C(=O)CCC(F)(F)F,0.19,O=C(NC(Cc1ccccc1)C(=O)N1CCOCC1)C1CCC(CO)N1C(=O)c1cccnc1
C[C@@H](CO)N1C[C@H](C)[C@H](CN(C)S(=O)(=O)c2cn(C)cn2)OCc3ccccc3-c4ccccc4C1=O,0.6,C[C@@H](CO)N1C[C@H](C)[C@H](CN(C)Cc2cccc(c2)C(=O)O)OCc3ccccc3-c4ccccc4C1=O,0.13,Nc1cccc2C(=O)N(Cc12)C1CCC(=O)NC1=O,0.31,CCCN(C)CC1OCCCCC(C)Oc2ccc(NS(=O)(=O)c3ccc(C)cc3)cc2C(=O)N(C(C)CO)CC1C,0.09,CN(C)CCOCCN1CCN(CCCN2CCN(Cc3c(O)cccc3O)CC2)CC1
C[C@@H](N)[C@H]1CC[C@@H](CC1)C(=O)Nc1ccncc1,0.08,COc1ccc(cc1)S(=O)(=O)N2CCN(CC2)S(=O)(=O)c3ccc4OCCOc4c3,0.11,CC(C)Cn1cnc2c(N)nc3ccccc3c12,0.18,CC(C)NC(=O)Nc1ccc2c(c1)C(=O)N(C(C)CO)CC(C)C(CN(C)Cc1ccncc1)OCCCCC(C)O2,0.09,COc1ccccc1C#Cc1ccccc1-c1cnc2c(c1)C(=O)N(C(C)CO)CC(C)C(CN(C)C(=O)NC(C)C)O2
C[C@@H](Nc1ccccc1C(O)=O)c1cc(C)cn2c1nc(cc2=O)N1CCOCC1,0.21,CS(=O)(=O)N1CCN(Cc2cc3nc(nc(N4CCOCC4)c3s2)-c2cccc3[nH]ncc23)CC1,0.15,Fc1ccc(Cn2cccc(C(=O)N[C@@H](COc3ccc4[nH]c(=O)[nH]c4c3)c3ccccc3)c2=O)cc1F,0.18,CC(C)NC(=O)Nc1ccc(-c2nc3ccccc3n2C)cc1,0.02,COC1C(O)OC(CO)C(O)C1O
C[C@@H]1CC2C3CCC4=CC(=O)C=CC4(C)[C@]3(F)[C@@H](O)CC2(C)[C@]1(O)C(=O)CO,0.37,CCC(=O)O[C@@]1([C@H](C)C[C@H]2[C@@H]3C[C@H](F)C4=CC(=O)C=C[C@]4(C)[C@@]3(F)[C@@H](O)C[C@]12C)C(=O)SCF,0.33,CC(=O)OCC(=O)[C@@]1(O)CCC2C3CCC4=CC(=O)CC[C@]4(C)[C@@]3(F)[C@@H](O)C[C@]12C,0.12,CC(C)NC(=O)Nc1ccc2c(c1)C(=O)N(C(C)CO)CC(C)C(CN(C)Cc1ccc(C(F)(F)F)cc1)OCCCCC(C)O2,0.09,COc1ccc(CN(C)CC2Oc3c(C#CC(C)C)ccnc3C(=O)N(C(C)CO)CC2C)cc1
C[C@@H]1CC2C3CCC4=CC(=O)C=C[C@]4(C)[C@@]3(F)[C@@H](O)C[C@]2(C)[C@@]1(O)C(=O)CO,0.78,C[C@@H]1CC2C3CCC4=CC(=O)C=C[C@]4(C)[C@@]3(F)[C@@H](O)C[C@]2(C)[C@@]1(O)C(=O)COC(C)=O,0.1,OC(=O)C1CCn2c1ccc2C(=O)c1ccccc1,0.13,CC1CN(C(C)CO)C(=O)CCCn2cc(nn2)COC1CN(C)C(=O)c1ccc(C(F)(F)F)cc1,0.12,COC1CN(C)C(=O)c2ccc(NC(=O)NC(C)C)cc2OCC(C)N(CCC(F)(F)F)CC1C
C[C@@H]1CC2C3C[C@H](F)C4=CC(=O)C=C[C@]4(C)[C@@]3(F)[C@@H](O)C[C@]2(C)[C@@]1(O)C(=O)CO,0.36,CC1(C)O[C@@H]2CC3C4C[C@H](F)C5=CC(=O)C=CC5(C)C4C(O)CC3(C)[C@@]2(O1)C(=O)CO,0.09,OC(=O)C1CCn2c1ccc2C(=O)c1ccccc1,0.11,CC1CCCCOC(CN(C)Cc2ccc(C(F)(F)F)cc2)C(C)CN(C(C)CO)C(=O)c2cc(NC(=O)C3CCCCC3)ccc2O1,0.1,CC1(CNC(=O)CN2CCN(S(=O)(=O)c3ccc(Cl)cc3)CC2)CC1
C[C@@H]1CCc2cnnn2COC[C@@H](Cc2ccccc2)NC1=O,0.16,C[C@H](CO)N1C[C@H](C)[C@H](CN(C)C(=O)[C@@H](Cc2ccccc2)N(C)C)OCc3ccccc3-c4c(C1=O)n(C)c5ccccc45,0.1,CN(C)CCCNC(=O)C[C@@H]1CC[C@@H](NS(=O)(=O)c2ccc(C)cc2)[C@H](CO)O1,0.21,CC1CN(C(C)CO)C(=O)CCCn2nncc2COC1CN(C)C(=O)c1ccncc1,0.12,CC(C)CNC(=O)C(NC(=O)C(CC(C)C)NC(=O)C1C2Cn3c(ccc(-c4ccncc4)c3=O)C(N2)C1C(=O)Nc1nccs1)c1ccccc1
C[C@@H]1C[C@@H]2[C@@H]3C[C@H](F)C4=CC(=O)C=C[C@]4(C)[C@@]3(F)[C@@H](O)C[C@]2(C)[C@@]1(O)C(=O)CO,0.06,CCCCCN(C)CCC(O)(P(O)(O)=O)P(O)(O)=O,0.06,CCCCCN(C)CCC(O)(P(O)(O)=O)P(O)(O)=O,0.12,CC1CN(C(C)CO)C(=O)c2cc(N(C)C)ccc2OC1CN(C)C(=O)NC1CCCCC1,0.12,CC1CN(C(C)CO)C(=O)CCCn2nncc2COC1CN(C)C(=O)Cc1ccccc1
C[C@@H]1C[C@H]2[C@@H]3CCC4=CC(=O)C=C[C@]4(C)[C@@]3(Cl)[C@@H](O)C[C@]2(C)[C@@]1(OC(=O)c5ccco5)C(=O)CCl,0.06,CCN(CC)CCCC(C)Nc1nc(C)cc(Nc2ccc3nc(C)cc(N)c3c2)n1,0.06,CCN(CC)CCCC(C)Nc1nc(C)cc(Nc2ccc3nc(C)cc(N)c3c2)n1,0.15,COc1cccc(CNC(=O)CC2CCC3C(COCC(O)CN3C(=O)c3ccc(F)cc3)O2)c1,0.05,Cc1cc(C)c(C)c(C)c1C
C[C@@H]1C[C@H]2[C@@H]3CCC4=CC(=O)C=C[C@]4(C)[C@@]3(F)[C@@H](O)C[C@]2(C)[C@@]1(O)C(=O)CO,0.09,OCC(NC(=O)C(Cl)Cl)C(O)c1ccc(cc1)[N+](=O)[O-],0.08,CC1Cc2ccccc2N1NC(=O)c1ccc(Cl)c(c1)S(N)(=O)=O,0.14,CN(C)c1ccc2c(c1)C1CC(CC(=O)NCC3CC3)OC(CO)C1O2,0.1,CCCNC(=O)CC1C=CC(NC(=O)c2ccc3c(c2)OCO3)C(CO)O1
C[C@@H]1C[C@H]2[C@@H]3C[C@H](F)C4=CC(=O)C=C[C@]4(C)[C@@]3(F)[C@@H](O)C[C@]2(C)[C@@]1(O)C(=O)CO,0.37,C[C@@H]1C[C@H]2[C@@H]3C[C@H](F)C4=CC(=O)C=C[C@]4(C)[C@@]3(Cl)[C@@H](O)C[C@]2(C)[C@H]1C(=O)COC(=O)C(C)(C)C,0.63,CC1(C)O[C@@H]2C[C@H]3[C@@H]4C[C@H](F)C5=CC(=O)C=C[C@]5(C)[C@@]4(F)[C@@H](O)C[C@]3(C)[C@@]2(O1)C(=O)CO,0.13,CNCC1Oc2ccc(NC(=O)CCC(F)(F)F)cc2C(=O)N(C(C)CO)CC1C,0,[NH3+][O-]
C[C@@H]1C[C@H]2[C@H]3CCC4=CC(=O)C=C[C@]4(C)[C@@]3(Cl)[C@@H](O)C[C@]2(C)[C@@]1(OC(=O)c1ccco1)C(=O)CCl,0.54,CCC(=O)O[C@@]1([C@@H](C)C[C@H]2[C@H]3CCC4=CC(=O)C=C[C@]4(C)[C@@]3(F)[C@@H](O)C[C@]12C)C(=O)CCl,0.13,CCOC(=O)C1=C(C)N=c2sc(=C/c3cc(Cl)c(OCC(O)=O)c(Cl)c3)c(=O)n2C1c1cccc(OC)c1,0.14,COc1ccc(CNC(=O)CC2CCC(NC(=O)Nc3ccccc3F)C(CO)O2)cc1,0.12,NC(=O)C1CC2(CO)c3c(-c4c(F)cc(F)c(F)c4F)ccc(=O)n3CC1N2C(=O)Cc1ccncc1
C[C@@H]1NCCc2cc(O)c(O)cc12,0.1,COc1cccc(c1)[C@@]2(O)CCCC[C@@H]2CN(C)C,0.06,COc1ccc(cc1)[C@@H]1Sc2ccccc2N(CCN(C)C)C(=O)[C@@H]1OC(C)=O,0.09,CCCNC(=O)CC1CC2c3cc(NC(=O)c4ccc5c(c4)OCO5)ccc3OC2C(CO)O1,0.08,COCC(=O)NC1C(=O)OCC(C)=C1CO
C[C@@](Cc1ccc(O)c(O)c1)(NN)C(O)=O,0.07,OC(=O)CCCC[C@@H]1SC[C@H]2NC(=O)N[C@H]12,0.12,NC(=O)OCC(COC(N)=O)c1ccccc1,0.12,CC(C)NC(=O)Nc1ccc2c(c1)OC(CN(C)Cc1ccc(C(F)(F)F)cc1)C(C)CN(C(C)CO)S2(=O)=O,0.03,CNCCCCCCCCCCCCCCCCCCCCCCCCCCCCCCCCCCCCCCCCCCCCCCCCC(=O)NC1CCC(O)C(O)C1O
C[C@H](CO)N1C[C@@H](C)[C@@H](CN(C)C(=O)Nc2c(C)noc2C)Oc3ccc(NC(=O)Cc4ccccc4)cc3C1=O,0.11,O[C@@H]1COC[C@H]2O[C@@H](CC(=O)N3CCOCC3)CC[C@@H]2N(C1)C(=O)Nc1cc(Cl)cc(Cl)c1,0.16,COCC(=O)NCC=Cc1ccc2ncnc(Nc3ccc(Oc4ccc(C)nc4)c(C)c3)c2c1,0.37,CC(C)NC(=O)Nc1ccc2c(c1)C(=O)N(C(C)CO)CC(C)C(CN(C)Cc1ccc(C(F)(F)F)cc1)OCCCCC(C)O2,0.14,COc1cc(NC(=O)C(C)N)cc(NC(=O)C2CCCN2C(=O)C2CCCC2)c1C(=O)c1ccoc1
C[C@H](CO)N1C[C@@H](C)[C@@H](CN(C)C(=O)c2ccncc2)OCCCC[C@@H](C)Oc3ccc(NC(=O)c4ccccc4)cc3C1=O,0.24,CO[C@H]1CN(C)C(=O)c2cc(NC(=O)Nc3cccc(OC)c3)ccc2OC[C@@H](C)N(CC2CC2)C[C@@H]1C,0.1,CCN(CC)CCOC(=O)c1ccc(N)cc1,0.5,CC1CCCCOC(CN(C)Cc2ccc(C(F)(F)F)cc2)C(C)CN(C(C)CO)C(=O)c2cc(NC(=O)CCCN(C)C)ccc2O1,0.18,O=C(CC1CC(CO)OC(NC(=O)Cc2ccccn2)C1)NCCc1ccncc1
C[C@H](CO)N1C[C@@H](C)[C@@H](CN(C)C(=O)c2ccncc2)OCCCC[C@H](C)Oc3ccc(NC(=O)c4ccccc4)cc3C1=O,0.3,COc1ccc(NC(=O)N(C)C[C@H]2Oc3ccc(cc3CC(=O)N(C[C@@H]2C)[C@H](C)CO)N(C)C)cc1,0.12,Cc1ccc(cc1)S(=O)(=O)NC(=O)NN1CCCCCC1,0.52,CC(C)NC(=O)Nc1ccc2c(c1)C(=O)N(C(C)CO)CC(C)C(CN(C)Cc1ccc(C(F)(F)F)cc1)OCCCCC(C)O2,0.2,O=C(NC1CCC(CC(=O)N2CCC(Cc3ccccc3)CC2)C(CO)O1)c1c(F)ccc(F)c1F
C[C@H](CO)N1C[C@@H](C)[C@@H](CN(C)C)OCCCC[C@@H](C)Oc2ccc(NS(=O)(=O)c3cn(C)cn3)cc2C1=O,0.17,OC[C@H]1O[C@@H](CC(=O)N2CCCCC2)C[C@@H]3[C@H]1Oc4ccc(NC(=O)NC5CCCC5)cc34,0.15,CCCc1nc(C)c2n1nc([nH]c2=O)-c1cc(ccc1OCC)S(=O)(=O)N1CCN(CC)CC1,0.57,CC1CCCCOC(CN(C)C(=O)CCC(F)(F)F)C(C)CN(C(C)CO)C(=O)c2cc(NS(=O)(=O)c3ccccc3)ccc2O1,0.07,CCNC(=O)C(Cc1c[nH]c2ccccc12)NC(=O)C(CCCNC(=N)N)NC(=O)CCCCCCNC(=N)NCCCCNC(=O)CCCCCCNCCCNC(=O)c1cccc(C(=O)c2c(C)ccc(S(N)(=O)=O)c2C)c1
C[C@H](CO)N1C[C@@H](C)[C@@H](CN(C)C)OCCCC[C@H](C)Oc2ccc(NS(=O)(=O)c3cn(C)cn3)cc2C1=O,0.17,OC[C@H]1O[C@@H](CC(=O)NC2CCCC2)C[C@@H]3[C@H]1Oc4ccc(NC(=O)C5CCC5)cc34,0.08,Oc1ccc(cc1)C=Cc1cc(O)cc(O)c1,0.52,CC(C)NC(=O)Nc1ccc2c(c1)C(=O)N(C(C)CO)CC(C)C(CN(C)C(=O)CCC(F)(F)F)OCCCCC(C)O2,0.16,COc1ccc(NC(=O)N2CC(O)COCC3OC(CC(=O)NCc4ccc5c(c4)OCO5)CCC32)cc1
C[C@H](CO)N1C[C@@H](C)[C@@H](CN(C)Cc2ccc(C)cc2)OCc3cn(CCCC1=O)nn3,0.4,C[C@@H](CO)N1C[C@@H](C)[C@@H](CN(C)C(=O)Oc2ccccc2)OCc3cnnn3CCCC1=O,0.13,CN(C)CCCC1(OCc2cc(ccc12)C#N)c1ccc(F)cc1,0.63,CC1CN(C(C)CO)C(=O)CCCn2cc(nn2)COC1CN(C)S(=O)(=O)c1ccc(Cl)cc1,0.2,CNCC1OC(=O)C(C)CN(C(C)CO)c2ccc(NC(=O)Cc3cn(C)c4ccccc34)cc21
C[C@H](CO)N1C[C@@H](C)[C@@H](CN(C)Cc2ccc(Cl)c(Cl)c2)Oc3c(NS(=O)(=O)C)cccc3C1=O,0.24,COc1cccc(NC(=O)N(C)C[C@@H]2OCc3cn(CCCC(=O)N(C[C@@H]2C)[C@H](C)CO)nn3)c1,0.16,COc1ccc(CCN(C)CCCC(C#N)(C(C)C)c2ccc(OC)c(OC)c2)cc1OC,0.4,CC(C)NC(=O)Nc1ccc2c(c1)C(=O)N(C(C)CO)CC(C)C(CN(C)Cc1ccc(C(F)(F)F)cc1)O2,0.13,CNC(=O)CC1CCC2C(COCC(O)CN2Cc2ccc(F)cc2)O1
C[C@H](CO)N1C[C@@H](C)[C@@H](CN(C)Cc2ccc(Cl)c(Cl)c2)Oc3ccc(NC(=O)c4ccncc4)cc3C1=O,0.27,C[C@H](CO)N1C[C@@H](C)[C@@H](CN(C)Cc2ccc3OCCOc3c2)OCc4cn(CCCC1=O)nn4,0.14,COc1ccc(CCN(C)CCCC(C#N)(C(C)C)c2ccc(OC)c(OC)c2)cc1OC,0.4,CC1CCCCOC(CN(C)Cc2cccc(C(F)(F)F)c2)C(C)CN(C(C)CO)C(=O)c2cc(NC(=O)CCC(F)(F)F)ccc2O1,0.21,COC(CN(C)C(=O)c1ccc2c(c1)OCO2)C(C)CN(C(=O)Nc1ccc(F)cc1)C(C)CO
C[C@H](CO)N1C[C@@H](C)[C@@H](CN(C)Cc2ccc(cc2)C(F)(F)F)Oc3ccc(NC(=O)Nc4c(C)noc4C)cc3C1=O,0.48,C[C@H](CO)N1C[C@H](C)[C@@H](CN(C)Cc2ccc3OCOc3c2)Oc4ccc(NC(=O)CCCN(C)C)cc4C1=O,0.15,COc1ccc(Cl)cc1C(=O)NCCc2ccc(cc2)S(=O)(=O)NC(=O)NC3CCCCC3,0.44,CC(C)NC(=O)Nc1ccc2c(c1)C(=O)N(C(C)CO)CC(C)C(CN(C)Cc1cccnc1)OCCCCC(C)O2,0.36,COc1ccc(NC(=O)N(C)CC2OCCCCC(C)Oc3ccc(NC(=O)CCCN(C)C)cc3C(=O)N(C(C)CO)CC2C)cc1
C[C@H](CO)N1C[C@@H](C)[C@@H](CN(C)Cc2cccc(F)c2)Oc3ncc(C#CC(C)(C)O)cc3C1=O,0.09,Nc1nc(N)nc(n1)-c1cc(Cl)ccc1Cl,0.1,COc1ccc(OC)c(c1)C(O)CNC(=O)CN,0.37,CC1CN(C(C)CO)C(=O)c2cccc(NC(=O)CCCN(C)C)c2OC1CN(C)Cc1ccc(C(=O)O)cc1,0.12,CNC(=O)C1C(CO)CN(C(=O)c2ccc3c(c2)OCO3)C12CN(C(=O)c1ccc3c(c1)OCO3)C2
C[C@H](CO)N1C[C@@H](C)[C@@H](CN(C)S(=O)(=O)CC(F)(F)F)OCc2ccccc2-c3c(C1=O)n(C)c4ccccc34,0.28,C[C@H](CO)N1C[C@H](C)[C@@H](CN(C)C(=O)Nc2c(C)noc2C)Oc3ccc(NC(=O)CCC(F)(F)F)cc3C1=O,0.07,Cc1cc(OCC(=O)Nc2nnc[nH]2)ccc1Cl,0.29,CC1CCCCOC(CN(C)Cc2ccc(C(F)(F)F)cc2)C(C)CN(C(C)CO)C(=O)c2cc(NC(=O)CCC(F)(F)F)ccc2O1,0.15,COc1ccccc1CNC(=O)CC1C=C(CO)C(COC(=O)Nc2cc(C(C)C)c(C(C)C)c(C(C)C)c2C(C)C)CO1
C[C@H](CO)N1C[C@@H](C)[C@@H](CN(C)S(=O)(=O)c2ccccc2)OCc3cn(CCCC1=O)nn3,0.1,OC[C@@H]1O[C@H](CC(=O)N2CCOCC2)C=C[C@H]1NC(=O)NC1CCCCC1,0.14,CN1C(C(=O)Nc2ccccn2)C(=O)c2ccccc2S1(=O)=O,0.59,COc1ccc(CN(C)CC2OCc3cn(nn3)CCCC(=O)N(C(C)CO)CC2C)cc1,0.13,COc1cc(OC)c(OC)c(OC)c1CNC(=O)CC1OCCC2(CO)Oc3c(NC(=O)C4CCCCC4)cccc3C12
C[C@H](CO)N1C[C@@H](C)[C@@H](CN(C)S(=O)(=O)c2cn(C)cn2)OCc3ccccc3-c4ccccc4C1=O,0.58,C[C@@H](CO)N1C[C@H](C)[C@@H](CN(C)C(=O)NC2CCCCC2)OCc3ccccc3-c4ccccc4C1=O,0.15,Cc1cccc(Nc2ccccc2C(O)=O)c1C,0.42,CC1CN(C(C)CO)C(=O)c2c(c3ccccc3n2C)-c2ccccc2COC1CN(C)CC1CCCCC1,0.1,NCC1CC2CCC1(C(=O)NCc1ccccc1F)N2
C[C@H](CO)N1C[C@@H](C)[C@H](CN(C)C(=O)CCN(C)C)OCc2ccccc2-c3c(C1=O)n(C)c4ccccc34,0.15,Cc1cccc(c1)S(=O)(=O)N1C[C@@H](O)COC[C@@H]2O[C@H](CC(=O)Nc3ccc(cc3)-c3ccccc3)CC[C@@H]12,0.11,CCNC(=O)C[C@H]1CC[C@@H]2[C@H](COC[C@@H](O)CN2Cc2ccncc2)O1,0.67,COc1ccc(NC(=O)N(C)CC2OCc3ccccc3-c3c(n(C)c4ccccc34)C(=O)N(C(C)CO)CC2C)cc1,0.14,COc1c(C)c(C)c(C)c(C=C(C)C(=O)Nc2ccccc2C)c1C
C[C@H](CO)N1C[C@@H](C)[C@H](CN(C)C(=O)Nc2c(C)noc2C)Oc3ccc(NC(=O)Cc4ccccc4)cc3C1=O,0.31,COc1ccccc1c2ccc3c(O[C@H](CN(C)C(=O)c4cccnc4)[C@H](C)CN([C@H](C)CO)S3(=O)=O)c2,0.12,Cc1ccc(C)c(OCCCC(C)(C)C(O)=O)c1,0.45,COc1ccccc1NC(=O)Nc1ccc2c(c1)C(=O)N(C(C)CO)CC(C)C(CN(C)Cc1ccc(C(F)(F)F)cc1)O2,0.14,CNCCCNC(=O)CCc1cc(OCCO)ccc1OCCNCCCCN(CCCC(=O)O)Cc1cccc(OC)c1
C[C@H](CO)N1C[C@@H](C)[C@H](CN(C)C(=O)Oc2cccc3ccccc23)OCc4cn(CCCC1=O)nn4,0.17,CO[C@@H]1CN(C)C(=O)c2cc(NC(=O)c3cccc(OC)c3)ccc2OC[C@@H](C)NC[C@H]1C,0.11,[O-][N+](=O)c1ccc(cc1)-c1ccc(C=NN2CC(=O)NC2=O)o1,0.55,COc1ccc(S(=O)(=O)N(C)CC2OCc3cn(nn3)CCCC(=O)N(C(C)CO)CC2C)cc1,0.15,COC1CCC2CCN(C)C(=O)C(C)C(OC)CN(C)C(=O)c3cccc(C#N)c3OCC1O2
C[C@H](CO)N1C[C@@H](C)[C@H](CN(C)C(=O)c2ccncc2)OCCCC[C@@H](C)Oc3ccc(NC(=O)c4ccccc4)cc3C1=O,0.15,OC(=O)c1ccc(cc1)-c1cccc(c1)-c1nn2c(nc(cc2=O)N2CCNCC2)s1,0.23,CCc1nc(c(s1)-c1ccnc(NC(=O)c2ccccc2)c1)-c1cccc(C)c1,0.5,CC1CCCCOC(CN(C)CC2CC2)C(C)CN(C(C)CO)C(=O)c2cc(NS(=O)(=O)c3ccc(F)cc3)ccc2O1,0.17,CCOC(=O)C1(NC(=O)C(Cc2ccccc2)NC(=O)C2CCCN2C(=O)C2CCCN2C(=O)C2CCCN2C(=O)c2c(F)c(F)c(F)c(F)c2F)CCN(C(=O)c2ccccc2)C1
C[C@H](CO)N1C[C@@H](C)[C@H](CN(C)C(=O)c2ccncc2)OCCCC[C@H](C)Oc3ccc(NC(=O)c4ccccc4)cc3C1=O,0.24,OC[C@@H]1[C@H]2Cn3c(ccc(C4=CCCC4)c3=O)[C@@H]([C@H]1C(=O)NC1CCCC1)N2C(=O)c1ccccc1,0.1,Cc1noc(NS(=O)(=O)c2ccc(N)cc2)c1C,0.48,CC1CCCCOC(CN(C)Cc2cccnc2)C(C)CN(C(C)CO)C(=O)c2cc(N(C)C)ccc2O1,0.14,CC(C)CC(NC(=O)C(CC(C)C)NC(=O)C(CC(C)C)NC(=O)C(CC(C)C)NC(=O)C(Cc1ccccc1)NC(=O)C1CCCN1C(=O)CNC(=O)C1CNCC1C)C(N)=O
C[C@H](CO)N1C[C@@H](C)[C@H](CN(C)C)OCCCC[C@@H](C)Oc2ccc(NS(=O)(=O)c3cn(C)cn3)cc2C1=O,0.13,CO[C@H](CN(C)C(=O)Nc1ccc(F)cc1)[C@@H](C)CN(Cc1ccccc1Cl)[C@@H](C)CO,0.53,CC(C)NC(=O)N(C)C[C@H]1OCCCC[C@@H](C)Oc2ccc(NC(=O)CCCN(C)C)cc2C(=O)N(C[C@@H]1C)[C@@H](C)CO,0.5,CC(C)NC(=O)Nc1ccc2c(c1)C(=O)N(C(C)CO)CC(C)C(CN(C)Cc1ccc(C(F)(F)F)cc1)OCCCCC(C)O2,0.08,CNCC(=O)Nc1c(C)c(C)c(C)c(C)c1C
C[C@H](CO)N1C[C@@H](C)[C@H](CN(C)C)OCCCC[C@H](C)Oc2ccc(NS(=O)(=O)c3cn(C)cn3)cc2C1=O,0.19,CN1[C@H]2CC[C@H](CC(O)=O)O[C@H]2COc2ccc(NC(=O)c3cccc(c3)C(F)(F)F)cc2C1=O,0.49,CC(C)NC(=O)Nc1ccc2O[C@H](C)CCCCO[C@H](CN(C)C(=O)NC3CCCCC3)[C@@H](C)CN([C@@H](C)CO)C(=O)c2c1,0.54,Cc1ccc(S(=O)(=O)Nc2ccc3c(c2)C(=O)N(C(C)CO)CC(C)C(CN(C)Cc2cccc(C(=O)O)c2)OCCCCC(C)O3)cc1,0.17,CN(C)CCCNC(=O)CC1CC2c3cc(NC(=O)CN(C)C)ccc3OC2C(CO)O1
C[C@H](CO)N1C[C@@H](C)[C@H](CN(C)Cc2ccc(Cl)c(Cl)c2)Oc3c(NS(=O)(=O)C)cccc3C1=O,0.26,COc1cccc(c1)S(=O)(=O)N(C)C[C@@H]2OCc3cn(CCCC(=O)N(C[C@@H]2C)[C@H](C)CO)nn3,0.1,COc1c(N2C[C@@H]3CCCN[C@@H]3C2)c(F)cc2c1n(cc(C(O)=O)c2=O)C1CC1,0.5,COc1ccc(CN(C)CC2Oc3c(cccc3N(C)C)C(=O)N(C(C)CO)CC2C)cc1,0.24,CC(C)NC(=O)N(C)CC1OCCCCC(C)Oc2ccc(NC(=O)CCN3CCOCC3)cc2C(=O)N(C(C)CO)CC1C
C[C@H](CO)N1C[C@@H](C)[C@H](CN(C)Cc2ccc(Cl)c(Cl)c2)Oc3ccc(NC(=O)c4ccncc4)cc3C1=O,0.36,C[C@@H](CO)N1C[C@H](C)[C@@H](CN(C)C(=O)Nc2ccccc2)Oc3ncc(cc3C1=O)c4cccnc4,0.14,COc1ccc(CCN(C)CCCC(C#N)(C(C)C)c2ccc(OC)c(OC)c2)cc1OC,0.53,CC(C)NC(=O)Nc1ccc2c(c1)C(=O)N(C(C)CO)CC(C)C(CN(C)Cc1ccc(C(F)(F)F)cc1)O2,0.13,CN(C)C(=O)CC1CC2C(COCC(O)CN2C(=O)c2ccc3c(c2)OCO3)CO1
C[C@H](CO)N1C[C@@H](C)[C@H](CN(C)Cc2ccc(cc2)C(F)(F)F)OCc3cnnn3CCCC1=O,0.58,C[C@@H](CO)N1C[C@@H](C)[C@H](CN(C)C(=O)OCc2ccccc2)OCc3cnnn3CCCC1=O,0.1,Cc1ccc(C)c(OCCCC(C)(C)C(O)=O)c1,0.44,CC(C)NC(=O)Nc1ccc2c(c1)CC(=O)N(C(C)CO)CC(C)C(CN(C)Cc1ccc(C(F)(F)F)cc1)O2,0.13,Cn1ccc(=O)n(CCCCN2CCN(Cc3ccccc3)CC2)c1=O
C[C@H](CO)N1C[C@@H](C)[C@H](CN(C)Cc2ccc(cc2)C(F)(F)F)Oc3ccc(NC(=O)Nc4c(C)noc4C)cc3C1=O,0.19,CO[C@@H](CN(C)C(=O)Nc1ccc(F)cc1)[C@H](C)CN(Cc1ccccc1Cl)[C@H](C)CO,0.12,Cc1cccc(CN2CCN(CC2)C(c2ccccc2)c2ccc(Cl)cc2)c1,0.57,CC(C)NC(=O)Nc1ccc2c(c1)CC(=O)N(C(C)CO)CC(C)C(CN(C)Cc1ccc(C(F)(F)F)cc1)O2,0.14,COC1C(CC(=O)N2CCN(C)CC2)OC(NC(=O)Nc2c(Br)cc(Cl)c(Cl)c2C(F)(F)F)C(O)C1C(=O)NCCCN1CCOCC1
C[C@H](CO)N1C[C@@H](C)[C@H](CN(C)Cc2cccc(F)c2)Oc3ncc(C#CC(C)(C)O)cc3C1=O,0.12,COc1ccccc1S(=O)(=O)N[C@@H]1C=C[C@H](CC(=O)N2CCCCC2)O[C@@H]1CO,0.11,CCC(c1ccccc1)=C(/c1ccccc1)c1ccc(OCCN(C)C)cc1,0.43,CC(C)NC(=O)Nc1ccc2c(c1)C(=O)N(C(C)CO)CC(C)C(CN(C)Cc1cccc(C(F)(F)F)c1)O2,0.16,COC(CN(C)S(=O)(=O)c1cc(C)cc(C)c1)C(C)CN(C(=O)C(Cc1ccccc1)N(C)C)C(C)CO
C[C@H](CO)N1C[C@@H](C)[C@H](CN(C)S(=O)(=O)c2cn(C)cn2)OCc3ccccc3-c4ccccc4C1=O,0.17,OC[C@@H]1O[C@H](CC(=O)NCC(F)(F)F)C[C@@H]2[C@H]1Oc3ccc(NS(=O)(=O)c4ccccc4)cc23,0.12,[O-][N+](=O)c1ccc(cc1)-c1ccc(C=NN2CC(=O)NC2=O)o1,0.42,CC1CN(C(C)CO)C(=O)c2c(c3ccccc3n2C)-c2ccccc2COC1CN(C)Cc1ccc(C(F)(F)F)cc1,0.32,CC1CN(C(C)CO)C(=O)c2cccc(NC(=O)Nc3cccc(C(F)(F)F)c3)c2OC1CN(C)S(=O)(=O)c1cccc(C(F)(F)F)c1
C[C@H](CO)N1C[C@H](C)[C@@H](CN(C)C(=O)CCN(C)C)OCc2ccccc2-c3c(C1=O)n(C)c4ccccc34,0.12,COc1ccc(NC(=O)N[C@@H]2CC[C@H](CC(=O)NC3CCC3)O[C@@H]2CO)cc1,0.2,COc1ccccc1-c1cccc(c1)-c1nc(cc2CN([C@@H](CCO)c12)[S@@](=O)C(C)(C)C)C(=O)N1CCN(C)CC1,0.42,CC1CN(C(C)CO)C(=O)c2ccccc2-c2ccccc2COC1CN(C)S(=O)(=O)c1ccc(F)cc1,0.16,Cc1cc(C)c(NC(=O)C2CCCN2CC(O)COc2ccccc2)c(C)c1O
C[C@H](CO)N1C[C@H](C)[C@@H](CN(C)C(=O)Nc2c(C)noc2C)Oc3ccc(NC(=O)Cc4ccccc4)cc3C1=O,0.44,CC(C)NC(=O)Nc1ccc2O[C@H](CN(C)S(=O)(=O)C)[C@H](C)CN([C@H](C)CO)C(=O)c2c1,0.16,CO[C@H]1CN(C)C(=O)c2cc(NS(=O)(=O)CC(F)(F)F)ccc2OC[C@H](C)N(CC2CCCCC2)C[C@@H]1C,0.43,CC1CN(C(C)CO)C(=O)c2cc(NC(=O)C3CCCCC3)ccc2OC1CN(C)Cc1cccnc1,0.09,NCC(CCN1CCCCC1C(=O)Nc1c(I)c(C(=O)NCCCN2CCOCC2)c(I)c(I)c1C(=O)NCCCN1CCOCC1)C(=O)O
C[C@H](CO)N1C[C@H](C)[C@@H](CN(C)C(=O)c2ccncc2)OCCCC[C@@H](C)Oc3ccc(NC(=O)c4ccccc4)cc3C1=O,0.17,CC(C)(C)[S@](=O)N1Cc2cc(nc(c2[C@@H]1CCO)-c1cccc(c1)-c1cccc(c1)C#N)C(=O)NCCN1CCCC1,0.16,COc1ccccc1OCC(O)CN1CCN(CC(=O)Nc2c(C)cccc2C)CC1,0.57,CC1CCCCOC(CN(C)C(=O)Nc2ccccc2F)C(C)CN(C(C)CO)C(=O)c2cc(NC(=O)NC(C)(C)C)ccc2O1,0.19,CC(C)(C)c1cnnn1CC(Cc1ccccc1)C(=O)NC1CN(Cc2ccccc2C(=O)NCCCN2CCN(S(=O)(=O)c3cccs3)CC2)C1=O
C[C@H](CO)N1C[C@H](C)[C@@H](CN(C)C(=O)c2ccncc2)OCCCC[C@H](C)Oc3ccc(NC(=O)c4ccccc4)cc3C1=O,0.22,CCCNC(=O)[C@H]1[C@H](CO)[C@H]2Cn3c(ccc(-c4ccncc4)c3=O)[C@@H]1N2Cc1ccccc1F,0.17,Fc1ccc(Cc2n[nH]c(=O)c3ccccc23)cc1C(=O)N1CCN(CC1)C(=O)C1CC1,0.54,CC1CCCCOC(CN(C)Cc2ccc(C(F)(F)F)cc2)C(C)CN(C(C)CO)C(=O)c2cc(NS(=O)(=O)c3ccccc3)ccc2O1,0.18,COC1CN(C(=O)c2ccccn2)C2C(C)C3(COC2(C)COCC(C)N(C)CC1=O)CN(S(=O)(=O)c1ccc(C)cc1)C3
C[C@H](CO)N1C[C@H](C)[C@@H](CN(C)C)OCCCC[C@@H](C)Oc2ccc(NS(=O)(=O)c3cn(C)cn3)cc2C1=O,0.13,CO[C@@H]1C[C@@H](CC[C@H]1O)C=C(/C)[C@H]1OC(=O)[C@@H]2CCCCN2C(=O)C(=O)[C@]2(O)O[C@@H]([C@H](C[C@H]2C)OC)[C@H](C[C@@H](C)CC(C)=C/[C@@H](CC=C)C(=O)C[C@H](O)[C@H]1C)OC,0.13,CO[C@@H]1C[C@@H](CC[C@H]1O)C=C(/C)[C@H]1OC(=O)[C@@H]2CCCCN2C(=O)C(=O)[C@]2(O)O[C@@H]([C@H](C[C@H]2C)OC)[C@H](C[C@@H](C)CC(C)=C/[C@@H](CC=C)C(=O)C[C@H](O)[C@H]1C)OC,0.5,CC(C)NC(=O)Nc1ccc2c(c1)C(=O)N(C(C)CO)CC(C)C(CN(C)Cc1ccc(C(F)(F)F)cc1)OCCCCC(C)O2,0.12,CN(C)C(=O)c1ccc(Oc2ccc(C(C)(C)C)cc2)nc1
C[C@H](CO)N1C[C@H](C)[C@@H](CN(C)C)OCCCC[C@H](C)Oc2ccc(NS(=O)(=O)c3cn(C)cn3)cc2C1=O,0.15,OC[C@@H]1O[C@H](CC(=O)O)C[C@@H]2[C@H]1Oc3ccc(NC(=O)Nc4ccc(cc4)C(F)(F)F)cc23,0.12,COc1ccc(CCN(C)CCCC(C#N)(C(C)C)c2ccc(OC)c(OC)c2)cc1OC,0.47,CNCC1OCCCCC(C)Oc2ccc(NC(=O)NC3CCCCC3)cc2C(=O)N(C(C)CO)CC1C,0.11,CNC(=O)C1CC2(CO)CN3C(=CC(c4cc(F)c(F)c(F)c4)=CC3c3ccc(F)cc3)C1N2C(=O)c1ccc(F)cc1
C[C@H](CO)N1C[C@H](C)[C@@H](CN(C)Cc2ccc(C)cc2)OCc3cn(CCCC1=O)nn3,0.14,CO[C@@H]1CN(C)C(=O)c2ccc(NS(=O)(=O)c3cccc(OC)c3)cc2OC[C@H](C)N(Cc2ccccc2F)C[C@H]1C,0.14,Fc1ccc(Cc2n[nH]c(=O)c3ccccc23)cc1C(=O)N1CCN(CC1)C(=O)C1CC1,0.35,CC1CCCCOC(CN(C)Cc2ccc(C(F)(F)F)cc2)C(C)CN(C(C)CO)C(=O)c2cc(N(C)C)ccc2O1,0.14,CN(C)C(=O)CC12OCC(CO)CC1Oc1cc(NC(=O)c3cccnc3)ccc12
C[C@H](CO)N1C[C@H](C)[C@@H](CN(C)Cc2ccc(Cl)c(Cl)c2)Oc3c(NS(=O)(=O)C)cccc3C1=O,0.3,C[C@@H](CO)N1C[C@H](C)[C@H](CN(C)Cc2ccncc2)Oc3ccc(NC(=O)CCN4CCOCC4)cc3CC1=O,0.16,COc1ccc(CCN(C)CCCC(C#N)(C(C)C)c2ccc(OC)c(OC)c2)cc1OC,0.35,CC1CN(C(C)CO)C(=O)c2cc(NC(=O)CCN3CCOCC3)ccc2OC1CN(C)Cc1ccc(C(F)(F)F)cc1,0.14,COc1cccc(C(=O)NC(Cc2cn(C)c3ccccc23)C(=O)NCc2cccc(F)c2)c1
C[C@H](CO)N1C[C@H](C)[C@@H](CN(C)Cc2ccc(Cl)c(Cl)c2)Oc3ccc(NC(=O)c4ccncc4)cc3C1=O,0.27,C[C@H](CO)N1C[C@H](C)[C@H](CN(C)Cc2ccc3OCCOc3c2)OCc4cn(CCCC1=O)nn4,0.05,CN(C)c1nc(nc(n1)N(C)C)N(C)C,0.52,CCCCCC(=O)Nc1ccc2c(c1)C(=O)N(C(C)CO)CC(C)C(CN(C)Cc1ccc(C(C)C)cc1)O2,0.14,CC1COC(CO)C2c3c(cccc3N(C)C)OC12
C[C@H](CO)N1C[C@H](C)[C@@H](CN(C)Cc2ccc(cc2)C(F)(F)F)Oc3ccc(NC(=O)Nc4c(C)noc4C)cc3C1=O,0.48,CC(C)NC(=O)Nc1ccc2O[C@@H](CN(C)C)[C@H](C)CN([C@H](C)CO)C(=O)c2c1,0.15,CN(C)CCCC1(OCc2cc(ccc12)C#N)c1ccc(F)cc1,0.49,Cc1noc(C)c1NC(=O)Nc1ccc2c(c1)C(=O)N(C(C)CO)CC(C)C(CN(C)C(=O)NC(C)C)OCCCCC(C)O2,0.14,COC(CN(C)S(=O)(=O)c1c(F)c(F)c(F)c(F)c1F)C(C)CN(CCC(F)(F)F)C(=O)c1cnccn1
C[C@H](CO)N1C[C@H](C)[C@@H](CN(C)Cc2ccc(cc2)c3ccccc3)Oc4ccc(NC(=O)CCN5CCOCC5)cc4CC1=O,0.31,C[C@H](CO)N1C[C@H](C)[C@H](CN(C)Cc2ccc3OCOc3c2)Oc4ncc(cc4C1=O)c5cc6ccccc6o5,0.34,C[C@@H](CO)N1C[C@H](C)[C@@H](CN(C)C(=O)Cc2ccccc2)OCCCC[C@H](C)Oc3ccc(NC(=O)Nc4ccc(F)cc4)cc3C1=O,0.51,CC(C)NC(=O)Nc1ccc2c(c1)CC(=O)N(C(C)CO)CC(C)C(CN(C)Cc1ccc(C(F)(F)F)cc1)O2,0.22,CNCC1OC(=O)CN(Cc2cccc(F)c2)CC(C)CC(=O)N(Cc2ccccc2F)C(CN(C)C)C1=O
C[C@H](CO)N1C[C@H](C)[C@@H](CN(C)Cc2ccc(cc2)c3ccccc3)Oc4ccc(NC(=O)Nc5cccc6ccccc56)cc4CC1=O,0.12,Cc1cccn2c(=O)c(/C=N/c3ccc(Cl)cc3)c(NCCO)nc12,0.12,Cc1cccn2c(=O)c(/C=N/c3ccc(Cl)cc3)c(NCCO)nc12,0.37,CC1CN(C(C)CO)C(=O)c2c(c3ccccc3n2C)-c2ccccc2COC1CN(C)Cc1ccc(C(=O)O)cc1,0.16,C=CC1(C(=O)NCc2ccc(OC)cc2)CC(c2ccc(O)cc2)N(c2ccc(O)cc2)C12CCN(CC1CCCC1)CC2
C[C@H](CO)N1C[C@H](C)[C@@H](CN(C)Cc2ccc3OCOc3c2)OCc4cnnn4CCCC1=O,0.38,C[C@@H](CO)N1C[C@H](C)[C@H](CN(C)C(=O)Cc2ccccc2)OCc3cn(CCCC1=O)nn3,0.1,CC1(C)CCC(C)(C)c2cc(ccc12)C(=O)Nc1ccc(cc1)C(O)=O,0.46,CC1CN(C(C)CO)C(=O)CCCn2cc(nn2)COC1CN(C)Cc1ccc(C(F)(F)F)cc1,0.16,CCCC(=O)Nc1ccc2c(c1)C(=O)N(C)CC(OC)C(C)CN(C(=O)CC)C(C)CO2
C[C@H](CO)N1C[C@H](C)[C@@H](CN(C)Cc2cccc(F)c2)Oc3ncc(C#CC(C)(C)O)cc3C1=O,0.61,COCC(=O)N(C)C[C@@H]1Oc2ncc(C#CC(C)(C)O)cc2C(=O)N(C[C@@H]1C)[C@H](C)CO,0.09,C[C@@]1(CCCN1)c1nc2c(cccc2[nH]1)C(N)=O,0.33,CC1CN(C(C)CO)C(=O)c2cc(NC(=O)CCN3CCOCC3)ccc2OC1CN(C)Cc1ccc(C(=O)O)cc1,0.14,CN1CCN(C(=O)CC2CC3Oc4ccc(NC(=O)C(C)(C)C)cc4C3C(CO)O2)CC1
C[C@H](CO)N1C[C@H](C)[C@@H](CN(C)Cc2ccncc2)OCCCC[C@@H](C)Oc3ccc(NC(=O)CCCN(C)C)cc3C1=O,0.11,COC(=O)C[C@H]1CC[C@H]2[C@@H](COC[C@H](O)CN2S(=O)(=O)c2cn(C)cn2)O1,0.12,COc1c(N2C[C@@H]3CCCN[C@@H]3C2)c(F)cc2c1n(cc(C(O)=O)c2=O)C1CC1,0.67,CC1CCCCOC(CN(C)Cc2ccc(F)cc2)C(C)CN(C(C)CO)C(=O)c2cc(NC(=O)CCC(F)(F)F)ccc2O1,0.11,CCN(CC)CCOc1c(C(C)(C)C(O)CCCNC(C)(C)C)cc(C(C)(C)C)c(C(C)C)c1C(C)(C)C
C[C@H](CO)N1C[C@H](C)[C@@H](CN(C)Cc2ccncc2)OCCCC[C@H](C)Oc3ccc(NC(=O)CCCN(C)C)cc3C1=O,0.14,Fc1cccc(F)c1S(=O)(=O)N2CCN(CC2)C(=O)c3ccc4OCCOc4c3,0.12,CC(C)Cc1ccc(cc1)C(C)C(O)=O,0.75,CC1CCCCOC(CN(C)CC2CC2)C(C)CN(C(C)CO)C(=O)c2cc(NC(=O)CCCN(C)C)ccc2O1,0.13,COc1ccc(F)cc1C1C=CC(C(=O)O)=C2N1CC1C(CO)CC2(C(N)=O)N1C(=O)c1ccccn1
C[C@H](CO)N1C[C@H](C)[C@@H](CN(C)S(=O)(=O)CC(F)(F)F)OCc2ccccc2-c3c(C1=O)n(C)c4ccccc34,0.12,Fc1ccc(NC(=O)Nc2nnc(s2)-c2ccncc2)cc1C(F)(F)F,0.16,CN(C)CCCSc1ccccc1NC(=O)C=Cc1ccccc1,0.35,CC1CN(C(C)CO)C(=O)c2cc(NC(=O)Nc3ccccc3)ccc2OC1CN(C)S(=O)(=O)c1ccc(C(F)(F)F)cc1,0.15,COc1ccccc1CNC(=O)CC12OCCC(CO)C1c1cccc(NC(=O)Cc3ccncc3)c1O2
C[C@H](CO)N1C[C@H](C)[C@@H](CN(C)S(=O)(=O)c2ccccc2)OCc3cn(CCCC1=O)nn3,0.18,COc1cccc(c1)S(=O)(=O)Nc2ccc3O[C@H]4[C@H](C[C@H](CC(=O)N5CCCCC5)O[C@H]4CO)c3c2,0.1,COc1ccc(CCN(C)CCCC(C#N)(C(C)C)c2ccc(OC)c(OC)c2)cc1OC,0.59,COc1ccc(CN(C)CC2OCc3cn(nn3)CCCC(=O)N(C(C)CO)CC2C)cc1,0.07,CCCNCCCNCCCNCCCc1ccc(-c2ccc(C(F)(F)F)cc2)cc1
C[C@H](CO)N1C[C@H](C)[C@@H](CN(C)S(=O)(=O)c2cn(C)cn2)OCc3ccccc3-c4ccccc4C1=O,0.22,COCC(=O)N(C)C[C@@H]1Oc2cc(C#Cc3cccnc3)ccc2S(=O)(=O)N(C[C@@H]1C)[C@@H](C)CO,0.13,OC(COc1cccc2oc(cc(=O)c12)C(O)=O)COc1cccc2oc(cc(=O)c12)C(O)=O,0.43,CC1CN(C(C)CO)C(=O)c2c(c3ccccc3n2C)-c2ccccc2COC1CN(C)Cc1ccc(C(=O)O)cc1,0.16,CC1CCN(C(C)CO)CC(=O)C(CN(C)Cc2cccc(C(F)(F)F)c2C(=O)Nc2cc(N)c(Cl)c(Cl)c2)OC(C)CCCC(=O)O1
C[C@H](CO)N1C[C@H](C)[C@H](CN(C)C(=O)C2CCCCC2)OCc3cnnn3CCCC1=O,0.24,CC(C)NC(=O)N(C)C[C@@H]1OCCCC[C@H](C)Oc2ccc(NC(=O)CCC(F)(F)F)cc2C(=O)N(C[C@@H]1C)[C@H](C)CO,0.1,C1CC1C(NC1=NCCO1)C1CC1,0.24,CC(C)NC(=O)Nc1ccc2c(c1)C(=O)N(C(C)CO)CC(C)C(CN(C)C(=O)CCC(F)(F)F)OCCCCC(C)O2,0.07,COc1ccc(CNC(=O)CC2CC3c4ccc(NC(=O)Nc5ccc(C(F)(F)F)cc5)cc4OC3C(CO)O2)cc1
C[C@H](CO)N1C[C@H](C)[C@H](CN(C)C(=O)CCN(C)C)OCc2ccccc2-c3c(C1=O)n(C)c4ccccc34,0.66,C[C@H](CO)N1C[C@@H](C)[C@H](CN(C)S(=O)(=O)c2cccs2)OCc3ccccc3-c4c(C1=O)n(C)c5ccccc45,0.44,C[C@@H](CO)N1C[C@H](C)[C@H](CN(C)C(=O)NC2CCCCC2)OCc3ccccc3-c4ccccc4C1=O,0.7,CC1CN(C(C)CO)C(=O)c2c(c3ccccc3n2C)-c2ccccc2COC1CN(C)C(=O)C1CCCCC1,0.09,O=C(NCCCN1CCOCC1)C1NC2(CNC1CO)C(=O)CNC2=O
C[C@H](CO)N1C[C@H](C)[C@H](CN(C)C(=O)Nc2c(C)noc2C)Oc3ccc(NC(=O)Cc4ccccc4)cc3C1=O,0.71,C[C@H](CO)N1C[C@H](C)[C@@H](CN(C)C(=O)Nc2c(C)noc2C)Oc3ccc(NC(=O)CCC(F)(F)F)cc3C1=O,0.05,C1CC1C(NC1=NCCO1)C1CC1,0.55,CC1CN(C(C)CO)C(=O)c2cc(NC(=O)Nc3ccccc3)ccc2OC1CN(C)C,0.16,CCCNC(=O)CC1OC(CO)CCC1NC(=O)Cc1ccccn1
C[C@H](CO)N1C[C@H](C)[C@H](CN(C)C(=O)Oc2cccc3ccccc23)OCc4cn(CCCC1=O)nn4,0.53,C[C@H](CO)N1C[C@H](C)[C@@H](CN(C)C(=O)Nc2ccc3OCCOc3c2)OCc4cn(CCCC1=O)nn4,0.16,CCCc1nc(C(C)(C)O)c(C(=O)OCc2oc(=O)oc2C)n1Cc1ccc(cc1)-c1ccccc1-c1nn[nH]n1,0.53,CC1CN(C(C)CO)C(=O)CCCn2cc(nn2)COC1CN(C)Cc1cccc(C(F)(F)F)c1,0.15,COc1ccccc1C=CC(=O)Nc1c(C)ccc(C)c1C
C[C@H](CO)N1C[C@H](C)[C@H](CN(C)C(=O)c2ccncc2)OCCCC[C@@H](C)Oc3ccc(NC(=O)c4ccccc4)cc3C1=O,0.21,CN(C)C(=O)C[C@H]1CC[C@@H]2[C@H](COC[C@@H](O)CN2C(=O)c2ccncc2)O1,0.11,Oc1ccc(cc1)-c1coc2cc(O)cc(O)c2c1=O,0.53,CC1CCCCOC(CN(C)Cc2ccncc2)C(C)CN(C(C)CO)C(=O)c2cc(NC(=O)CCN3CCOCC3)ccc2O1,0.16,COC(=O)CC1OCCC2(NS(=O)(=O)c3ccccc3F)c3cccc(CC(=O)NCC(F)(F)F)c3OC12C
C[C@H](CO)N1C[C@H](C)[C@H](CN(C)C(=O)c2ccncc2)OCCCC[C@H](C)Oc3ccc(NC(=O)c4ccccc4)cc3C1=O,0.66,C[C@@H](CO)N1C[C@@H](C)[C@H](CN(C)Cc2ccncc2)OCCCC[C@H](C)Oc3ccc(NC(=O)Nc4ccccc4)cc3C1=O,0.17,Fc1ccc(Cc2n[nH]c(=O)c3ccccc23)cc1C(=O)N1CCN(CC1)C(=O)C1CC1,0.52,CC(C)NC(=O)N(C)CC1OCCCCC(C)Oc2ccc(NC(=O)CCC(F)(F)F)cc2C(=O)N(C(C)CO)CC1C,0.2,CNC(=O)CC12OCC(CO)CC1Oc1cccc(NC(=O)Cc3ccncc3)c12
C[C@H](CO)N1C[C@H](C)[C@H](CN(C)C)OCCCC[C@@H](C)Oc2ccc(NS(=O)(=O)c3cn(C)cn3)cc2C1=O,0.19,CO[C@H]1CC[C@@H]2CCN(C)C(=O)[C@@H](C)N(C)C(=O)c3cc(ccc3OC[C@H]1O2)C#N,0.1,CC(C)Cc1ccc(cc1)C(C)C(O)=O,0.33,CC1CN(C(C)CO)C(=O)c2cc(NC(=O)CCN3CCOCC3)ccc2OC1CN(C)Cc1ccc(C(F)(F)F)cc1,0.18,COC1C(=O)N(C)Cc2ccc(N(C)C)cc2OCC(C)N(Cc2cccc(F)c2)C(=O)C1C
C[C@H](CO)N1C[C@H](C)[C@H](CN(C)C)OCCCC[C@H](C)Oc2ccc(NS(=O)(=O)c3cn(C)cn3)cc2C1=O,0.25,COc1ccc(CNC(=O)N(C)C[C@H]2OCc3ccccc3-c4c(C(=O)N(C[C@@H]2C)[C@@H](C)CO)n(C)c5ccccc45)cc1,0.11,COC(=O)C1=C(C)NC(C)=C(C1c1cccc(c1)[N+]([O-])=O)C(=O)OCCN(C)Cc1ccccc1,0.5,CC1CCCCOC(CN(C)Cc2ccc(C(F)(F)F)cc2)C(C)CN(C(C)CO)C(=O)c2cc(NC(=O)CCCN(C)C)ccc2O1,0.2,CC1C(=O)N(C)C(=O)C2(C)N(C(=O)c3cccc(C(=O)O)c3)CCC2(C)CN(C(C)CO)C(=O)COC1C(C)(C)C
C[C@H](CO)N1C[C@H](C)[C@H](CN(C)Cc2ccc(Cl)c(Cl)c2)Oc3c(NS(=O)(=O)C)cccc3C1=O,0.38,C[C@@H](CO)N1C[C@H](C)[C@H](CN(C)Cc2ccccc2C(=O)O)Oc3ncc(Br)cc3C1=O,0.14,Cc1cccc(CN2CCN(CC2)C(c2ccccc2)c2ccc(Cl)cc2)c1,0.36,CC1CN(C(C)CO)C(=O)c2ccccc2-c2ccccc2COC1CN(C)Cc1cccc(C(F)(F)F)c1,0.06,CCCNCCCN(C)C
C[C@H](CO)N1C[C@H](C)[C@H](CN(C)Cc2ccc(Cl)c(Cl)c2)Oc3ccc(NC(=O)c4ccncc4)cc3C1=O,0.33,COc1ccc(cc1)S(=O)(=O)N(C)C[C@@H]2Oc3c(NC(=O)Nc4ccccc4)cccc3C(=O)N(C[C@@H]2C)[C@H](C)CO,0.11,O=C1N(C2CCC(=O)NC2=O)C(=O)c2ccccc12,0.42,COc1ccc(NC(=O)N(C)CC2Oc3ccc(NC(=O)CCCN(C)C)cc3C(=O)N(C(C)CO)CC2C)cc1,0.22,CCCC(=O)N1C2Cn3c(c(-c4ccncc4)ccc3=O)C1C(CO)C2C(=O)NCCc1ccncc1
C[C@H](CO)N1C[C@H](C)[C@H](CN(C)Cc2ccc(cc2)C(F)(F)F)OCc3cnnn3CCCC1=O,0.49,C[C@H](CO)N1C[C@H](C)[C@@H](CN(C)Cc2cccc(O)c2)OCc3cn(CCCC1=O)nn3,0.06,NC(=O)c1cccc(N)c1,0.79,CC1CN(C(C)CO)C(=O)CCCn2nncc2COC1CN(C)Cc1ccc(C#N)cc1,0.13,CCCCCc1ccc(O)cc1
C[C@H](CO)N1C[C@H](C)[C@H](CN(C)Cc2ccc(cc2)C(F)(F)F)Oc3ccc(NC(=O)Nc4c(C)noc4C)cc3C1=O,0.26,C[C@H](CO)N1C[C@@H](C)[C@@H](CN(C)Cc2cccc(C)c2)OCc3cnnn3CCCC1=O,0.15,COc1ccc(Cl)cc1C(=O)NCCc2ccc(cc2)S(=O)(=O)NC(=O)NC3CCCCC3,0.5,CC1CCCCOC(CN(C)Cc2cccc(C(F)(F)F)c2)C(C)CN(C(C)CO)C(=O)c2cc(NC(=O)Nc3ccc(C(F)(F)F)cc3)ccc2O1,0.11,CCOC(=O)C(Cc1ccccc1)NC(=O)CC(Cc1ccccc1)NC(=O)CCc1ccccc1
C[C@H](CO)N1C[C@H](C)[C@H](CN(C)Cc2cccc(F)c2)Oc3ncc(C#CC(C)(C)O)cc3C1=O,0.5,C[C@H](O)C#Cc1cnc2O[C@@H](CN(C)C(=O)Cc3ccncc3)[C@@H](C)CN([C@H](C)CO)C(=O)c2c1,0.13,C[C@@H]1CN(CC[C@]1(C(O)=O)c1ccccc1)[C@H]1CC[C@](CC1)(C#N)c1ccc(F)cc1,0.29,CC1CN(C(C)CO)C(=O)c2c(c3ccccc3n2C)-c2ccccc2COC1CN(C)Cc1ccc(C(F)(F)F)cc1,0.1,CN(C)C(=O)c1ccc(C(F)(F)F)cc1
C[C@H](CO)N1C[C@H](C)[C@H](CN(C)S(=O)(=O)C)OCCCC[C@@H](C)Oc2ccc(cc2C1=O)N(C)C,0.45,COc1ccc(CN(C)C[C@H]2OCCCC[C@@H](C)Oc3ccc(NC(=O)C4CCCCC4)cc3C(=O)N(C[C@@H]2C)[C@@H](C)CO)cc1,0.14,OC[C@H]1[C@H]([C@@H](C#N)N1S(=O)(=O)c1ccccc1)c1ccc(cc1)C1=CCCCC1,0.31,CC1CN(C(C)CO)C(=O)c2cc(NC(=O)CCCN(C)C)ccc2OC1CN(C)Cc1ccc(C(F)(F)F)cc1,0.27,CCCC(=O)Nc1ccc2c(c1)C(=O)N(C(C)CO)CC(=O)C(C)C(=O)NC(C)C(CN(C)S(=O)(=O)c1ccccc1C)O2
C[C@H](CO)N1C[C@H](C)[C@H](CN(C)S(=O)(=O)CC(F)(F)F)OCc2ccccc2-c3c(C1=O)n(C)c4ccccc34,0.09,O=C1NC(=O)C(S1)=C/c1ccc2nccnc2c1,0.17,Fc1ccc(Cc2n[nH]c(=O)c3ccccc23)cc1C(=O)N1CCN(CC1)C(=O)C1CC1,0.66,CC1CN(C(C)CO)C(=O)c2c(c3ccccc3n2C)-c2ccccc2COC1CN(C)Cc1ccncc1,0.23,CC1CN(C(C)CO)C(=O)c2cccc(NC(=O)CCCN(C)C)c2OC1CN(C)C(=O)CCN1CCCCC1
C[C@H](CO)N1C[C@H](C)[C@H](CN(C)S(=O)(=O)c2cccc(F)c2)Oc3ncc(cc3C1=O)c4cc5ccccc5o4,0.27,C[C@H](CO)N1C[C@@H](C)[C@@H](CN(C)Cc2ccc(Cl)c(Cl)c2)Oc3ccc(NC(=O)c4ccncc4)cc3CC1=O,0.15,CCOc1cc(CC(=O)N[C@@H](CC(C)C)c2ccccc2N2CCCCC2)ccc1C(O)=O,0.31,COc1ccc(CN(C)CC2OCc3ccccc3-c3ccccc3C(=O)N(C(C)CO)CC2C)cc1,0.24,Cc1cccc(C)c1S(=O)(=O)N(C)CC12OCc3ccccc3C=CCN(C(C)CO)C(=O)C1(C)c1ccccc1N2C
C[C@H](CO)N1C[C@H](C)[C@H](CN(C)S(=O)(=O)c2ccccc2)OCc3cn(CCCC1=O)nn3,0.22,CCCC#Cc1cnc2O[C@H](CN(C)C(=O)CCN3CCCCC3)[C@@H](C)CN([C@@H](C)CO)C(=O)c2c1,0.12,COc1ccccc1OCC(O)COC(N)=O,0.59,CC1CN(C(C)CO)C(=O)CCCn2cc(nn2)COC1CN(C)C(=O)Nc1ccc(Cl)cc1,0.11,CCOc1ccccc1C(C)(C)C=CC=CC=CC(=O)O
C[C@H](CO)N1C[C@H](C)[C@H](CN(C)S(=O)(=O)c2cn(C)cn2)OCCCC[C@@H](C)Oc3ccc(cc3C1=O)N(C)C,0.59,C[C@H](CO)N1C[C@H](C)[C@H](CN(C)C(=O)NC2CCCCC2)OCCCC[C@@H](C)Oc3ccc(cc3C1=O)N(C)C,0.1,CCN(Cc1ccncc1)C(=O)C(CO)c1ccccc1,0.6,CC1CCCCOC(CN(C)Cc2ccc(C(F)(F)F)cc2)C(C)CN(C(C)CO)C(=O)c2cc(N(C)C)ccc2O1,0.09,CNc1cccc(C(=O)c2cccc(C(C)(C)C)c2)c1
C[C@H](CO)N1C[C@H](C)[C@H](CN(C)S(=O)(=O)c2cn(C)cn2)OCc3ccccc3-c4ccccc4C1=O,0.07,OC[C@H]1O[C@@H](CCn2cc(nn2)C2CCCCC2)CC[C@H]1NC(=O)CN1CCOCC1,0.13,Cc1noc(NS(=O)(=O)c2ccc(N)cc2)c1C,0.61,COc1ccc(CN(C)CC2OCc3ccccc3-c3ccccc3C(=O)N(C(C)CO)CC2C)cc1,0.18,O=C(c1ccccn1)N1CC(=O)N2CC(c3ccc(C4=CCCC4)cc3)C2(CO)C1=O
C[C@H](NC(=O)C[C@@H]1C[C@@H]2[C@@H](Oc3ccc(NC(=O)NC4CCCCC4)cc23)[C@@H](CO)O1)c5ccccc5,0.14,COc1ccc(cc1)S(=O)(=O)N(C)C[C@H]2Oc3c(cccc3C(=O)N(C[C@H]2C)[C@@H](C)CO)N(C)C,0.12,CC(C)Cc1ccc(cc1)C(C)C(O)=O,0.48,COc1ccc(CNC(=O)CC2CC3c4cc(NC(=O)NC(C)C)ccc4OC3C(CO)O2)cc1,0.09,CC(=O)NCCCN1CCN(Cc2c(Cl)cc(Cl)c(Cl)c2Cl)CC1
C[C@H](NC(=O)C[C@@H]1C[C@@H]2[C@@H](Oc3ccc(NC(=O)NC4CCCCC4)cc23)[C@H](CO)O1)c5ccccc5,0.16,CO[C@@H]1CN(C)C(=O)c2ccc(NS(=O)(=O)c3ccccc3F)cc2OC[C@H](C)NC[C@H]1C,0.12,CC(C)Cc1ccc(cc1)C(C)C(O)=O,0.42,Cc1noc(C)c1NC(=O)NC1CCC(CC(=O)NC(C)c2ccccc2)OC1CO,0.29,CNC(=O)CC1OC(CO)CC2c3cccc(NC(=O)c4ccccc4OC)c3OC12
C[C@H](NC(=O)C[C@@H]1C[C@H]2[C@H](Oc3ccc(NC(=O)NC4CCCCC4)cc23)[C@@H](CO)O1)c5ccccc5,0.59,CN(C)CC(=O)Nc1ccc2O[C@@H]3[C@@H](C[C@H](CC(=O)NC4CCCCC4)O[C@H]3CO)c2c1,0.27,COc1ccc(Cl)cc1C(=O)NCCc2ccc(cc2)S(=O)(=O)NC(=O)NC3CCCCC3,0.5,COc1ccccc1CNC(=O)CC1CC2c3cc(NC(=O)C4CC4)ccc3OC2C(CO)O1,0.23,O=C(CC1C(CO)OCC2Oc3cc(NC(=O)Cc4ccncc4)ccc3C21)NCc1ccccc1-c1ccccc1
C[C@H](NC(=O)C[C@@H]1C[C@H]2[C@H](Oc3ccc(NC(=O)NC4CCCCC4)cc23)[C@H](CO)O1)c5ccccc5,0.14,CO[C@@H]1CC[C@H]2CCOc3ccc(cc3C(=O)N(C)C[C@H](C)C(=O)N(C)C[C@H]1O2)C#N,0.12,NS(=O)(=O)c1cc(ccc1Cl)C1(O)NC(=O)c2ccccc12,0.52,CCCNC(=O)Nc1ccc2c(c1)C1CC(CC(=O)NCCc3ccccc3)OC(CO)C1O2,0.18,NS(=O)(=O)c1ccccc1C(=O)NCCCN1CCCC(Cc2ccccc2)C1
C[C@H](NC(=O)C[C@H]1C[C@@H]2[C@@H](Oc3ccc(NC(=O)NC4CCCCC4)cc23)[C@@H](CO)O1)c5ccccc5,0.18,CCC(=O)Nc1ccc2OC[C@@H](C)N(Cc3ccncc3)C[C@@H](C)[C@H](CN(C)C(=O)c2c1)OC,0.05,CC(O)Cn1c(C)ncc1[N+]([O-])=O,0.44,CC(C)NC(=O)CC1CC2c3cc(NS(=O)(=O)c4ccc(F)cc4)ccc3OC2C(CO)O1,0.21,COc1ccc(C(=O)NCCC2CCC(NS(=O)(=O)c3cccc(C)c3)C(CO)O2)cc1
C[C@H](NC(=O)C[C@H]1C[C@@H]2[C@@H](Oc3ccc(NC(=O)NC4CCCCC4)cc23)[C@H](CO)O1)c5ccccc5,0.18,COc1cccc(c1)S(=O)(=O)N[C@H]1CC[C@H](CCN)O[C@@H]1CO,0.13,CCc1oc2ccccc2c1C(=O)c1cc(Br)c(O)c(Br)c1,0.46,CCNC(=O)CC1CC2c3cc(NC(=O)Nc4ccc(C(F)(F)F)cc4)ccc3OC2C(CO)O1,0.01,CC=O
C[C@H](NC(=O)C[C@H]1C[C@H]2[C@H](Oc3ccc(NC(=O)NC4CCCCC4)cc23)[C@@H](CO)O1)c5ccccc5,0.18,C[C@H](CO)N1C[C@@H](C)[C@@H](CN(C)C(=O)Cc2ccccc2)OCc3cn(CCCC1=O)nn3,0.12,CC(C)Cc1ccc(cc1)C(C)C(O)=O,0.4,CCNC(=O)CC1CC2c3cc(NS(=O)(=O)c4ccc(F)cc4)ccc3OC2C(CO)O1,0.18,COc1ccccc1C#Cc1cccc(C2=CC(NC(=O)Cc3cccnc3)C(CO)OC2CO)c1
C[C@H](NC(=O)C[C@H]1C[C@H]2[C@H](Oc3ccc(NC(=O)NC4CCCCC4)cc23)[C@H](CO)O1)c5ccccc5,0.38,C[C@@H](NC(=O)C[C@H]1CC[C@@H]2[C@H](COC[C@@H](O)CN2C(=O)Nc2cccc(Cl)c2)O1)c1ccccc1,0.08,C1CC1C(NC1=NCCO1)C1CC1,0.59,CC(NC(=O)CC1CC2c3cc(NC(=O)c4ccc5c(c4)OCO5)ccc3OC2C(CO)O1)c1ccccc1,0.19,COC1CN(C)C(=O)c2cc(NC(=O)CC(F)(F)F)ccc2OCC(C)N(C(=O)CC2CC2)CC1C
C[C@H]1CC2C3CCC4=CC(=O)C=C[C@]4(C)[C@@]3(F)[C@@H](O)C[C@]2(C)[C@@]1(O)C(=O)CO,0.11,CO[C@@H]1C[C@@H](CC[C@H]1O)C=C(/C)[C@H]1OC(=O)[C@@H]2CCCCN2C(=O)C(=O)[C@]2(O)O[C@@H]([C@H](C[C@H]2C)OC)[C@H](C[C@@H](C)CC(C)=C/[C@@H](CC=C)C(=O)C[C@H](O)[C@H]1C)OC,0.4,CC1(C)O[C@@H]2C[C@H]3[C@@H]4C[C@H](F)C5=CC(=O)C=C[C@]5(C)[C@@]4(F)[C@@H](O)C[C@]3(C)[C@@]2(O1)C(=O)CO,0.13,CCNC(=O)CC1CCC2C(COCC(O)CN2S(=O)(=O)c2ccccc2C)O1,0.13,CC1CN(C(C)CO)C(=O)CCCn2cc(nn2)COC1CN(C)C(=O)CCC(F)(F)F
C[C@H]1C[C@H]2[C@@H]3CCC4=CC(=O)C=C[C@]4(C)[C@@]3(F)[C@@H](O)C[C@]2(C)[C@@]1(O)C(=O)CO,0.11,CO[C@@H]1C[C@@H](CC[C@H]1O)C=C(/C)[C@H]1OC(=O)[C@@H]2CCCCN2C(=O)C(=O)[C@]2(O)O[C@@H]([C@H](C[C@H]2C)OC)[C@H](C[C@@H](C)CC(C)=C/[C@@H](CC=C)C(=O)C[C@H](O)[C@H]1C)OC,0.4,CC1(C)O[C@@H]2C[C@H]3[C@@H]4C[C@H](F)C5=CC(=O)C=C[C@]5(C)[C@@]4(F)[C@@H](O)C[C@]3(C)[C@@]2(O1)C(=O)CO,0.14,CC1CN(C(C)CO)C(=O)Cc2cc(NC(=O)CCC(F)(F)F)ccc2OC1CN(C)CC1CC1,0.08,CCN1CCN(S(=O)(=O)c2c(C)c(C)c(C(=O)c3c(C)c(C)c(C)c(C)c3C)c(C)c2C)CC1
C[C@H]1C[C@H]2[C@@H]3CC[C@](OC(=O)C)(C(=O)C)[C@@]3(C)CC[C@@H]2[C@@]4(C)CCC(=O)C=C14,0.21,CC[C@]12CC[C@H]3[C@@H](CCC4=CC(=O)CC[C@H]34)[C@@H]1CC[C@@]2(O)C#C,0.21,CC[C@]12CC[C@H]3[C@@H](CCC4=CC(=O)CC[C@H]34)[C@@H]1CC[C@@]2(O)C#C,0.12,CCCNC(=O)N1CC(C)C(OC)CN(C)C(=O)c2ccc(NC(=O)c3ccccn3)cc2OCC1C,0.09,CC(C)(C)c1ccc(CN2CCN(CCCNC(=O)CCC(=O)c3ccc(C(C)(C)C)cc3)CC2)cc1
C[C@H]1C[C@H]2[C@H]3CCC4=CC(=O)C=C[C@]4(C)[C@@]3(F)[C@@H](O)C[C@]2(C)[C@@]1(O)C(=O)CO,0.77,C[C@]12C[C@H](O)[C@@]3(F)C(CCC4=CC(=O)C=C[C@]34C)C1C[C@@H](O)[C@]2(O)C(=O)CO,0.12,CO[C@H]1CN(C)C(=O)c2cc(NC(=O)Nc3cccc(OC)c3)ccc2OC[C@@H](C)N(CC2CC2)C[C@@H]1C,0.13,CCCNC(=O)CC1CC2c3cc(NC(=O)C4CCOCC4)ccc3OC2C(CO)O1,0.06,O=C1C(=O)N(Cc2c(Cl)cc(Cl)c(Cl)c2Cl)C(=O)C1Cc1cccc(F)c1
C[C@]12CC[C@@H]3[C@@H](CCC4C(=O)C(=O)CC[C@]34C)[C@H]1CCC2=O,0.07,CN(Cc1ccccc1)C(=O)C2CCCN(Cc3ccccc3C(F)(F)F)C2,0.04,CCCc1c(OCCCCc2nnn[nH]2)ccc(C(C)=O)c1O,0.11,CC1CCCCOC(CN(C)CC2CCOCC2)C(C)CN(C(C)CO)C(=O)c2cc(NC(=O)NC(C)(C)C)ccc2O1,0.07,COc1ccc(S(=O)(=O)Nc2cccc3c2C2C(C)C(C(=O)O)OC(CO)C2O3)cc1
C[C@]12CC[C@H]3[C@@H]([C@H]1CC[C@@H]2O)[C@H](CCCCCCCCCS(=O)CCCC(F)(F)C(F)(F)F)Cc1cc(O)ccc31,0.07,NC[C@H]1CC[C@@H](CC1)C(O)=O,0.06,Cc1cc2CCCS(=O)(=O)c2cc1S(N)(=O)=O,0.15,CC1CCCCOC(CN(C)Cc2ccc(C(F)(F)F)cc2)C(C)CN(C(C)CO)C(=O)c2cc(NC(=O)CCC(F)(F)F)ccc2O1,0.07,CNCCOC(C(=O)NC(CO)C(O)COc1cc(OC)ccc1OC)c1cc(O)c(O)c(O)c1
C[N+](C)(C)CCOC(N)=O,0.06,CN(CS(O)(=O)=O)c1c(C)n(C)n(-c2ccccc2)c1=O,0.06,CN(CS(O)(=O)=O)c1c(C)n(C)n(-c2ccccc2)c1=O,0.06,CCCCCCCCCCCCCCCCCCCCCCCC(=O)NCCCOCc1cccc(C(C)(C)C)c1,0.06,CCCNC(=O)N1CC(C)Oc2ccc(NC(=O)CCN3CCOCC3)cc2C(=O)N(C)CC(OC)C(C)C1
Cc1c(OCC(F)(F)F)ccnc1CS(=O)c1nc2ccccc2[nH]1,0.17,CN(Cc1ccccc1)C(=O)C2CCCN(Cc3ccccc3C(F)(F)F)C2,0.03,CC(C=CC=C(C)C=CC1=C(C)CCCC1(C)C)=C/CO,0.17,CC(C)(C)CC(Cc1ccc(-c2ccccc2S(=O)(=O)NC(=O)c2ccc(C(F)(F)F)cc2)cc1)C(=O)O,0.02,CC1CC(C)C(C)C2=C1CC1C(O)CC(C)C3CC(O)CCC31C2
Cc1cc(C)c(C#N)c(SCCS(=O)(=O)c2nc3ccccc3s2)n1,0.1,Fc1ccc(cc1)C(=O)C(CN1CCCCC1)c1ccccc1,0.17,NS(=O)(=O)C#Cc1ccccc1,0.14,Cc1ccc(C)c(S(=O)(=O)NC2C=CC(CC(=O)NCc3ccc(F)cc3)OC2CO)c1,0.11,COC(CN(C)C(=O)c1ccc2c(c1)OCO2)C(C)CN(C(=O)Nc1cccc(F)c1)C(C)CO
Cc1cc(C)c(c(C)c1)S(=O)(=O)Nc1ccccc1C(F)(F)F,0.07,C[C@@H]1CC2C3CCC4=CC(=O)C=C[C@]4(C)[C@@]3(F)[C@@H](O)C[C@]2(C)[C@H]1C(=O)CO,0.11,COc1ccc2CC3N(CCc4cc(OC)c(OC)cc34)Cc2c1OC,0.17,COc1cccc(C(=O)Nc2ccc3c(c2)C(=O)N(C(C)CO)CC(C)C(CN(C)C(=O)CCC(F)(F)F)O3)c1,0.13,CC1CCCC2C(C)(C)CCCC12NC(=O)c1ccccc1
Cc1cc(C)n(n1)c2nc(NCCCO)c3c4CCCCc4sc3n2,0.08,Oc1ccc(CCc2c(F)cccc2F)c2cccnc12,0.11,COCC(=O)NCC=Cc1ccc2ncnc(Nc3ccc(Oc4ccc(C)nc4)c(C)c3)c2c1,0.11,COc1ccc(CN(C)CC2OCc3cn(nn3)CCCC(=O)N(C(C)CO)CC2C)cc1,0.06,CCN(NC(=O)CCC(=O)NC(C(=O)NCCCCCNC(=N)N)C(C)(C)C)S(=O)(=O)c1ccc(C)cc1
Cc1cc(Cl)ccc1OCC(=O)NN=Cc1ccc[nH]1,0.53,Clc1cc(Cl)c(OCC(=O)NN=Cc2ccc[nH]2)c(Cl)c1,0.53,Clc1cc(Cl)c(OCC(=O)NN=Cc2ccc[nH]2)c(Cl)c1,0.14,COC(CN(C)S(=O)(=O)c1ccc(Cl)cc1)C(C)CN(Cc1ccc(Cl)cc1)C(C)CO,0.11,CC(C)(C)S(=O)N1Cc2cc(C(=O)NCc3ccccc3F)nc(-c3cccc(-c4cccnc4)c3)c2C1CCO
Cc1cc(O)c2C(=O)c3c(O)cc(O)c4C(=O)C(C)(C)c5cc(O)c1c2c5-c34,0.11,Oc1ccc(Cl)cc1C(=O)Nc1ccc(cc1Cl)[N+]([O-])=O,0.11,Oc1ccc(Cl)cc1C(=O)Nc1ccc(cc1Cl)[N+]([O-])=O,0.09,CC1CN(C(C)CO)C(=O)c2c(c3ccccc3n2C)-c2ccccc2COC1CN(C)C(=O)Nc1cccc(F)c1,0.05,C#CC1(O)CC2CCC3C(CCC4(C)C3CC(O)C4C(N)=O)C2(C)C1
Cc1ccc(CNc2ncnc3ccc(cc23)-c2ccoc2C)o1,0.36,Clc1ccc2ncnc(NCc3ccc4OCOc4c3)c2c1,0.1,COC(=O)C1=C(C)NC(C)=C(C1c1ccccc1[N+]([O-])=O)C(=O)OC,0.28,COc1ccc(CNc2ncnc3ccc(CNCCNCCOc4ccc(C#N)cc4)cc23)cc1,0.13,COc1ccc2[nH]c3c(c2c1)CC(CO)N(S(=O)(=O)c1ccc(F)cc1)C31CN(Cc2ccc(F)cc2)C1
Cc1ccc(OCCOc2c(Cl)cc(Cl)cc2Cl)c(n1)[N+]([O-])=O,0.08,COc1ccc(cc1)C(CN(C)C)C1(O)CCCCC1,0.08,COc1ccc(cc1)C(CN(C)C)C1(O)CCCCC1,0.1,CC1CN(C(C)CO)C(=O)Cc2cc(N(C)C)ccc2OC1CN(C)C(=O)Nc1ccc2c(c1)OCO2,0.11,COc1cc(CNC(=O)CC2C=C(CO)C(NC(=O)Cc3cccnc3)CO2)cc(OC)c1
Cc1ccc(cc1)-c1cc(nn1-c1ccc(cc1)S(N)(=O)=O)C(F)(F)F,0.06,NC(=N)NC(=O)c1nc(Cl)c(N)nc1N,0.13,Fc1ccc(Cc2n[nH]c(=O)c3ccccc23)cc1C(=O)N1CCN(CC1)C(=O)C1CC1,0.26,Cc1ccc(CNC(=O)c2ccc(-c3cccnc3)cc2)cc1,0.14,CN(Cc1c(Cl)c(Cl)c(Cl)c(Cl)c1Cl)S(=O)(=O)c1ccccc1
Cc1ccc(cc1)S(=O)(=O)NCc2ccc(cc2)C(=O)N3CCN(Cc4ccccc4)CC3,0.09,CC(C)C(=O)Nc1ccc(c(c1)C(F)(F)F)[N+]([O-])=O,0.22,CCC(c1ccccc1)=C(/c1ccccc1)c1ccc(OCCN(C)C)cc1,0.25,CC(NC(=O)CC1CC2c3cc(NS(=O)(=O)c4ccc(F)cc4)ccc3OC2C(CO)O1)c1ccccc1,0.18,COC1CN(C(=O)Cc2ccccc2)CC(=O)COC(C)CN(C)C(C)C12CC2
Cc1ccc(cc1)S(=O)(=O)OCC(=O)Nc1ccc(C(O)=O)c(O)c1,0.07,NC(=N)NC(=O)c1nc(Cl)c(N)nc1N,0.15,Fc1ccc(Cc2n[nH]c(=O)c3ccccc23)cc1C(=O)N1CCN(CC1)C(=O)C1CC1,0.26,CC(C)(C)c1ccc(C(=O)Nc2ccc(C(=O)O)cc2)cc1,0.11,CN(C)CCCNC(=O)CC1C(C(=O)NCCc2ccncc2)C(CO)CN1C
Cc1ccc-2c(Cc3c(nn(c-23)-c2ccc(Cl)cc2Cl)C(=O)NC2CCCCC2)c1,0.11,C(COc1ccc2OCOc2c1)CN1CCN(CC1)c1ccccc1,0.07,Nc1nc2ccc(OC(F)(F)F)cc2s1,0.2,O=C(NCCCN1CCCCC1)c1ccc(Cl)cc1,0.14,COc1ccc(CNC(=O)CC2CCC3C(COCC(O)CN3Cc3ccc(OC)cc3)O2)cc1
Cc1cccc(CN2C(=O)[C@@H]3Cc4c([nH]c5ccccc45)C(C)(C)N3C2=O)c1,0.15,CCOC(=O)C1=C(C)N=c2sc(=Cc3ccc(OCC(=O)O)cc3)c(=O)n2C1c4ccc(SC)cc4,0.14,CCC(c1ccccc1)=C(/c1ccccc1)c1ccc(OCCN(C)C)cc1,0.18,CC1CN(C(C)CO)C(=O)c2c(c3ccccc3n2C)-c2ccccc2COC1CN(C)S(=O)(=O)c1ccc(C(F)(F)F)cc1,0.13,COC1CN(C)C(=O)c2cc(NC(=O)C3CCCC3)ccc2OCC(C)N(Cc2cncnc2)CC1C
Cc1cccc(CN2C(=O)[C@H]3Cc4c([nH]c5ccccc45)C(C)(C)N3C2=O)c1,0.14,C[C@H](CO)N1C[C@H](C)[C@H](CN(C)C(=O)Nc2ccccc2)OCCCC[C@H](C)Oc3ccc(NC(=O)C4CCCCC4)cc3C1=O,0.2,Fc1ccc(Cc2n[nH]c(=O)c3ccccc23)cc1C(=O)N1CCN(CC1)C(=O)C1CC1,0.19,CC1CN(C(C)CO)C(=O)c2c(c3ccccc3n2C)-c2ccccc2COC1CN(C)C(=O)CCC(F)(F)F,0.14,CCCNC(=O)CC1CC2(C)Oc3c(NS(=O)(=O)c4c(F)ccc(F)c4F)cccc3C2CO1
Cc1cccc(c1)c2nnc(SCC(=O)O)n2CC=C,0.13,O=C(Cn1nnc2sc3CCCCc3c2c1=O)NCc4ccco4,0.1,CCC(c1ccccc1)=C(/c1ccccc1)c1ccc(OCCN(C)C)cc1,0.15,COc1ccc(NC(=O)NC2CCC(CCn3cc(-c4cccnc4)nn3)OC2CO)cc1,0.12,CCNC(=O)Nc1cccc2c1OC(CN(C)CC1CC1)C(=O)CN(C)C2=O
Cc1cn(Cc2ccc(Cl)cc2Cl)c2c(C=CC(=O)NS(=O)(=O)c3cc(Cl)c(Cl)s3)cc(F)cc12,0.05,CCCCCCCC(=O)O[C@@H]1[C@@H](OC(=O)/C(=CC)/C)C(=C2[C@@H]3OC(=O)[C@@](C)(O)[C@@]3(O)[C@H](C[C@](C)(OC(=O)C)[C@@H]12)OC(=O)CCC)C,0.06,CC(C)(C)c1cc(C=C(C#N)[N+]#[C-])cc(c1O)C(C)(C)C,0.13,CCCNC(=O)Nc1ccc2c(c1)C(=O)N(C)CC(OC)C(C)CN(Cc1cccc(F)c1)C(C)CO2,0.12,CC(CO)N1C(C)CC(=NC(=O)Nc2ccc(Cl)cc2)Oc2cc(C#CC(C)(C)C)cnc2C1C
Cc1cnc(cn1)C(=O)NCCc1ccc(cc1)S(=O)(=O)NC(=O)NC1CCCCC1,0.11,[O-][N+](=O)c1ccc(cc1)-c1ccc(C=NN2CC(=O)NC2=O)o1,0.11,[O-][N+](=O)c1ccc(cc1)-c1ccc(C=NN2CC(=O)NC2=O)o1,0.2,CC1CN(C(C)CO)S(=O)(=O)c2ccc(C#CCN(C)C)cc2OC1CN(C)C(=O)NC1CCCCC1,0.04,CNCCCCCNC(=O)CCCNC(=O)CCNC(=O)CCNC(=O)CCNC(=O)CCNC(=O)CCNC(=O)CCNC(=O)CCNC(=O)CCNC(=O)CCNC(=O)CCNC(=O)CCNC(=O)CCNC
Cc1csc(CNc2ncnc3ccc(cc23)c4ccoc4)c1,0.11,COc1ccc2[nH]c3C(=O)NCCc3c2c1,0.11,COc1ccc2[nH]c3C(=O)NCCc3c2c1,0.13,COc1ccc(CNC(=O)CC2CC3c4cc(NC(=O)c5ccncc5)ccc4OC3C(CO)O2)cc1,0.03,N=C(N)NCCCC(NC(=O)CCCCCC(=O)NCCCNC(=O)CNC(=O)CCCNC(=O)CCc1c(O)c(O)c(O)c(S(N)(=O)=O)c1O)C(=O)NCCCCN
Cc1nc(Nc2ncc(s2)C(=O)Nc2c(C)cccc2Cl)cc(n1)N1CCN(CCO)CC1,0.14,CCCS(=O)(=O)Nc1ccc(F)c(C(=O)c2c[nH]c3ncc(cc23)-c2ccc(Cl)cc2)c1F,0.21,CS(=O)(=O)N1CCN(Cc2cc3nc(nc(N4CCOCC4)c3s2)-c2cccc3[nH]ncc23)CC1,0.16,CC1CN(C(C)CO)C(=O)CCCn2cc(nn2)COC1CN(C)Cc1cccc(C(=O)O)c1,0.07,CNC(=O)C(CC(C)C)NC(=O)C(Cc1c(C(=O)NC(C)(C)C)cc(C(=O)NC(C)(C)C)c(O)c1O)NC(=O)C(CC(C)C)NC(=O)CCC(C)C
Cc1nc2ccccn2c1C(O)(c1ccccc1)c1ccccc1,0.09,Fc1cccc(c1)C(=O)Nc2nc[nH]n2,0.26,CCC(c1ccccc1)=C(/c1ccccc1)c1ccc(OCCN(C)C)cc1,0.15,CN(C)C(=O)c1ccc(-c2cccnc2)cc1,0.13,COC1CN(C)CC(=O)COc2cccc(NS(=O)(=O)c3ccccc3F)c2N(C)C(CC(=O)O)C1C
Cc1ncsc1CCCl,0.07,CCOC(=O)c1cncn1C(C)c1ccccc1,0.04,Fc1ccc(Cc2n[nH]c(=O)c3ccccc23)cc1C(=O)N1CCN(CC1)C(=O)C1CC1,0.05,CC(C)(C)C(NC(=O)CC1CC2c3cc(NC(=O)c4cccnc4)ccc3OC2C(CO)O1)C(=O)O,0.04,CC1CN(C(C)(C)C)S(=O)(=O)c2ccc(-c3ccccc3C(=O)N(C)C)cc2OC1CN(C)CC1CC1
Cc1noc(NS(=O)(=O)c2ccc(NC(=O)c3cc(nc4c(C)cc(C)cc34)c5ccccn5)cc2)c1C,0.18,COc1cccc(c1)S(=O)(=O)Nc1ccc(cc1)C(O)(C(F)(F)F)C(F)(F)F,0.11,Oc1ccc(cc1)C=Cc1cc(O)cc(O)c1,0.17,CCCNC(=O)CC1CC2c3cc(NS(=O)(=O)c4cccc(F)c4)ccc3OC2C(CO)O1,0.16,COc1cccc(C(=O)N(C)CC2OC(C)c3ccccc3-c3c(n(C)c4ccccc34)C(=O)N(C(C)CO)CC2C)c1
Clc1cc(NC(=O)c2ccccn2)ccc1N1C(=O)CC2(CCCCC2)C1=O,0.14,CN(Cc1ccccc1)C(=O)C2CCCN(Cc3ccccc3C(F)(F)F)C2,0.09,NC(=N)NC(=O)c1nc(Cl)c(N)nc1N,0.18,COC1CN(C)C(=O)c2cc(NC(=O)NC(C)C)ccc2OCC(C)N(Cc2ccccc2F)CC1C,0.02,CCCCCCCCCCCCCCCCCCCCCCC(=O)NC(C)C
Clc1ccc(C(Cn2ccnc2)OCC=C)c(Cl)c1,0.03,CC(=O)OCC(=O)[C@@]1(O)CC[C@@H]2[C@@H]3CCC4=CC(=O)CC[C@]4(C)[C@H]3[C@@H](O)C[C@]12C,0.14,CNCC[C@@H](Oc1ccccc1C)c1ccccc1,0.1,CN(C)CCCNC(=O)CCc1ccc(NC(=O)C=Cc2ccc(O)c(O)c2)cc1,0,CCCCCCCCCCCCCCCCCCCCCCCCCCCCCCCCCCCCCCCCCCCCCCCCCCCCCCCCCCCCCCCCCCCCCCCCCCCCCCCCCCCCCCCCCCCCCCCCCCCCCC
Clc1ccc(CSc2nnc(o2)c3ccncc3)c(Cl)c1,0.01,C[C@H](CCC(=O)NCC(=O)O)[C@H]1CC[C@H]2[C@@H]3[C@H](O)C[C@@H]4C[C@H](O)CC[C@]4(C)[C@H]3C[C@H](O)[C@]12C,0.11,COP(=O)(OC)OC(c1ccc(Cl)cc1)P(=O)(OC)OC,0.2,CC(=O)Nc1ccc(Br)cc1C(=O)OCC(=O)Nc1ccc(Cl)cc1Cl,0,[O-][NH2+][O-]
Clc1ccc(cc1)C(=O)C1CCN(CC1)c1ncnc2sccc12,0.43,C(N1CCN(CC1)c1ncnc2sccc12)c1ccccc1,0.12,CCC(c1ccccc1)=C(/c1ccccc1)c1ccc(OCCN(C)C)cc1,0.18,CC(NC(=O)c1ccnc(-c2ccc(C#N)cc2)c1)C(=O)NC1CCCCC1,0.01,CCCCCCCCCCCCCCCCCCCCCCCCCCCCCCCCCCCCCCCCCCCCCCCCCCCCCCCCCCCCCCCCCCCCCCCCCCCCCCCCCCCCCCCCC(=O)NCCCCCCCCC
Clc1ccc2nc(NC(=O)Cc3ccccc3)n3nc(nc3c2c1)-c1ccco1,0.18,COc1ccc2C=CC(C)(C)Oc2c1C(=O)C=Cc1ccccc1,0.1,COc1ccc(CCN(C)CCCC(C#N)(C(C)C)c2ccc(OC)c(OC)c2)cc1OC,0.17,COc1ccc(NC(=O)NC2CCC(CCn3cc(-c4ccccc4F)nn3)OC2CO)cc1,0.08,CN1CC=CC(CCNC(=O)C(Cc2ccccc2)NC(=O)CCNC(=O)C(CCCNC(=N)N)NC(=O)CCNC(=O)CCNC(=O)CCNC(=O)CCNC(=O)CCNC(=O)CCNC(=O)CCNC=O)C1
Clc1cccc(N2CCN(CCCCNC(=O)c3ccc-4c(Cc5ccccc-45)c3)CC2)c1Cl,0.09,COc1ccc(cc1)C(CN(C)C)C1(O)CCCCC1,0.09,COc1ccc(cc1)C(CN(C)C)C1(O)CCCCC1,0.2,COc1ccc(CN(C)CC2OCc3ccccc3-c3ccccc3C(=O)N(C(C)CO)CC2C)cc1,0.13,CCC(=O)Nc1cc(C#N)cc2c1OC(CC(C)C)CN(Cc1cccc(F)c1)C(C)C(=O)C(=O)C(C)N(C)C2CO
Clc1ccccc1CNCC2CCC(CNCc3ccccc3Cl)CC2,0.14,C[C@@H](CN(C)C)N1C[C@@H](C)[C@H](CN(C)S(=O)(=O)c2ccc(F)cc2)OCCCC[C@H](C)Oc2ccc(NC(=O)Nc3ccccc3)cc2C1=O,0.15,CN1CCN(CCCN2c3ccccc3Sc3ccc(cc23)C(F)(F)F)CC1,0.18,COc1ccccc1S(=O)(=O)Nc1ccc2c(c1)C1CC(CC(=O)NCC3CCCCC3)OC(CO)C1O2,0.11,CC1CN(C(C)CO)C(=O)c2cc(NC(=O)CCC(F)(F)F)ccc2OC1CN(C)Cc1ccc(C(=O)O)cc1
Clc1ccccc1NC(=O)COC(=O)CNC(=O)c2ccccc2Cl,0.15,CNC(C)C(=O)NC(C(C)C)C(=O)N1CCCC1C(=O)NNc2ccccc2,0.2,O=c1n([se]c2ccccc12)-c1ccccc1,0.18,COc1ccccc1S(=O)(=O)Nc1ccc2c(c1)C(=O)N(C)C1CCC(CC(=O)NCc3ccccc3F)OC1CO2,0.11,CCOC(=O)CCCN(C)CC1OCCCCC(C)Oc2ccc(NC(=O)CCCN(C)C)cc2C(=O)N(C(C)CO)CC1C
Cn1cnc(c1)S(=O)(=O)N[C@@H]1C=C[C@@H](CC(=O)N2CCN(CC2)c2ccccc2)O[C@@H]1CO,0.19,C[C@H](NC(=O)C[C@H]1CC[C@H]2[C@@H](COC[C@H](O)CN2C(=O)Nc2cccc(Cl)c2)O1)c1ccccc1,0.1,COCC(=O)NCC=Cc1ccc2ncnc(Nc3ccc(Oc4ccc(C)nc4)c(C)c3)c2c1,0.24,CN(C)C(=O)CC1C=CC(NC(=O)c2ccc3c(c2)OCO3)C(CO)O1,0.14,CCCCCC#Cc1ccccc1C1C(C#N)N(Cc2nccs2)C1CO
Cn1cnc(c1)S(=O)(=O)N[C@@H]1C=C[C@@H](CC(=O)N2CCN(CC2)c2ccccc2)O[C@H]1CO,0.18,OC[C@@H]1O[C@@H](CC(=O)NCc2ccncn2)CC[C@@H]1NC(=O)c1ccc(F)cc1,0.09,COc1ccc(cc1OC1CCCC1)C1CNC(=O)C1,0.25,CCNC(=O)CC1C=CC(NC(=O)c2ccc(F)cc2)C(CO)O1,0.01,CCl
Cn1cnc(c1)S(=O)(=O)N[C@@H]1C=C[C@H](CC(=O)N2CCN(CC2)c2ccccc2)O[C@H]1CO,0.2,C[C@H](NC(=O)C[C@@H]1C[C@H]2[C@H](Oc3ccc(NC(=O)Cc4ccncc4)cc23)[C@H](CO)O1)c5ccccc5,0.15,CNCC[C@@H](Oc1ccccc1C)c1ccccc1,0.29,COc1ccccc1CNC(=O)CC1CC2c3cc(NS(=O)(=O)c4cn(C)cn4)ccc3OC2C(CO)O1,0.16,CNC(=O)C12CN(C(=O)c3ccncc3)C(CO)C1CN1C2=C(Cl)C=CC1c1ccncc1
Cn1cnc(c1)S(=O)(=O)N[C@H]1C=C[C@@H](CC(=O)N2CCN(CC2)c2ccccc2)O[C@@H]1CO,0.14,CN(C)C(=O)C[C@@H]1CC[C@H](NC(=O)C2CCOCC2)[C@H](CO)O1,0.18,CN(C)C(=O)[C@H]1[C@H](CO)[C@H]2Cn3c(ccc(-c4ccccc4)c3=O)[C@H]2N1CCC(F)(F)F,0.23,CC(NC(=O)CC1CCC(NC(=O)c2cccc(F)c2)C(CO)O1)c1ccccc1,0.05,NC(=O)CCCCCCC(=O)O
Cn1cnc(c1)S(=O)(=O)N[C@H]1C=C[C@@H](CC(=O)N2CCN(CC2)c2ccccc2)O[C@H]1CO,0.19,C[C@H](CO)N1C[C@@H](C)[C@H](CN(C)S(=O)(=O)c2ccccc2)OCCCC[C@@H](C)Oc3ccc(NC(=O)CCCN(C)C)cc3C1=O,0.08,CC(C)C(=O)Nc1ccc(c(c1)C(F)(F)F)[N+]([O-])=O,0.21,CCCNC(=O)NC1CCC(CCn2cc(-c3cccc(-c4ccccc4)c3)nn2)OC1CO,0.19,CC(C)(C)CN1CCN(CCC(c2ccccc2)c2ccccc2)CC1
Cn1cnc(c1)S(=O)(=O)N[C@H]1C=C[C@H](CC(=O)N2CCN(CC2)c2ccccc2)O[C@@H]1CO,0.3,COc1ccc(cc1)S(=O)(=O)N[C@@H]1CC[C@@H](CC(=O)N2CCC(Cc3ccccc3)CC2)O[C@H]1CO,0.3,COc1ccc(cc1)S(=O)(=O)N[C@@H]1CC[C@@H](CC(=O)N2CCC(Cc3ccccc3)CC2)O[C@H]1CO,0.25,CCCNC(=O)CC1C=CC(NC(=O)Cc2cccnc2)C(CO)O1,0.09,CNCC(Cc1ccccc1)C(=O)NC(CCCNC(=N)N)C(=O)NC(CCCNC(=N)N)C(=O)NC(CCCNC(=N)N)C(=O)NCCCCNC(=N)N
Cn1cnc(c1)S(=O)(=O)N[C@H]1C=C[C@H](CC(=O)N2CCN(CC2)c2ccccc2)O[C@H]1CO,0.28,OC[C@H]1O[C@H](CC(=O)N2CCOCC2)C=C[C@@H]1NC(=O)NC1CCCCC1,0.1,OC(c1ccc(NC(=O)c2ccc(Cl)cc2)cc1)(C(F)(F)F)C(F)(F)F,0.2,COc1ccc(S(=O)(=O)Nc2ccc3c(c2)C2CC(CC(=O)NCCN4CCCCC4)OC(CO)C2O3)cc1,0.1,O=C1CCCN(CCCNC(=O)c2c(O)cc(O)c(O)c2O)C1
Cn1nnnc1Sc2ncnc3scc(c4ccc[nH]4)c23,0.61,Cn1nnnc1Sc2ncnc3scc(c4cccc(Br)c4)c23,0.61,Cn1nnnc1Sc2ncnc3scc(c4cccc(Br)c4)c23,0.09,COc1ccc(NC(=O)NC2CCC(CCn3cc(-c4ccc(F)cc4)nn3)OC2CO)cc1,0,C=O
Cn1nnnc1Sc2ncnc3scc(c4ccccc4C(F)(F)F)c23,0.55,COc1ccc(cc1)c2csc3ncnc(Sc4nnnn4C)c23,0.06,CCC(=C)C(=O)c1ccc(OCC(O)=O)c(Cl)c1Cl,0.13,CC1CN(C(C)CO)C(=O)c2ccccc2-c2ccccc2COC1CN(C)S(=O)C(C)(C)C,0.07,COC1CC(C)N(C)C(CN2CCOCC2)C(C)OCC(=O)CN(C(=O)c2cccc(F)c2)C1
FC(F)(F)c1ccc2Sc3ccccc3N(CCCN4CCN(CCCl)CC4)c2c1,0.04,CCC1NC(=O)C(C(O)C(C)CC=CC)N(C)C(=O)C(C(C)C)N(C)C(=O)C(CC(C)C)N(C)C(=O)C(CC(C)C)N(C)C(=O)C(C)NC(=O)C(C)NC(=O)C(CC(C)C)N(C)C(=O)C(NC(=O)C(CC(C)C)N(C)C(=O)CN(C)C1=O)C(C)C,0.15,CC(COc1ccccc1)N(CCCl)Cc1ccccc1,0.17,CC1CN(C(C)CO)C(=O)CCCn2cc(nn2)COC1CN(C)C(=O)c1ccc(C(F)(F)F)cc1,0.13,CNCC1Oc2cc(C=Cc3ccccc3)ccc2S(=O)(=O)N(C(C)CO)CC1C
Fc1cc(cc(F)c1F)C(=O)OCC#CCSc1nnc(o1)-c1cccc2ccccc12,0.15,CN(Cc1ccccc1)C(=O)C2CCCN(Cc3ccccc3C(F)(F)F)C2,0.1,CCCc1c(OCCCCc2nnn[nH]2)ccc(C(C)=O)c1O,0.18,CC1CN(C(C)CO)C(=O)c2cc(-c3cccc(C#N)c3)cnc2OC1CN(C)C(=O)c1cccc(F)c1,0.06,COCOC(=O)CCCNC(=O)CCCNC(=O)CCc1c(Cl)c(Cl)c(Cl)c(Cl)c1Cl
Fc1ccc(cc1)S(=O)(=O)C(=Cc1cccn1S(=O)(=O)c1cccc(c1)C#N)C#N,0.03,CCCCCCCCCCCCCCCC(=O)OC[C@H](O)[C@@H]1OC(=O)C(=O)C1O,0.16,OC(=O)c1cccc(c1)-c1noc(n1)-c1ccccc1F,0.18,CC1CCCCOC(CN(C)Cc2ccc(C(F)(F)F)cc2)C(C)CN(C(C)CO)C(=O)c2cc(NS(=O)(=O)c3ccc(C#N)cc3)ccc2O1,0.1,CCCNC(=O)CC1CC2c3cc(NC(=O)Cc4ccncc4)ccc3OC2C(CO)O1
NC(=O)C1CCN(CC1)c1ncc(Br)s1,0.04,CCCc1nc(C(C)(C)O)c(C(=O)OCc2oc(=O)oc2C)n1Cc1ccc(cc1)-c1ccccc1-c1nn[nH]n1,0.05,CCC1(C(=O)NCNC1=O)c1ccccc1,0.1,CCCCCC(=O)Nc1ccc2c(c1)OCC(C)N(C(=O)C1CC1)CC(C)C(OC)CN(C)C2=O,0.05,COc1cc(CNC(=O)CC2OCCC3(CO)Oc4cc(NC(=O)Cc5ccncc5)ccc4C23)c(OC)c(OC)c1
NCC(CS(O)(=O)=O)c1ccc(Cl)cc1,0.08,CN1CCN2C(C1)c1ccccc1Cc1cccnc21,0.1,CN(C)CCCC1(OCc2cc(ccc12)C#N)c1ccc(F)cc1,0.13,CC(C)(C)c1ccc(S(=O)(=O)NC2C=CC(CC(=O)NCc3ccccc3F)OC2CO)cc1,0.01,CCCCCCCCCCCCCCCCCCCCCCCCCCCCCCCCCCCCCCCCCCCCCCCCCCCCCCCCCCCCCCCCCCCCCCCCCCCCCCCCCCCCCCCCCCCC(=O)NCCCNCC
NCCCCCCNS(=O)(=O)c1ccc2c(Cl)cccc2c1,0.07,CC(C)[C@H](N)C(=O)OCCOCn1cnc2c1nc(N)[nH]c2=O,0.08,NC(=N)NC(=O)c1nc(Cl)c(N)nc1N,0.15,CCCNc1ncnc2ccc(-c3ccccc3F)cc12,0.12,CCCNC(=O)C1CC2(CO)NC1CN1C2=CC(F)=CC1c1ccccc1F
NCCCC[C@H](N)C(=O)N[C@@H](Cc1ccccc1)C(=O)N[C@@H](Cc2ccc(O)cc2)C(=O)O,0.17,Cc1cccc(Nc2ccccc2C(O)=O)c1C,0.17,OC(=O)c1cc(ccc1O)N=Nc1ccc(cc1)S(=O)(=O)Nc1ccccn1,0.17,CCNCCCCCCCCCCCCCCCCCCCCCCCCCC(=O)Nc1ccc(C(O)c2ccccc2)cc1,0.12,CS(=O)(=O)N1CCN(CCCC(=O)Nc2ccccc2C(F)(F)F)CC1
NS(=O)(=O)c1cc2c(NCNS2(=O)=O)cc1C(F)(F)F,0.11,Nc1ccc(cc1)S(=O)(=O)c1ccc(N)cc1,0.11,Nc1ccc(cc1)S(=O)(=O)c1ccc(N)cc1,0.12,CC(C)(C)c1ccc(C(=O)NC2CCC(C(=O)Nc3ccc(S(N)(=O)=O)cc3)CC2)cc1,0.1,COc1ccccc1C1(C(=O)NC(Cc2ccc(-c3ccc(C(F)(F)F)cc3)cc2)C(=O)O)CCCC1
N[C@@H](C(=O)N[C@H]1[C@H]2SCC(Cl)=C(N2C1=O)C(O)=O)c1ccccc1,0.07,CC(C)CCCCC(=O)N[C@H](CCN)C(=O)N[C@@H]([C@@H](C)O)C(=O)N[C@H](CCN)C(=O)N[C@@H]1CCNC(=O)[C@@H](NC(=O)[C@H](CCN)NC(=O)[C@H](CCN)NC(=O)[C@@H](CNC(=O)[C@@H](CC(C)C)NC(=O)[C@H](CCN)NC1=O)C(C)C)[C@@H](C)O,0.14,Cc1nccn1CC1CCc2c(C1=O)c1ccccc1n2C,0.14,CC(C)(C)c1ccc(C(=O)Nc2ccc(C(=O)Nc3ccc(C(=O)O)cc3)cc2)cc1,0.12,CC(C)(C)S(=O)N1c2c(cc(C(=O)NCc3ccc4c(c3)OCO4)nc2-c2ccccc2-c2cccnc2)CC1CCO
Nc1[nH]nc2nnc(cc12)-c1c(nn2ccccc12)-c1ccccc1,0.16,CCCc1nc(C(C)(C)O)c(C(=O)OCc2oc(=O)oc2C)n1Cc1ccc(cc1)-c1ccccc1-c1nn[nH]n1,0.14,Oc1ccc(cc1)-c1coc2cc(O)cc(O)c2c1=O,0.17,CC1CN(C(C)CO)C(=O)c2c(c3ccccc3n2C)-c2ccccc2COC1CN(C)C(=O)c1ccncc1,0.07,CCCCCC(=O)NCCCCCC(=O)Nc1ccccc1[SH](=O)=O
Nc1c2C(=O)c3ccccc3C(=O)c2c(Nc2cccc3ccccc23)cc1S(O)(=O)=O,0.09,CSCC[C@H](NC(=O)[C@H](Cc1ccccc1)NC[C@@H](NC[C@@H](N)CS)C(C)C)C(=O)O,0.12,CNC(=O)c1ccc(cc1F)N1C(=S)N(C(=O)C1(C)C)c1ccc(C#N)c(c1)C(F)(F)F,0.21,CC1CN(C(C)CO)C(=O)c2c(n(C)c3ccccc23)-c2ccccc2COC1CN(C)C(=O)Nc1ccc(C(F)(F)F)cc1,0.11,COc1ccc(NC(=O)NC2CCC(CCn3cc(-c4ccc(F)cc4)nn3)OC2CO)cc1
Nc1ccc(CCN2CCN(CC2)c3cccc(c3)C(F)(F)F)cc1,0.06,CCN(CC)CCCCNc1ncc2cc(-c3cc(OC)cc(OC)c3)c(NC(=O)NC(C)(C)C)nc2n1,0.3,OCCN1CCN(CCCN2c3ccccc3Sc3ccc(cc23)C(F)(F)F)CC1,0.2,CC1CN(C(C)CO)C(=O)CCCn2cc(nn2)COC1CN(C)Cc1ccc(C(F)(F)F)cc1,0.1,CC(C)NC(=O)NC(C(=O)NC(Cc1ccccc1)C(=O)NC(Cc1ccccc1)C(=O)O)C(C)(C)C
Nc1ccc2C(=O)NC(=O)c3cccc1c32,0.08,COc1cc2CCN(C)[C@H]3Cc4ccc(Oc5c(O)c(OC)cc6CC[N+](C)(C)[C@H](Cc7ccc(O)c(Oc1cc23)c7)c56)cc4,0.1,COc1c(N2C[C@@H]3CCCN[C@@H]3C2)c(F)cc2c1n(cc(C(O)=O)c2=O)C1CC1,0.13,CC(C)NC(=O)Nc1cccc2c1OC(CN(C)Cc1ccc(C(F)(F)F)cc1)C(C)CN(C(C)CO)C2=O,0.1,COc1cccc(CNC(=O)CC2CC3c4cc(NC(=O)CN5CCOCC5)ccc4OC3C(CO)O2)c1
Nc1nc2n(COCCO)cnc2c(=O)[nH]1,0.07,NCc1ccc(cc1)S(N)(=O)=O,0.11,CCC1(CCC(=O)NC1=O)c1ccc(N)cc1,0.09,COc1ccc(NC(=O)N(C)CC2OCc3cn(nn3)CCCC(=O)N(C(C)CO)CC2C)cc1,0.02,C=O
Nc1nnc(c(N)n1)-c1cccc(Cl)c1Cl,0.1,CC(C)(N)Cc1ccccc1,0.1,CC(C)(N)Cc1ccccc1,0.08,CC1CN(C(C)CO)S(=O)(=O)c2ccc(-c3ccccc3C#N)cc2OC1CNCCCN(C)C,0.04,N=C(N)NCCCCNC(=O)C(CCCNC(=N)N)NC(=O)C(Cc1ccccc1)NC(=O)C(Cc1ccc(O)cc1)NC(=O)C(CCCNC(=N)N)NC(=O)C(CN)CO
Nn1c(nc2ccccc2c1=O)C(=O)NCc3cccnc3,0.12,C[C@H](CO)N1C[C@H](C)[C@H](CN(C)C(=O)c2ccncc2)OCCCC[C@H](C)Oc3ccc(NC(=O)CCC(F)(F)F)cc3C1=O,0.12,C[C@H](CO)N1C[C@H](C)[C@H](CN(C)C(=O)c2ccncc2)OCCCC[C@H](C)Oc3ccc(NC(=O)CCC(F)(F)F)cc3C1=O,0.26,CC(C)(C)c1cccc(C(=O)c2ccccc2C(=O)NC2CCC(CC(=O)NCc3cccnc3)OC2CO)c1,0.1,CCCNC(=O)CC1CCC2C(COCCC(O)N2C(=O)c2ccc(F)cc2)O1
O=C(N1CCC(CC1)N1CCCC1)c1ccc(Nc2nccc(n2)-c2cc3ccccc3s2)cc1,0.13,OC(CN1CCNCC1)Cn1c2ccc(Br)cc2c2cc(Br)ccc12,0.13,OC(CN1CCNCC1)Cn1c2ccc(Br)cc2c2cc(Br)ccc12,0.19,O=C(Nc1ccccc1C(F)(F)F)c1cccc(C(=O)NC2CCCCC2)c1,0.03,CCOCCOCCOCCOCCOCCOCCOCCOCCOCCOCCOCCOCCOCCOCCOCCOCCOCCOCCOCCOCCOCCOCCOCCOCCOCCOCCOCCOCCNCCC(=O)Nc1ccccc1OCCNCN
O=C(N1CCCNCC1)c2cccc3cnccc23,0.09,C[C@@H](CO)N1C[C@@H](C)[C@@H](CN(C)Cc2ccc(Cl)c(Cl)c2)Oc3c(NS(=O)(=O)c4cccs4)cccc3C1=O,0.12,OC(=O)c1cc(ccc1O)N=Nc1ccc(cc1)S(=O)(=O)Nc1ccccn1,0.14,CC(C)NC(=O)Nc1ccc2c(c1)C1CC(CC(=O)N3CCCCC3)OC(CO)C1O2,0.2,CNc1ccccc1C(=O)Nc1cccc(CN2CCCC2)c1
O=C(Nc1cccc(c1)S(=O)(=O)N2CCOCC2)c3ccc(cc3)N4CCCC4=O,0.07,CCCc1c(OCCCCc2nnn[nH]2)ccc(C(C)=O)c1O,0.07,CCCc1c(OCCCCc2nnn[nH]2)ccc(C(C)=O)c1O,0.25,O=C(NCCN1CCN(c2ccc(Cl)cc2)CC1)c1ccc(Cl)cc1,0.15,COc1ccccc1NC(=O)Nc1ccc2c(c1)C1C(CO)COC(CO)C1O2
O=C(OCC#CCSc1nnc(o1)-c1ccc2ccccc2c1)c1cccs1,0.15,C[C@@H](CO)N1C[C@@H](C)[C@@H](CN(C)Cc2ccc(Oc3ccccc3)cc2)Oc4c(NC(=O)c5ccncc5)cccc4C1=O,0.06,NC(=N)NC(=O)c1nc(Cl)c(N)nc1N,0.18,Cc1ccsc1C(=O)Nc1ccccc1S(=O)(=O)NC(=O)c1ccccc1Cl,0.12,CC(CO)N1CC=Cc2ccccc2C(=O)OC(CN(C)Cc2cc(CCC(=O)O)c(C(=O)N(C)C)c(C(=O)O)c2Cc2ccccc2)C2(C)c3ccccc3N(C)C12
O=C1C=CC(=O)c2c1ccc3c2ccc4ccccc43,0.04,CCCC[C@@H](C)/C=C(C)/C=C(C)/C(=O)NC1=C[C@@](O)(C=CC=CC=CC(=O)NC2C(=O)CCC2=O)[C@@H]3O[C@@H]3C1=O,0.04,CCCC[C@@H](C)/C=C(C)/C=C(C)/C(=O)NC1=C[C@@](O)(C=CC=CC=CC(=O)NC2C(=O)CCC2=O)[C@@H]3O[C@@H]3C1=O,0.15,Clc1ccc(Cl)c(Nc2ncnc3cc(Cl)ccc23)c1,0.12,COC(CN(C)S(=O)(=O)c1ccc(F)cc1)C(C)CN(C(C)CO)S(=O)(=O)c1ccc(F)cc1
O=C1CC(CC2=C1C1(CCCC1)NC(Nc1nc3ccccc3o1)=N2)c1ccccc1,0.14,CCCc1nc(C(C)(C)O)c(C(=O)OCc2oc(=O)oc2C)n1Cc1ccc(cc1)-c1ccccc1-c1nn[nH]n1,0.16,CN1C(C(=O)Nc2ccccn2)C(=O)c2ccccc2S1(=O)=O,0.17,Cc1ccc(CC(c2ccccc2)c2ccccc2)cc1,0.08,C[NH2+]CCCNC(=O)CC1OC(NC(=O)CCN2CCOCC2)CC=C1C(=O)NCc1c(F)ccc(F)c1F
O=C1CCCc2cnnn2COC[C@H](Cc2ccccc2)N1,0.1,CO[C@H]1CC[C@@H]2CCOc3c(cccc3C(=O)N(C)C[C@H](OC)[C@@H](C)C(=O)N(C)C[C@H]1O2)C#N,0.12,C[C@@H](CO)N1C[C@@H](C)[C@@H](CN(C)S(=O)(=O)C)OCCCC[C@@H](C)Oc2ccc(NC(=O)c3ccncc3)cc2C1=O,0.2,CC1CN(C(C)CO)C(=O)CCCn2nncc2COC1CN(C)C(=O)Nc1ccc(F)cc1,0.13,CC(CO)N1CC2=C(CCCC2O)CC2(C)CCN(C)C2OC(=O)C2(C)CCN(S(=O)(=O)c3ccccc3F)C12
O=c1n(sc2ccc(cc12)C#N)-c1ccccc1,0.15,COc1ccc2Nc3cc(Cl)ccc3Sc2c1,0.2,CN(C)CCC[C@]1(OCc2cc(ccc12)C#N)c1ccc(F)cc1,0.14,Cc1ccccc1-c1ccc2c(c1)OC(CN(C)C(=O)c1ccc(F)cc1)C(C)CN(C(C)CO)S2(=O)=O,0.06,CC1COc2ccc(NC(=O)CCC(F)(F)F)cc2CCCOC(CN(C)C(=O)CCC(F)(F)F)C(C)CN(C(C)CO)C1=O
OC(=O)CCC(=O)Nc1ccc(Br)c2cccnc12,0.13,COc1cc2ncnc(Nc3cc(Br)c(O)c(Br)c3)c2cc1OC,0.12,O=C(Cc1ccc2OCOc2c1)N1CCC(CC1)n1nc(oc1=O)-c1ccccc1,0.17,CCN(CC)c1ccc(C(=O)c2ccc(C(=O)Nc3ccc(C(=O)NCCC(=O)O)cc3)cc2)cc1,0.11,COc1cccc(S(=O)(=O)N(C)CC2OCCCCC(C)Oc3ccc(NC(=O)NC(C)C)cc3C(=O)N(C(C)CO)CC2C)c1
OC(=O)C[C@H](NC(=O)CP(O)(O)=O)C(O)=O,0.18,Nc1nc2[nH]cc(CCc3ccc(cc3)C(=O)N[C@H](CCC(O)=O)C(O)=O)c2c(=O)[nH]1,0.05,Fc1ccc(Cc2n[nH]c(=O)c3ccccc23)cc1C(=O)N1CCN(CC1)C(=O)C1CC1,0.09,CC(NC(=O)CC1CCC(NS(=O)(=O)c2ccccc2F)C(CO)O1)c1ccccc1,0,CCl
OC(=O)c1c[nH]c2c(Cl)c(Cl)ccc2c1=O,0.09,CN(C)CCOC(c1ccc(Cl)cc1)c1ccccn1,0.11,Cc1cn([C@@H]2O[C@H](CO)C=C2)c(=O)[nH]c1=O,0.11,Cc1ccc(S(=O)(=O)NC2CC(C#N)N(C(=O)c3ccccc3F)C2)cc1,0.08,Cc1cc(N)c(CN(C)CC2OCC(C)CN(C(C)CO)Cc3c(cccc3N(C)C)OCC(=O)C(=O)C2C)c(C)c1C(F)(F)F
OC(=O)c1ccccc1OCc2ccccc2Br,0.06,COc1c(F)cc2[nH]c3C(=O)NCCc3c2c1F,0.15,CN(C)C(=O)Cc1c(nc2ccc(C)cn12)-c1ccc(C)cc1,0.21,CC(C)(C)c1ccc(C(=O)Nc2ccccc2C(=O)Nc2ccc(C(=O)O)cc2)cc1,0.08,Cc1c(C)c(C(=O)NCCO)c(C)c(O)c1CO
OC(=O)c1cn(C2CC2)c2cc(N3CCNCC3)c(F)cc2c1=O,0.05,CC(O)Cn1c(C)ncc1[N+]([O-])=O,0.06,NC(=N)NC(=O)c1nc(Cl)c(N)nc1N,0.14,COc1ccc2c(c1)c1c(n2C)C(CO)N(C(=O)NC(C)C)CC12CN(Cc1ccc(F)cc1)C2,0.02,CCNC(=O)C(CC(C)C)NC(=O)C(CCCNC(=N)N)NC(=O)CNC(=O)CNC(=O)CNC(=O)CNC(=O)CNC(=O)CNC(=O)CNC(=O)CNC=O
OC(=O)c1nn(Cc2ccc(Cl)cc2Cl)c2ccccc12,0.05,CCCC[C@@H](C)C=C(C)C=C(/C)C(=O)NC1=C[C@@](O)(C=CC=CC=CC(=O)NC2C(=O)CCC2=O)[C@@H]2OC2C1=O,0.26,CCC(C)N(C)C(=O)c1cc2ccccc2c(n1)-c1ccccc1Cl,0.18,CC1CN(C(C)CO)C(=O)c2c(c3ccccc3n2C)-c2ccccc2COC1CN(C)C(=O)Cc1ccccc1,0.13,CN(C)CCCCCC(=O)Nc1cccc(C(=O)Nc2cccc(C(=O)c3c(O)cc(O)cc3C(=O)NCCCC(=O)O)c2)c1
OC(CCN1CCCCC1)(C1CCCCC1)c1ccccc1,0.13,O=C1C(C(=O)c2ccccc12)c1ccccc1,0.18,Cc1ccc(cc1)S(=O)(=O)NC(=O)NN1CCCCCC1,0.16,CC(C)NC(=O)Nc1ccc2c(c1)C(=O)N(C(C)CO)CC(C)C(CN(C)CC1CCCCC1)OCCCCC(C)O2,0.07,CCc1ccc2c(C)c(C)n(C)c2c1
OC(Cc1ccncc1)C(Cl)(Cl)Cl,0.1,Clc1cccc(Cl)c1N=C1NCCN1,0.09,CCN(CC)CCOC(=O)c1ccc(N)cc1,0.16,CC(C)(C)C(=O)NC(Cc1ccc(Cl)c(Cl)c1)C(=O)O,0.09,CCn1nc(CCCNC(=O)CCc2ccccc2)c(C)c1C
OC(c1ccc(NC(=O)c2ccc(F)cc2Cl)cc1)(C(F)(F)F)C(F)(F)F,0.12,CCc1ccc(cc1)C=CC(=O)NC1=NCCS1,0.04,CCc1c(C)[nH]c2CCC(CN3CCOCC3)C(=O)c12,0.23,CC(C)(C)C(=O)Nc1ccc(C(C)(C)C)cc1,0.09,COC1CCC2CC(CC(=O)N3CCOCC3)OC3C(C(=O)N(C)CC(C)C(=O)CN(Cc4cccc(Cl)c4)CC1O2)c1ccccc1N3C
OC1(CCN(CCCC(c2ccc(F)cc2)c2ccc(F)cc2)CC1)c1ccc(Cl)c(c1)C(F)(F)F,0.16,CC(C)[C@@H](N(CCCN)C(=O)c1ccc(C)cc1)c1nc2cc(Cl)ccc2c(=O)n1Cc1ccccc1,0.15,CC(C)[C@H]1c2ccc(F)cc2CC[C@@]1(CCN(C)CCCc1nc2ccccc2[nH]1)OC(=O)C1CC1,0.2,Cc1ccc(NC(=O)CCN2CCN(c3ccc(C(F)(F)F)cc3)CC2)s1,0.01,CCCCCCCCCCCCCCCCCCCCCCCCCCCCCCCCCCCCCCCCCCCCCCCCCCCCCCCCCCCCCCCCCCCCCCCCCCCCCCCCCCCCCCCCCCCCCCCCCCCCCC
OC[C@@H]1O[C@@H](CC(=O)N2CCN(CC2)c2ccccc2)C=C[C@@H]1NC(=O)c1ccncc1,0.36,COc1ccccc1S(=O)(=O)N[C@@H]1C=C[C@H](CC(=O)N2CCCCC2)O[C@H]1CO,0.36,COc1ccccc1S(=O)(=O)N[C@H]1C=C[C@@H](CC(=O)N2CCCCC2)O[C@H]1CO,0.21,CCCNC(=O)Nc1ccc2c(c1)C1CC(CC(=O)NCCc3ccccc3)OC(CO)C1O2,0.22,O=C(CC1CCC(NC(=O)c2ccc(F)cc2)C(CO)O1)NCc1ccc(Cl)c(Cl)c1
OC[C@@H]1O[C@@H](CC(=O)N2CCN(CC2)c2ccccc2)C=C[C@H]1NC(=O)c1ccncc1,0.16,C[C@H](CO)N1C[C@@H](C)[C@@H](CN(C)S(=O)(=O)c2cn(C)cn2)OCc3ccccc3-c4c(C1=O)n(C)c5ccccc45,0.08,COc1ccc(cc1)c2c(O)c3c(OC)c4CCC(C)(C)Oc4cc3oc2=O,0.22,COc1ccc(CNC(=O)CC2CC3c4cc(NC(=O)Cc5ccncc5)ccc4OC3C(CO)O2)cc1,0.11,Cc1c(O)c(O)c(O)c(O)c1NC(=O)Nc1ccc2c(c1)OC1(CO)CCOC(CC(=O)NCCCN(C)C)C21
OC[C@@H]1O[C@@H](CC(=O)NCc2ccc(Cl)cc2)CC[C@@H]1NC(=O)CC1CC1,0.22,O[C@H]1COC[C@@H]2O[C@H](CC(=O)NCCCN3CCOCC3)CC[C@H]2N(C1)C(=O)c1ccccc1,0.08,CCC(c1ccccc1)=C(/c1ccccc1)c1ccc(OCCN(C)C)cc1,0.4,CCNC(=O)CC1CCC(NC(=O)C2CCCCC2)C(CO)O1,0.11,CC1CN(C(C)CO)C(=O)Cc2cc(NC(=O)Nc3ccc(C(F)(F)F)cc3)ccc2OC1CN(C)S(=O)(=O)c1ccc(C(F)(F)F)cc1
OC[C@@H]1O[C@@H](CC(=O)NCc2ccc(Cl)cc2)CC[C@H]1NC(=O)CC1CC1,0.08,O=C1C(CCS(=O)c2ccccc2)C(=O)N(N1c1ccccc1)c1ccccc1,0.08,O=C1C(CCS(=O)c2ccccc2)C(=O)N(N1c1ccccc1)c1ccccc1,0.3,Cc1cccc(C)c1S(=O)(=O)NCCC1CCC(NC(=O)Cc2ccccc2)C(CO)O1,0.01,CC(O)C(O)C(O)CCCCCCCCCCCC(O)C(O)CCCCCCCCCCC(O)C(O)CCCCCCCCCC(O)C(O)CCCCCCCCC(O)C(O)CCCCCCC(O)CCCCC=CCN
OC[C@@H]1O[C@@H](CC(=O)NCc2ccc(Cl)cc2)C[C@@H]3[C@H]1Oc4ccc(NC(=O)Nc5ccc(cc5)C(F)(F)F)cc34,0.21,OC[C@H]1O[C@@H](C=C[C@@H]1NC(=O)Cc1cccnc1)CC(=O)Nc1ccccc1,0.09,Cc1ccc(C)c(OCCCC(C)(C)C(O)=O)c1,0.56,COc1ccc(CNC(=O)CC2CC3c4cc(NC(=O)c5cccnc5)ccc4OC3C(CO)O2)cc1,0.07,COCC(=O)N(C)CC1OCc2cn(nn2)CC(C)CCN(C(C)CO)CC1=O
OC[C@@H]1O[C@@H](CC(=O)NCc2ccc(Cl)cc2)C[C@H]3[C@@H]1Oc4ccc(NC(=O)Nc5ccc(cc5)C(F)(F)F)cc34,0.39,C[C@@H](NC(=O)C[C@H]1C[C@@H]2[C@@H](Oc3ccc(NC(=O)C4CCOCC4)cc23)[C@H](CO)O1)c5ccccc5,0.05,CC1(C)O[C@@H]2CO[C@@]3(COS(N)(=O)=O)OC(C)(C)O[C@H]3[C@@H]2O1,0.62,COc1ccc(CNC(=O)CC2CC3c4cc(NC(=O)Nc5cc(F)ccc5F)ccc4OC3C(CO)O2)cc1,0.01,O=[N+]([O-])[O-]
OC[C@@H]1O[C@@H](CC(=O)NCc2cccc(F)c2)C[C@@H]3[C@H]1Oc4ccc(NC(=O)C5CCC5)cc34,0.15,COc1ccc(CNC(=O)N(C)C[C@@H]2OCc3ccccc3-c4c(C(=O)N(C[C@H]2C)[C@H](C)CO)n(C)c5ccccc45)cc1,0.24,OC[C@H]1O[C@@H](CC(=O)NC2CCCCC2)C=C[C@@H]1NS(=O)(=O)c1ccc(F)cc1,0.52,CCCNC(=O)CC1CC2c3cc(NC(=O)c4cccnc4)ccc3OC2C(CO)O1,0.17,CC(C)(C)S(=O)(=O)NC1C=C(CO)C(CC(=O)NCCc2ccccc2)OC1
OC[C@@H]1O[C@@H](CCNC(=O)Nc2ccc(cc2)C(F)(F)F)CC[C@@H]1NC(=O)c1cccnc1,0.26,COc1ccccc1S(=O)(=O)N[C@H]1CC[C@H](CC(=O)NCc2cccc(F)c2)O[C@@H]1CO,0.14,C[C@@H](CO)N1C[C@H](C)[C@@H](CN(C)Cc2cncnc2)Oc3cc(C#CC4CCCC4)ccc3S1(=O)=O,0.35,CCCNC(=O)CC1CC2c3cc(NC(=O)c4cccnc4)ccc3OC2C(CO)O1,0.11,CC(C)c1cnnn1CCC(=O)NC(CCCNC(=N)N)C(=O)NC(Cc1ccccc1)C(O)C(Cc1ccccc1)NC(=O)C(CC(=O)NCCCN1CCN(Cc2ccccc2)CC1)C(C)C(C)(C)C
OC[C@@H]1O[C@@H](CCNC(=O)Nc2ccc(cc2)C(F)(F)F)CC[C@H]1NC(=O)c1cccnc1,0.25,COc1cccc(c1)S(=O)(=O)N[C@@H]1CC[C@H](CCN)O[C@@H]1CO,0.23,COc1ccc(cc1)S(=O)(=O)N[C@@H]1CC[C@H](CC(=O)N2CCC(Cc3ccccc3)CC2)O[C@@H]1CO,0.36,CN(C)CCCNC(=O)CC1CC2c3cc(NC(=O)Nc4ccc(C(F)(F)F)cc4)ccc3OC2C(CO)O1,0.15,CNc1cccc2c1C1C(CC(=O)NCc3cccc4c3OCO4)OCC(C)C1O2
OC[C@@H]1O[C@H](CC(=O)N2CCN(CC2)c2ccccc2)C=C[C@@H]1NC(=O)c1ccncc1,0.17,CC(C)(C)S(=O)N1Cc2cc(nc(c2[C@@H]1CCO)c3cccc(c3)c4cccc(F)c4)C(=O)NCCCN5CCOCC5,0.21,OC[C@@H]1O[C@@H](CCn2cc(nn2)-c2ccccc2F)CC[C@@H]1NC(=O)c1ccc2OCOc2c1,0.23,CC(C)(C)c1ccc(C(=O)NC2CCC(Cc3ccccc3)CC2)cc1,0.17,CC1CN(C(C)CO)C(=O)c2ccccc2-c2ccccc2COC1CN(C)C(=O)CCC(F)(F)F
OC[C@@H]1O[C@H](CC(=O)N2CCN(CC2)c2ccccc2)C=C[C@H]1NC(=O)c1ccncc1,0.1,CO[C@H]1CC[C@H]2CCOc3c(cccc3C(=O)N(C)C[C@@H](C)C(=O)N(C)C[C@@H]1O2)C#N,0.19,COc1cccc(NC(=O)N2[C@H]3CNC[C@@H]2[C@@H]3c2ccc(cc2)-c2ccncc2)c1,0.39,CCNC(=O)CC1C=CC(NC(=O)c2ccc(F)cc2)C(CO)O1,0.12,CCCNC(=O)CC1CC(C)C(NS(C)(=O)=O)C(CO)O1
OC[C@@H]1O[C@H](CC(=O)NCc2ccc(Cl)cc2)CC[C@@H]1NC(=O)CC1CC1,0.12,C[C@@H](CO)N1C[C@@H](C)[C@@H](CN(C)Cc2ccccc2C(=O)O)Oc3cc(ccc3S1(=O)=O)c4ccc(F)cc4,0.12,C[C@@H](CO)N1C[C@@H](C)[C@@H](CN(C)Cc2ccccc2C(=O)O)Oc3cc(ccc3S1(=O)=O)c4ccc(F)cc4,0.49,COc1ccc(CNC(=O)CC2CCC(NC(=O)c3ccc(F)cc3)C(CO)O2)cc1,0.02,CCCCCCCCCCCCCCCCCCCCCCCCCCCCCCCCCCCCCCCCCCCCCCCCCCCCCCCCCCCCCCCCCCCCCCCCCCCCCCCCCCCCCCCCCCC(=O)NC(C)CO
OC[C@@H]1O[C@H](CC(=O)NCc2ccc(Cl)cc2)CC[C@H]1NC(=O)CC1CC1,0.22,CC(C)NC(=O)N[C@@H]1C=C[C@H](CC(=O)NC2Cc3ccccc3C2)O[C@@H]1CO,0.12,Cc1ccc(Cl)c(Nc2ccccc2C(O)=O)c1Cl,0.29,CC(NC(=O)NC1CCC(CCNC(=O)CN2CCOCC2)OC1CO)c1ccccc1,0.08,COC(CN(C)Cc1nccs1)C(C)CN(Cc1ccccc1F)C(C)CO
OC[C@@H]1O[C@H](CC(=O)NCc2ccc(Cl)cc2)C[C@@H]3[C@H]1Oc4ccc(NC(=O)Nc5ccc(cc5)C(F)(F)F)cc34,0.2,COc1cccc(c1)C(=O)Nc1ccc2OC[C@@H]3O[C@@H](CC(=O)NCCCN4CCOCC4)CC[C@@H]3N(C)C(=O)c2c1,0.1,CC(C)N(CCC(C(N)=O)(c1ccccc1)c1ccccn1)C(C)C,0.54,COc1ccc(S(=O)(=O)Nc2ccc3c(c2)C2CC(CC(=O)NCc4ccc(F)cc4)OC(CO)C2O3)cc1,0.22,CC(C)(C)c1ccc(C(=O)Nc2ccc(C(=O)Nc3nc4ccccc4s3)cc2)cc1
OC[C@@H]1O[C@H](CC(=O)NCc2ccc(Cl)cc2)C[C@H]3[C@@H]1Oc4ccc(NC(=O)Nc5ccc(cc5)C(F)(F)F)cc34,0.03,CCCCC/C=CC/C=CC/C=CC/C=CCCCC(=O)N,0.04,ClCCN(CCCl)P1(=O)NCCCO1,0.87,COc1ccc(CNC(=O)CC2CC3c4cc(NC(=O)Nc5ccc(C(F)(F)F)cc5)ccc4OC3C(CO)O2)cc1,0.11,COC1CN(C)C(=O)c2ccc(NS(C)(=O)=O)cc2OCC(C)N(Cc2nccs2)CC1C
OC[C@@H]1O[C@H](CC(=O)NCc2cccc(F)c2)C[C@@H]3[C@H]1Oc4ccc(NC(=O)C5CCC5)cc34,0.19,CO[C@H]1CN(C)C(=O)c2ccc(NC(=O)Nc3cc(F)ccc3F)cc2OC[C@@H](C)N(C)C[C@H]1C,0.12,CNCCCCOc1ccccc1Cc1ccccc1,0.45,COc1ccccc1CNC(=O)CC1CC2c3cc(NS(=O)(=O)c4ccccc4F)ccc3OC2C(CO)O1,0.06,Cc1ccccc1NCCCNC(=O)CCCNC(=O)CCCNC(=O)CCNC(=O)CCNC(=O)CCNC(=O)CCNC(=O)CCNC(=O)CCNC(=O)CCNC(=O)CCNC(=O)CCNC(=O)CCNC(=O)CCN
OC[C@@H]1O[C@H](CC(=O)NCc2cccc(F)c2)C[C@H]3[C@@H]1Oc4ccc(NC(=O)C5CCC5)cc34,0.21,Cc1cccc(c1)S(=O)(=O)N1C[C@@H](O)COC[C@@H]2O[C@H](CC(=O)Nc3ccc(cc3)-c3ccccc3)CC[C@@H]12,0.21,OC[C@@H]1O[C@H](CCn2cc(Cc3ccccc3)nn2)CC[C@H]1NS(=O)(=O)c1ccccc1F,0.59,O=C(O)CCCNC(=O)CC1CC2c3cc(NC(=O)C4CC4)ccc3OC2C(CO)O1,0.05,CCCCCCCCCCCCCCCCCCCCCCC(=O)NCCO
OC[C@@H]1O[C@H](CCNC(=O)Nc2ccc(cc2)C(F)(F)F)CC[C@@H]1NC(=O)c1cccnc1,0.18,COCC(=O)N(C)C[C@@H]1Oc2cc(C#Cc3cccnc3)ccc2S(=O)(=O)N(C[C@@H]1C)[C@@H](C)CO,0.07,C1CC1C(NC1=NCCO1)C1CC1,0.52,CCNC(=O)CC1CCC(NC(=O)Nc2ccc(C(F)(F)F)cc2)C(CO)O1,0.08,CC=Cc1cccc(OC(=O)C(C)(C)C)c1
OC[C@@H]1O[C@H](CCNC(=O)Nc2ccc(cc2)C(F)(F)F)CC[C@H]1NC(=O)c1cccnc1,0.27,COc1cccc(NC(=O)N[C@@H]2CC[C@@H](CC(=O)N3CCCCC3)O[C@@H]2CO)c1,0.1,Cc1cccc(CN2CCN(CC2)C(c2ccccc2)c2ccc(Cl)cc2)c1,0.34,CN1C(=O)c2cc(NC(=O)Nc3ccc(C(F)(F)F)cc3)ccc2OCC2OC(CC(=O)O)CCC21,0.07,COC(SC)C(C)Cc1ccccc1
OC[C@@H]1[C@@H]([C@@H](C#N)N1C(=O)C1CC1)c1ccc(cc1)C#CC1(O)CCCC1,0.15,CN(C)C(=O)[C@@H]1[C@@H](CO)[C@@H]2Cn3c(ccc(C4=CCCC4)c3=O)[C@H]1N2C(=O)Nc1ccccc1,0.09,CCOC(=O)c1ccc(OC(=O)CCCCCNC(N)=N)cc1,0.28,CC(C)NC(=O)N(C)CC1Oc2cc(C#CC3(O)CCCC3)ccc2S(=O)(=O)N(C(C)CO)CC1C,0.11,N#Cc1c(C2C(C#N)NC2CO)cc(C(=O)NCC(F)(F)F)c(C(=O)NCC(F)(F)F)c1C#N
OC[C@@H]1[C@@H]([C@@H]2CN(CC(=O)N12)C(=O)C1CC1)c1ccc(cc1)C1=CCCCC1,0.14,COC(=O)C[C@H]1CC[C@H]2[C@@H](COC[C@@H](O)CN2S(=O)(=O)c2cn(C)cn2)O1,0.12,COc1ccc2n(C(=O)c3ccc(Cl)cc3)c(C)c(CC(=O)O)c2c1,0.18,COc1ccc(NC(=O)Nc2ccc3c(c2)C2CC(CC(=O)NC4CCCCC4)OC(CO)C2O3)cc1,0.49,N#CC1C(c2ccc(C3=CCCC3)cc2)C(CO)N1C(=O)C1CCC1
OC[C@@H]1[C@@H]([C@H](C#N)N1C(=O)C1CC1)c1ccc(cc1)C#CC1(O)CCCC1,0.14,OC[C@H]1O[C@@H](CC(=O)NCc2ccc(Cl)cc2)C[C@@H]3[C@H]1Oc4ccc(NC(=O)CC5CC5)cc34,0.09,CN1CCN(CCCN2c3ccccc3Sc3ccc(Cl)cc23)CC1,0.15,CCNC(=O)CC1CCC(NC(=O)Nc2ccc(C(F)(F)F)cc2)C(CO)O1,0.14,CCNCCCNC(=O)CC1OCC(CO)C2c3c(NC(=O)C4CCOCC4)cccc3OC12
OC[C@@H]1[C@@H](c2ccccc2)C2(CN(C2)S(=O)(=O)c2ccccc2)N1CC1CCCC1,0.22,COc1ccc(cc1)-c1ccc(cc1)[C@@H]1[C@@H](CO)N2[C@@H]1CN(Cc1ccccc1)CC2=O,0.13,CNC[C@H]1Oc2ncc(cc2C(=O)N(C[C@H]1C)[C@H](C)CO)c3ccccc3F,0.18,COc1cccc(S(=O)(=O)Nc2ccc3c(c2)C2CC(CC(=O)NCCN4CCCCC4)OC(CO)C2O3)c1,0.06,CC1=C2C(CN3C(=O)C(=O)C(C)C13)C(C)CC1C(C(=O)COc3c(C)c(C)c(C)c(C)c3C)CC(=O)C21
OC[C@@H]1[C@H]([C@@H](C#N)N1C(=O)C1CC1)c1ccc(cc1)C#CC1(O)CCCC1,0.07,CCOc1cc(cc(Cl)c1OCC(=O)OC)C=C1C(=O)N(N=C/1C)c1ccccc1,0.04,NC(=N)NC(=O)c1nc(Cl)c(N)nc1N,0.17,COc1ccc(CNC(=O)CC2CCC(NC(=O)CC3CC3)C(CO)O2)cc1,0.09,CC1CN(C(C)CO)S(=O)(=O)c2ccc(-c3cccc(C(=O)N(C)C)c3)cc2OC1CN(C)C(=O)c1cccc(F)c1
OC[C@@H]1[C@H](c2ccccc2)C2(CN(C2)S(=O)(=O)c2ccccc2)N1CC1CCCC1,0.21,O[C@H]1COC[C@H]2O[C@@H](CC(=O)N3CCc4ccccc4C3)CC[C@@H]2N(Cc2ccc(Oc3ccccc3)cc2)C1,0.09,Oc1ccc(cc1)-c1coc2cc(O)cc(O)c2c1=O,0.19,Cc1ccc(S(=O)(=O)Nc2ccc3c(c2)C(=O)N(C(C)CO)CC(C)C(CN(C)CC2CCCCC2)OCCCCC(C)O3)cc1,0.13,COC(CN(C)C(=O)c1ccc(F)cc1)C(C)CN(C(C)CO)S(=O)(=O)c1ccc(C)cc1
OC[C@@H]1[C@H]2Cn3c(ccc(-c4ccccc4F)c3=O)[C@@H]([C@H]1C(=O)NC1CCCC1)N2C(=O)CC1CC1,0.35,CCNC(=O)[C@H]1[C@H](CO)[C@H]2Cn3c(ccc(-c4ccc(OC)cc4)c3=O)[C@@H]1N2CC1CC1,0.16,CCCCC(=O)N(Cc1ccc(cc1)-c1ccccc1-c1nn[nH]n1)[C@@H](C(C)C)C(O)=O,0.2,CCNC(=O)CC1C=CC(NC(=O)Nc2ccccc2F)C(CO)O1,0.14,CCC(=O)Nc1cccc2c1C(C)N(C)C(CC(=O)NCCCN1CCOCC1)C(=O)C(C)C(=O)N(C)CC(=O)O2
OC[C@@H]1[C@H]2Cn3c(ccc(-c4ccccc4F)c3=O)[C@@H]([C@H]1C(O)=O)N2C(=O)c1cccnc1,0.19,OC[C@@H]1[C@H]2Cn3c(ccc(C4=CCCCC4)c3=O)[C@H](N2)[C@H]1C(=O)NCCCN1CCOCC1,0.08,Brc1c(NC2=NCCN2)ccc2nccnc12,0.22,COc1ccccc1NC(=O)Nc1ccc2c(c1)C1CC(CC(=O)NCc3ccccc3F)OC(CO)C1O2,0.11,CN(C)CCCC(c1ccc(Cl)cc1)c1ccc2c(c1)OCO2
OC[C@@H]1[C@H]2Cn3c(ccc(-c4cccnc4)c3=O)[C@H]2N(Cc2cocn2)[C@H]1C(=O)NCc1ccccc1,0.19,C[C@H](CO)N1C[C@@H](C)[C@@H](CN(C)Cc2ccc3OCOc3c2)Oc4c(NC(=O)Nc5cccc6ccccc56)cccc4C1=O,0.1,O=C1N(C[C@H]2CCCc3cccc1c23)[C@@H]1CN2CCC1CC2,0.21,Cc1ccc(CNC(=O)CC2C=CC(NC(=O)c3ccccn3)C(CO)O2)nc1,0.16,COc1ccccc1C(=O)Nc1ccccc1C(=O)NCCCN1CCN(C)CC1
OC[C@@H]1[C@H]2Cn3c(ccc(-c4ccncc4)c3=O)[C@@H]([C@H]1C(O)=O)N2S(=O)(=O)c1ccccc1F,0.17,CN(C)C(=O)C[C@@H]1CC[C@@H]2[C@H](COc3ccc(NC(=O)c4ccc(F)cc4)cc3C(=O)N2C)O1,0.08,CCOC(=O)c1ccc(OC(=O)CCCCCNC(N)=N)cc1,0.21,CC1CN(C(C)CO)C(=O)c2c(c3ccccc3n2C)-c2ccccc2COC1CN(C)S(=O)(=O)c1ccc(F)cc1,0.17,COc1ccc(CNC(=O)CC2OC(CO)CC3c4cc(NC(=O)c5ccc(F)cc5)ccc4OC23)cc1
OC[C@@H]1[C@H]2Cn3c(ccc(C4=CCCCC4)c3=O)[C@@H]([C@H]1C(=O)NCCc1ccncc1)N2CC1CC1,0.16,C[C@H](CO)N1C[C@H](C)[C@H](CN(C)Cc2ccc(cc2)c3ccccc3)OCc4cn(CCCC1=O)nn4,0.12,CCN1CCCC1CNC(=O)c1cc(c(N)cc1OC)S(=O)(=O)CC,0.2,CC1CCCCOC(CN(C)CC2CC2)C(C)CN(C(C)CO)C(=O)c2cc(NC(=O)Nc3ccc(F)cc3)ccc2O1,0.12,COCCNC(=O)CC12OCCCC1(CO)c1cccc(NS(=O)(=O)c3c(F)c(F)c(F)c(F)c3F)c1O2
OC[C@@H]1[C@H]2Cn3c(ccc(C=Cc4ccccc4)c3=O)[C@H]2N[C@H]1C(=O)NCCc1ccncc1,0.16,CO[C@H](CN(C)S(=O)(=O)c1ccc(F)cc1)[C@@H](C)CN([C@@H](C)CO)C(=O)Nc1ccccc1F,0.1,COc1c(N2C[C@@H]3CCCN[C@@H]3C2)c(F)cc2c1n(cc(C(O)=O)c2=O)C1CC1,0.23,CCCNC(=O)CC1CC2c3cc(NC(=O)Cc4ccncc4)ccc3OC2C(CO)O1,0.02,CCN(CC)CCCCCCCCCCCCCCCCCCCCCCCCCCCCCCCCCCCCCCCCCCCCCCCCCCCCCCCC(O)C(O)CCCCCCCCC(=O)O
OC[C@@H]1[C@H]2Cn3c(cccc3=O)[C@@H]([C@H]1C(=O)NCc1ccncn1)N2CC1CC1,0.19,COc1ccc(cc1)S(=O)(=O)Nc2ccc3O[C@H]4[C@H](C[C@@H](CC(=O)NCC5CC5)O[C@H]4CO)c3c2,0.08,COc1ccc(CCN(C)CCCC(C#N)(C(C)C)c2ccc(OC)c(OC)c2)cc1OC,0.16,CCCNC(=O)CC1CCC2C(COCC(O)CN2Cc2ccc(C(C)(C)C)cc2)O1,0.15,CN1Cc2ccc(NC(=O)Cc3ccncc3)cc2OC(=O)C2CC(CC(=O)NCc3ccccc3-c3ccccc3)COC21
OC[C@H]1O[C@@H](CC(=O)N2CCN(CC2)c2ccccc2)C=C[C@@H]1NC(=O)c1ccncc1,0.16,C[C@H](CO)N1C[C@H](C)[C@@H](CN(C)S(=O)(=O)c2ccsc2)OCc3ccccc3-c4c(C1=O)n(C)c5ccccc45,0.16,O=C(OCCN1CCOCC1)C1(CCCCC1)c1ccccc1,0.44,CC(NC(=O)CC1C=CC(NC(=O)c2cccnc2)C(CO)O1)c1ccccc1,0.06,CCN(CC)S(=O)(=O)c1cc(F)c(F)c2c1OCCO2
OC[C@H]1O[C@@H](CC(=O)N2CCN(CC2)c2ccccc2)C=C[C@H]1NC(=O)c1ccncc1,0.21,C[C@H](NC(=O)C[C@@H]1C[C@H]2[C@H](Oc3ccc(NS(=O)(=O)c4ccc(F)cc4)cc23)[C@@H](CO)O1)c5ccccc5,0.31,CC(C)NC(=O)N[C@H]1C=C[C@@H](CC(=O)NC2Cc3ccccc3C2)O[C@H]1CO,0.3,CC(NC(=O)CC1CCC(NC(=O)c2cccnc2)C(CO)O1)c1ccccc1,0.15,CNC(=O)CC1CCC(NC(=O)C2CCCCC2)C(CO)O1
OC[C@H]1O[C@@H](CC(=O)NCc2ccc(Cl)cc2)CC[C@@H]1NC(=O)CC1CC1,0.23,OC[C@H]1O[C@@H](CCn2cc(nn2)-c2ccccc2F)CC[C@H]1NC(=O)c1ccc2OCOc2c1,0.25,OC[C@H]1O[C@@H](CC(=O)NC2CCCCC2)C=C[C@@H]1NS(=O)(=O)c1ccc(F)cc1,0.37,CCC(=O)N1CC(O)COCC2OC(CC(=O)NCc3ccc(F)cc3)CCC21,0.18,CCOC(=O)CC1C=CC(NC(=O)CCN(C)C)C(CO)O1
OC[C@H]1O[C@@H](CC(=O)NCc2ccc(Cl)cc2)CC[C@H]1NC(=O)CC1CC1,0.21,CN1[C@H]2CC[C@@H](CC(=O)N[C@H]3CCN(Cc4ccccc4)C3)O[C@@H]2COc2ccc(NC(=O)Cc3cccs3)cc2C1=O,0.09,CCC1(C(=O)NCNC1=O)c1ccccc1,0.35,CNC(=O)CC1CCC(NS(=O)(=O)c2ccc(F)cc2)C(CO)O1,0.11,COC1CN(C)C(=O)c2cc(NC(=O)c3cccc(F)c3)ccc2OCC(C)N(C(=O)c2cccc(F)c2)CC1C
OC[C@H]1O[C@@H](CC(=O)NCc2ccc(Cl)cc2)C[C@@H]3[C@H]1Oc4ccc(NC(=O)Nc5ccc(cc5)C(F)(F)F)cc34,0.21,OC[C@H]1O[C@@H](C=C[C@@H]1NC(=O)Cc1cccnc1)CC(=O)Nc1ccccc1,0.14,OC[C@@H]1O[C@@H](CC(=O)N2CCOCC2)CC[C@H]1NC(=O)c1ccccn1,0.49,CN(C)c1ccc2c(c1)C1CC(CC(=O)NCc3ccc(F)cc3)OC(CO)C1O2,0.25,COc1ccccc1-c1ccc(C2OC(CO)C(O)C(O)C2O)c(OCC(=O)NCc2ccc(F)cc2)c1OC
OC[C@H]1O[C@@H](CC(=O)NCc2ccc(Cl)cc2)C[C@H]3[C@@H]1Oc4ccc(NC(=O)Nc5ccc(cc5)C(F)(F)F)cc34,0.22,O[C@@H]1COC[C@@H]2O[C@H](CC(=O)NCCc3ccncc3)CC[C@H]2N(Cc2cccc(c2)C(F)(F)F)C1,0.22,O[C@@H]1COC[C@@H]2O[C@H](CC(=O)NCCc3ccncc3)CC[C@H]2N(Cc2cccc(c2)C(F)(F)F)C1,0.5,COc1ccc(CNC(=O)CC2CC3c4cc(NC(=O)CN5CCOCC5)ccc4OC3C(CO)O2)cc1,0.22,COc1ccccc1C(=O)Nc1ccc2c(c1)C(=O)N(C)C(OC)C(=O)C(C)CN(Cc1cccc(C(F)(F)F)c1)C(C)CO2
OC[C@H]1O[C@@H](CC(=O)NCc2cccc(F)c2)C[C@@H]3[C@H]1Oc4ccc(NC(=O)C5CCC5)cc34,0.24,CO[C@@H]1CN(C)C(=O)c2ccc(NC(=O)C3CC3)cc2OC[C@@H](C)N(Cc2ccncc2)C[C@@H]1C,0.19,C[C@@H](CO)N1C[C@H](C)[C@@H](CN(C)C(=O)c2ccc(F)cc2)Oc3cc(ccc3S1(=O)=O)C4=CCCC4,0.54,COc1cccc(CNC(=O)CC2CC3c4cc(NC(=O)c5ccc6c(c5)OCO6)ccc4OC3C(CO)O2)c1,0.12,CCN(CC)c1ccc(S(=O)(=O)N(CCCN2CCN(Cc3ccc(Cl)cc3)CC2)CCOCC(=O)O)cc1
OC[C@H]1O[C@@H](CC(=O)NCc2cccc(F)c2)C[C@H]3[C@@H]1Oc4ccc(NC(=O)C5CCC5)cc34,0.15,CN1[C@H]([C@H](CO)[C@H]2Cn3c(ccc(-c4ccccc4)c3=O)[C@@H]12)C(=O)N1CCc2ccccc2C1,0.11,Clc1ccccc1CN1CCc2sccc2C1,0.5,COc1ccc(CNC(=O)CC2CC3c4cc(NC(=O)Cc5ccncc5)ccc4OC3C(CO)O2)cc1,0.23,COc1ccccc1CNC(=O)CC1CCC2C(COCC(O)CN2Cc2cccnc2)O1
OC[C@H]1O[C@@H](CCNC(=O)Nc2ccc(cc2)C(F)(F)F)CC[C@@H]1NC(=O)c1cccnc1,0.33,CN(C)C(=O)C[C@H]1C[C@H]2[C@H](Oc3ccc(NC(=O)c4cccnc4)cc23)[C@@H](CO)O1,0.16,CCN(Cc1ccncc1)C(=O)C(CO)c1ccccc1,0.29,CCCNC(=O)Nc1ccc2c(c1)CC(=O)N(C(C)CO)CC(C)C(CN(C)Cc1ccc(C(F)(F)F)cc1)O2,0.12,CCCCCNC(=O)CC1OCC(CO)C(C#N)C1NS(C)(=O)=O
OC[C@H]1O[C@@H](CCNC(=O)Nc2ccc(cc2)C(F)(F)F)CC[C@H]1NC(=O)c1cccnc1,0.14,C[C@H](CO)N1C[C@@H](C)[C@H](CN(C)S(=O)(=O)c2cccc(F)c2)Oc3ncc(C#CC4CCCCC4)cc3C1=O,0.1,CC(C)Cc1ccc(cc1)C(C)C(O)=O,0.26,CC(C)NC(=O)NC1CCC(CCn2cc(-c3ccc4c(c3)OCO4)nn2)OC1CO,0.15,COc1ccccc1S(=O)(=O)N(C)CC1Oc2c(NC(=O)Cc3ccccc3)cccc2C(=O)N(C(C)CO)CC1C
OC[C@H]1O[C@@H](Oc2cc(O)cc(C=Cc3ccc(O)cc3)c2)[C@H](O)[C@@H](O)[C@@H]1O,0.09,CN1CCN(CC1)C(=O)C[C@@H]1CC[C@H]2[C@@H](COc3ccc(NC(=O)c4cscn4)cc3C(=O)N2C)O1,0.12,OC(=O)c1cccc(c1)-c1noc(n1)-c1ccccc1F,0.16,COc1cccc(CNC(=O)CC2CC3c4cc(NC(=O)c5cccnc5)ccc4OC3C(CO)O2)c1,0.13,CC1CN(C(C)CO)S(=O)(=O)c2ccc(-c3cccc(C(=O)N(C)C)c3)cc2OC1CN(C)CC1CC1
OC[C@H]1O[C@@H](Oc2ccccc2COC(=O)C3(O)C=CCCC3=O)[C@H](OC(=O)c4ccccc4)[C@@H](O)[C@@H]1O,0.15,Cc1cc(C)c2c(ccn(CC(=O)N3CCN(CC3)c3ccccc3)c2=O)n1,0.11,Oc1ccc(cc1)-c1coc2cc(O)cc(O)c2c1=O,0.2,CC(C)NC(=O)Nc1ccc2c(c1)C1CC(CC(=O)NCCc3ccccc3)OC(CO)C1O2,0.16,CN(C)C(=O)CC12OCCC(CO)C1c1c(NC(=O)Cc3ccncc3)cccc1O2
OC[C@H]1O[C@H](CC(=O)N2CCN(CC2)c2ccccc2)C=C[C@@H]1NC(=O)c1ccncc1,0.16,C[C@H](CO)N1C[C@H](C)[C@@H](CN(C)C)OCc2ccccc2-c3c(C1=O)n(C)c4ccccc34,0.11,COc1cccc(c1)S(=O)(=O)NC2CCN(C2)C#N,0.25,COc1ccccc1CNC(=O)CC1CCC(NC(=O)c2ccc(F)cc2)C(CO)O1,0.19,COC(=O)C1CN(C(=O)Cc2ccncc2)C(CO)C12CN(Cc1c(F)cc(F)c(F)c1F)C2
OC[C@H]1O[C@H](CC(=O)N2CCN(CC2)c2ccccc2)C=C[C@H]1NC(=O)c1ccncc1,0.31,CC(C)NC(=O)N[C@@H]1C=C[C@H](CC(=O)NC2Cc3ccccc3C2)O[C@@H]1CO,0.18,CC(C)NC(=O)Nc1ccc2O[C@H](CN(C)S(=O)(=O)c3ccccc3)[C@H](C)CN([C@H](C)CO)C(=O)Cc2c1,0.28,CCCNC(=O)CC1CC2c3cc(NC(=O)c4ccncc4)ccc3OC2C(CO)O1,0.12,CCCNC(=O)Nc1cc(C#N)cc2c1CC(COC(=O)Nc1cc(C(C)C)ccc1C(F)(F)F)NC(CO)CC(CN(C)CC1CC1)O2
OC[C@H]1O[C@H](CC(=O)NCc2ccc(Cl)cc2)CC[C@@H]1NC(=O)CC1CC1,0.13,CC(C)(C)S(=O)N1Cc2cc(nc(c2[C@@H]1CCO)c3cccc(c3)c4cccc(F)c4)C(=O)NCCCN5CCOCC5,0.11,COC(=O)C1=C(C)NC(C)=C(C1c1cccc(c1)[N+]([O-])=O)C(=O)OCCN(C)Cc1ccccc1,0.21,COc1ccc(C(=O)N2CC(O)COCC3OC(CC(=O)N(C)C)CCC32)cc1,0.09,O=C(O)c1ccccc1CC(C(=O)O)S(=O)(=O)CC1(O)CCC2(C=COC2)C2(C1)OC=CC21CCCC2(C=COC2)C12C=COC2
OC[C@H]1O[C@H](CC(=O)NCc2ccc(Cl)cc2)CC[C@H]1NC(=O)CC1CC1,0.23,OC[C@H]1O[C@H](CCn2cc(nn2)-c2ccccc2F)CC[C@H]1NC(=O)c1ccc2OCOc2c1,0.08,Oc1ccc(cc1)C=Cc1cc(O)cc(O)c1,0.3,CCCNC(=O)Nc1ccc2c(c1)C1CC(CC(=O)NCc3ccc(Cl)c(Cl)c3)OC(CO)C1O2,0.28,COc1ccc(CNC(=O)CC2CC3c4cc(NC(=O)Nc5ccccc5F)ccc4OC3C(CO)O2)cc1
OC[C@H]1O[C@H](CC(=O)NCc2ccc(Cl)cc2)C[C@@H]3[C@H]1Oc4ccc(NC(=O)Nc5ccc(cc5)C(F)(F)F)cc34,0.12,COC(=O)C[C@H]1CC[C@H]2[C@@H](COC[C@H](O)CN2CCC(F)(F)F)O1,0.23,OC[C@@H]1[C@H]2Cn3c(cccc3=O)[C@H]2N(CCC(F)(F)F)[C@H]1C(=O)NCc1ccc(F)cc1,0.29,CC(C)NC(=O)Nc1ccc2c(c1)CC(=O)N(C(C)CO)CC(C)C(CN(C)Cc1ccc(C(F)(F)F)cc1)O2,0.12,C[N+](C)(C)CCNC(=O)CC1OC(CO)CCC1NC(=O)CCN1CCCCC1
OC[C@H]1O[C@H](CC(=O)NCc2ccc(Cl)cc2)C[C@H]3[C@@H]1Oc4ccc(NC(=O)Nc5ccc(cc5)C(F)(F)F)cc34,0.24,COc1ccccc1C(=O)Nc1ccc2OC[C@H]3O[C@@H](CC(=O)NCCc4ccncc4)CC[C@H]3N(C)C(=O)c2c1,0.14,CC(C)C#Cc1ccc(cc1)[C@H]1[C@H](CO)N([C@@H]1C#N)C(=O)c1cccc(F)c1,0.47,NC(=O)c1ccc(C(=O)Nc2ccc3c(c2)C2CC(CC(=O)NCCc4ccccc4)OC(CO)C2O3)cc1,0.07,C#CCOC(=O)c1ccccc1O
OC[C@H]1O[C@H](CC(=O)NCc2cccc(F)c2)C[C@H]3[C@@H]1Oc4ccc(NC(=O)C5CCC5)cc34,0.34,COc1cccc(CNC(=O)C[C@@H]2CC[C@H](NC(C)=O)[C@@H](CO)O2)c1,0.13,Cc1ccc(Cl)c(Nc2ccccc2C(O)=O)c1Cl,0.43,CN(C)c1ccc2c(c1)C1CC(CC(=O)NCc3ccc(-c4ccccc4)cc3)OC(CO)C1O2,0.1,N#Cc1c(-c2ccccc2)ncc2ccccc12
OC[C@H]1O[C@H](CCNC(=O)Nc2ccc(cc2)C(F)(F)F)CC[C@@H]1NC(=O)c1cccnc1,0.27,C[C@H](CO)N1C[C@@H](C)[C@@H](CN(C)C(=O)Nc2ccc(cc2)C(F)(F)F)Oc3cc(Br)ccc3S1(=O)=O,0.11,CCN(CC)CC(=O)Nc1c(C)cccc1C,0.22,COc1ccc(CNC(=O)CC2CC3c4cc(NC(=O)c5ccc6c(c5)OCO6)ccc4OC3C(CO)O2)cc1,0.18,CNCC1OC(=O)C(C)CN(C(C)CO)c2c(NC(=O)CCC(F)(F)F)cccc21
OC[C@H]1O[C@H](CCNC(=O)Nc2ccc(cc2)C(F)(F)F)CC[C@H]1NC(=O)c1cccnc1,0.16,COC(=O)C[C@H]1CC[C@@H](N)[C@H](CO)O1,0.1,Cc1cccc(CN2CCN(CC2)C(c2ccccc2)c2ccc(Cl)cc2)c1,0.26,CC(C)NC(=O)Nc1ccc2c(c1)CC(=O)N(C(C)CO)CC(C)C(CN(C)Cc1ccc(C(F)(F)F)cc1)O2,0.16,CN(CCOc1ccc(CNCC(O)COc2cccc(Br)c2)cc1)C(=O)C1CC1
OC[C@H]1[C@@H]([C@H](C#N)N1C(=O)C1CC1)c1ccc(cc1)C#CC1(O)CCCC1,0.28,CCCNC(=O)N1[C@H](CO)[C@@H]([C@@H]1C#N)c1ccc(cc1)-c1ccccc1F,0.08,CC(NC(C)(C)C)C(=O)c1cccc(Cl)c1,0.18,CC(C)(C)c1ccc(CNC(=O)CC2CCC(NC(=O)C3CC3)C(CO)O2)cc1,0.09,CNc1ccc(S(=O)(=O)N(C)CC2CC(=O)N(C(C)CO)CC(C)c3ccccc3-c3ccccc3O2)cc1
OC[C@H]1[C@@H](c2ccccc2)C2(CN(C2)S(=O)(=O)c2ccccc2)N1CC1CCCC1,0.22,Cc1cccc(c1)S(=O)(=O)N1C[C@H](O)COC[C@H]2O[C@H](CC(=O)Nc3ccc(cc3)-c3ccccc3)CC[C@H]12,0.14,Oc1ccc(cc1)-c1sc2cc(O)ccc2c1C(=O)c1ccc(OCCN2CCCCC2)cc1,0.17,CCNC(=O)CC1CC2c3cc(NS(=O)(=O)c4ccccc4F)ccc3OC2C(CO)O1,0.12,COc1c(CO)cccc1C(=O)Nc1ccc2c(c1)S(=O)(=O)N(C(C)CO)C(C)C(C)CO2
OC[C@H]1[C@@H]2Cn3c(ccc(-c4ccccc4F)c3=O)[C@H]([C@@H]1C(=O)NC1CCCC1)N2C(=O)CC1CC1,0.18,OC[C@@H]1O[C@@H](CC(=O)N2CCc3ccccc3C2)C[C@H]4[C@@H]1Oc5ccc(NC(=O)c6ccc7OCOc7c6)cc45,0.08,NC(=O)c1cccc(N)c1,0.26,CC1CN(C(C)CO)C(=O)c2c(c3ccccc3n2C)-c2ccccc2COC1CN(C)C(=O)NC1CCCCC1,0.18,CCCNC(=O)N1Cc2cccc(NC(=O)CCN3CCOCC3)c2C(C)N(Cc2c(F)cccc2F)C(C)C(=O)COCC1OC
OC[C@H]1[C@@H]2Cn3c(ccc(-c4ccccc4F)c3=O)[C@H]([C@@H]1C(O)=O)N2C(=O)c1cccnc1,0.39,CCC(=O)N1[C@H]2Cn3c(ccc(-c4ccc(F)cc4)c3=O)[C@@H]1[C@@H]([C@H]2CO)C(=O)OC,0.08,Cn1nnc2c(ncn2c1=O)C(N)=O,0.19,CC(C)NC(=O)N(C)CC1OCc2ccccc2-c2c(n(C)c3ccccc23)C(=O)N(C(C)CO)CC1C,0.11,CNCC1OCC(C)c2c(cccc2NS(=O)(=O)c2c(C)c(C)c(O)c(C)c2C)COCC(=O)C(CN(C)C)N(C(C)CO)C(C)C1=O
OC[C@H]1[C@@H]2Cn3c(ccc(-c4cccnc4)c3=O)[C@@H]2N(Cc2cocn2)[C@@H]1C(=O)NCc1ccccc1,0.11,O=S(=O)(N1CCN(CC1)S(=O)(=O)c1ccc2OCCOc2c1)c1cccc(c1)C#N,0.09,Oc1cc(O)c2C[C@@H](OC(=O)c3cc(O)c(O)c(O)c3)[C@H](Oc2c1)c1cc(O)c(O)c(O)c1,0.29,O=C(NCCCN1CCCCC1)C1C(CO)C2Cn3c(ccc(-c4ccc(F)cc4)c3=O)C1N2Cc1nccs1,0.03,CCCC=CC(O)C=CC=CC=CCC=CCC=CC(O)C(O)C=CC=CC=CC(=O)O
OC[C@H]1[C@@H]2Cn3c(ccc(-c4ccncc4)c3=O)[C@H]([C@@H]1C(O)=O)N2S(=O)(=O)c1ccccc1F,0.07,CN(C)C(=O)C[C@@H]1CC[C@H](NC(=O)C2CCOCC2)[C@H](CO)O1,0.11,CC(C)NC(=O)Nc1ccc2O[C@H](C)CCCCO[C@H](CN(C)C(=O)NC3CCCCC3)[C@@H](C)CN([C@@H](C)CO)C(=O)c2c1,0.23,CC1CN(C(C)CO)C(=O)c2c(c3ccccc3n2C)-c2ccccc2COC1CN(C)C(=O)c1ccncc1,0.15,COc1ccc(CNC(=O)CC2CC3c4cc(NC(=O)c5ccc6c(c5)OCO6)ccc4OC3C(CO)O2)cc1
OC[C@H]1[C@@H]2Cn3c(ccc(C4=CCCCC4)c3=O)[C@H]([C@@H]1C(=O)NCCc1ccncc1)N2CC1CC1,0.43,OC[C@@H]1[C@H]2Cn3c(ccc(C4=CCCC4)c3=O)[C@@H]([C@H]1C(=O)NC1CCCC1)N2C(=O)c1ccccc1,0.1,CNCC[C@@H](Oc1ccccc1C)c1ccccc1,0.19,COc1cccc(S(=O)(=O)Nc2ccc3c(c2)C2CC(CC(=O)NCCN4CCCCC4)OC(CO)C2O3)c1,0.09,Cc1ccnn1-c1ccccc1Cl
OC[C@H]1[C@@H]2Cn3c(ccc(C=Cc4ccccc4)c3=O)[C@@H]2N[C@@H]1C(=O)NCCc1ccncc1,0.16,OC[C@@H]1O[C@@H](CC(=O)N2CCc3ccccc3C2)C=C[C@H]1NC(=O)C1CC1,0.12,CN(C)CCCC1(OCc2cc(ccc12)C#N)c1ccc(F)cc1,0.27,CCCNC(=O)C1C(CO)C2Cn3c(ccc(-c4ccc(F)cc4)c3=O)C2N1C(=O)c1ccc(F)cc1,0.11,CCCNC(=O)CC1OC(CO)CC=C1NC(=O)C1CCCCC1
OC[C@H]1[C@@H]2Cn3c(cccc3=O)[C@H]([C@@H]1C(=O)NCc1ccncn1)N2CC1CC1,0.13,OC[C@@H]1[C@@H]([C@H](C#N)N1C(=O)Nc1ccccc1F)c1ccc(C=Cc2ccccc2)cc1,0.06,NC(=N)NC(=O)c1nc(Cl)c(N)nc1N,0.18,CCCNC(=O)CC1CC2c3cc(NC(=O)c4cccnc4)ccc3OC2C(CO)O1,0.12,CNCC1OCC(C)C(=O)C(C)C(C)OC(=O)C(=O)C(CN(C)Cc2cc(-c3ccccc3)c(CN3CCN(C)CC3)c(C(F)(F)F)c2C(F)(F)F)N(C(C)CO)CC1=O
OC[C@H]1[C@H](c2ccccc2)C2(CN(C2)C(=O)CC2CC2)N1CC1CCOCC1,0.06,Nc1cc(nc(N)[n+]1[O-])N2CCCCC2,0.08,COc1ccc(OC)c(c1)C(O)CNC(=O)CN,0.19,CC(C)(C)C#Cc1ccccc1C(=O)NC(CCN1CCOCC1)C(=O)NC1CCC(O)C(O)C1O,0.02,CNCCCNC(=O)CCCNC(=O)CCNC(=O)CCNC(=O)CCNC(=O)CCNC(=O)CCNC(=O)CCNC(=O)CCNC(=O)CCNC(=O)CCNC(=O)CCNC(=O)CCNC(=O)CCNC=O
OCc1c(Cl)cccc1N2[C@@H](C(=O)NCc3ccccc3)[C@]4(O[C@H]5C=C4)[C@H]([C@@H]5C(=O)O)C2=O,0.14,CS(=O)(=O)CCNCc1ccc(o1)-c1ccc2ncnc(Nc3ccc(OCc4cccc(F)c4)c(Cl)c3)c2c1,0.14,CS(=O)(=O)CCNCc1ccc(o1)-c1ccc2ncnc(Nc3ccc(OCc4cccc(F)c4)c(Cl)c3)c2c1,0.24,CC(C)(C)c1ccc(C(=O)NC2CC(=O)N(Cc3ccccc3)C2=O)cc1,0.11,Cc1ccccc1OCC(O)CCCCC(=O)Nc1c(C)c(C)c(C)c(C)c1C
ON=C1C2CC2(Oc3ccccc13)C(=O)Nc4ccccc4,0.04,Clc1cncc(n1)N2CCNCC2,0.12,CN(C)CCCC1(OCc2cc(ccc12)C#N)c1ccc(F)cc1,0.19,COc1ccccc1CNC(=O)CC1CC2c3cc(NS(=O)(=O)c4ccccc4F)ccc3OC2C(CO)O1,0.15,O=C(CC1CCC2C(COCC(O)CN2Cc2ccc(Oc3ccccc3)cc2)O1)NCCCN1CCOCC1
ONC(=O)CCCCCCC(=O)Nc1ccccc1,0.14,CC(C=C(C)C=CC(=O)NO)C(=O)c1ccc(cc1)N(C)C,0.17,OCCN(CCc1c[nH]c2ccccc12)Cc1ccc(C=CC(=O)NO)cc1,0.27,CCCCC(NC(=O)c1ccc(NC(=O)CCCNC(=O)CCC(C)C)cc1)C(=O)O,0.09,CC(CN1CCN(CC(NC(=O)c2ccc(S(N)(=O)=O)cc2)c2ccc(F)cc2)CC1)NC(=O)c1ccc(C(F)(F)F)cc1
O[C@@H]1[C@H](Oc2cc(O)cc(O)c2C1=O)c1ccc(O)c(O)c1,0.12,COc1ccc(cc1COc1c(C)cccc1C)C1Nc2ccccc2C(=O)N1Cc1cccs1,0.1,CN(C)CCCC1(OCc2cc(ccc12)C#N)c1ccc(F)cc1,0.12,COc1cccc(CNC(=O)CC2CC3c4cc(NC(=O)C5CC5)ccc4OC3C(CO)O2)c1,0.04,CCCN1CCN(CCCCCCCCCCCCCCCCCCCCCCCC(=O)Nc2ccccc2C)CC1
O[C@H]1[C@H](Oc2cc(O)cc(O)c2C1=O)c3ccc(O)c(O)c3,0.05,C[C@]12CCC3C(CCC4=CC(=O)CC[C@H]34)C1CC[C@@]2(O)C#C,0.05,C[C@]12CCC3C(CCC4=CC(=O)CC[C@H]34)C1CC[C@@]2(O)C#C,0.13,COC1CN(C)C(=O)c2ccc(NS(C)(=O)=O)cc2OCC(C)N(Cc2cc(F)ccc2F)CC1C,0.07,CC(C)NC(=O)NC1CCC(CC(=O)NCCc2cccnc2)OC1CO
Oc1ccc(Nc2ccccc2F)c2cccnc12,0.09,CC(C)Oc1cccc(c1)-c1csc(n1)N1CCC(CC1)C(N)=O,0.15,COc1ccc2n(C(=O)c3ccc(Cl)cc3)c(C)c(CC(=O)O)c2c1,0.19,CC(C)NC(=O)Nc1ccc2oc3ccccc3c2c1,0.12,CCN1CCN(CCCC(c2ccc(O)cc2)c2cc(O)cc(O)c2)CC1
Oc1noc2CNCCc12,0.02,C[C@H](O)[C@H](C)[C@@H]1O[C@H]1C[C@H]1CO[C@@H](CC(C)=CC(=O)OCCCCCCCCC(O)=O)[C@H](O)[C@@H]1O,0.02,CCCC(CCC)C(O)=O,0.05,CC(NC(=O)CC1CCC(NC(=O)c2ccc3c(c2)OCO3)C(CO)O1)c1ccccc1,0.04,COc1ccc(CNC(=O)CC2CCC3C(COc4ccc(NS(=O)(=O)c5ccc(C)cc5)cc4C(=O)N3C)O2)cc1
[O-][N+](=O)c1ccc(/C=N/NC(=O)CNc2cccc(c2)[N+](=O)[O-])o1,0.05,CC=C1C(=O)CC2C3CCC4=CC(=O)CCC4(C)C3CCC21C,0.08,Nc1c2CCCCc2nc2ccccc12,0.19,CNCC(O)c1cccc(C(=O)Nc2cccc(C(=O)O)c2)c1,0.05,NCC1CC(CCNC(=O)CCN2CCCCC2)CC(NC(=O)CN2CCOCC2)O1
[O-][N+](=O)c1ccc(C=NNC(=O)CNc2cccc(c2)[N+](=O)[O-])o1,0.07,CC(C)NC(C)C(O)COc1ccc(C)c2CCCc21,0.08,Oc1ccc2C[C@H]3N(CC=C)CC[C@@]45[C@@H](Oc1c24)C(=O)CC[C@@]35O,0.14,Cc1ccc(S(=O)(=O)NC2C=CC(CC(=O)NCc3ccc(F)cc3)OC2CO)cc1,0.1,CCC(=O)N1CC(C)C2OC(CCC2OC)COCC(=O)CN(C)C(OC)C(=O)C(=O)C1c1ccccc1
[O-][N+](=O)c1ccc2c(Cl)c(sc2c1)C(=O)NCCCn1ccnc1,0.11,C[C@@H](CO)N1C[C@H](C)[C@@H](CN(C)CC2CC2)Oc3c(NC(=O)Nc4ccc(cc4)C(F)(F)F)cccc3C1=O,0.09,CN1CCC[C@H]1c1cccnc1,0.14,CC(C)NC(=O)Nc1ccc2c(c1)C1CC(CC(=O)NCc3cccnc3)OC(CO)C1O2,0.01,C=O
[O-][N+](=O)c1cccc2cn[nH]c12,0.19,COC(=O)C1=C(C)NC(C)=C(C1c1ccccc1[N+]([O-])=O)C(=O)OC,0.08,CCC(c1ccccc1)=C(/c1ccccc1)c1ccc(OCCN(C)C)cc1,0.09,COC(CN(C)C(=O)c1ccc2c(c1)OCO2)C(C)CN(C(=O)c1cccnc1)C(C)CO,0.11,COc1ccc(-c2cccc(C3CC(=O)CC(CO)O3)c2)cc1
