Knock-out Genes,Method Names,MACCS Scores,The Most Similar Inhibitors,Result Mols
AKT1,Cosine Search,0.86,C=1(C(NS(C=2C=CC(F)=CC2)(=O)=O)=CC(=CN1)C=3C=CC=4N(C3)C=C(N4)NC(C)=O)Cl,CC1Nc2cc(Cl)c(cc2C(=O)N1c1ccccc1C)S(N)(=O)=O
AKT1,Cosine Search,0.78,O=C1NC=2C(NC=3C1=CC=C(C3)C=4C=C(OC)C(OCC(O)CO)=CC4)=CC=C(C2)CCOC5=CC=C(N6CCOCC6)C=C5,COc1ccc(C[C@H](N)C(=O)N[C@@H]2[C@@H](CO)OC([C@@H]2O)n2cnc3c(ncnc23)N(C)C)cc1
AKT1,Cosine Search,0.68,FC=1C=C([C@@H](CNCC2CC2)C(=O)N3CCN(CC3)C=4N=CN=C5C4[C@@H](C[C@H]5O)C)C=CC1C(F)(F)F,OC[C@@H]1[C@H]2Cn3c(cccc3=O)[C@H]2N([C@H]1C(=O)NCC(F)(F)F)C(=O)C1CC1
AKT1,Cosine Search,0.72,ClC1=CC=C([C@H](C(=O)N2CCN(C=3N=CN=C4C3[C@@H](C[C@H]4O)C)CC2)CNCC5CCOCC5)C=C1,CN1CCN(CC1)C(=O)C[C@@H]1CC[C@@H]2[C@H](COC[C@@H](O)CN2Cc2cccc(F)c2)O1
AKT1,Cosine Search,0.76,C1(O[C@@H](CC(C(=CC([C@H]([C@H](C([C@@H](C[C@@H](C=CC=CC=C([C@H](C[C@H]2O[C@](C(C(N3[C@H]1CCCC3)=O)=O)(O)[C@@H](CC2)C)OC)C)C)C)=O)OC)O)C)C)=O)[C@@H](C[C@H]4C[C@@H](OC)[C@H](O)CC4)C)=O,C[C@H]1[C@H]2[C@H](Cc3ccccc3)NC(=O)[C@]22OC(=O)C=C[C@H](O)CCC[C@@H](C)CC=C[C@H]2[C@H](O)C1=C
AKT1,Cosine Search,0.65,C=1N=CC=2SC(C=3N=C(ON3)O)=CC2C1OC4=CC=C(C=C4)I,OC(=O)c1ccccc1-c1noc(n1)-c1ccccc1F
AKT1,Cosine Search,0.76,C=1(N=CN=C2C1C(C)=NN2)N3CCC4(CCCN(C[C@@H](CN(S(C5=C(C=CC=C5C)C)(=O)=O)CCOCC)O)C4)C3,CCN[C@H]1CN(CCCOC)S(=O)(=O)c2sc(cc12)S(N)(=O)=O
AKT1,Cosine Search,0.75,C12=C(C(=O)NC1=O)C=3C=4N(C=CC4C=CC3C5=C2C6=C(C(CCCN[C@H]7CC[C@@H](CC7)O)=CC=C6)N5)C,COC(=O)[C@H]1[C@@H](O)CC[C@H]2CN3CCc4c([nH]c5ccccc45)[C@@H]3C[C@H]12
AKT1,Cosine Search,0.73,FC=1C=C([C@H](C(=O)N2CCN(C=3N=CN=C4C3[C@@H](C[C@H]4O)C)CC2)CNC(CO)(C)C)C=CC1C(F)(F)F,C[C@@H](CO)N1C[C@@H](C)[C@@H](CN(C)C(=O)Nc2ccc(cc2)C(F)(F)F)Oc3ccc(NC(=O)Cc4ccccc4)cc3C1=O
AKT1,Cosine Search,0.74,C12(CN(C[C@@H](CN(CCOCC)S(C3=CC=CC=C3F)(=O)=O)O)CCC1)OC=4C=CC(=CC4C(C2)=O)O,OC[C@@H]1O[C@H](CC(=O)NCCCN2CCOCC2)C=C[C@@H]1NS(=O)(=O)c1ccccc1F
AKT1,Cosine Search,0.81,C12(CN(CC(CN(CCOC)S(C=3C(=NOC3C)C)(=O)=O)O)CCC1)OC=4C=CC(O)=CC4C(C2)=O,COCC#Cc1ccc2c(O[C@@H](CN(C)S(=O)(=O)c3ccc(OC)cc3)[C@@H](C)CN([C@@H](C)CO)S2(=O)=O)c1
AKT1,Cosine Search,0.53,O=C(NC1=CC=C(C=2C=C(C=CC2)C(=O)N)C=C1)NC3=CC(=CC=C3)C,CC(=O)Nc1ccc(CC(O)=O)cc1
AKT1,Cosine Search,0.72,O1C(=NC=2C1=CC=CC2)NC3=CC=C(C=4C=5C(=C(O)NC5)C=C(OCCCN(C)C)C4)C=C3,C[C@H](CO)N1C[C@H](C)[C@@H](CN(C)Cc2ccc(cc2)C(=O)O)Oc3c(NC(=O)Nc4cccc5ccccc45)cccc3C1=O
AKT1,Cosine Search,0.75,FC=1C=C([C@H](C(=O)N2CCN(C=3N=CN=C4C3[C@@H](C[C@H]4O)C)CC2)CNC(CO)(C)C)C=CC1C(F)(F)F,C[C@@H](CO)N1C[C@H](C)[C@@H](CN(C)Cc2ccc(cc2)C(F)(F)F)Oc3ccc(NC(=O)Cc4ccccc4)cc3CC1=O
AKT1,Cosine Search,0.74,O=C1N(C(=O)C2=C3C1=CC=C(NCCCC)C3=CC=C2)CCNCCO,CCOC(=O)[C@H](CCc1ccccc1)N[C@@H](C)C(=O)N1Cc2ccccc2C[C@H]1C(O)=O
AKT1,Cosine Search,0.76,N=1C(NC2=CC=CC3=C2C(NC3)=O)=C4C=CNC4=NC1NC5=C(C=C6C(N(CC6)C(CN(C)C)=O)=C5)OC,C[C@H](CO)N1C[C@H](C)[C@H](CN(C)C(=O)Nc2ccc3OCOc3c2)OCCCC[C@@H](C)Oc4ccc(cc4C1=O)N(C)C
AKT1,Cosine Search,0.69,C(N1CCC[C@@]2(CCN(C=3N=CN=C(C3C4CC4)N)C2)C1)[C@H](O)CNS(C5=CN=CC=C5C)(=O)=O,Cc1ccc(cc1)S(=O)(=O)NCC[C@H]1CC[C@H](NC(=O)CC2CC2)[C@H](CO)O1
AKT1,Cosine Search,0.73,C1(CC=2C(C1)=CC=CC2)[C@H](C(N3CCN(C4=NC=NC5=C4C(=CN5)C)CC3)=O)N,Nc1cccc2C(=O)N(Cc12)C1CCC(=O)NC1=O
AKT1,Cosine Search,0.66,C12(CN(CCC1)C[C@@H](CN(CCOCC)S(C3=C(C=CC=C3C)C)(=O)=O)O)OC=4C=CC(=CC4CC2)O,CC1=CC[C@@H]2[C@@H](C1)c3c(O)cc(CC#CCCCNS(=O)(=O)C)cc3OC2(C)C
AKT1,Cosine Search,0.75,C=1(C=NNC1)C2=CC=C(NC(C3COC4=C(O3)C=CC=C4)=O)C(=C2)OCCN(C)C,CN1CCN(CC1)C(=O)C[C@@H]1CC[C@H]2[C@@H](COc3ccc(NC(=O)c4cscn4)cc3C(=O)N2C)O1
AKT1,Cosine Search,0.77,C1=C(C2=C(C=C1O)OC(C(C2=O)=O)C3=CC=C(C(=C3)O)O)O,Cc1cc(O)cc2oc3cc(O)cc(O)c3c(=O)c12
AKT1,Cosine Search,0.74,N=1C(NC2=CC=CC3=C2C(NC3)=O)=C4C=CNC4=NC1NC5=C(C=C6C(N(CC6)C(CN(C)C)=O)=C5)OC,C[C@H](CO)N1C[C@H](C)[C@H](CN(C)C(=O)Nc2c(C)noc2C)OCc3ccccc3-c4ccccc4C1=O
AKT1,Cosine Search,0.67,C1C[C@@]2([C@@H]([C@]([C@@H]1O)(C)CO)CCC([C@H]2C=CC3C(OC[C@H]3O)=O)=C)C,C[C@H](O)[C@H](C)[C@@H]1O[C@H]1C[C@H]1CO[C@@H](CC(C)=CC(=O)OCCCCCCCCC(O)=O)[C@H](O)[C@@H]1O
AKT1,Cosine Search,0.62,C1C[C@@]2([C@@H]([C@]([C@@H]1O)(C)CO)CCC([C@H]2C=CC3C(OC[C@H]3O)=O)=C)C,CC[C@@]12CCC3C(CCC4=CC(=O)CC[C@H]34)C2CC[C@@]1(O)C#C
AKT1,Cosine Search,0.82,C12(CN(CC(CN(CCOC)S(C=3C(=NOC3C)C)(=O)=O)O)CCC1)OC=4C=CC(O)=CC4C(C2)=O,C[C@H](CO)N1C[C@@H](C)[C@@H](CN(C)S(=O)(=O)c2cn(C)cn2)OCc3ccccc3-c4c(C1=O)n(C)c5ccccc45
AKT1,Cosine Search,0.79,C12(CN(C[C@@H](CN(C3CCCCC3)S(C=4C(=NOC4C)C)(=O)=O)O)CCC1)OC=5C=CC(=CC5C(C2)=O)O,Cc1cccc(c1)S(=O)(=O)N1C[C@@H](O)COC[C@@H]2O[C@H](CC(=O)Nc3ccc(cc3)-c3ccccc3)CC[C@@H]12
AKT1,Cosine Search,0.61,P(O)(OC1CC[N+](CC1)(C)C)(=O)OCCCCCCCCCCCCCCCCCC,CC(C)[N+]1(C)[C@@H]2CC[C@@H]1C[C@H](C2)OC(=O)C(CO)c3ccccc3
AKT1,Cosine Search,0.71,C=1C=CC=C(C(NCCCC(NC2OC(C(C(C2O)O)O)CO)=O)=O)C1,OC[C@@H]1O[C@@H](CC(=O)N2CCOCC2)C=C[C@@H]1NC(=O)NC1CCCCC1
AKT1,Cosine Search,0.6,N1=CN=C(C=2SC=CC21)NCCC=3SC(=NC3)NC(NC4=CC(=CC=C4)Cl)=O,Clc1ccc(/C=C/C(=O)NC2=NCCS2)cc1Cl
AKT1,Cosine Search,0.62,C1=CC(=CC(=C1OC)/C=C/C(C(C(/C=C/C2=CC(=CC=C2OC)OC)=O)=CC=3C=C(C(=C(C3)OC)O)Br)=O)OC,CCC(=C)C(=O)c1ccc(OCC(O)=O)c(Cl)c1Cl
AKT1,Cosine Search,0.53,BrC=1C(O)=C(C=2C=C(C/C(=N/O)/C(=O)NCCC3=CC(Br)=C(O)C=C3)C=C(Br)C2O)C=C(C/C(=N/O)/C(=O)NCCC4=CC(Br)=C(O)C=C4)C1,C[C@H](NC[C@H](O)CP(O)(=O)Cc1ccccc1)c1ccc(Cl)c(Cl)c1
AKT1,Cosine Search,0.61,O=C(NC1=C2C(NC=C2)=NC=C1)C3CCC(CC3)C(N)C,CNC(=O)CCc1cc2ccccc2[nH]1
AKT1,Cosine Search,0.66,C=1(C=C(C=2C(C=C(OC2C1C3C(CN(CC3)C)O)C=4C=CC=CC4Cl)=O)O)O,CN1CCc2cc3OCOc3cc2C(=O)Cc4ccc5OCOc5c4C1
AKT1,Cosine Search,0.86,C=1(C(NS(C=2C=CC(F)=CC2)(=O)=O)=CC(=CN1)C=3C=CC=4N(C3)C=C(N4)NC(C)=O)Cl,CC1Nc2cc(Cl)c(cc2C(=O)N1c1ccccc1C)S(N)(=O)=O
AKT1,Cosine Search,0.49,[C@@H]1(OC(=O)C=2C=3[C@]1(C=4C(C(C3OC2)=O)[C@H]5[C@@](CC4OC(=O)C)(C)C(CC5)=O)C)COC,CCOC(=O)[C@@]1(CCCCCCOc2ccc(Cl)cc2)CO1
AKT1,Cosine Search,0.76,FC=1C=C([C@H](C(=O)N2CCN(C=3N=CN=C4C3[C@@H](C[C@H]4O)C)CC2)CNC(CO)(C)C)C=CC1C(F)(F)F,CN(C)C(=O)[C@@H]1[C@@H](CO)[C@@H]2Cn3c(ccc(-c4ccccc4)c3=O)[C@@H]2N1CCC(F)(F)F
AKT1,Cosine Search,0.89,N=1NC=C(C1C2=CC=CC=C2)C=3C=CN=CC3,c1[nH]nc(c1-c1ccnc2ccccc12)-c1ccccn1
AKT1,Cosine Search,0.78,C12(CN(CC(CN(CCOC)S(C=3C(=NOC3C)C)(=O)=O)O)CCC1)OC=4C=CC(O)=CC4C(C2)=O,C[C@H](CO)N1C[C@@H](C)[C@@H](CN(C)S(=O)(=O)C)OCc2ccccc2-c3ccccc3C1=O
AKT1,Cosine Search,0.81,O=C1NC=2C(NC=3C1=CC=C(C3)C=4C=C(OC)C(OCC(O)CO)=CC4)=CC=C(C2)CCOC5=CC=C(N6CCOCC6)C=C5,COc1ccccc1C(=O)Nc1ccc2OC[C@H]3O[C@@H](CC(=O)NCCc4ccncc4)CC[C@H]3N(C)C(=O)c2c1
AKT1,Cosine Search,0.71,C=1C=CC2=C(C1)/C(/C(N2)=O)=C/C=3C=NNC3C4=C(C=CC=C4)N(=O)=O,CC1=NN(C(=O)C1=Cc1ccc(o1)-c1cc(C)c(C)cc1[N+]([O-])=O)c1ccc(cc1)C(O)=O
AKT1,Cosine Search,0.65,ClC1=CC=C([C@@H](CNC2CCC(OC)CC2)C(=O)N3CCN(CC3)C=4N=CN=C5C4[C@@H](C[C@H]5O)C)C=C1,CO[C@H](CN(C)C(=O)Nc1ccc(F)cc1)[C@@H](C)CN(Cc1ccccc1Cl)[C@@H](C)CO
AKT1,Cosine Search,0.69,C(N1CCC[C@@]2(CCN(C=3N=CN=C(C3C4CC4)N)C2)C1)[C@H](O)CNS(C5=CN=CC=C5C)(=O)=O,Cc1ccc(cc1)S(=O)(=O)NCC[C@H]1CC[C@H](NC(=O)CC2CC2)[C@H](CO)O1
AKT1,Cosine Search,0.67,OC=1C(=CC=C(N2CCOCC2)C1)C(=O)C,Fc1ccccc1C(=O)C(CN1CCOCC1)c1ccccc1
AKT1,Cosine Search,0.76,O=C1NC=2C(NC=3C1=CC=C(C3)C=4C=C(OC)C(OCC(O)CO)=CC4)=CC=C(C2)CCOC5=CC=C(N6CCOCC6)C=C5,CN1[C@@H]2CC[C@H](CC(=O)NCCN3CCCCC3)O[C@@H]2COc2ccc(NC(=O)Nc3ccc(Cl)cc3)cc2C1=O
AKT1,Cosine Search,0.97,C1(=CC2=C(C=C1)NC(=C2)C(=O)C=3NC4=C(C3)C=C(C=C4)O)O,Oc1ccc2[nH]c(cc2c1)C(=O)c3cc4ccccc4[nH]3
AKT1,Cosine Search,0.77,C1C[C@@]2([C@@H]([C@]([C@@H]1O)(C)CO)CCC([C@H]2C=CC3C(OC[C@H]3O)=O)=C)C,C[C@@H]([C@H]1CC[C@H]2[C@@H]3C[C@H]4O[C@]45[C@@H](O)C=CC(=O)[C@]5(C)[C@H]3CC[C@]12C)[C@H]6CC(=C(CO)C(=O)O6)C
AKT1,Cosine Search,0.66,N1=CN=C(C2=CC(=C(C=C12)OC)OC)NC=3C=CC(=CC3)OCC=4C=CC=CC4,COc1ccc(Cc2nccc3cc(OC)c(OC)cc23)cc1OC
AKT1,Cosine Search,0.64,C12(CN(CCC1)C[C@@H](CN(CCOCC)S(C3=C(C=CC=C3C)C)(=O)=O)O)OC=4C=CC(=CC4CC2)C(=O)N,CC(C)CN1CCN(CC1)C(=O)COC(=O)c1ccc(c(c1)[N+]([O-])=O)S(C)(=O)=O
AKT1,Cosine Search,0.76,O=C1NC=2C(NC=3C1=CC=C(C3)C=4C=C(OC)C(OCC(O)CO)=CC4)=CC=C(C2)CCOC5=CC=C(N6CCOCC6)C=C5,C[C@H](CO)N1C[C@@H](C)[C@H](CN(C)Cc2ccc(Oc3ccccc3)cc2)Oc4c(NC(=O)c5ccncc5)cccc4C1=O
AKT1,Cosine Search,0.76,N=1C(NC2=CC=CC3=C2C(NC3)=O)=C4C=CNC4=NC1NC5=C(C=C6C(N(CC6)C(CN(C)C)=O)=C5)OC,C[C@H](CO)N1C[C@H](C)[C@H](CN(C)C(=O)Nc2ccc3OCOc3c2)OCCCC[C@@H](C)Oc4ccc(cc4C1=O)N(C)C
AKT1,Cosine Search,0.83,C12(CN(CC(CN(CCOC)S(C=3C(=NOC3C)C)(=O)=O)O)CCC1)OC=4C=CC(O)=CC4C(C2)=O,C/C=C/c1cnc2O[C@@H](CN(C)S(=O)(=O)c3cn(C)cn3)[C@H](C)CN([C@@H](C)CO)C(=O)c2c1
AKT1,Cosine Search,0.74,C=1C(=C(C=CN1)N2CCNCC2)NC(C3=CSC(=N3)N4C(=C5C(=C4)C=CC(=C5)OC)O)=O,CO[C@H]1CN(C)C(=O)c2ccc(NC(=O)c3nc4ccccc4s3)cc2OC[C@@H](C)NC[C@H]1C
AKT1,Cosine Search,0.75,N1(CCC(CC1)C2=NC=3C(N2)=CC=CC3)CC4=CC=C(C=C4)C=5N=CC(=CC5C6=CC=CC=C6)C#N,C(Cn1c2ccccc2c3ccccc13)c4nc5ccccc5[nH]4
AKT1,Cosine Search,0.73,O1C(C2=NC=3C(N=C2C=4OC=CC4)=CC=C(NC(=O)N(C(C)C)C(C)C)C3)=CC=C1,CC(C)(C)NC(=O)[C@H](N(C(=O)c1ccco1)c1ccc(cc1)C(C)(C)C)c1cccnc1
AKT1,Cosine Search,0.77,N1=CN(C2=NC(=NC(=C12)NCC=3C=CC(=CC3)OC)N(CCO)CCO)C(C)C,COc1ccc(cc1CO)-c1ccc2c(nc(nc2n1)N1C[C@H](C)O[C@H](C)C1)N1CCOCC1
AKT1,Cosine Search,0.8,C1(=C(C2=CNC3=C2C=CC=C3)C(=O)NC1=O)C4=CNC5=C4C=CC=C5,O=C1NC(=O)C(S1)=Cc1ccc2nccc(-c3ccncc3)c2c1
AKT1,Cosine Search,0.73,FC=1C=C([C@H](C(=O)N2CCN(C=3N=CN=C4C3[C@@H](C[C@H]4O)C)CC2)CNC(CO)(C)C)C=CC1C(F)(F)F,C[C@@H](CO)N1C[C@@H](C)[C@@H](CN(C)C(=O)Nc2ccc(cc2)C(F)(F)F)Oc3ccc(NC(=O)Cc4ccccc4)cc3C1=O
AKT1,Cosine Search,0.79,C12(CN(C[C@@H](CN(C3CCCCC3)S(C=4C(=NOC4C)C)(=O)=O)O)CCC1)OC=5C=CC(=CC5C(C2)=O)O,Cc1cccc(c1)S(=O)(=O)N1C[C@@H](O)COC[C@@H]2O[C@H](CC(=O)Nc3ccc(cc3)-c3ccccc3)CC[C@@H]12
AKT1,Cosine Search,0.66,N1=CN=C(C2=CC(=C(C=C12)OC)OC)NC=3C=CC(=CC3)OCC=4C=CC=CC4,COc1ccc(Cc2nccc3cc(OC)c(OC)cc23)cc1OC
AKT1,Cosine Search,0.71,N=1C(NC2=CC=CC3=C2C(NC3)=O)=C4C=CNC4=NC1NC5=C(C=C6C(N(CC6)C(CN(C)C)=O)=C5)OC,C[C@@H](CO)N1C[C@@H](C)[C@@H](CN(C)C(=O)c2cnccn2)Oc3ncc(C#CCN(C)C)cc3C1=O
AKT1,Cosine Search,0.62,N1(C(=[N+](C=C1)CCCCCCCCCCCCCCCC)C)CC2=CC=CC=C2,CCCCc1ncc(C=C(/Cc2cccs2)C(O)=O)n1Cc1ccc(cc1)C(O)=O
AKT1,Cosine Search,0.73,C1CCOC=2N=C(NC(NC=3C=C(C(=CC3OCC1)OCCO)Cl)=O)C=NC2C#N,OC[C@H]1O[C@@H](CC(=O)NCc2ccccc2F)C[C@H]3[C@@H]1Oc4ccc(NC(=O)NC5CCCC5)cc34
AKT1,Cosine Search,0.81,O=C(NC1=C(OC)C=CC(OC)=C1)C2=C3N(N=C2)C(C4=CC=CC=C4)=CC=N3,Cc1c(NC(=O)c2cccnc2)c(=O)n(-c2ccccc2)n1C
AKT1,Cosine Search,0.67,C1C[C@@]2([C@@H]([C@]([C@@H]1O)(C)CO)CCC([C@H]2C=CC3C(OC[C@H]3O)=O)=C)C,CCCCCCCCCCCCCCCC(=O)OC[C@H](O)[C@@H]1OC(=O)C(=O)C1O
AKT1,Cosine Search,0.77,C=1C(OC)=C(C=CC1OC)/C=C/C(C(=CC2=CC=C(C(=C2)O)OC)C(/C=C/C=3C(=CC(OC)=CC3)OC)=O)=O,COc1cc(cc(OC)c1OC)C(=O)O
AKT1,Cosine Search,0.8,C12(CN(CCC1)C[C@@H](CN(CCOCC)S(C3=C(C=CC=C3C)C)(=O)=O)O)OC4=CC=C(C=C4CC2)F,C[C@@H](CO)N1C[C@@H](C)[C@@H](CN(C)S(=O)(=O)c2ccccc2F)OCc3ccccc3-c4ccccc4C1=O
AKT1,Cosine Search,0.64,S1C=2N(C(=N)C(C(C2C(=O)N)C=3SC=CC3)C(OCC)=O)C(=O)C1=CC=4SC=CC4,CCOC(=O)CSC1=N/C(=C/c2ccc(cc2)n3cncn3)/C(=O)N1C(=O)C
AKT1,Cosine Search,0.68,C12(CN(C[C@@H](CN(CCOCC)S(C3=CC=CC=C3F)(=O)=O)O)CCC1)OC=4C=CC(=CC4C(C2)=O)O,C[C@@H](NC(=O)C[C@H]1CC[C@@H](NS(=O)(=O)c2cccc(F)c2)[C@@H](CO)O1)c1ccccc1
AKT1,Cosine Search,0.73,FC=1C=C([C@H](C(=O)N2CCN(C=3N=CN=C4C3[C@@H](C[C@H]4O)C)CC2)CNC(CO)(C)C)C=CC1C(F)(F)F,C[C@@H](CO)N1C[C@@H](C)[C@@H](CN(C)C(=O)Nc2ccc(cc2)C(F)(F)F)Oc3ccc(NC(=O)Cc4ccccc4)cc3C1=O
AKT1,Cosine Search,0.71,ClC=1C(CCCO)=CC=2OCCCCCOC3=NC(NC(=O)NC2C1)=CN=C3C#N,Cc1noc(C)c1NC(=O)NCC[C@H]1CC[C@H](NC(=O)c2ccc(F)cc2)[C@H](CO)O1
AKT1,Cosine Search,0.71,C=1C(=C(C(C2=CC=CC=C2)=NC1NC(C)=O)C#N)N,Cc1ccc(cc1)C(=O)/N=c2/cccc[nH]2
AKT1,Cosine Search,0.73,C(N1CCC[C@@]2(CCN(C=3N=CN=C(C3C4CC4)N)C2)C1)[C@H](O)CNS(C5=C(ON=C5C)C)(=O)=O,Cc1ccccc1S(=O)(=O)NCC[C@H]1CC[C@@H](NS(=O)(=O)c2ccccc2C)[C@H](CO)O1
AKT1,Cosine Search,0.56,O=C(NC(C1=CC=CC=C1)CO)C2=CC=C(C=3C=CN=CC3)C=C2,OC[C@H]1N[C@H](C#N)[C@@H]1c1ccc(cc1)C#CC1CCCCC1
AKT1,Cosine Search,0.86,C=1(C(NS(C=2C=CC(F)=CC2)(=O)=O)=CC(=CN1)C=3C=CC=4N(C3)C=C(N4)NC(C)=O)Cl,CC1Nc2cc(Cl)c(cc2C(=O)N1c1ccccc1C)S(N)(=O)=O
AKT1,Cosine Search,0.64,C12(CN(CCC1)C[C@@H](CN(CCOCC)S(C3=C(C=CC=C3C)C)(=O)=O)O)OC=4C=CC(=CC4CC2)C(=O)N,CC(C)CN1CCN(CC1)C(=O)COC(=O)c1ccc(c(c1)[N+]([O-])=O)S(C)(=O)=O
AKT1,Cosine Search,0.75,N1(CCC(CC1)C2=NC=3C(N2)=CC=CC3)CC4=CC=C(C=C4)C=5N=CC(=CC5C6=CC=CC=C6)C#N,C(Cn1c2ccccc2c3ccccc13)c4nc5ccccc5[nH]4
AKT1,Cosine Search,0.59,N1(CCC(N)(CC2=CC=C(C=C2)C(C)(C)C)CC1)C3=NC=NC=4NC=CC34,CC(C)(C)c1ccc(cc1)C(O)CCCN1CCC(CC1)C(O)(c1ccccc1)c1ccccc1
AKT1,Cosine Search,0.58,C(N[C@H](C(=O)NCCN1C(C=CC1=O)=O)CC=2C=CC=CC2)(=O)OC(C)(C)C,CC(C)C[C@H](NC(=O)[C@H](CC(C)C)NC(=O)[C@H](CC(C)C)NC(=O)OCc1ccccc1)C=O
AKT1,Cosine Search,0.81,O=C1NC(=O)C=2N=CC=3C(C21)=CC(OC)=C(OC)C3,COc1ccc2c(OC)c3ccoc3nc2c1OC
AKT1,Cosine Search,0.53,O=C(NC1=CC=C(C=2C=C(C=CC2)C(=O)N)C=C1)NC3=CC(=CC=C3)C,CC(=O)Nc1ccc(CC(O)=O)cc1
AKT1,Cosine Search,0.62,C=1C(=C(C=CN1)N2CCNCC2)NC(C3=CSC(=N3)N4C(=C5C(=C4)C=CC(=C5)OC)O)=O,COC(=O)c1ccc(CSc2nc3CCCc3c(O)n2)cc1
AKT1,Cosine Search,0.7,ClC1=C(OCC)N=C(C(=O)NCC=2C(S(=O)(=O)N)=CC=CC2)C=C1N,Cc1ccc(cc1)S(=O)(=O)N[C@@H]1CC[C@H](CCNC(=O)c2ccccc2F)O[C@@H]1CO
AKT1,Cosine Search,0.7,O(C(=O)N1C=2C(C(C=3N(C4CCCCC4)C=NC3)=C1)=CC=CC2)C(C)(C)C,CN(C(=O)OC(C)(C)C)c1ccc(cc1)c2nc3ccccc3s2
AKT1,Cosine Search,0.66,ClC=1C(OC)=CC(OC)=C(NC2=NN3C(=NN=C3C=C2)C=4C=CC=CC4)C1,COc1ccc(cc1OCC2CC2)C3=Nn4c(nnc4SC3)c5ccccc5Cl
AKT1,Cosine Search,0.74,C1C[C@@]2([C@@H]([C@]([C@@H]1O)(C)CO)CCC([C@H]2C=CC3C(OC[C@H]3O)=O)=C)C,CC1(C)O[C@@H]2CC3C4C[C@H](F)C5=CC(=O)C=C[C@]5(C)[C@@]4(F)[C@@H](O)C[C@]3(C)[C@@]2(O1)C(=O)CO
AKT1,Cosine Search,0.74,O1C2=C(C3=C(C=4C(C(=C3[C@H]1COCC=5C=CC=CC5)O)=CC=CC4)O)OC(=C2)O,COc1cc(cc(OC)c1O)[C@H]2[C@@H]3C(OCC3=O)C(OC4OC5COC(C)OC5C(O)C4O)c6cc7OCOc7cc26
AKT1,Cosine Search,0.67,OC=1C=C(C=C(C(=O)NCC2=CC=CC=C2)C#N)C=CC1O,Oc1ccc(/C=C(C#N)/C(=O)c2ccc(O)c(O)c2)cc1O
AKT1,Cosine Search,0.67,C1C[C@@]2([C@@H]([C@]([C@@H]1O)(C)CO)CCC([C@H]2C=CC3C(OC[C@H]3O)=O)=C)C,C[C@H](O)[C@H](C)[C@@H]1O[C@H]1C[C@H]1CO[C@@H](CC(C)=CC(=O)OCCCCCCCCC(O)=O)[C@H](O)[C@@H]1O
AKT1,Cosine Search,0.64,S(C1=NN(C(N)=C1C(=O)N)C2=NC=CC=C2)C,Nn1c(=O)c(Cc2ccco2)n[nH]c1=S
AKT1,Cosine Search,0.73,O=C1NC=2C(NC=3C1=CC=C(C3)C=4C=C(OC)C(OCC(O)CO)=CC4)=CC=C(C2)CCOC5=CC=C(N6CCOCC6)C=C5,C[C@@H](CO)N1C[C@H](C)[C@@H](CN(C)Cc2ccc(Oc3ccccc3)cc2)Oc4ncc(cc4C1=O)c5cncnc5
AKT1,Cosine Search,0.67,C1C[C@@]2([C@@H]([C@]([C@@H]1O)(C)CO)CCC([C@H]2C=CC3C(OC[C@H]3O)=O)=C)C,C[C@H](O)[C@H](C)[C@@H]1O[C@H]1C[C@H]1CO[C@@H](CC(C)=CC(=O)OCCCCCCCCC(O)=O)[C@H](O)[C@@H]1O
AKT1,Cosine Search,0.76,ClC=1N=CC(C2=CC=3SC(=NC3C=C2)NC(=O)C)=CC1NS(=O)(=O)C4=CC=C(OC)C=C4,Oc1c(Sc2cccc3cccnc23)cc(NS(=O)(=O)c4ccc(Cl)cc4)c5ccccc15
AKT1,Cosine Search,0.67,C1=CC(=CC=2C1=CN=CC2)C(N[C@H](C3CCN(CC3)CC4=CC=CC=C4)C=5C=CC(=C(C5)Cl)Cl)=O,CCOC(=O)N1CCC(CC1)=C1c2ccc(Cl)cc2CCc2cccnc12
AKT1,Cosine Search,0.8,C1(=CC=C2C(N=C(C=3C=CC(CN4CCC(CC4)N5C6=C(NC5=O)C=CC=C6)=CC3)C(C=7C=CC=CC7)=N2)=C1)C(=O)O,OC[C@H]1[C@@H]2Cn3c(ccc(-c4ccccc4)c3=O)[C@@H](N2)[C@@H]1C(=O)N1CCCCC1
AKT1,Cosine Search,0.64,S(C1=NN(C(N)=C1C(=O)N)C2=NC=CC=C2)C,Nn1c(=O)c(Cc2ccco2)n[nH]c1=S
AKT1,Cosine Search,0.81,C12(CN(CC(CN(CCOC)S(C=3C(=NOC3C)C)(=O)=O)O)CCC1)OC=4C=CC(O)=CC4C(C2)=O,COCC#Cc1ccc2c(O[C@@H](CN(C)S(=O)(=O)c3ccc(OC)cc3)[C@@H](C)CN([C@H](C)CO)S2(=O)=O)c1
AKT1,Cosine Search,0.62,N(N(C(=O)CN1C(C=CC1=O)=O)CC=2C=CC=CC2)C(=O)OC(C)(C)C,COC(=O)N1N(C(=O)OC)[C@](C2CCCC2)(C1=O)c3ccccc3
AKT1,Cosine Search,0.34,C1C[C@@]2([C@@H]([C@]([C@@H]1O)(C)CO)CCC([C@H]2C=CC3C(OC[C@H]3O)=O)=C)C,CCCC(CCC)C(O)=O
AKT1,Cosine Search,0.67,C1C[C@@]2([C@@H]([C@]([C@@H]1O)(C)CO)CCC([C@H]2C=CC3C(OC[C@H]3O)=O)=C)C,C[C@H](O)[C@H](C)[C@@H]1O[C@H]1C[C@H]1CO[C@@H](CC(C)=CC(=O)OCCCCCCCCC(O)=O)[C@H](O)[C@@H]1O
AKT1,Cosine Search,0.8,C12(CN(CC(CN(CCOC)S(C=3C(=NOC3C)C)(=O)=O)O)CCC1)OC=4C=CC(O)=CC4C(C2)=O,CCCN1C[C@@H](C)[C@H](CN(C)C(=O)c2ccc(NS(=O)(=O)c3cn(C)cn3)cc2OC[C@@H]1C)OC
AKT1,Euclidean Search,0.78,ClC=1C(C=2NC(=CC2C(=O)N)C=3N=C(N=CC3)N)=CC=C(Cl)C1,NC(=N)NC(=O)c1nc(Cl)c(N)nc1N
AKT1,Euclidean Search,0.62,C1(=CC=CC=C1)C[C@@H](COC=2C=NC=C(C=3C=CC4=C(C(C(N4)=O)CC=5OC=CC5)C3)C2)N,OC(=O)CCc1nc(c(o1)-c1ccccc1)-c1ccccc1
AKT1,Euclidean Search,0.71,C1(CCC1)(N)C=2C=CC(=CC2)C3=NC=C4C=CC=CC4=C3C=5C=CC=CC5,Nc1c2CCCCc2nc2ccccc12
AKT1,Euclidean Search,0.69,O=C1NC=2C(NC=3C1=CC=C(C3)C=4C=C(OC)C(O)=CC4)=CC=C(N(=O)=O)C2,Cc1ccc(cc1)C(=O)c1cc(O)c(O)c(c1)[N+]([O-])=O
AKT1,Euclidean Search,0.64,S1C2=C(C(C3=CC=C(NC(=O)NC=4C=C(F)C=CC4)C=C3)=C1)C(=NC=C2C5=CN(N=C5)C(C(=O)N)(C)C)N,CNC(=O)c1ccc(cc1F)N1C(=S)N(C(=O)C1(C)C)c1ccc(C#N)c(c1)C(F)(F)F
AKT1,Euclidean Search,0.34,C1C[C@@]2([C@@H]([C@]([C@@H]1O)(C)CO)CCC([C@H]2C=CC3C(OC[C@H]3O)=O)=C)C,CCCC(CCC)C(O)=O
AKT1,Euclidean Search,0.55,C1=C(C2=C(C=C1O)OC(C(C2=O)=O)C3=CC=C(C(=C3)O)O)O,Oc1ccc(cc1)C=Cc1cc(O)cc(O)c1
AKT1,Euclidean Search,0.75,C12=C(C(=O)NC1=O)C=3C=4N(C=CC4C=CC3C5=C2C6=C(C(CCCN[C@H]7CC[C@@H](CC7)O)=CC=C6)N5)C,COC(=O)[C@H]1[C@@H](O)CC[C@H]2CN3CCc4c([nH]c5ccccc45)[C@@H]3C[C@H]12
AKT1,Euclidean Search,0.73,FC=1C=C([C@H](C(=O)N2CCN(C=3N=CN=C4C3[C@@H](C[C@H]4O)C)CC2)CNC(CO)(C)C)C=CC1C(F)(F)F,C[C@@H](CO)N1C[C@@H](C)[C@@H](CN(C)C(=O)Nc2ccc(cc2)C(F)(F)F)Oc3ccc(NC(=O)Cc4ccccc4)cc3C1=O
AKT1,Euclidean Search,0.64,S(C1=NN(C(N)=C1C(=O)N)C2=NC=CC=C2)C,Nn1c(=O)c(Cc2ccco2)n[nH]c1=S
AKT1,Euclidean Search,0.81,C12(CN(CC(CN(CCOC)S(C=3C(=NOC3C)C)(=O)=O)O)CCC1)OC=4C=CC(O)=CC4C(C2)=O,COCC#Cc1ccc2c(O[C@@H](CN(C)S(=O)(=O)c3ccc(OC)cc3)[C@@H](C)CN([C@@H](C)CO)S2(=O)=O)c1
AKT1,Euclidean Search,0.78,ClC=1C(C=2NC(=CC2C(=O)N)C=3N=C(N=CC3)N)=CC=C(Cl)C1,NC(=N)NC(=O)c1nc(Cl)c(N)nc1N
AKT1,Euclidean Search,0.62,C1=NC=CC=2C1=CC(OC3CCNCC3)=C(C=4C=CC(=CC4)CN)C2,CNCCCCOc1ccccc1Cc1ccccc1
AKT1,Euclidean Search,0.79,S(=O)(=O)(N)C1=CC(NC=2N=C(NC3=CC=C(OCC(=O)N)C=C3)C(=CN2)C)=CC=C1,COc1ccccc1Oc1c(NS(=O)(=O)c2ccc(cc2)C(C)(C)C)nc(nc1OCCO)-c1ncccn1
AKT1,Euclidean Search,0.78,C12(CN(CCC1)C[C@@H](CN(CCOCC)S(C3=C(C=CC=C3C)C)(=O)=O)O)OC=4C=CC(=CC4CC2)O,COc1ccc(cc1)S(=O)(=O)N2CCN(CC2)S(=O)(=O)c3ccc4OCCOc4c3
AKT1,Euclidean Search,0.69,O=C1NC=2C(NC=3C1=CC=C(C3)C=4C=C(OC)C(O)=CC4)=CC=C(N(=O)=O)C2,Cc1ccc(cc1)C(=O)c1cc(O)c(O)c(c1)[N+]([O-])=O
AKT1,Euclidean Search,0.63,N=1C(N)=C2C(=CN(C2=NC1)C(C)C)C(C=3C=NC=C(N3)N[C@H]4[C@H](N(CC4)C(=O)C)C5=CC=CC=C5)=O,CC(C)N(CCC(C(N)=O)(c1ccccc1)c1ccccn1)C(C)C
AKT1,Euclidean Search,0.63,N=1C(N)=C2C(=CN(C2=NC1)C(C)C)C(C=3C=NC=C(N3)N[C@H]4[C@H](N(CC4)C(=O)C)C5=CC=CC=C5)=O,CC(C)N(CCC(C(N)=O)(c1ccccc1)c1ccccn1)C(C)C
AKT1,Euclidean Search,0.73,[C@@H]1(CN(CC1)C2=C3C(=CNC3=NC=N2)C)NS(C4=CC=CC=C4)(=O)=O,Cc1ccc(cc1)S(=O)(=O)NC(=O)NN1CC2CCCC2C1
AKT1,Euclidean Search,0.36,C1(=C(C(=C2NC(=NC2=C1Br)N(C)C)Br)Br)Br,CN(C)C(=N)NC(N)=N
AKT1,Euclidean Search,0.78,S(=O)(=O)(NC1=CC=C(C=2C=C3C(NN=C3NC(=O)C)=CC2)C=C1)CCC,CS(=O)(=O)Nc1ccc(Cc2noc(n2)-c2ccc3[nH]cc(CCN)c3c2)cc1
AKT1,Euclidean Search,0.65,S(=O)(=O)(NC=1C=C(C2=CC=3SC(=NC3C=C2)NC(=O)C)C=NC1C)C4=CC=C(OC)C=C4,COc1ccc2nc([nH]c2c1)S(=O)Cc1ncc(C)c(OC)c1C
AKT1,Euclidean Search,0.6,C1=CC(=C2C(=C1OC)N(C(=C2)C(OC)=O)C)OC[C@@H](N)CC3=CC=CC=C3,COC(=O)c1c(C)[nH]c(C)c1C(=O)c1ccccc1Cc1ccccc1
AKT1,Euclidean Search,0.82,C12(CN(CC(CN(CCOC)S(C=3C(=NOC3C)C)(=O)=O)O)CCC1)OC=4C=CC(O)=CC4C(C2)=O,C[C@@H](CO)N1C[C@@H](C)[C@@H](CN(C)S(=O)(=O)c2ccccc2)OCCCC[C@H](C)Oc3ccc(NC(=O)CCCN(C)C)cc3C1=O
AKT1,Euclidean Search,0.41,C=1(C(=C(C=C(C1Br)Br)/C=C/C(=O)O)Br)Br,CC(C)Cc1ccc(cc1)C(C)C(O)=O
AKT1,Euclidean Search,0.84,C12(CN(C[C@@H](CN(CCCCC)S(C=3C(=NOC3C)C)(=O)=O)O)CCC1)OC=4C=CC(=CC4C(C2)=O)O,CCCNC(=O)N(C)C[C@@H]1Oc2cc(ccc2S(=O)(=O)N(C[C@H]1C)[C@H](C)CO)c3cncnc3
AKT1,Euclidean Search,0.71,O=C(N(C)C)C=1N(N=NC1C=2C=C3C(NN=C3)=CC2)CC4=CC=CC=C4,CN(C)C(=O)Cc1c(nc2ccc(C)cn12)-c1ccc(C)cc1
AKT1,Euclidean Search,0.68,C1=CC(C(=O)NCCCC(NC2C(C(C(C(O2)COC(=O)C)OC(C)=O)OC(C)=O)OC(C)=O)=O)=CC=C1,COc1c(O[C@@H]2O[C@H](CO)[C@@H](O)[C@H](O)[C@H]2O)cc2CC[C@H](NC(C)=O)c3cc(=O)c(SC)ccc3-c2c1OC
AKT1,Euclidean Search,0.69,C1(=CC=C2C(=C1)C3=NNC(C=4C=CC(=NC4)C#N)=C3C2)OCCN5CCOCC5,CCc1c(C)[nH]c2CCC(CN3CCOCC3)C(=O)c12
AKT1,Euclidean Search,0.41,C=1(C(=C(C=C(C1Br)Br)/C=C/C(=O)O)Br)Br,CC(C)Cc1ccc(cc1)C(C)C(O)=O
AKT1,Euclidean Search,0.34,C1C[C@@]2([C@@H]([C@]([C@@H]1O)(C)CO)CCC([C@H]2C=CC3C(OC[C@H]3O)=O)=C)C,CCCC(CCC)C(O)=O
AKT1,Euclidean Search,0.61,O=C(NC1=C2C(NC=C2)=NC=C1)C3CCC(CC3)C(N)C,CNC(=O)CCc1cc2ccccc2[nH]1
AKT1,Euclidean Search,0.63,C1=C(C(=CC=2C1=CN=CC2)C(NC(C3CCNCC3)C=4C=CC(=C(C4)Cl)Cl)=O)C5=CC=C(C=C5)OC,COc1ccc(cc1OC1CCCC1)C1CNC(=O)C1
AKT1,Euclidean Search,0.79,C12(CCN(CC1)C)CN(C3=NC=NC4=C3C=CN4)C5=C2C=CC=C5,CN1CCN2C(C1)c1ccccc1Cc1cccnc21
AKT1,Euclidean Search,0.78,ClC=1C(C=2NC(=CC2C(=O)N)C=3N=C(N=CC3)N)=CC=C(Cl)C1,NC(=N)NC(=O)c1nc(Cl)c(N)nc1N
AKT1,Euclidean Search,0.65,C=1N=CC=2SC(C=3N=C(ON3)O)=CC2C1OC4=CC=C(C=C4)I,OC(=O)c1cccc(c1)-c1noc(n1)-c1ccccc1F
AKT1,Euclidean Search,0.89,N=1NC=C(C1C2=CC=CC=C2)C=3C=CN=CC3,c1[nH]nc(c1-c1ccnc2ccccc12)-c1ccccn1
AKT1,Euclidean Search,0.7,C1=C2C(=CC=C1)C(=C(N2)Cl)C[C@@H](COC=3C(=NC(C=4C=COC4C)=C(C5=NC6=C(N=C5)NN=C6C)C3)N)N,Cc1cc(OCC(=O)Nc2nnc[nH]2)ccc1Cl
AKT1,Euclidean Search,0.75,C12=C(C(=O)NC1=O)C=3C=4N(C=CC4C=CC3C5=C2C6=C(C(CCCN[C@H]7CC[C@@H](CC7)O)=CC=C6)N5)C,COC(=O)[C@H]1[C@@H](O)CC[C@H]2CN3CCc4c([nH]c5ccccc45)[C@@H]3C[C@H]12
AKT1,Euclidean Search,0.62,C1=NC=CC=2C1=CC(OC3CCNCC3)=C(C=4C=CC(=CC4)CN)C2,CNCCCCOc1ccccc1Cc1ccccc1
AKT1,Euclidean Search,0.73,C1(CC=2C(C1)=CC=CC2)[C@H](C(N3CCN(C4=NC=NC5=C4C(=CN5)C)CC3)=O)N,Nc1cccc2C(=O)N(Cc12)C1CCC(=O)NC1=O
AKT1,Euclidean Search,0.87,O1CCC(N2C=3N=C(N=C(C3N=C(C2=O)C=4C=CC(=NC4)C)C)N)CC1,COc1cc2nc(nc(N)c2cc1OC)N1CCN(CC1)C(=O)C1CCCO1
AKT1,Euclidean Search,0.65,O=C1NC=2C(NC=3C1=CC=C(C3)C=4C=C(OC)C(O)=CC4)=CC=C(N(=O)=O)C2,Cn1c(=O)c([N+](=O)[O-])c(Cl)c2ccccc12
AKT1,Euclidean Search,0.6,C1=CC(=C2C(=C1OC)N(C(=C2)C(OC)=O)C)OC[C@@H](N)CC3=CC=CC=C3,COC(=O)c1c(C)[nH]c(C)c1C(=O)c1ccccc1Cc1ccccc1
AKT1,Euclidean Search,0.74,C=1(C(=CC2=NC=NC(=C2C1)NC3=CC=C(C=C3)NC(C=4C=CC=CC4)=O)OC)OC,COc1cc(Nc2ncc(F)c(Nc3ccc4OC(C)(C)C(=O)Nc4n3)n2)cc(OC)c1OC
AKT1,Euclidean Search,0.9,C1=C(C2=C(C=C1O)OC(C(C2=O)=O)C3=CC=C(C(=C3)O)O)O,Oc1ccc(cc1)-c1coc2cc(O)cc(O)c2c1=O
AKT1,Euclidean Search,0.62,C1=NC=CC=2C1=CC(OC3CCNCC3)=C(C=4C=CC(=CC4)CN)C2,CNCCCCOc1ccccc1Cc1ccccc1
AKT1,Euclidean Search,0.62,C=12C(=O)C(=CC(C1)=O)[C@@H]([C@@H](C)C[C@H](OC)[C@H](OC)[C@@H](C)C=C(C)[C@@H]([C@@H](OC)C=CC=C(C)C(N2)=O)OC(=O)N)OC,CCCC[C@@H](C)C=C(C)C=C(/C)C(=O)NC1=C[C@@](O)(C=CC=CC=CC(=O)NC2C(=O)CCC2=O)[C@@H]2OC2C1=O
AKT1,Euclidean Search,0.59,O=C(O)C=1N(C=2C(C1C=3C(=CC=CC3)C)=CC=CC2)CCCOC=4C=5C(C=CC4)=CC=CC5,CC(C)c1cc(OC(C)=O)c(C)cc1OCCN(C)C
AKT1,Euclidean Search,0.62,C1(=CC=CC=C1)C[C@@H](COC=2C=NC=C(C=3C=CC4=C(C(C(N4)=O)CC=5OC=CC5)C3)C2)N,OC(=O)CCc1nc(c(o1)-c1ccccc1)-c1ccccc1
AKT1,Euclidean Search,0.56,C1(=CC=C2C(=C1)/C(/C(N2)=O)=C/C3=CC=C(C=C3)OCCN(CC)CC)Cl,CCN(CC)CCOC(=O)c1ccc(N)cc1
AKT1,Euclidean Search,0.76,O=C1NC=2C(NC=3C1=CC=C(C3)C=4C=C(OC)C(OCC(O)CO)=CC4)=CC=C(C2)CCOC5=CC=C(N6CCOCC6)C=C5,C[C@H](CO)N1C[C@H](C)[C@@H](CN(C)Cc2ccc(cc2)c3ccccc3)Oc4ccc(NC(=O)c5ccncc5)cc4C1=O
AKT1,Euclidean Search,0.75,N1(CCC(CC1)C2=NC=3C(N2)=CC=CC3)CC4=CC=C(C=C4)C=5N=CC(=CC5C6=CC=CC=C6)C#N,C(Cn1c2ccccc2c3ccccc13)c4nc5ccccc5[nH]4
AKT1,Euclidean Search,0.49,[C@@H]1(OC(=O)C=2C=3[C@]1(C=4C(C(C3OC2)=O)[C@H]5[C@@](CC4OC(=O)C)(C)C(CC5)=O)C)COC,CCOC(=O)[C@@]1(CCCCCCOc2ccc(Cl)cc2)CO1
AKT1,Euclidean Search,0.79,FC=1C(C(=O)N2CCN(C=3N=CC=CN3)CC2)=CC(CC4=NNC(=O)C5C4CCC=C5)=CC1,Fc1ccc(Cc2n[nH]c(=O)c3ccccc23)cc1C(=O)N1CCN(CC1)C(=O)C1CC1
AKT1,Euclidean Search,0.39,C1(CCC1)(N)C=2C=CC(=CC2)C=3C(=CC=C4N(C=NC43)C)C=5C=CC=CC5,CNC1(C)C2CCC(C2)C1(C)C
AKT1,Euclidean Search,0.78,ClC=1C(C=2NC(=CC2C(=O)N)C=3N=C(N=CC3)N)=CC=C(Cl)C1,NC(=N)NC(=O)c1nc(Cl)c(N)nc1N
AKT1,Euclidean Search,0.73,C=1C=CC=C2NC=C(C[C@@H](COC=3C=NC=C(C4=CC=C5C(=C4)C(C(N5)=O)C=6SC=CC6)C3)N)C21,Oc1nc2ccccc2nc1c3ccccc3NC(=O)c4cccs4
AKT1,Euclidean Search,0.53,S1N=CC=2C1=CC(N(C)C)=C(NC(=O)C(=O)O)C2,CNC(=O)[C@H](Cc1c[nH]c2ccccc12)NC(=O)[C@H](CC(C)C)CC(=O)NO
AKT1,Euclidean Search,0.71,O=C(N(C)C)C=1N(N=NC1C=2C=C3C(NN=C3)=CC2)CC4=CC=CC=C4,CN(C)C(=O)Cc1c(nc2ccc(C)cn12)-c1ccc(C)cc1
AKT1,Euclidean Search,0.62,N1(C(=[N+](C=C1)CCCCCCCCCCCCCCCC)C)CC2=CC=CC=C2,CCCCc1ncc(C=C(/Cc2cccs2)C(O)=O)n1Cc1ccc(cc1)C(O)=O
AKT1,Euclidean Search,0.69,C1(=CN=C2C(=C1)N=C(N2CC3=CC=CC=C3OC)C=4C=CN=CC4)Br,Cc1nccn1CC1CCc2c(C1=O)c1ccccc1n2C
AKT1,Euclidean Search,0.73,C=1(C=NNC1)C2=CC=C(NC(C3COC4=C(O3)C=CC=C4)=O)C(=C2)OCCN(C)C,C[C@H](CO)N1C[C@@H](C)[C@H](CN(C)Cc2ccc3OCOc3c2)OCCCC[C@@H](C)Oc4ccc(cc4C1=O)N(C)C
AKT1,Euclidean Search,0.71,C1=CC=C2C(C3=C4N2[C@]5(O[C@H](C[C@H]([C@H]5OC)N(C)C(=O)CCC(NCCC(NCCC(NCCC(N)=O)=O)=O)=O)N6C4=C(C7=C6C=CC=C7)C=8C3=CNC8O)C)=C1,CN(C)[C@H]1C2CC3C(C(=O)c4c(O)cccc4[C@@]3(C)O)C(=O)[C@]2(O)C(=O)C(C(=O)NCN5CCCC5)C1=O
AKT1,Euclidean Search,0.69,COC=1C=C2C(=NC=NC2=CC1OCCCN3CCCC3)OC=4C=CC=5NC(C)=CC5C4F,COc1cc2CC(CC3CCN(Cc4ccccc4)CC3)C(=O)c2cc1OC
AKT1,Euclidean Search,0.41,C=1(C(=C(C=C(C1Br)Br)/C=C/C(=O)O)Br)Br,CC(C)Cc1ccc(cc1)C(C)C(O)=O
AKT1,Euclidean Search,0.67,C=1C(OC)=C(C=CC1OC)/C=C/C(C(=CC2=CC=C(C(=C2)O)OC)C(/C=C/C=3C(=CC(OC)=CC3)OC)=O)=O,CC(=O)Oc1ccccc1C(O)=O
AKT1,Euclidean Search,0.68,N1C(C(=C(C1=O)C2=CNC=3C=CC=CC23)C4=CN(C=5C=CC(=CC45)OC)CCCN(C)C)=O,COc1ccc(cc1)[C@@H]1Sc2ccccc2N(CCN(C)C)C(=O)[C@@H]1OC(C)=O
AKT1,Euclidean Search,0.73,FC=1C=C([C@H](C(=O)N2CCN(C=3N=CN=C4C3[C@@H](C[C@H]4O)C)CC2)CNC(CO)(C)C)C=CC1C(F)(F)F,C[C@@H](CO)N1C[C@@H](C)[C@@H](CN(C)C(=O)Nc2ccc(cc2)C(F)(F)F)Oc3ccc(NC(=O)Cc4ccccc4)cc3C1=O
AKT1,Euclidean Search,0.36,C1(=C(C(=C2NC(=NC2=C1Br)N(C)C)Br)Br)Br,CN(C)C(=N)NC(N)=N
AKT1,Euclidean Search,0.61,O=C(NC1=C2C(NC=C2)=NC=C1)C3CCC(CC3)C(N)C,CNC(=O)CCc1cc2ccccc2[nH]1
AKT1,Euclidean Search,0.73,BrC1=C(N=C2N=CC(=C(O)C2=C1C)C(=O)O)N3CC(NC)CC3,C[C@H]1COc2c(N3CCN(C)CC3)c(F)cc3c2n1cc(C(O)=O)c3=O
AKT1,Euclidean Search,0.66,C1=CC(=CC=2C1=CN=CC2)C(N[C@H](C3CCN(CC3)CC4=CC=CC=C4)C=5C=CC(=C(C5)Cl)Cl)=O,Cc1cccc(CN2CCN(CC2)C(c2ccccc2)c2ccc(Cl)cc2)c1
AKT1,Euclidean Search,0.78,ClC=1C(C=2NC(=CC2C(=O)N)C=3N=C(N=CC3)N)=CC=C(Cl)C1,NC(=N)NC(=O)c1nc(Cl)c(N)nc1N
AKT1,Euclidean Search,0.67,C=1C(OC)=C(C=CC1OC)/C=C/C(C(=CC2=CC=C(C(=C2)O)OC)C(/C=C/C=3C(=CC(OC)=CC3)OC)=O)=O,CC(=O)Oc1ccccc1C(O)=O
AKT1,Euclidean Search,0.75,O=C(N(CCOC)C)C=1N(N=NC1C=2C=C3C(NN=C3)=CC2)CC4=CC=CC=C4,CN(C)CCCOc1nn(Cc2ccccc2)c2ccccc12
AKT1,Euclidean Search,0.9,C1=C(C2=C(C=C1O)OC(C(C2=O)=O)C3=CC=C(C(=C3)O)O)O,Oc1ccc(cc1)-c1coc2cc(O)cc(O)c2c1=O
AKT1,Euclidean Search,0.62,C1=NC=CC=2C1=CC(OC3CCNCC3)=C(C=4C=CC(=CC4)CN)C2,CNCCCCOc1ccccc1Cc1ccccc1
AKT1,Euclidean Search,0.79,S(=O)(=O)(N)C1=CC(NC=2N=C(NC3=CC=C(OCC(=O)N)C=C3)C(=CN2)C)=CC=C1,COc1ccccc1Oc1c(NS(=O)(=O)c2ccc(cc2)C(C)(C)C)nc(nc1OCCO)-c1ncccn1
AKT1,Euclidean Search,0.34,C1C[C@@]2([C@@H]([C@]([C@@H]1O)(C)CO)CCC([C@H]2C=CC3C(OC[C@H]3O)=O)=C)C,CCCC(CCC)C(O)=O
AKT1,Euclidean Search,0.41,C=1(C(=C(C=C(C1Br)Br)/C=C/C(=O)O)Br)Br,CC(C)Cc1ccc(cc1)C(C)C(O)=O
AKT1,Euclidean Search,0.63,C1(=C(N(C=2C=CC(=CC2)Cl)N=C1C3=CC=NC=C3)O)C=4C=CC(=CC4)F,O=c1n([se]c2ccccc12)-c1ccccc1
AKT1,Euclidean Search,0.79,FC=1C(C(=O)N2CCN(C=3N=CC=CN3)CC2)=CC(CC4=NNC(=O)C5C4CCC=C5)=CC1,Fc1ccc(Cc2n[nH]c(=O)c3ccccc23)cc1C(=O)N1CCN(CC1)C(=O)C1CC1
AKT1,Euclidean Search,0.69,O=C1NC=2C(NC=3C1=CC=C(C3)C=4C=C(OC)C(O)=CC4)=CC=C(N(=O)=O)C2,Cc1ccc(cc1)C(=O)c1cc(O)c(O)c(c1)[N+]([O-])=O
AKT1,Euclidean Search,0.65,C=1N=CC=2SC(C=3N=C(ON3)O)=CC2C1OC4=CC=C(C=C4)I,OC(=O)c1cccc(c1)-c1noc(n1)-c1ccccc1F
AKT1,Euclidean Search,0.82,C1(=NC2=C(C=C(C3=CC=CC=C3)C(=N2)C4=CC=C(C=C4)CN5CCC(CC5)C6=NN=C(N6)C=7C=CC(NC7)=O)C=N1)N8CCN(CC8)CCN(C)C,CN1CCN(CC1)c1ccc(Nc2ncc3c(n2)n(-c2cccc(n2)C(C)(C)O)n(CC=C)c3=O)cc1
AKT1,Euclidean Search,0.61,C1=CC(=C2C(=C1)NC(=C2)C(OC)=O)OCCN,CNCC[C@H](Oc1cccc2ccccc12)c1cccs1
AKT1,Euclidean Search,0.66,O(C=1C=C(C=NC1)CCC2=CC=CC=C2)CC3N(CCC3)C,CN1CCC[C@H]1c1cccnc1
AKT1,Euclidean Search,0.64,S(C1=NN(C(N)=C1C(=O)N)C2=NC=CC=C2)C,Nn1c(=O)c(Cc2ccco2)n[nH]c1=S
AKT1,Euclidean Search,0.63,FC=1C=CC(C2=NN(C=C2C3=NC=NC=C3)C)=CC1,Clc1ccccc1C(c1ccccc1)(c1ccccc1)n1ccnc1
AKT1,Euclidean Search,0.67,C1C[C@@]2([C@@H]([C@]([C@@H]1O)(C)CO)CCC([C@H]2C=CC3C(OC[C@H]3O)=O)=C)C,C[C@H](O)[C@H](C)[C@@H]1O[C@H]1C[C@H]1CO[C@@H](CC(C)=CC(=O)OCCCCCCCCC(O)=O)[C@H](O)[C@@H]1O
AKT1,Euclidean Search,0.59,C12=C(C=CC(=C1)C(O)=O)C=3C(=CC=NC3)C(=N2)NC=4C=CC=C(C4)Cl,Cc1ccc(Cl)c(Nc2ccccc2C(O)=O)c1Cl
AKT1,Euclidean Search,0.74,C=1(C=CC(=CC1)OC)/C(/C(=O)O)=C\C2=CN(C=3C=CC(=CC23)OCC=4C=CC=CC4)C(=O)C,COc1ccc2n(C(=O)c3ccc(Cl)cc3)c(C)c(CC(=O)O)c2c1
AKT1,Euclidean Search,0.61,N=1C=NC(=C2[C@@H](OCC21)C)N3CCN(C(=O)C(CC4=CC=C(C(=C4)F)Cl)CC(N)(C)C)CC3,CN(C)CCCC1(OCc2cc(ccc12)C#N)c1ccc(F)cc1
AKT1,Euclidean Search,0.64,S(C1=NN(C(N)=C1C(=O)N)C2=NC=CC=C2)C,Nn1c(=O)c(Cc2ccco2)n[nH]c1=S
AKT1,Euclidean Search,0.81,C12(CN(CC(CN(CCOC)S(C=3C(=NOC3C)C)(=O)=O)O)CCC1)OC=4C=CC(O)=CC4C(C2)=O,COCC#Cc1ccc2c(O[C@@H](CN(C)S(=O)(=O)c3ccc(OC)cc3)[C@@H](C)CN([C@H](C)CO)S2(=O)=O)c1
AKT1,Euclidean Search,0.69,C1(=CC=C2C(=C1)C3=NNC(C=4C=CC(=NC4)C#N)=C3C2)OCCN5CCOCC5,CCc1c(C)[nH]c2CCC(CN3CCOCC3)C(=O)c12
AKT1,Euclidean Search,0.34,C1C[C@@]2([C@@H]([C@]([C@@H]1O)(C)CO)CCC([C@H]2C=CC3C(OC[C@H]3O)=O)=C)C,CCCC(CCC)C(O)=O
AKT1,Euclidean Search,0.59,C1=CC=C2C(N(C(=N2)NC(=O)C=3C=CC=C(C3)N(=O)=O)CCCO)=C1,CC(O)Cn1c(C)ncc1[N+]([O-])=O
AKT1,Euclidean Search,0.8,C12(CN(CC(CN(CCOC)S(C=3C(=NOC3C)C)(=O)=O)O)CCC1)OC=4C=CC(O)=CC4C(C2)=O,CCCN1C[C@@H](C)[C@H](CN(C)C(=O)c2ccc(NS(=O)(=O)c3cn(C)cn3)cc2OC[C@@H]1C)OC
AKT1,Pre-trained hierVAE Generate,0.27,O=C(NC1=CC=C(C=2C=C(C=CC2)C(=O)N)C=C1)NC3=CC(=CC=C3)C,Cc1ccc(-c2ccc(C(=O)Nc3ccc(C(=O)O)cc3)cc2)cc1
AKT1,Pre-trained hierVAE Generate,0.34,O=C(N(CCOC)C)C=1N(N=NC1C=2C=C3C(NN=C3)=CC2)CC4=CC=CC=C4,CCCCCC1CCc2cnnn2COCC(Cc2ccccc2)NC1=O
AKT1,Pre-trained hierVAE Generate,0.57,C12(CN(CC(CN(CCOC)S(C=3C(=NOC3C)C)(=O)=O)O)CCC1)OC=4C=CC(O)=CC4C(C2)=O,CC1CCCCOC(CN(C)C(=O)Nc2ccccc2F)C(C)CN(C(C)CO)C(=O)c2cc(NS(=O)(=O)c3cn(C)cn3)ccc2O1
AKT1,Pre-trained hierVAE Generate,0.29,C1(=C2C(C=CC=C2)=NC=N1)NC3=CC(OC)=CC=C3,COc1ccc(CNc2ncnc3ccc(-c4cncc(C#N)c4)cc23)cc1
AKT1,Pre-trained hierVAE Generate,0.33,C1(=CC2=C(C=C1OC)N=CC3=C2C=C(N=C3N)C=4C=NC=C(C4)OC[C@@H](CC5=CC=C(C=C5)F)N)OC,COc1ccc(CNc2ncnc3ccc(-c4ccc(F)cc4)cc23)cc1OC
AKT1,Pre-trained hierVAE Generate,0.52,C=1(C(NS(C=2C=CC(F)=CC2)(=O)=O)=CC(=CN1)C=3C=CC4=C(C3)OC(=N4)NC(C)=O)Cl,CC(NC(=O)CC1CC2c3cc(NS(=O)(=O)c4ccc(F)cc4)ccc3OC2C(CO)O1)c1ccccc1
AKT1,Pre-trained hierVAE Generate,0.6,C12(CN(CC(CN(CCOC)S(C=3C(=NOC3C)C)(=O)=O)O)CCC1)OC=4C=CC(O)=CC4C(C2)=O,CC1CN(C(C)CO)S(=O)(=O)c2ccc(C#Cc3ccccc3C(=O)O)cc2OC1CN(C)Cc1ccc(C(=O)O)cc1
AKT1,Pre-trained hierVAE Generate,0.54,O=C1NC=2C(NC=3C1=CC=C(C3)C=4C=C(OC)C(OCC(O)CO)=CC4)=CC=C(C2)CCOC5=CC=C(N6CCOCC6)C=C5,CC1CCCCOC(CN(C)CC2CC2)C(C)CN(C(C)CO)C(=O)c2cc(NC(=O)C3CCCCC3)ccc2O1
AKT1,Pre-trained hierVAE Generate,0.53,N1=CC=2C=C(C(N(C2N=C1NC3CCOCC3)C)=O)OC4=CC=C(C=C4F)F,CCCNC(=O)Nc1ccc2c(c1)C(=O)N(C)CC(OC)C(C)CN(Cc1ccc(F)cc1)C(C)CO2
AKT1,Pre-trained hierVAE Generate,0.39,C12(CN(CC(CN(CCOC)S(C=3C(=NOC3C)C)(=O)=O)O)CCC1)OC=4C=CC(O)=CC4C(C2)=O,CC1CN(C(C)CO)S(=O)(=O)c2ccc(C#Cc3ccc(Oc4ccccc4)cc3)cc2OC1CN(C)C(=O)CCN(C)C
AKT1,Pre-trained hierVAE Generate,0.72,FC=1C=C([C@H](C(=O)N2CCN(C=3N=CN=C4C3[C@@H](C[C@H]4O)C)CC2)CNC(CO)(C)C)C=CC1C(F)(F)F,CC1CN(C(C)CO)C(=O)CCCn2cc(nn2)COC1CN(C)Cc1ccc(C(F)(F)F)cc1
AKT1,Pre-trained hierVAE Generate,0.35,C=1C=CC=C(C(NCCCC(NC2OC(C(C(C2O)O)O)CO)=O)=O)C1,CCNC(=O)CC1C=CC(NC(=O)c2ccc(F)cc2)C(CO)O1
AKT1,Pre-trained hierVAE Generate,0.64,N=1C(NC2=CC=CC3=C2C(NC3)=O)=C4C=CNC4=NC1NC5=C(C=C6C(N(CC6)C(CN(C)C)=O)=C5)OC,CC(C)NC(=O)Nc1ccc2c(c1)C(=O)N(C(C)CO)CC(C)C(CN(C)Cc1cccnc1)OCCCCC(C)O2
AKT1,Pre-trained hierVAE Generate,0.49,C12(CN(CCC1)C[C@@H](CN(CCOCC)S(C3=CC=CC=C3C(F)(F)F)(=O)=O)O)OC4=C(C=C(C=C4)O)C(C2)=O,Cc1ccc(S(=O)(=O)N(C)CC2OCCCCC(C)Oc3ccc(NC(=O)CCC(F)(F)F)cc3C(=O)N(C(C)CO)CC2C)cc1
AKT1,Pre-trained hierVAE Generate,0.64,C=1C=C2C(=CC1C=3C=C(C(=CC3)N)OC)NC4=C(NC2=O)C=C(CC(=O)NC5=CC=C(C=C5)N6CCOCC6)C=C4,CCCCCC(=O)Nc1ccc2c(c1)C(=O)N(C)CC(OC)C(C)CN(C(=O)CC1CC1)C(C)CO2
AKT1,Pre-trained hierVAE Generate,0.63,FC=1C=C([C@H](C(=O)N2CCN(C=3N=CN=C4C3[C@@H](C[C@H]4O)C)CC2)CNC(CO)(C)C)C=CC1C(F)(F)F,Cc1ccc(NC(=O)N2C(CO)C(C(=O)NCCC(=O)NC(C(=O)Nc3cccc(C(=O)O)c3)C(C)(C)C)C3Cn4c(ccc(-c5cncnc5)c4=O)C32)cc1
AKT1,Pre-trained hierVAE Generate,0.33,C12(CN(C[C@@H](CN(CCOCC)S(C3=C(C=CC=C3C)C)(=O)=O)O)CCC1)OC=4C=CC(=CC4C(C2)=O)O,CC(C)NC(=O)N(C)CC1OCCCCC(C)Oc2ccc(NS(=O)(=O)c3ccccc3)cc2C(=O)N(C(C)CO)CC1C
AKT1,Pre-trained hierVAE Generate,0.51,O=C1N(C=2C(N(C1CC)C3CCCC3)=NC(=NC2)NC4=C(OC)C=C(C=C4)C(=O)NC5CCN(CC5)C)C,CCCCCC(=O)Nc1ccc2c(c1)C(=O)N(C)CC(OC)C(C)CN(C(=O)c1ccccn1)C(C)CO2
AKT1,Pre-trained hierVAE Generate,0.32,C1(=CC(=CC(=C1C)N2CCN(C=3C4=C(N=CN3)NN=C4Br)CC2)OCC(C)C)NCCN5CCCC5,COc1ccc2[nH]c3c(c2c1)-c1nnc(CC(C)C)n1CC3
AKT1,Pre-trained hierVAE Generate,0.45,C12(CN(CCC1)C[C@@H](CN(CCOCC)S(C3=CC=CC=C3C(F)(F)F)(=O)=O)O)OC4=C(C=C(C=C4)O)C(C2)=O,CC(C)C(CO)N1CC(C)C(CN(C)Cc2ccc(C(F)(F)F)cc2)Oc2cc(-c3cccc(C(=O)N(C)C)c3)ccc2S1(=O)=O
AKT1,Pre-trained hierVAE Generate,0.53,C12(CN(CC(CN(CCOC)S(C=3C(=NOC3C)C)(=O)=O)O)CCC1)OC=4C=CC(O)=CC4C(C2)=O,CC1CN(C(C)CO)S(=O)(=O)c2ccc(C=Cc3ccccc3)cc2OC1CN(C)Cc1ccc(C(=O)O)cc1
AKT1,Pre-trained hierVAE Generate,0.41,OC=1C(=C2C(C(=NNC(=O)CC=3C=4C(C=CC3)=CC=CC4)CCC2)=CC1)C,COc1ccccc1C=NNC(=O)CCCCCCC(=O)Nc1ccc(O)c(O)c1
AKT1,Pre-trained hierVAE Generate,0.42,C12(CN(CCC1)C[C@@H](CN(CCOCC)S(C3=CC=CC=C3C(F)(F)F)(=O)=O)O)OC4=C(C=C(C=C4)O)C(C2)=O,CNCC1OCCCCC(C)Oc2ccc(NS(=O)(=O)c3ccc(C(F)(F)F)cc3)cc2C(=O)N(C(C)CO)CC1C
AKT1,Pre-trained hierVAE Generate,0.51,O=C1NC=2C(NC=3C1=CC=C(C3)C=4C=C(OC)C(OCC(O)CO)=CC4)=CC=C(C2)CCOC5=CC=C(N6CCOCC6)C=C5,COc1ccc(CN(C)CC2OCCCCC(C)Oc3ccc(NC(=O)CCCN(C)C)cc3C(=O)N(C(C)CO)CC2C)cc1
AKT1,Pre-trained hierVAE Generate,0.39,ClC=1N=C(NCC2=CC=CC=C2)C=C(C=3C=4C(NC3)=NC=CC4)C1,Cc1ccc(CNc2ncnc3ccc(-c4cccc(F)c4)cc23)cc1
AKT1,Pre-trained hierVAE Generate,0.19,P(O)(OCC(OC)COCCCCCCCCCCCCCCCCCC)(=O)OCC[N+](C)(C)C,CN(C)CC(O)C(C)(C)c1ccc(C(C)(C)C)cc1
AKT1,Pre-trained hierVAE Generate,0.42,C12(CN(CC(CN(CCOC)S(C=3C(=NOC3C)C)(=O)=O)O)CCC1)OC=4C=CC(O)=CC4C(C2)=O,CC1CN(C(C)CO)S(=O)(=O)c2ccc(C#Cc3ccccc3C(=O)O)cc2OC1CN(C)Cc1ccc(C(=O)O)cc1
AKT1,Pre-trained hierVAE Generate,0.03,N(CCC[C@H](N)C(=O)N[C@H](C(=O)N[C@H](C(=O)N[C@H](C(N[C@H](C(=O)N[C@H](C(=O)N[C@H](C(N)=O)CCC(C)C)CN)CC1=CC=C(C=C1)O)=O)CCC)CCCNC(N)=N)CC2CCCCC2)C(=N)N,CCCCCCCCCCCCCCCCCCC(=O)NC(CCCNC(C)C)C(=O)NC(Cc1ccccc1)C(=O)NC(CCCNC(=N)N)C(=O)NC(C)CCCNC(=N)N
AKT1,Pre-trained hierVAE Generate,0.58,N(CCC[C@H](N)C(=O)N[C@H](C(=O)N[C@H](C(=O)N[C@H](C(N[C@H](C(=O)N[C@H](C(=O)N[C@H](C(N)=O)CCC(C)C)CN)CC1=CC=C(C=C1)O)=O)CCC)CCCNC(N)=N)CC2CCCCC2)C(=N)N,CCCCCCCCCCCCCCCCCCCCCCC(=O)NCCCCCNC(=O)CCCCCCC(=O)NC(CCCNC(=N)N)C(=O)NC(CCCNC(=N)N)C(=O)NCCCCNC
AKT1,Pre-trained hierVAE Generate,0.4,C=1C=CC=C(C(NCCCC(NC2OC(C(C(C2O)O)O)CO)=O)=O)C1,NC(=O)c1ccc(NC(=O)CCCNC(=O)c2ccc(O)cc2)cc1
AKT1,Pre-trained hierVAE Generate,0.53,O=C1NC=2C(NC=3C1=CC=C(C3)C=4C=C(OC)C(=CC4)CC#N)=CC=C(C2)CCOC5=CC=C(N6CCOCC6)C=C5,COc1ccc(CN(C)CC2OCc3ccccc3-c3ccccc3C(=O)N(C(C)CO)CC2C)cc1
AKT1,Pre-trained hierVAE Generate,0.48,FC=1C=C([C@H](C(=O)N2CCN(C=3N=CN=C4C3[C@@H](C[C@H]4O)C)CC2)CNC(CO)(C)C)C=CC1C(F)(F)F,CC1CN(C(C)CO)C(=O)c2cc(NC(=O)CCN3CCOCC3)ccc2OC1CN(C)Cc1ccc(C(F)(F)F)cc1
AKT1,Pre-trained hierVAE Generate,0.59,N=1C(NC2=CC=CC3=C2C(NC3)=O)=C4C=CNC4=NC1NC5=C(C=C6C(N(CC6)C(CN(C)C)=O)=C5)OC,CC(C)NC(=O)Nc1ccc2c(c1)C(=O)N(C(C)CO)CC(C)C(CN(C)Cc1cccnc1)OCCCCC(C)O2
AKT1,Pre-trained hierVAE Generate,0.53,C12(CN(CCC1)C[C@@H](CN(CCOCC)S(C3=CC=CC=C3C(F)(F)F)(=O)=O)O)OC4=C(C=C(C=C4)O)C(C2)=O,Cc1ccc(S(=O)(=O)N(C)CC2OCCCCC(C)Oc3ccc(NC(=O)CCC(F)(F)F)cc3C(=O)N(C(C)CO)CC2C)cc1
AKT1,Pre-trained hierVAE Generate,0.56,O=C1NC=2C(NC=3C1=CC=C(C3)C=4C=C(OC)C(OCC(O)CO)=CC4)=CC=C(C2)CCOC5=CC=C(N6CCOCC6)C=C5,CN1C(=O)c2cc(NC(=O)CCC(F)(F)F)ccc2OCC2OC(CC(=O)NC3CCN(Cc4ccccc4)C3)CCC21
AKT1,Pre-trained hierVAE Generate,0.37,FC=1C=C([C@H](C(=O)N2CCN(C=3N=CN=C4C3[C@@H](C[C@H]4O)C)CC2)CNC(CO)(C)C)C=CC1C(F)(F)F,Cc1ccc(NC(=O)N2C(CO)C(C(=O)NCCC(=O)NC(C(=O)Nc3cccc(C(=O)O)c3)C(C)(C)C)C3Cn4c(ccc(-c5cncnc5)c4=O)C32)cc1
AKT1,Pre-trained hierVAE Generate,0.57,O=C1N(C(=O)C2=C3C1=CC=C(NCCCC)C3=CC=C2)CCNCCO,CCCCCC(=O)Nc1ccc2c(c1)C(=O)N(C(C)CO)CC(C)C(CN(C)CC1CCOCC1)O2
AKT1,Pre-trained hierVAE Generate,0.27,C12(CN(C[C@@H](CN(CCOCC)S(C3=C(C=CC=C3C)C)(=O)=O)O)CCC1)OC=4C=CC(=CC4C(C2)=O)O,CCCNC(=O)N1CC(C)C(OC)CN(C)C(=O)c2cc(NS(=O)(=O)c3ccc(C)cc3)ccc2OCC1C
AKT1,Pre-trained hierVAE Generate,0.35,N(C1=CC(=CC(=C1OC)NS(=O)(=O)C)C(C)(C)C)C(=O)NC2=C3C(=C(C=C2)C4=CC=C(N=C4)CN5CCOCC5)C=CC=C3,CC(C)NC(=O)Nc1ccc2c(c1)OC(CN(C)Cc1cccnc1)C(C)CN(C(C)CO)S2(=O)=O
AKT1,Pre-trained hierVAE Generate,0.5,C12(CN(C[C@@H](CN(CCOCC)S(C3=CC=CC=C3F)(=O)=O)O)CCC1)OC=4C=CC(=CC4C(C2)=O)O,CCC(C)C(C)NC(=O)Nc1ccc2c(c1)C(=O)N(C(C)CO)CC(C)C(CN(C)S(=O)(=O)c1ccc(F)cc1)OCCCCC(C)O2
AKT1,Pre-trained hierVAE Generate,0.39,C12(CN(CC(CN(CCOC)S(C=3C(=NOC3C)C)(=O)=O)O)CCC1)OC=4C=CC(O)=CC4C(C2)=O,CC1CN(C(C)CO)S(=O)(=O)c2ccc(C=Cc3ccccc3)cc2OC1CN(C)Cc1ccc(C(=O)O)cc1
AKT1,Pre-trained hierVAE Generate,0.32,OC=1C(=C2C(C(=NNC(=O)CC=3C=4C(C=CC3)=CC=CC4)CCC2)=CC1)C,COc1ccccc1C=NNC(=O)CCCCCCC(=O)Nc1ccc(O)c(O)c1
AKT1,Pre-trained hierVAE Generate,0.3,C12(CN(CCC1)C[C@@H](CN(CCOCC)S(C3=CC=CC=C3C(F)(F)F)(=O)=O)O)OC4=C(C=C(C=C4)O)C(C2)=O,Cc1ccc(S(=O)(=O)Nc2ccc3c(c2)C(=O)N(C(C)CO)CC(C)C(CN(C)C(=O)CCC(F)(F)F)OCCCCC(C)O3)cc1
AKT1,Pre-trained hierVAE Generate,0.68,O=C1NC=2C(NC=3C1=CC=C(C3)C=4C=C(OC)C(OCC(O)CO)=CC4)=CC=C(C2)CCOC5=CC=C(N6CCOCC6)C=C5,COc1ccc(CN(C)CC2OCCCCC(C)Oc3ccc(NC(=O)CCCN(C)C)cc3C(=O)N(C(C)CO)CC2C)cc1
AKT1,Pre-trained hierVAE Generate,0.44,C12(CN(CC(CN(CCOC)S(C=3C(=NOC3C)C)(=O)=O)O)CCC1)OC=4C=CC(O)=CC4C(C2)=O,CC1CCCCOC(CN(C)Cc2ccc(C(F)(F)F)cc2)C(C)CN(C(C)CO)C(=O)c2cc(NS(=O)(=O)c3cn(C)cn3)ccc2O1
AKT1,Pre-trained hierVAE Generate,0.21,N=1C(NC2=CC=CC3=C2C(NC3)=O)=C4C=CNC4=NC1NC5=C(C=C6C(N(CC6)C(CN(C)C)=O)=C5)OC,CC(C)NC(=O)Nc1ccc2c(c1)C(=O)N(C(C)CO)CC(C)C(CN(C)Cc1cccnc1)OCCCCC(C)O2
AKT1,Pre-trained hierVAE Generate,0.45,C=1C=C2C(=CC1C=3C=C(C(=CC3)N)OC)NC4=C(NC2=O)C=C(CC(=O)NC5=CC=C(C=C5)N6CCOCC6)C=C4,COc1cccc(-c2cccc(C3C(=O)Cc4c(C(=O)NCCN5CCOCC5)cccc4C3=O)c2)c1
AKT1,Pre-trained hierVAE Generate,0.51,C12(CN(CC(CN(CCOC)S(C=3C(=NOC3C)C)(=O)=O)O)CCC1)OC=4C=CC(O)=CC4C(C2)=O,COc1ccc(S(=O)(=O)N(C)CC2Oc3ccc(NC(=O)CCC(F)(F)F)cc3C(=O)N(C(C)CO)CC2C)cc1
AKT1,Pre-trained hierVAE Generate,0.03,FC1=C(N=C2N=CC(=C(O)C2=C1C)C(=O)O)N3CC(NC(=O)C)CC3,CCNCCCNC(=O)C1C(CO)C2Cn3c(ccc(-c4ccccc4)c3=O)C2N1C(=O)c1cccc(F)c1
AKT1,Pre-trained hierVAE Generate,0.07,O=C1NC=2C(NC=3C1=CC=C(C3)C=4C=C(OC)C(OCC(O)CO)=CC4)=CC=C(C2)CCOC5=CC=C(N6CCOCC6)C=C5,COc1ccc(CNC(=O)CC2CCC3C(COCC(O)CN3C(=O)c3cccc(F)c3)O2)cc1
AKT1,Pre-trained hierVAE Generate,0.58,C12(CN(CC(CN(CCOC)S(C=3C(=NOC3C)C)(=O)=O)O)CCC1)OC=4C=CC(O)=CC4C(C2)=O,CC(C)NC(=O)N(C)CC1Oc2cc(-c3ccccc3C(=O)N(C)C)ccc2S(=O)(=O)N(C(C)CO)CC1C
AKT1,Pre-trained hierVAE Generate,0.66,C1CCOC=2N=C(NC(NC=3C=C(C(=CC3OCC1)OCCO)Cl)=O)C=NC2C#N,CC(C)NC(=O)Nc1ccc2c(c1)C1CC(CC(=O)NCc3cccnc3)OC(CO)C1O2
AKT1,Pre-trained hierVAE Generate,0.33,C=1C=CC=C(C(NCCCC(NC2OC(C(C(C2O)O)O)CO)=O)=O)C1,CC(NC(=O)CC1CCC(NC(=O)Cc2ccccn2)C(CO)O1)c1ccccc1
AKT1,Pre-trained hierVAE Generate,0.42,C12(CN(C[C@@H](CN(CCOCC)S(C3=CC=CC=C3F)(=O)=O)O)CCC1)OC=4C=CC(=CC4C(C2)=O)O,CC1CN(C(C)CO)S(=O)(=O)c2ccc(-c3ccc(F)cc3)cc2OC1CN(C)C(=O)CCN1CCOCC1
AKT1,Pre-trained hierVAE Generate,0.56,O=C1NC=2C(NC=3C1=CC=C(C3)C=4C=C(OC)C(OCC(O)CO)=CC4)=CC=C(C2)CCOC5=CC=C(N6CCOCC6)C=C5,CN1C(=O)c2cc(NC(=O)CCC(F)(F)F)ccc2OCC2OC(CC(=O)NC3CCN(Cc4ccccc4)C3)CCC21
AKT1,Pre-trained hierVAE Generate,0.6,N=1C(NC2=CC=CC3=C2C(NC3)=O)=C4C=CNC4=NC1NC5=C(C=C6C(N(CC6)C(CN(C)C)=O)=C5)OC,Cc1noc(C)c1NC(=O)Nc1ccc2c(c1)C(=O)N(C(C)CO)CC(C)C(CN(C)CC1CC1)OCCCCC(C)O2
AKT1,Pre-trained hierVAE Generate,0.4,C12(CN(C[C@@H](CN(CCOCC)S(C3=C(C=CC=C3C)C)(=O)=O)O)CCC1)OC=4C=CC(=CC4C(C2)=O)O,CC1CCCCOC(CN(C)C(=O)NC(C)(C)C)C(C)CN(C(C)CO)C(=O)c2cc(NS(=O)(=O)c3ccccc3)ccc2O1
AKT1,Pre-trained hierVAE Generate,0.53,C12(CN(C[C@@H](CN(CCOCC)S(C3=C(C=CC=C3C)C)(=O)=O)O)CCC1)OC=4C=CC(=CC4C(C2)=O)O,CCCNC(=O)N1CC(C)C(OC)CN(C)C(=O)c2cc(NS(=O)(=O)c3ccc(C)cc3)ccc2OCC1C
AKT1,Pre-trained hierVAE Generate,0.03,O=C(N(CCOC)C)C=1N(N=NC1C=2C=C3C(NN=C3)=CC2)CC4=CC=CC=C4,CC1CN(C(C)CO)C(=O)CCCn2cc(nn2)COC1CN(C)Cc1ccc(C(=O)O)cc1
AKT1,Pre-trained hierVAE Generate,0.39,C12(CN(CC(CN(CCOC)S(C=3C(=NOC3C)C)(=O)=O)O)CCC1)OC=4C=CC(O)=CC4C(C2)=O,CC(C)NC(=O)N(C)CC1Oc2cc(-c3ccccc3C(=O)N(C)C)ccc2S(=O)(=O)N(C(C)CO)CC1C
AKT1,Pre-trained hierVAE Generate,0.57,C12(CN(C[C@@H](CN(CCOCC)S(C3=C(C=CC=C3C)C)(=O)=O)O)CCC1)OC=4C=CC(=CC4C(C2)=O)O,CC(C)CC#Cc1ccc2c(c1)OC(CN(C)CC1CCOCC1)C(C)CN(C(C)CO)S2(=O)=O
AKT1,Pre-trained hierVAE Generate,0.55,C12(CN(C[C@@H](CN(CCOCC)S(C3=C(C=CC=C3C)C)(=O)=O)O)CCC1)OC=4C=CC(=CC4C(C2)=O)O,CCC(=O)N(C)CC1Oc2cc(C#CC(C)(C)O)ccc2S(=O)(=O)N(C(C)CO)CC1C
AKT1,Pre-trained hierVAE Generate,0.37,C12(CN(CCC1)C[C@@H](CN(CCOCC)S(C3=CC=CC=C3C(F)(F)F)(=O)=O)O)OC4=C(C=C(C=C4)O)C(C2)=O,Cc1ccc(S(=O)(=O)Nc2ccc3c(c2)C(=O)N(C(C)CO)CC(C)C(CN(C)C(=O)CCC(F)(F)F)OCCCCC(C)O3)cc1
AKT1,Pre-trained hierVAE Generate,0.78,C12(CN(CC(CN(CCOC)S(C=3C(=NOC3C)C)(=O)=O)O)CCC1)OC=4C=CC(O)=CC4C(C2)=O,CC1CCCCOC(CN(C)Cc2ccc(C(F)(F)F)cc2)C(C)CN(C(C)CO)C(=O)c2cc(NS(=O)(=O)c3cccs3)ccc2O1
AKT1,Pre-trained hierVAE Generate,0.4,O=C(N1CCOCC1)C2=CC(C=3C=C4C(=NC3)NC=C4)=CC=C2,Cc1ccc(CNc2ncnc3ccc(-c4ccc(C(=O)NCCCN5CCOCC5)cc4)cc23)cc1
AKT1,Pre-trained hierVAE Generate,0.36,C12(CN(CC(CN(CCOC)S(C=3C(=NOC3C)C)(=O)=O)O)CCC1)OC=4C=CC(O)=CC4C(C2)=O,COc1ccc(CN(C)CC2OCCCCC(C)Oc3ccc(NS(=O)(=O)c4ccc(C)cc4)cc3C(=O)N(C(C)CO)CC2C)cc1
AKT1,Pre-trained hierVAE Generate,0.45,C=1C=CC=C(C(NCCCC(NC2OC(C(C(C2O)O)O)CO)=O)=O)C1,CC(C)(C)c1cccc(C(=O)NC2C(O)CC(O)CC2C(=O)NCc2cccc(C(F)(F)F)c2)c1
AKT1,Pre-trained hierVAE Generate,0.57,O=C1NC=2C(NC=3C1=CC=C(C3)C=4C=C(OC)C(OCC(O)CO)=CC4)=CC=C(C2)CCOC5=CC=C(N6CCOCC6)C=C5,COc1ccc(C#Cc2cnc3c(c2)C(=O)N(C(C)CO)CC(C)C(CN(C)C(=O)Cc2cccnc2)O3)cc1
AKT1,Pre-trained hierVAE Generate,0.46,FC1=C(N=C2N=CC(=C(O)C2=C1C)C(=O)O)N3CC(NC(=O)C)CC3,CCNCCCNC(=O)C1C(CO)C2Cn3c(ccc(-c4ccccc4)c3=O)C2N1C(=O)c1cccc(F)c1
AKT1,Pre-trained hierVAE Generate,0.46,O1[C@@]2(N3C4=C5N([C@H]1C[C@@H](N(C)C(=O)C=6C=CC=CC6)[C@H]2OC)C=7C(C5=C8C(=C4C=9C3=CC=CC9)CNC8=O)=CC=CC7)C,CC1CN(C(C)CO)C(=O)c2c(c3ccccc3n2C)-c2ccccc2COC1CN(C)C(=O)Cc1ccccc1
AKT1,Pre-trained hierVAE Generate,0.42,S(=O)(=O)(N)C=1C(=CC=C(NC=2N=C(NC3=CC=C(OCC(=O)NC)C=C3)C(F)=CN2)C1)C,COC(=O)CC1CC2c3cc(NS(=O)(=O)c4ccc(F)cc4)ccc3OC2C(CO)O1
AKT1,Pre-trained hierVAE Generate,0.47,C1CCOC=2N=C(NC(NC=3C=C(C(=CC3OCC1)OCCO)Cl)=O)C=NC2C#N,CC(C)NC(=O)Nc1ccc2c(c1)C1CC(CC(=O)NCc3cccnc3)OC(CO)C1O2
AKT1,Pre-trained hierVAE Generate,0.56,N=1C(NC2=CC=CC3=C2C(NC3)=O)=C4C=CNC4=NC1NC5=C(C=C6C(N(CC6)C(CN(C)C)=O)=C5)OC,CC(C)NC(=O)Nc1ccc2c(c1)C(=O)N(C(C)CO)CC(C)C(CN(C)Cc1cccnc1)OCCCCC(C)O2
AKT1,Pre-trained hierVAE Generate,0.35,C12(CN(C[C@@H](CN(CCOCC)S(C3=CC=CC=C3F)(=O)=O)O)CCC1)OC=4C=CC(=CC4C(C2)=O)O,CC1CN(C(C)CO)S(=O)(=O)c2ccc(-c3ccc(F)cc3)cc2OC1CN(C)C(=O)CCN1CCOCC1
AKT1,Pre-trained hierVAE Generate,0.48,O=C1NC=2C(NC=3C1=CC=C(C3)C=4C=C(OC)C(OCC(O)CO)=CC4)=CC=C(C2)CCOC5=CC=C(N6CCOCC6)C=C5,CN1C(=O)c2cc(NC(=O)CCC(F)(F)F)ccc2OCC2OC(CC(=O)NC3CCN(Cc4ccccc4)C3)CCC21
AKT1,Pre-trained hierVAE Generate,0.58,C1(NC(=C(C2=CC=CC=C2)N=C1C)C=3C=CC(CN4CCC(CC4)N5C6=C(NC5=O)C=CC=C6)=CC3)=O,CCCN1C(C(=O)NCc2ccc(-c3ccccc3)cc2)C(CO)C2Cn3c(ccc(-c4cncnc4)c3=O)C21
AKT1,Pre-trained hierVAE Generate,0.62,C12(CN(C[C@@H](CN(CCOC(C)C)S(C=3C(=NOC3C)C)(=O)=O)O)CCC1)OC=4C=CC(=CC4C(C2)=O)O,COc1ccc(-c2ccc(-c3cc4c(c(C(=O)NCCN5CCOCC5)n3)C(CCO)N(S(=O)C(C)(C)C)C4)cc2)cc1
AKT1,Pre-trained hierVAE Generate,0.53,O=C(N[C@@H](CCCNC(=N)N)C(=O)N([C@@H](C(C)C)C(=O)N[C@@H](CC1=CC=C(O)C=C1)C(=O)N[C@@H](COC)C(=O)NCCCC(O)=O)C)[C@H]2N(CCC2)C(=O)[C@@H](N)CCCNC(=N)N,CCCCCCC(=O)NC(CCCNC(=N)N)C(=O)NC(CO)C(=O)NC(CO)COC(=O)CCCN1CCC(C)C(C)C1(O)C(=O)NCCOC
AKT1,Pre-trained hierVAE Generate,0.37,O=C(N(CCOC)C)C=1N(N=NC1C=2C=C3C(NN=C3)=CC2)CC4=CC=CC=C4,CC1CN(C(C)CO)C(=O)CCCn2cc(nn2)COC1CN(C)Cc1ccc(C(=O)O)cc1
AKT1,Pre-trained hierVAE Generate,0.56,C12(CCCN(C1)C[C@H](O)CN(S(C3=C(C=CC=C3C)C)(=O)=O)CCOCC)OC=4C(CC2)=CC=5C(C4)=CNC5O,CCCCCC(C)NC(=O)Nc1ccc2c(c1)C(=O)N(C(C)CO)CC(C)C(CN(C)S(=O)(=O)c1cn(C)cn1)O2
AKT1,Pre-trained hierVAE Generate,0.34,C12(CN(CC(CN(CCOC)S(C=3C(=NOC3C)C)(=O)=O)O)CCC1)OC=4C=CC(O)=CC4C(C2)=O,CC1CN(C(C)CO)S(=O)(=O)c2ccc(C=Cc3ccccc3)cc2OC1CN(C)Cc1ccc(C(=O)O)cc1
AKT1,Pre-trained hierVAE Generate,0.31,C12(CN(C[C@@H](CN(CCCCC)S(C=3C(=NOC3C)C)(=O)=O)O)CCC1)OC=4C=CC(=CC4C(C2)=O)O,CCCCCC(=O)Nc1ccc2c(c1)OC(CN(C)Cc1cccnc1)C(C)CN(C(C)CO)S2(=O)=O
AKT1,Pre-trained hierVAE Generate,0.3,C12(CN(CCC1)C[C@@H](CN(CCOCC)S(C3=CC=CC=C3C(F)(F)F)(=O)=O)O)OC4=C(C=C(C=C4)O)C(C2)=O,Cc1ccc(S(=O)(=O)Nc2ccc3c(c2)C(=O)N(C(C)CO)CC(C)C(CN(C)C(=O)CCC(F)(F)F)OCCCCC(C)O3)cc1
AKT1,Pre-trained hierVAE Generate,0.24,C12(CN(CC(CN(CCOC)S(C=3C(=NOC3C)C)(=O)=O)O)CCC1)OC=4C=CC(O)=CC4C(C2)=O,Cc1ccc(S(=O)(=O)Nc2ccc3c(c2)C(=O)N(C(C)CO)CC(C)C(CN(C)Cc2cccnc2)OCCCCC(C)O3)cc1
AKT1,Pre-trained hierVAE Generate,0.34,C1(=CC2=C(C=C1OC)N=CC3=C2C=C(N=C3N)C=4C=NC=C(C4)OC[C@@H](CC5=CC=C(C=C5)F)N)OC,COc1ccc(CNc2ncnc3ccc(-c4ccc(F)cc4)cc23)cc1OC
AKT1,Pre-trained hierVAE Generate,0.29,C12(CN(CC(CN(CCOC)S(C=3C(=NOC3C)C)(=O)=O)O)CCC1)OC=4C=CC(O)=CC4C(C2)=O,COc1ccc(CN(C)CC2OCCCCC(C)Oc3ccc(NS(=O)(=O)c4ccc(C)cc4)cc3C(=O)N(C(C)CO)CC2C)cc1
AKT1,Pre-trained hierVAE Generate,0.59,C12(CN(C[C@@H](CN(CCOCC)S(C3=C(C=CC=C3C)C)(=O)=O)O)CCC1)OC=4C=CC(=CC4C(C2)=O)O,CCCNC(=O)N1CC(C)C(OC)CN(C)C(=O)c2cc(NS(=O)(=O)c3ccc(C)cc3)ccc2OCC1C
AKT1,Pre-trained hierVAE Generate,0.36,O=C1NC=2C(NC=3C1=CC=C(C3)C=4C=C(OC)C(OCC(O)CO)=CC4)=CC=C(C2)CCOC5=CC=C(N6CCOCC6)C=C5,COc1ccc(CNC(=O)CC2CCC3C(COCC(O)CN3Cc3ccc4c(c3)OCO4)O2)cc1
AKT1,Pre-trained hierVAE Generate,0.51,N1=CC=2C=C(C(N(C2N=C1NC3CCOCC3)C)=O)OC4=CC=C(C=C4F)F,CCCNC(=O)Nc1ccc2c(c1)C(=O)N(C)CC(OC)C(C)CN(Cc1ccc(F)cc1)C(C)CO2
AKT1,Pre-trained hierVAE Generate,0.08,C=1C=CC=C(C(NCCCC(NC2OC(C(C(C2O)O)O)CO)=O)=O)C1,NC(=O)c1ccc(NC(=O)CCCNC(=O)c2ccc(O)cc2)cc1
AKT1,Pre-trained hierVAE Generate,0.34,C12(CN(CC(CN(CCOC)S(C=3C(=NOC3C)C)(=O)=O)O)CCC1)OC=4C=CC(O)=CC4C(C2)=O,CC1CN(S(=O)C(C)(C)C)C(=O)CCCn2cc(nn2)COC1CN(C)Cc1ccc(C(F)(F)F)cc1
AKT1,Pre-trained hierVAE Generate,0.43,O=C1NC=2C(NC=3C1=CC=C(C3)C=4C=C(OC)C(OCC(O)CO)=CC4)=CC=C(C2)CCOC5=CC=C(N6CCOCC6)C=C5,CCNc1ccc2c(c1)C1CC(CC(=O)NCCN3CCCCC3)OC(CO)C1O2
AKT1,Pre-trained hierVAE Generate,0.31,N=1C(NC2=CC=CC3=C2C(NC3)=O)=C4C=CNC4=NC1NC5=C(C=C6C(N(CC6)C(CN(C)C)=O)=C5)OC,CC(C)NC(=O)Nc1ccc2c(c1)C(=O)N(C(C)CO)CC(C)C(CN(C)Cc1cccnc1)OCCCCC(C)O2
AKT1,Pre-trained hierVAE Generate,0.51,C12(CN(CCC1)C[C@@H](CN(CCOCC)S(C3=CC=CC=C3C(F)(F)F)(=O)=O)O)OC4=C(C=C(C=C4)O)C(C2)=O,Cc1ccc(S(=O)(=O)N(C)CC2OCCCCC(C)Oc3ccc(NC(=O)CCC(F)(F)F)cc3C(=O)N(C(C)CO)CC2C)cc1
AKT1,Pre-trained hierVAE Generate,0.52,C1=C(C=2C=NC=C(C2)OC[C@H](CC=3C4=C(NC3)C=CC=C4)NC5=CC=C6C(=C5)C(C(N6)=O)(C)C)C=C7C(NC(C7(C)C)=O)=C1,CC(C)(C)C(=O)Nc1ccc(C(=O)c2ccc(O)c(O)c2)cc1
AKT1,Pre-trained hierVAE Generate,0.71,C12(CN(C[C@@H](CN(CCOC(C)C)S(C=3C(=NOC3C)C)(=O)=O)O)CCC1)OC=4C=CC(=CC4C(C2)=O)O,CC(C)(C)S(=O)N1Cc2cc(C(=O)NCc3ccc4c(c3)OCO4)nc(-c3cccc(-c4cccnc4)c3)c2C1CCO
AKT1,Pre-trained hierVAE Generate,0.3,N=1C=NC(N2CCN(C(=O)C(CC3=CC=C(C=C3)C)CNC(C)C)CC2)=C4[C@@H](OCC41)C,CC(=O)N1Cc2cc(C(=O)NCCCN3CCOCC3)nc(-c3ccc(C(O)C(C)C)cc3)c2C1CCO
AKT1,Pre-trained hierVAE Generate,0.47,C12(CN(C[C@@H](CN(CCOCC)S(C3=C(C=CC=C3C)C)(=O)=O)O)CCC1)OC=4C=CC(=CC4C(C2)=O)O,CCCNC(=O)N1CC(C)C(OC)CN(C)C(=O)c2cc(NS(=O)(=O)c3ccc(C)cc3)ccc2OCC1C
AKT1,Pre-trained hierVAE Generate,0.36,C=1N=C(C=2C=CC(=CC2)CN3CCC(CC3)N4C=5C(N=C4O)=CC=CC5)C(C=6C=CC=CC6)=CC1C7=NN=NN7C,CC(C)c1nc2c(N3CCN(C)CC3)ncnc2n1Cc1ccc(Oc2nnnn2C)cc1
AKT1,Pre-trained hierVAE Generate,0.47,C12(CN(CC(CN(CCOC)S(C=3C(=NOC3C)C)(=O)=O)O)CCC1)OC=4C=CC(O)=CC4C(C2)=O,CC(C)NC(=O)N(C)CC1Oc2cc(-c3ccccc3C(=O)N(C)C)ccc2S(=O)(=O)N(C(C)CO)CC1C
AKT1,Ours,0.91,FC(F)(F)C=1C(=NC(NC2=CC=3C4N(C(C3C=C2)CC4)C(=O)CNC(=O)C)=NC1)NC5CCC5,Cc1nc2cnc(NCC(=O)NCCCNC(=O)CCc3cccc(F)c3)nc2n1Cc1cccc(F)c1
AKT1,Ours,0.89,C=1C=C2C(=CC1Cl)/C(=C/C=3C=C(C(=C(C3)Cl)O)Cl)/C(N2)=O,O=C1Nc2ccccc2C1=Cc1ccccc1O
AKT1,Ours,0.87,O(C[C@@H](NC1=CC=2N(C(=O)NC2C=C1)CC#N)CC=3C=4C(NC3)=CC=CC4)C=5C=C(C6=CC=7N(C(=O)NC7C=C6)CC#N)C=NC5,O=C(O)C(Cc1ccccc1)NC(=O)C1C(CO)C2Cn3c(ccc(-c4cncnc4)c3=O)C2N1C(=O)Nc1ccc(F)cc1
AKT1,Ours,0.87,C=1C=C(C=CC1C[C@@H](CNC)C(N2CCN(CC2)C=3C4=C(N=CN3)NC=C4)=O)Cl,CN1CCN(CCCNC(=O)c2ccc3ncnc(NC(=O)c4ccc(Cl)cc4)c3c2)CC1
AKT1,Ours,0.86,O=C1NC=2C(NC=3C1=CC=C(C3)C=4C=C(OC)C(OCC(O)CO)=CC4)=CC=C(C2)CCOC5=CC=C(N6CCOCC6)C=C5,COc1ccc(CNC(=O)CC2CC3c4cc(NC(=O)CN5CCOCC5)ccc4OC3C(CO)O2)cc1
AKT1,Ours,0.86,O=C1NC=2C(NC=3C1=CC=C(C3)C=4C=C(OC)C(OCC(O)CO)=CC4)=CC=C(C2)CCOC5=CC=C(N6CCOCC6)C=C5,COc1ccc(CNC(=O)CC2CC3c4cc(NC(=O)CN5CCOCC5)ccc4OC3C(CO)O2)cc1
AKT1,Ours,0.86,N1=CN=C(C2=CC(=C(C=C12)OC)OC)NC=3C=CC(=CC3)OCC=4C=CC=CC4,COc1ccc(CNc2ncnc3ccc(C#N)cc23)cc1OC
AKT1,Ours,0.86,N1=CN=C(C2=CC(=C(C=C12)OC)OC)NC=3C=CC(=CC3)OCC=4C=CC=CC4,COc1ccc(CNc2ncnc3ccc(C#N)cc23)cc1OC
AKT1,Ours,0.86,C12(CN(C[C@@H](CN(C3CCCCC3)S(C=4C(=NOC4C)C)(=O)=O)O)CCC1)OC=5C=CC(=CC5C(C2)=O)O,COc1ccc(S(=O)(=O)Nc2ccc3c(c2)C2CC(CC(=O)NCCc4ccccc4)OC(CO)C2O3)cc1
AKT1,Ours,0.86,C(N[C@H](C(=O)NCCN1C(C=CC1=O)=O)CC=2C=CC=CC2)(=O)OC(C)(C)C,COc1ccc(C(=O)N2CCCC2C(=O)NCCCCC(=O)NC(C(=O)O)C(C)(C)C)cc1
AKT1,Ours,0.86,C(N1CCC[C@@]2(CCN(C=3N=CN=C(C3C4CC4)N)C2)C1)[C@H](O)CNS(C5=CN=CC=C5C)(=O)=O,NS(=O)(=O)c1ccc(S(=O)(=O)NC2CCC(CCn3cc(C4CCCCC4)nn3)OC2CO)cc1
AKT1,Ours,0.85,ClC=1N=C(NCC2=CC=CC=C2)C=C(C=3C=4C(NC3)=NC=CC4)C1,Clc1ccc(CNc2ncnc3cc(Cl)ccc23)cc1
AKT1,Ours,0.85,C12(CN(C[C@@H](CN(CCOCC)S(C3=CC=CC=C3C)(=O)=O)O)CCC1)OC=4C=CC(=CC4C(C2)=O)O,CCOc1ccc(CNC(=O)CC2CCC3C(COCC(O)CN3S(=O)(=O)c3ccc(C)cc3)O2)cc1
AKT1,Ours,0.85,C12(CN(CCC1)C[C@@H](CN(CCOCC)S(C3=C(C=CC=C3C)C)(=O)=O)O)OC=4C=CC(=CC4CC2)O,COc1ccc(C#Cc2ccc3c(c2)OC(CN(C)CC2CCOCC2)C(C)CN(C(C)CO)S3(=O)=O)cc1
AKT1,Ours,0.85,C12(CN(CC(CN(CCOC)S(C=3C(=NOC3C)C)(=O)=O)O)CCC1)OC=4C=CC(O)=CC4C(C2)=O,CC(C)NC(=O)N(C)CC1Oc2cc(C#CC(C)(C)O)ccc2S(=O)(=O)N(C(C)CO)CC1C
AKT1,Ours,0.85,C12(CN(CC(CN(CCOC)S(C=3C(=NOC3C)C)(=O)=O)O)CCC1)OC=4C=CC(O)=CC4C(C2)=O,CC(C)NC(=O)N(C)CC1Oc2cc(-c3ccccc3C(=O)N(C)C)ccc2S(=O)(=O)N(C(C)CO)CC1C
AKT1,Ours,0.84,S1C=2C(C(C3=CC=C(NC(=O)NC4=CC=C(OC)C=C4)C=C3)=C1)=C(N=CC2C5=CN(N=C5)CCO)N,COc1ccc(NC(=O)NC2CCC(CCn3cc(-c4cccnc4)nn3)OC2CO)cc1
AKT1,Ours,0.84,COC=1C=CC(O)=C(C(=O)C2=CC=C(CO[C@@H]3CCCNCC3NC(=O)C=4C=CN=CC4)C=C2)C1F,COc1ccccc1CNC(=O)CC1CCC(NC(=O)c2ccccc2F)C(CO)O1
AKT1,Ours,0.84,COC=1C=CC(O)=C(C(=O)C2=CC=C(CO[C@@H]3CCCNCC3NC(=O)C=4C=CN=CC4)C=C2)C1F,COc1ccccc1CNC(=O)CC1CCC(NC(=O)c2ccc(F)cc2)C(CO)O1
AKT1,Ours,0.84,C=1(C=NC=CC1)CNC2=CC3=C(N=CC(C#N)=C3NC4=CC=C(C(=C4)Cl)F)C=N2,Cc1ccc(CNc2ncnc3ccc(-c4ccccc4F)cc23)cc1
AKT1,Ours,0.84,C12(CN(CC(CN(CCOC)S(C=3C(=NOC3C)C)(=O)=O)O)CCC1)OC=4C=CC(O)=CC4C(C2)=O,Cc1noc(C)c1S(=O)(=O)Nc1ccc2c(c1)C(=O)N(C(C)CO)CC(C)C(CN(C)Cc1cccc(C(F)(F)F)c1)OCCCCC(C)O2
AKT1,Ours,0.84,C12(CN(CC(CN(CCOC)S(C=3C(=NOC3C)C)(=O)=O)O)CCC1)OC=4C=CC(O)=CC4C(C2)=O,COc1ccccc1C#Cc1ccc2c(c1)OC(CN(C)Cc1cccnc1)C(C)CN(C(C)CO)S2(=O)=O
AKT1,Ours,0.84,C12(CN(CC(CN(CCOC)S(C=3C(=NOC3C)C)(=O)=O)O)CCC1)OC=4C=CC(O)=CC4C(C2)=O,COc1ccc(S(=O)(=O)N(C)CC2OCCCCC(C)Oc3ccc(NS(=O)(=O)c4cn(C)cn4)cc3C(=O)N(C(C)CO)CC2C)cc1
AKT1,Ours,0.84,C12(CCN(CC1)C)CN(C3=NC=NC4=C3C=CN4)C5=C2C=CC=C5,Cc1ccc2c(N3CCN(C)CC3)nc(-c3ccc(C(C)(C)C)cc3)nc2n1
AKT1,Ours,0.83,OC=1C(=C2C(C(=NNC(=O)CC=3C=4C(C=CC3)=CC=CC4)CCC2)=CC1)C,CC(C(C)(C)C)C(C)(C)C(O)CCC(=O)Nc1ccc(C(=O)c2ccc(Cl)cc2)cc1
AKT1,Ours,0.83,O=C1NC=2C(NC=3C1=CC=C(C3)C=4C=C(OC)C(OCC(O)CO)=CC4)=CC=C(C2)CCOC5=CC=C(N6CCOCC6)C=C5,COc1ccc(CNC(=O)CC2CCC3C(COCC(O)CN3Cc3ccc(OC)cc3)O2)cc1
AKT1,Ours,0.83,O=C1NC=2C(NC=3C1=CC=C(C3)C=4C=C(OC)C(OCC(O)CO)=CC4)=CC=C(C2)CCOC5=CC=C(N6CCOCC6)C=C5,CN1CCN(C(=O)CC2CC3c4cc(NC(=O)Cc5ccncc5)ccc4OC3C(CO)O2)CC1
AKT1,Ours,0.83,O=C(N[C@@H](CCCNC(=N)N)C(=O)N([C@@H](C(C)C)C(=O)N[C@@H](CC1=CC=C(O)C=C1)C(=O)N[C@@H](COC)C(=O)NCCCC(O)=O)C)[C@H]2N(CCC2)C(=O)[C@@H](N)CCCNC(=N)N,CC(C)NC(=O)N(C)CC1OCCCCC(C)Oc2ccc(NC(=O)CCCN(C)C)cc2C(=O)N(C(C)CO)CC1C
AKT1,Ours,0.83,O=C(N)C1=NC=C(N=C1NC=2C=C(C=CC2)C)NC3C(N)CCCC3,CCCCCCCCCCCCCCCCC(=O)Nc1ccc(C(=O)Nc2ccccc2C(=O)Nc2ccc(C(=O)Nc3ccccc3C(=O)Nc3ccc(C(=O)Nc4ccccc4C(=O)Nc4ccc(C(=O)Nc5ccccc5C(=O)Nc5ccc(C(=O)Nc6ccccc6C(=O)Nc6ccc(C(=O)Nc7ccccc7C)cc6)cc5)cc4)cc3)cc2)cc1
AKT1,Ours,0.83,O1N=C(C=C1C=2C=C3C(NN=C3)=CC2)C(=O)N4CCCCC4,O=C(Nc1cnn(C2CCCO2)c1)c1cc(C(F)(F)F)on1
AKT1,Ours,0.83,N(C1=CC(=CC(=C1OC)NS(=O)(=O)C)C(C)(C)C)C(=O)NC2=C3C(=C(C=C2)C4=CC=C(N=C4)CN5CCOCC5)C=CC=C3,CC1CN(C(C)CO)S(=O)(=O)c2ccc(-c3ccccc3C(=O)N(C)C)cc2OC1CN(C)C(=O)Nc1ccc(C(F)(F)F)cc1
AKT1,Ours,0.83,C1C[C@@]2([C@@H]([C@]([C@@H]1O)(C)CO)CCC([C@H]2C=CC3C(OC[C@H]3O)=O)=C)C,CCCCCCCCCCCCCCCCCCCCC(O)C(O)CCCCCCCCCC(O)C(O)CCCCCCCCC(O)CO
AKT1,Ours,0.83,C12(CN(C[C@@H](CN(CCOCC)S(C3=CC=CC=C3F)(=O)=O)O)CCC1)OC=4C=CC(=CC4C(C2)=O)O,CC1CN(C(C)CO)S(=O)(=O)c2ccc(C#Cc3ccc(F)cc3)cc2OC1CN(C)C(=O)CCN(C)C
AKT1,Ours,0.83,C12(CN(CCC1)C[C@@H](CN(CCOCC)S(C3=C(C=CC=C3C)C)(=O)=O)O)OC=4C=CC(=CC4CC2)O,CC1CN(C(C)CO)S(=O)(=O)c2ccc(C#CC(C)(C)C)cc2OC1CN(C)CC1CCOCC1
AKT1,Ours,0.83,C12(CN(CC(CN(CCOC)S(C=3C(=NOC3C)C)(=O)=O)O)CCC1)OC=4C=CC(O)=CC4C(C2)=O,CC1CCCCOC(CN(C)S(=O)(=O)c2cn(C)cn2)C(C)CN(C(C)CO)C(=O)c2cc(NC(=O)C3CCCCC3)ccc2O1
AKT1,Ours,0.83,C(=O)(NC=1C=2C(C(=CC1)OCCN3CCOCC3)=CC=CC2)NC4=CC(=NN4C5=CC=C(C=C5)C)C(C)(C)C,COc1ccc(NC(=O)NC2CCC(CCn3cc(-c4ccc(OC)cc4)nn3)OC2CO)cc1
AKT1,Ours,0.82,S(=O)(=O)(N1CCOCC1)C=2C=C(C(=O)NC3=CC=C(C4=NC5=C(N4)C=CC=C5C(=O)N)C=C3)C=CC2,CC(C)(C)S(=O)Nc1ncnc2ccc(C(=O)NCCCN3CCOCC3)cc12
AKT1,Ours,0.82,OC(=O)C=1NC2=C(C1CCCOC=3C(=C(C=C(C3)C)C)C)C=CC=C2C4=C(C=CC=C4)C,CC(C)(C)c1cc(O)ccc1C(=O)OCC=CC=CCCC(=O)O
AKT1,Ours,0.82,O=C1NC=2C(NC=3C1=CC=C(C3)C=4C=C(OC)C(OCC(O)CO)=CC4)=CC=C(C2)CCOC5=CC=C(N6CCOCC6)C=C5,COc1ccc(CNC(=O)CC2CC3c4cc(NC(=O)c5ccc6c(c5)OCO6)ccc4OC3C(CO)O2)cc1
AKT1,Ours,0.82,O=C1NC=2C(NC=3C1=CC=C(C3)C=4C=C(OC)C(OCC(O)CO)=CC4)=CC=C(C2)CCOC5=CC=C(N6CCOCC6)C=C5,CC1CCN(C(C)CO)C(=O)c2cc(NC(=O)CN(C)C)ccc2OC(CN(C)C(=O)CCN2CCOCC2)C(C)NC1
AKT1,Ours,0.82,O=C1N(C(=O)C2=C3C1=CC=C(NCCCC)C3=CC=C2)CCNCCO,Cc1ccc(C(=O)N(C)CC(O)C(Cc2ccccc2)NC(=O)CCC(C)(C)C)cc1
AKT1,Ours,0.82,N=1C(NC2=CC=CC3=C2C(NC3)=O)=C4C=CNC4=NC1NC5=C(C=C6C(N(CC6)C(CN(C)C)=O)=C5)OC,CC(C)NC(=O)N(C)CC1OCc2ccccc2-c2c(n(C)c3ccccc23)C(=O)N(C(C)CO)CC1C
AKT1,Ours,0.82,FC=1C=C([C@H](C(=O)N2CCN(C=3N=CN=C4C3[C@@H](C[C@H]4O)C)CC2)CNC(CO)(C)C)C=CC1C(F)(F)F,CCCNC(=O)Nc1ccc2c(c1)C(=O)N(C(C)CO)CC(C)C(CN(C)Cc1ccc(C(F)(F)F)cc1)O2
AKT1,Ours,0.82,FC=1C=C([C@H](C(=O)N2CCN(C=3N=CN=C4C3[C@@H](C[C@H]4O)C)CC2)CNC(CO)(C)C)C=CC1C(F)(F)F,CC1CN(C(C)CO)C(=O)c2cc(NC(=O)CCN3CCOCC3)ccc2OC1CN(C)Cc1ccc(C(F)(F)F)cc1
AKT1,Ours,0.82,FC=1C=C([C@H](C(=O)N2CCN(C=3N=CN=C4C3[C@@H](C[C@H]4O)C)CC2)CNC(CO)(C)C)C=CC1C(F)(F)F,CC1CN(C(C)CO)C(=O)CCCn2cc(nn2)COC1CN(C)Cc1cccc(C(F)(F)F)c1
AKT1,Ours,0.82,FC=1C=C([C@H](C(=O)N2CCN(C=3N=CN=C4C3[C@@H](C[C@H]4O)C)CC2)CNC(CO)(C)C)C=CC1C(F)(F)F,CC1CCCCOC(CN(C)Cc2ccc(C(F)(F)F)cc2)C(C)CN(C(C)CO)C(=O)c2cc(NC(=O)CCCN(C)C)ccc2O1
AKT1,Ours,0.82,FC=1C=C([C@H](C(=O)N2CCN(C=3N=CN=C4C3[C@@H](C[C@H]4O)C)CC2)CNC(CO)(C)C)C=CC1C(F)(F)F,CC1CCCCOC(CN(C)Cc2ccc(C(F)(F)F)cc2)C(C)CN(C(C)CO)C(=O)c2cc(NC(=O)CCC(F)(F)F)ccc2O1
AKT1,Ours,0.82,C=1C=CC=C(C1)C2=CC(=NC(=C2)C=3C=C4C(=CC3)OCC(N4)=O)C5=CC6=C(C=C5)OC(N6)=O,CC(CO)NC(=O)CC1CC2c3cc(NC(=O)c4ccc5c(c4)OCO5)ccc3OC2C(CO)O1
AKT1,Ours,0.82,C=1C=CC=C(C(NCCCC(NC2OC(C(C(C2O)O)O)CO)=O)=O)C1,CCNC(=O)CC1CCC(NC(=O)c2ccc(-c3ccccc3)cc2)C(CO)O1
AKT1,Ours,0.82,C=1C=CC=C(C(NCCCC(NC2OC(C(C(C2O)O)O)CO)=O)=O)C1,CCCNC(=O)CC1CCC(NC(=O)c2cccc(-c3ccccc3)c2)C(CO)O1
AKT1,Ours,0.82,C12(CN(C[C@@H](CN(CCOCC)S(C3=CC=CC=C3F)(=O)=O)O)CCC1)OC=4C=CC(=CC4C(C2)=O)O,Cc1ccc(S(=O)(=O)Nc2ccc3c(c2)C(=O)N(C)C2CCC(CC(=O)NCc4ccccc4F)OC2CO3)cc1
AKT1,Ours,0.82,C12(CN(C[C@@H](CN(CCOCC)S(C3=C(C=CC=C3C)C)(=O)=O)O)CCC1)OC=4C=CC(=CC4C(C2)=O)O,CCCNC(=O)N1CC(C)C(OC)CN(C)C(=O)c2cc(NS(=O)(=O)c3ccc(C)cc3)ccc2OCC1C
AKT1,Ours,0.82,C12(CN(CCC1)C[C@@H](CN(CCOCC)S(C3=CC=CC=C3C(F)(F)F)(=O)=O)O)OC4=C(C=C(C=C4)O)C(C2)=O,CC1CCCCOC(CN(C)S(=O)(=O)c2ccc(C(F)(F)F)cc2)C(C)CN(C(C)CO)C(=O)c2cc(NC(=O)CCC(F)(F)F)ccc2O1
AKT1,Ours,0.82,C12(CN(CC(CN(CCOC)S(C=3C(=NOC3C)C)(=O)=O)O)CCC1)OC=4C=CC(O)=CC4C(C2)=O,Cc1ccc(S(=O)(=O)N(C)CC2OCc3ccccc3-c3c(n(C)c4ccccc34)C(=O)N(C(C)CO)CC2C)cc1
AKT1,Ours,0.82,C12(CN(CC(CN(CCOC)S(C=3C(=NOC3C)C)(=O)=O)O)CCC1)OC=4C=CC(O)=CC4C(C2)=O,COc1ccccc1S(=O)(=O)Nc1ccc2c(c1)C(=O)N(C)CC(OC)C(C)CN(C(=O)c1cccnc1)C(C)CO2
AKT1,Ours,0.82,C12(CN(CC(CN(CCOC)S(C=3C(=NOC3C)C)(=O)=O)O)CCC1)OC=4C=CC(O)=CC4C(C2)=O,CC1CN(C(C)CO)S(=O)(=O)c2ccc(C#CC3(O)CCCC3)cc2OC1CN(C)C(=O)NC1CCCCC1
AKT1,Ours,0.82,C12(CN(CC(CN(CCOC)S(C=3C(=NOC3C)C)(=O)=O)O)CCC1)OC=4C=CC(O)=CC4C(C2)=O,CC1CN(C(C)CO)S(=O)(=O)c2ccc(C#CC3(O)CCCC3)cc2OC1CN(C)C(=O)NC1CCCCC1
AKT1,Ours,0.82,C12(CN(CC(CN(CCOC)S(C=3C(=NOC3C)C)(=O)=O)O)CCC1)OC=4C=CC(O)=CC4C(C2)=O,CC1CN(C(C)CO)S(=O)(=O)c2ccc(-c3cccc(C#N)c3)cc2OC1CN(C)Cc1cccnc1
AKT1,Ours,0.82,C1(=C2C(C=CC=C2)=NC=N1)NC3=CC(OC)=CC=C3,COc1ccc2nc(C#N)nc(Nc3ccc(Cl)cc3)c2c1
AKT1,Ours,0.82,C1(=C2C(C=CC=C2)=NC=N1)NC3=CC(OC)=CC=C3,COc1ccc2nc(C#N)nc(Nc3ccc(Cl)cc3)c2c1
AKT1,Ours,0.82,C1(=C2C(C=CC=C2)=NC=N1)NC3=CC(OC)=CC=C3,COc1ccc2nc(C#N)nc(Nc3ccc(Cl)cc3)c2c1
AKT1,Ours,0.82,C1(=C2C(C=CC=C2)=NC=N1)NC3=CC(OC)=CC=C3,COc1ccc2nc(C#N)nc(Nc3ccc(Cl)cc3)c2c1
AKT1,Ours,0.81,O=C1NC=2C(NC=3C1=CC=C(C3)C=4C=C(OC)C(=CC4)CC#N)=CC=C(C2)CCOC5=CC=C(N6CCOCC6)C=C5,CCCc1ccc(C(=O)Nc2ccc3c(c2)C(=O)N(C)CC(OC)C(C)CN(Cc2ccccn2)C(C)CO3)cc1
AKT1,Ours,0.81,O=C1N(C=2C(N(C1CC)C3CCCC3)=NC(=NC2)NC4=C(OC)C=C(C=C4)C(=O)NC5CCN(CC5)C)C,CCCNC(=O)N1CC(C)C(OC)CN(C)C(=O)c2cc(NC(=O)c3ccncc3)ccc2OCC1C
AKT1,Ours,0.81,FC=1C=C([C@H](C(=O)N2CCN(C=3N=CN=C4C3[C@@H](C[C@H]4O)C)CC2)CNC(CO)(C)C)C=CC1C(F)(F)F,CC1CN(C(C)CO)C(=O)c2c(c3ccccc3n2C)-c2ccccc2COC1CN(C)C(=O)c1cccc(C(F)(F)F)c1
AKT1,Ours,0.81,FC=1C=C([C@H](C(=O)N2CCN(C=3N=CN=C4C3[C@@H](C[C@H]4O)C)CC2)CNC(CO)(C)C)C=CC1C(F)(F)F,CC1CN(C(C)CO)C(=O)c2c(c3ccccc3n2C)-c2ccccc2COC1CN(C)C(=O)c1ccc(F)cc1
AKT1,Ours,0.81,FC=1C=C([C@H](C(=O)N2CCN(C=3N=CN=C4C3[C@@H](C[C@H]4O)C)CC2)CNC(CO)(C)C)C=CC1C(F)(F)F,CC1CN(C(C)CO)C(=O)c2c(c3ccccc3n2C)-c2ccccc2COC1CN(C)C(=O)CCC(F)(F)F
AKT1,Ours,0.81,FC=1C=C([C@H](C(=O)N2CCN(C=3N=CN=C4C3[C@@H](C[C@H]4O)C)CC2)CNC(CO)(C)C)C=CC1C(F)(F)F,CC1CCCCOC(CN(C)C(=O)c2ccc(Cl)cc2)C(C)CN(C(C)CO)C(=O)c2cc(NC(=O)CCC(F)(F)F)ccc2O1
AKT1,Ours,0.81,FC=1C=C(C=2C(=O)N(C3CCC(OCC(=O)N)CC3)C=4N=C(N=C(C4C2)C)N)C=NC1OC,COc1ccc(CNC(=O)CC2CCC3C(COc4ccc(NC(=O)c5ccc(F)cc5)cc4C(=O)N3C)O2)cc1
AKT1,Ours,0.81,C=1C=CC=C(C(NCCCC(NC2OC(C(C(C2O)O)O)CO)=O)=O)C1,CCCNC(=O)CC1C=CC(NC(=O)C2CCCCC2)C(CO)O1
AKT1,Ours,0.81,C=1(C=C2C(=NC=NC2=CC1OCCCN3CCCCC3)N4CCN(CC4)C(NC=5C=CC(=CC5)OC(C)C)=O)OC,COc1ccc(NC(=O)N(C)CC2OCc3ccccc3-c3ccccc3C(=O)N(C(C)CO)CC2C)cc1
AKT1,Ours,0.81,C1C[C@@]2([C@@H]([C@]([C@@H]1O)(C)CO)CCC([C@H]2C=CC3C(OC[C@H]3O)=O)=C)C,CCCCCCC(O)COc1ccc(C(=O)CCCCCCCCCC(O)C(O)C(O)C(O)C(O)CO)cc1
AKT1,Ours,0.81,C12(CN(C[C@@H](CN(CCOCC)S(C3=CC=CC=C3F)(=O)=O)O)CCC1)OC=4C=CC(=CC4C(C2)=O)O,CNCC1OCCCCC(C)Oc2ccc(NS(=O)(=O)c3ccccc3F)cc2C(=O)N(C(C)CO)CC1C
AKT1,Ours,0.81,C12(CN(C[C@@H](CN(CCOCC)S(C3=CC=CC=C3Cl)(=O)=O)O)CCC1)OC=4C=CC(=CC4C(C2)=O)O,CC1CCCCOC(CN(C)S(=O)(=O)c2ccc(Cl)cc2)C(C)CN(C(C)CO)C(=O)c2cc(NC(=O)CCC(F)(F)F)ccc2O1
AKT1,Ours,0.81,C12(CN(CC(CN(CCOC)S(C=3C(=NOC3C)C)(=O)=O)O)CCC1)OC=4C=CC(O)=CC4C(C2)=O,Cc1ccccc1-c1ccc2c(c1)OC(CN(C)Cc1ccc(C(=O)O)cc1)C(C)CN(C(C)CO)S2(=O)=O
AKT1,Ours,0.81,C12(CN(CC(CN(CCOC)S(C=3C(=NOC3C)C)(=O)=O)O)CCC1)OC=4C=CC(O)=CC4C(C2)=O,CC1CN(C(C)CO)S(=O)(=O)c2ccc(-c3ccccc3C(=O)N(C)C)cc2OC1CN(C)C(=O)c1cccnc1
AKT1,Ours,0.81,C12(CN(CC(CN(CCOC)S(C=3C(=NOC3C)C)(=O)=O)O)CCC1)OC=4C=CC(O)=CC4C(C2)=O,CC1CN(C(C)CO)S(=O)(=O)c2ccc(-c3cccc(C(=O)N(C)C)c3)cc2OC1CN(C)C(=O)c1cccnc1
AKT1,Ours,0.81,C12(CN(CC(CN(CCOC)S(C=3C(=NOC3C)C)(=O)=O)O)CCC1)OC=4C=CC(O)=CC4C(C2)=O,CC1CCCCOC(CN(C)S(=O)(=O)c2ccc(C#N)cc2)C(C)CN(C(C)CO)C(=O)c2cc(N(C)C)ccc2O1
AKT1,Ours,0.81,C(C=1C=C(C(=NC1)C2=CC=C(C=C2)C3(CCC3)N)C=4C=CC=CC4)(=O)N,Cc1ccc(CCC(=O)Nc2ccc(C(C)(C)C)cc2)c(C)c1
AKT1,Ours,0.81,BrC=1C(NC=2C(S(=O)(=O)NC)=CC=CC2)=NC(NC=3C(OC)=CC=C(N4CCN(CC4)C(=O)C)C3)=NC1,COC1CN(C)C(=O)c2cc(NS(=O)(=O)c3ccc(F)cc3)ccc2OCC(C)N(C(=O)CN2CCOCC2)CC1C
AKT1,Ours,0.8,O=C1N(C=2C(N(C1CC)C3CCCC3)=NC(=NC2)NC4=C(OC)C=C(C=C4)C(=O)NC5CCN(CC5)C)C,CCCCCC(=O)Nc1ccc2c(c1)C(=O)N(C)CC(OC)C(C)CN(C(=O)c1ccccn1)C(C)CO2
AKT1,Ours,0.8,FC=1C=C([C@H](C(=O)N2CCN(C=3N=CN=C4C3[C@@H](C[C@H]4O)C)CC2)CNC(CO)(C)C)C=CC1C(F)(F)F,CC1CN(C(C)CO)C(=O)CCCn2nncc2COC1CN(C)Cc1ccc(C(F)(F)F)cc1
AKT1,Ours,0.8,FC=1C=C([C@H](C(=O)N2CCN(C=3N=CN=C4C3[C@@H](C[C@H]4O)C)CC2)CNC(CO)(C)C)C=CC1C(F)(F)F,CC1CCCCOC(CN(C)Cc2cccnc2)C(C)CN(C(C)CO)C(=O)c2cc(NC(=O)CCC(F)(F)F)ccc2O1
AKT1,Ours,0.8,C1CCOC=2N=C(NC(NC=3C=C(C(=CC3OCC1)OCCO)Cl)=O)C=NC2C#N,CC(C)NC(=O)Nc1ccc2c(c1)C1CC(CC(=O)NCc3ccccc3F)OC(CO)C1O2
AKT1,Ours,0.8,C12(CN(CC(CN(CCOC)S(C=3C(=NOC3C)C)(=O)=O)O)CCC1)OC=4C=CC(O)=CC4C(C2)=O,Cc1ccc(S(=O)(=O)N(C)CC2OCc3ccccc3-c3ccccc3C(=O)N(C(C)CO)CC2C)cc1
AKT1,Ours,0.8,C12(CN(CC(CN(CCOC)S(C=3C(=NOC3C)C)(=O)=O)O)CCC1)OC=4C=CC(O)=CC4C(C2)=O,CC1CN(C(C)CO)S(=O)(=O)c2ccc(C#CCN(C)C)cc2OC1CN(C)Cc1ccc(C(=O)O)cc1
AKT1,Ours,0.8,C12(CN(CC(CN(CCOC)S(C=3C(=NOC3C)C)(=O)=O)O)CCC1)OC=4C=CC(O)=CC4C(C2)=O,CC1CN(C(C)CO)C(=O)c2c(c3ccccc3n2C)-c2ccccc2COC1CN(C)S(=O)(=O)c1ccc(C(F)(F)F)cc1
AKT1,Ours,0.8,C1(=CC=C2C(N=C(C=3C=CC(CN4CCC(CC4)N5C6=C(NC5=O)C=CC=C6)=CC3)C(C=7C=CC=CC7)=N2)=C1)C(=O)O,CC(NC(=O)c1cc2c(c(-c3cccc(-c4cccnc4)c3)n1)CN(C(=O)c1ccccn1)CC2)C(=O)O
AKT1,Ours,0.79,O=C1NC=2C(NC=3C1=CC=C(C3)C=4C=C(OC)C(OCC(O)CO)=CC4)=CC=C(C2)CCOC5=CC=C(N6CCOCC6)C=C5,O=C(CC1CCC2C(COCC(O)CN2Cc2ccc(-c3ccccn3)cc2)O1)NC1CCCC1
AKT1,Ours,0.79,O=C1NC=2C(NC=3C1=CC=C(C3)C=4C=C(OC)C(OCC(O)CO)=CC4)=CC=C(C2)CCOC5=CC=C(N6CCOCC6)C=C5,COc1ccc(CNC(=O)CC2CC3c4cc(NC(=O)C5CC5)ccc4OC3C(CO)O2)cc1
AKT1,Ours,0.79,O=C1N(N(C2=NC(=NC=C2N1C)NC3=C(OC)C=C(C=C3)C(=O)NC4CCN(CC4)C)C5CCCC5)CC,COc1cccc(NC(=O)N(C)CC2OCc3cnnn3CCCC(=O)N(C(C)CO)CC2C)c1
AKT1,Ours,0.79,FC=1C=C([C@H](C(=O)N2CCN(C=3N=CN=C4C3[C@@H](C[C@H]4O)C)CC2)CNC(CO)(C)C)C=CC1C(F)(F)F,CC1CN(C(C)CO)C(=O)Cc2cc(NC(=O)CCN3CCOCC3)ccc2OC1CN(C)Cc1ccc(C(F)(F)F)cc1
AKT1,Ours,0.79,FC=1C=C([C@H](C(=O)N2CCN(C=3N=CN=C4C3[C@@H](C[C@H]4O)C)CC2)CNC(CO)(C)C)C=CC1C(F)(F)F,CC1CN(C(C)CO)C(=O)CCCn2cc(nn2)COC1CN(C)C(=O)c1cccc(C(F)(F)F)c1
AKT1,Ours,0.79,C12(CN(C[C@@H](CN(CCOCC)S(C3=C(C=CC=C3C)C)(=O)=O)O)CCC1)OC=4C=CC(=CC4C(C2)=O)O,CC1CN(C(C)CO)S(=O)(=O)c2ccc(-c3cccc(C(=O)N(C)C)c3)cc2OC1CN(C)CC1CC1
AKT1,Ours,0.78,N(C1=CC(=CC(=C1OC)NS(=O)(=O)C)C(C)(C)C)C(=O)NC2=C3C(=C(C=C2)C4=CC=C(N=C4)CN5CCOCC5)C=CC=C3,CCS(=O)(=O)Nc1ccc2c(c1)C(=O)N(C)CC(OC)C(C)CN(Cc1ccccn1)C(C)CO2
AKT1,Ours,0.78,N(C(N)=N)CCC[C@H](N)C(N[C@H](C(N[C@H](C(N[C@H](C(N[C@H](C(=O)N[C@H](C(=O)N[C@H](C(N)=O)CCC(C)C)CN)CC1=CC=C(C=C1)O)=O)CCC)=O)CCCNC(N)=N)=O)CN)=O,CCCC(=O)NC(CCCNC(=N)NC(=O)c1ccc(OC)cc1)C(=O)O
AKT1,Ours,0.78,FC=1C=C([C@H](C(=O)N2CCN(C=3N=CN=C4C3[C@@H](C[C@H]4O)C)CC2)CNC(CO)(C)C)C=CC1C(F)(F)F,CC1CN(C(C)CO)C(=O)c2c(c3ccccc3n2C)-c2ccccc2COC1CN(C)Cc1ccc(C(F)(F)F)cc1
AKT1,Ours,0.77,O=C1N(C(=O)C2=C3C1=CC=C(NCCCC)C3=CC=C2)CCNCCO,CCNCCCC(=O)Nc1ccc(C(=O)Nc2ccccc2C(=O)NCCCN2CCOCC2)cc1
AKT1,Ours,0.77,FC=1C=C([C@H](C(=O)N2CCN(C=3N=CN=C4C3[C@@H](C[C@H]4O)C)CC2)CNC(CO)(C)C)C=CC1C(F)(F)F,CC1CCCCOC(CN(C)Cc2ccc(C(F)(F)F)cc2)C(C)CN(C(C)CO)C(=O)c2cc(NC(=O)CCCN(C)C)ccc2O1
AKT1,Ours,0.77,C=1C=CC=C(C(NCCCC(NC2OC(C(C(C2O)O)O)CO)=O)=O)C1,CC(C)CC(NC(=O)c1ccccc1C(=O)Nc1ccccc1C(=O)Nc1ccccc1C(=O)NCCC(=O)O)C(=O)O
AKT2,Cosine Search,0.82,N1=CN=C(C2=CC(=C(C=C12)OC)OC)NC=3C=CC(=CC3)OCC=4C=CC=CC4,COCCOc1cc2ncnc(Nc3cccc(c3)C#C)c2cc1OCCOC
AKT2,Cosine Search,0.7,[C@@]12(N3C4=C5C(C6=C(N5[C@H](O1)C[C@@]2(C(=O)OC)O)C=CC=C6)=C7C(=C4C8=C3C=CC=C8)CNC7=O)C,COCC(=O)N(C)C[C@H]1Oc2ncc(C#CC(C)(C)O)cc2C(=O)N(C[C@@H]1C)[C@@H](C)CO
AKT2,Cosine Search,0.66,O(C=1C=C(C=NC1)CCC2=CC=CC=C2)CC3N(CCC3)C,C[C@@H](CN1CCC(Cc2ccccc2)CC1)[C@@H](O)c1ccc(O)cc1
AKT2,Cosine Search,0.75,ClC1=CC=C([C@@H](CNC2CCC(OC)CC2)C(=O)N3CCN(CC3)C=4N=CN=C5C4[C@@H](C[C@H]5O)C)C=C1,C[C@@H](CO)N1C[C@@H](C)[C@H](CN(C)Cc2ccc(Cl)c(Cl)c2)Oc3ccc(NC(=O)C4CC4)cc3CC1=O
AKT2,Cosine Search,0.57,O=C(NC(C1=CC(OC)=CC=C1)C)C2=CC=C(C3=C(C=NC=C3)C)C=C2,COc1ccc(cc1)-c1cc(=O)c2c(OC)c(OC)c(OC)c(OC)c2o1
AKT2,Cosine Search,0.76,S1C=2N=C(O)N3N=C(N=C3C2C=C1)C=4C=CN=CC4,Cc1cccc(Nc2nn3c(=O)c4ccccc4nc3s2)c1
AKT2,Cosine Search,0.74,C1=CC=C2C(C3=C4N2[C@]5(O[C@H](C[C@H]([C@H]5OC)N(C)C(=O)CCC(NCCC(NCCC(NCCC(N)=O)=O)=O)=O)N6C4=C(C7=C6C=CC=C7)C=8C3=CNC8O)C)=C1,COc1ccc(CNC(=O)N(C)C[C@H]2OCc3ccccc3-c4c(C(=O)N(C[C@@H]2C)[C@@H](C)CO)n(C)c5ccccc45)cc1
AKT2,Cosine Search,0.66,N1=CN=C(C2=CC(=C(C=C12)OC)OC)NC=3C=CC(=CC3)OCC=4C=CC=CC4,COc1ccc(Cc2nccc3cc(OC)c(OC)cc23)cc1OC
AKT2,Cosine Search,0.5,C=1(NC2=CC=CC=C2N1)NN=CC3=CNC4=C3C=CC=C4,NC(=N)NN=Cc1c(Cl)cccc1Cl
AKT2,Cosine Search,0.72,C=12C3=C(C4=C5C1N(C6=CC=CC=C26)[C@]7(O[C@@H](N5C=8C=CC=CC48)C[C@H]([C@H]7OC)N(C(=O)C=9C=CC=CC9)C)C)C(NC3)=O,C[C@H](CO)N1C[C@H](C)[C@@H](CN(C)C(=O)c2ccncc2)OCc3ccccc3-c4ccccc4C1=O
AKT2,Cosine Search,0.72,BrC=1C(NC=2C(S(=O)(=O)NC)=CC=CC2)=NC(NC=3C(OC)=CC=C(N4CCN(CC4)C(=O)C)C3)=NC1,CCS(=O)(=O)Nc1ccc2OC[C@@H](C)N(Cc3ccccn3)C[C@H](C)[C@H](CN(C)C(=O)c2c1)OC
AKT2,Cosine Search,0.42,BrC1=CC=C(CNC(=O)NC2=CC=3C(=NNC3)C=C2)C=C1,NC(=N)NCc1cccc(I)c1
AKT2,Cosine Search,0.65,FC=1C(NC2C(C3CC2C=C3)C(=O)N)=NC(NC4=CC(=C(N5CCN(CC5)C)C=C4)C)=NC1,CN(Cc1ccccc1)C(=O)C2CCCN(Cc3ccccc3C(F)(F)F)C2
AKT2,Cosine Search,0.78,C1CCOC=2N=C(NC(NC=3C=C(C(=CC3OCC1)OCCO)Cl)=O)C=NC2C#N,COc1ccccc1NC(=O)N[C@@H]1CC[C@@H](CC(=O)NCc2ccc(Cl)c(Cl)c2)O[C@H]1CO
AKT2,Cosine Search,0.69,O=C1N(N(C2=NC(=NC=C2N1C)NC3=C(OC)C=C(C=C3)C(=O)NC4CCN(CC4)C)C5CCCC5)CC,CC(C)NC(=O)N(C)C[C@@H]1OCc2cn(CCCC(=O)N(C[C@@H]1C)[C@@H](C)CO)nn2
AKT2,Cosine Search,0.59,FC(F)(F)C1=CC(NC(=O)NC2=CC=C(OC=3C=C(N=CC3)C(=O)NC)C=C2)=CC=C1,COC(=O)C[C@H]1O[C@H](CO)[C@@H](NC(=O)Nc2ccc(cc2)C(F)(F)F)C=C1
AKT2,Cosine Search,0.72,CC=1C=NC=C2C=CC=C(C12)S(N3CCCN(C[C@H]3C)C(CN)=O)(=O)=O,C[C@H](CO)N1C[C@@H](C)[C@@H](CN(C)S(=O)(=O)c2ccccc2)OCCCC[C@H](C)Oc3ccc(NC(=O)CCCN(C)C)cc3C1=O
AKT2,Cosine Search,0.75,FC=1C=C([C@H](C(=O)N2CCN(C=3N=CN=C4C3[C@@H](C[C@H]4O)C)CC2)CNC(CO)(C)C)C=CC1C(F)(F)F,C[C@@H](CO)N1C[C@H](C)[C@@H](CN(C)C(=O)CCC(F)(F)F)OCc2ccccc2-c3c(C1=O)n(C)c4ccccc34
AKT2,Cosine Search,0.6,S(=O)(=O)(N(C1CC1)CC2=CC=3N4C(C(O)=NC3C=C2)=CC=C4)C,CS(=O)(=O)N(CC(=O)O)c1ccc(cc1)C2(CC3CC4CC(C3)C2)C4
AKT2,Cosine Search,0.74,O=C1NC=2C(NC=3C1=CC=C(C3)C=4C=C(OC)C(OCC(O)CO)=CC4)=CC=C(C2)CCOC5=CC=C(N6CCOCC6)C=C5,CNC[C@@H]1Oc2ncc(cc2C(=O)N(C[C@@H]1C)[C@@H](C)CO)c3cccc(c3)C(=O)N(C)C
AKT2,Cosine Search,0.71,C=1C(=C(C(C2=CC=CC=C2)=NC1NC(C)=O)C#N)N,Cc1ccc(cc1)C(=O)/N=c2/cccc[nH]2
AKT2,Cosine Search,0.78,O=C(N1CCOCC1)C2=CC(C=3C=C4C(=NC3)NC=C4)=CC=C2,O=C(OCCN1CCCCC1)c1c[nH]c2ccccc12
AKT2,Cosine Search,0.59,C1(O[C@@H](CC(C(=CC([C@H]([C@H](C([C@@H](C[C@@H](C=CC=CC=C([C@H](C[C@H]2O[C@](C(C(N3[C@H]1CCCC3)=O)=O)(O)[C@@H](CC2)C)OC)C)C)C)=O)OC)O)C)C)=O)[C@@H](C[C@H]4C[C@@H](OC)[C@H](O)CC4)C)=O,COCC1OC(=O)c2coc3c2C1(C)C1=C(C2CCC(=O)C2(C)CC1OC(C)=O)C3=O
AKT2,Cosine Search,0.75,O1C(=NC=2C1=CC=CC2)NC3=CC=C(C=4C=5C(=C(O)NC5)C=C(OCCCN(C)C)C4)C=C3,CC(C)NC(=O)N(C)C[C@@H]1OCCCC[C@@H](C)Oc2ccc(NC(=O)c3ccccc3)cc2C(=O)N(C[C@H]1C)[C@H](C)CO
AKT2,Cosine Search,0.74,C1=C(C(NC=2C(=CC=CC2Cl)C)=O)SC(NC3=CC(=NC(C)=N3)N4CCN(CCO)CC4)=N1,Ic1cnc(Nc2cccc(NC(=O)N3CCCC3)c2)nc1NCCCNC(=O)c1cccs1
AKT2,Cosine Search,0.48,C=1(C(=C(C=C(C1Br)Br)/C=C/C(=O)O)Br)Br,OC(=O)CCc1cc(I)c(O)c(I)c1
AKT2,Cosine Search,0.74,O=C1NC=2C(NC=3C1=CC=C(C3)C=4C=C(OC)C(OCC(O)CO)=CC4)=CC=C(C2)CCOC5=CC=C(N6CCOCC6)C=C5,CN1[C@@H]2CC[C@H](CC(=O)NCc3ccc4OCOc4c3)O[C@H]2COc2ccc(NC(=O)c3ccccc3F)cc2C1=O
AKT2,Cosine Search,0.81,O=C1NC=2C(NC=3C1=CC=C(C3)C=4C=C(OC)C(OCC(O)CO)=CC4)=CC=C(C2)CCOC5=CC=C(N6CCOCC6)C=C5,C[C@@H](CO)N1C[C@@H](C)[C@@H](CN(C)Cc2ccc(cc2)C(=O)Nc3ccccc3N)Oc4c(NC(=O)C5CCCCC5)cccc4C1=O
AKT2,Cosine Search,0.81,O=C1NC=2C(NC=3C1=CC=C(C3)C=4C=C(OC)C(OCC(O)CO)=CC4)=CC=C(C2)CCOC5=CC=C(N6CCOCC6)C=C5,C[C@@H](CO)N1C[C@@H](C)[C@@H](CN(C)Cc2ccc(cc2)C(=O)Nc3ccccc3N)Oc4c(NC(=O)C5CCCCC5)cccc4C1=O
AKT2,Cosine Search,0.78,S(=O)(=O)(NC1=CC=C(C=2C=C3C(NN=C3NC(=O)C)=CC2)C=C1)CCC,CCCS(=O)(=O)Nc1ccc(F)c(C(=O)c2c[nH]c3ncc(cc23)-c2ccc(Cl)cc2)c1F
AKT2,Cosine Search,0.63,C1=CC2=C(N=C(N2CCN3CCOCC3)NC(=O)C=4C=CC=C(C4)N(=O)=O)C=C1,COC(=O)C1=C(C)NC(=C(C1c2cccc(c2)[N+](=O)[O-])C(=O)OCCCN3CCC(CC3)(c4ccccc4)c5ccccc5)C
AKT2,Cosine Search,0.7,BrC=1C(NC=2C(S(=O)(=O)NC)=CC=CC2)=NC(NC=3C(OC)=CC=C(N4CCN(CC4)C(=O)C)C3)=NC1,C[C@@H](CO)N1C[C@@H](C)[C@H](CN(C)C(=O)Nc2ccc(cc2)C(F)(F)F)Oc3cc(Br)ccc3S1(=O)=O
AKT2,Cosine Search,0.75,CC=1C=NC=C2C=CC=C(C12)S(N3CCCN(C[C@H]3C)C(CN)=O)(=O)=O,C[C@@H](CO)N1C[C@@H](C)[C@@H](CN(C)S(=O)(=O)c2cn(C)cn2)OCc3ccccc3-c4c(C1=O)n(C)c5ccccc45
AKT2,Cosine Search,0.91,C1(O[C@@H](CC(C(=CC([C@H]([C@H](C([C@@H](C[C@@H](C=CC=CC=C([C@H](C[C@H]2O[C@](C(C(N3[C@H]1CCCC3)=O)=O)(O)[C@@H](CC2)C)OC)C)C)C)=O)OC)O)C)C)=O)[C@@H](C[C@H]4C[C@@H](OC)[C@H](O)CC4)C)=O,COC1CC(CC(C)C2CC(=O)C(C)C=C(C)C(O)C(OC)C(=O)C(C)CC(C)C=CC=CC=C(C)C(CC3CCC(C)C(O)(O3)C(=O)C(=O)N3CCCCC3C(=O)O2)OC)CCC1OC(=O)C(C)(CO)CO
AKT2,Cosine Search,0.63,S1C2=C(C(OC3=CC=C(C(F)(F)F)C=C3)=CN=C2)C=C1C=4OC(=NN4)C,Oc1cc2ccccc2cc1-c1nnc(SCC#CCOC(=O)c2ccc(F)cc2)o1
AKT2,Cosine Search,0.62,ClC=1C(OC)=CC(OC)=C(NC2=NN3C(=NN=C3C=C2)C=4C=CC=CC4)C1,FC(F)Oc1ccc(cc1OCC2CC2)C3=Nn4c(nnc4SC3)c5ccccc5Cl
AKT2,Cosine Search,0.71,CC=1C=NC=C2C=CC=C(C12)S(N3CCCN(C[C@H]3C)C(CN)=O)(=O)=O,COc1ccccc1c2ccc3c(O[C@H](CN(C)C(=O)c4cccnc4)[C@H](C)CN([C@H](C)CO)S3(=O)=O)c2
AKT2,Cosine Search,0.74,O=C1NC=2C(NC=3C1=CC=C(C3)C=4C=C(OC)C(OCC(O)CO)=CC4)=CC=C(C2)CCOC5=CC=C(N6CCOCC6)C=C5,CN1C[C@H](O)COC[C@H]2O[C@@H](CC(=O)NC3CCC3)CC[C@H]12
AKT2,Cosine Search,0.62,S1C2=C(C(C=3C=C(C=C(C3)C(F)(F)F)C(F)(F)F)=CN=C2)C=C1C(=O)N,FC(F)(F)c1ccc2Sc3ccccc3Nc2c1
AKT2,Cosine Search,0.83,C1=2C(=NC=NC1=CC(=C(C2)OCC)OCC)NC=3C=C(Br)C=CC3,COc1cc2ncnc(Nc3cccc(Cl)c3)c2cc1OC
AKT2,Cosine Search,0.61,FC1=C(C2=CC(OC)=C(C(=O)NC(C3=CC(OC)=CC=C3)C)C=C2)C=CN=C1,COC(=O)c1ccccc1NC(=O)c1ccc(F)cc1
AKT2,Cosine Search,0.79,C1=2C(N3CCN(C(NC4=CC=C(OC5=CC=CC=C5)C=C4)=O)CC3)=NC=NC1=CC(=C(C2)OC)OC,COc1ccc2C3=NCCN3C(=Nc2c1OC)NC(=O)c4cccnc4
AKT2,Cosine Search,0.84,OC1CCN(C2=NC=NC=3NC=C(C23)C=4C=CC=CC4)CC1,OC1(Cc2ccccc2)CCN(CC1)c1ncnc2sccc12
AKT2,Cosine Search,0.64,ClC=1C=C2SC(=NC2=CC1)NC(=O)C3=C(OC)C=C(OC)C=C3,CN=C1SC(=Cc2cc(C)n(c2C)-c2ccc(Cl)cc2F)C(=O)N1C
AKT2,Cosine Search,0.65,S1C=2N(C(=C(N2)C3=CC(NC(=O)CC4=CC=CC=C4)=CC=C3)C=5N=C(N=CC5)NC=6C=C(N7C(=O)CCC7)C=CC6)C=C1,CCc1ccc(C=C2SC(=S)N(CCCC(=O)Nc3ccc(cc3)C(O)=O)C2=O)cc1
AKT2,Cosine Search,0.74,O=C1NC=2C(NC=3C1=CC=C(C3)C=4C=C(OC)C(=CC4)CC#N)=CC=C(C2)CCOC5=CC=C(N6CCOCC6)C=C5,CCOC(=O)C(C)Oc1cccc2c1ccn(CC(=O)Nc1ccc3OCCOc3c1)c2=O
AKT2,Cosine Search,0.48,C1(O[C@@H](CC(C(=CC([C@H]([C@H](C([C@@H](C[C@@H](C=CC=CC=C([C@H](C[C@H]2O[C@](C(C(N3[C@H]1CCCC3)=O)=O)(O)[C@@H](CC2)C)OC)C)C)C)=O)OC)O)C)C)=O)[C@@H](C[C@H]4C[C@@H](OC)[C@H](O)CC4)C)=O,CC(C)CCC[C@@H](C)[C@@H]1CC[C@H]2[C@@]1(C)CCCC2=C/C=C1/C[C@@H](O)C[C@H](O)C1=C
AKT2,Cosine Search,0.76,C1(NC(=C(C2=CC=CC=C2)N=C1C)C=3C=CC(CN4CCC(CC4)N5C6=C(NC5=O)C=CC=C6)=CC3)=O,CCn1c(=O)cc([nH]c1=O)N1CCN(CC1)c1cccc(c1)C(F)(F)F
AKT2,Cosine Search,0.6,O(C=1C=C(C=NC1)CCC2=CC=CC=C2)CC3N(CCC3)C,CN(CCCOc1ccc(Cl)cc1Cl)CC#C
AKT2,Cosine Search,0.61,O=C(NC1=C2C(NC=C2)=NC=C1)C3CCC(CC3)C(N)C,CNC(=O)CCc1cc2ccccc2[nH]1
AKT2,Cosine Search,0.65,FC=1C(NC2C(C3CC2C=C3)C(=O)N)=NC(NC4=CC(=C(N5CCN(CC5)C)C=C4)C)=NC1,CN(Cc1ccccc1)C(=O)C2CCCN(Cc3ccccc3C(F)(F)F)C2
AKT2,Cosine Search,0.57,O=C(NCC=1C=C(NC1)/C(=C\2/C3=C(NC2=O)C=CC(NC(=O)N)=C3)/C)C4CCNCC4,CC=C1/[C@H]2Cc3[nH]c(=O)ccc3[C@]1(N)CC(C)=C2
AKT2,Cosine Search,0.59,C1(O[C@@H](CC(C(=CC([C@H]([C@H](C([C@@H](C[C@@H](C=CC=CC=C([C@H](C[C@H]2O[C@](C(C(N3[C@H]1CCCC3)=O)=O)(O)[C@@H](CC2)C)OC)C)C)C)=O)OC)O)C)C)=O)[C@@H](C[C@H]4C[C@@H](OC)[C@H](O)CC4)C)=O,COCC1OC(=O)c2coc3c2C1(C)C1=C(C2CCC(=O)C2(C)CC1OC(C)=O)C3=O
AKT2,Cosine Search,0.74,O=C1NC=2C(NC=3C1=CC=C(C3)C=4C=C(OC)C(=CC4)CC#N)=CC=C(C2)CCOC5=CC=C(N6CCOCC6)C=C5,CO[C@@H]1CC[C@@H]2CCOc3c(cccc3C(=O)N(C)C[C@H](CC(=O)N(C)C[C@H]1O2)c1ccccc1)C#N
AKT2,Cosine Search,0.71,FC1(F)C[C@H](C=2C(=NC=NC21)N3CCN(CC3)C(=O)[C@H](CNC(C)C)C4=CC=C(C=C4)Cl)C,CC(C)(C)NC(=O)N1CCN(CC1)c2ncccc2C(F)(F)F
AKT2,Cosine Search,0.71,S(=O)(=O)(N1CCOCC1)C=2C=C(C(=O)NC3=CC=C(C4=NC5=C(N4)C=CC=C5C(=O)N)C=C3)C=CC2,Cc1ccc(cc1)S(=O)(=O)NC(=O)NN1CC2CCCC2C1
AKT2,Cosine Search,0.62,O=C(NC(C1=CC=CC=C1)C)C2=CC=C(C=3C=CN=CC3)C=C2,CC(=O)Nc1ccc(/N=C/c2ccc(C)cc2)cc1
AKT2,Cosine Search,0.72,FC1=CC=C(C=2N=C3OC=CN3C2C4=NC(=NC=C4)NC5CCNCC5)C=C1,Fc1ccccc1NC(=O)N1[C@H]2CNC[C@@H]1[C@@H]2c1ccc(cc1)-c1ccncc1
AKT2,Cosine Search,0.84,O=C1N(C2CCN(CC2)CC3=CC=C(C=C3)C=4NC(=O)C(=NC4C=5C=CC=CC5)CC(C)C)C=6C(N1)=CC=CC6,CC(C)NC(=O)N1[C@@H]([C@@H](CO)[C@@H]2Cn3c(cccc3=O)[C@H]12)C(=O)N1CCc2ccccc2C1
AKT2,Cosine Search,0.59,C1(O[C@@H](CC(C(=CC([C@H]([C@H](C([C@@H](C[C@@H](C=CC=CC=C([C@H](C[C@H]2O[C@](C(C(N3[C@H]1CCCC3)=O)=O)(O)[C@@H](CC2)C)OC)C)C)C)=O)OC)O)C)C)=O)[C@@H](C[C@H]4C[C@@H](OC)[C@H](O)CC4)C)=O,COCC1OC(=O)c2coc3c2C1(C)C1=C(C2CCC(=O)C2(C)CC1OC(C)=O)C3=O
AKT2,Cosine Search,0.72,BrC=1C(NC=2C(S(=O)(=O)NC)=CC=CC2)=NC(NC=3C(OC)=CC=C(N4CCN(CC4)C(=O)C)C3)=NC1,CCS(=O)(=O)Nc1ccc2OC[C@@H](C)N(Cc3ccccn3)C[C@H](C)[C@H](CN(C)C(=O)c2c1)OC
AKT2,Cosine Search,0.78,S1C2=C(C(C=3C=CC=CC3)=CN=C2)C=C1C(=O)N,O=C(Nc1ccc2[nH]ccc2c1)c3cccs3
AKT2,Cosine Search,0.71,S(=O)(=O)(N)C1=CC(NC=2N=C(NC3=CC=C(OCC(=O)N)C=C3)C(=CN2)C)=CC=C1,COc1ccc(cc1)S(=O)(=O)N[C@@H]1CC[C@H](CC(=O)N2CCC(Cc3ccccc3)CC2)O[C@@H]1CO
AKT2,Cosine Search,0.75,FC=1C=C([C@H](C(=O)N2CCN(C=3N=CN=C4C3[C@@H](C[C@H]4O)C)CC2)CNC(CO)(C)C)C=CC1C(F)(F)F,C[C@@H](CO)N1C[C@H](C)[C@@H](CN(C)C(=O)CCC(F)(F)F)OCc2ccccc2-c3c(C1=O)n(C)c4ccccc34
AKT2,Cosine Search,0.56,C1=CC=C2C(N(C(=N2)NC(=O)C=3C=CC=C(C3)N(=O)=O)CCCO)=C1,OCC(NC(=O)C(Cl)Cl)C(O)c1ccc(cc1)[N+](=O)[O-]
AKT2,Cosine Search,0.73,C1(=CC=C2C(=C1)C(=C(N2)O)C=C3CC(=C(C3=C)C(N4CCN(CC4)C)=O)C)S(=O)(N(C)C5=CC(=CC=C5)Cl)=O,C[C@@H](CO)N1C[C@H](C)[C@H](CN(C)C(=O)CCCN(C)C)OCCCC[C@@H](C)Oc2ccc(NS(=O)(=O)c3cccs3)cc2C1=O
AKT2,Cosine Search,0.64,O=C1NC=2C(NC=3C1=CC=C(C3)C=4C=C(OC)C(OCC(O)CO)=CC4)=CC=C(C2)CCOC5=CC=C(N6CCOCC6)C=C5,COc1cccc2C(=O)c3c(O)c4C[C@](O)(C[C@H](O[C@H]5C[C@H](N)[C@H](O)[C@H](C)O5)c4c(O)c3C(=O)c12)C(=O)CO
AKT2,Cosine Search,0.71,CC=1C=NC=C2C=CC=C(C12)S(N3CCCN(C[C@H]3C)C(CN)=O)(=O)=O,O=C(N1CCCc2ccccc12)c3cccc(c3)S(=O)(=O)NC4CCCCCC4
AKT2,Cosine Search,0.75,BrC=1C(NC=2C(S(=O)(=O)NC)=CC=CC2)=NC(NC=3C(OC)=CC=C(N4CCN(CC4)C(=O)C)C3)=NC1,CCCN(C)C[C@@H]1OCCCC[C@@H](C)Oc2ccc(NS(=O)(=O)c3ccc(OC)cc3)cc2C(=O)N(C[C@@H]1C)[C@H](C)CO
AKT2,Cosine Search,0.65,C=1C=CC=2N/C(/C(=N/OCCC(CO)O)/C2C1)=C\3/C4=C(C=CC=C4)NC3=O,OCCCOc1ccc(cc1)C2=N[C@@](Cc3ccccc3CN=[N+]=[N-])([C@@H](O2)c4ccccc4)C(=O)NCc5ccccc5
AKT2,Cosine Search,0.72,C1CCOC=2N=C(NC(NC=3C=C(C(=CC3OCC1)OCCO)Cl)=O)C=NC2C#N,OC[C@H]1O[C@@H](CC(=O)NCc2ccncn2)CC[C@@H]1NC(=O)c1ccc(F)cc1
AKT2,Cosine Search,0.68,ClC=1C=2C(=C(O)C(O)=NC2C=C(Cl)C1)C3=C(O)C=CC(Cl)=C3,Oc1ccc(C=Cc2c(F)cccc2F)c2cccnc12
AKT2,Cosine Search,0.77,S1C2=NNC(=C2C=C1C(=O)NC3CCN(CC3)C)C4=CC=CC=C4,CN1CCN(CC1)c2cc(Nc3cc(C)n[nH]3)nc(Sc4ccc(NC(=O)C5CC5)cc4)n2
AKT2,Cosine Search,0.43,N1C(C(=C(C1=O)C2=CNC=3C=CC=CC23)C4=CN(C=5C=CC(=CC45)OC)CCCN(C)C)=O,CC(C)CCCC(C)CCCC(C)CCC/C(=C/CC1=C(C)C(=O)c2ccccc2C1=O)/C
AKT2,Cosine Search,0.78,OC=1N(C2CCN(CC2)CC3=CC=C(C=C3)C=4N=C5N(N=C(N)C5=CC4C6=CC=CC=C6)CCO)C7=C(N1)C=CC=C7,OC(=O)c1ccc(cc1)-c1cccc(c1)-c1nn2c(nc(cc2=O)N2CCNCC2)s1
AKT2,Cosine Search,0.43,N1(C(=[N+](C=C1)CCCCCCCCCCCCCCCC)C)CC2=CC=CC=C2,C[C@H](Cc1ccccc1)N(C)CC#C
AKT2,Cosine Search,0.72,COC=1C=C2C(=NC=NC2=CC1OCCCN3CCCC3)OC=4C=CC=5NC(C)=CC5C4F,COc1ccc(OC)c(CCNC(=O)c2ccc3SCCN(Cc4ccc(F)cc4)c3c2)c1
AKT2,Cosine Search,0.73,FC=1C=C([C@H](C(=O)N2CCN(C=3N=CN=C4C3[C@@H](C[C@H]4O)C)CC2)CNC(CO)(C)C)C=CC1C(F)(F)F,C[C@@H](CO)N1C[C@H](C)[C@@H](CN(C)CC2CC2)Oc3c(NC(=O)Nc4ccc(cc4)C(F)(F)F)cccc3C1=O
AKT2,Cosine Search,0.63,O=C1N(C=2C(N(C1CC)C3CCCC3)=NC(=NC2)NC4=C(OC)C=C(C=C4)C(=O)NC5CCN(CC5)C)C,CC(=O)O[C@H]1[C@H](C[C@@H]2[C@H]3CC[C@@H]4C[C@H](OC(C)=O)[C@H](C[C@@]4(C)[C@@H]3CC[C@@]12C)N1CCCCC1)[N+]1(C)CCCCC1
AKT2,Cosine Search,0.61,O=C(NC1=C2C(NC=C2)=NC=C1)C3CCC(CC3)C(N)C,CNC(=O)CCc1cc2ccccc2[nH]1
AKT2,Cosine Search,0.64,S1C=2N(C(=N)C(C(C2C(=O)N)C=3SC=CC3)C(OCC)=O)C(=O)C1=CC=4SC=CC4,Nc1nc(cs1)C(=NO)C(=O)N[C@H]2[C@H]3SCC(=C(N3C2=O)C(=O)O)C=C
AKT2,Cosine Search,0.54,C1(O[C@@H](CC(C(=CC([C@H]([C@H](C([C@@H](C[C@@H](C=CC=CC=C([C@H](C[C@H]2O[C@](C(C(N3[C@H]1CCCC3)=O)=O)(O)[C@@H](CC2)C)OC)C)C)C)=O)OC)O)C)C)=O)[C@@H](C[C@H]4C[C@@H](OC)[C@H](O)CC4)C)=O,C[C@H]1C[C@H]2[C@@H]3C[C@H](F)C4=CC(=O)C=C[C@]4(C)[C@@]3(F)[C@@H](O)C[C@]2(C)[C@@]1(OC(=O)C)C(=O)COC(=O)C
AKT2,Cosine Search,0.63,S1C2=C(C(OC3=CC=C(C(F)(F)F)C=C3)=CN=C2)C=C1C=4OC(=NN4)C,Oc1cc2ccccc2cc1-c1nnc(SCC#CCOC(=O)c2ccc(F)cc2)o1
AKT2,Cosine Search,0.64,O=C1N(C=2C(N(C1CC)C3CCCC3)=NC(=NC2)NC4=C(OC)C=C(C=C4)C(=O)NC5CCN(CC5)C)C,CNC(=O)Oc1ccc2N(C)C3N(C)CC[C@@]3(C)c2c1
AKT2,Cosine Search,0.54,O1[C@@H](CCN2C=3C(C(C4=C(C=5C=6C(N(CC1)C5)=CC=CC6)C(=O)NC4=O)=C2)=CC=CC3)CN(C)C,CN(C)CC/C=C/1c2ccccc2COc3ccccc13
AKT2,Cosine Search,0.74,CC=1C=NC=C2C=CC=C(C12)S(N3CCCN(C[C@H]3C)C(CN)=O)(=O)=O,C[C@H](CO)N1C[C@@H](C)[C@H](CN(C)S(=O)(=O)c2cccc(F)c2)Oc3ncc(C#CC4CCCCC4)cc3C1=O
AKT2,Cosine Search,0.84,N=1C=CC=C2C1OC3=C2N=C(N=C3N4CCOCC4)C=5C=CC=C(O)C5,CC(Nc1ccccc1)c1cc(C)cn2c1nc(cc2=O)N1CCOCC1
AKT2,Cosine Search,0.61,O=C(NC1=C2C(NC=C2)=NC=C1)C3CCC(CC3)C(N)C,CNC(=O)CCc1cc2ccccc2[nH]1
AKT2,Cosine Search,0.65,FC=1C(NC2C(C3CC2C=C3)C(=O)N)=NC(NC4=CC(=C(N5CCN(CC5)C)C=C4)C)=NC1,CN(Cc1ccccc1)C(=O)C2CCCN(Cc3ccccc3C(F)(F)F)C2
AKT2,Cosine Search,0.61,O=C(NC1=C2C(NC=C2)=NC=C1)C3CCC(CC3)C(N)C,CNC(=O)CCc1cc2ccccc2[nH]1
AKT2,Cosine Search,0.74,C1(=CC=C2C(=C1)C(=C(N2)O)C=C3CC(=C(C3=C)C(N4CCN(CC4)C)=O)C)S(=O)(N(C)C5=CC(=CC=C5)Cl)=O,C[C@@H](CO)N1C[C@H](C)[C@@H](CN(C)C(=O)c2ccc(F)cc2)Oc3cc(ccc3S1(=O)=O)C4=CCCC4
AKT2,Cosine Search,0.56,C1=CC=C2C(N(C(=N2)NC(=O)C=3C=CC=C(C3)N(=O)=O)CCCO)=C1,OCC(NC(=O)C(Cl)Cl)C(O)c1ccc(cc1)[N+](=O)[O-]
AKT2,Cosine Search,0.69,FC=1C=C([C@H](C(=O)N2CCN(C=3N=CN=C4C3[C@@H](C[C@H]4O)C)CC2)CNC(CO)(C)C)C=CC1C(F)(F)F,C[C@@H]1[C@H]([C@H](CCO)O[C@@]12C(=O)N(CC=C)c3ccc(cc32)N4CCCCC4=O)[Si](C)(C)F
AKT2,Cosine Search,0.66,N1=CN=C(C2=CC(=C(C=C12)OC)OC)NC=3C=CC(=CC3)OCC=4C=CC=CC4,COc1ccc(Cc2nccc3cc(OC)c(OC)cc23)cc1OC
AKT2,Cosine Search,0.49,ClC1=CC=C(CC(NC(=O)C2=CC=C(C=3C=CN=CC3)C=C2)CO)C=C1,N[C@@H](CCl)C(=O)O
AKT2,Cosine Search,0.78,OC=1N(C2CCN(CC2)CC3=CC=C(C=C3)C=4N=C5N(N=C(N)C5=CC4C6=CC=CC=C6)CCO)C7=C(N1)C=CC=C7,OC(=O)c1ccc(cc1)-c1cccc(c1)-c1nn2c(nc(cc2=O)N2CCNCC2)s1
AKT2,Cosine Search,0.74,C1(N(C2=CC=CC=C2N1)C3CCN(CC3)CC=4C=CC(C5=C(N=C(C(N5)=O)C(CC)C)C6=CC=CC=C6)=CC4)=O,CCN(CC)C(=O)Cn1c2ccccc2c2nc3SCCn3c(=O)c12
AKT2,Cosine Search,0.6,N=1C=CC(NC=2C=CC=CC2C(O)=O)=NC1NC3=CC(=CC=C3)O,Nc1ccc(O)c(c1)C(O)=O
AKT2,Cosine Search,0.81,O=C(NC1=C(OC)C=CC(OC)=C1)C2=C3N(N=C2)C(C4=CC=CC=C4)=CC=N3,Cc1c(NC(=O)c2cccnc2)c(=O)n(-c2ccccc2)n1C
AKT2,Cosine Search,0.57,O=C(NCC=1C=C(NC1)/C(=C\2/C3=C(NC2=O)C=CC(NC(=O)N)=C3)/C)C4CCNCC4,CC=C1/[C@H]2Cc3[nH]c(=O)ccc3[C@]1(N)CC(C)=C2
AKT2,Euclidean Search,0.82,N1=CN=C(C2=CC(=C(C=C12)OC)OC)NC=3C=CC(=CC3)OCC=4C=CC=CC4,COCCOc1cc2ncnc(Nc3cccc(c3)C#C)c2cc1OCCOC
AKT2,Euclidean Search,0.61,O(C=1C=C(C=NC1)CCC2=CC=CC=C2)CC3N(CCC3)C,COc1ccc(CCN(C)CCCC(C#N)(C(C)C)c2ccc(OC)c(OC)c2)cc1OC
AKT2,Euclidean Search,0.72,ClC1=CC(C2=NNC=C2C3=NC=NC=C3)=CC=C1Cl,Fc1ccc(Nc2nnc(s2)c3ccncc3)cc1Cl
AKT2,Euclidean Search,0.6,O(C=1C=C(C=NC1)CCC2=CC=CC=C2)CC3N(CCC3)C,CNCCCCOc1ccccc1Cc1ccccc1
AKT2,Euclidean Search,0.67,C=1(C=C(N(=O)=O)C=CC1)C=2OC(=CC2)/C=N\N/C(=N/N(=O)=O)/N,[O-][N+](=O)c1ccc(cc1)-c1ccc(C=NN2CC(=O)NC2=O)o1
AKT2,Euclidean Search,0.47,C1(O[C@@H](CC(C(=CC([C@H]([C@H](C([C@@H](C[C@@H](C=CC=CC=C([C@H](C[C@H]2O[C@](C(C(N3[C@H]1CCCC3)=O)=O)(O)[C@@H](CC2)C)OC)C)C)C)=O)OC)O)C)C)=O)[C@@H](C[C@H]4C[C@@H](OC)[C@H](O)CC4)C)=O,CCCCC[C@H](O)/C=C/[C@H]1C=CC(=O)[C@@H]1CCCCCCC(=O)O
AKT2,Euclidean Search,0.58,C=1(C=C(C=2C(C=C(OC2C1C3C(CN(CC3)C)O)C=4C=CC=CC4Cl)=O)O)O,C[C@@H]1CN(CC[C@]1(C(O)=O)c1ccccc1)[C@H]1CC[C@](CC1)(C#N)c1ccc(F)cc1
AKT2,Euclidean Search,0.66,N1=CN=C(C2=CC(=C(C=C12)OC)OC)NC=3C=CC(=CC3)OCC=4C=CC=CC4,COc1ccc(Cc2nccc3cc(OC)c(OC)cc23)cc1OC
AKT2,Euclidean Search,0.5,C=1(NC2=CC=CC=C2N1)NN=CC3=CNC4=C3C=CC=C4,NC(=N)NN=Cc1c(Cl)cccc1Cl
AKT2,Euclidean Search,0.58,C=1(C=C(C=2C(C=C(OC2C1C3C(CN(CC3)C)O)C=4C=CC=CC4Cl)=O)O)O,C[C@@H]1CN(CC[C@]1(C(O)=O)c1ccccc1)[C@H]1CC[C@](CC1)(C#N)c1ccc(F)cc1
AKT2,Euclidean Search,0.76,ClC=1C(NC=2C(S(=O)(=O)NC)=CC=CC2)=NC(NC3=CC(OC)=C(OC)C(OC)=C3)=NC1,OC(=O)c1cc(ccc1O)N=Nc1ccc(cc1)S(=O)(=O)Nc1ccccn1
AKT2,Euclidean Search,0.55,O=C(N)C=1C=2NC(=NC2C=CC1)C3=CC=C(OCCN(CC)CC)C=C3,CCN(CC)CCOC(=O)c1ccc(N)cc1
AKT2,Euclidean Search,0.63,S1C2=C(C(OC3=CC=C(C(F)(F)F)C=C3)=CN=C2)C=C1C=4OC(=NN4)C,Oc1cc2ccccc2cc1-c1nnc(SCC#CCOC(=O)c2ccc(F)cc2)o1
AKT2,Euclidean Search,0.56,N=1C=C(N(=O)=O)C(NC2=CC=CC=C2C(N)=O)=NC1NC=3C=C(C(=C(C3)OC)OC)OC,CCOC(=O)C1=C(C)NC(C)=C(C1c1cccc(c1)[N+]([O-])=O)C(=O)OC
AKT2,Euclidean Search,0.67,C1CCOC=2N=C(NC(NC=3C=C(C(=CC3OCC1)OCCCO)Cl)=O)C=NC2C#N,FC(F)(F)COc1ccc(OCC(F)(F)F)c(c1)C(=O)NCC1CCCCN1
AKT2,Euclidean Search,0.84,ClC=1C=CC(C(=O)NC=2C=C3C(C4=CC=CC=C4)=CNC3=NC2)=CC1,Clc1cc(NC(=O)c2cccnc2)c2[nH]c3cnccc3c2c1
AKT2,Euclidean Search,0.55,C=1(C=CC2=C(C1)C=NN2)C=3N=C4N(C3NC(C)C)C=CC=N4,CN(C)c1nc(nc(n1)N(C)C)N(C)C
AKT2,Euclidean Search,0.61,O=C(NC1=C2C(NC=C2)=NC=C1)C3CCC(CC3)C(N)C,CNC(=O)CCc1cc2ccccc2[nH]1
AKT2,Euclidean Search,0.6,FC=1C(C=2N=C3N(C2C4=NN5C(=NN=C5C=C4)C(CO)(C)C)CCC3)=CC=C(F)C1,CN(C)CCCC1(OCc2cc(ccc12)C#N)c1ccc(F)cc1
AKT2,Euclidean Search,0.63,O=C(NC(C1=CC(OC)=CC=C1)CN)C2=CC=C(C=3C=CN=CC3)C=C2,COc1ccc(OC)c(c1)C(O)CNC(=O)CN
AKT2,Euclidean Search,0.71,C=1C(=C(C(C2=CC=CC=C2)=NC1NC(C)=O)C#N)N,Cc1ccc(cc1)C(=O)/N=c2/cccc[nH]2
AKT2,Euclidean Search,0.81,ClC=1C(=C2C(=NC1N3CC(CC3)CN)N=CC(=C2O)C(=O)O)C,CCn1cc(C(O)=O)c(=O)c2cc(F)c(cc12)N1CCNCC1
AKT2,Euclidean Search,0.76,C1(O[C@@H](CC(C(=CC([C@H]([C@H](C([C@@H](C[C@@H](C=CC=CC=C([C@H](C[C@H]2O[C@](C(C(N3[C@H]1CCCC3)=O)=O)(O)[C@@H](CC2)C)OC)C)C)C)=O)OC)O)C)C)=O)[C@@H](C[C@H]4C[C@@H](OC)[C@H](O)CC4)C)=O,C[C@H]1[C@H]2[C@H](Cc3ccccc3)NC(=O)[C@]22OC(=O)C=C[C@H](O)CCC[C@@H](C)CC=C[C@H]2[C@H](O)C1=C
AKT2,Euclidean Search,0.55,O=C(N)C=1C=2NC(=NC2C=CC1)C3=CC=C(OCCN(CC)CC)C=C3,CCN(CC)CCOC(=O)c1ccc(N)cc1
AKT2,Euclidean Search,0.65,C1=NC=C(C)C2=C1C=CC=C2S(N3C(CNCCC3)C)(=O)=O,CN1CCCCC1CCN1c2ccccc2Sc2ccc(cc12)S(C)=O
AKT2,Euclidean Search,0.73,FC=1C=C([C@H](C(=O)N2CCN(C=3N=CN=C4C3[C@@H](C[C@H]4O)C)CC2)CNC(CO)(C)C)C=CC1C(F)(F)F,COCC(=O)O[C@]1(CCN(C)CCCc2nc3ccccc3[nH]2)CCc2cc(F)ccc2[C@@H]1C(C)C
AKT2,Euclidean Search,0.67,C=1(C=C(N(=O)=O)C=CC1)C=2OC(=CC2)/C=N\N/C(=N/N(=O)=O)/N,[O-][N+](=O)c1ccc(cc1)-c1ccc(C=NN2CC(=O)NC2=O)o1
AKT2,Euclidean Search,0.76,C1(O[C@@H](CC(C(=CC([C@H]([C@H](C([C@@H](C[C@@H](C=CC=CC=C([C@H](C[C@H]2O[C@](C(C(N3[C@H]1CCCC3)=O)=O)(O)[C@@H](CC2)C)OC)C)C)C)=O)OC)O)C)C)=O)[C@@H](C[C@H]4C[C@@H](OC)[C@H](O)CC4)C)=O,C[C@H]1[C@H]2[C@H](Cc3ccccc3)NC(=O)[C@]22OC(=O)C=C[C@H](O)CCC[C@@H](C)CC=C[C@H]2[C@H](O)C1=C
AKT2,Euclidean Search,1,C=1(OC=2C3=C(C=CC=C3)C=CC2C(C1)=O)N4CCOCC4,O=c1cc(oc2c(cccc12)-c1ccccc1)N1CCOCC1
AKT2,Euclidean Search,0.55,O=C(N)C=1C=2NC(=NC2C=CC1)C3=CC=C(OCCN(CC)CC)C=C3,CCN(CC)CCOC(=O)c1ccc(N)cc1
AKT2,Euclidean Search,0.8,C=1(N=CC2=C(N1)N=C(C(C3=CC=CC=C3)=C2)C4=CC=C(CN5CCC(CC5)C6=NN=C(N6)C=7N=CC=CN7)C=C4)N8CCN(CC8)CCO,OCCN(CCO)c1nc(N2CCCCC2)c2nc(nc(N3CCCCC3)c2n1)N(CCO)CCO
AKT2,Euclidean Search,0.63,O=C(NC(C1=CC(OC)=CC=C1)CN)C2=CC=C(C=3C=CN=CC3)C=C2,COc1ccc(OC)c(c1)C(O)CNC(=O)CN
AKT2,Euclidean Search,0.47,O=C(O)C=1N(C=2C(C1C=3C(=CC=CC3)C)=CC=CC2)CCCOC=4C=5C(C=CC4)=CC=CC5,CCN(CC)CC#CCOC(=O)C(O)(C1CCCCC1)c1ccccc1
AKT2,Euclidean Search,1,C=1(OC=2C3=C(C=CC=C3)C=CC2C(C1)=O)N4CCOCC4,O=c1cc(oc2c(cccc12)-c1ccccc1)N1CCOCC1
AKT2,Euclidean Search,0.65,FC=1C(NC2C(C3CC2C=C3)C(=O)N)=NC(NC4=CC(=C(N5CCN(CC5)C)C=C4)C)=NC1,CN(Cc1ccccc1)C(=O)C2CCCN(Cc3ccccc3C(F)(F)F)C2
AKT2,Euclidean Search,0.48,C1(=CC2=C(C=C1)NC(=C2)C(=O)C=3NC4=C(C3)C=C(C=C4)O)O,Oc1ccc(cc1)C=Cc1cc(O)cc(O)c1
AKT2,Euclidean Search,0.69,OC=1N2C(=NC=3C2=CC=CC3)C(=C(C1C=C4C(=O)N(N=C4C)C=5C=CC(=CC5)C(=O)O)C)C#N,CC1=NN(C(=O)C1=Cc1ccc(o1)-c1cc(C)c(C)cc1[N+]([O-])=O)c1ccc(cc1)C(O)=O
AKT2,Euclidean Search,0.62,N1=CN=C(C2=CC(=C(C=C12)OC)OC)NC=3C=CC(=CC3)OCC=4C=CC=CC4,COc1cccc(-c2cc(=O)c3ccccc3o2)c1N
AKT2,Euclidean Search,0.62,S1C2=C(C(C=3C=C(C=C(C3)C(F)(F)F)C(F)(F)F)=CN=C2)C=C1C(=O)N,FC(F)(F)c1ccc2Sc3ccccc3Nc2c1
AKT2,Euclidean Search,0.57,C1(O[C@@H](CC(C(=CC([C@H]([C@H](C([C@@H](C[C@@H](C=CC=CC=C([C@H](C[C@H]2O[C@](C(C(N3[C@H]1CCCC3)=O)=O)(O)[C@@H](CC2)C)OC)C)C)C)=O)OC)O)C)C)=O)[C@@H](C[C@H]4C[C@@H](OC)[C@H](O)CC4)C)=O,CCCCCCCC(=O)OC1C(OC(=O)/C(=C/C)/C)C(=C2C3OC(=O)C(C)(O)C3(O)C(CC(C)(OC(=O)C)C12)OC(=O)CCC)C
AKT2,Euclidean Search,0.59,S1C2=C(N=CN=C2N)C=3C1=NC=NC3N,N1c2ccccc2Sc2ccccc12
AKT2,Euclidean Search,0.56,C12=C(N=C3C(=C1O)C=CC(Cl)=C3)CC(CC2=O)C4=C(C=C(C=C4)Cl)Cl,CCc1oc2ccccc2c1C(=O)c1cc(Br)c(O)c(Br)c1
AKT2,Euclidean Search,0.71,ClC=1C2=C(SC1)N=CN=C2NC=3C=CC(O)=CC3,Nc1nc2ccc(OC(F)(F)F)cc2s1
AKT2,Euclidean Search,0.59,C=1(C=C2/C(/C(NC2=CC1)=O)=C(\C)/C=3NC=C(C3)CNC(C4=CN=CC=C4)=O)NC(N)=O,CCC1(C(=O)NCNC1=O)c1ccccc1
AKT2,Euclidean Search,0.71,C=1C(=C(C(C2=CC=CC=C2)=NC1NC(C)=O)C#N)N,Cc1ccc(cc1)C(=O)/N=c2/cccc[nH]2
AKT2,Euclidean Search,0.74,O=C1NC=2C(NC=3C1=CC=C(C3)C=4C=C(OC)C(=CC4)CC#N)=CC=C(C2)CCOC5=CC=C(N6CCOCC6)C=C5,CCOC(=O)C(C)Oc1cccc2c1ccn(CC(=O)Nc1ccc3OCCOc3c1)c2=O
AKT2,Euclidean Search,0.51,ClC=1C(OCCCC=2C3=C(NC2C(=O)O)C(C(=C(C)C)C)=CC=C3)=CC=CC1Cl,CCC(=C)C(=O)c1ccc(OCC(O)=O)c(Cl)c1Cl
AKT2,Euclidean Search,0.71,O=C(N(C)C)C=1N(N=NC1C=2C=C3C(NN=C3)=CC2)CC4=CC=CC=C4,CN(C)C(=O)Cc1c(nc2ccc(C)cn12)-c1ccc(C)cc1
AKT2,Euclidean Search,0.71,O=C(N(C)C)C=1N(N=NC1C=2C=C3C(NN=C3)=CC2)CC4=CC=CC=C4,CN(C)C(=O)Cc1c(nc2ccc(C)cn12)-c1ccc(C)cc1
AKT2,Euclidean Search,0.61,O=C(NC1=C2C(NC=C2)=NC=C1)C3CCC(CC3)C(N)C,CNC(=O)CCc1cc2ccccc2[nH]1
AKT2,Euclidean Search,0.58,O=C(O)C=1N(C=2C(C1C=3C(=CC=CC3)C)=CC=CC2)CCCOC=4C=5C(C=CC4)=CC=CC5,CC(C)[N+](C)(CCOC(=O)C1c2ccccc2Oc2ccccc12)C(C)C
AKT2,Euclidean Search,0.71,C=1C(=C(C(C2=CC=CC=C2)=NC1NC(C)=O)C#N)N,Cc1ccc(cc1)C(=O)/N=c2/cccc[nH]2
AKT2,Euclidean Search,0.73,BrC1=C(N=C2N=CC(=C(O)C2=C1C)C(=O)O)N3CC(NC)CC3,C[C@H]1COc2c(N3CCN(C)CC3)c(F)cc3c2n1cc(C(O)=O)c3=O
AKT2,Euclidean Search,0.78,FC1=C(C2=NN=C3NN=C(NC(=O)CCCN4CCN(CC4)CC)C3=C2)C=CC=C1F,CCN(CCO)CCCOc1ccc2c(Nc3cc(CC(=O)Nc4cccc(F)c4)[nH]n3)ncnc2c1
AKT2,Euclidean Search,0.71,FC1(F)C[C@H](C=2C(=NC=NC21)N3CCN(CC3)C(=O)[C@H](CNC(C)C)C4=CC=C(C=C4)Cl)C,CC(C)(C)NC(=O)N1CCN(CC1)c2ncccc2C(F)(F)F
AKT2,Euclidean Search,0.81,O=C1N(C=2C(N(C1CC)C3CCCC3)=NC(=NC2)NC4=C(OC)C=C(C=C4)C(=O)NC5CCN(CC5)C)C,COc1cc2nc(nc(N)c2cc1OC)N(C)CCCNC(=O)C1CCCO1
AKT2,Euclidean Search,0.48,C1(=CC2=C(C=C1)NC(=C2)C(=O)C=3NC4=C(C3)C=C(C=C4)O)O,Oc1ccc(cc1)C=Cc1cc(O)cc(O)c1
AKT2,Euclidean Search,0.72,CC=1C=NC=C2C=CC=C(C12)S(N3CCCN(C[C@H]3C)C(CN)=O)(=O)=O,C[C@H](CO)N1C[C@H](C)[C@H](CN(C)S(=O)(=O)c2ccccc2)OCCCC[C@H](C)Oc3ccc(NC(=O)CCCN(C)C)cc3C1=O
AKT2,Euclidean Search,0.61,O=C(NC1=C2C(NC=C2)=NC=C1)C3CCC(CC3)C(N)C,CNC(=O)CCc1cc2ccccc2[nH]1
AKT2,Euclidean Search,0.73,BrC1=C(N=C2N=CC(=C(O)C2=C1C)C(=O)O)N3CC(NC)CC3,C[C@H]1COc2c(N3CCN(C)CC3)c(F)cc3c2n1cc(C(O)=O)c3=O
AKT2,Euclidean Search,0.79,S(=O)(=O)(NC=1C=C2N=C(C(=NC2=CC1)C)C)C3=CC=C(N)C=C3,Cc1noc(NS(=O)(=O)c2ccc(N)cc2)c1C
AKT2,Euclidean Search,0.58,OC(=O)C=1NC2=C(C1CCCOC=3C(=C(C=C(C3)C)C)C)C=CC=C2C4=C(C=CC=C4)C,Cc1ccc(C)c(OCCCC(C)(C)C(O)=O)c1
AKT2,Euclidean Search,0.64,S1C2=C(C(C3=CC=C(NC(=O)NC=4C=C(F)C=CC4)C=C3)=C1)C(=NC=C2C5=CN(N=C5)C(C(=O)N)(C)C)N,CNC(=O)c1ccc(cc1F)N1C(=S)N(C(=O)C1(C)C)c1ccc(C#N)c(c1)C(F)(F)F
AKT2,Euclidean Search,0.64,S(C1=NN(C(N)=C1C(=O)N)C2=NC=CC=C2)C,Nn1c(=O)c(Cc2ccco2)n[nH]c1=S
AKT2,Euclidean Search,0.56,C1=CC=C2C(N(C(=N2)NC(=O)C=3C=CC=C(C3)N(=O)=O)CCCO)=C1,OCC(NC(=O)C(Cl)Cl)C(O)c1ccc(cc1)[N+](=O)[O-]
AKT2,Euclidean Search,0.79,ClC1=CC=C([C@H](C(=O)N2CCN(C=3N=CN=C4C3[C@@H](C[C@H]4O)C)CC2)CNCC5CCOCC5)C=C1,C[C@H](NC(=O)C[C@H]1CC[C@H]2[C@@H](COC[C@H](O)CN2C(=O)Nc2cccc(Cl)c2)O1)c1ccccc1
AKT2,Euclidean Search,0.72,O=C(NC=1C(=C(O)C=CC1)C)C2=C3N(N=C2)C(C4=CC=CC=C4)=CC=N3,Oc1nc2ccccc2nc1c3ccccc3NC(=O)c4cccs4
AKT2,Euclidean Search,0.47,OC=1C=C(C=C(C(=O)NCC2=CC=CC=C2)C#N)C=CC1O,CC(C)NCC(O)c1cc(O)cc(O)c1
AKT2,Euclidean Search,0.79,BrC=1C(NC=2C(S(=O)(=O)NC)=CC=CC2)=NC(NC=3C(OC)=CC=C(N4CCN(CC4)C(=O)C)C3)=NC1,CCCc1nc(C)c2n1nc([nH]c2=O)-c1cc(ccc1OCC)S(=O)(=O)N1CCN(CC)CC1
AKT2,Euclidean Search,0.97,C1(O[C@@H](CC(C(=CC([C@H]([C@H](C([C@@H](C[C@@H](C=CC=CC=C([C@H](C[C@H]2O[C@](C(C(N3[C@H]1CCCC3)=O)=O)(O)[C@@H](CC2)C)OC)C)C)C)=O)OC)O)C)C)=O)[C@@H](C[C@H]4C[C@@H](OC)[C@H](O)CC4)C)=O,CO[C@@H]1C[C@@H](CC[C@H]1O)C=C(/C)[C@H]1OC(=O)[C@@H]2CCCCN2C(=O)C(=O)[C@]2(O)O[C@@H]([C@H](C[C@H]2C)OC)[C@H](C[C@@H](C)CC(C)=C[C@@H](CC=C)C(=O)C[C@H](O)[C@H]1C)OC
AKT2,Euclidean Search,0.73,FC=1C=C([C@H](C(=O)N2CCN(C=3N=CN=C4C3[C@@H](C[C@H]4O)C)CC2)CNC(CO)(C)C)C=CC1C(F)(F)F,COCC(=O)O[C@]1(CCN(C)CCCc2nc3ccccc3[nH]2)CCc2cc(F)ccc2[C@@H]1C(C)C
AKT2,Euclidean Search,0.48,C1(=CC2=C(C=C1)NC(=C2)C(=O)C=3NC4=C(C3)C=C(C=C4)O)O,Oc1ccc(cc1)C=Cc1cc(O)cc(O)c1
AKT2,Euclidean Search,0.72,C1=NC(=C(N1C2CCNCC2)C=3N=C(N=CC3)OC)C=4C=CC(=CC4)F,COc1ccc(C2=NC(C(N2C(=O)N2CCNC(=O)C2)c2ccc(Cl)cc2)c2ccc(Cl)cc2)c(OC(C)C)c1
AKT2,Euclidean Search,0.6,O(C=1C=C(C=NC1)CCC2=CC=NC=C2)CC3N(CC3)C,CCC(c1ccccc1)=C(/c1ccccc1)c1ccc(OCCN(C)C)cc1
AKT2,Euclidean Search,0.78,OC=1N(C2CCN(CC2)CC3=CC=C(C=C3)C=4N=C5N(N=C(N)C5=CC4C6=CC=CC=C6)CCO)C7=C(N1)C=CC=C7,OC(=O)c1ccc(cc1)-c1cccc(c1)-c1nn2c(nc(cc2=O)N2CCNCC2)s1
AKT2,Euclidean Search,0.43,N1(C(=[N+](C=C1)CCCCCCCCCCCCCCCC)C)CC2=CC=CC=C2,C[C@H](Cc1ccccc1)N(C)CC#C
AKT2,Euclidean Search,0.72,COC=1C=C2C(=NC=NC2=CC1OCCCN3CCCC3)OC=4C=CC=5NC(C)=CC5C4F,COc1ccc(OC)c(CCNC(=O)c2ccc3SCCN(Cc4ccc(F)cc4)c3c2)c1
AKT2,Euclidean Search,0.63,C=1(C=C2C(=NC=NC2=CC1OCCCN3CCCCC3)N4CCN(CC4)C(NC=5C=CC(=CC5)OC(C)C)=O)OC,CCOC(=O)C1CCN(CC1)C(=O)C(C)(C)NC(=O)Nc1ccc(cc1)N(C)C
AKT2,Euclidean Search,0.63,O=C1N(C=2C(N(C1CC)C3CCCC3)=NC(=NC2)NC4=C(OC)C=C(C=C4)C(=O)NC5CCN(CC5)C)C,CC(=O)O[C@H]1[C@H](C[C@@H]2[C@H]3CC[C@@H]4C[C@H](OC(C)=O)[C@H](C[C@@]4(C)[C@@H]3CC[C@@]12C)N1CCCCC1)[N+]1(C)CCCCC1
AKT2,Euclidean Search,0.61,O=C(NC1=C2C(NC=C2)=NC=C1)C3CCC(CC3)C(N)C,CNC(=O)CCc1cc2ccccc2[nH]1
AKT2,Euclidean Search,0.68,C=1C=2N=CN(C2C=C(OC)C1OC)C3=CC(OCC4=CC=CC=C4C(F)(F)F)=C(S3)C(=O)O,COc1cc2ncn(-c3cc(OCc4ccccc4S(C)(=O)=O)c(s3)C#N)c2cc1OC
AKT2,Euclidean Search,0.65,C=1N=CC=2SC(C=3N=C(ON3)O)=CC2C1OC4=CC=C(C=C4)I,OC(=O)c1cccc(c1)-c1noc(n1)-c1ccccc1F
AKT2,Euclidean Search,0.65,FC=1C(NC2C(C3CC2C=C3)C(=O)N)=NC(NC4=CC(=C(N5CCN(CC5)C)C=C4)C)=NC1,CN(Cc1ccccc1)C(=O)C2CCCN(Cc3ccccc3C(F)(F)F)C2
AKT2,Euclidean Search,0.67,C=1(C=C(N(=O)=O)C=CC1)C=2OC(=CC2)/C=N\N/C(=N/N(=O)=O)/N,[O-][N+](=O)c1ccc(cc1)-c1ccc(C=NN2CC(=O)NC2=O)o1
AKT2,Euclidean Search,0.79,FC=1C(C(=O)N2CCN(C=3N=CC=CN3)CC2)=CC(CC4=NNC(=O)C5C4CCC=C5)=CC1,Fc1ccc(Cc2n[nH]c(=O)c3ccccc23)cc1C(=O)N1CCN(CC1)C(=O)C1CC1
AKT2,Euclidean Search,0.41,C=1(C(=C(C=C(C1Br)Br)/C=C/C(=O)O)Br)Br,CC(C)Cc1ccc(cc1)C(C)C(O)=O
AKT2,Euclidean Search,0.7,OC1CCN(C2=NC=NC=3NC=C(C23)C=4C=CC=CC4)CC1,Cc1ccc(cc1)N(CC1=NCCN1)c1cccc(O)c1
AKT2,Euclidean Search,0.61,O=C(NC1=C2C(NC=C2)=NC=C1)C3CCC(CC3)C(N)C,CNC(=O)CCc1cc2ccccc2[nH]1
AKT2,Euclidean Search,0.63,S1C2=C(C(OC3=CC=C(C(F)(F)F)C=C3)=CN=C2)C=C1C=4OC(=NN4)C,Oc1cc2ccccc2cc1-c1nnc(SCC#CCOC(=O)c2ccc(F)cc2)o1
AKT2,Euclidean Search,0.61,O=C(NC1=C2C(NC=C2)=NC=C1)C3CCC(CC3)C(N)C,CNC(=O)CCc1cc2ccccc2[nH]1
AKT2,Euclidean Search,0.74,C1(=CC=C2C(=C1)C(=C(N2)O)C=C3CC(=C(C3=C)C(N4CCN(CC4)C)=O)C)S(=O)(N(C)C5=CC(=CC=C5)Cl)=O,C[C@@H](CO)N1C[C@H](C)[C@@H](CN(C)C(=O)c2ccc(F)cc2)Oc3cc(ccc3S1(=O)=O)C4=CCCC4
AKT2,Euclidean Search,0.72,CC=1C=NC=C2C=CC=C(C12)S(N3CCCN(C[C@H]3C)C(CN)=O)(=O)=O,C[C@H](CO)N1C[C@H](C)[C@@H](CN(C)S(=O)(=O)c2ccccc2)OCCCC[C@@H](C)Oc3ccc(NC(=O)CCCN(C)C)cc3C1=O
AKT2,Euclidean Search,0.77,C1(=CC=C2C(=C1)C(=C(N2)O)C=C3CC(=C(C3=C)C(N4CCN(CC4)C)=O)C)S(=O)(N(C)C5=CC(=CC=C5)Cl)=O,C[C@@H](CO)N1C[C@@H](C)[C@@H](CN(C)C(=O)CCC(F)(F)F)OCCCC[C@@H](C)Oc2ccc(NS(=O)(=O)c3ccc(Cl)cc3)cc2C1=O
AKT2,Euclidean Search,0.75,O1C2=CC=3C=4[N+](=CC=5C(C4C=CC3C=C2OC1)=CC=C(OC)C5OC)C,COc1ccc2[C@@H](OC(=O)c2c1OC)[C@@H]1N(C)CCc2cc3OCOc3c(OC)c12
AKT2,Euclidean Search,0.52,FC=1C(C(=O)NC(CC2=CC=CC=C2)CO)=CC=C(C1)C=3C=CN=CC3,OC(=O)Cc1ccccc1Nc1c(Cl)cccc1Cl
AKT2,Euclidean Search,0.78,OC=1N(C2CCN(CC2)CC3=CC=C(C=C3)C=4N=C5N(N=C(N)C5=CC4C6=CC=CC=C6)CCO)C7=C(N1)C=CC=C7,OC(=O)c1ccc(cc1)-c1cccc(c1)-c1nn2c(nc(cc2=O)N2CCNCC2)s1
AKT2,Euclidean Search,0.74,C1(N(C2=CC=CC=C2N1)C3CCN(CC3)CC=4C=CC(C5=C(N=C(C(N5)=O)C(CC)C)C6=CC=CC=C6)=CC4)=O,CCN(CC)C(=O)Cn1c2ccccc2c2nc3SCCn3c(=O)c12
AKT2,Euclidean Search,0.6,N=1C=CC(NC=2C=CC=CC2C(O)=O)=NC1NC3=CC(=CC=C3)O,Nc1ccc(O)c(c1)C(O)=O
AKT2,Euclidean Search,0.56,C1=CC=C2C(N(C(=N2)NC(=O)C=3C=CC=C(C3)N(=O)=O)CCCO)=C1,OCC(NC(=O)C(Cl)Cl)C(O)c1ccc(cc1)[N+](=O)[O-]
AKT2,Euclidean Search,0.61,O=C(NC1=C2C(NC=C2)=NC=C1)C3CCC(CC3)C(N)C,CNC(=O)CCc1cc2ccccc2[nH]1
AKT2,Pre-trained hierVAE Generate,0.49,C1=CC=C2C(C3=C4N2[C@]5(O[C@H](C[C@H]([C@H]5OC)N(C)C(=O)CCC(NCCC(NCCC(NCCC(N)=O)=O)=O)=O)N6C4=C(C7=C6C=CC=C7)C=8C3=CNC8O)C)=C1,CN(C)C(=O)CC1C=CC(NC(=O)c2ccc3c(c2)OCO3)C(CO)O1
AKT2,Pre-trained hierVAE Generate,0.36,O=C1N(C=2C(N(C1CC)C3CCCC3)=NC(=NC2)NC4=C(OC)C=C(C=C4)C(=O)NC5CCN(CC5)C)C,CCCNC(=O)N1CC(C)C(OC)CN(C)C(=O)c2cc(NC(=O)CCN3CCOCC3)ccc2OCC1C
AKT2,Pre-trained hierVAE Generate,0.38,C1(=C2C(C=CC=C2)=NC=N1)NC3=CC(OC)=CC=C3,COc1cccc(CNc2nc(-c3ccncc3)nc3cccc(C#N)c23)c1
AKT2,Pre-trained hierVAE Generate,0.44,CC=1C=NC=C2C=CC=C(C12)S(N3CCCN(C[C@H]3C)C(CN)=O)(=O)=O,CC1CN(C(C)CO)S(=O)(=O)c2ccc(-c3cccc(C(=O)N(C)C)c3)cc2OC1CN(C)Cc1cccnc1
AKT2,Pre-trained hierVAE Generate,0.36,O=C1NC=2C(NC=3C1=CC=C(C3)C=4C=C(OC)C(OCC(O)CO)=CC4)=CC=C(C2)CCOC5=CC=C(N6CCOCC6)C=C5,COc1ccc(CNC(=O)CC2CCC3C(COCC(O)CN3Cc3ccc(Cl)c(Cl)c3)O2)cc1
AKT2,Pre-trained hierVAE Generate,0.36,OC=1C(=C2C(C(=NNC(=O)CC=3C=4C(C=CC3)=CC=CC4)CCC2)=CC1)C,CCCCCCCCCCCCCCCCCCCCCC(=O)O
AKT2,Pre-trained hierVAE Generate,0.47,C=1C=C(C=CC1C[C@@H](N)C(N2CCN(CC2)C=3C4=C(N=CN3)C=CC=C4)=O)F,O=C(CCCN1CCN(c2ccc(F)cc2)CC1)NCc1ccc(F)cc1
AKT2,Pre-trained hierVAE Generate,0.68,C1(=CC=C2C(=C1)C(=C(N2)O)C=C3CC(=C(C3=C)C(N4CCN(CC4)C)=O)C)S(=O)(N(C)C5=CC(=CC=C5)Cl)=O,CC1CN(C(C)CO)S(=O)(=O)c2ccc(C3=CCCC3)cc2OC1CN(C)C(=O)CCC(F)(F)F
AKT2,Pre-trained hierVAE Generate,0.59,O=C1NC=2C(NC=3C1=CC=C(C3)C=4C=C(OC)C(OCC(O)CO)=CC4)=CC=C(C2)CCOC5=CC=C(N6CCOCC6)C=C5,CC1CCCCOC(CN(C)CC2CC2)C(C)CN(C(C)CO)C(=O)c2cc(NC(=O)c3ccncc3)ccc2O1
AKT2,Pre-trained hierVAE Generate,0.52,FC=1C=C([C@H](C(=O)N2CCN(C=3N=CN=C4C3[C@@H](C[C@H]4O)C)CC2)CNC(CO)(C)C)C=CC1C(F)(F)F,CC1CN(C(C)CO)C(=O)CCCn2nncc2COC1CN(C)Cc1ccc(C(F)(F)F)cc1
AKT2,Pre-trained hierVAE Generate,0.72,FC=1C=C([C@H](C(=O)N2CCN(C=3N=CN=C4C3[C@@H](C[C@H]4O)C)CC2)CNC(CO)(C)C)C=CC1C(F)(F)F,CC1CCCCOC(CN(C)Cc2ccc(C(F)(F)F)cc2)C(C)CN(C(C)CO)C(=O)c2cc(NC(=O)CCCN(C)C)ccc2O1
AKT2,Pre-trained hierVAE Generate,0.43,O=C1N(C=2C(N(C1CC)C3CCCC3)=NC(=NC2)NC4=C(OC)C=C(C=C4)C(=O)NC5CCN(CC5)C)C,CCCCCCC(=O)Nc1ccc2c(c1)C(=O)N(C)CC(OC)C(C)CN(C(=O)c1ccccn1)C(C)CO2
AKT2,Pre-trained hierVAE Generate,0.61,C=1(C=C2C(=NC=NC2=CC1OCCCN3CCCCC3)N4CCN(CC4)C(NC=5C=CC(=CC5)OC(C)C)=O)OC,CC(C)NC(=O)Nc1ccc2c(c1)C(=O)N(C(C)CO)CC(C)C(CN(C)Cc1cccnc1)OCCCCC(C)O2
AKT2,Pre-trained hierVAE Generate,0.48,CC=1C=NC=C2C=CC=C(C12)S(N3CCCN(C[C@H]3C)C(CN)=O)(=O)=O,CC1CN(C(C)CO)S(=O)(=O)c2ccc(-c3ccccc3C(=O)N(C)C)cc2OC1CN(C)Cc1ccc(C(=O)O)cc1
AKT2,Pre-trained hierVAE Generate,0.63,O=C1NC=2C(NC=3C1=CC=C(C3)C=4C=C(OC)C(OCC(O)CO)=CC4)=CC=C(C2)CCOC5=CC=C(N6CCOCC6)C=C5,COc1cccc(CNC(=O)CC2CCC(NC(=O)c3ccccc3F)C(CO)O2)c1
AKT2,Pre-trained hierVAE Generate,0.58,O=C1N(C=2C(N(C1CC)C3CCCC3)=NC(=NC2)NC4=C(OC)C=C(C=C4)C(=O)NC5CCN(CC5)C)C,CCCN1CC(C)C(OC)CN(C)C(=O)c2cc(NC(=O)Cc3cn(C)c4ccccc34)ccc2OCC1C
AKT2,Pre-trained hierVAE Generate,0.41,O=C1NC=2C(NC=3C1=CC=C(C3)C=4C=C(OC)C(OCC(O)CO)=CC4)=CC=C(C2)CCOC5=CC=C(N6CCOCC6)C=C5,CC1CCCCOC(CN(C)Cc2cccnc2)C(C)CN(C(C)CO)C(=O)c2cc(NC(=O)c3cccnc3)ccc2O1
AKT2,Pre-trained hierVAE Generate,0.51,O=C1N(C=2C(N(C1CC)C3CCCC3)=NC(=NC2)NC4=C(OC)C=C(C=C4)C(=O)NC5CCN(CC5)C)C,CCCCCC(=O)Nc1ccc2c(c1)C(=O)N(C)CC(OC)C(C)CN(C(=O)c1ccccn1)C(C)CO2
AKT2,Pre-trained hierVAE Generate,0.55,BrC=1C(NC=2C(S(=O)(=O)NC)=CC=CC2)=NC(NC=3C(OC)=CC=C(N4CCN(CC4)C(=O)C)C3)=NC1,CC1CCCCOC(CN(C)C(=O)CCN2CCOCC2)C(C)CN(C(C)CO)C(=O)c2cc(NS(=O)(=O)c3ccc(F)cc3)ccc2O1
AKT2,Pre-trained hierVAE Generate,0.49,FC=1C=C([C@H](C(=O)N2CCN(C=3N=CN=C4C3[C@@H](C[C@H]4O)C)CC2)CNC(CO)(C)C)C=CC1C(F)(F)F,CC(C)CC(=O)Nc1ccc2c(c1)CC(=O)N(C(C)CO)CC(C)C(CN(C)C(=O)CCC(F)(F)F)O2
AKT2,Pre-trained hierVAE Generate,0.58,O=C1N(C=2C(N(C1CC)C3CCCC3)=NC(=NC2)NC4=C(OC)C=C(C=C4)C(=O)NC5CCN(CC5)C)C,CCCNC(=O)N1CC(C)C(OC)CN(C)C(=O)c2cc(NC(=O)Cc3ccccc3)ccc2OCC1C
AKT2,Pre-trained hierVAE Generate,0.44,C=1C=NC=2N(C=C(C=3C(NC(C3C4=CN=CC=N4)=O)=O)C2C1)CCCO,COc1ccc(CNC(=O)CC2C(CO)C3c4ccc(C5=CCCC5)c(=O)n4CC2N3C(=O)C2CC2)cc1
AKT2,Pre-trained hierVAE Generate,0.54,O=C1NC=2C(NC=3C1=CC=C(C3)C=4C=C(OC)C(OCC(O)CO)=CC4)=CC=C(C2)CCOC5=CC=C(N6CCOCC6)C=C5,CC1CCCCOC(CN(C)Cc2ccccn2)C(C)CN(C(C)CO)C(=O)c2cc(NC(=O)c3ccncc3)ccc2O1
AKT2,Pre-trained hierVAE Generate,0.61,CC=1C=NC=C2C=CC=C(C12)S(N3CCCN(C[C@H]3C)C(CN)=O)(=O)=O,CC(C)(C)S(=O)N(CC(=O)NCCCN1CCC(Cc2ccccc2)CC1)c1ccc(C(F)(F)F)cc1
AKT2,Pre-trained hierVAE Generate,0.58,O=C1N(C=2C(N(C1CC)C3CCCC3)=NC(=NC2)NC4=C(OC)C=C(C=C4)C(=O)NC5CCN(CC5)C)C,CCCNC(=O)Nc1ccc2c(c1)C(=O)N(C)CC(OC)C(C)CN(C(=O)c1cccnc1)C(C)CO2
AKT2,Pre-trained hierVAE Generate,0.34,BrC=1C(NC=2C(S(=O)(=O)NC)=CC=CC2)=NC(NC=3C(OC)=CC=C(N4CCN(CC4)C(=O)C)C3)=NC1,CCCNC(=O)N1CC(C)C(OC)CN(C)C(=O)c2cc(NS(C)(=O)=O)ccc2OCC1C
AKT2,Pre-trained hierVAE Generate,0.4,BrC=1C(NC=2C(S(=O)(=O)NC)=CC=CC2)=NC(NC=3C(OC)=CC=C(N4CCN(CC4)C(=O)C)C3)=NC1,CC1CCCCOC(CN(C)Cc2ccc(C(F)(F)F)cc2)C(C)CN(C(C)CO)C(=O)c2cc(NS(=O)(=O)c3cn(C)cn3)ccc2O1
AKT2,Pre-trained hierVAE Generate,0.03,O=C1NC=2C(NC=3C1=CC=C(C3)C=4C=C(OC)C(OCC(O)CO)=CC4)=CC=C(C2)CCOC5=CC=C(N6CCOCC6)C=C5,CC1CCCCOC(CN(C)CC2CC2)C(C)CN(C(C)CO)C(=O)c2cc(NC(=O)C3CCCCC3)ccc2O1
AKT2,Pre-trained hierVAE Generate,0.38,C=1(C=C2/C(/C(NC2=CC1)=O)=C/C=3NC=C(C3)C(NCCN4CCOCC4)=O)NC(N)=O,CC1CN(C(C)CO)C(=O)c2c(c3ccccc3n2C)-c2ccccc2COC1CN(C)C(=O)NC1CCCCC1
AKT2,Pre-trained hierVAE Generate,0.52,FC=1C=C([C@H](C(=O)N2CCN(C=3N=CN=C4C3[C@@H](C[C@H]4O)C)CC2)CNC(CO)(C)C)C=CC1C(F)(F)F,CC1CCCCOC(CN(C)Cc2ccc(C(F)(F)F)cc2)C(C)CN(C(C)CO)C(=O)c2cc(NC(=O)CCN3CCOCC3)ccc2O1
AKT2,Pre-trained hierVAE Generate,0.6,CC=1C=NC=C2C=CC=C(C12)S(N3CCCN(C[C@H]3C)C(CN)=O)(=O)=O,CC1CN(C(C)CO)C(=O)c2ccccc2-c2ccccc2COC1CN(C)S(=O)(=O)c1ccc(Cl)cc1
AKT2,Pre-trained hierVAE Generate,0.54,ClC1=CC=C([C@@H](CNC2CCC(OC)CC2)C(=O)N3CCN(CC3)C=4N=CN=C5C4[C@@H](C[C@H]5O)C)C=C1,COC(CN(C)Cc1ccc(F)cc1)C(C)CN(C(=O)Nc1ccc(F)cc1)C(C)CO
AKT2,Pre-trained hierVAE Generate,0.58,C=1(C=C2C(=NC=NC2=CC1OCCCN3CCCCC3)N4CCN(CC4)C(NC=5C=CC(=CC5)OC(C)C)=O)OC,CC(C)NC(=O)Nc1ccc2c(c1)C(=O)N(C(C)CO)CC(C)C(CN(C)Cc1cccnc1)OCCCCC(C)O2
AKT2,Pre-trained hierVAE Generate,0.72,O=C1NC=2C(NC=3C1=CC=C(C3)C=4C=C(OC)C(OCC(O)CO)=CC4)=CC=C(C2)CCOC5=CC=C(N6CCOCC6)C=C5,COc1ccccc1CNC(=O)CC1CCC2C(COCC(O)CN2C(=O)Nc2ccccc2F)O1
AKT2,Pre-trained hierVAE Generate,0.56,O=C1NC=2C(NC=3C1=CC=C(C3)C=4C=C(OC)C(OCC(O)CO)=CC4)=CC=C(C2)CCOC5=CC=C(N6CCOCC6)C=C5,COc1ccc(C(=O)Nc2ccc3c(c2)C(=O)N(C)C2CCC(CC(=O)NCCc4ccccc4)OC2CO3)cc1
AKT2,Pre-trained hierVAE Generate,0.45,O=C1NC=2C(NC=3C1=CC=C(C3)C=4C=C(OC)C(OCC(O)CO)=CC4)=CC=C(C2)CCOC5=CC=C(N6CCOCC6)C=C5,CCNC(=O)CC1CCC2C(COCC(O)CN2Cc2ccc(OC)cc2)O1
AKT2,Pre-trained hierVAE Generate,0.59,O=C1NC=2C(NC=3C1=CC=C(C3)C=4C=C(OC)C(OCC(O)CO)=CC4)=CC=C(C2)CCOC5=CC=C(N6CCOCC6)C=C5,COc1ccc(CNC(=O)CC2CC3c4cc(NC(=O)CN5CCOCC5)ccc4OC3C(CO)O2)cc1
AKT2,Pre-trained hierVAE Generate,0.29,O=C1N(C=2C(N(C1CC)C3CCCC3)=NC(=NC2)NC4=C(OC)C=C(C=C4)C(=O)NC5CCN(CC5)C)C,CCCCCC(=O)Nc1ccc2c(c1)C(=O)N(C)CC(OC)C(C)CN(C(=O)c1ccccn1)C(C)CO2
AKT2,Pre-trained hierVAE Generate,0.32,C=1C=C(N=CC1)C=2N=C(C3=CC=C(C=C3)C(N)=O)NC2C4=CC5=C(C=C4)OCCO5,O=C(Nc1cc2c(c(C(F)(F)F)c1)OCCO2)c1ccc(-c2ccc(Cl)cc2)o1
AKT2,Pre-trained hierVAE Generate,0.48,C=1C=CC=C(C1)C2=CC(=NC(=C2)C=3C=C4C(=CC3)OCC(N4)=O)C5=CC6=C(C=C5)OC(N6)=O,CCNC(=O)CC1CC2c3cc(NC(=O)c4cccnc4)ccc3OC2C(CO)O1
AKT2,Pre-trained hierVAE Generate,0.42,O=C1N(C=2C(N(C1CC)C3CCCC3)=NC(=NC2)NC4=C(OC)C=C(C=C4)C(=O)NC5CCN(CC5)C)C,CCCNC(=O)Nc1ccc2c(c1)C(=O)N(C)CC(OC)C(C)CN(C(=O)c1ccccn1)C(C)CO2
AKT2,Pre-trained hierVAE Generate,0.21,O=C(NC(C)(C)C)C1=CC=2N=C3C(NC4=C3C=CC=C4)=NC2C=C1,CC(C)(C)c1ccc(C(=O)Nc2ncnc3ccccc23)c2cccnc12
AKT2,Pre-trained hierVAE Generate,0.42,N=1C=NC(=C2[C@@H](C[C@@H](O)C12)C)N3CCN(C([C@H](CNC4CCOCC4)C5=CC(=C(Cl)C=C5)F)=O)CC3,CC1CN(C(=O)c2ccccc2F)C(C)COc2ccc(NC(=O)CCCC=O)cc2C(=O)N(C)CC1NC(=O)Cc1ccccc1
AKT2,Pre-trained hierVAE Generate,0.61,FC=1C=C([C@H](C(=O)N2CCN(C=3N=CN=C4C3[C@@H](C[C@H]4O)C)CC2)CNC(CO)(C)C)C=CC1C(F)(F)F,CC1CN(C(C)CO)C(=O)Cc2cc(NC(=O)CCN3CCOCC3)ccc2OC1CN(C)Cc1cccc(C(F)(F)F)c1
AKT2,Pre-trained hierVAE Generate,0.49,FC=1C=C([C@H](C(=O)N2CCN(C=3N=CN=C4C3[C@@H](C[C@H]4O)C)CC2)CNC(CO)(C)C)C=CC1C(F)(F)F,CC1CN(C(C)CO)C(=O)c2cc(NC(=O)CCN3CCOCC3)ccc2OC1CN(C)Cc1ccc(C(F)(F)F)cc1
AKT2,Pre-trained hierVAE Generate,0.23,O=C1N(N(C2=NC(=NC=C2N1C)NC3=C(OC)C=C(C=C3)C(=O)NC4CCN(CC4)C)C5CCCC5)CC,COc1ccc(NC(=O)N(C)CC2OCc3cn(nn3)CCCC(=O)N(C(C)CO)CC2C)c(OC)c1
AKT2,Pre-trained hierVAE Generate,0.44,C1=CC=C2C(C3=C4N2[C@]5(O[C@H](C[C@H]([C@H]5OC)N(C)C(=O)CCC(NCCC(NCCC(NCCC(N)=O)=O)=O)=O)N6C4=C(C7=C6C=CC=C7)C=8C3=CNC8O)C)=C1,CC(C)C1CCN(CCc2ccc(O)c(O)c2)C1C(=O)NCc1ccc(C(=O)NCCC(=O)O)cc1
AKT2,Pre-trained hierVAE Generate,0.59,FC=1C=C([C@H](C(=O)N2CCN(C=3N=CN=C4C3[C@@H](C[C@H]4O)C)CC2)CNC(CO)(C)C)C=CC1C(F)(F)F,COc1ccc2c(c1)c1c(n2C)C2(CO)CC(C(=O)NCCCN(C)C)C(C1)N2Cc1ccc(F)cc1
AKT2,Pre-trained hierVAE Generate,0.01,O=C1NC=2C(NC=3C1=CC=C(C3)C=4C=C(OC)C(OCC(O)CO)=CC4)=CC=C(C2)CCOC5=CC=C(N6CCOCC6)C=C5,COc1ccccc1CNC(=O)CC1CCC2C(COCC(O)CN2C(=O)Nc2ccccc2F)O1
AKT2,Pre-trained hierVAE Generate,0.13,FC=1C=C([C@H](C(=O)N2CCN(C=3N=CN=C4C3[C@@H](C[C@H]4O)C)CC2)CNC(CO)(C)C)C=CC1C(F)(F)F,CC1CN(C(C)CO)C(=O)c2cc(NC(=O)CCN3CCOCC3)ccc2OC1CN(C)Cc1ccc(C(F)(F)F)cc1
AKT2,Pre-trained hierVAE Generate,0.46,FC=1C=C([C@H](C(=O)N2CCN(C=3N=CN=C4C3[C@@H](C[C@H]4O)C)CC2)CNC(CO)(C)C)C=CC1C(F)(F)F,CC1CCCCOC(CN(C)Cc2cccc(C(F)(F)F)c2)C(C)CN(C(C)CO)C(=O)c2cc(NC(=O)CCN3CCOCC3)ccc2O1
AKT2,Pre-trained hierVAE Generate,0.73,FC=1C=C([C@H](C(=O)N2CCN(C=3N=CN=C4C3[C@@H](C[C@H]4O)C)CC2)CNC(CO)(C)C)C=CC1C(F)(F)F,CC1CN(C(C)CO)C(=O)c2c(c3ccccc3n2C)-c2ccccc2COC1CN(C)C(=O)CCC(F)(F)F
AKT2,Pre-trained hierVAE Generate,0.49,S(=O)(=O)(NCCN)C=1C=C(C(=O)NC2=CC=C(C3=NN=C(O)C4=C3C=CC=C4)C=C2)C=CC1,NC(=O)CCC(O)C=Cc1ccc(S(N)(=O)=O)cc1
AKT2,Pre-trained hierVAE Generate,0.37,C1(=CC=C2C(=C1)C(=C(N2)O)C=C3CC(=C(C3=C)C(N4CCN(CC4)C)=O)C)S(=O)(N(C)C5=CC(=CC=C5)Cl)=O,Cc1ccc(S(=O)(=O)N(C)CC2OCCCCC(C)Oc3ccc(NC(=O)CCC(F)(F)F)cc3C(=O)N(C(C)CO)CC2C)cc1
AKT2,Pre-trained hierVAE Generate,0.56,O=C1NC=2C(NC=3C1=CC=C(C3)C=4C=C(OC)C(OCC(O)CO)=CC4)=CC=C(C2)CCOC5=CC=C(N6CCOCC6)C=C5,CCNC(=O)CC1CCC(NC(=O)c2ccc3c(c2)OCO3)C(CO)O1
AKT2,Pre-trained hierVAE Generate,0.58,FC=1C=C([C@H](C(=O)N2CCN(C=3N=CN=C4C3[C@@H](C[C@H]4O)C)CC2)CNC(CO)(C)C)C=CC1C(F)(F)F,Cc1ccc(NC(=O)N2C(CO)C(C(=O)NCCC(=O)NC(C(=O)Nc3cccc(C(=O)O)c3)C(C)(C)C)C3Cn4c(ccc(-c5cncnc5)c4=O)C32)cc1
AKT2,Pre-trained hierVAE Generate,0.41,O=C1NC=2C(NC=3C1=CC=C(C3)C=4C=C(OC)C(OCC(O)CO)=CC4)=CC=C(C2)CCOC5=CC=C(N6CCOCC6)C=C5,CC(C)NC(=O)N(C)CC1OCCCCC(C)Oc2ccc(NC(=O)CCCN(C)C)cc2C(=O)N(C(C)CO)CC1C
AKT2,Pre-trained hierVAE Generate,0.6,O=C1N(C=2C(N(C1CC)C3CCCC3)=NC(=NC2)NC4=C(OC)C=C(C=C4)C(=O)NC5CCN(CC5)C)C,CCCC(=O)Nc1ccc2c(c1)C(=O)N(C)CC(OC)C(C)CN(C(=O)c1cccnc1)C(C)CO2
AKT2,Pre-trained hierVAE Generate,0.02,O=C(NC1=CN=CC=C1)NCCCCCCNC(=O)NC2=CN=CC=C2,CCCCCCCCCNC(=O)c1ccc(NC(C)=O)cc1
AKT2,Pre-trained hierVAE Generate,0.4,O=C1NC=2C(NC=3C1=CC=C(C3)C=4C=C(OC)C(OCC(O)CO)=CC4)=CC=C(C2)CCOC5=CC=C(N6CCOCC6)C=C5,COc1ccccc1C(=O)Nc1ccc2c(c1)C(=O)N(C)C1CCC(CC(=O)NCCCN3CCOCC3)OC1CO2
AKT2,Pre-trained hierVAE Generate,0.62,COC=1C=C2C(=NC=NC2=CC1OCCCN3CCCC3)OC=4C=CC=5NC(C)=CC5C4F,COc1ccc2c3c(n(C)c2c1)C(CO)N(Cc1ccc(F)cc1)CC31CCN(C(=O)C2CC2)CC1
AKT2,Pre-trained hierVAE Generate,0.49,C1(NC(N)=O)=CC=C2NC(/C(/C2=C1)=C(/C)\C=3NC=C(C3)CNC(=O)CO)=O,CC(C)NC(=O)Nc1ccc2c(c1)C1CC(CC(=O)NCc3ccc4c(c3)OCO4)OC(CO)C1O2
AKT2,Pre-trained hierVAE Generate,0.53,C=1C=C(C=CC1C[C@@H](N)C(N2CCN(CC2)C=3C4=C(N=CN3)C=CC=C4)=O)C,CN(C)c1ccc(C(=O)NCCCN2CCC(Cc3ccccc3)CC2)c2cccnc12
AKT2,Pre-trained hierVAE Generate,0.69,C1(=CC=C2C(=C1)C(=C(N2)O)C=C3CC(=C(C3=C)C(N4CCN(CC4)C)=O)C)S(=O)(N(C)C5=CC(=CC=C5)Cl)=O,CC1CCCCOC(CN(C)Cc2ccc(C(F)(F)F)cc2)C(C)CN(C(C)CO)C(=O)c2cc(NS(=O)(=O)c3cccs3)ccc2O1
AKT2,Pre-trained hierVAE Generate,0.56,FC=1C=C([C@H](C(=O)N2CCN(C=3N=CN=C4C3[C@@H](C[C@H]4O)C)CC2)CNC(CO)(C)C)C=CC1C(F)(F)F,CC1CN(C(C)CO)C(=O)c2cc(NC(=O)CCN(C)C)ccc2OC1CN(C)Cc1ccc(C(F)(F)F)cc1
AKT2,Pre-trained hierVAE Generate,0.33,FC=1C=C([C@H](C(=O)N2CCN(C=3N=CN=C4C3[C@@H](C[C@H]4O)C)CC2)CNC(CO)(C)C)C=CC1C(F)(F)F,CC(C)NC(=O)N(C)CC1OCCCCC(C)Oc2ccc(NC(=O)CCC(F)(F)F)cc2C(=O)N(C(C)CO)CC1C
AKT2,Pre-trained hierVAE Generate,0.57,O=C1NC=2C(NC=3C1=CC=C(C3)C=4C=C(OC)C(OCC(O)CO)=CC4)=CC=C(C2)CCOC5=CC=C(N6CCOCC6)C=C5,CC1CCCCOC(CN(C)Cc2ccncc2)C(C)CN(C(C)CO)C(=O)c2cc(NC(=O)C3CCCCC3)ccc2O1
AKT2,Pre-trained hierVAE Generate,0.45,ClC1=C(OCC)N=C(C(=O)NCC=2C(S(=O)(=O)N)=CC=CC2)C=C1N,CCNC(=O)CC1CC2c3cc(NS(=O)(=O)c4ccc(F)cc4)ccc3OC2C(CO)O1
AKT2,Pre-trained hierVAE Generate,0.45,FC=1C=C([C@H](C(=O)N2CCN(C=3N=CN=C4C3[C@@H](C[C@H]4O)C)CC2)CNC(CO)(C)C)C=CC1C(F)(F)F,CC1CN(C(C)CO)C(=O)c2c(c3ccccc3n2C)-c2ccccc2COC1CN(C)Cc1ccc(C(F)(F)F)cc1
AKT2,Pre-trained hierVAE Generate,0.42,CC=1C=NC=C2C=CC=C(C12)S(N3CCCN(C[C@H]3C)C(CN)=O)(=O)=O,CC1CN(C(C)CO)S(=O)(=O)c2ccc(C#CCN(C)C)cc2OC1CN(C)Cc1ccc(C(=O)O)cc1
AKT2,Pre-trained hierVAE Generate,0.47,BrC=1C(NC=2C(S(=O)(=O)NC)=CC=CC2)=NC(NC=3C(OC)=CC=C(N4CCN(CC4)C(=O)C)C3)=NC1,CC1CCCCOC(CN(C)C(=O)CCC(F)(F)F)C(C)CN(C(C)CO)C(=O)c2cc(NS(=O)(=O)c3ccccc3)ccc2O1
AKT2,Pre-trained hierVAE Generate,0.59,N=1C=NC(=C2[C@@H](C[C@@H](O)C12)C)N3CCN(C([C@H](CNC4CCOCC4)C5=CC(=C(Cl)C=C5)F)=O)CC3,CCCNC(=O)C1C(CO)C2Cn3c(ccc(-c4cccc(F)c4)c3=O)C2N1C(=O)c1ccc(F)cc1
AKT2,Pre-trained hierVAE Generate,0.55,C=1(C=C2C(=NC=NC2=CC1OCCCN3CCCCC3)N4CCN(CC4)C(NC=5C=CC(=CC5)OC(C)C)=O)OC,CC(C)NC(=O)Nc1ccc2c(c1)C(=O)N(C(C)CO)CC(C)C(CN(C)Cc1cccnc1)OCCCCC(C)O2
AKT2,Pre-trained hierVAE Generate,0.44,O=C1NC=2C(NC=3C1=CC=C(C3)C=4C=C(OC)C(OCC(O)CO)=CC4)=CC=C(C2)CCOC5=CC=C(N6CCOCC6)C=C5,CNCC1Oc2c(NC(=O)CCN3CCOCC3)cccc2C(=O)N(C(C)CO)CC1C
AKT2,Pre-trained hierVAE Generate,0.46,FC=1C=C([C@H](C(=O)N2CCN(C=3N=CN=C4C3[C@@H](C[C@H]4O)C)CC2)CNC(CO)(C)C)C=CC1C(F)(F)F,CC1CCCCOC(CN(C)Cc2ccc(C(F)(F)F)cc2)C(C)CN(C(C)CO)C(=O)c2cc(NC(=O)CCC(F)(F)F)ccc2O1
AKT2,Pre-trained hierVAE Generate,0.61,FC=1C=C([C@H](C(=O)N2CCN(C=3N=CN=C4C3[C@@H](C[C@H]4O)C)CC2)CNC(CO)(C)C)C=CC1C(F)(F)F,Cc1ccc(NC(=O)N2C(CO)C(C(=O)NCCC(=O)NC(C(=O)Nc3cccc(C(=O)O)c3)C(C)(C)C)C3Cn4c(ccc(-c5cncnc5)c4=O)C32)cc1
AKT2,Pre-trained hierVAE Generate,0.55,BrC=1C(NC=2C(S(=O)(=O)NC)=CC=CC2)=NC(NC=3C(OC)=CC=C(N4CCN(CC4)C(=O)C)C3)=NC1,CCCN1CC(C)C(OC)CN(C)C(=O)c2cc(NS(=O)(=O)c3ccc(C)cc3)ccc2OCC1C
AKT2,Pre-trained hierVAE Generate,0.43,O=C1N(C=2C(N(C1CC)C3CCCC3)=NC(=NC2)NC4=C(OC)C=C(C=C4)C(=O)NC5CCN(CC5)C)C,CCCNC(=O)Nc1ccc2c(c1)C(=O)N(C)CC(OC)C(C)CN(C(=O)c1ccccn1)C(C)CO2
AKT2,Pre-trained hierVAE Generate,0.36,ClC1=CC=C([C@H](C(=O)N2CCN(C=3N=CN=C4C3[C@@H](C[C@H]4O)C)CC2)CNCC5CCOCC5)C=C1,CCCNC(=O)CC1CCC2C(COCC(O)CN2C(=O)Nc2ccc(F)cc2)O1
AKT2,Pre-trained hierVAE Generate,0.53,C=1C(=C(C=CC1C[C@@H](N)C(N2CCN(CC2)C=3C4=C(N=CN3)C=CC=C4)=O)Cl)Cl,O=C(CCCCC(=O)N1CCN(Cc2ccc(Cl)cc2)CC1)Nc1ccc(Cl)c(Cl)c1
AKT2,Pre-trained hierVAE Generate,0.43,FC=1C=C([C@H](C(=O)N2CCN(C=3N=CN=C4C3[C@@H](C[C@H]4O)C)CC2)CNC(CO)(C)C)C=CC1C(F)(F)F,CC1CN(C(C)CO)C(=O)CCCn2cc(nn2)COC1CN(C)Cc1ccc(C(F)(F)F)cc1
AKT2,Pre-trained hierVAE Generate,0.44,O=C1N(C=2C(N(C1CC)C3CCCC3)=NC(=NC2)NC4=C(OC)C=C(C=C4)C(=O)NC5CCN(CC5)C)C,CCCCCC(=O)Nc1ccc2c(c1)C(=O)N(C)CC(NC(=O)Cc1ccccc1)C(C)CN(C(=O)c1ccccc1)C(C)CO2
AKT2,Pre-trained hierVAE Generate,0.37,O=C1N(C=2C(N(C1CC)C3CCCC3)=NC(=NC2)NC4=C(OC)C=C(C=C4)C(=O)NC5CCN(CC5)C)C,CCCCCCCC(=O)Nc1ccc2c(c1)C(=O)N(C)CC(OC)C(C)CN(C(=O)c1ccncc1)C(C)CO2
AKT2,Pre-trained hierVAE Generate,0.17,C1=C(C=CC(=C1)C(NC(=O)C2(N)CCN(CC2)C3=NC=NC4=C3C=CN4)CCCN5CCOCC5)Cl,CC(C)(C)c1ccc(CNc2nc(-c3cccc(F)c3)nc3ccc(C(=O)NCCCN4CCOCC4)cc23)cc1
AKT2,Pre-trained hierVAE Generate,0.45,O=C1N(C=2C(N(C1CC)C3CCCC3)=NC(=NC2)NC4=C(OC)C=C(C=C4)C(=O)NC5CCN(CC5)C)C,CCCCCC(=O)Nc1ccc2c(c1)C(=O)N(C)CC(OC)C(C)CN(C(=O)c1ccccn1)C(C)CO2
AKT2,Pre-trained hierVAE Generate,0.37,C1CCOC=2N=C(C=NC2C#N)NC(NC=3C=C(C(=CC3OCC1)OCC(CO)O)Cl)=O,CC(NC(=O)CC1CCC(NC(=O)Nc2ccc(Cl)cc2)C(CO)O1)c1ccccc1
AKT2,Pre-trained hierVAE Generate,0.43,C1(CCN(C=2C=CN=C3NN=CC23)CC1)(CC4=CC=C(C=C4)C(C)(C)C)N,CC(C)(C)c1ccc(CNc2ncnc3cnc(NCCCn4cnnn4)nc23)cc1
AKT2,Pre-trained hierVAE Generate,0.36,O=C1NC=2C(NC=3C1=CC=C(C3)C=4C=C(OC)C(OCC(O)CO)=CC4)=CC=C(C2)CCOC5=CC=C(N6CCOCC6)C=C5,CC1CN(C(C)CO)C(=O)c2cc(NC(=O)CCCN(C)C)ccc2OC1CN(C)Cc1ccc(C(=O)O)cc1
AKT2,Pre-trained hierVAE Generate,0.49,C1=CC=C2C(C3=C4N2[C@]5(O[C@H](C[C@H]([C@H]5OC)N(C)C(=O)CCC(NCCC(NCCC(NCCC(N)=O)=O)=O)=O)N6C4=C(C7=C6C=CC=C7)C=8C3=CNC8O)C)=C1,CN1CCN(C(=O)C23CC(CO)C(N2)c2ccc(-c4ccc(C(=O)N(C)C)cc4)c(=O)n2C3)CC1
AKT2,Pre-trained hierVAE Generate,0.12,FC=1C=C([C@H](C(=O)N2CCN(C=3N=CN=C4C3[C@@H](C[C@H]4O)C)CC2)CNC(CO)(C)C)C=CC1C(F)(F)F,CC1CCCCOC(CN(C)Cc2cccnc2)C(C)CN(C(C)CO)C(=O)c2cc(NC(=O)CCC(F)(F)F)ccc2O1
AKT2,Pre-trained hierVAE Generate,0.53,O=C1NC=2C(NC=3C1=CC=C(C3)C=4C=C(OC)C(OCC(O)CO)=CC4)=CC=C(C2)CCOC5=CC=C(N6CCOCC6)C=C5,CN(C)C(=O)CC1CCC(NC(=O)Nc2ccccc2)C(CO)O1
AKT2,Pre-trained hierVAE Generate,0.43,O=C1NC=2C(NC=3C1=CC=C(C3)C=4C=C(OC)C(OCC(O)CO)=CC4)=CC=C(C2)CCOC5=CC=C(N6CCOCC6)C=C5,COc1ccc(CNC(=O)CC2CCC3C(COc4ccc(NC(=O)c5ccc(F)cc5)cc4C(=O)N3C)O2)cc1
AKT2,Pre-trained hierVAE Generate,0.29,O=C1NC=2C(NC=3C1=CC=C(C3)C=4C=C(OC)C(OCC(O)CO)=CC4)=CC=C(C2)CCOC5=CC=C(N6CCOCC6)C=C5,COc1ccc(CN(C)CC2Oc3ccc(NC(=O)Cc4ccccc4)cc3C(C)CCC(=O)N(C(C)CO)CC2C)cc1
AKT2,Pre-trained hierVAE Generate,0.65,O1C(=NC=2C1=CC=CC2)NC3=CC=C(C=4C=5C(=C(O)NC5)C=C(OCCCN(C)C)C4)C=C3,COC1CN(C)C(=O)c2cc(NC(=O)NC(C)C)ccc2OCC(C)N(Cc2ccc(-c3ccccn3)cc2)CC1C
AKT2,Pre-trained hierVAE Generate,0.45,O=C(NC(CC1=CC=CC=C1)CO)C2=CC=C(C=3C=CN=CC3)C=C2,CC(C)(C)C(NC(=O)CCc1ccc(-c2ccccc2-c2cccnc2)cc1)C(=O)O
AKT2,Pre-trained hierVAE Generate,0.66,CC=1C=NC=C2C=CC=C(C12)S(N3CCCN(C[C@H]3C)C(CN)=O)(=O)=O,COc1cccc(C#Cc2ccc3c(c2)OC(CN(C)C(=O)CCC(F)(F)F)C(C)CN(C(C)CO)S3(=O)=O)c1
AKT2,Pre-trained hierVAE Generate,0.3,C1(=CC=C2C(=C1)C(=C(N2)O)C=C3CC(=C(C3=C)C(N4CCN(CC4)C)=O)C)S(=O)(N(C)C5=CC(=CC=C5)Cl)=O,CC1CN(C(C)CO)S(=O)(=O)c2ccc(C=Cc3ccccc3)cc2OC1CN(C)S(=O)(=O)c1ccc(C(F)(F)F)cc1
AKT2,Pre-trained hierVAE Generate,0.3,O=C1NC=2C(NC=3C1=CC=C(C3)C=4C=C(OC)C(=CC4)CC#N)=CC=C(C2)CCOC5=CC=C(N6CCOCC6)C=C5,CC1CCCCOC(CN(C)Cc2cccnc2)C(C)CN(C(C)CO)C(=O)c2cc(N(C)C)ccc2O1
AKT2,Pre-trained hierVAE Generate,0.46,FC=1C=C([C@H](C(=O)N2CCN(C=3N=CN=C4C3[C@@H](C[C@H]4O)C)CC2)CNC(CO)(C)C)C=CC1C(F)(F)F,CC1CCCCOC(CN(C)Cc2ccc(C(F)(F)F)cc2)C(C)CN(C(C)CO)C(=O)c2cc(NC(=O)c3cccnc3)ccc2O1
AKT2,Pre-trained hierVAE Generate,0.53,FC=1C=C([C@H](C(=O)N2CCN(C=3N=CN=C4C3[C@@H](C[C@H]4O)C)CC2)CNC(CO)(C)C)C=CC1C(F)(F)F,CC1CN(C(C)CO)C(=O)CCCn2cc(nn2)COC1CN(C)C(=O)Nc1ccc(C(F)(F)F)cc1
AKT2,Ours,0.93,S1C(C(=O)NC1=O)=CC=2C=C(OC)C(O)=CC2,COc1ccc(C=C2SC(=O)NC2=O)cc1OC
AKT2,Ours,0.88,OC=1C(=C2C(C(=NNC(=O)CC=3C=4C(C=CC3)=CC=CC4)CCC2)=CC1)C,CC(C)(C)CC(Cc1ccc(O)cc1)NC(=O)CCCCCCCCCCCCC(=O)Nc1ccc(C(O)C(C)(C)C)cc1
AKT2,Ours,0.86,O=C1NC=2C(NC=3C1=CC=C(C3)C=4C=C(OC)C(OCC(O)CO)=CC4)=CC=C(C2)CCOC5=CC=C(N6CCOCC6)C=C5,COc1ccc(CNC(=O)CC2CC3c4cc(NC(=O)CN5CCOCC5)ccc4OC3C(CO)O2)cc1
AKT2,Ours,0.86,O=C(NC1=CC(=CC(=C1)C(=NNC(=N)N)C)C(=NNC(=N)N)C)NCCCCCCNC(=O)NC2=CC(=CC(=C2)C(=NNC(=N)N)C)C(=NNC(=N)N)C,CCCCCCCCCCCCCCCCCCCCCCCCCCCCC(=O)NCCCCCCCC(=O)NC(CCCCN)C(=O)NC(CCCNC(=N)N)C(=O)NCCCCNC(=N)N
AKT2,Ours,0.86,O1CCC(CN2N=NC(C=3C=C4C(NN=C4)=CC3)=C2)CC1,Cc1ccc(-c2ccc(-c3cn(CCCN4CCOCC4)nn3)cc2)cc1
AKT2,Ours,0.85,O=C1NC=2C(NC=3C1=CC=C(C3)C=4C=C(OC)C(OCC(O)CO)=CC4)=CC=C(C2)CCOC5=CC=C(N6CCOCC6)C=C5,CNC(=O)CC1CCC2C(COCC(O)CN2Cc2ccc(C(=O)Nc3ccccc3N)cc2)O1
AKT2,Ours,0.85,O=C1NC=2C(NC=3C1=CC=C(C3)C=4C=C(OC)C(OCC(O)CO)=CC4)=CC=C(C2)CCOC5=CC=C(N6CCOCC6)C=C5,CC1CN(C(C)CO)C(=O)c2cccc(NC(=O)CCN3CCOCC3)c2OC1CN(C)Cc1ccc(C(=O)Nc2ccccc2N)cc1
AKT2,Ours,0.84,S(=O)(=O)(NC=1C=C2N=C(C(=NC2=CC1)C)C)C3=CC=C(N)C=C3,CS(=O)(=O)c1ccc2ncnc(Nc3ccc(S(N)(=O)=O)cc3)c2c1
AKT2,Ours,0.84,FC1=C(C2=CC(OC)=C(C(=O)NC(C3=CC(OC)=CC=C3)C)C=C2)C=CN=C1,COc1ccc(CN(Cc2ccccn2)C(=O)c2ccc(Cl)cc2)c(OC)c1
AKT2,Ours,0.84,C=1N=C(C2=C(N=C(C=3C=CC(CN4CCC(CC4)C5=NN=C(N5)C=6C=CC(=NC6)OC)=CC3)C(C7=CC=CC=C7)=C2)C1)O,COc1ccc(-c2nnc3c(C(=O)N4CCN(Cc5ccc(C#N)cc5)CC4)cc(-c4cccc(C#N)c4)cn23)cc1
AKT2,Ours,0.83,O=C1NC=2C(NC=3C1=CC=C(C3)C=4C=C(OC)C(OCC(O)CO)=CC4)=CC=C(C2)CCOC5=CC=C(N6CCOCC6)C=C5,COc1ccccc1CNC(=O)CC1C=CC(NC(=O)CN(C)C)C(CO)O1
AKT2,Ours,0.83,O=C1NC=2C(NC=3C1=CC=C(C3)C=4C=C(OC)C(OCC(O)CO)=CC4)=CC=C(C2)CCOC5=CC=C(N6CCOCC6)C=C5,COc1ccc(CNC(=O)CC2CC3c4cc(NC(=O)c5cccnc5)ccc4OC3C(CO)O2)cc1
AKT2,Ours,0.83,O=C1NC=2C(NC=3C1=CC=C(C3)C=4C=C(OC)C(OCC(O)CO)=CC4)=CC=C(C2)CCOC5=CC=C(N6CCOCC6)C=C5,CC1CN(C(C)CO)C(=O)c2cc(NC(=O)CCN3CCOCC3)ccc2OC1CN(C)Cc1ccc(C(=O)O)cc1
AKT2,Ours,0.83,O=C1N(C(=O)C=2C1=CC=CC2)C=3C=C(O)C(=CC3)C(=O)O,O=C(O)C1Cc2ccccc2N1C(=O)c1ccc(O)cc1
AKT2,Ours,0.83,O1C(=NC=2C1=CC=CC2)NC3=CC=C(C=4C=5C(=C(O)NC5)C=C(OCCCN(C)C)C4)C=C3,CC(C)NC(=O)Nc1ccc2c(c1)C(=O)N(C(C)CO)CC(C)C(CN(C)C(=O)NC(C)C)OCCCCC(C)O2
AKT2,Ours,0.83,C1(CCN(C=2C=CN=C3NN=CC23)CC1)(CC4=CC=C(C=C4)C(C)(C)C)N,CC(C)(C)c1ccc(-c2cc3nccc(N4CCN(Cc5ccc(F)cc5)CC4)n3n2)cc1
AKT2,Ours,0.82,O=C1NC=2C(NC=3C1=CC=C(C3)C=4C=C(OC)C(OCC(O)CO)=CC4)=CC=C(C2)CCOC5=CC=C(N6CCOCC6)C=C5,COc1ccc(NC(=O)Nc2ccc3c(c2)C(=O)N(C)C2CCC(CC(=O)NCCCN4CCOCC4)OC2CO3)cc1
AKT2,Ours,0.82,O=C1NC=2C(NC=3C1=CC=C(C3)C=4C=C(OC)C(OCC(O)CO)=CC4)=CC=C(C2)CCOC5=CC=C(N6CCOCC6)C=C5,COc1ccc(CNc2ncnc3ccc(C(=O)NCCCN4CCOCC4)cc23)c(OC)c1
AKT2,Ours,0.82,O=C1NC=2C(NC=3C1=CC=C(C3)C=4C=C(OC)C(OCC(O)CO)=CC4)=CC=C(C2)CCOC5=CC=C(N6CCOCC6)C=C5,COc1ccc(CNC(=O)Nc2ccc3c(c2)C(=O)N(C)C2CCC(CC(=O)NCCCN4CCOCC4)OC2CO3)cc1
AKT2,Ours,0.82,O=C1N(C=2C(N(C1CC)C3CCCC3)=NC(=NC2)NC4=C(OC)C=C(C=C4)C(=O)NC5CCN(CC5)C)C,CCCNC(=O)N1CC(C)OC(C)c2cc(NC(=O)c3ccccn3)ccc2N(C)C(=O)CC(OC)C1
AKT2,Ours,0.82,O=C(NC(C)(C)C)C1=CC=2N=C3C(NC4=C3C=CC=C4)=NC2C=C1,Cc1ccc2ncnc(NC(=O)c3ccc(C(C)(C)C)cc3)c2c1
AKT2,Ours,0.82,N1=CC=2C=C(C(N(C2N=C1NC3CCOCC3)C)=O)OC4=CC=C(C=C4F)F,COc1cccc(CNc2ncnc3ccc(C(=O)NCCCN4CCOCC4)cc23)c1OC
AKT2,Ours,0.82,N1=CC=2C=C(C(N(C2N=C1NC3CCOCC3)C)=O)OC4=CC=C(C=C4F)F,CN1CCN(C(=O)CC2CCC3C(COc4ccc(NC(=O)c5ccc(C(F)(F)F)cc5)cc4C(=O)N3C)O2)CC1
AKT2,Ours,0.82,C=1C(C(NCC2=CC=CC=C2S(N)(=O)=O)=O)=NC(=C(C#N)C1N)OCC,CCNC(=O)CC1CCC(NS(=O)(=O)c2ccccc2C)C(CO)O1
AKT2,Ours,0.82,C1(N(C2=CC=CC=C2N1)C3CCN(CC3)CC=4C=CC(C5=C(N=C(C(N5)=O)C(CC)C)C6=CC=CC=C6)=CC4)=O,CCCNC(=O)N1C(C(=O)Nc2ccccc2)C(CO)C2Cn3c(ccc(-c4ccccc4C(=O)N(C)C)c3=O)C21
AKT2,Ours,0.82,C1(=C2C(C=CC=C2)=NC=N1)NC3=CC(OC)=CC=C3,COc1ccc2nc(C#N)nc(Nc3ccc(Cl)cc3)c2c1
AKT2,Ours,0.82,C1(=C2C(C=CC=C2)=NC=N1)NC3=CC(OC)=CC=C3,COc1ccc2nc(C#N)nc(Nc3ccc(Cl)cc3)c2c1
AKT2,Ours,0.81,O=C1NC=2C(NC=3C1=CC=C(C3)C=4C=C(OC)C(OCC(O)CO)=CC4)=CC=C(C2)CCOC5=CC=C(N6CCOCC6)C=C5,COc1ccccc1CNC(=O)CC1CCC2C(COCC(O)CN2C(=O)Nc2ccc(F)cc2)O1
AKT2,Ours,0.81,O=C1NC=2C(NC=3C1=CC=C(C3)C=4C=C(OC)C(OCC(O)CO)=CC4)=CC=C(C2)CCOC5=CC=C(N6CCOCC6)C=C5,COc1ccccc1CNC(=O)CC1CC2c3cc(NC(=O)c4ccccn4)ccc3OC2C(CO)O1
AKT2,Ours,0.81,N=1C=NC(=C2[C@@H](C[C@@H](O)C12)C)N3CCN(C([C@H](CNC4CCOCC4)C5=CC(=C(Cl)C=C5)F)=O)CC3,CCN1C(C(=O)NCCCN2CCCC2)C(CO)C2Cn3c(ccc(-c4ccc(F)cc4)c3=O)C21
AKT2,Ours,0.81,FC=1C=C([C@H](C(=O)N2CCN(C=3N=CN=C4C3[C@@H](C[C@H]4O)C)CC2)CNC(CO)(C)C)C=CC1C(F)(F)F,CC1CN(C(C)CO)C(=O)c2ccccc2-c2ccccc2COC1CN(C)Cc1ccc(C(F)(F)F)cc1
AKT2,Ours,0.81,FC=1C=C([C@H](C(=O)N2CCN(C=3N=CN=C4C3[C@@H](C[C@H]4O)C)CC2)CNC(CO)(C)C)C=CC1C(F)(F)F,CC1CN(C(C)CO)C(=O)CCCNc2c(cnn2C)COC1CN(C)Cc1ccc(C(F)(F)F)cc1
AKT2,Ours,0.81,ClC=1N=C(NCC2=CC=CC=C2)C=C(C=3C=4C(NC3)=NC=CC4)C1,Cc1ccc(CNc2ncnc3ccc(-c4ccc(F)cc4)cc23)cc1
AKT2,Ours,0.81,C=1(C(=CC2=NC=NC(=C2C1)NC3=CC=C(C=C3)NC(C=4C=CC=CC4)=O)OC)OC,COc1ccc2c(NC(=O)C(C)(C)C(C)C(C)(C)C)ncnc2c1
AKT2,Ours,0.81,C1=CC=C2C(C3=C4N2[C@]5(O[C@H](C[C@H]([C@H]5OC)N(C)C(=O)CCC(NCCC(NCCC(NCCC(N)=O)=O)=O)=O)N6C4=C(C7=C6C=CC=C7)C=8C3=CNC8O)C)=C1,CCCCNC(=O)CC1C=CC(NC(=O)c2ccc3c(c2)OCO3)C(CO)O1
AKT2,Ours,0.8,O=C1NC=2C(NC=3C1=CC=C(C3)C=4C=C(OC)C(OCC(O)CO)=CC4)=CC=C(C2)CCOC5=CC=C(N6CCOCC6)C=C5,O=C(CC1CCC(NC(=O)C2CC2)C(CO)O1)NCc1cccc(-c2ccccc2)c1
AKT2,Ours,0.8,O=C1NC=2C(NC=3C1=CC=C(C3)C=4C=C(OC)C(=CC4)CC#N)=CC=C(C2)CCOC5=CC=C(N6CCOCC6)C=C5,CC1CCCCOC(CN(C)Cc2ccccn2)C(C)CN(C(C)CO)C(=O)c2cc(NC(=O)c3cccnc3)ccc2O1
AKT2,Ours,0.8,O=C1N(C=2C(N(C1CC)C3CCCC3)=NC(=NC2)NC4=C(OC)C=C(C=C4)C(=O)NC5CCN(CC5)C)C,CCCC(=O)Nc1ccc2c(c1)OCC(C)N(C(=O)c1cccnc1)CC(C)C(OC)CN(C)C2=O
AKT2,Ours,0.8,FC=1C=C([C@H](C(=O)N2CCN(C=3N=CN=C4C3[C@@H](C[C@H]4O)C)CC2)CNC(CO)(C)C)C=CC1C(F)(F)F,CC1CN(C(C)CO)C(=O)c2ccccc2-c2ccccc2COC1CN(C)Cc1ccc(C(F)(F)F)cc1
AKT2,Ours,0.8,FC=1C=C([C@H](C(=O)N2CCN(C=3N=CN=C4C3[C@@H](C[C@H]4O)C)CC2)CNC(CO)(C)C)C=CC1C(F)(F)F,CC1CN(C(C)CO)C(=O)CCCn2cc(nn2)COC1CN(C)Cc1ccc(C(F)(F)F)cc1
AKT2,Ours,0.8,FC=1C=C([C@H](C(=O)N2CCN(C=3N=CN=C4C3[C@@H](C[C@H]4O)C)CC2)CNC(CO)(C)C)C=CC1C(F)(F)F,CC1CCCCOC(CN(C)Cc2cccnc2)C(C)CN(C(C)CO)C(=O)c2cc(NC(=O)CCC(F)(F)F)ccc2O1
AKT2,Ours,0.8,FC=1C=C([C@H](C(=O)N2CCN(C=3N=CN=C4C3[C@@H](C[C@H]4O)C)CC2)CNC(CO)(C)C)C=CC1C(F)(F)F,CC(C)NC(=O)Nc1ccc2c(c1)C(=O)N(C(C)CO)CC(C)C(CN(C)CCCC(F)(F)F)OCCCCC(C)O2
AKT2,Ours,0.8,C1=2C(=NC=NC1=CC(=C(C2)OCC)OCC)NC=3C=C(Br)C=CC3,COc1ccc(CNc2ncnc3ccc(-c4ccc(Cl)cc4)cc23)cc1OC
AKT2,Ours,0.8,BrC=1C(NC=2C(S(=O)(=O)NC)=CC=CC2)=NC(NC=3C(OC)=CC=C(N4CCN(CC4)C(=O)C)C3)=NC1,COC1CN(C)C(=O)c2ccc(NS(=O)(=O)c3ccc(F)cc3)cc2OCC(C)N(C(=O)c2ccc(F)cc2)CC1C
AKT2,Ours,0.79,O=C1NC=2C(NC=3C1=CC=C(C3)C=4C=C(OC)C(OCC(O)CO)=CC4)=CC=C(C2)CCOC5=CC=C(N6CCOCC6)C=C5,COc1ccc(CNC(=O)CC2CCC3C(COCC(O)CN3Cc3ccc(F)cc3)O2)cc1
AKT2,Ours,0.79,O=C1NC=2C(NC=3C1=CC=C(C3)C=4C=C(OC)C(OCC(O)CO)=CC4)=CC=C(C2)CCOC5=CC=C(N6CCOCC6)C=C5,CN(C)c1cccc(CNC(=O)CC2CCC(NC(=O)CN3CCOCC3)C(CO)O2)c1
AKT2,Ours,0.79,O=C1NC=2C(NC=3C1=CC=C(C3)C=4C=C(OC)C(OCC(O)CO)=CC4)=CC=C(C2)CCOC5=CC=C(N6CCOCC6)C=C5,CC1CCCCOC(CN(C)Cc2ccccn2)C(C)CN(C(C)CO)C(=O)c2cc(NC(=O)c3ccncc3)ccc2O1
AKT2,Ours,0.79,O=C1NC=2C(NC=3C1=CC=C(C3)C=4C=C(OC)C(OCC(O)CO)=CC4)=CC=C(C2)CCOC5=CC=C(N6CCOCC6)C=C5,CC1CCCCOC(CN(C)CC2CCCCC2)C(C)CN(C(C)CO)C(=O)c2cc(NC(=O)c3cccnc3)ccc2O1
AKT2,Ours,0.79,O=C1NC=2C(NC=3C1=CC=C(C3)C=4C=C(OC)C(OCC(O)CO)=CC4)=CC=C(C2)CCOC5=CC=C(N6CCOCC6)C=C5,CC1CCCCOC(CN(C)C(=O)c2cccnc2)C(C)CN(C(C)CO)C(=O)c2cc(NC(=O)c3ccncc3)ccc2O1
AKT2,Ours,0.79,O=C1N(C=2C(N(C1CC)C3CCCC3)=NC(=NC2)NC4=C(OC)C=C(C=C4)C(=O)NC5CCN(CC5)C)C,CCCCCC(=O)Nc1ccc2c(c1)OCC(C)N(C(=O)c1cccnc1)CC(C)C(OC)CN(C)C2=O
AKT2,Ours,0.79,O=C1N(C(=O)C2=C3C1=CC=C(NCCCC)C3=CC=C2)CCNCCO,CCCC(=O)Nc1ccc2c(c1)C(=O)N(C(C)CO)CC(C)C(CN(C)Cc1ccc(C(=O)O)cc1)O2
AKT2,Ours,0.79,O=C(N)C1=C2N=C(NC2=CC=C1)C3=NC(NCCCN(CC)CC)=CC=C3,CCN(CC)CCCNC(=O)CCCCCCCCCCCCCCCCCCCCCCCCCCCCCCCCCCCC(=O)NCc1ccccc1
AKT2,Ours,0.79,O=C(N(CCOC)C)C=1N(N=NC1C=2C=C3C(NN=C3)=CC2)CC4=CC=CC=C4,CC1CN(C(C)CO)C(=O)CCCn2nncc2COC1CN(C)C(=O)C1CCCCC1
AKT2,Ours,0.79,FC=1C=C([C@H](C(=O)N2CCN(C=3N=CN=C4C3[C@@H](C[C@H]4O)C)CC2)CNC(CO)(C)C)C=CC1C(F)(F)F,CC1CN(C(C)CO)C(=O)c2cc(NC(=O)CCN3CCOCC3)ccc2OC1CN(C)Cc1ccc(C(F)(F)F)cc1
AKT2,Ours,0.79,FC=1C=C([C@H](C(=O)N2CCN(C=3N=CN=C4C3[C@@H](C[C@H]4O)C)CC2)CNC(CO)(C)C)C=CC1C(F)(F)F,CC1CN(C(C)CO)C(=O)c2cc(NC(=O)CCN3CCOCC3)ccc2OC1CN(C)Cc1ccc(C(F)(F)F)cc1
AKT2,Ours,0.79,FC=1C=C([C@H](C(=O)N2CCN(C=3N=CN=C4C3[C@@H](C[C@H]4O)C)CC2)CNC(CO)(C)C)C=CC1C(F)(F)F,CC1CN(C(C)CO)C(=O)c2cc(NC(=O)CCC(F)(F)F)ccc2OC1CN(C)Cc1ccc(C(F)(F)F)cc1
AKT2,Ours,0.79,FC=1C=C([C@H](C(=O)N2CCN(C=3N=CN=C4C3[C@@H](C[C@H]4O)C)CC2)CNC(CO)(C)C)C=CC1C(F)(F)F,CC1CCCCOC(CN(C)Cc2ccc(C(F)(F)F)cc2)C(C)CN(C(C)CO)C(=O)c2cc(NC(=O)c3cccnc3)ccc2O1
AKT2,Ours,0.79,FC=1C=C([C@H](C(=O)N2CCN(C=3N=CN=C4C3[C@@H](C[C@H]4O)C)CC2)CNC(CO)(C)C)C=CC1C(F)(F)F,CC1CCCCOC(CN(C)Cc2ccc(C(F)(F)F)cc2)C(C)CN(C(C)CO)C(=O)c2cc(NC(=O)C3CC3)ccc2O1
AKT2,Ours,0.79,C=1C=C(C=CC1C[C@@H](N)C(N2CCN(CC2)C=3C4=C(N=CN3)C=CC=C4)=O)C(F)(F)F,O=C(CCCN1CCN(c2cccc(C(F)(F)F)c2)CC1)NCc1ccc(F)cc1
AKT2,Ours,0.79,C=1C=C(C=CC1C[C@@H](N)C(N2CCN(CC2)C=3C4=C(N=CN3)C=CC=C4)=O)C,Cc1ccc(CNc2ncnc3ccc(C(=O)NCCCN4CCOCC4)cc23)cc1
AKT2,Ours,0.79,C=1C(C(NCC2=CC=CC=C2S(N)(=O)=O)=O)=NC(=C(C#N)C1N)OCC,CCOc1ccccc1C(=O)Nc1ccc2c(c1)C(=O)N(C(C)CO)CC(C)C(CN(C)S(C)(=O)=O)O2
AKT2,Ours,0.79,C1CCOC=2N=C(NC(NC=3C=C(C(=CC3OCC1)OCCO)Cl)=O)C=NC2C#N,COc1ccccc1CNC(=O)CC1CC2c3cc(NC(=O)Nc4ccccc4F)ccc3OC2C(CO)O1
AKT2,Ours,0.79,C1=CC(Cl)=CC=C1[C@H](C(N2CCN(CC2)C=3N=CN=C4[C@H](O)C[C@@H](C)C34)=O)CNC(CO)(C)C,CC(C)(C)c1ccc(C(=O)Nc2nc(-c3ccc(F)cc3)nc3ccc(C(=O)NCCCN4CCOCC4)cc23)cc1
AKT2,Ours,0.79,C1(=CC=C2C(=C1)C(=C(N2)O)C=C3CC(=C(C3=C)C(N4CCN(CC4)C)=O)C)S(=O)(N(C)C5=CC(=CC=C5)Cl)=O,CC1CN(C(C)CO)S(=O)(=O)c2ccc(C3=CCCCC3)cc2OC1CN(C)Cc1ccc(C(F)(F)F)cc1
AKT2,Ours,0.79,C1(=CC=C2C(=C1)C(=C(N2)O)C=C3CC(=C(C3=C)C(N4CCN(CC4)C)=O)C)S(=O)(N(C)C5=CC(=CC=C5)Cl)=O,CC1CN(C(C)CO)S(=O)(=O)c2ccc(C#Cc3ccccn3)cc2OC1CN(C)Cc1ccc(C(F)(F)F)cc1
AKT2,Ours,0.79,C(=O)(NC=1C=2C(C(=CC1)OCCN3CCOCC3)=CC=CC2)NC4=CC(=NN4C5=CC=C(C=C5)C)C(C)(C)C,CC(C)NC(=O)NC1CCC(CCn2cc(-c3cccnc3)nn2)OC1CO
AKT2,Ours,0.79,BrC=1C(NC=2C(S(=O)(=O)NC)=CC=CC2)=NC(NC=3C(OC)=CC=C(N4CCN(CC4)C(=O)C)C3)=NC1,CC1CN(C(C)CO)S(=O)(=O)c2ccc(-c3ccccc3C(=O)N(C)C)cc2OC1CN(C)C(=O)Nc1ccc(C(F)(F)F)cc1
AKT2,Ours,0.79,BrC=1C(NC=2C(S(=O)(=O)NC)=CC=CC2)=NC(NC=3C(OC)=CC=C(N4CCN(CC4)C(=O)C)C3)=NC1,CC1CCCCOC(CN(C)C(=O)c2cccnc2)C(C)CN(C(C)CO)C(=O)c2cc(NS(=O)(=O)c3ccc(C(F)(F)F)cc3)ccc2O1
AKT2,Ours,0.78,S(=O)(=O)(N1CCOCC1)C=2C=C(C(=O)NC3=CC=C(C4=NC5=C(N4)C=CC=C5C(=O)N)C=C3)C=CC2,CCCNC(=O)CC1CC2c3cc(NS(=O)(=O)c4ccc(C)cc4)ccc3OC2C(CO)O1
AKT2,Ours,0.78,OC=1C(=C2C(C(=NNC(=O)CC=3C=4C(C=CC3)=CC=CC4)CCC2)=CC1)C,CC(CCc1ccccc1)NC(=O)CCCCCCCCCCCCCCCCCCCCCCCCCCCCCCCCCC(=O)Nc1ccc(C(O)C(C)C)cc1
AKT2,Ours,0.78,OC=1C(=C2C(C(=NNC(=O)CC=3C=4C(C=CC3)=CC=CC4)CCC2)=CC1)C,CC(C)C(NC(=O)CCCCCCC(O)c1ccc(O)cc1)C(=O)O
AKT2,Ours,0.78,O=C1NC=2C(NC=3C1=CC=C(C3)C=4C=C(OC)C(OCC(O)CO)=CC4)=CC=C(C2)CCOC5=CC=C(N6CCOCC6)C=C5,COc1ccccc1CNC(=O)CC1CC2c3cc(NC(=O)C4CCOCC4)ccc3OC2C(CO)O1
AKT2,Ours,0.78,O=C1NC=2C(NC=3C1=CC=C(C3)C=4C=C(OC)C(OCC(O)CO)=CC4)=CC=C(C2)CCOC5=CC=C(N6CCOCC6)C=C5,COCCNC(=O)CC1CC2c3cc(NC(=O)Cc4cccnc4)ccc3OC2C(CO)O1
AKT2,Ours,0.78,O=C1NC=2C(NC=3C1=CC=C(C3)C=4C=C(OC)C(OCC(O)CO)=CC4)=CC=C(C2)CCOC5=CC=C(N6CCOCC6)C=C5,CCCNC(=O)CC1CCC2C(COc3ccc(NC(=O)c4ccccc4F)cc3C(=O)N2C)O1
AKT2,Ours,0.78,O=C1NC=2C(NC=3C1=CC=C(C3)C=4C=C(OC)C(OCC(O)CO)=CC4)=CC=C(C2)CCOC5=CC=C(N6CCOCC6)C=C5,CCCNC(=O)CC1CCC2C(COCC(O)CN2Cc2ccc(-c3cccnc3)cc2)O1
AKT2,Ours,0.78,O=C1N(C=2C(N(C1CC)C3CCCC3)=NC(=NC2)NC4=C(OC)C=C(C=C4)C(=O)NC5CCN(CC5)C)C,CCCNC(=O)Nc1ccc2c(c1)C(=O)N(C)CC(OC)C(C)CN(CCCN1CCOCC1)C(C)CO2
AKT2,Ours,0.78,O=C1N(C=2C(N(C1CC)C3CCCC3)=NC(=NC2)NC4=C(OC)C=C(C=C4)C(=O)NC5CCN(CC5)C)C,CCCNC(=O)Nc1ccc2c(c1)C(=O)N(C)CC(OC)C(C)CN(C(=O)CN1CCOCC1)C(C)CO2
AKT2,Ours,0.78,O=C1N(C=2C(N(C1CC)C3CCCC3)=NC(=NC2)NC4=C(OC)C=C(C=C4)C(=O)NC5CCN(CC5)C)C,CCCNC(=O)N1CC(C)C(OC)CN(C)C(=O)c2cc(NC(=O)c3ccc(C)cc3)ccc2OCC1C
AKT2,Ours,0.78,O=C(NCC1=CN=CC=C1)NCCCCCCNC(=O)NCC2=CN=CC=C2,CC(C)(C)c1ccc(C(=O)CCCCCCCCCCCCCC(=O)NCc2ccc(C(F)(F)F)cc2)cc1
AKT2,Ours,0.78,FC=1C=C([C@H](C(=O)N2CCN(C=3N=CN=C4C3[C@@H](C[C@H]4O)C)CC2)CNC(CO)(C)C)C=CC1C(F)(F)F,CC1CN(C(C)CO)C(=O)c2cc(NC(=O)Nc3ccc(C(F)(F)F)cc3)ccc2OC1CN(C)Cc1ccc(C(F)(F)F)cc1
AKT2,Ours,0.78,FC=1C=C([C@H](C(=O)N2CCN(C=3N=CN=C4C3[C@@H](C[C@H]4O)C)CC2)CNC(CO)(C)C)C=CC1C(F)(F)F,CC1CCCCOC(CN(C)Cc2ccc(C(F)(F)F)cc2)C(C)CN(C(C)CO)C(=O)c2cc(NC(=O)Nc3ccc(C(F)(F)F)cc3)ccc2O1
AKT2,Ours,0.78,FC=1C=C([C@H](C(=O)N2CCN(C=3N=CN=C4C3[C@@H](C[C@H]4O)C)CC2)CNC(CO)(C)C)C=CC1C(F)(F)F,CC1CCCCOC(CN(C)Cc2ccc(C(F)(F)F)cc2)C(C)CN(C(C)CO)C(=O)c2cc(NC(=O)CCN3CCOCC3)ccc2O1
AKT2,Ours,0.78,FC=1C=C([C@H](C(=O)N2CCN(C=3N=CN=C4C3[C@@H](C[C@H]4O)C)CC2)CNC(CO)(C)C)C=CC1C(F)(F)F,CC1CCCCOC(CN(C)Cc2ccc(C(F)(F)F)cc2)C(C)CN(C(C)CO)C(=O)c2cc(NC(=O)CCN3CCOCC3)ccc2O1
AKT2,Ours,0.78,FC=1C=C([C@H](C(=O)N2CCN(C=3N=CN=C4C3[C@@H](C[C@H]4O)C)CC2)CNC(CO)(C)C)C=CC1C(F)(F)F,CC1CCCCOC(CN(C)Cc2ccc(C(F)(F)F)cc2)C(C)CN(C(C)CO)C(=O)c2cc(NC(=O)CCN3CCOCC3)ccc2O1
AKT2,Ours,0.78,FC=1C=C([C@H](C(=O)N2CCN(C=3N=CN=C4C3[C@@H](C[C@H]4O)C)CC2)CNC(CO)(C)C)C=CC1C(F)(F)F,CC1CCCCOC(CN(C)C(=O)c2ccc(C(F)(F)F)cc2)C(C)CN(C(C)CO)C(=O)c2cc(NC(=O)CCN3CCOCC3)ccc2O1
AKT2,Ours,0.78,FC=1C=C([C@H](C(=O)N2CCN(C=3N=CN=C4C3[C@@H](C[C@H]4O)C)CC2)CNC(CO)(C)C)C=CC1C(F)(F)F,CC1CCCCOC(CN(C)C(=O)CCC(F)(F)F)C(C)CN(C(C)CO)C(=O)c2cc(NC(=O)c3ccncc3)ccc2O1
AKT2,Ours,0.78,FC=1C=C([C@@H](CNCC2CC2)C(=O)N3CCN(CC3)C=4N=CN=C5C4[C@@H](C[C@H]5O)C)C=CC1C(F)(F)F,CCCC(=O)N1C(C(=O)NCc2cccc(C(F)(F)F)c2)C(CO)C2Cn3c(ccc(-c4cncnc4)c3=O)C21
AKT2,Ours,0.78,C=1(C=C2/C(/C(NC2=CC1)=O)=C/C=3NC=C(C3)C(NCCN4CCOCC4)=O)NC(N)=O,CC(C)NC(=O)Nc1ccc2c(c1)C1CC(CC(=O)NCCN3CCCCC3)OC(CO)C1O2
AKT2,Ours,0.78,BrC=1C(NC=2C(S(=O)(=O)NC)=CC=CC2)=NC(NC=3C(OC)=CC=C(N4CCN(CC4)C(=O)C)C3)=NC1,COc1ccc(S(=O)(=O)N(C)CC2OCCCCC(C)Oc3ccc(NS(=O)(=O)c4cn(C)cn4)cc3C(=O)N(C(C)CO)CC2C)cc1
AKT2,Ours,0.77,S(=O)(=O)(N1CCOCC1)C=2C=C(C(=O)NC3=CC=C(C4=NC5=C(N4)C=CC=C5C(=O)N)C=C3)C=CC2,CCS(=O)(=O)Nc1ccc2c(c1)C1CC(CC(=O)NCCc3ccccc3)OC(CO)C1O2
AKT2,Ours,0.77,O=C1NC=2C(NC=3C1=CC=C(C3)C=4C=C(OC)C(OCC(O)CO)=CC4)=CC=C(C2)CCOC5=CC=C(N6CCOCC6)C=C5,COc1ccc(CNC(=O)CC2CCC3C(COc4ccc(NC(=O)c5ccc(C(F)(F)F)cc5)cc4C(=O)N3C)O2)cc1
AKT2,Ours,0.77,FC1=C(N=C2N=CC(=C(O)C2=C1C)C(=O)O)N3CC(NC(=O)C)CC3,CN(C)CCCNC(=O)C1C(CO)C2Cn3c(ccc(C4=CCCC4)c3=O)C1N2C(=O)c1ccc(F)cc1
AKT2,Ours,0.77,BrC=1C(NC=2C(S(=O)(=O)NC)=CC=CC2)=NC(NC=3C(OC)=CC=C(N4CCN(CC4)C(=O)C)C3)=NC1,CCCNC(=O)N1CC(OC)CC(=O)N(C)c2ccc(NS(C)(=O)=O)cc2C(C)OCC1C
AKT2,Ours,0.76,S(=O)(=O)(N(C=1C=C(C2=CC3=C(C=C2)C=NC=C3)C=NC1)CCN)C4=C5C(C(N(C)C)=CC=C5)=CC=C4,CN(C)CCN(Cc1ccc(N(C)C)cc1)S(=O)(=O)c1ccc(CN(C)C)cc1
AKT2,Ours,0.76,O=C1N(C=2C(N(C1CC)C3CCCC3)=NC(=NC2)NC4=C(OC)C=C(C=C4)C(=O)NC5CCN(CC5)C)C,CCCNC(=O)N1CC(C)C(OC)CN(C)C(=O)c2cc(NC(C)=O)ccc2OCC1C
AKT2,Ours,0.76,O=C(NC(C)(C)C)C1=CC=2N=C3C(NC4=C3C=CC=C4)=NC2C=C1,CC(C)(C)C(NC(=O)c1ccc(Cl)cc1)C(=O)Nc1ncnc2c1[nH]c1ccccc12
AKT2,Ours,0.76,FC=1C=C([C@H](C(=O)N2CCN(C=3N=CN=C4C3[C@@H](C[C@H]4O)C)CC2)CNC(CO)(C)C)C=CC1C(F)(F)F,CC(C)NC(=O)Nc1ccc2c(c1)C(=O)N(C(C)CO)CC(C)C(CN(C)Cc1ccc(C(F)(F)F)cc1)OCCCCC(C)O2
AKT2,Ours,0.76,CC=1C=NC=C2C=CC=C(C12)S(N3CCCN(C[C@H]3C)C(CN)=O)(=O)=O,CC(C)(C)S(=O)N1Cc2cc(C(=O)NCCN3CCCCC3)nc(-c3ccc(-c4ccccc4C#N)cc3)c2C1CCO
AKT2,Ours,0.76,BrC=1C(NC=2C(S(=O)(=O)NC)=CC=CC2)=NC(NC=3C(OC)=CC=C(N4CCN(CC4)C(=O)C)C3)=NC1,COc1ccc(S(=O)(=O)N(C)CC2OCCCCC(C)Oc3ccc(NC(=O)Nc4ccccc4F)cc3C(=O)N(C(C)CO)CC2C)cc1
AKT2,Ours,0.76,BrC=1C(NC=2C(S(=O)(=O)NC)=CC=CC2)=NC(NC=3C(OC)=CC=C(N4CCN(CC4)C(=O)C)C3)=NC1,CCCC(=O)N1CC(C)C(OC)CN(C)C(=O)c2cc(NS(=O)(=O)c3ccc(C)cc3)ccc2OCC1C
AURKB,Cosine Search,0.61,O=C(NC1=C2C(NC=C2)=NC=C1)C3CCC(CC3)C(N)C,CNC(=O)CCc1cc2ccccc2[nH]1
AURKB,Cosine Search,0.61,O=C(NC1=C2C(NC=C2)=NC=C1)C3CCC(CC3)C(N)C,CNC(=O)CCc1cc2ccccc2[nH]1
AURKB,Cosine Search,0.61,O=C(NC1=C2C(NC=C2)=NC=C1)C3CCC(CC3)C(N)C,CNC(=O)CCc1cc2ccccc2[nH]1
AURKB,Cosine Search,0.61,O=C(NC1=C2C(NC=C2)=NC=C1)C3CCC(CC3)C(N)C,CNC(=O)CCc1cc2ccccc2[nH]1
AURKB,Cosine Search,0.61,O=C(NC1=C2C(NC=C2)=NC=C1)C3CCC(CC3)C(N)C,CNC(=O)CCc1cc2ccccc2[nH]1
AURKB,Cosine Search,0.61,O=C(NC1=C2C(NC=C2)=NC=C1)C3CCC(CC3)C(N)C,CNC(=O)CCc1cc2ccccc2[nH]1
AURKB,Cosine Search,0.57,C1CC1(NC(=O)C2=CC=CC=3C2=CC=C(OC=4C5=C(N=CC4)C=C(C(=C5)OC)OC)C3)C,CC=C1/[C@H]2Cc3[nH]c(=O)ccc3[C@]1(N)CC(C)=C2
AURKB,Cosine Search,0.61,O=C(NC1=C2C(NC=C2)=NC=C1)C3CCC(CC3)C(N)C,CNC(=O)CCc1cc2ccccc2[nH]1
AURKB,Cosine Search,0.61,O=C(NC1=C2C(NC=C2)=NC=C1)C3CCC(CC3)C(N)C,CNC(=O)CCc1cc2ccccc2[nH]1
AURKB,Cosine Search,0.61,O=C(NC1=C2C(NC=C2)=NC=C1)C3CCC(CC3)C(N)C,CNC(=O)CCc1cc2ccccc2[nH]1
AURKB,Cosine Search,0.57,C1CC1(NC(=O)C2=CC=CC=3C2=CC=C(OC=4C5=C(N=CC4)C=C(C(=C5)OC)OC)C3)C,CC=C1/[C@H]2Cc3[nH]c(=O)ccc3[C@]1(N)CC(C)=C2
AURKB,Cosine Search,0.61,O=C(NC1=C2C(NC=C2)=NC=C1)C3CCC(CC3)C(N)C,CNC(=O)CCc1cc2ccccc2[nH]1
AURKB,Cosine Search,0.57,C1CC1(NC(=O)C2=CC=CC=3C2=CC=C(OC=4C5=C(N=CC4)C=C(C(=C5)OC)OC)C3)C,CC=C1/[C@H]2Cc3[nH]c(=O)ccc3[C@]1(N)CC(C)=C2
AURKB,Cosine Search,0.61,O=C(NC1=C2C(NC=C2)=NC=C1)C3CCC(CC3)C(N)C,CNC(=O)CCc1cc2ccccc2[nH]1
AURKB,Cosine Search,0.57,C1CC1(NC(=O)C2=CC=CC=3C2=CC=C(OC=4C5=C(N=CC4)C=C(C(=C5)OC)OC)C3)C,CC=C1/[C@H]2Cc3[nH]c(=O)ccc3[C@]1(N)CC(C)=C2
AURKB,Cosine Search,0.61,O=C(NC1=C2C(NC=C2)=NC=C1)C3CCC(CC3)C(N)C,CNC(=O)CCc1cc2ccccc2[nH]1
AURKB,Cosine Search,0.57,C1CC1(NC(=O)C2=CC=CC=3C2=CC=C(OC=4C5=C(N=CC4)C=C(C(=C5)OC)OC)C3)C,CC=C1/[C@H]2Cc3[nH]c(=O)ccc3[C@]1(N)CC(C)=C2
AURKB,Cosine Search,0.57,C1CC1(NC(=O)C2=CC=CC=3C2=CC=C(OC=4C5=C(N=CC4)C=C(C(=C5)OC)OC)C3)C,CC=C1/[C@H]2Cc3[nH]c(=O)ccc3[C@]1(N)CC(C)=C2
AURKB,Cosine Search,0.61,O=C(NC1=C2C(NC=C2)=NC=C1)C3CCC(CC3)C(N)C,CNC(=O)CCc1cc2ccccc2[nH]1
AURKB,Cosine Search,0.61,O=C(NC1=C2C(NC=C2)=NC=C1)C3CCC(CC3)C(N)C,CNC(=O)CCc1cc2ccccc2[nH]1
AURKB,Cosine Search,0.61,O=C(NC1=C2C(NC=C2)=NC=C1)C3CCC(CC3)C(N)C,CNC(=O)CCc1cc2ccccc2[nH]1
AURKB,Cosine Search,0.61,O=C(NC1=C2C(NC=C2)=NC=C1)C3CCC(CC3)C(N)C,CNC(=O)CCc1cc2ccccc2[nH]1
AURKB,Cosine Search,0.57,C1CC1(NC(=O)C2=CC=CC=3C2=CC=C(OC=4C5=C(N=CC4)C=C(C(=C5)OC)OC)C3)C,CC=C1/[C@H]2Cc3[nH]c(=O)ccc3[C@]1(N)CC(C)=C2
AURKB,Cosine Search,0.61,O=C(NC1=C2C(NC=C2)=NC=C1)C3CCC(CC3)C(N)C,CNC(=O)CCc1cc2ccccc2[nH]1
AURKB,Cosine Search,0.61,O=C(NC1=C2C(NC=C2)=NC=C1)C3CCC(CC3)C(N)C,CNC(=O)CCc1cc2ccccc2[nH]1
AURKB,Cosine Search,0.61,O=C(NC1=C2C(NC=C2)=NC=C1)C3CCC(CC3)C(N)C,CNC(=O)CCc1cc2ccccc2[nH]1
AURKB,Cosine Search,0.57,C1CC1(NC(=O)C2=CC=CC=3C2=CC=C(OC=4C5=C(N=CC4)C=C(C(=C5)OC)OC)C3)C,CC=C1/[C@H]2Cc3[nH]c(=O)ccc3[C@]1(N)CC(C)=C2
AURKB,Cosine Search,0.72,S(N1C2=C(C=CC=C2)CC1)(C=3C=C4/C(/C(=O)NC4=CC3)=C/C=5NC=6CCCC(C6C5CCCN(C)C)=O)(=O)=O,C[C@@H](CO)N1C[C@H](C)[C@H](CN(C)S(=O)(=O)c2ccc(Cl)cc2)OCc3ccccc3-c4ccccc4C1=O
AURKB,Cosine Search,0.61,O=C(NC1=C2C(NC=C2)=NC=C1)C3CCC(CC3)C(N)C,CNC(=O)CCc1cc2ccccc2[nH]1
AURKB,Cosine Search,0.61,O=C(NC1=C2C(NC=C2)=NC=C1)C3CCC(CC3)C(N)C,CNC(=O)CCc1cc2ccccc2[nH]1
AURKB,Cosine Search,0.61,O=C(NC1=C2C(NC=C2)=NC=C1)C3CCC(CC3)C(N)C,CNC(=O)CCc1cc2ccccc2[nH]1
AURKB,Cosine Search,0.57,C1CC1(NC(=O)C2=CC=CC=3C2=CC=C(OC=4C5=C(N=CC4)C=C(C(=C5)OC)OC)C3)C,CC=C1/[C@H]2Cc3[nH]c(=O)ccc3[C@]1(N)CC(C)=C2
AURKB,Cosine Search,0.61,O=C(NC1=C2C(NC=C2)=NC=C1)C3CCC(CC3)C(N)C,CNC(=O)CCc1cc2ccccc2[nH]1
AURKB,Cosine Search,0.57,C1CC1(NC(=O)C2=CC=CC=3C2=CC=C(OC=4C5=C(N=CC4)C=C(C(=C5)OC)OC)C3)C,CC=C1/[C@H]2Cc3[nH]c(=O)ccc3[C@]1(N)CC(C)=C2
AURKB,Cosine Search,0.57,C1CC1(NC(=O)C2=CC=CC=3C2=CC=C(OC=4C5=C(N=CC4)C=C(C(=C5)OC)OC)C3)C,CC=C1/[C@H]2Cc3[nH]c(=O)ccc3[C@]1(N)CC(C)=C2
AURKB,Cosine Search,0.67,S(N1CCOCC1)(C=2C=C3/C(/C(=O)NC3=CC2)=C/C4=C(C=5C(=O)CCCC5N4)CCC(=O)O)(=O)=O,COCC#Cc1ccc2c(O[C@@H](CN(C)S(=O)(=O)c3ccc(OC)cc3)[C@@H](C)CN([C@H](C)CO)S2(=O)=O)c1
AURKB,Cosine Search,0.57,C1CC1(NC(=O)C2=CC=CC=3C2=CC=C(OC=4C5=C(N=CC4)C=C(C(=C5)OC)OC)C3)C,CC=C1/[C@H]2Cc3[nH]c(=O)ccc3[C@]1(N)CC(C)=C2
AURKB,Cosine Search,0.57,C1CC1(NC(=O)C2=CC=CC=3C2=CC=C(OC=4C5=C(N=CC4)C=C(C(=C5)OC)OC)C3)C,CC=C1/[C@H]2Cc3[nH]c(=O)ccc3[C@]1(N)CC(C)=C2
AURKB,Cosine Search,0.57,C1CC1(NC(=O)C2=CC=CC=3C2=CC=C(OC=4C5=C(N=CC4)C=C(C(=C5)OC)OC)C3)C,CC=C1/[C@H]2Cc3[nH]c(=O)ccc3[C@]1(N)CC(C)=C2
AURKB,Cosine Search,0.61,O=C(NC1=C2C(NC=C2)=NC=C1)C3CCC(CC3)C(N)C,CNC(=O)CCc1cc2ccccc2[nH]1
AURKB,Cosine Search,0.61,O=C(NC1=C2C(NC=C2)=NC=C1)C3CCC(CC3)C(N)C,CNC(=O)CCc1cc2ccccc2[nH]1
AURKB,Cosine Search,0.57,C1CC1(NC(=O)C2=CC=CC=3C2=CC=C(OC=4C5=C(N=CC4)C=C(C(=C5)OC)OC)C3)C,CC=C1/[C@H]2Cc3[nH]c(=O)ccc3[C@]1(N)CC(C)=C2
AURKB,Cosine Search,0.57,C1CC1(NC(=O)C2=CC=CC=3C2=CC=C(OC=4C5=C(N=CC4)C=C(C(=C5)OC)OC)C3)C,CC=C1/[C@H]2Cc3[nH]c(=O)ccc3[C@]1(N)CC(C)=C2
AURKB,Cosine Search,0.61,O=C(NC1=C2C(NC=C2)=NC=C1)C3CCC(CC3)C(N)C,CNC(=O)CCc1cc2ccccc2[nH]1
AURKB,Cosine Search,0.57,C1CC1(NC(=O)C2=CC=CC=3C2=CC=C(OC=4C5=C(N=CC4)C=C(C(=C5)OC)OC)C3)C,CC=C1/[C@H]2Cc3[nH]c(=O)ccc3[C@]1(N)CC(C)=C2
AURKB,Cosine Search,0.61,O=C(NC1=C2C(NC=C2)=NC=C1)C3CCC(CC3)C(N)C,CNC(=O)CCc1cc2ccccc2[nH]1
AURKB,Cosine Search,0.61,O=C(NC1=C2C(NC=C2)=NC=C1)C3CCC(CC3)C(N)C,CNC(=O)CCc1cc2ccccc2[nH]1
AURKB,Cosine Search,0.61,O=C(NC1=C2C(NC=C2)=NC=C1)C3CCC(CC3)C(N)C,CNC(=O)CCc1cc2ccccc2[nH]1
AURKB,Cosine Search,0.61,O=C(NC1=C2C(NC=C2)=NC=C1)C3CCC(CC3)C(N)C,CNC(=O)CCc1cc2ccccc2[nH]1
AURKB,Cosine Search,0.57,C1CC1(NC(=O)C2=CC=CC=3C2=CC=C(OC=4C5=C(N=CC4)C=C(C(=C5)OC)OC)C3)C,CC=C1/[C@H]2Cc3[nH]c(=O)ccc3[C@]1(N)CC(C)=C2
AURKB,Cosine Search,0.61,O=C(NC1=C2C(NC=C2)=NC=C1)C3CCC(CC3)C(N)C,CNC(=O)CCc1cc2ccccc2[nH]1
AURKB,Cosine Search,0.57,C1CC1(NC(=O)C2=CC=CC=3C2=CC=C(OC=4C5=C(N=CC4)C=C(C(=C5)OC)OC)C3)C,CC=C1/[C@H]2Cc3[nH]c(=O)ccc3[C@]1(N)CC(C)=C2
AURKB,Cosine Search,0.57,C1CC1(NC(=O)C2=CC=CC=3C2=CC=C(OC=4C5=C(N=CC4)C=C(C(=C5)OC)OC)C3)C,CC=C1/[C@H]2Cc3[nH]c(=O)ccc3[C@]1(N)CC(C)=C2
AURKB,Cosine Search,0.61,O=C(NC1=C2C(NC=C2)=NC=C1)C3CCC(CC3)C(N)C,CNC(=O)CCc1cc2ccccc2[nH]1
AURKB,Cosine Search,0.61,O=C(NC1=C2C(NC=C2)=NC=C1)C3CCC(CC3)C(N)C,CNC(=O)CCc1cc2ccccc2[nH]1
AURKB,Cosine Search,0.61,O=C(NC1=C2C(NC=C2)=NC=C1)C3CCC(CC3)C(N)C,CNC(=O)CCc1cc2ccccc2[nH]1
AURKB,Cosine Search,0.57,C1CC1(NC(=O)C2=CC=CC=3C2=CC=C(OC=4C5=C(N=CC4)C=C(C(=C5)OC)OC)C3)C,CC=C1/[C@H]2Cc3[nH]c(=O)ccc3[C@]1(N)CC(C)=C2
AURKB,Cosine Search,0.61,O=C(NC1=C2C(NC=C2)=NC=C1)C3CCC(CC3)C(N)C,CNC(=O)CCc1cc2ccccc2[nH]1
AURKB,Cosine Search,0.61,O=C(NC1=C2C(NC=C2)=NC=C1)C3CCC(CC3)C(N)C,CNC(=O)CCc1cc2ccccc2[nH]1
AURKB,Cosine Search,0.57,C1CC1(NC(=O)C2=CC=CC=3C2=CC=C(OC=4C5=C(N=CC4)C=C(C(=C5)OC)OC)C3)C,CC=C1/[C@H]2Cc3[nH]c(=O)ccc3[C@]1(N)CC(C)=C2
AURKB,Cosine Search,0.57,C1CC1(NC(=O)C2=CC=CC=3C2=CC=C(OC=4C5=C(N=CC4)C=C(C(=C5)OC)OC)C3)C,CC=C1/[C@H]2Cc3[nH]c(=O)ccc3[C@]1(N)CC(C)=C2
AURKB,Cosine Search,0.61,O=C(NC1=C2C(NC=C2)=NC=C1)C3CCC(CC3)C(N)C,CNC(=O)CCc1cc2ccccc2[nH]1
AURKB,Cosine Search,0.61,O=C(NC1=C2C(NC=C2)=NC=C1)C3CCC(CC3)C(N)C,CNC(=O)CCc1cc2ccccc2[nH]1
AURKB,Cosine Search,0.61,O=C(NC1=C2C(NC=C2)=NC=C1)C3CCC(CC3)C(N)C,CNC(=O)CCc1cc2ccccc2[nH]1
AURKB,Cosine Search,0.57,C1CC1(NC(=O)C2=CC=CC=3C2=CC=C(OC=4C5=C(N=CC4)C=C(C(=C5)OC)OC)C3)C,CC=C1/[C@H]2Cc3[nH]c(=O)ccc3[C@]1(N)CC(C)=C2
AURKB,Cosine Search,0.61,O=C(NC1=C2C(NC=C2)=NC=C1)C3CCC(CC3)C(N)C,CNC(=O)CCc1cc2ccccc2[nH]1
AURKB,Cosine Search,0.61,O=C(NC1=C2C(NC=C2)=NC=C1)C3CCC(CC3)C(N)C,CNC(=O)CCc1cc2ccccc2[nH]1
AURKB,Cosine Search,0.57,C1CC1(NC(=O)C2=CC=CC=3C2=CC=C(OC=4C5=C(N=CC4)C=C(C(=C5)OC)OC)C3)C,CC=C1/[C@H]2Cc3[nH]c(=O)ccc3[C@]1(N)CC(C)=C2
AURKB,Cosine Search,0.61,O=C(NC1=C2C(NC=C2)=NC=C1)C3CCC(CC3)C(N)C,CNC(=O)CCc1cc2ccccc2[nH]1
AURKB,Cosine Search,0.61,O=C(NC1=C2C(NC=C2)=NC=C1)C3CCC(CC3)C(N)C,CNC(=O)CCc1cc2ccccc2[nH]1
AURKB,Cosine Search,0.57,C1CC1(NC(=O)C2=CC=CC=3C2=CC=C(OC=4C5=C(N=CC4)C=C(C(=C5)OC)OC)C3)C,CC=C1/[C@H]2Cc3[nH]c(=O)ccc3[C@]1(N)CC(C)=C2
AURKB,Cosine Search,0.61,O=C(NC1=C2C(NC=C2)=NC=C1)C3CCC(CC3)C(N)C,CNC(=O)CCc1cc2ccccc2[nH]1
AURKB,Cosine Search,0.66,OC=1C(C[C@]2([C@H]3[C@@](CC[C@@H]2C)(C(=CCC3)C)C)C)=CC(=CC1O)C(OC)=O,COCC1OC(=O)c2coc3c2C1(C)C1=C(C2CCC(=O)C2(C)CC1OC(C)=O)C3=O
AURKB,Cosine Search,0.61,O=C(NC1=C2C(NC=C2)=NC=C1)C3CCC(CC3)C(N)C,CNC(=O)CCc1cc2ccccc2[nH]1
AURKB,Cosine Search,0.61,O=C(NC1=C2C(NC=C2)=NC=C1)C3CCC(CC3)C(N)C,CNC(=O)CCc1cc2ccccc2[nH]1
AURKB,Cosine Search,0.61,O=C(NC1=C2C(NC=C2)=NC=C1)C3CCC(CC3)C(N)C,CNC(=O)CCc1cc2ccccc2[nH]1
AURKB,Cosine Search,0.57,C1CC1(NC(=O)C2=CC=CC=3C2=CC=C(OC=4C5=C(N=CC4)C=C(C(=C5)OC)OC)C3)C,CC=C1/[C@H]2Cc3[nH]c(=O)ccc3[C@]1(N)CC(C)=C2
AURKB,Cosine Search,0.61,O=C(NC1=C2C(NC=C2)=NC=C1)C3CCC(CC3)C(N)C,CNC(=O)CCc1cc2ccccc2[nH]1
AURKB,Cosine Search,0.61,O=C(NC1=C2C(NC=C2)=NC=C1)C3CCC(CC3)C(N)C,CNC(=O)CCc1cc2ccccc2[nH]1
AURKB,Cosine Search,0.61,O=C(NC1=C2C(NC=C2)=NC=C1)C3CCC(CC3)C(N)C,CNC(=O)CCc1cc2ccccc2[nH]1
AURKB,Cosine Search,0.61,O=C(NC1=C2C(NC=C2)=NC=C1)C3CCC(CC3)C(N)C,CNC(=O)CCc1cc2ccccc2[nH]1
AURKB,Cosine Search,0.61,O=C(NC1=C2C(NC=C2)=NC=C1)C3CCC(CC3)C(N)C,CNC(=O)CCc1cc2ccccc2[nH]1
AURKB,Cosine Search,0.57,C1CC1(NC(=O)C2=CC=CC=3C2=CC=C(OC=4C5=C(N=CC4)C=C(C(=C5)OC)OC)C3)C,CC=C1/[C@H]2Cc3[nH]c(=O)ccc3[C@]1(N)CC(C)=C2
AURKB,Cosine Search,0.61,O=C(NC1=C2C(NC=C2)=NC=C1)C3CCC(CC3)C(N)C,CNC(=O)CCc1cc2ccccc2[nH]1
AURKB,Cosine Search,0.61,O=C(NC1=C2C(NC=C2)=NC=C1)C3CCC(CC3)C(N)C,CNC(=O)CCc1cc2ccccc2[nH]1
AURKB,Cosine Search,0.57,C1CC1(NC(=O)C2=CC=CC=3C2=CC=C(OC=4C5=C(N=CC4)C=C(C(=C5)OC)OC)C3)C,CC=C1/[C@H]2Cc3[nH]c(=O)ccc3[C@]1(N)CC(C)=C2
AURKB,Cosine Search,0.61,O=C(NC1=C2C(NC=C2)=NC=C1)C3CCC(CC3)C(N)C,CNC(=O)CCc1cc2ccccc2[nH]1
AURKB,Cosine Search,0.61,O=C(NC1=C2C(NC=C2)=NC=C1)C3CCC(CC3)C(N)C,CNC(=O)CCc1cc2ccccc2[nH]1
AURKB,Cosine Search,0.61,O=C(NC1=C2C(NC=C2)=NC=C1)C3CCC(CC3)C(N)C,CNC(=O)CCc1cc2ccccc2[nH]1
AURKB,Cosine Search,0.61,O=C(NC1=C2C(NC=C2)=NC=C1)C3CCC(CC3)C(N)C,CNC(=O)CCc1cc2ccccc2[nH]1
AURKB,Cosine Search,0.61,O=C(NC1=C2C(NC=C2)=NC=C1)C3CCC(CC3)C(N)C,CNC(=O)CCc1cc2ccccc2[nH]1
AURKB,Cosine Search,0.61,O=C(NC1=C2C(NC=C2)=NC=C1)C3CCC(CC3)C(N)C,CNC(=O)CCc1cc2ccccc2[nH]1
AURKB,Cosine Search,0.61,O=C(NC1=C2C(NC=C2)=NC=C1)C3CCC(CC3)C(N)C,CNC(=O)CCc1cc2ccccc2[nH]1
AURKB,Cosine Search,0.61,O=C(NC1=C2C(NC=C2)=NC=C1)C3CCC(CC3)C(N)C,CNC(=O)CCc1cc2ccccc2[nH]1
AURKB,Cosine Search,0.57,C1CC1(NC(=O)C2=CC=CC=3C2=CC=C(OC=4C5=C(N=CC4)C=C(C(=C5)OC)OC)C3)C,CC=C1/[C@H]2Cc3[nH]c(=O)ccc3[C@]1(N)CC(C)=C2
AURKB,Cosine Search,0.61,O=C(NC1=C2C(NC=C2)=NC=C1)C3CCC(CC3)C(N)C,CNC(=O)CCc1cc2ccccc2[nH]1
AURKB,Cosine Search,0.61,O=C(NC1=C2C(NC=C2)=NC=C1)C3CCC(CC3)C(N)C,CNC(=O)CCc1cc2ccccc2[nH]1
AURKB,Cosine Search,0.61,O=C(NC1=C2C(NC=C2)=NC=C1)C3CCC(CC3)C(N)C,CNC(=O)CCc1cc2ccccc2[nH]1
AURKB,Cosine Search,0.57,C1CC1(NC(=O)C2=CC=CC=3C2=CC=C(OC=4C5=C(N=CC4)C=C(C(=C5)OC)OC)C3)C,CC=C1/[C@H]2Cc3[nH]c(=O)ccc3[C@]1(N)CC(C)=C2
AURKB,Cosine Search,0.61,O=C(NC1=C2C(NC=C2)=NC=C1)C3CCC(CC3)C(N)C,CNC(=O)CCc1cc2ccccc2[nH]1
AURKB,Euclidean Search,0.61,O=C(NC1=C2C(NC=C2)=NC=C1)C3CCC(CC3)C(N)C,CNC(=O)CCc1cc2ccccc2[nH]1
AURKB,Euclidean Search,0.61,O=C(NC1=C2C(NC=C2)=NC=C1)C3CCC(CC3)C(N)C,CNC(=O)CCc1cc2ccccc2[nH]1
AURKB,Euclidean Search,0.61,O=C(NC1=C2C(NC=C2)=NC=C1)C3CCC(CC3)C(N)C,CNC(=O)CCc1cc2ccccc2[nH]1
AURKB,Euclidean Search,0.61,O=C(NC1=C2C(NC=C2)=NC=C1)C3CCC(CC3)C(N)C,CNC(=O)CCc1cc2ccccc2[nH]1
AURKB,Euclidean Search,0.61,O=C(NC1=C2C(NC=C2)=NC=C1)C3CCC(CC3)C(N)C,CNC(=O)CCc1cc2ccccc2[nH]1
AURKB,Euclidean Search,0.61,O=C(NC1=C2C(NC=C2)=NC=C1)C3CCC(CC3)C(N)C,CNC(=O)CCc1cc2ccccc2[nH]1
AURKB,Euclidean Search,0.68,N=1N2C(C(=NC1SC3=CC=C(C=C3)NC(CN4C[C@H](CC4)O)=O)NC=5C=C(NN5)C)=CC=C2,Nn1c(=O)c(Cc2ccco2)n[nH]c1=S
AURKB,Euclidean Search,0.61,O=C(NC1=C2C(NC=C2)=NC=C1)C3CCC(CC3)C(N)C,CNC(=O)CCc1cc2ccccc2[nH]1
AURKB,Euclidean Search,0.61,O=C(NC1=C2C(NC=C2)=NC=C1)C3CCC(CC3)C(N)C,CNC(=O)CCc1cc2ccccc2[nH]1
AURKB,Euclidean Search,0.61,O=C(NC1=C2C(NC=C2)=NC=C1)C3CCC(CC3)C(N)C,CNC(=O)CCc1cc2ccccc2[nH]1
AURKB,Euclidean Search,0.68,N=1N2C(C(=NC1SC3=CC=C(C=C3)NC(CN4C[C@H](CC4)O)=O)NC=5C=C(NN5)C)=CC=C2,Nn1c(=O)c(Cc2ccco2)n[nH]c1=S
AURKB,Euclidean Search,0.61,O=C(NC1=C2C(NC=C2)=NC=C1)C3CCC(CC3)C(N)C,CNC(=O)CCc1cc2ccccc2[nH]1
AURKB,Euclidean Search,0.61,O=C(NC1=C2C(NC=C2)=NC=C1)C3CCC(CC3)C(N)C,CNC(=O)CCc1cc2ccccc2[nH]1
AURKB,Euclidean Search,0.61,O=C(NC1=C2C(NC=C2)=NC=C1)C3CCC(CC3)C(N)C,CNC(=O)CCc1cc2ccccc2[nH]1
AURKB,Euclidean Search,0.61,O=C(NC1=C2C(NC=C2)=NC=C1)C3CCC(CC3)C(N)C,CNC(=O)CCc1cc2ccccc2[nH]1
AURKB,Euclidean Search,0.61,O=C(NC1=C2C(NC=C2)=NC=C1)C3CCC(CC3)C(N)C,CNC(=O)CCc1cc2ccccc2[nH]1
AURKB,Euclidean Search,0.68,N=1N2C(C(=NC1SC3=CC=C(C=C3)NC(CN4C[C@H](CC4)O)=O)NC=5C=C(NN5)C)=CC=C2,Nn1c(=O)c(Cc2ccco2)n[nH]c1=S
AURKB,Euclidean Search,0.61,O=C(NC1=C2C(NC=C2)=NC=C1)C3CCC(CC3)C(N)C,CNC(=O)CCc1cc2ccccc2[nH]1
AURKB,Euclidean Search,0.61,O=C(NC1=C2C(NC=C2)=NC=C1)C3CCC(CC3)C(N)C,CNC(=O)CCc1cc2ccccc2[nH]1
AURKB,Euclidean Search,0.61,O=C(NC1=C2C(NC=C2)=NC=C1)C3CCC(CC3)C(N)C,CNC(=O)CCc1cc2ccccc2[nH]1
AURKB,Euclidean Search,0.61,O=C(NC1=C2C(NC=C2)=NC=C1)C3CCC(CC3)C(N)C,CNC(=O)CCc1cc2ccccc2[nH]1
AURKB,Euclidean Search,0.61,O=C(NC1=C2C(NC=C2)=NC=C1)C3CCC(CC3)C(N)C,CNC(=O)CCc1cc2ccccc2[nH]1
AURKB,Euclidean Search,0.61,O=C(NC1=C2C(NC=C2)=NC=C1)C3CCC(CC3)C(N)C,CNC(=O)CCc1cc2ccccc2[nH]1
AURKB,Euclidean Search,0.61,O=C(NC1=C2C(NC=C2)=NC=C1)C3CCC(CC3)C(N)C,CNC(=O)CCc1cc2ccccc2[nH]1
AURKB,Euclidean Search,0.61,O=C(NC1=C2C(NC=C2)=NC=C1)C3CCC(CC3)C(N)C,CNC(=O)CCc1cc2ccccc2[nH]1
AURKB,Euclidean Search,0.61,O=C(NC1=C2C(NC=C2)=NC=C1)C3CCC(CC3)C(N)C,CNC(=O)CCc1cc2ccccc2[nH]1
AURKB,Euclidean Search,0.61,O=C(NC1=C2C(NC=C2)=NC=C1)C3CCC(CC3)C(N)C,CNC(=O)CCc1cc2ccccc2[nH]1
AURKB,Euclidean Search,0.68,N1C=2N=CC=CC2C(C=3N=C(N=CC3)NC4CCC(N)CC4)=C1,Nc1c2CCCCc2nc2ccccc12
AURKB,Euclidean Search,0.61,O=C(NC1=C2C(NC=C2)=NC=C1)C3CCC(CC3)C(N)C,CNC(=O)CCc1cc2ccccc2[nH]1
AURKB,Euclidean Search,0.61,O=C(NC1=C2C(NC=C2)=NC=C1)C3CCC(CC3)C(N)C,CNC(=O)CCc1cc2ccccc2[nH]1
AURKB,Euclidean Search,0.61,O=C(NC1=C2C(NC=C2)=NC=C1)C3CCC(CC3)C(N)C,CNC(=O)CCc1cc2ccccc2[nH]1
AURKB,Euclidean Search,0.68,N=1N2C(C(=NC1SC3=CC=C(C=C3)NC(CN4C[C@H](CC4)O)=O)NC=5C=C(NN5)C)=CC=C2,Nn1c(=O)c(Cc2ccco2)n[nH]c1=S
AURKB,Euclidean Search,0.61,O=C(NC1=C2C(NC=C2)=NC=C1)C3CCC(CC3)C(N)C,CNC(=O)CCc1cc2ccccc2[nH]1
AURKB,Euclidean Search,0.61,O=C(NC1=C2C(NC=C2)=NC=C1)C3CCC(CC3)C(N)C,CNC(=O)CCc1cc2ccccc2[nH]1
AURKB,Euclidean Search,0.61,O=C(NC1=C2C(NC=C2)=NC=C1)C3CCC(CC3)C(N)C,CNC(=O)CCc1cc2ccccc2[nH]1
AURKB,Euclidean Search,0.62,C=1(C(=CC=2C(C1)=C(C=CN2)OC3=CC=4C(C=C3)=C(C=CC4)C(NCCOC)=O)OC)OC,CNCC[C@@H](Oc1ccccc1C)c1ccccc1
AURKB,Euclidean Search,0.68,N=1N2C(C(=NC1SC3=CC=C(C=C3)NC(CN4C[C@H](CC4)O)=O)NC=5C=C(NN5)C)=CC=C2,Nn1c(=O)c(Cc2ccco2)n[nH]c1=S
AURKB,Euclidean Search,0.68,N=1N2C(C(=NC1SC3=CC=C(C=C3)NC(CN4C[C@H](CC4)O)=O)NC=5C=C(NN5)C)=CC=C2,Nn1c(=O)c(Cc2ccco2)n[nH]c1=S
AURKB,Euclidean Search,0.61,O=C(NC1=C2C(NC=C2)=NC=C1)C3CCC(CC3)C(N)C,CNC(=O)CCc1cc2ccccc2[nH]1
AURKB,Euclidean Search,0.61,O=C(NC1=C2C(NC=C2)=NC=C1)C3CCC(CC3)C(N)C,CNC(=O)CCc1cc2ccccc2[nH]1
AURKB,Euclidean Search,0.61,O=C(NC1=C2C(NC=C2)=NC=C1)C3CCC(CC3)C(N)C,CNC(=O)CCc1cc2ccccc2[nH]1
AURKB,Euclidean Search,0.61,O=C(NC1=C2C(NC=C2)=NC=C1)C3CCC(CC3)C(N)C,CNC(=O)CCc1cc2ccccc2[nH]1
AURKB,Euclidean Search,0.61,O=C(NC1=C2C(NC=C2)=NC=C1)C3CCC(CC3)C(N)C,CNC(=O)CCc1cc2ccccc2[nH]1
AURKB,Euclidean Search,0.61,O=C(NC1=C2C(NC=C2)=NC=C1)C3CCC(CC3)C(N)C,CNC(=O)CCc1cc2ccccc2[nH]1
AURKB,Euclidean Search,0.61,O=C(NC1=C2C(NC=C2)=NC=C1)C3CCC(CC3)C(N)C,CNC(=O)CCc1cc2ccccc2[nH]1
AURKB,Euclidean Search,0.61,O=C(NC1=C2C(NC=C2)=NC=C1)C3CCC(CC3)C(N)C,CNC(=O)CCc1cc2ccccc2[nH]1
AURKB,Euclidean Search,0.61,O=C(NC1=C2C(NC=C2)=NC=C1)C3CCC(CC3)C(N)C,CNC(=O)CCc1cc2ccccc2[nH]1
AURKB,Euclidean Search,0.61,O=C(NC1=C2C(NC=C2)=NC=C1)C3CCC(CC3)C(N)C,CNC(=O)CCc1cc2ccccc2[nH]1
AURKB,Euclidean Search,0.61,O=C(NC1=C2C(NC=C2)=NC=C1)C3CCC(CC3)C(N)C,CNC(=O)CCc1cc2ccccc2[nH]1
AURKB,Euclidean Search,0.61,O=C(NC1=C2C(NC=C2)=NC=C1)C3CCC(CC3)C(N)C,CNC(=O)CCc1cc2ccccc2[nH]1
AURKB,Euclidean Search,0.61,O=C(NC1=C2C(NC=C2)=NC=C1)C3CCC(CC3)C(N)C,CNC(=O)CCc1cc2ccccc2[nH]1
AURKB,Euclidean Search,0.68,N=1N2C(C(=NC1SC3=CC=C(C=C3)NC(CN4C[C@H](CC4)O)=O)NC=5C=C(NN5)C)=CC=C2,Nn1c(=O)c(Cc2ccco2)n[nH]c1=S
AURKB,Euclidean Search,0.68,N=1N2C(C(=NC1SC3=CC=C(C=C3)NC(CN4C[C@H](CC4)O)=O)NC=5C=C(NN5)C)=CC=C2,Nn1c(=O)c(Cc2ccco2)n[nH]c1=S
AURKB,Euclidean Search,0.61,O=C(NC1=C2C(NC=C2)=NC=C1)C3CCC(CC3)C(N)C,CNC(=O)CCc1cc2ccccc2[nH]1
AURKB,Euclidean Search,0.61,O=C(NC1=C2C(NC=C2)=NC=C1)C3CCC(CC3)C(N)C,CNC(=O)CCc1cc2ccccc2[nH]1
AURKB,Euclidean Search,0.61,O=C(NC1=C2C(NC=C2)=NC=C1)C3CCC(CC3)C(N)C,CNC(=O)CCc1cc2ccccc2[nH]1
AURKB,Euclidean Search,0.61,O=C(NC1=C2C(NC=C2)=NC=C1)C3CCC(CC3)C(N)C,CNC(=O)CCc1cc2ccccc2[nH]1
AURKB,Euclidean Search,0.61,O=C(NC1=C2C(NC=C2)=NC=C1)C3CCC(CC3)C(N)C,CNC(=O)CCc1cc2ccccc2[nH]1
AURKB,Euclidean Search,0.61,O=C(NC1=C2C(NC=C2)=NC=C1)C3CCC(CC3)C(N)C,CNC(=O)CCc1cc2ccccc2[nH]1
AURKB,Euclidean Search,0.68,N=1N2C(C(=NC1SC3=CC=C(C=C3)NC(CN4C[C@H](CC4)O)=O)NC=5C=C(NN5)C)=CC=C2,Nn1c(=O)c(Cc2ccco2)n[nH]c1=S
AURKB,Euclidean Search,0.61,O=C(NC1=C2C(NC=C2)=NC=C1)C3CCC(CC3)C(N)C,CNC(=O)CCc1cc2ccccc2[nH]1
AURKB,Euclidean Search,0.61,O=C(NC1=C2C(NC=C2)=NC=C1)C3CCC(CC3)C(N)C,CNC(=O)CCc1cc2ccccc2[nH]1
AURKB,Euclidean Search,0.61,O=C(NC1=C2C(NC=C2)=NC=C1)C3CCC(CC3)C(N)C,CNC(=O)CCc1cc2ccccc2[nH]1
AURKB,Euclidean Search,0.61,O=C(NC1=C2C(NC=C2)=NC=C1)C3CCC(CC3)C(N)C,CNC(=O)CCc1cc2ccccc2[nH]1
AURKB,Euclidean Search,0.61,O=C(NC1=C2C(NC=C2)=NC=C1)C3CCC(CC3)C(N)C,CNC(=O)CCc1cc2ccccc2[nH]1
AURKB,Euclidean Search,0.61,O=C(NC1=C2C(NC=C2)=NC=C1)C3CCC(CC3)C(N)C,CNC(=O)CCc1cc2ccccc2[nH]1
AURKB,Euclidean Search,0.61,O=C(NC1=C2C(NC=C2)=NC=C1)C3CCC(CC3)C(N)C,CNC(=O)CCc1cc2ccccc2[nH]1
AURKB,Euclidean Search,0.68,N=1N2C(C(=NC1SC3=CC=C(C=C3)NC(CN4C[C@H](CC4)O)=O)NC=5C=C(NN5)C)=CC=C2,Nn1c(=O)c(Cc2ccco2)n[nH]c1=S
AURKB,Euclidean Search,0.61,O=C(NC1=C2C(NC=C2)=NC=C1)C3CCC(CC3)C(N)C,CNC(=O)CCc1cc2ccccc2[nH]1
AURKB,Euclidean Search,0.61,O=C(NC1=C2C(NC=C2)=NC=C1)C3CCC(CC3)C(N)C,CNC(=O)CCc1cc2ccccc2[nH]1
AURKB,Euclidean Search,0.61,O=C(NC1=C2C(NC=C2)=NC=C1)C3CCC(CC3)C(N)C,CNC(=O)CCc1cc2ccccc2[nH]1
AURKB,Euclidean Search,0.61,O=C(NC1=C2C(NC=C2)=NC=C1)C3CCC(CC3)C(N)C,CNC(=O)CCc1cc2ccccc2[nH]1
AURKB,Euclidean Search,0.66,OC=1C(C[C@]2([C@H]3[C@@](CC[C@@H]2C)(C(=CCC3)C)C)C)=CC(=CC1O)C(OC)=O,COCC1OC(=O)c2coc3c2C1(C)C1=C(C2CCC(=O)C2(C)CC1OC(C)=O)C3=O
AURKB,Euclidean Search,0.61,O=C(NC1=C2C(NC=C2)=NC=C1)C3CCC(CC3)C(N)C,CNC(=O)CCc1cc2ccccc2[nH]1
AURKB,Euclidean Search,0.61,O=C(NC1=C2C(NC=C2)=NC=C1)C3CCC(CC3)C(N)C,CNC(=O)CCc1cc2ccccc2[nH]1
AURKB,Euclidean Search,0.61,O=C(NC1=C2C(NC=C2)=NC=C1)C3CCC(CC3)C(N)C,CNC(=O)CCc1cc2ccccc2[nH]1
AURKB,Euclidean Search,0.68,N=1N2C(C(=NC1SC3=CC=C(C=C3)NC(CN4C[C@H](CC4)O)=O)NC=5C=C(NN5)C)=CC=C2,Nn1c(=O)c(Cc2ccco2)n[nH]c1=S
AURKB,Euclidean Search,0.61,O=C(NC1=C2C(NC=C2)=NC=C1)C3CCC(CC3)C(N)C,CNC(=O)CCc1cc2ccccc2[nH]1
AURKB,Euclidean Search,0.61,O=C(NC1=C2C(NC=C2)=NC=C1)C3CCC(CC3)C(N)C,CNC(=O)CCc1cc2ccccc2[nH]1
AURKB,Euclidean Search,0.61,O=C(NC1=C2C(NC=C2)=NC=C1)C3CCC(CC3)C(N)C,CNC(=O)CCc1cc2ccccc2[nH]1
AURKB,Euclidean Search,0.61,O=C(NC1=C2C(NC=C2)=NC=C1)C3CCC(CC3)C(N)C,CNC(=O)CCc1cc2ccccc2[nH]1
AURKB,Euclidean Search,0.61,O=C(NC1=C2C(NC=C2)=NC=C1)C3CCC(CC3)C(N)C,CNC(=O)CCc1cc2ccccc2[nH]1
AURKB,Euclidean Search,0.61,O=C(NC1=C2C(NC=C2)=NC=C1)C3CCC(CC3)C(N)C,CNC(=O)CCc1cc2ccccc2[nH]1
AURKB,Euclidean Search,0.61,O=C(NC1=C2C(NC=C2)=NC=C1)C3CCC(CC3)C(N)C,CNC(=O)CCc1cc2ccccc2[nH]1
AURKB,Euclidean Search,0.61,O=C(NC1=C2C(NC=C2)=NC=C1)C3CCC(CC3)C(N)C,CNC(=O)CCc1cc2ccccc2[nH]1
AURKB,Euclidean Search,0.68,N=1N2C(C(=NC1SC3=CC=C(C=C3)NC(CN4C[C@H](CC4)O)=O)NC=5C=C(NN5)C)=CC=C2,Nn1c(=O)c(Cc2ccco2)n[nH]c1=S
AURKB,Euclidean Search,0.61,O=C(NC1=C2C(NC=C2)=NC=C1)C3CCC(CC3)C(N)C,CNC(=O)CCc1cc2ccccc2[nH]1
AURKB,Euclidean Search,0.61,O=C(NC1=C2C(NC=C2)=NC=C1)C3CCC(CC3)C(N)C,CNC(=O)CCc1cc2ccccc2[nH]1
AURKB,Euclidean Search,0.61,O=C(NC1=C2C(NC=C2)=NC=C1)C3CCC(CC3)C(N)C,CNC(=O)CCc1cc2ccccc2[nH]1
AURKB,Euclidean Search,0.61,O=C(NC1=C2C(NC=C2)=NC=C1)C3CCC(CC3)C(N)C,CNC(=O)CCc1cc2ccccc2[nH]1
AURKB,Euclidean Search,0.61,O=C(NC1=C2C(NC=C2)=NC=C1)C3CCC(CC3)C(N)C,CNC(=O)CCc1cc2ccccc2[nH]1
AURKB,Euclidean Search,0.61,O=C(NC1=C2C(NC=C2)=NC=C1)C3CCC(CC3)C(N)C,CNC(=O)CCc1cc2ccccc2[nH]1
AURKB,Euclidean Search,0.61,O=C(NC1=C2C(NC=C2)=NC=C1)C3CCC(CC3)C(N)C,CNC(=O)CCc1cc2ccccc2[nH]1
AURKB,Euclidean Search,0.61,O=C(NC1=C2C(NC=C2)=NC=C1)C3CCC(CC3)C(N)C,CNC(=O)CCc1cc2ccccc2[nH]1
AURKB,Euclidean Search,0.68,N=1N2C(C(=NC1SC3=CC=C(C=C3)NC(CN4C[C@H](CC4)O)=O)NC=5C=C(NN5)C)=CC=C2,Nn1c(=O)c(Cc2ccco2)n[nH]c1=S
AURKB,Euclidean Search,0.61,O=C(NC1=C2C(NC=C2)=NC=C1)C3CCC(CC3)C(N)C,CNC(=O)CCc1cc2ccccc2[nH]1
AURKB,Euclidean Search,0.61,O=C(NC1=C2C(NC=C2)=NC=C1)C3CCC(CC3)C(N)C,CNC(=O)CCc1cc2ccccc2[nH]1
AURKB,Euclidean Search,0.61,O=C(NC1=C2C(NC=C2)=NC=C1)C3CCC(CC3)C(N)C,CNC(=O)CCc1cc2ccccc2[nH]1
AURKB,Euclidean Search,0.68,N=1N2C(C(=NC1SC3=CC=C(C=C3)NC(CN4C[C@H](CC4)O)=O)NC=5C=C(NN5)C)=CC=C2,Nn1c(=O)c(Cc2ccco2)n[nH]c1=S
AURKB,Euclidean Search,0.61,O=C(NC1=C2C(NC=C2)=NC=C1)C3CCC(CC3)C(N)C,CNC(=O)CCc1cc2ccccc2[nH]1
AURKB,Pre-trained hierVAE Generate,0.53,O=C(N1CCNCC1)C2=C(O)C=C(NC(=O)CC)C=C2,CC1CCCCOC(CN(C)Cc2ccc(C(F)(F)F)cc2)C(C)CN(C(C)CO)C(=O)c2cc(NC(=O)CCN3CCOCC3)ccc2O1
AURKB,Pre-trained hierVAE Generate,0.15,S1CC2=C(O)N3N=C(C=C3N=C2C1)C=4OC=CC4,CCCCCC1CCc2cnnn2COCC(Cc2ccccc2)NC1=O
AURKB,Pre-trained hierVAE Generate,0.67,O=C(N1CCNCC1)C2=C(O)C=C(NC(=O)CC)C=C2,CN(C)CCCNC(=O)CC1C=CC(NC(=O)c2ccc(F)cc2)C(CO)O1
AURKB,Pre-trained hierVAE Generate,0.57,O=C(N1CCNCC1)C2=C(O)C=C(NC(=O)CC)C=C2,CC1CN(C(C)CO)C(=O)c2cc(NC(=O)CCCN(C)C)ccc2OC1CN(C)C(=O)Cc1ccccn1
AURKB,Pre-trained hierVAE Generate,0.44,O=C(N1CCNCC1)C2=C(O)C=C(NC(=O)CC)C=C2,CCCNC(=O)N1CC(O)COCC2OC(CC(=O)NC3CCN(Cc4ccccc4)C3)CCC21
AURKB,Pre-trained hierVAE Generate,0.48,O=C(N1CCNCC1)C2=C(O)C=C(NC(=O)CC)C=C2,CC1CCCCOC(CN(C)CC2CC2)C(C)CN(C(C)CO)C(=O)c2cc(NC(=O)CCN3CCOCC3)ccc2O1
AURKB,Pre-trained hierVAE Generate,0.27,N=1C=2N(C=C(C=3C=CC(OC)=CC3)C1)N=CC2Br,COc1ccc(-c2cc3nc(C)cc(C)n3n2)cc1OC
AURKB,Pre-trained hierVAE Generate,0.28,O=C(NC1=C2C(NC=C2)=NC=C1)C3CCC(CC3)C(N)C,CCCCCCCCCCCCCCCCCC(=O)Nc1ncnc2ccccc12
AURKB,Pre-trained hierVAE Generate,0.43,C1CN(C=2C3=C(N=CN2)NC=C3)CCC1CN,CC(C)(C)c1ccc(CNc2nc(-c3cccc(F)c3)nc3ccc(C(=O)NCCCN4CCOCC4)cc23)cc1
AURKB,Pre-trained hierVAE Generate,0.37,O(C1=CC(NC2=NC(=NC=C2)N)=CC=C1)CCN,COc1ccc(CNc2ncnc3ccc(CNCCOc4ccc(C(F)(F)F)cc4)cc23)cc1OC
AURKB,Pre-trained hierVAE Generate,0.6,N=1C2=CC(=CC=C2N3C=CC=C3C1O)CN4CCCC4=O,CC1CN(C(C)CO)C(=O)c2c(c3ccccc3n2C)-c2ccccc2COC1CN(C)CC1CC1
AURKB,Pre-trained hierVAE Generate,0.4,O=C(N1CCNCC1)C2=C(O)C=C(NC(=O)CC)C=C2,CCN1C2Cn3c(ccc(-c4ccc(F)cc4)c3=O)C1C(CO)C2C(=O)NCCc1ccccc1
AURKB,Pre-trained hierVAE Generate,0.3,FC1=CC=C(C2=NC=C(C=C2)CNC=3C=CC(=CC3)C)C=C1,Cc1ccc(CNc2ncnc3ccc(-c4ccc(F)cc4)cc23)cc1
AURKB,Pre-trained hierVAE Generate,0.64,O=C(N1CCNCC1)C2=C(O)C=C(NC(=O)CC)C=C2,CC(C)NC(=O)N(C)CC1OCCCCC(C)Oc2ccc(NC(=O)CCCN(C)C)cc2C(=O)N(C(C)CO)CC1C
AURKB,Pre-trained hierVAE Generate,0.62,N=1C2=CC(=CC=C2N3C=CC=C3C1O)CN4CCCC4=O,CC1CN(C(C)CO)C(=O)c2c(c3ccccc3n2C)-c2ccccc2COC1CN(C)CC1CCCCC1
AURKB,Pre-trained hierVAE Generate,0.47,N=1C2=CC(=CC=C2N3C=CC=C3C1O)CN4CCCC4=O,CCCNC(=O)CC1CN2C(=O)CN(C(=O)Cc3ccccc3)CC2C1c1ccc(-c2ccccc2C#N)cc1
AURKB,Pre-trained hierVAE Generate,0.41,O=C(N1CCNCC1)C2=C(O)C=C(NC(=O)CC)C=C2,CC1CCCCOC(CN(C)Cc2ccc(C(F)(F)F)cc2)C(C)CN(C(C)CO)C(=O)c2cc(NC(=O)NC3CCCCC3)ccc2O1
AURKB,Pre-trained hierVAE Generate,0.51,O=C(N1CCNCC1)C2=C(O)C=C(NC(=O)CC)C=C2,CCCCCC(=O)Nc1ccc2c(c1)C(=O)N(C)CC(OC)C(C)CN(C(=O)c1ccccn1)C(C)CO2
AURKB,Pre-trained hierVAE Generate,0.29,N=1C2=CC(=CC=C2N3C=CC=C3C1O)CN4CCCC4=O,CC1CN(C(C)CO)C(=O)c2c(c3ccccc3n2C)-c2ccccc2COC1CN(C)CC1CCCCC1
AURKB,Pre-trained hierVAE Generate,0.42,C1(=CC=C(C=2C=CC=CC12)NCCN(CC)CC)O,CCCCCC(C)C(O)CNC(C)C(=O)Nc1ccc(C(C)(C)C)cc1
AURKB,Pre-trained hierVAE Generate,0.54,N=1C2=CC(=CC=C2N3C=CC=C3C1O)CN4CCCC4=O,CCOc1ccc(C(=O)N2CCN(CCCc3ccc(O)cc3)CC2)cc1
AURKB,Pre-trained hierVAE Generate,0.3,N=1C2=CC(=CC=C2N3C=CC=C3C1O)CN4CCCC4=O,CC1CN(C(C)CO)C(=O)c2c(c3ccccc3n2C)-c2ccccc2COC1CN(C)C(=O)c1ccncc1
AURKB,Pre-trained hierVAE Generate,0.22,O1C2=C3C4=C(C=C(O)C(O)=C4OC(=O)C3=CC(O)=C2O)C1=O,CCCCCC(=O)OC(C(=O)COc1ccccc1C)c1ccccc1O
AURKB,Pre-trained hierVAE Generate,0.47,O=C(N1CCNCC1)C2=C(O)C=C(NC(=O)CC)C=C2,CC1CCCCOC(CN(C)Cc2cccc(C(F)(F)F)c2)C(C)CN(C(C)CO)C(=O)c2cc(NC(=O)c3ccccn3)ccc2O1
AURKB,Pre-trained hierVAE Generate,0.6,O=C(N1CCNCC1)C2=C(O)C=C(NC(=O)CC)C=C2,CCCCCC(=O)Nc1ccc2c(c1)C(=O)N(C)CC(OC)C(C)CN(C(=O)c1ccccn1)C(C)CO2
AURKB,Pre-trained hierVAE Generate,0.34,N=1C2=CC(=CC=C2N3C=CC=C3C1O)CN4CCCC4=O,CC1CN(C(C)CO)C(=O)c2c(c3ccccc3n2C)-c2ccccc2COC1CN(C)Cc1ccc(C(F)(F)F)cc1
AURKB,Pre-trained hierVAE Generate,0.46,O=C1NCCC=2C3=C(NC21)C=CC(=C3)C(OCC)=O,COc1ccc(CNC(=O)CC2CC3c4cc(NC(=O)Cc5ccncc5)ccc4OC3C(CO)O2)cc1
AURKB,Pre-trained hierVAE Generate,0.04,O=C(N1CCNCC1)C2=C(O)C=C(NC(=O)CC)C=C2,CC1CCCCOC(CN(C)CC2CC2)C(C)CN(C(C)CO)C(=O)c2cc(NC(=O)C3CCCCC3)ccc2O1
AURKB,Pre-trained hierVAE Generate,0.49,O=C(N1CCNCC1)C2=C(O)C=C(NC(=O)CC)C=C2,CCNC(=O)CC1CC2c3cc(NC(=O)c4ccc5c(c4)OCO5)ccc3OC2C(CO)O1
AURKB,Pre-trained hierVAE Generate,0.44,O=C(N1CCNCC1)C2=C(O)C=C(NC(=O)CC)C=C2,CC(C)CC(=O)Nc1ccc(-c2cc(-c3ccc(CN(C)C)cc3)n(CC(O)CN3CCOCC3)n2)cc1
AURKB,Pre-trained hierVAE Generate,0.34,OCCCN1C(=C(N=C1)C2=CC=CC=C2)C=3C=CN=CC3,CC(C)(C)c1ccc(C(CNCc2ccco2)NCCCN2CCOCC2)cc1
AURKB,Pre-trained hierVAE Generate,0.51,O=C1NCCC=2C3=C(NC21)C=CC(=C3)C(OCC)=O,CCCCCCCCCCCCCCCCCCCCCC(=O)NC(CO)C(=O)O
AURKB,Pre-trained hierVAE Generate,0.28,OC(=O)C1CN(C1)CC2=CC=C(C=C2)C#CCCCC,CCCCCCCCCCCCCCCCCCCCCCCCCCCCCCCCCCCCCCCCCCCCCCCCCCCCCCCCCCCCCCCCCCCCCCCCCCCCCCCCCCCCCCCCCCCCCCCCCCCCCC
AURKB,Pre-trained hierVAE Generate,0.64,O=C(N1CCNCC1)C2=C(O)C=C(NC(=O)CC)C=C2,Cc1ccc(C)c(C(=O)CCC(=O)Nc2ccc(C(=O)NCCCN3CCC(C(=O)c4ccccc4)CC3)cc2)c1
AURKB,Pre-trained hierVAE Generate,0.53,O=C(N1CCNCC1)C2=C(O)C=C(NC(=O)CC)C=C2,O=C(Cc1ccccn1)NC1CC(CC(=O)N2CCC(Cc3ccccc3)CC2)OC(CO)C1O
AURKB,Pre-trained hierVAE Generate,0.38,O=C(N1CCNCC1)C2=C(O)C=C(NC(=O)CC)C=C2,CC1CCCCOC(CN(C)CC2CCCCC2)C(C)CN(C(C)CO)C(=O)c2cc(NC(=O)c3ccncc3)ccc2O1
AURKB,Pre-trained hierVAE Generate,0.55,O=C(N1CCNCC1)C2=C(O)C=C(NC(=O)CC)C=C2,NCC1CCC(NC(=O)C2CC2)C(CO)O1
AURKB,Pre-trained hierVAE Generate,0.27,N=1C2=CC(=CC=C2N3C=CC=C3C1O)CN4CCCC4=O,CC1CN(C(C)CO)C(=O)c2c(c3ccccc3n2C)-c2ccccc2COC1CN(C)C(=O)CCC(F)(F)F
AURKB,Pre-trained hierVAE Generate,0.45,O=C(N1CCNCC1)C2=C(O)C=C(NC(=O)CC)C=C2,COc1ccc(NC(=O)CCCCCCC(=O)Nc2cc(C)ccc2C)c(OC)c1
AURKB,Pre-trained hierVAE Generate,0.65,O=C(N1CCNCC1)C2=C(O)C=C(NC(=O)CC)C=C2,CCCC(=O)Nc1ccc2c(c1)C(=O)N(C)CC(OC)C(C)CN(C(=O)CC)C(C)CO2
AURKB,Pre-trained hierVAE Generate,0.35,O=C(N1CCNCC1)C2=C(O)C=C(NC(=O)CC)C=C2,CC1CN(C(C)CO)C(=O)c2cc(NC(=O)CCCN(C)C)ccc2OC1CN(C)Cc1ccc(C(=O)O)cc1
AURKB,Pre-trained hierVAE Generate,0.38,O=C(N1CCNCC1)C2=C(O)C=C(NC(=O)CC)C=C2,CCCCCC(=O)Nc1ccc2c(c1)OCC(C)N(C(=O)c1ccccn1)CC(C)C(OC)CN(C)C2=O
AURKB,Pre-trained hierVAE Generate,0.44,O=C(N1CCNCC1)C2=C(O)C=C(NC(=O)CC)C=C2,CC1CCCCOC(CN(C)C(=O)NC2CCCCC2)C(C)CN(C(C)CO)C(=O)c2cc(NC(=O)CCC(F)(F)F)ccc2O1
AURKB,Pre-trained hierVAE Generate,0.61,O=C(N1CCNCC1)C2=C(O)C=C(NC(=O)CC)C=C2,CCNC(=O)CC1CCC2C(COCC(O)CN2Cc2ccc(F)cc2)O1
AURKB,Pre-trained hierVAE Generate,0.68,O=C(N1CCNCC1)C2=C(O)C=C(NC(=O)CC)C=C2,COc1ccc(CNC(=O)CC2CCC3C(COCC(O)CN3C(=O)Nc3ccccc3F)O2)cc1
AURKB,Pre-trained hierVAE Generate,0.21,O(C=1C=C(C=NC1)CCC2=CC=CC=C2)CC3N(CCC3)C,CCCCCC(=O)N1CCC(Cc2ccc(OC)cc2)C(C)(C)C1
AURKB,Pre-trained hierVAE Generate,0.47,O=C(N1CCNCC1)C2=C(O)C=C(NC(=O)CC)C=C2,CC1CCCCOC(CN(C)Cc2ccncc2)C(C)CN(C(C)CO)C(=O)c2cc(NC(=O)c3ccncc3)ccc2O1
AURKB,Pre-trained hierVAE Generate,0.64,O=C(N1CCNCC1)C2=C(O)C=C(NC(=O)CC)C=C2,CCCNC(=O)NC1CCC(CC(=O)N2CCC(Cc3ccccc3)CC2)OC1CO
AURKB,Pre-trained hierVAE Generate,0,N=1C2=CC(=CC=C2N3C=CC=C3C1O)CN4CCCC4=O,CCCN(C)CC1OCc2ccccc2-c2c(n(C)c3ccccc23)C(=O)N(C(C)CO)CC1C
AURKB,Pre-trained hierVAE Generate,0.06,N=1C2=CC(=CC=C2N3C=CC=C3C1O)CN4CCCC4=O,CC1CN(C(C)CO)C(=O)c2c(c3ccccc3n2C)-c2ccccc2COC1CN(C)Cc1ccc(C(F)(F)F)cc1
AURKB,Pre-trained hierVAE Generate,0.48,O=C(N1CCNCC1)C2=C(O)C=C(NC(=O)CC)C=C2,CC1CCCCOC(CN(C)Cc2ccc(C(F)(F)F)cc2)C(C)CN(C(C)CO)C(=O)c2cc(NC(=O)CCN3CCOCC3)ccc2O1
AURKB,Pre-trained hierVAE Generate,0.46,C1=NC=C(C)C2=C1C=CC=C2S(N3C(CNCCC3)C)(=O)=O,CC(C)NC(=O)N(C)CC1Oc2cc(C3=CCCCC3)ccc2S(=O)(=O)N(C(C)CO)CC1C
AURKB,Pre-trained hierVAE Generate,0.35,O=C(N1CCNCC1)C2=C(O)C=C(NC(=O)CC)C=C2,CCCCCC(=O)Nc1ccc2c(c1)C1CC(CC(=O)N3CCCCC3)OC(CO)C1O2
AURKB,Pre-trained hierVAE Generate,0.66,O=C(N1CCNCC1)C2=C(O)C=C(NC(=O)CC)C=C2,CC1CN(C(C)CO)C(=O)c2cc(NC(=O)CCCN(C)C)ccc2OC1CN(C)Cc1ccc(C(=O)O)cc1
AURKB,Pre-trained hierVAE Generate,0.52,O=C(N1CCNCC1)C2=C(O)C=C(NC(=O)CC)C=C2,CCCCCCC(=O)Nc1ccc2c(c1)C(=O)N(C)CC(OC)C(C)CN(C(=O)c1ccccn1)C(C)CO2
AURKB,Pre-trained hierVAE Generate,0.52,O=C(N1CCNCC1)C2=C(O)C=C(NC(=O)CC)C=C2,CC1CN(C(C)CO)C(=O)c2cccc(NC(=O)CCCN(C)C)c2OC1CN(C)Cc1ccc(C(=O)O)cc1
AURKB,Pre-trained hierVAE Generate,0.49,O=C(N1CCNCC1)C2=C(O)C=C(NC(=O)CC)C=C2,CCCCCCCCCCCCCCCCCC(O)C(O)C(O)CO
AURKB,Pre-trained hierVAE Generate,0.46,C=1C=C2NC(=O)C(=C(C2=CC1Cl)C=3C=CC=CC3)N,CC(C)(C)c1ccc(C(=O)NC(C(=O)Nc2ccc(C(=O)Nc3ccccc3C(F)(F)F)cc2)C(C)(C)C)cc1
AURKB,Pre-trained hierVAE Generate,0.03,IC1=NN(C2OC(C(O)C2O)CO)C=3N=CN=C(N)C31,COc1ccc(NC(=O)NC2CCC(CCn3cc(-c4cccc(F)c4)nn3)OC2CO)cc1
AURKB,Pre-trained hierVAE Generate,0.43,O=C(N1CCNCC1)C2=C(O)C=C(NC(=O)CC)C=C2,CCNC(=O)CC1CCC2C(COCC(O)CN2C(=O)Nc2ccccc2F)O1
AURKB,Pre-trained hierVAE Generate,0.77,O=C(N1CCNCC1)C2=C(O)C=C(NC(=O)CC)C=C2,CC1CCCCOC(CN(C)CC2CC2)C(C)CN(C(C)CO)C(=O)c2cc(NC(=O)CCN3CCOCC3)ccc2O1
AURKB,Pre-trained hierVAE Generate,0.65,O=C(N1CCNCC1)C2=C(O)C=C(NC(=O)CC)C=C2,CC1CCCCOC(CN(C)Cc2ccccn2)C(C)CN(C(C)CO)C(=O)c2cc(NC(=O)c3ccncc3)ccc2O1
AURKB,Pre-trained hierVAE Generate,0.44,O=C(N1CCNCC1)C2=C(O)C=C(NC(=O)CC)C=C2,CC(C)NC(=O)N(C)CC1OCCCCC(C)Oc2ccc(NC(=O)CCCN(C)C)cc2C(=O)N(C(C)CO)CC1C
AURKB,Pre-trained hierVAE Generate,0.52,O=C(N1CCNCC1)C2=C(O)C=C(NC(=O)CC)C=C2,CC(C)NC(=O)N(C)CC1OCCCCC(C)Oc2ccc(NC(=O)CCCN(C)C)cc2C(=O)N(C(C)CO)CC1C
AURKB,Pre-trained hierVAE Generate,0.53,O=C(N1CCNCC1)C2=C(O)C=C(NC(=O)CC)C=C2,CCNC(=O)CC1C=CC(NC(=O)Cc2ccccc2)C(CO)O1
AURKB,Pre-trained hierVAE Generate,0.44,O(C1=NC(N2CCOCC2)=CC(=N1)NN)CCC3=NC=CC=C3,COc1ccc(-c2nnc(-c3ccc(CN4CCCC4)cc3)n2-c2ccc(C(=O)NCCCN3CCOCC3)cc2)cc1
AURKB,Pre-trained hierVAE Generate,0.2,ClC=1C=2C(SC1)=NC=NC2NC=3C=CC=CC3,Clc1ccc(CNc2ncnc3scc(-c4ccc(Cl)cc4)c23)cc1
AURKB,Pre-trained hierVAE Generate,0.56,O=C(N1CCNCC1)C2=C(O)C=C(NC(=O)CC)C=C2,CC(C)(C)C1CC(C(=O)NCCCN2CCN(Cc3ccc(F)cc3)CC2)N(CCCC(=O)Nc2ccc(C(F)(F)F)cc2)C1
AURKB,Pre-trained hierVAE Generate,0.46,C=1(OC=2C3=C(C=CC=C3)C=CC2C(C1)=O)N4CCOCC4,O=C(CC1CCC2C(COCC(O)CN2C(=O)c2ccc(F)cc2)O1)NCc1ccc(F)cc1
AURKB,Pre-trained hierVAE Generate,0.48,O=C(N1CCNCC1)C2=C(O)C=C(NC(=O)CC)C=C2,CCCNC(=O)Nc1ccc2c(c1)C(=O)N(C(C)CO)CC(C)C(CN(C)Cc1cccnc1)OCCCCC(C)O2
AURKB,Pre-trained hierVAE Generate,0.72,O=C(N1CCNCC1)C2=C(O)C=C(NC(=O)CC)C=C2,CC1CN(C(C)CO)C(=O)c2cc(NC(=O)CCN3CCOCC3)ccc2OC1CN(C)C(=O)Nc1ccc(F)cc1
AURKB,Pre-trained hierVAE Generate,0.54,O=C(N1CCNCC1)C2=C(O)C=C(NC(=O)CC)C=C2,COc1ccccc1CNC(=O)CC1CCC(NC(=O)CN2CCOCC2)C(CO)O1
AURKB,Pre-trained hierVAE Generate,0.52,O=C(N1CCNCC1)C2=C(O)C=C(NC(=O)CC)C=C2,Cc1ccc(CC(=O)Nc2ccc3c(c2)C(=O)N(C(C)CO)CC(C)C(CN(C)Cc2ccc(C(=O)O)cc2)O3)cc1
AURKB,Pre-trained hierVAE Generate,0.53,O=C(N1CCNCC1)C2=C(O)C=C(NC(=O)CC)C=C2,CCCC(=O)Nc1ccc2c(c1)C(=O)N(C(C)CO)CC(C)C(CN(C)Cc1ccc(C(=O)O)cc1)O2
AURKB,Pre-trained hierVAE Generate,0.48,O=C(N1CCNCC1)C2=C(O)C=C(NC(=O)CC)C=C2,CCCNC(=O)N1CC(C)C(OC)CN(C)C(=O)c2cc(NC(=O)c3ccccn3)ccc2OCC1C
AURKB,Pre-trained hierVAE Generate,0.62,O=C(N1CCNCC1)C2=C(O)C=C(NC(=O)CC)C=C2,CCCNC(=O)CC1CCC2C(COCC(O)CN2C(=O)c2ccccc2F)O1
AURKB,Pre-trained hierVAE Generate,0.32,O=C1NC2=C(C1=CC=3NC=NC3)C=C(OC)C=C2,COc1ccccc1C=CC(=O)Nc1ccccc1C
AURKB,Pre-trained hierVAE Generate,0.33,C1=NC=C(C)C2=C1C=CC=C2S(N3C(CNCCC3)C)(=O)=O,CC1CCCCOC(CN(C)Cc2ccc(C(F)(F)F)cc2)C(C)CN(C(C)CO)C(=O)c2cc(NS(=O)(=O)c3cn(C)cn3)ccc2O1
AURKB,Pre-trained hierVAE Generate,0.35,N=1C2=CC(=CC=C2N3C=CC=C3C1O)CN4CCCC4=O,COc1ccc2c3c(n(C)c2c1)C(CO)N(Cc1ccccc1Cl)C(=O)C3
AURKB,Pre-trained hierVAE Generate,0.6,O=C(N1CCNCC1)C2=C(O)C=C(NC(=O)CC)C=C2,CC1CCCCOC(CN(C)Cc2ccc(C(F)(F)F)cc2)C(C)CN(C(C)CO)C(=O)c2cc(NC(=O)CCN3CCOCC3)ccc2O1
AURKB,Pre-trained hierVAE Generate,0.28,C1=NC=C(C)C2=C1C=CC=C2S(N3C(CNCCC3)C)(=O)=O,COc1ccc(C#Cc2ccc3c(c2)OC(CN(C)C(=O)CCC(F)(F)F)C(C)CN(C(C)CO)S3(=O)=O)cc1
AURKB,Pre-trained hierVAE Generate,0.29,N=1C2=CC(=CC=C2N3C=CC=C3C1O)CN4CCCC4=O,CC1CN(C(C)CO)C(=O)c2c(c3ccccc3n2C)-c2ccccc2COC1CN(C)CC1CCOCC1
AURKB,Pre-trained hierVAE Generate,0.52,O=C(N1CCNCC1)C2=C(O)C=C(NC(=O)CC)C=C2,CN(C)c1ccc2c(c1)C1CC(CC(=O)NCCN3CCCCC3)OC(CO)C1O2
AURKB,Pre-trained hierVAE Generate,0.19,O=C(N1CCNCC1)C2=C(O)C=C(NC(=O)CC)C=C2,CC1CCCCOC(CN(C)C(=O)C2CC2)C(C)CN(C(C)CO)C(=O)c2cc(NC(=O)c3ccccc3)ccc2O1
AURKB,Pre-trained hierVAE Generate,0.33,C1(C(=C(C(C2=CC=CC=C12)=O)N3C(O)=CC=C3O)Cl)=O,CNC(=O)C1C(CO)C2Cn3c(ccc(-c4ccccc4F)c3=O)C2N1C(=O)c1ccccc1
AURKB,Pre-trained hierVAE Generate,0.38,O=C(N1CCNCC1)C2=C(O)C=C(NC(=O)CC)C=C2,CC1CCCCOC(CN(C)Cc2ccncc2)C(C)CN(C(C)CO)C(=O)c2cc(NC(=O)c3ccncc3)ccc2O1
AURKB,Pre-trained hierVAE Generate,0.35,C=1(C(C)=C2C(=CC1O)OC3=C(C(=CC(=C3)O)O)C2=O)O,COc1cc(OC)c2c(=O)cc(-c3cccc(-c4ccccc4OC)c3)oc2c1
AURKB,Pre-trained hierVAE Generate,0.36,O=C(N1CCNCC1)C2=C(O)C=C(NC(=O)CC)C=C2,CC1CCCCOC(CN(C)CC2CC2)C(C)CN(C(C)CO)C(=O)c2cc(NC(=O)C3CCCCC3)ccc2O1
AURKB,Pre-trained hierVAE Generate,0.53,N=1C2=CC(=CC=C2N3C=CC=C3C1O)CN4CCCC4=O,CC1CN(C(C)CO)C(=O)c2c(c3ccccc3n2C)-c2ccccc2COC1CN(C)CC1CCCCC1
AURKB,Pre-trained hierVAE Generate,0.1,O=C(N1CCNCC1)C2=C(O)C=C(NC(=O)CC)C=C2,CC1CCCCOC(CN(C)Cc2ccc(C(F)(F)F)cc2)C(C)CN(C(C)CO)C(=O)c2cc(NC(=O)CCC(F)(F)F)ccc2O1
AURKB,Pre-trained hierVAE Generate,0.5,O=C(N1CCNCC1)C2=C(O)C=C(NC(=O)CC)C=C2,CC(NC(=O)CC1CCC(NC(=O)CCN2CCCCC2)C(CO)O1)c1ccccc1
AURKB,Pre-trained hierVAE Generate,0.4,O=C(N1CCNCC1)C2=C(O)C=C(NC(=O)CC)C=C2,CN(C)c1ccc(C(=O)Nc2ccccc2C(F)(F)F)c(C(=O)NCCN2CCOCC2)c1
AURKB,Pre-trained hierVAE Generate,0.31,O=C(N1CCNCC1)C2=C(O)C=C(NC(=O)CC)C=C2,CCCCCCCCCCCCCCCCCC(=O)Nc1ccc(C(=O)Nc2ccccc2C(=O)NCCCN2CCOCC2)cc1
AURKB,Pre-trained hierVAE Generate,0.61,O=C(N1CCNCC1)C2=C(O)C=C(NC(=O)CC)C=C2,CCCNC(=O)NC1CCC(CC(=O)NCc2ccccn2)OC1CO
AURKB,Pre-trained hierVAE Generate,0.43,C=1(OC=2C3=C(C=CC=C3)C=CC2C(C1)=O)N4CCOCC4,CCCC(=O)Nc1ccc2c(c1)C(=O)N(C)CC(OC)C(C)CN(C(=O)c1cccnc1)C(C)CO2
AURKB,Pre-trained hierVAE Generate,0.45,O=C(N1CCNCC1)C2=C(O)C=C(NC(=O)CC)C=C2,CCCNC(=O)CC1CC2c3cc(NC(=O)C4CCOCC4)ccc3OC2C(CO)O1
AURKB,Pre-trained hierVAE Generate,0.48,C=1C(=C(C(C2=CC=CC=C2)=NC1NC(C)=O)C#N)N,Cc1ccc(Nc2ncnc3ccc(-c4ccc(F)cc4)cc23)c(C(=O)Nc2ccc(Cl)cc2Cl)c1
AURKB,Pre-trained hierVAE Generate,0.33,O=C1NCCC=2C3=C(NC21)C=CC(=C3)C(OCC)=O,COC(=O)CC1CC2c3cc(NC(=O)C4CCCCC4)ccc3OC2C(CO)O1
AURKB,Pre-trained hierVAE Generate,0.46,O=C(N1CCNCC1)C2=C(O)C=C(NC(=O)CC)C=C2,CC1CCCCOC(CN(C)Cc2ccncc2)C(C)CN(C(C)CO)C(=O)c2cc(NC(=O)c3ccncc3)ccc2O1
AURKB,Pre-trained hierVAE Generate,0.69,O=C(N1CCNCC1)C2=C(O)C=C(NC(=O)CC)C=C2,CC(NC(=O)CC1CCC(NC(=O)CCN2CCCCC2)C(CO)O1)c1ccccc1
AURKB,Ours,0.86,O=C1NC=2C(NC=3C1=CC=C(C3)C=4C=C(OC)C(OCC(O)CO)=CC4)=CC=C(C2)CCOC5=CC=C(N6CCOCC6)C=C5,COc1cccc(CNC(=O)CC2CCC(NC(=O)CN3CCOCC3)C(CO)O2)c1
AURKB,Ours,0.86,O=C1NC=2C(NC=3C1=CC=C(C3)C=4C=C(OC)C(OCC(O)CO)=CC4)=CC=C(C2)CCOC5=CC=C(N6CCOCC6)C=C5,COc1cccc(CNC(=O)CC2CCC(NC(=O)CN3CCOCC3)C(CO)O2)c1
AURKB,Ours,0.86,O=C1NC=2C(NC=3C1=CC=C(C3)C=4C=C(OC)C(OCC(O)CO)=CC4)=CC=C(C2)CCOC5=CC=C(N6CCOCC6)C=C5,COc1cccc(CNC(=O)CC2CCC(NC(=O)CN3CCOCC3)C(CO)O2)c1
AURKB,Ours,0.86,O=C1NC=2C(NC=3C1=CC=C(C3)C=4C=C(OC)C(OCC(O)CO)=CC4)=CC=C(C2)CCOC5=CC=C(N6CCOCC6)C=C5,COc1cccc(CNC(=O)CC2CCC(NC(=O)CN3CCOCC3)C(CO)O2)c1
AURKB,Ours,0.86,O=C(O)C=1NC=2C(C1CCCOC=3C=4C(C=CC3)=CC=CC4)=CC=CC2C=5C(=CC(=CC5)C(=O)NCCOCCOCCN)C,CCCNCCCC(O)(c1ccc(O)cc1)c1ccc(O)c(O)c1
AURKB,Ours,0.86,FC1=CC=2/C(/C(=O)NC2C=C1)=C/C=3NC(=C(C3C)C(=O)NC[C@H](O)CN4CCOCC4)C,CC1CN(C(C)CO)C(=O)c2ccccc2-c2ccccc2COC1CN(C)C(=O)CCC(F)(F)F
AURKB,Ours,0.86,C=1(C(N(C)C(=C(C1)C=2C=CC(OC(F)(F)F)=CC2)COC(C=3N(C=NC3)C)C=4C=CC(C#N)=CC4)=O)C#N,CC1CN(C(C)CO)C(=O)c2c(c3ccccc3n2C)-c2ccccc2COC1CN(C)Cc1ccc(C(F)(F)F)cc1
AURKB,Ours,0.83,CC1(C)N2C3=C(C=C2C(=O)NC1)C=CC(C(NC=4N=C(N(C4)C)C(NC5CCCC5)=O)=O)=C3,CC(C)(C)c1ccc(C(=O)NC2CN(Cc3ccccc3)CC2C(=O)NCc2ccccc2)cc1
AURKB,Ours,0.83,CC1(C)N2C3=C(C=C2C(=O)NC1)C=CC(C(NC=4N=C(N(C4)C)C(NC5CCCC5)=O)=O)=C3,CC(C)(C)c1ccc(C(=O)NC2CN(Cc3ccccc3)CC2C(=O)NCc2ccccc2)cc1
AURKB,Ours,0.83,C=1C=C(F)C(=C(F)C1)NC(=O)C=2C=C(C=CC2)C3=C(C=4N=C(N=CC4)NC5=CC(=C(C=C5OC)N6CCC(CC6)N7CCN(CC7)S(C)(=O)=O)CC)N8C(=N3)C=CC=C8,CC1CCCCOC(CN(C)Cc2cccc(C(F)(F)F)c2)C(C)CN(C(C)CO)C(=O)c2cc(NS(=O)(=O)c3cn(C)cn3)ccc2O1
AURKB,Ours,0.83,C=1C=C(F)C(=C(F)C1)NC(=O)C=2C=C(C=CC2)C3=C(C=4N=C(N=CC4)NC5=CC(=C(C=C5OC)N6CCC(CC6)N7CCN(CC7)S(C)(=O)=O)CC)N8C(=N3)C=CC=C8,CC1CCCCOC(CN(C)Cc2cccc(C(F)(F)F)c2)C(C)CN(C(C)CO)C(=O)c2cc(NS(=O)(=O)c3cn(C)cn3)ccc2O1
AURKB,Ours,0.83,C=1C=C(F)C(=C(F)C1)NC(=O)C=2C=C(C=CC2)C3=C(C=4N=C(N=CC4)NC5=CC(=C(C=C5OC)N6CCC(CC6)N7CCN(CC7)S(C)(=O)=O)CC)N8C(=N3)C=CC=C8,CC1CCCCOC(CN(C)Cc2cccc(C(F)(F)F)c2)C(C)CN(C(C)CO)C(=O)c2cc(NS(=O)(=O)c3cn(C)cn3)ccc2O1
AURKB,Ours,0.83,C=1C=C(F)C(=C(F)C1)NC(=O)C=2C=C(C=CC2)C3=C(C=4N=C(N=CC4)NC5=CC(=C(C=C5OC)N6CCC(CC6)N7CCN(CC7)S(C)(=O)=O)CC)N8C(=N3)C=CC=C8,CC1CCCCOC(CN(C)Cc2cccc(C(F)(F)F)c2)C(C)CN(C(C)CO)C(=O)c2cc(NS(=O)(=O)c3cn(C)cn3)ccc2O1
AURKB,Ours,0.83,C1CCOC=2N=C(NC(NC=3C=C(C(=CC3OCC1)CCCO)Cl)=O)C=NC2C#N,CC(C)NC(=O)NC1CCC(CCNC(=O)C2CCCCC2)OC1CO
AURKB,Ours,0.83,C1=NC(=NC(=C1)NC2=CC=CC=C2Cl)NC3=CC=C(C=C3)C(=O)NCCN4CCOCC4,NC1COCC2OC(CC(=O)NCCc3ccncc3)CCC2N(C(=O)Nc2ccc(Cl)cc2)C1
AURKB,Ours,0.83,C1=NC(=NC(=C1)NC2=CC=CC=C2Cl)NC3=CC=C(C=C3)C(=O)NCCN4CCOCC4,NC1COCC2OC(CC(=O)NCCc3ccncc3)CCC2N(C(=O)Nc2ccc(Cl)cc2)C1
AURKB,Ours,0.82,S(NC=1C=C2/C(/C(=O)NC2=CC1)=C/C3=C(C=4C(=O)CCCC4N3)CCC(N5CCOCC5)=O)(=O)(=O)C=6C=CC=CC6,COc1ccc(S(=O)(=O)Nc2ccc3c(c2)C2CC(CC(=O)NCCN4CCCCC4)OC(CO)C2O3)cc1
AURKB,Ours,0.82,S(NC=1C=C2/C(/C(=O)NC2=CC1)=C/C3=C(C=4C(=O)CCCC4N3)CCC(N5CCOCC5)=O)(=O)(=O)C=6C=CC=CC6,COc1ccc(S(=O)(=O)Nc2ccc3c(c2)C2CC(CC(=O)NCCN4CCCCC4)OC(CO)C2O3)cc1
AURKB,Ours,0.82,S(NC=1C=C2/C(/C(=O)NC2=CC1)=C/C3=C(C=4C(=O)CCCC4N3)CCC(N5CCOCC5)=O)(=O)(=O)C=6C=CC=CC6,COc1ccc(S(=O)(=O)Nc2ccc3c(c2)C2CC(CC(=O)NCCN4CCCCC4)OC(CO)C2O3)cc1
AURKB,Ours,0.82,S(NC=1C=C2/C(/C(=O)NC2=CC1)=C/C3=C(C=4C(=O)CCCC4N3)CCC(N5CCOCC5)=O)(=O)(=O)C=6C=CC=CC6,COC1CN(C)C(=O)c2cc(NS(=O)(=O)c3cccc(C)c3)ccc2OCC(C)NCC1C
AURKB,Ours,0.82,O=C1NC=2C(NC=3C1=CC=C(C3)C=4C=C(OC)C(OCC(O)CO)=CC4)=CC=C(C2)CCOC5=CC=C(N6CCOCC6)C=C5,CC1CCCCOC(CN(C)Cc2cccc(C(F)(F)F)c2)C(C)CN(C(C)CO)C(=O)c2cc(NC(=O)CCN3CCOCC3)ccc2O1
AURKB,Ours,0.82,N(C(=O)NC=1C=CC=CC1)C=2C=CC(=CC2)CCNC3=C4C(=NC=N3)OC(=C4)C=5C=CC(=CC5)OCCN6CCC(CC6)O,CC(C)NC(=O)Nc1ccc2c(c1)C1CC(CC(=O)N3CCc4ccccc4C3)OC(CO)C1O2
AURKB,Ours,0.82,C=1C=C(F)C(=C(F)C1)NC(=O)C=2C=C(C=CC2)C3=C(C=4N=C(N=CC4)NC5=CC(=C(C=C5OC)N6CCC(CC6)N7CCN(CC7)S(C)(=O)=O)CC)N8C(=N3)C=CC=C8,CC1CN(C(C)CO)S(=O)(=O)c2ccc(-c3cccc(C(=O)N(C)C)c3)cc2OC1CN(C)Cc1ccc(C(F)(F)F)cc1
AURKB,Ours,0.82,C1=NC(=NC(=C1)NC2=CC=CC=C2)NC3=CC=C(C=C3)C(O)=O,Cc1ccc(Nc2ncnc3ccc(C(=O)O)cc23)cc1
AURKB,Ours,0.82,C1=NC(=NC(=C1)NC2=CC=CC=C2)NC3=CC=C(C=C3)C(O)=O,Cc1ccc(Nc2ncnc3ccc(C(=O)O)cc23)cc1
AURKB,Ours,0.82,C1=NC(=NC(=C1)NC2=CC=CC=C2)NC3=CC=C(C=C3)C(O)=O,Cc1ccc(Nc2ncnc3ccc(C(=O)O)cc23)cc1
AURKB,Ours,0.82,C1=NC(=NC(=C1)NC2=CC=CC=C2)NC3=CC=C(C=C3)C(O)=O,Cc1ccc(Nc2ncnc3ccc(C(=O)O)cc23)cc1
AURKB,Ours,0.82,C1=NC(=NC(=C1)NC2=CC=CC=C2)NC3=CC=C(C=C3)C(O)=O,Cc1ccc(Nc2ncnc3ccc(C(=O)O)cc23)cc1
AURKB,Ours,0.82,C1=NC(=NC(=C1)NC2=CC=CC=C2)NC3=CC=C(C=C3)C(O)=O,Cc1ccc(Nc2ncnc3ccc(C(=O)O)cc23)cc1
AURKB,Ours,0.82,C1=NC(=NC(=C1)NC2=CC=CC=C2)NC3=CC=C(C=C3)C(O)=O,Cc1ccc(Nc2ncnc3ccc(C(=O)O)cc23)cc1
AURKB,Ours,0.82,C1=NC(=NC(=C1)NC2=CC=CC=C2)NC3=CC=C(C=C3)C(O)=O,Cc1ccc(Nc2ncnc3ccc(C(=O)O)cc23)cc1
AURKB,Ours,0.81,O=C1NC=2C(NC=3C1=CC=C(C3)C=4C=C(OC)C(OCC(O)CO)=CC4)=CC=C(C2)CCOC5=CC=C(N6CCOCC6)C=C5,COc1ccccc1CNC(=O)CC1CCC2C(COCC(O)CN2Cc2ccc(F)cc2)O1
AURKB,Ours,0.81,O=C1NC=2C(NC=3C1=CC=C(C3)C=4C=C(OC)C(OCC(O)CO)=CC4)=CC=C(C2)CCOC5=CC=C(N6CCOCC6)C=C5,COc1ccccc1CNC(=O)CC1CCC2C(COCC(O)CN2Cc2ccc(F)cc2)O1
AURKB,Ours,0.81,O1C(=NC=2C1=CC=CC2)NC3=CC=C(C=4C=5C(=C(O)NC5)C=C(OCCCN(C)C)C4)C=C3,CC(C)NC(=O)Nc1ccc2c(c1)C(=O)N(C(C)CO)CC(C)C(CN(C)CC1CC1)OCCCCC(C)O2
AURKB,Ours,0.81,COC1=CC=C2N=CN=C(NC3=CC=C(OCC4=CC=CC=C4)C=C3)C2=C1,COc1ccc(CNc2ncnc3ccc(C#N)cc23)cc1OC
AURKB,Ours,0.81,COC1=CC=C2N=CN=C(NC3=CC=C(OCC4=CC=CC=C4)C=C3)C2=C1,COc1ccc(CNc2ncnc3ccc(C#N)cc23)cc1OC
AURKB,Ours,0.81,COC1=CC=C2N=CN=C(NC3=CC=C(OCC4=CC=CC=C4)C=C3)C2=C1,COc1ccc(CNc2ncnc3ccc(C#N)cc23)cc1OC
AURKB,Ours,0.81,COC1=CC=C2N=CN=C(NC3=CC=C(OCC4=CC=CC=C4)C=C3)C2=C1,COc1ccc(CNc2ncnc3ccc(C#N)cc23)cc1OC
AURKB,Ours,0.8,S(NC=1C=C2/C(/C(=O)NC2=CC1)=C/C3=C(C=4C(=O)CCCC4N3)CCC(N5CCOCC5)=O)(=O)(=O)C=6C=CC=CC6,CCCNC(=O)CC1CC2c3cc(NS(=O)(=O)c4ccc(F)cc4)ccc3OC2C(CO)O1
AURKB,Ours,0.8,O=C1NC=2C(NC=3C1=CC=C(C3)C=4C=C(OC)C(OCC(O)CO)=CC4)=CC=C(C2)CCOC5=CC=C(N6CCOCC6)C=C5,CC1CCCCOC(CN(C)Cc2ccc(C(F)(F)F)cc2)C(C)CN(C(C)CO)C(=O)c2cc(NC(=O)CCN3CCOCC3)ccc2O1
AURKB,Ours,0.8,O=C1N(C=2C(N(C1CC)C3CCCC3)=NC(=NC2)NC4=C(OC)C=C(C=C4)C(=O)NC5CCN(CC5)C)C,CCCNC(=O)Nc1ccc2c(c1)C(=O)N(C)CC(OC)C(C)CN(C(=O)c1ccccn1)C(C)CO2
AURKB,Ours,0.8,O=C1N(C=2C(N(C1CC)C3CCCC3)=NC(=NC2)NC4=C(OC)C=C(C=C4)C(=O)NC5CCN(CC5)C)C,CCCNC(=O)Nc1ccc2c(c1)C(=O)N(C)CC(OC)C(C)CN(C(=O)c1ccccn1)C(C)CO2
AURKB,Ours,0.8,O=C1N(C=2C(N(C1CC)C3CCCC3)=NC(=NC2)NC4=C(OC)C=C(C=C4)C(=O)NC5CCN(CC5)C)C,CCCNC(=O)Nc1ccc2c(c1)C(=O)N(C)CC(OC)C(C)CN(C(=O)c1ccccn1)C(C)CO2
AURKB,Ours,0.8,O=C1N(C=2C(N(C1CC)C3CCCC3)=NC(=NC2)NC4=C(OC)C=C(C=C4)C(=O)NC5CCN(CC5)C)C,CCCNC(=O)Nc1ccc2c(c1)C(=O)N(C)CC(OC)C(C)CN(C(=O)c1ccccn1)C(C)CO2
AURKB,Ours,0.8,O1CCN(CC1)CCCOC2=C(OC)C=C3C(N=CN=C3NC=4C=CC(NC(=O)C5=CC=CC=C5)=CC4)=C2,CC1CCCCOC(CN(C)Cc2cccnc2)C(C)CN(C(C)CO)C(=O)c2cc(NC(=O)c3cccnc3)ccc2O1
AURKB,Ours,0.8,O1CCN(CC1)CCCOC2=C(OC)C=C3C(N=CN=C3NC=4C=CC(NC(=O)C5=CC=CC=C5)=CC4)=C2,CC1CCCCOC(CN(C)Cc2cccnc2)C(C)CN(C(C)CO)C(=O)c2cc(NC(=O)c3cccnc3)ccc2O1
AURKB,Ours,0.8,C=1C=C(F)C(=C(F)C1)NC(=O)C=2C=C(C=CC2)C3=C(C=4N=C(N=CC4)NC5=CC(=C(C=C5OC)N6CCC(CC6)N7CCN(CC7)S(C)(=O)=O)CC)N8C(=N3)C=CC=C8,CC1CN(C(C)CO)S(=O)(=O)c2ccc(NC(=O)c3ccc(C(C)(C)C)cc3)cc2OC1CN(C)Cc1ccc(C(F)(F)F)cc1
AURKB,Ours,0.8,C=1C=C(F)C(=C(F)C1)NC(=O)C=2C=C(C=CC2)C3=C(C=4N=C(N=CC4)NC5=CC(=C(C=C5OC)N6CCC(CC6)N7CCN(CC7)S(C)(=O)=O)CC)N8C(=N3)C=CC=C8,CC(NC(=O)Nc1ccc2c(c1)CC(=O)N(C(C)CO)CC(C)C(CN(C)S(=O)(=O)c1ccc(F)cc1)O2)c1ccccc1
AURKB,Ours,0.8,C1=CC(=CC=2NC(=NC21)C3=C(NC(=O)NC4CCOCC4)C=NN3)CN5CCOCC5,CC(C)NC(=O)NC1CCC(CCn2cc(-c3cccc(-c4ccccc4)c3)nn2)OC1CO
AURKB,Ours,0.79,S(NC=1C=C2/C(/C(=O)NC2=CC1)=C/C3=C(C=4C(=O)CCCC4N3)CCC(N5CCOCC5)=O)(=O)(=O)C=6C=CC=CC6,CCCNC(=O)CC1CC2c3cc(NS(=O)(=O)c4ccccc4F)ccc3OC2C(CO)O1
AURKB,Ours,0.79,O=C1NC=2C(NC=3C1=CC=C(C3)C=4C=C(OC)C(OCC(O)CO)=CC4)=CC=C(C2)CCOC5=CC=C(N6CCOCC6)C=C5,CC1CCCCOC(CN(C)Cc2ccccn2)C(C)CN(C(C)CO)C(=O)c2cc(NC(=O)c3ccncc3)ccc2O1
AURKB,Ours,0.79,O=C1NC=2C(NC=3C1=CC=C(C3)C=4C=C(OC)C(OCC(O)CO)=CC4)=CC=C(C2)CCOC5=CC=C(N6CCOCC6)C=C5,CC1CCCCOC(CN(C)Cc2ccccn2)C(C)CN(C(C)CO)C(=O)c2cc(NC(=O)c3ccncc3)ccc2O1
AURKB,Ours,0.79,O=C1NC=2C(NC=3C1=CC=C(C3)C=4C=C(OC)C(OCC(O)CO)=CC4)=CC=C(C2)CCOC5=CC=C(N6CCOCC6)C=C5,CC1CCCCOC(CN(C)Cc2ccccn2)C(C)CN(C(C)CO)C(=O)c2cc(NC(=O)c3ccncc3)ccc2O1
AURKB,Ours,0.79,O=C1NC=2C(NC=3C1=CC=C(C3)C=4C=C(OC)C(OCC(O)CO)=CC4)=CC=C(C2)CCOC5=CC=C(N6CCOCC6)C=C5,CC1CCCCOC(CN(C)Cc2ccccn2)C(C)CN(C(C)CO)C(=O)c2cc(NC(=O)c3ccncc3)ccc2O1
AURKB,Ours,0.79,O=C1NC=2C(NC=3C1=CC=C(C3)C=4C=C(OC)C(OCC(O)CO)=CC4)=CC=C(C2)CCOC5=CC=C(N6CCOCC6)C=C5,CC1CCCCOC(CN(C)Cc2ccccn2)C(C)CN(C(C)CO)C(=O)c2cc(NC(=O)c3ccncc3)ccc2O1
AURKB,Ours,0.79,O=C1NC=2C(NC=3C1=CC=C(C3)C=4C=C(OC)C(OCC(O)CO)=CC4)=CC=C(C2)CCOC5=CC=C(N6CCOCC6)C=C5,CC1CCCCOC(CN(C)Cc2cccc(C(F)(F)F)c2)C(C)CN(C(C)CO)C(=O)c2cc(NC(=O)CCN3CCOCC3)ccc2O1
AURKB,Ours,0.79,O=C1NC=2C(NC=3C1=CC=C(C3)C=4C=C(OC)C(OCC(O)CO)=CC4)=CC=C(C2)CCOC5=CC=C(N6CCOCC6)C=C5,CC1CCCCOC(CN(C)Cc2cccc(C(F)(F)F)c2)C(C)CN(C(C)CO)C(=O)c2cc(NC(=O)CCN3CCOCC3)ccc2O1
AURKB,Ours,0.79,O=C1NC=2C(NC=3C1=CC=C(C3)C=4C=C(OC)C(OCC(O)CO)=CC4)=CC=C(C2)CCOC5=CC=C(N6CCOCC6)C=C5,CC(C)(C)NCc1ccc(OC2CCNC2C(=O)Nc2ccc(C(=O)Nc3ccccc3C(=O)NCCCN3CCOCC3)cc2)cc1
AURKB,Ours,0.79,O=C1NC=2C(NC=3C1=CC=C(C3)C=4C=C(OC)C(OCC(O)CO)=CC4)=CC=C(C2)CCOC5=CC=C(N6CCOCC6)C=C5,CC(C)(C)NCc1ccc(OC2CCNC2C(=O)Nc2ccc(C(=O)Nc3ccccc3C(=O)NCCCN3CCOCC3)cc2)cc1
AURKB,Ours,0.79,O=C1NC=2C(C1=CC=3C=4C(NC3)=CC=C(OC)C4)=CC=CC2,CCC=CC=C1C(=O)Nc2ccc(OC)cc21
AURKB,Ours,0.79,O=C1NC=2C(C1=CC=3C=4C(NC3)=CC=C(OC)C4)=CC=CC2,CCC=CC=C1C(=O)Nc2ccc(OC)cc21
AURKB,Ours,0.79,O=C1N(C=2C(N(C1CC)C3CCCC3)=NC(=NC2)NC4=C(OC)C=C(C=C4)C(=O)NC5CCN(CC5)C)C,CCCCCC(=O)Nc1ccc2c(c1)C(=O)N(C)CC(OC)C(C)CN(C(=O)c1cccnc1)C(C)CO2
AURKB,Ours,0.79,O1CCN(CC1)CCCOC2=C(OC)C=C3C(N=CN=C3NC=4C=CC(NC(=O)C5=CC=CC=C5)=CC4)=C2,COc1ccccc1NC(=O)Nc1ccc2c(c1)C(=O)N(C)C1CCC(CC(=O)NCCc3ccccc3)OC1CO2
AURKB,Ours,0.79,O1CCN(CC1)CCCOC2=C(OC)C=C3C(N=CN=C3NC=4C=CC(NC(=O)C5=CC=CC=C5)=CC4)=C2,CC1CCCCOC(CN(C)Cc2ccncc2)C(C)CN(C(C)CO)C(=O)c2cc(NC(=O)c3ccncc3)ccc2O1
AURKB,Ours,0.79,O1CCN(CC1)CCCOC2=C(OC)C=C3C(N=CN=C3NC=4C=CC(NC(=O)C5=CC=CC=C5)=CC4)=C2,CC1CCCCOC(CN(C)Cc2ccncc2)C(C)CN(C(C)CO)C(=O)c2cc(NC(=O)c3ccncc3)ccc2O1
AURKB,Ours,0.79,N1(CCCOC2=CC3=NC=CC(=C3C=C2OC)OC4=CC=C(C=C4F)NC(C5(C(N=C6CC=C(CC6)F)=O)CC5)=O)CCOCC1,CC1CCCCOC(CN(C)C(=O)CCC(F)(F)F)C(C)CN(C(C)CO)C(=O)c2cc(N(C)C)ccc2O1
AURKB,Ours,0.79,FC1=CC=2/C(/C(=O)NC2C=C1)=C/C=3NC(=C(C3C)C(=O)NC[C@H](O)CN4CCOCC4)C,CC1CN(C(C)CO)C(=O)c2cc(NC(=O)CCN3CCOCC3)ccc2OC1CN(C)Cc1ccc(C(F)(F)F)cc1
AURKB,Ours,0.79,FC1=CC=2/C(/C(=O)NC2C=C1)=C/C=3NC(=C(C3C)C(=O)NC[C@H](O)CN4CCOCC4)C,CC1CN(C(C)CO)C(=O)c2cc(NC(=O)CCC(F)(F)F)ccc2OC1CN(C)C(=O)c1ccc2c(c1)OCO2
AURKB,Ours,0.79,CCN1C(=NC=2C=NC(OC=3C=CC=C(NC(=O)C=4C=CC(OCCN5CCOCC5)=CC4)C3)=CC12)C6=NON=C6N,Cc1cc(C(=O)Nc2ccc3c(c2)C(=O)N(C)C2CCC(CC(=O)NC4CCN(Cc5ccccc5)C4)OC2CO3)no1
AURKB,Ours,0.79,C=1C=C(F)C(=C(F)C1)NC(=O)C=2C=C(C=CC2)C3=C(C=4N=C(N=CC4)NC5=CC(=C(C=C5OC)N6CCC(CC6)N7CCN(CC7)S(C)(=O)=O)CC)N8C(=N3)C=CC=C8,Cc1cccc(S(=O)(=O)N(C)CC2OCCCCC(C)Oc3ccc(NC(=O)Nc4c(C)noc4C)cc3C(=O)N(C(C)CO)CC2C)c1
AURKB,Ours,0.79,C=1C=C(F)C(=C(F)C1)NC(=O)C=2C=C(C=CC2)C3=C(C=4N=C(N=CC4)NC5=CC(=C(C=C5OC)N6CCC(CC6)N7CCN(CC7)S(C)(=O)=O)CC)N8C(=N3)C=CC=C8,Cc1cccc(S(=O)(=O)N(C)CC2OCCCCC(C)Oc3ccc(NC(=O)Nc4c(C)noc4C)cc3C(=O)N(C(C)CO)CC2C)c1
AURKB,Ours,0.79,C=1C=C(F)C(=C(F)C1)NC(=O)C=2C=C(C=CC2)C3=C(C=4N=C(N=CC4)NC5=CC(=C(C=C5OC)N6CCC(CC6)N7CCN(CC7)S(C)(=O)=O)CC)N8C(=N3)C=CC=C8,Cc1cccc(S(=O)(=O)N(C)CC2OCCCCC(C)Oc3ccc(NC(=O)Nc4c(C)noc4C)cc3C(=O)N(C(C)CO)CC2C)c1
AURKB,Ours,0.79,C=1C=C(F)C(=C(F)C1)NC(=O)C=2C=C(C=CC2)C3=C(C=4N=C(N=CC4)NC5=CC(=C(C=C5OC)N6CCC(CC6)N7CCN(CC7)S(C)(=O)=O)CC)N8C(=N3)C=CC=C8,COC1CN(C)C(=O)c2cc(NS(=O)(=O)c3ccc(Cl)cc3)ccc2OCC(C)N(CCC(F)(F)F)CC1C
AURKB,Ours,0.79,C=1C=C(F)C(=C(F)C1)NC(=O)C=2C=C(C=CC2)C3=C(C=4N=C(N=CC4)NC5=CC(=C(C=C5OC)N6CCC(CC6)N7CCN(CC7)S(C)(=O)=O)CC)N8C(=N3)C=CC=C8,COC1CN(C)C(=O)c2cc(NS(=O)(=O)c3ccc(Cl)cc3)ccc2OCC(C)N(CCC(F)(F)F)CC1C
AURKB,Ours,0.79,C=1C=C(F)C(=C(F)C1)NC(=O)C=2C=C(C=CC2)C3=C(C=4N=C(N=CC4)NC5=CC(=C(C=C5OC)N6CCC(CC6)N7CCN(CC7)S(C)(=O)=O)CC)N8C(=N3)C=CC=C8,COC1CN(C)C(=O)c2cc(NS(=O)(=O)c3ccc(Cl)cc3)ccc2OCC(C)N(CCC(F)(F)F)CC1C
AURKB,Ours,0.79,C=1C=C(F)C(=C(F)C1)NC(=O)C=2C=C(C=CC2)C3=C(C=4N=C(N=CC4)NC5=CC(=C(C=C5OC)N6CCC(CC6)N7CCN(CC7)S(C)(=O)=O)CC)N8C(=N3)C=CC=C8,CC1CN(C(C)CO)S(=O)(=O)c2ccc(C#CCN(C)C)cc2OC1CN(C)C(=O)Nc1ccc(F)cc1
AURKB,Ours,0.79,C=1C(C=2N=C(N=CC2)NCC(CN(C)C)(C)C)=C(OC3=C4C(=C(C=C3)NC=5NC6=C(N5)C=CC=C6)C=CC=C4)N=CC1,CCN(CC)c1ccc2c(c1)CC(C)(C)O2
AURKB,Ours,0.79,C=12C(NC=3NN=C(C3)CC(NC=4C=C(F)C=CC4)=O)=NC=NC1C=C(C(=C2)OC)OCCCN(CCO)C,CC1CCCCOC(CN(C)Cc2ccc(C(F)(F)F)cc2)C(C)CN(C(C)CO)C(=O)c2cc(NC(=O)Nc3ccc(C(F)(F)F)cc3)ccc2O1
AURKB,Ours,0.78,O=C1NC=2C(NC=3C1=CC=C(C3)C=4C=C(OC)C(OCC(O)CO)=CC4)=CC=C(C2)CCOC5=CC=C(N6CCOCC6)C=C5,CN(C)CCCNC(=O)CC1CC2c3cc(NC(=O)c4ccc5c(c4)OCO5)ccc3OC2C(CO)O1
AURKB,Ours,0.78,O=C1NC=2C(NC=3C1=CC=C(C3)C=4C=C(OC)C(OCC(O)CO)=CC4)=CC=C(C2)CCOC5=CC=C(N6CCOCC6)C=C5,CC1CCCCOC(CN(C)Cc2cccc(C(F)(F)F)c2)C(C)CN(C(C)CO)C(=O)c2cc(NC(=O)CCN3CCOCC3)ccc2O1
AURKB,Ours,0.78,O=C1NC=2C(NC=3C1=CC=C(C3)C=4C=C(OC)C(OCC(O)CO)=CC4)=CC=C(C2)CCOC5=CC=C(N6CCOCC6)C=C5,CC1CCCCOC(CN(C)Cc2cccc(C(F)(F)F)c2)C(C)CN(C(C)CO)C(=O)c2cc(NC(=O)CCN3CCOCC3)ccc2O1
AURKB,Ours,0.78,O=C1NC=2C(NC=3C1=CC=C(C3)C=4C=C(OC)C(OCC(O)CO)=CC4)=CC=C(C2)CCOC5=CC=C(N6CCOCC6)C=C5,CC1CCCCOC(CN(C)Cc2ccc(C(F)(F)F)cc2)C(C)CN(C(C)CO)C(=O)c2cc(NC(=O)CCN3CCOCC3)ccc2O1
AURKB,Ours,0.78,O=C1NC=2C(NC=3C1=CC=C(C3)C=4C=C(OC)C(OCC(O)CO)=CC4)=CC=C(C2)CCOC5=CC=C(N6CCOCC6)C=C5,CC1CCCCOC(CN(C)Cc2ccc(C(F)(F)F)cc2)C(C)CN(C(C)CO)C(=O)c2cc(NC(=O)CCN3CCOCC3)ccc2O1
AURKB,Ours,0.78,O=C1NC=2C(NC=3C1=CC=C(C3)C=4C=C(OC)C(OCC(O)CO)=CC4)=CC=C(C2)CCOC5=CC=C(N6CCOCC6)C=C5,CC1CCCCOC(CN(C)Cc2ccc(C(F)(F)F)cc2)C(C)CN(C(C)CO)C(=O)c2cc(NC(=O)CCN3CCOCC3)ccc2O1
AURKB,Ours,0.78,O=C1NC=2C(NC=3C1=CC=C(C3)C=4C=C(OC)C(OCC(O)CO)=CC4)=CC=C(C2)CCOC5=CC=C(N6CCOCC6)C=C5,CC1CCCCOC(CN(C)Cc2ccc(C(F)(F)F)cc2)C(C)CN(C(C)CO)C(=O)c2cc(NC(=O)CCN3CCOCC3)ccc2O1
AURKB,Ours,0.78,O=C1NC=2C(NC=3C1=CC=C(C3)C=4C=C(OC)C(OCC(O)CO)=CC4)=CC=C(C2)CCOC5=CC=C(N6CCOCC6)C=C5,CC1CCCCOC(CN(C)Cc2ccc(C(F)(F)F)cc2)C(C)CN(C(C)CO)C(=O)c2cc(NC(=O)CCN3CCOCC3)ccc2O1
AURKB,Ours,0.78,O=C1N(C=2C(N(C1CC)C3CCCC3)=NC(=NC2)NC4=C(OC)C=C(C=C4)C(=O)NC5CCN(CC5)C)C,CCCNC(=O)N1CC(C)C(OC)CN(C)C(=O)c2cc(NC(=O)Cc3ccccc3)ccc2OCC1C
AURKB,Ours,0.78,O=C1N(C=2C(N(C1CC)C3CCCC3)=NC(=NC2)NC4=C(OC)C=C(C=C4)C(=O)NC5CCN(CC5)C)C,CCCNC(=O)N1CC(C)C(OC)CN(C)C(=O)c2cc(NC(=O)Cc3ccccc3)ccc2OCC1C
AURKB,Ours,0.78,O1CCN(CC1)CCNC(=O)C(OC2=CC=3C=4C=5N(C3C=C2)C(=O)C6=C(C5N=CC4)C=CC=C6)C,CC1CN(C(C)CO)C(=O)c2c(c3ccccc3n2C)-c2ccccc2COC1CN(C)CC1CCOCC1
AURKB,Ours,0.78,FC1=CC=2/C(/C(=O)NC2C=C1)=C/C=3NC(=C(C3C)C(=O)NC[C@H](O)CN4CCOCC4)C,CN(C)C(=O)CC1C=CC(NC(=O)c2ccc(F)cc2)C(CO)O1
AURKB,Ours,0.78,FC1=C(N=C2N=CC(=C(O)C2=C1C)C(=O)O)N3CC(NC(=O)C)CC3,CN1C2Cn3c(ccc(-c4ccc(F)cc4)c3=O)C1C(C(=O)NCCc1ccccc1)C2CO
AURKB,Ours,0.78,C=1C(=CN(C)N1)C2=CC=NC=3NC(=CC23)C4=CC=CC(=C4)CN(C)C,Cc1cc(C)n2nc(-c3ccc(CC(C)C)cc3)cc2n1
AURKB,Ours,0.78,C=1C(=CN(C)N1)C2=CC=NC=3NC(=CC23)C4=CC=CC(=C4)CN(C)C,Cc1cc(C)n2nc(-c3ccc(CC(C)C)cc3)cc2n1
AURKB,Ours,0.78,C=1(C(N(C)C(=C(C1)C=2C=CC(OC(F)(F)F)=CC2)COC(C=3N(C=NC3)C)C=4C=CC(C#N)=CC4)=O)C#N,CC1CN(C(C)CO)C(=O)c2c(c3ccccc3n2C)-c2ccccc2COC1CN(C)Cc1ccc(C(F)(F)F)cc1
AURKB,Ours,0.77,O=C1NC=2C(NC=3C1=CC=C(C3)C=4C=C(OC)C(OCC(O)CO)=CC4)=CC=C(C2)CCOC5=CC=C(N6CCOCC6)C=C5,CC1CN(C(C)CO)C(=O)c2cc(NC(=O)NC3CCCCC3)ccc2OC1CN(C)Cc1ccc(C(=O)Nc2ccc(N)cc2)cc1
AURKB,Ours,0.77,C=1(C=C2C(=NC=NC2=CC1OCCCN3CCCCC3)N4CCN(CC4)C(NC=5C=CC(=CC5)OC(C)C)=O)OC,COc1ccc(NC(=O)N(C)CC2Oc3ncc(C#CCN(C)C)cc3C(=O)N(C(C)CO)CC2C)cc1
AURKB,Ours,0.76,N=1C=C2C=C(N(C2=NC1NC=3C=C(N(C3)C)C(N4CCN(CC4)C)=O)C5CCCC5)C(O)=O,CC(NC(=O)c1cc2c(c(-c3cccc(-c4cccnc4)c3)n1)CN(C(=O)c1ccccn1)CC2)C(=O)O
AURKB,Ours,0.76,CC1(C)N2C3=C(C=C2C(=O)NC1)C=CC(C(NC=4N=C(N(C4)C)C(NC5CCCC5)=O)=O)=C3,CC(C)(C)c1ccc(C(=O)NC2CN(Cc3ccccc3)CC2C(=O)NCc2ccccc2)cc1
AURKB,Ours,0.76,C1CCOC=2N=C(NC(NC=3C=C(C(=CC3OCC1)CCCO)Cl)=O)C=NC2C#N,CC(C)NC(=O)NC1CCC(CCNC(=O)C2CCCCC2)OC1CO
AURKB,Ours,0.75,O=C1NC=2C(NC=3C1=CC=C(C3)C=4C=C(OC)C(OCC(O)CO)=CC4)=CC=C(C2)CCOC5=CC=C(N6CCOCC6)C=C5,CC1CCCCOC(CN(C)C(=O)NC2CCCCC2)C(C)CN(C(C)CO)C(=O)c2cc(N(C)C)ccc2O1
CTSK,Cosine Search,0.59,C(C(=O)NCC#N)(C1=CC(C=2C=C3C=CNC3=CC2)=CC=C1)CC(C)C,CNC(=O)CCc1cc2ccccc2[nH]1
CTSK,Cosine Search,0.55,C1=C2C(=C3OC(CC(C3=C1O)=O)C=4C=CC(=CC4)O)C=CC(O2)(C)CCC=C(C)C,OCC1OC(Oc2cc(O)c3c(=O)c(coc3c2)c4ccc(O)cc4)C(O)C(O)C1O
CTSK,Cosine Search,0.6,C1=CC=C(C(N[C@H](C(N[C@@H]2C(=O)CN([C@@H](CC2)C)S(=O)(=O)C=3N=CC=CC3)=O)CCC4CCCC4)=O)O1,Nn1c(=O)c(Cc2ccco2)n[nH]c1=S
CTSK,Cosine Search,0.51,N(C1=NC(=NC(=N1)C#N)NC(C)C)C2=CC=CC=C2,Cc1ccc(cc1)C(=O)/N=c2/cccc[nH]2
CTSK,Cosine Search,0.6,C1=CC=C(C(N[C@H](C(N[C@@H]2C(=O)CN([C@@H](CC2)C)S(=O)(=O)C=3N=CC=CC3)=O)CCC4CCCC4)=O)O1,Nn1c(=O)c(Cc2ccco2)n[nH]c1=S
CTSK,Cosine Search,0.6,C1=CC=C(C(N[C@H](C(N[C@@H]2C(=O)CN([C@@H](CC2)C)S(=O)(=O)C=3N=CC=CC3)=O)CCC4CCCC4)=O)O1,Nn1c(=O)c(Cc2ccco2)n[nH]c1=S
CTSK,Cosine Search,0.6,C1=CC=C(C(N[C@H](C(N[C@@H]2C(=O)CN([C@@H](CC2)C)S(=O)(=O)C=3N=CC=CC3)=O)CCC4CCCC4)=O)O1,Nn1c(=O)c(Cc2ccco2)n[nH]c1=S
CTSK,Cosine Search,0.6,C1=CC=C(C(N[C@H](C(N[C@@H]2C(=O)CN([C@@H](CC2)C)S(=O)(=O)C=3N=CC=CC3)=O)CCC4CCCC4)=O)O1,Nn1c(=O)c(Cc2ccco2)n[nH]c1=S
CTSK,Cosine Search,0.6,C1=CC=C(C(N[C@H](C(N[C@@H]2C(=O)CN([C@@H](CC2)C)S(=O)(=O)C=3N=CC=CC3)=O)CCC4CCCC4)=O)O1,Nn1c(=O)c(Cc2ccco2)n[nH]c1=S
CTSK,Cosine Search,0.59,C(C(=O)NCC#N)(C1=CC(C=2C=C3C=CNC3=CC2)=CC=C1)CC(C)C,CNC(=O)CCc1cc2ccccc2[nH]1
CTSK,Cosine Search,0.6,C1=CC=C(C(N[C@H](C(N[C@@H]2C(=O)CN([C@@H](CC2)C)S(=O)(=O)C=3N=CC=CC3)=O)CCC4CCCC4)=O)O1,Nn1c(=O)c(Cc2ccco2)n[nH]c1=S
CTSK,Cosine Search,0.6,C1=CC=C(C(N[C@H](C(N[C@@H]2C(=O)CN([C@@H](CC2)C)S(=O)(=O)C=3N=CC=CC3)=O)CCC4CCCC4)=O)O1,Nn1c(=O)c(Cc2ccco2)n[nH]c1=S
CTSK,Cosine Search,0.51,N(C1=NC(=NC(=N1)C#N)NC(C)C)C2=CC=CC=C2,Cc1ccc(cc1)C(=O)/N=c2/cccc[nH]2
CTSK,Cosine Search,0.59,C(C(=O)NCC#N)(C1=CC(C=2C=C3C=CNC3=CC2)=CC=C1)CC(C)C,CNC(=O)CCc1cc2ccccc2[nH]1
CTSK,Cosine Search,0.6,C1=CC=C(C(N[C@H](C(N[C@@H]2C(=O)CN([C@@H](CC2)C)S(=O)(=O)C=3N=CC=CC3)=O)CCC4CCCC4)=O)O1,Nn1c(=O)c(Cc2ccco2)n[nH]c1=S
CTSK,Cosine Search,0.6,C1=CC=C(C(N[C@H](C(N[C@@H]2C(=O)CN([C@@H](CC2)C)S(=O)(=O)C=3N=CC=CC3)=O)CCC4CCCC4)=O)O1,Nn1c(=O)c(Cc2ccco2)n[nH]c1=S
CTSK,Cosine Search,0.6,C1=CC=C(C(N[C@H](C(N[C@@H]2C(=O)CN([C@@H](CC2)C)S(=O)(=O)C=3N=CC=CC3)=O)CCC4CCCC4)=O)O1,Nn1c(=O)c(Cc2ccco2)n[nH]c1=S
CTSK,Cosine Search,0.71,O1CCN(CC1)C(=O)C[C@H](C(N[C@@H](CNC2=CC=C(C=C2)OC(F)(F)F)CC=S(=C)(O)O)=O)CC3CCCCC3,OC[C@@H]1O[C@H](CC(=O)NCCCN2CCOCC2)C=C[C@@H]1NS(=O)(=O)c1ccccc1F
CTSK,Cosine Search,0.51,N(C1=NC(=NC(=N1)C#N)NC(C)C)C2=CC=CC=C2,Cc1ccc(cc1)C(=O)/N=c2/cccc[nH]2
CTSK,Cosine Search,0.59,C(C(=O)NCC#N)(C1=CC(C=2C=C3C=CNC3=CC2)=CC=C1)CC(C)C,CNC(=O)CCc1cc2ccccc2[nH]1
CTSK,Cosine Search,0.6,C1=CC=C(C(N[C@H](C(N[C@@H]2C(=O)CN([C@@H](CC2)C)S(=O)(=O)C=3N=CC=CC3)=O)CCC4CCCC4)=O)O1,Nn1c(=O)c(Cc2ccco2)n[nH]c1=S
CTSK,Cosine Search,0.59,C(C(=O)NCC#N)(C1=CC(C=2C=C3C=CNC3=CC2)=CC=C1)CC(C)C,CNC(=O)CCc1cc2ccccc2[nH]1
CTSK,Cosine Search,0.52,O=C(NCCC1=CC(OC)=CC=C1)C=2C(NCC(C)(C)C)=NC(=NC2)C#N,CC=C1/[C@H]2Cc3[nH]c(=O)ccc3[C@]1(N)CC(C)=C2
CTSK,Cosine Search,0.62,C(N[C@H](C(=O)NCCNC1=CC=C(OC2CCOCC2)C=C1)CC(C)C)(=O)OCC=3C=CC=CC3,CO[C@H]1O[C@H](CO)[C@@H](OC(=O)Nc2ccc(Oc3ccccc3)cc2)[C@H](OC(=O)Nc4ccccc4c5ccccc5)[C@H]1OC(=O)Nc6ccccc6c7ccccc7
CTSK,Cosine Search,0.59,C(C(=O)NCC#N)(C1=CC(C=2C=C3C=CNC3=CC2)=CC=C1)CC(C)C,CNC(=O)CCc1cc2ccccc2[nH]1
CTSK,Cosine Search,0.59,C(C(=O)NCC#N)(C1=CC(C=2C=C3C=CNC3=CC2)=CC=C1)CC(C)C,CNC(=O)CCc1cc2ccccc2[nH]1
CTSK,Cosine Search,0.6,C1=CC=C(C(N[C@H](C(N[C@@H]2C(=O)CN([C@@H](CC2)C)S(=O)(=O)C=3N=CC=CC3)=O)CCC4CCCC4)=O)O1,Nn1c(=O)c(Cc2ccco2)n[nH]c1=S
CTSK,Cosine Search,0.6,C1=CC=C(C(N[C@H](C(N[C@@H]2C(=O)CN([C@@H](CC2)C)S(=O)(=O)C=3N=CC=CC3)=O)CCC4CCCC4)=O)O1,Nn1c(=O)c(Cc2ccco2)n[nH]c1=S
CTSK,Cosine Search,0.6,C1=CC=C(C(N[C@H](C(N[C@@H]2C(=O)CN([C@@H](CC2)C)S(=O)(=O)C=3N=CC=CC3)=O)CCC4CCCC4)=O)O1,Nn1c(=O)c(Cc2ccco2)n[nH]c1=S
CTSK,Cosine Search,0.51,N(C1=NC(=NC(=N1)C#N)NC(C)C)C2=CC=CC=C2,Cc1ccc(cc1)C(=O)/N=c2/cccc[nH]2
CTSK,Cosine Search,0.6,C1=CC=C(C(N[C@H](C(N[C@@H]2C(=O)CN([C@@H](CC2)C)S(=O)(=O)C=3N=CC=CC3)=O)CCC4CCCC4)=O)O1,Nn1c(=O)c(Cc2ccco2)n[nH]c1=S
CTSK,Cosine Search,0.6,C1=CC=C(C(N[C@H](C(N[C@@H]2C(=O)CN([C@@H](CC2)C)S(=O)(=O)C=3N=CC=CC3)=O)CCC4CCCC4)=O)O1,Nn1c(=O)c(Cc2ccco2)n[nH]c1=S
CTSK,Cosine Search,0.59,C(C(=O)NCC#N)(C1=CC(C=2C=C3C=CNC3=CC2)=CC=C1)CC(C)C,CNC(=O)CCc1cc2ccccc2[nH]1
CTSK,Cosine Search,0.76,C(N[C@H](C(=O)NCCNC1=CC=C(OC2CCN(CC2)C)C=C1)CC(C)C)(=O)OCC3=CC=CC=C3,C[C@H](CO)N1C[C@H](C)[C@H](CN(C)Cc2ccc(cc2)C(=O)Nc3ccccc3N)Oc4ccc(cc4CC1=O)N(C)C
CTSK,Cosine Search,0.6,C1=CC=C(C(N[C@H](C(N[C@@H]2C(=O)CN([C@@H](CC2)C)S(=O)(=O)C=3N=CC=CC3)=O)CCC4CCCC4)=O)O1,Nn1c(=O)c(Cc2ccco2)n[nH]c1=S
CTSK,Cosine Search,0.76,FC(F)(F)C1=C(OCCC2CCN(CC2)C(=O)C)C=CC(=C1)C=3N=C(C=4N=CN(C4C3)C)C#N,C[C@@H](CO)N1C[C@H](C)[C@@H](CN(C)C(=O)CCC(F)(F)F)OCc2ccccc2-c3c(C1=O)n(C)c4ccccc34
CTSK,Cosine Search,0.6,C1=CC=C(C(N[C@H](C(N[C@@H]2C(=O)CN([C@@H](CC2)C)S(=O)(=O)C=3N=CC=CC3)=O)CCC4CCCC4)=O)O1,Nn1c(=O)c(Cc2ccco2)n[nH]c1=S
CTSK,Cosine Search,0.6,C1=CC=C(C(N[C@H](C(N[C@@H]2C(=O)CN([C@@H](CC2)C)S(=O)(=O)C=3N=CC=CC3)=O)CCC4CCCC4)=O)O1,Nn1c(=O)c(Cc2ccco2)n[nH]c1=S
CTSK,Cosine Search,0.74,N1(C([C@@H](N(C(OCC=2C=CC=CC2)=O)C)CC(C)C)=O)CC(=O)C(C1)NC([C@@H](NC(=O)OCC3=CC=CC=C3)CC(C)C)=O,CC(C)[C@H](C)NC(=O)N(C)C[C@@H]1OCc2ccccc2-c3ccccc3C(=O)N(C[C@H]1C)[C@@H](C)CO
CTSK,Cosine Search,0.59,C(C(=O)NCC#N)(C1=CC(C=2C=C3C=CNC3=CC2)=CC=C1)CC(C)C,CNC(=O)CCc1cc2ccccc2[nH]1
CTSK,Cosine Search,0.6,C1=CC=C(C(N[C@H](C(N[C@@H]2C(=O)CN([C@@H](CC2)C)S(=O)(=O)C=3N=CC=CC3)=O)CCC4CCCC4)=O)O1,Nn1c(=O)c(Cc2ccco2)n[nH]c1=S
CTSK,Cosine Search,0.72,S(=O)(=O)(N1CCC(CC1)CCOC2=C(C=C(C=C2)C=3N=C(C=4N=CN(C4C3)C)C#N)C(F)(F)F)C,Fc1cccc(F)c1S(=O)(=O)N2CCN(CC2)C(=O)c3ccc4OCCOc4c3
CTSK,Cosine Search,0.59,C(C(=O)NCC#N)(C1=CC(C=2C=C3C=CNC3=CC2)=CC=C1)CC(C)C,CNC(=O)CCc1cc2ccccc2[nH]1
CTSK,Cosine Search,0.6,C1=CC=C(C(N[C@H](C(N[C@@H]2C(=O)CN([C@@H](CC2)C)S(=O)(=O)C=3N=CC=CC3)=O)CCC4CCCC4)=O)O1,Nn1c(=O)c(Cc2ccco2)n[nH]c1=S
CTSK,Cosine Search,0.6,C1=CC=C(C(N[C@H](C(N[C@@H]2C(=O)CN([C@@H](CC2)C)S(=O)(=O)C=3N=CC=CC3)=O)CCC4CCCC4)=O)O1,Nn1c(=O)c(Cc2ccco2)n[nH]c1=S
CTSK,Cosine Search,0.73,C(NC1C(=O)COCC1)([C@@H](NC(C2=CC=3C=CC=CC3C=C2)=O)CC(C)C)=O,O[C@H]1CN[C@@H]2CC[C@@H](CC(=O)NC3Cc4ccccc4C3)O[C@H]2COC1
CTSK,Cosine Search,0.72,S(=O)(=O)(NC=1C=CC(C(=O)N[C@@H](CC2(CCCC2)C)C(=O)N[C@H]3[C@@H](OCC3=O)CC)=CC1)C=4N(C=CN4)C,C[C@@H](CO)N1C[C@@H](C)[C@H](CN(C)C(=O)Nc2cccc3ccccc23)Oc4ccc(NS(=O)(=O)C)cc4C1=O
CTSK,Cosine Search,0.6,C1=CC=C(C(N[C@H](C(N[C@@H]2C(=O)CN([C@@H](CC2)C)S(=O)(=O)C=3N=CC=CC3)=O)CCC4CCCC4)=O)O1,Nn1c(=O)c(Cc2ccco2)n[nH]c1=S
CTSK,Cosine Search,0.6,C1=CC=C(C(N[C@H](C(N[C@@H]2C(=O)CN([C@@H](CC2)C)S(=O)(=O)C=3N=CC=CC3)=O)CCC4CCCC4)=O)O1,Nn1c(=O)c(Cc2ccco2)n[nH]c1=S
CTSK,Cosine Search,0.51,N(C1=NC(=NC(=N1)C#N)NC(C)C)C2=CC=CC=C2,Cc1ccc(cc1)C(=O)/N=c2/cccc[nH]2
CTSK,Cosine Search,0.59,C(C(=O)NCC#N)(C1=CC(C=2C=C3C=CNC3=CC2)=CC=C1)CC(C)C,CNC(=O)CCc1cc2ccccc2[nH]1
CTSK,Cosine Search,0.6,C1=CC=C(C(N[C@H](C(N[C@@H]2C(=O)CN([C@@H](CC2)C)S(=O)(=O)C=3N=CC=CC3)=O)CCC4CCCC4)=O)O1,Nn1c(=O)c(Cc2ccco2)n[nH]c1=S
CTSK,Cosine Search,0.5,C1=C2C(=C3OC(CC(C3=C1O)=O)C=4C=CC(=CC4)O)C=CC(O2)(C)CCC=C(C)C,OC(=O)c1ccc2cc(ccc2c1)-c1ccc(O)c(c1)C12CC3CC(CC(C3)C1)C2
CTSK,Cosine Search,0.71,O1CCN(CC1)C(=O)C[C@H](C(N[C@@H](CNC2=CC=C(C=C2)OC(F)(F)F)CC=S(=C)(O)O)=O)CC3CCCCC3,OC[C@@H]1O[C@H](CC(=O)NCCCN2CCOCC2)C=C[C@@H]1NS(=O)(=O)c1ccccc1F
CTSK,Cosine Search,0.59,C(C(=O)NCC#N)(C1=CC(C=2C=C3C=CNC3=CC2)=CC=C1)CC(C)C,CNC(=O)CCc1cc2ccccc2[nH]1
CTSK,Cosine Search,0.6,C1=CC=C(C(N[C@H](C(N[C@@H]2C(=O)CN([C@@H](CC2)C)S(=O)(=O)C=3N=CC=CC3)=O)CCC4CCCC4)=O)O1,Nn1c(=O)c(Cc2ccco2)n[nH]c1=S
CTSK,Cosine Search,0.51,N(C1=NC(=NC(=N1)C#N)NC(C)C)C2=CC=CC=C2,Cc1ccc(cc1)C(=O)/N=c2/cccc[nH]2
CTSK,Cosine Search,0.6,C1=CC=C(C(N[C@H](C(N[C@@H]2C(=O)CN([C@@H](CC2)C)S(=O)(=O)C=3N=CC=CC3)=O)CCC4CCCC4)=O)O1,Nn1c(=O)c(Cc2ccco2)n[nH]c1=S
CTSK,Cosine Search,0.51,N(C1=NC(=NC(=N1)C#N)NC(C)C)C2=CC=CC=C2,Cc1ccc(cc1)C(=O)/N=c2/cccc[nH]2
CTSK,Cosine Search,0.6,C1=CC=C(C(N[C@H](C(N[C@@H]2C(=O)CN([C@@H](CC2)C)S(=O)(=O)C=3N=CC=CC3)=O)CCC4CCCC4)=O)O1,Nn1c(=O)c(Cc2ccco2)n[nH]c1=S
CTSK,Cosine Search,0.62,N=1C(C(N[C@H](C(NC2C(=O)COC2)=O)CC(C)C)=O)=CC=C3C1C=CC=C3,CC(C)C(=O)NC(c1ccco1)c2ccc3cccnc3c2O
CTSK,Cosine Search,0.72,N1([C@H](C(N[C@H](/C=C/C2=CC=CC=C2)[C@H](CC)C)=O)CCCC1)CC(C3=CC=4OCOC4C=C3)=O,OC[C@H]1O[C@@H](CC(=O)N2CCc3ccccc3C2)C=C[C@@H]1NC(=O)C1CC1
CTSK,Cosine Search,0.51,N(C1=NC(=NC(=N1)C#N)NC(C)C)C2=CC=CC=C2,Cc1ccc(cc1)C(=O)/N=c2/cccc[nH]2
CTSK,Cosine Search,0.71,O1CCN(CC1)C(=O)C[C@H](C(N[C@@H](CNC2=CC=C(C=C2)OC(F)(F)F)CC=S(=C)(O)O)=O)CC3CCCCC3,OC[C@@H]1O[C@H](CC(=O)NCCCN2CCOCC2)C=C[C@@H]1NS(=O)(=O)c1ccccc1F
CTSK,Cosine Search,0.71,O1CCN(CC1)C(=O)C[C@H](C(N[C@@H](CNC2=CC=C(C=C2)OC(F)(F)F)CC=S(=C)(O)O)=O)CC3CCCCC3,OC[C@@H]1O[C@H](CC(=O)NCCCN2CCOCC2)C=C[C@@H]1NS(=O)(=O)c1ccccc1F
CTSK,Cosine Search,0.76,FC(F)(F)C1=C(OCCC2CCN(CC2)C(=O)C)C=CC(=C1)C=3N=C(C=4N=CN(C4C3)C)C#N,C[C@@H](CO)N1C[C@H](C)[C@@H](CN(C)C(=O)CCC(F)(F)F)OCc2ccccc2-c3c(C1=O)n(C)c4ccccc34
CTSK,Cosine Search,0.62,[C@@H](C1=CC=C(C=C1)C2=CC=C(C=C2)S(=O)(=O)N)(N[C@H](C(=O)NCC#N)CC(C)C)C(F)(F)F,CC(=O)NS(=O)(=O)c1ccc(N)cc1
CTSK,Cosine Search,0.6,C1=CC=C(C(N[C@H](C(N[C@@H]2C(=O)CN([C@@H](CC2)C)S(=O)(=O)C=3N=CC=CC3)=O)CCC4CCCC4)=O)O1,Nn1c(=O)c(Cc2ccco2)n[nH]c1=S
CTSK,Cosine Search,0.6,C1=CC=C(C(N[C@H](C(N[C@@H]2C(=O)CN([C@@H](CC2)C)S(=O)(=O)C=3N=CC=CC3)=O)CCC4CCCC4)=O)O1,Nn1c(=O)c(Cc2ccco2)n[nH]c1=S
CTSK,Cosine Search,0.69,N1(S(=O)(=O)C)CC(NC([C@@H](N[C@H](C(F)(F)F)C2=CC=C(C=C2)C3=CC=C(C=C3)S(C)(=O)=O)CC(F)(C)C)=O)C(C1)=O,CO[C@H](CN(C)C(=O)c1ccccc1F)[C@@H](C)CN([C@@H](C)CO)S(=O)(=O)c1ccc(F)cc1
CTSK,Cosine Search,0.6,C1=CC=C(C(N[C@H](C(N[C@@H]2C(=O)CN([C@@H](CC2)C)S(=O)(=O)C=3N=CC=CC3)=O)CCC4CCCC4)=O)O1,Nn1c(=O)c(Cc2ccco2)n[nH]c1=S
CTSK,Cosine Search,0.51,N(C1=NC(=NC(=N1)C#N)NC(C)C)C2=CC=CC=C2,Cc1ccc(cc1)C(=O)/N=c2/cccc[nH]2
CTSK,Cosine Search,0.35,N1(CCCC(C1)CCC2=CC=CC=C2)C#N,S=C=NCCc1ccccc1
CTSK,Cosine Search,0.6,C1=CC=C(C(N[C@H](C(N[C@@H]2C(=O)CN([C@@H](CC2)C)S(=O)(=O)C=3N=CC=CC3)=O)CCC4CCCC4)=O)O1,Nn1c(=O)c(Cc2ccco2)n[nH]c1=S
CTSK,Cosine Search,0.63,[C@@H]1([C@@H](CCCC1)C(=O)N2CCN(CC2)C=3C=CC(=CC3)F)C(=O)NCC#N,OC[C@H]1[C@@H]([C@@H](C#N)N1C(=O)c1cccc(F)c1)c1ccc(cc1)C1=CCCCC1
CTSK,Cosine Search,0.51,N(C1=NC(=NC(=N1)C#N)NC(C)C)C2=CC=CC=C2,Cc1ccc(cc1)C(=O)/N=c2/cccc[nH]2
CTSK,Cosine Search,0.59,C(C(=O)NCC#N)(C1=CC(C=2C=C3C=CNC3=CC2)=CC=C1)CC(C)C,CNC(=O)CCc1cc2ccccc2[nH]1
CTSK,Cosine Search,0.51,N(C1=NC(=NC(=N1)C#N)NC(C)C)C2=CC=CC=C2,Cc1ccc(cc1)C(=O)/N=c2/cccc[nH]2
CTSK,Cosine Search,0.59,C(C(=O)NCC#N)(C1=CC(C=2C=C3C=CNC3=CC2)=CC=C1)CC(C)C,CNC(=O)CCc1cc2ccccc2[nH]1
CTSK,Cosine Search,0.6,C1=CC=C(C(N[C@H](C(N[C@@H]2C(=O)CN([C@@H](CC2)C)S(=O)(=O)C=3N=CC=CC3)=O)CCC4CCCC4)=O)O1,Nn1c(=O)c(Cc2ccco2)n[nH]c1=S
CTSK,Cosine Search,0.51,N(C1=NC(=NC(=N1)C#N)NC(C)C)C2=CC=CC=C2,Cc1ccc(cc1)C(=O)/N=c2/cccc[nH]2
CTSK,Cosine Search,0.58,C1=C2C(=C3OC(CC(C3=C1O)=O)C=4C=CC(=CC4)O)C=CC(O2)(C)CCC=C(C)C,COc1cc(cc(OC)c1O)[C@H]2[C@@H]3C(OCC3=O)C(OC4OC5COC(C)OC5C(O)C4O)c6cc7OCOc7cc26
CTSK,Cosine Search,0.6,C1=CC=C(C(N[C@H](C(N[C@@H]2C(=O)CN([C@@H](CC2)C)S(=O)(=O)C=3N=CC=CC3)=O)CCC4CCCC4)=O)O1,Nn1c(=O)c(Cc2ccco2)n[nH]c1=S
CTSK,Cosine Search,0.6,C1=CC=C(C(N[C@H](C(N[C@@H]2C(=O)CN([C@@H](CC2)C)S(=O)(=O)C=3N=CC=CC3)=O)CCC4CCCC4)=O)O1,Nn1c(=O)c(Cc2ccco2)n[nH]c1=S
CTSK,Cosine Search,0.6,C1=CC=C(C(N[C@H](C(N[C@@H]2C(=O)CN([C@@H](CC2)C)S(=O)(=O)C=3N=CC=CC3)=O)CCC4CCCC4)=O)O1,Nn1c(=O)c(Cc2ccco2)n[nH]c1=S
CTSK,Cosine Search,0.78,C12(CCNCC1)NC(N(C2=O)CC=3N(C4=C(C3)C=NC(=N4)C#N)CC(C)(C)C)=O,CC(C)NC(=O)N1[C@@H]([C@@H](CO)[C@@H]2Cn3c(cccc3=O)[C@H]12)C(=O)N1CCc2ccccc2C1
CTSK,Cosine Search,0.59,C(C(=O)NCC#N)(C1=CC(C=2C=C3C=CNC3=CC2)=CC=C1)CC(C)C,CNC(=O)CCc1cc2ccccc2[nH]1
CTSK,Cosine Search,0.6,C1=CC=C(C(N[C@H](C(N[C@@H]2C(=O)CN([C@@H](CC2)C)S(=O)(=O)C=3N=CC=CC3)=O)CCC4CCCC4)=O)O1,Nn1c(=O)c(Cc2ccco2)n[nH]c1=S
CTSK,Cosine Search,0.6,C1=CC=C(C(N[C@H](C(N[C@@H]2C(=O)CN([C@@H](CC2)C)S(=O)(=O)C=3N=CC=CC3)=O)CCC4CCCC4)=O)O1,Nn1c(=O)c(Cc2ccco2)n[nH]c1=S
CTSK,Cosine Search,0.6,C1=CC=C(C(N[C@H](C(N[C@@H]2C(=O)CN([C@@H](CC2)C)S(=O)(=O)C=3N=CC=CC3)=O)CCC4CCCC4)=O)O1,Nn1c(=O)c(Cc2ccco2)n[nH]c1=S
CTSK,Cosine Search,0.72,S(=O)(=O)(N1CCC(CC1)CCOC2=C(C=C(C=C2)C=3N=C(C=4N=CN(C4C3)C)C#N)C(F)(F)F)C,Fc1cccc(F)c1S(=O)(=O)N2CCN(CC2)C(=O)c3ccc4OCCOc4c3
CTSK,Cosine Search,0.6,C1=CC=C(C(N[C@H](C(N[C@@H]2C(=O)CN([C@@H](CC2)C)S(=O)(=O)C=3N=CC=CC3)=O)CCC4CCCC4)=O)O1,Nn1c(=O)c(Cc2ccco2)n[nH]c1=S
CTSK,Cosine Search,0.71,O1CCN(CC1)C(=O)C[C@H](C(N[C@@H](CNC2=CC=C(C=C2)OC(F)(F)F)CC=S(=C)(O)O)=O)CC3CCCCC3,OC[C@@H]1O[C@H](CC(=O)NCCCN2CCOCC2)C=C[C@@H]1NS(=O)(=O)c1ccccc1F
CTSK,Cosine Search,0.55,O1CC([C@H](OC(=O)N[C@@H](CCCC)C(=O)C(=O)N[C@@H](C2=CC=CC=C2)C)C1=O)(C)C,CCCCCCCCCCCCCCCC(=O)OC[C@H](O)[C@@H]1OC(=O)C(=O)C1O
CTSK,Cosine Search,0.6,C1=CC=C(C(N[C@H](C(N[C@@H]2C(=O)CN([C@@H](CC2)C)S(=O)(=O)C=3N=CC=CC3)=O)CCC4CCCC4)=O)O1,Nn1c(=O)c(Cc2ccco2)n[nH]c1=S
CTSK,Cosine Search,0.51,N(C1=NC(=NC(=N1)C#N)NC(C)C)C2=CC=CC=C2,Cc1ccc(cc1)C(=O)/N=c2/cccc[nH]2
CTSK,Cosine Search,0.6,C1=CC=C(C(N[C@H](C(N[C@@H]2C(=O)CN([C@@H](CC2)C)S(=O)(=O)C=3N=CC=CC3)=O)CCC4CCCC4)=O)O1,Nn1c(=O)c(Cc2ccco2)n[nH]c1=S
CTSK,Cosine Search,0.59,C(C(=O)NCC#N)(C1=CC(C=2C=C3C=CNC3=CC2)=CC=C1)CC(C)C,CNC(=O)CCc1cc2ccccc2[nH]1
CTSK,Cosine Search,0.68,C=1(C(Cl)=C(C=CC1OCC2=NC=CC=C2)C(NC(C(=O)C(NC=3C=CN(N3)C)=O)C)=O)C(F)(F)F,Nc1ccn([C@@H]2O[C@H](CO)[C@@H](O)C2(F)F)c(=O)n1
CTSK,Cosine Search,0.52,O=C(NCCC1=CC(OC)=CC=C1)C=2C(NCC(C)(C)C)=NC(=NC2)C#N,CC=C1/[C@H]2Cc3[nH]c(=O)ccc3[C@]1(N)CC(C)=C2
CTSK,Euclidean Search,0.59,C(C(=O)NCC#N)(C1=CC(C=2C=C3C=CNC3=CC2)=CC=C1)CC(C)C,CNC(=O)CCc1cc2ccccc2[nH]1
CTSK,Euclidean Search,0.78,S(=O)(=O)(N1CC[C@@H]([C@H](NC(=O)[C@@H](NC(=O)C=2OC=3C(C2)=CC=CC3)CC(C)C)C(=O)C1)C)C4=NC=CC=C4,C[C@H](CO)N1C[C@H](C)[C@H](CN(C)S(=O)(=O)c2ccccc2)OCCCC[C@H](C)Oc3ccc(NC(=O)CCCN(C)C)cc3C1=O
CTSK,Euclidean Search,0.6,C1=CC=C(C(N[C@H](C(N[C@@H]2C(=O)CN([C@@H](CC2)C)S(=O)(=O)C=3N=CC=CC3)=O)CCC4CCCC4)=O)O1,Nn1c(=O)c(Cc2ccco2)n[nH]c1=S
CTSK,Euclidean Search,0.51,N(C1=NC(=NC(=N1)C#N)NC(C)C)C2=CC=CC=C2,Cc1ccc(cc1)C(=O)/N=c2/cccc[nH]2
CTSK,Euclidean Search,0.6,C1=CC=C(C(N[C@H](C(N[C@@H]2C(=O)CN([C@@H](CC2)C)S(=O)(=O)C=3N=CC=CC3)=O)CCC4CCCC4)=O)O1,Nn1c(=O)c(Cc2ccco2)n[nH]c1=S
CTSK,Euclidean Search,0.6,C1=CC=C(C(N[C@H](C(N[C@@H]2C(=O)CN([C@@H](CC2)C)S(=O)(=O)C=3N=CC=CC3)=O)CCC4CCCC4)=O)O1,Nn1c(=O)c(Cc2ccco2)n[nH]c1=S
CTSK,Euclidean Search,0.6,C1=CC=C(C(N[C@H](C(N[C@@H]2C(=O)CN([C@@H](CC2)C)S(=O)(=O)C=3N=CC=CC3)=O)CCC4CCCC4)=O)O1,Nn1c(=O)c(Cc2ccco2)n[nH]c1=S
CTSK,Euclidean Search,0.6,C1=CC=C(C(N[C@H](C(N[C@@H]2C(=O)CN([C@@H](CC2)C)S(=O)(=O)C=3N=CC=CC3)=O)CCC4CCCC4)=O)O1,Nn1c(=O)c(Cc2ccco2)n[nH]c1=S
CTSK,Euclidean Search,0.6,C1=CC=C(C(N[C@H](C(N[C@@H]2C(=O)CN([C@@H](CC2)C)S(=O)(=O)C=3N=CC=CC3)=O)CCC4CCCC4)=O)O1,Nn1c(=O)c(Cc2ccco2)n[nH]c1=S
CTSK,Euclidean Search,0.59,C(C(=O)NCC#N)(C1=CC(C=2C=C3C=CNC3=CC2)=CC=C1)CC(C)C,CNC(=O)CCc1cc2ccccc2[nH]1
CTSK,Euclidean Search,0.6,C1=CC=C(C(N[C@H](C(N[C@@H]2C(=O)CN([C@@H](CC2)C)S(=O)(=O)C=3N=CC=CC3)=O)CCC4CCCC4)=O)O1,Nn1c(=O)c(Cc2ccco2)n[nH]c1=S
CTSK,Euclidean Search,0.6,C1=CC=C(C(N[C@H](C(N[C@@H]2C(=O)CN([C@@H](CC2)C)S(=O)(=O)C=3N=CC=CC3)=O)CCC4CCCC4)=O)O1,Nn1c(=O)c(Cc2ccco2)n[nH]c1=S
CTSK,Euclidean Search,0.6,C1=CC=C(C(N[C@H](C(N[C@@H]2C(=O)CN([C@@H](CC2)C)S(=O)(=O)C=3N=CC=CC3)=O)CCC4CCCC4)=O)O1,Nn1c(=O)c(Cc2ccco2)n[nH]c1=S
CTSK,Euclidean Search,0.59,C(C(=O)NCC#N)(C1=CC(C=2C=C3C=CNC3=CC2)=CC=C1)CC(C)C,CNC(=O)CCc1cc2ccccc2[nH]1
CTSK,Euclidean Search,0.6,C1=CC=C(C(N[C@H](C(N[C@@H]2C(=O)CN([C@@H](CC2)C)S(=O)(=O)C=3N=CC=CC3)=O)CCC4CCCC4)=O)O1,Nn1c(=O)c(Cc2ccco2)n[nH]c1=S
CTSK,Euclidean Search,0.6,C1=CC=C(C(N[C@H](C(N[C@@H]2C(=O)CN([C@@H](CC2)C)S(=O)(=O)C=3N=CC=CC3)=O)CCC4CCCC4)=O)O1,Nn1c(=O)c(Cc2ccco2)n[nH]c1=S
CTSK,Euclidean Search,0.6,C1=CC=C(C(N[C@H](C(N[C@@H]2C(=O)CN([C@@H](CC2)C)S(=O)(=O)C=3N=CC=CC3)=O)CCC4CCCC4)=O)O1,Nn1c(=O)c(Cc2ccco2)n[nH]c1=S
CTSK,Euclidean Search,0.59,C(C(=O)NCC#N)(C1=CC(C=2C=C3C=CNC3=CC2)=CC=C1)CC(C)C,CNC(=O)CCc1cc2ccccc2[nH]1
CTSK,Euclidean Search,0.51,N(C1=NC(=NC(=N1)C#N)NC(C)C)C2=CC=CC=C2,Cc1ccc(cc1)C(=O)/N=c2/cccc[nH]2
CTSK,Euclidean Search,0.59,C(C(=O)NCC#N)(C1=CC(C=2C=C3C=CNC3=CC2)=CC=C1)CC(C)C,CNC(=O)CCc1cc2ccccc2[nH]1
CTSK,Euclidean Search,0.6,C1=CC=C(C(N[C@H](C(N[C@@H]2C(=O)CN([C@@H](CC2)C)S(=O)(=O)C=3N=CC=CC3)=O)CCC4CCCC4)=O)O1,Nn1c(=O)c(Cc2ccco2)n[nH]c1=S
CTSK,Euclidean Search,0.59,C(C(=O)NCC#N)(C1=CC(C=2C=C3C=CNC3=CC2)=CC=C1)CC(C)C,CNC(=O)CCc1cc2ccccc2[nH]1
CTSK,Euclidean Search,0.6,C1=CC=C(C(N[C@H](C(N[C@@H]2C(=O)CN([C@@H](CC2)C)S(=O)(=O)C=3N=CC=CC3)=O)CCC4CCCC4)=O)O1,Nn1c(=O)c(Cc2ccco2)n[nH]c1=S
CTSK,Euclidean Search,0.72,FC(F)(F)C1=C(OCCCN(C)C)C=CC(C=2N=C(C=3N=CN(C3C2)C)C#N)=C1,COCC(=O)O[C@]1(CCN(C)CCCc2nc3ccccc3[nH]2)CCc2cc(F)ccc2[C@@H]1C(C)C
CTSK,Euclidean Search,0.6,C1=CC=C(C(N[C@H](C(N[C@@H]2C(=O)CN([C@@H](CC2)C)S(=O)(=O)C=3N=CC=CC3)=O)CCC4CCCC4)=O)O1,Nn1c(=O)c(Cc2ccco2)n[nH]c1=S
CTSK,Euclidean Search,0.59,C(C(=O)NCC#N)(C1=CC(C=2C=C3C=CNC3=CC2)=CC=C1)CC(C)C,CNC(=O)CCc1cc2ccccc2[nH]1
CTSK,Euclidean Search,0.6,C1=CC=C(C(N[C@H](C(N[C@@H]2C(=O)CN([C@@H](CC2)C)S(=O)(=O)C=3N=CC=CC3)=O)CCC4CCCC4)=O)O1,Nn1c(=O)c(Cc2ccco2)n[nH]c1=S
CTSK,Euclidean Search,0.6,C1=CC=C(C(N[C@H](C(N[C@@H]2C(=O)CN([C@@H](CC2)C)S(=O)(=O)C=3N=CC=CC3)=O)CCC4CCCC4)=O)O1,Nn1c(=O)c(Cc2ccco2)n[nH]c1=S
CTSK,Euclidean Search,0.6,C1=CC=C(C(N[C@H](C(N[C@@H]2C(=O)CN([C@@H](CC2)C)S(=O)(=O)C=3N=CC=CC3)=O)CCC4CCCC4)=O)O1,Nn1c(=O)c(Cc2ccco2)n[nH]c1=S
CTSK,Euclidean Search,0.51,N(C1=NC(=NC(=N1)C#N)NC(C)C)C2=CC=CC=C2,Cc1ccc(cc1)C(=O)/N=c2/cccc[nH]2
CTSK,Euclidean Search,0.6,C1=CC=C(C(N[C@H](C(N[C@@H]2C(=O)CN([C@@H](CC2)C)S(=O)(=O)C=3N=CC=CC3)=O)CCC4CCCC4)=O)O1,Nn1c(=O)c(Cc2ccco2)n[nH]c1=S
CTSK,Euclidean Search,0.6,C1=CC=C(C(N[C@H](C(N[C@@H]2C(=O)CN([C@@H](CC2)C)S(=O)(=O)C=3N=CC=CC3)=O)CCC4CCCC4)=O)O1,Nn1c(=O)c(Cc2ccco2)n[nH]c1=S
CTSK,Euclidean Search,0.59,C(C(=O)NCC#N)(C1=CC(C=2C=C3C=CNC3=CC2)=CC=C1)CC(C)C,CNC(=O)CCc1cc2ccccc2[nH]1
CTSK,Euclidean Search,0.66,FC(F)(F)C1=CC(N2N=C(C(=O)N(C2=O)C)C#N)=CC=C1,CNC(=O)c1ccc(cc1F)N1C(=S)N(C(=O)C1(C)C)c1ccc(C#N)c(c1)C(F)(F)F
CTSK,Euclidean Search,0.6,C1=CC=C(C(N[C@H](C(N[C@@H]2C(=O)CN([C@@H](CC2)C)S(=O)(=O)C=3N=CC=CC3)=O)CCC4CCCC4)=O)O1,Nn1c(=O)c(Cc2ccco2)n[nH]c1=S
CTSK,Euclidean Search,0.6,C1=CC=C(C(N[C@H](C(N[C@@H]2C(=O)CN([C@@H](CC2)C)S(=O)(=O)C=3N=CC=CC3)=O)CCC4CCCC4)=O)O1,Nn1c(=O)c(Cc2ccco2)n[nH]c1=S
CTSK,Euclidean Search,0.6,C1=CC=C(C(N[C@H](C(N[C@@H]2C(=O)CN([C@@H](CC2)C)S(=O)(=O)C=3N=CC=CC3)=O)CCC4CCCC4)=O)O1,Nn1c(=O)c(Cc2ccco2)n[nH]c1=S
CTSK,Euclidean Search,0.6,C1=CC=C(C(N[C@H](C(N[C@@H]2C(=O)CN([C@@H](CC2)C)S(=O)(=O)C=3N=CC=CC3)=O)CCC4CCCC4)=O)O1,Nn1c(=O)c(Cc2ccco2)n[nH]c1=S
CTSK,Euclidean Search,0.7,N=1C(=CC(=NC1C#N)CCCN2CCCCC2)C3=CC(=CC=C3)C(F)(F)F,Cc1cccc(CN2CCN(CC2)C(c2ccccc2)c2ccc(Cl)cc2)c1
CTSK,Euclidean Search,0.59,C(C(=O)NCC#N)(C1=CC(C=2C=C3C=CNC3=CC2)=CC=C1)CC(C)C,CNC(=O)CCc1cc2ccccc2[nH]1
CTSK,Euclidean Search,0.6,C1=CC=C(C(N[C@H](C(N[C@@H]2C(=O)CN([C@@H](CC2)C)S(=O)(=O)C=3N=CC=CC3)=O)CCC4CCCC4)=O)O1,Nn1c(=O)c(Cc2ccco2)n[nH]c1=S
CTSK,Euclidean Search,0.56,C1=CC(=CC=C1F)C(NC2=CC=C(C=C2)C3=NN(N=N3)CC(NC=4C=C(ON4)C)=O)=O,CC(O)Cn1c(C)ncc1[N+]([O-])=O
CTSK,Euclidean Search,0.59,C(C(=O)NCC#N)(C1=CC(C=2C=C3C=CNC3=CC2)=CC=C1)CC(C)C,CNC(=O)CCc1cc2ccccc2[nH]1
CTSK,Euclidean Search,0.6,C1=CC=C(C(N[C@H](C(N[C@@H]2C(=O)CN([C@@H](CC2)C)S(=O)(=O)C=3N=CC=CC3)=O)CCC4CCCC4)=O)O1,Nn1c(=O)c(Cc2ccco2)n[nH]c1=S
CTSK,Euclidean Search,0.6,C1=CC=C(C(N[C@H](C(N[C@@H]2C(=O)CN([C@@H](CC2)C)S(=O)(=O)C=3N=CC=CC3)=O)CCC4CCCC4)=O)O1,Nn1c(=O)c(Cc2ccco2)n[nH]c1=S
CTSK,Euclidean Search,0.76,S(N1CC([C@@H](NC([C@@H](NC(C=2OC=3C=CC=CC3C2)=O)CC4=CC=CC=C4)=O)CCC1)=O)(C=5N=CC=CC5)(=O)=O,Cc1ccccc1S(=O)(=O)N1C[C@@H](O)COC[C@H]2O[C@@H](CC(=O)NCc3ccccc3Cl)CC[C@H]12
CTSK,Euclidean Search,0.6,C=1(O)C(C(CCC=2C(=C(C(=CC2)O)O)C/C=C(/CCC=C(C)C)\C)=O)=CC=C(C1)O,Cc1ccc(C)c(OCCCC(C)(C)C(O)=O)c1
CTSK,Euclidean Search,0.6,C1=CC=C(C(N[C@H](C(N[C@@H]2C(=O)CN([C@@H](CC2)C)S(=O)(=O)C=3N=CC=CC3)=O)CCC4CCCC4)=O)O1,Nn1c(=O)c(Cc2ccco2)n[nH]c1=S
CTSK,Euclidean Search,0.6,C1=CC=C(C(N[C@H](C(N[C@@H]2C(=O)CN([C@@H](CC2)C)S(=O)(=O)C=3N=CC=CC3)=O)CCC4CCCC4)=O)O1,Nn1c(=O)c(Cc2ccco2)n[nH]c1=S
CTSK,Euclidean Search,0.51,N(C1=NC(=NC(=N1)C#N)NC(C)C)C2=CC=CC=C2,Cc1ccc(cc1)C(=O)/N=c2/cccc[nH]2
CTSK,Euclidean Search,0.6,C1=CC=C(C(N[C@H](C(N[C@@H]2C(=O)CN([C@@H](CC2)C)S(=O)(=O)C=3N=CC=CC3)=O)CCC4CCCC4)=O)O1,Nn1c(=O)c(Cc2ccco2)n[nH]c1=S
CTSK,Euclidean Search,0.6,C1=CC=C(C(N[C@H](C(N[C@@H]2C(=O)CN([C@@H](CC2)C)S(=O)(=O)C=3N=CC=CC3)=O)CCC4CCCC4)=O)O1,Nn1c(=O)c(Cc2ccco2)n[nH]c1=S
CTSK,Euclidean Search,0.66,O(C1C2(CC(C1(C)C)CC2)C)C(=O)N[C@@H](CCCC)C(=O)C(=O)N[C@@H](C3=CC=CC=C3)C,C[C@H]1[C@H]2[C@H](Cc3ccccc3)NC(=O)[C@]22OC(=O)C=C[C@H](O)CCC[C@@H](C)CC=C[C@H]2[C@H](O)C1=C
CTSK,Euclidean Search,0.6,C1=CC=C(C(N[C@H](C(N[C@@H]2C(=O)CN([C@@H](CC2)C)S(=O)(=O)C=3N=CC=CC3)=O)CCC4CCCC4)=O)O1,Nn1c(=O)c(Cc2ccco2)n[nH]c1=S
CTSK,Euclidean Search,0.59,C(C(=O)NCC#N)(C1=CC(C=2C=C3C=CNC3=CC2)=CC=C1)CC(C)C,CNC(=O)CCc1cc2ccccc2[nH]1
CTSK,Euclidean Search,0.6,C1=CC=C(C(N[C@H](C(N[C@@H]2C(=O)CN([C@@H](CC2)C)S(=O)(=O)C=3N=CC=CC3)=O)CCC4CCCC4)=O)O1,Nn1c(=O)c(Cc2ccco2)n[nH]c1=S
CTSK,Euclidean Search,0.6,C1=CC=C(C(N[C@H](C(N[C@@H]2C(=O)CN([C@@H](CC2)C)S(=O)(=O)C=3N=CC=CC3)=O)CCC4CCCC4)=O)O1,Nn1c(=O)c(Cc2ccco2)n[nH]c1=S
CTSK,Euclidean Search,0.6,C1=CC=C(C(N[C@H](C(N[C@@H]2C(=O)CN([C@@H](CC2)C)S(=O)(=O)C=3N=CC=CC3)=O)CCC4CCCC4)=O)O1,Nn1c(=O)c(Cc2ccco2)n[nH]c1=S
CTSK,Euclidean Search,0.51,N(C1=NC(=NC(=N1)C#N)NC(C)C)C2=CC=CC=C2,Cc1ccc(cc1)C(=O)/N=c2/cccc[nH]2
CTSK,Euclidean Search,0.6,C1=CC=C(C(N[C@H](C(N[C@@H]2C(=O)CN([C@@H](CC2)C)S(=O)(=O)C=3N=CC=CC3)=O)CCC4CCCC4)=O)O1,Nn1c(=O)c(Cc2ccco2)n[nH]c1=S
CTSK,Euclidean Search,0.6,C=1(O)C(C(CCC=2C(=C(C(=CC2)O)O)C/C=C(/CCC=C(C)C)\C)=O)=CC=C(C1)O,Cc1ccc(C)c(OCCCC(C)(C)C(O)=O)c1
CTSK,Euclidean Search,0.41,C(N[C@H](C=O)CC1=CC=CC=C1)(OC(C)(C)C)=O,CC(C)Cc1ccc(cc1)C(C)C(O)=O
CTSK,Euclidean Search,0.51,N(C1=NC(=NC(=N1)C#N)NC(C)C)C2=CC=CC=C2,Cc1ccc(cc1)C(=O)/N=c2/cccc[nH]2
CTSK,Euclidean Search,0.59,C(C(=O)NCC#N)(C1=CC(C=2C=C3C=CNC3=CC2)=CC=C1)CC(C)C,CNC(=O)CCc1cc2ccccc2[nH]1
CTSK,Euclidean Search,0.6,C1=CC=C(C(N[C@H](C(N[C@@H]2C(=O)CN([C@@H](CC2)C)S(=O)(=O)C=3N=CC=CC3)=O)CCC4CCCC4)=O)O1,Nn1c(=O)c(Cc2ccco2)n[nH]c1=S
CTSK,Euclidean Search,0.6,C1=CC=C(C(N[C@H](C(N[C@@H]2C(=O)CN([C@@H](CC2)C)S(=O)(=O)C=3N=CC=CC3)=O)CCC4CCCC4)=O)O1,Nn1c(=O)c(Cc2ccco2)n[nH]c1=S
CTSK,Euclidean Search,0.64,C(NC1C(=O)COCC1)([C@@H](NC(=O)CC2=CC(OC)=C(C=C2)OC)CC(C)C)=O,COc1c(O[C@@H]2O[C@H](CO)[C@@H](O)[C@H](O)[C@H]2O)cc2CC[C@H](NC(C)=O)c3cc(=O)c(SC)ccc3-c2c1OC
CTSK,Euclidean Search,0.6,C1=CC=C(C(N[C@H](C(N[C@@H]2C(=O)CN([C@@H](CC2)C)S(=O)(=O)C=3N=CC=CC3)=O)CCC4CCCC4)=O)O1,Nn1c(=O)c(Cc2ccco2)n[nH]c1=S
CTSK,Euclidean Search,0.6,C1=CC=C(C(N[C@H](C(N[C@@H]2C(=O)CN([C@@H](CC2)C)S(=O)(=O)C=3N=CC=CC3)=O)CCC4CCCC4)=O)O1,Nn1c(=O)c(Cc2ccco2)n[nH]c1=S
CTSK,Euclidean Search,0.52,FC(F)(F)C1=C(OCCN(C)C)C=CC(C=2N=C(C=3N=CN(C3C2)C)C#N)=C1,CN(C)CCC=C1c2ccccc2COc2ccccc12
CTSK,Euclidean Search,0.6,C1=CC=C(C(N[C@H](C(N[C@@H]2C(=O)CN([C@@H](CC2)C)S(=O)(=O)C=3N=CC=CC3)=O)CCC4CCCC4)=O)O1,Nn1c(=O)c(Cc2ccco2)n[nH]c1=S
CTSK,Euclidean Search,0.6,C1=CC=C(C(N[C@H](C(N[C@@H]2C(=O)CN([C@@H](CC2)C)S(=O)(=O)C=3N=CC=CC3)=O)CCC4CCCC4)=O)O1,Nn1c(=O)c(Cc2ccco2)n[nH]c1=S
CTSK,Euclidean Search,0.5,C1(=CC=CC(C2=NC(=NC(=C2)CCCNCC(=O)O)C#N)=C1)C(F)(F)F,OC(=O)c1ccc(Nc2ncc3CN=C(c4cc(Cl)ccc4-c3n2)c2c(F)cccc2F)cc1
CTSK,Euclidean Search,0.6,C1=CC=C(C(N[C@H](C(N[C@@H]2C(=O)CN([C@@H](CC2)C)S(=O)(=O)C=3N=CC=CC3)=O)CCC4CCCC4)=O)O1,Nn1c(=O)c(Cc2ccco2)n[nH]c1=S
CTSK,Euclidean Search,0.41,C(N[C@H](C=O)CC1=CC=CC=C1)(OC(C)(C)C)=O,CC(C)Cc1ccc(cc1)C(C)C(O)=O
CTSK,Euclidean Search,0.51,N(C1=NC(=NC(=N1)C#N)NC(C)C)C2=CC=CC=C2,Cc1ccc(cc1)C(=O)/N=c2/cccc[nH]2
CTSK,Euclidean Search,0.6,C1=CC=C(C(N[C@H](C(N[C@@H]2C(=O)CN([C@@H](CC2)C)S(=O)(=O)C=3N=CC=CC3)=O)CCC4CCCC4)=O)O1,Nn1c(=O)c(Cc2ccco2)n[nH]c1=S
CTSK,Euclidean Search,0.51,N(C1=NC(=NC(=N1)C#N)NC(C)C)C2=CC=CC=C2,Cc1ccc(cc1)C(=O)/N=c2/cccc[nH]2
CTSK,Euclidean Search,0.59,C(C(=O)NCC#N)(C1=CC(C=2C=C3C=CNC3=CC2)=CC=C1)CC(C)C,CNC(=O)CCc1cc2ccccc2[nH]1
CTSK,Euclidean Search,0.6,C1=CC=C(C(N[C@H](C(N[C@@H]2C(=O)CN([C@@H](CC2)C)S(=O)(=O)C=3N=CC=CC3)=O)CCC4CCCC4)=O)O1,Nn1c(=O)c(Cc2ccco2)n[nH]c1=S
CTSK,Euclidean Search,0.51,N(C1=NC(=NC(=N1)C#N)NC(C)C)C2=CC=CC=C2,Cc1ccc(cc1)C(=O)/N=c2/cccc[nH]2
CTSK,Euclidean Search,0.66,O(C1C2(CC(C1(C)C)CC2)C)C(=O)N[C@@H](CCCC)C(=O)C(=O)N[C@@H](C3=CC=CC=C3)C,C[C@H]1[C@H]2[C@H](Cc3ccccc3)NC(=O)[C@]22OC(=O)C=C[C@H](O)CCC[C@@H](C)CC=C[C@H]2[C@H](O)C1=C
CTSK,Euclidean Search,0.6,C1=CC=C(C(N[C@H](C(N[C@@H]2C(=O)CN([C@@H](CC2)C)S(=O)(=O)C=3N=CC=CC3)=O)CCC4CCCC4)=O)O1,Nn1c(=O)c(Cc2ccco2)n[nH]c1=S
CTSK,Euclidean Search,0.6,C1=CC=C(C(N[C@H](C(N[C@@H]2C(=O)CN([C@@H](CC2)C)S(=O)(=O)C=3N=CC=CC3)=O)CCC4CCCC4)=O)O1,Nn1c(=O)c(Cc2ccco2)n[nH]c1=S
CTSK,Euclidean Search,0.6,C1=CC=C(C(N[C@H](C(N[C@@H]2C(=O)CN([C@@H](CC2)C)S(=O)(=O)C=3N=CC=CC3)=O)CCC4CCCC4)=O)O1,Nn1c(=O)c(Cc2ccco2)n[nH]c1=S
CTSK,Euclidean Search,0.6,C1=CC=C(C(N[C@H](C(N[C@@H]2C(=O)CN([C@@H](CC2)C)S(=O)(=O)C=3N=CC=CC3)=O)CCC4CCCC4)=O)O1,Nn1c(=O)c(Cc2ccco2)n[nH]c1=S
CTSK,Euclidean Search,0.59,C(C(=O)NCC#N)(C1=CC(C=2C=C3C=CNC3=CC2)=CC=C1)CC(C)C,CNC(=O)CCc1cc2ccccc2[nH]1
CTSK,Euclidean Search,0.6,C1=CC=C(C(N[C@H](C(N[C@@H]2C(=O)CN([C@@H](CC2)C)S(=O)(=O)C=3N=CC=CC3)=O)CCC4CCCC4)=O)O1,Nn1c(=O)c(Cc2ccco2)n[nH]c1=S
CTSK,Euclidean Search,0.6,C1=CC=C(C(N[C@H](C(N[C@@H]2C(=O)CN([C@@H](CC2)C)S(=O)(=O)C=3N=CC=CC3)=O)CCC4CCCC4)=O)O1,Nn1c(=O)c(Cc2ccco2)n[nH]c1=S
CTSK,Euclidean Search,0.6,C1=CC=C(C(N[C@H](C(N[C@@H]2C(=O)CN([C@@H](CC2)C)S(=O)(=O)C=3N=CC=CC3)=O)CCC4CCCC4)=O)O1,Nn1c(=O)c(Cc2ccco2)n[nH]c1=S
CTSK,Euclidean Search,0.41,C(N[C@H](C=O)CC1=CC=CC=C1)(OC(C)(C)C)=O,CC(C)Cc1ccc(cc1)C(C)C(O)=O
CTSK,Euclidean Search,0.6,C1=CC=C(C(N[C@H](C(N[C@@H]2C(=O)CN([C@@H](CC2)C)S(=O)(=O)C=3N=CC=CC3)=O)CCC4CCCC4)=O)O1,Nn1c(=O)c(Cc2ccco2)n[nH]c1=S
CTSK,Euclidean Search,0.6,C1=CC=C(C(N[C@H](C(N[C@@H]2C(=O)CN([C@@H](CC2)C)S(=O)(=O)C=3N=CC=CC3)=O)CCC4CCCC4)=O)O1,Nn1c(=O)c(Cc2ccco2)n[nH]c1=S
CTSK,Euclidean Search,0.6,FC(F)(F)C=1C=C(C=2NC(=C3N=CN=C3C2)C#N)C=CC1OC,Nc1nc2ccc(OC(F)(F)F)cc2s1
CTSK,Euclidean Search,0.6,C1=CC=C(C(N[C@H](C(N[C@@H]2C(=O)CN([C@@H](CC2)C)S(=O)(=O)C=3N=CC=CC3)=O)CCC4CCCC4)=O)O1,Nn1c(=O)c(Cc2ccco2)n[nH]c1=S
CTSK,Euclidean Search,0.6,C1=CC=C(C(N[C@H](C(N[C@@H]2C(=O)CN([C@@H](CC2)C)S(=O)(=O)C=3N=CC=CC3)=O)CCC4CCCC4)=O)O1,Nn1c(=O)c(Cc2ccco2)n[nH]c1=S
CTSK,Euclidean Search,0.6,C1=CC=C(C(N[C@H](C(N[C@@H]2C(=O)CN([C@@H](CC2)C)S(=O)(=O)C=3N=CC=CC3)=O)CCC4CCCC4)=O)O1,Nn1c(=O)c(Cc2ccco2)n[nH]c1=S
CTSK,Euclidean Search,0.59,C(C(=O)NCC#N)(C1=CC(C=2C=C3C=CNC3=CC2)=CC=C1)CC(C)C,CNC(=O)CCc1cc2ccccc2[nH]1
CTSK,Euclidean Search,0.53,FC(F)(F)C1=CC(N2N=C(C(=O)N(C2=O)C)C#N)=CC=C1,O=c1n([se]c2ccccc12)-c1ccccc1
CTSK,Euclidean Search,0.6,C1=CC=C(C(N[C@H](C(N[C@@H]2C(=O)CN([C@@H](CC2)C)S(=O)(=O)C=3N=CC=CC3)=O)CCC4CCCC4)=O)O1,Nn1c(=O)c(Cc2ccco2)n[nH]c1=S
CTSK,Pre-trained hierVAE Generate,0.47,O1CCN(CC1)C(=O)C[C@H](C(N[C@H](CNC=2C=CC(=CC2)OC(F)(F)F)C(C)C)=O)CCCC3=CC=CC=C3,CC1CN(C(C)CO)C(=O)c2cc(NC(=O)CCN3CCOCC3)ccc2OC1CN(C)Cc1ccc(C(F)(F)F)cc1
CTSK,Pre-trained hierVAE Generate,0.31,N(S(C1=CC=CC=C1F)(=O)=O)C=2C=CC(C(=O)N[C@H](C(N[C@@H]3C(CO[C@H]3CC)=O)=O)CC4(CCCC4)C)=CC2,CCCNC(=O)CC1CC2c3cc(NS(=O)(=O)c4ccccc4F)ccc3OC2C(CO)O1
CTSK,Pre-trained hierVAE Generate,0.47,S(=O)(=O)(NC=1C=CC(C(=O)N[C@@H](CC2(CCCC2)C)C(=O)N[C@H]3[C@@H](OCC3=O)CC)=CC1)C=4N(C=CN4)C,CC(C)NC(=O)Nc1ccc2c(c1)C(=O)N(C(C)CO)CC(C)C(CN(C)S(=O)(=O)c1cn(C)cn1)OCCCCC(C)O2
CTSK,Pre-trained hierVAE Generate,0.63,C1=CC(C(N[C@H](C(=O)N[C@@H](CC(=O)OCC)CN2CCC3=C2C=CC(=C3)F)CCC4CCCCC4)=O)=CC(=C1)OC,CCCCC(=O)Nc1ccc2c(c1)OCC(C)N(C(=O)c1ccc(F)cc1)CC(C)C(OC)CN(C)C2=O
CTSK,Pre-trained hierVAE Generate,0.48,O1CCN(CC1)C(=O)C[C@H](C(N[C@H](CNC=2C=CC(=CC2)OC(F)(F)F)C(C)C)=O)CCCC3=CC=CC=C3,CC1CN(C(C)CO)C(=O)Cc2cc(NC(=O)CCCCCC(=O)Nc3ccccc3N)ccc2OC1CN(C)Cc1ccc(C(F)(F)F)cc1
CTSK,Pre-trained hierVAE Generate,0.36,C([C@@H](NC(C=1C=C(C(=O)N)C=CC1)=O)C(CC)C)(N[C@H](C(=O)CO)CCCC)=O,CCCCCCCCCCCCCCCCCCC(=O)Nc1ccc(O)c(O)c1
CTSK,Pre-trained hierVAE Generate,0.66,C1=CC(=CC=C1C(N[C@H](C(N2[C@@H]3C(CN([C@@H]3CO2)C(=O)C4=CC=CC=C4)=O)=O)CC(C)C)=O)N(C)C,COc1ccc(NC(=O)N(C)CC2Oc3ccc(NC(=O)Nc4c(C)noc4C)cc3C(=O)N(C(C)CO)CC2C)cc1
CTSK,Pre-trained hierVAE Generate,0.55,N1(CC(C=2C(OC)=CC=CC2OC)=O)[C@H](C(N[C@H](/C=C/C=3C=CC=CC3)[C@H](CC)C)=O)CCCC1,COc1ccc(CN(C)CC2Oc3ncc(C#Cc4ccncc4)cc3C(=O)N(C(C)CO)CC2C)cc1
CTSK,Pre-trained hierVAE Generate,0.44,C(N[C@H](C(=O)NCCNC=1C=CC(OCC(C)C)=CC1)CC(C)C)(C=2C=CC(=CC2)OC)=O,CC(C)COc1ccc(C(=O)Nc2ccc(C(=O)NCCO)cc2)cc1
CTSK,Pre-trained hierVAE Generate,0.52,S(=O)(=O)(NC1=CC=C(C(=O)N[C@@H](CC2(CCCC2)C)C(=O)N[C@H]3[C@@H](OCC3=O)CC)C=C1)C4CCCCC4,CCNCCNC(=O)CC1CCC(NS(=O)(=O)c2ccc(C)cc2)C(CO)O1
CTSK,Pre-trained hierVAE Generate,0.61,S(=O)(=O)(NC1=CC(OC)=C(C(=O)N[C@@H](CC2(CCCC2)C)C(=O)N[C@H]3[C@@H](OCC3=O)CC)C=C1)C,CS(=O)(=O)Nc1ccc2c(c1)C1CC(CC(=O)NCC3CC3)OC(CO)C1O2
CTSK,Pre-trained hierVAE Generate,0.45,O1CCN(CC1)C(=O)C[C@H](C(N[C@H](CNC=2C=CC(=CC2)OC(F)(F)F)C(C)C)=O)CCCC3=CC=CC=C3,CC1CCCCOC(CN(C)Cc2ccc(C(F)(F)F)cc2)C(C)CN(C(C)CO)C(=O)c2cc(NC(=O)CCC(F)(F)F)ccc2O1
CTSK,Pre-trained hierVAE Generate,0.54,FC1=CC=C(N2CCN(C(=O)[C@H]3[C@@H](CCCC3)C(=O)NC(C4=CC=CC=C4)C#N)CC2)C=C1,O=C(CCCN1CCN(C(=O)c2ccc(Cl)cc2)CC1)Nc1ccc(C(=O)c2ccc(C(F)(F)F)cc2)cc1
CTSK,Pre-trained hierVAE Generate,0.46,N(S(C1=CC=CC=C1F)(=O)=O)C=2C=CC(C(=O)N[C@H](C(N[C@@H]3C(CO[C@H]3CC)=O)=O)CC4(CCCC4)C)=CC2,CCCNC(=O)CC1CC2c3cc(NS(=O)(=O)c4ccccc4F)ccc3OC2C(CO)O1
CTSK,Pre-trained hierVAE Generate,0.54,N1(CC(C=2C(OC)=CC=CC2OC)=O)[C@H](C(N[C@H](/C=C/C=3C=CC=CC3)[C@H](CC)C)=O)CCCC1,CCCC(=O)Nc1ccc2c(c1)OCC(C)N(C(=O)CC)CC(C)C(OC)CN(C)C2=O
CTSK,Pre-trained hierVAE Generate,0.64,O1CCN(CC1)C(N[C@H](C(NCCNC=2C=CC(=CC2)OC(F)(F)F)=O)CC(C)(C)C)=O,CC(C)NC(=O)N(C)CC1OCCCCC(C)Oc2ccc(NC(=O)CCC(F)(F)F)cc2C(=O)N(C(C)CO)CC1C
CTSK,Pre-trained hierVAE Generate,0.41,O1CCN(CC1)C(=O)C[C@H](C(N[C@@H](C)CNC=2C=CC(=CC2)OC(F)(F)F)=O)CC(C)(C)C,CC1CCCCOC(CN(C)C(=O)c2ccc(C(C)(C)C)cc2)C(C)CN(C(C)CO)C(=O)c2cc(NC(=O)CCC(F)(F)F)ccc2O1
CTSK,Pre-trained hierVAE Generate,0.51,S(CC[C@H](NC(=O)[C@@H](N[C@@H](C1=CC=C(C=C1)C2=CC=C(S(=O)(=O)C)C=C2)C(F)(F)F)CC(C)C)C(=O)O)C,CC(C)CC(O)C(C)(C)NC(=O)CCC(O)C(NC(=O)CCc1ccc(S(=O)(=O)c2ccc(C(F)(F)F)cc2)cc1)C(=O)O
CTSK,Pre-trained hierVAE Generate,0.51,S(=O)(=O)(NC=1C=CC(C(=O)N[C@@H](CC2(CCCC2)C)C(=O)N[C@H]3[C@@H](OCC3=O)CC)=CC1)C=4N(C=CN4)C,CC1CCCCOC(CN(C)S(=O)(=O)c2cn(C)cn2)C(C)CN(C(C)CO)C(=O)c2cc(N(C)C)ccc2O1
CTSK,Pre-trained hierVAE Generate,0.56,O1CCN(CC1)C(=O)C[C@H](C(N[C@H](CNC=2C=CC(=CC2)OC(F)(F)F)C(C)C)=O)CCCC3=CC=CC=C3,CC1CN(C(C)CO)C(=O)Cc2cc(NC(=O)CCN3CCOCC3)ccc2OC1CN(C)Cc1ccc(C(F)(F)F)cc1
CTSK,Pre-trained hierVAE Generate,0.6,C1CC(NC(C=2C=CC(=CC2)N3CCOCC3)=O)(C(=O)NCC#N)CCC1,CC(C)(C)c1ccc(C(=O)Nc2ccc(C(=O)NCCCN3CCOCC3)cc2)cc1
CTSK,Pre-trained hierVAE Generate,0.56,O1CCN(CC1)C(=O)C[C@H](C(N[C@H](CNC=2C=CC(=CC2)OC(F)(F)F)C(C)C)=O)CCCC3=CC=CC=C3,CC1CN(C(C)CO)C(=O)Cc2cc(NC(=O)CCC(F)(F)F)ccc2OC1CN(C)Cc1ccncc1
CTSK,Pre-trained hierVAE Generate,0.34,C=1(C(Cl)=C(C(NC(C(=O)C(N)=O)C)=O)C=CC1)C(F)(F)F,CC(C)C(NC(=O)c1ccc(Cl)c(Cl)c1)C(=O)O
CTSK,Pre-trained hierVAE Generate,0.4,C(C(=O)NCC#N)(C1=CC(C=2C=CC(N3CCOCC3)=CC2)=CC=C1)CC(C)C,CC(C)(C)c1ccc(-c2cccc(-c3ccc(C(=O)NCCN4CCOCC4)cc3)c2)c(C(C)(C)C)c1
CTSK,Pre-trained hierVAE Generate,0.58,C12(CCNCC1)C(=O)N(CC=3N(CC(C)(C)C)C=4N=C(N=CC4C3)C#N)C5=C2C=C(C=C5)OC,COc1ccc2c3c(n(C)c2c1)C(CO)NCC31CCN(C(=O)NC(C)C)CC1
CTSK,Pre-trained hierVAE Generate,0.35,C(N1CCOCC1)C[C@H](NC([C@@H](NC(C2=CC(=CC=C2)OC)=O)CCC3CCCCC3)=O)CN4CCC5=C4C=CC(=C5)F,CN1C(=O)c2cc(NC(=O)c3ccc(F)cc3)ccc2OCC2OC(CC(=O)NCCCN3CCOCC3)CCC21
CTSK,Pre-trained hierVAE Generate,0.62,N1(CC(C=2C(OC)=CC=CC2OC)=O)[C@H](C(N[C@H](/C=C/C=3C=CC=CC3)[C@H](CC)C)=O)CCCC1,CCCN1CC(C)C(OC)CN(C)C(=O)c2ccc(NC(=O)c3ccncc3)cc2OCC1C
CTSK,Pre-trained hierVAE Generate,0.03,C1=CC(=CC=C1C(N[C@H](C(N2[C@@H]3C(CN([C@@H]3CO2)C(=O)C4=CC=CC=C4)=O)=O)CC(C)C)=O)N(C)C,Cc1noc(C)c1C(=O)N(C)CC1OCc2ccccc2-c2c(n(C)c3ccccc23)C(=O)N(C(C)CO)CC1C
CTSK,Pre-trained hierVAE Generate,0.43,C=1(C#N)N=C(NCC(C)(C)C)C(C(=O)NCCC=2C=CC=C(C2)N3CCN(CC3)C)=CN1,CC(C)(C)CC(=O)Nc1ccc(C(=O)Nc2nc(-c3ccc(CN4CCN(Cc5ccccc5)CC4)cc3)nc3ccccc23)cc1
CTSK,Pre-trained hierVAE Generate,0.5,O1CCN(CC1)C(=O)C[C@H](C(N[C@H](CNC=2C=CC(=CC2)OC(F)(F)F)C(C)C)=O)CCCC3=CC=CC=C3,CC1COCCc2cc(NC(=O)CCN3CCOCC3)ccc2COC(CN(C)Cc2ccc(C(F)(F)F)cc2)C(C)CN(C(C)CO)C1=O
CTSK,Pre-trained hierVAE Generate,0.56,C(N[C@H](C(=O)NCCNC1=CC=C(OC2CCN(CC2)C)C=C1)CC(C)C)(=O)OCC3=CC=CC=C3,COC1CN(C)C(=O)c2cc(NC(=O)NC3CCCCC3)ccc2OCC(C)N(C(=O)NC(C)C)CC1C
CTSK,Pre-trained hierVAE Generate,0.57,C(N1CCOCC1)C[C@H](NC([C@@H](NC(C2=CC(=CC=C2)OC)=O)CCC3CCCCC3)=O)CN4CCC5=C4C=CC(=C5)F,CNCC1OC(=O)c2c(C=Cc3cccc(C(=O)NCCCN4CCOCC4)c3)cccc21
CTSK,Pre-trained hierVAE Generate,0.45,O=C(N[C@@H](CCC1=CC=CC=C1)C(=O)CO)[C@@H](NC(=O)C=2C=C(C=CC2)C(=O)N)C(CC)C,Cc1cccc(C(=O)c2cccc(C(=O)NCCCNCC(O)c3cccc(C(=O)c4ccccc4)c3)c2)c1
CTSK,Pre-trained hierVAE Generate,0.59,O1CCN(CC1)C(=O)C[C@H](C(N[C@H](CNC=2C=CC(=CC2)OC(F)(F)F)C(C)C)=O)CCCC3=CC=CC=C3,CC1CN(C(C)CO)C(=O)c2cc(NC(=O)CCC(F)(F)F)ccc2OC1CN(C)Cc1ccc(C(F)(F)F)cc1
CTSK,Pre-trained hierVAE Generate,0.53,N1(CC(NC([C@@H](N[C@@H](C2=CC=C(C=C2)C=3C=CC(=CC3)S(C)(=O)=O)C(F)(F)F)CC(F)(C)C)=O)C(C1)=O)C(NS(C4=CC=CC=C4)(=O)=O)=O,CC(C)NC(=O)N(C)CC1Oc2cc(-c3ccccc3C(=O)N(C)C)ccc2S(=O)(=O)N(C(C)CO)CC1C
CTSK,Pre-trained hierVAE Generate,0.46,C1CC(CCC1)(NC(C2=CC=C(C=3N=C(SC3)N4CCN(CC4)C)C=C2)=O)C(N[C@H]5[C@@H](OCC5=O)CC)=O,CCCNC(=O)N(C)CC1OCc2ccccc2-c2c(n(C)c3ccccc23)C(=O)N(C(C)CO)CC1C
CTSK,Pre-trained hierVAE Generate,0.68,N1(CC(=O)C(C1)NC([C@@H](NC(C2=CC3=NC=CC=C3C=C2)=O)CC(C)C)=O)C[C@@H](NC(=O)OCC=4C=CC=CC4)CC(C)C,CC(C)NC(=O)N(C)CC1OCc2ccccc2-c2c(n(C)c3ccccc23)C(=O)N(C(C)CO)CC1C
CTSK,Pre-trained hierVAE Generate,0.28,C1=CC(C(N[C@H](C(=O)N[C@@H](CC(=O)OCC)CN2CCC3=C2C=CC(=C3)F)CCC4CCCCC4)=O)=CC(=C1)OC,CCCCCCC(=O)Nc1ccc2c(c1)C(=O)N(C)CC(OC)C(C)CN(Cc1cccc(F)c1)C(C)CO2
CTSK,Pre-trained hierVAE Generate,0.42,N(S(=O)(=O)C1=CC=CC=C1)C=2C=CC(C(=O)N[C@H](C(N[C@@H]3C(CO[C@H]3CC)=O)=O)CC4(CCCC4)C)=CC2,CCCCCNC(=O)CC1CC2c3cc(NS(=O)(=O)c4ccccc4C)ccc3OC2C(CO)O1
CTSK,Pre-trained hierVAE Generate,0.44,N1=C(C#N)N=CC=2C=C(N(C3CCCCC3)C21)CC=4C=CC(=CC4)N5CCN(CC5)C,CCCCN(CCCn1ccnc1)c1ncnc2ccc(-c3cccnc3)cc12
CTSK,Pre-trained hierVAE Generate,0.3,O1CCN(CC1)C(C[C@H](C(N[C@H](CNC2=CC=C(C=C2)OC(F)(F)F)CCC)=O)CC3CCCCC3)=O,CCCCCC(=O)Nc1ccc2c(c1)C(=O)N(C(C)CO)CC(C)C(CN(C)Cc1ccc(C(F)(F)F)cc1)O2
CTSK,Pre-trained hierVAE Generate,0.44,C=1(C=C(C=CC1OCCC2CCN(CC2)CC3=NN=C(O3)C)C4=NC(=C5C(N(C)C=N5)=C4)C#N)C(F)(F)F,CC1CN(C(C)CO)C(=O)CCCn2cc(nn2)COC1CN(C)Cc1ccc(C(F)(F)F)cc1
CTSK,Pre-trained hierVAE Generate,0.33,S(=O)(=O)(NC=1C=CC(C(=O)N[C@@H](CC2(CCCC2)C)C(=O)N[C@H]3[C@@H](OCC3=O)CC)=CC1)C=4N(C=CN4)C,COc1ccccc1NC(=O)N(C)CC1OCCCCC(C)Oc2ccc(NS(C)(=O)=O)cc2C(=O)N(C(C)CO)CC1C
CTSK,Pre-trained hierVAE Generate,0.69,O1CCN(CC1)C(=O)C[C@H](C(N[C@H](CNC=2C=CC(=CC2)OC(F)(F)F)C(C)C)=O)CCCC3=CC=CC=C3,CC1CCCCOC(CN(C)Cc2ccc(C(F)(F)F)cc2)C(C)CN(C(C)CO)C(=O)c2cc(NC(=O)CCCN(C)C)ccc2O1
CTSK,Pre-trained hierVAE Generate,0.59,O1CCN(CC1)C(=O)C[C@H](C(N[C@H](CNC=2C=CC(=CC2)OC(F)(F)F)C(C)C)=O)CCCC3=CC=CC=C3,CC1CCCCOC(CN(C)Cc2cccc(C(F)(F)F)c2)C(C)CN(C(C)CO)C(=O)c2cc(NC(=O)CCN3CCOCC3)ccc2O1
CTSK,Pre-trained hierVAE Generate,0.29,C1(CCCCC1)(OC2=CC=C(C=C2)C(C)C)C(NCCNC=3C=CC(=CC3)OC)=O,CC(C)(C)c1ccc(C(=O)Nc2ccc(C(=O)NCCCCCCCCCCCCCCCCCCCCCCCCCCCCCCCCCCCCCCCCCCCCCCCCCCCCCCCCCCCC(=O)NCC(O)c3cc(O)c(O)c(O)c3)cc2)cc1
CTSK,Pre-trained hierVAE Generate,0.52,C1=CC(C(N[C@H](C(=O)N[C@@H](CC(=O)OCC)CN2CCC3=C2C=CC(=C3)F)CCC4CCCCC4)=O)=CC(=C1)OC,CCCCCC(=O)Nc1ccc2c(c1)C(=O)N(C)CC(OC)C(C)CN(C(=O)c1cccc(F)c1)C(C)CO2
CTSK,Pre-trained hierVAE Generate,0.58,O1CCN(CC1)C(N[C@H](C(NCCNC=2C=CC(=CC2)OC(F)(F)F)=O)CC(C)(C)C)=O,CC(C)NC(=O)N(C)CC1OCCCCC(C)Oc2ccc(NC(=O)Nc3ccc(C(F)(F)F)cc3)cc2C(=O)N(C(C)CO)CC1C
CTSK,Pre-trained hierVAE Generate,0.02,C(N[C@H](C(=O)NCCNC1=CC=C(C=C1)OC)CC2CCCCC2)(C=3C=CC(N4CCOCC4)=CC3)=O,COc1ccc(CNCCC2CCC(NC(=O)CCN3CCCCC3)C(CO)O2)cc1
CTSK,Pre-trained hierVAE Generate,0.1,N=1C(C(N[C@H](C(NC2C(=O)COC2)=O)CC(C)C)=O)=CC=C3C1C=CC=C3,O=C(NC(Cc1c[nH]c2ccccc12)C(=O)NC1C(=O)Cc2ccccc2C1=O)c1cccnc1
CTSK,Pre-trained hierVAE Generate,0.48,O1CCN(CC1)C(N[C@H](C(NCCNC=2C=CC(=CC2)OC(F)(F)F)=O)CC(C)(C)C)=O,COC1CN(C)C(=O)c2cc(NC(=O)NC(C)C)ccc2OCC(C)N(Cc2cc(F)ccc2F)CC1C
CTSK,Pre-trained hierVAE Generate,0.58,S(=O)(=O)(NC=1C=CC(C(=O)N[C@@H](CC2(CCCC2)C)C(=O)N[C@H]3[C@@H](OCC3=O)CC)=CC1)C=4N(C=CN4)C,CCCCCCC(=O)Nc1ccc2c(c1)OC(CN(C)S(=O)(=O)c1cn(C)cn1)C(C)CN(C(C)CO)S2(=O)=O
CTSK,Pre-trained hierVAE Generate,0.4,C(NC([C@H]1[C@@H](CCCC1)C(=O)N2CCN(CC2)CC3=CC=C(C=C3)F)=O)(C#N)C4=C(C=CC=C4)OC,COc1ccc(-c2ccc(C(=O)N3CC(Cc4ccccc4)NCC3C(=O)NCc3cccc(F)c3)cc2)cc1
CTSK,Pre-trained hierVAE Generate,0.45,C1CC(NC(C=2C=CC(=CC2)N3CCOCC3)=O)(C(=O)NCC#N)CCC1,CC(C)(C)c1ccc(C(=O)Nc2ccc(C(=O)NCCCN3CCOCC3)cc2)cc1
CTSK,Pre-trained hierVAE Generate,0.67,C=1(C=C(C=CC1OCCC2CCN(CC2)CC3=NN=C(O3)C)C4=NC(=C5C(N(C)C=N5)=C4)C#N)C(F)(F)F,CC1CN(C(C)CO)C(=O)CCCn2nncc2COC1CN(C)Cc1ccc(C(F)(F)F)cc1
CTSK,Pre-trained hierVAE Generate,0.51,C=1(C=C(C=CC1OCCC2CCN(CC2)CC3=NN=C(O3)C)C4=NC(=C5C(N(C)C=N5)=C4)C#N)C(F)(F)F,CC1CN(C(C)CO)C(=O)CCCn2cc(nn2)COC1CN(C)Cc1ccc(C(F)(F)F)cc1
CTSK,Pre-trained hierVAE Generate,0.57,O1CCN(CC1)C(=O)C[C@H](C(N[C@H](CNC=2C=CC(=CC2)OC(F)(F)F)C(C)C)=O)CCCC3=CC=CC=C3,CC1CN(C(C)CO)C(=O)c2cc(NC(=O)CCN3CCOCC3)ccc2OC1CN(C)Cc1ccc(C(F)(F)F)cc1
CTSK,Pre-trained hierVAE Generate,0.72,C(N1CCOCC1)C[C@H](NC([C@@H](NC(C2=CC(=CC=C2)OC)=O)CCC3CCCCC3)=O)CN4CCC5=C4C=CC(=C5)F,COc1ccc(CNC(=O)CC2CCC3C(COCC(O)CN3C(=O)c3cccc(F)c3)O2)cc1
CTSK,Pre-trained hierVAE Generate,0.03,O1CCN(C(=O)N[C@H](C(N[C@H](CNC=2C=CC(=CC2)OC(F)(F)F)C)=O)CSCC3=CC=CC=C3)CC1,COc1ccccc1CNC(=O)CC1CCC2C(COCC(O)CN2C(=O)Nc2ccccc2C(F)(F)F)O1
CTSK,Pre-trained hierVAE Generate,0.21,C([C@@H](NC(C=1C=C(C(=O)N)C=CC1)=O)C(CC)C)(N[C@H](C(=O)CO)CCCC)=O,CC(N)C(=O)Nc1ccc(C(=O)NCCCNC(=O)CCNC(=O)CCNC(=O)CCNC(=O)CCNC(=O)CCNC(=O)CCNC(=O)CCNC(=O)CCNC(=O)CCNC(=O)CCNC(=O)CCNC=O)cc1
CTSK,Pre-trained hierVAE Generate,0.68,O1CCN(CC1)C(=O)C[C@H](C(N[C@H](CNC=2C=CC(=CC2)OC(F)(F)F)C(C)C)=O)CCCC3=CC=CC=C3,CC1CN(C(C)CO)C(=O)c2cc(NC(=O)CCN3CCOCC3)ccc2OC1CN(C)Cc1ccc(C(F)(F)F)cc1
CTSK,Pre-trained hierVAE Generate,0.53,C=1(C=C(C=CC1OCCC2CCN(CC2)CC3=NN=C(O3)C)C4=NC(=C5C(N(C)C=N5)=C4)C#N)C(F)(F)F,CC1CN(C(C)CO)C(=O)CCCn2nncc2COC1CN(C)Cc1ccc(C(F)(F)F)cc1
CTSK,Pre-trained hierVAE Generate,0.43,O1CCN(CC1)C(C[C@H](C(N[C@H](CNC2=CC=C(C=C2)OC(F)(F)F)CCC)=O)CC3CCCCC3)=O,CCCCCC(=O)Nc1ccc2c(c1)C(=O)N(C(C)CO)CC(C)C(CN(C)C(=O)CCC(F)(F)F)O2
CTSK,Pre-trained hierVAE Generate,0.41,C(C(=O)NCC#N)(C1=CC(C2=CC=C(N3CCNCC3)C=C2)=CC=C1)CC(C)C,CN(C)c1ncnc2ccc(-c3ccc(C(=O)NCCCN4CCN(Cc5ccccc5)CC4)cc3)cc12
CTSK,Pre-trained hierVAE Generate,0.45,S(=O)(=O)(NC=1C=CC(C(=O)N[C@@H](CC2(CCCC2)C)C(=O)N[C@H]3[C@@H](OCC3=O)CC)=CC1)C=4N(C=CN4)C,CCNCC1OCCCCC(C)Oc2ccc(NS(=O)(=O)c3cn(C)cn3)cc2C(=O)N(C(C)CO)CC1C
CTSK,Pre-trained hierVAE Generate,0.32,O1CCN(CC1)C(=O)C[C@H](C(N[C@H](CNC=2C=CC(=CC2)OC(F)(F)F)C(C)C)=O)CCCC3=CC=CC=C3,CC1CN(C(C)CO)C(=O)Cc2cc(NC(=O)CCC(F)(F)F)ccc2OC1CN(C)Cc1ccc(C(F)(F)F)cc1
CTSK,Pre-trained hierVAE Generate,0.3,C(N[C@H](C=O)CCCCCC)(OC(C)(C)C)=O,CCCCCCCCCCCCCCCCCCCCCCCCCCCCCCCCCCCCCCCCCCCCCCCCCCCCCCCCCCCCCCCCCCCCCCCCCCCCCCCCCCCCCCCCCCCCCCCC(C)(C)C
CTSK,Pre-trained hierVAE Generate,0.51,S(=O)(=O)(NC=1C=CC(C(=O)N[C@@H](CC2(CCCC2)C)C(=O)N[C@H]3[C@@H](OCC3=O)CC)=CC1)C=4N(C=CN4)C,CCCNC(=O)N1CC(C)C(OC)CN(C)C(=O)c2cc(NS(=O)(=O)c3cccc(C)c3)ccc2OCC1C
CTSK,Pre-trained hierVAE Generate,0.4,C1(C(N[C@@H](CC(C)(C)F)C(=O)N[C@@H]2C(=O)CN(S(C=3C=CC=CN3)(=O)=O)CCC2)=O)=CC4=C(O1)C=CC=C4,Cc1ccc(S(=O)(=O)N2CC(O)COCC3OC(CC(=O)NCc4ccccc4F)CCC32)cc1
CTSK,Pre-trained hierVAE Generate,0.35,C(N[C@H](C=O)CCCC)(=O)OC(CCC)CCC,CCCCCCC(O)CCCCCCCCCCCCCCCCCCCCCCCCCCCCCCCCCCCCCCCCCC(O)CCCCCCCCC(O)CCCCCCC(O)CCCCCC(=O)O
CTSK,Pre-trained hierVAE Generate,0.4,FC=1C=C(C2(CC2)C(=O)N)C=CC1C3=CC=C([C@H](N[C@H](C(=O)NC4(CC4)C#N)CC(F)(C)C)C(F)F)C=C3,CC(C)(C)CCC(=O)NC(C(=O)Nc1ccc(Cl)c(Cl)c1)C(C)(C)C
CTSK,Pre-trained hierVAE Generate,0.43,C(N[C@H](C(=O)NCCNC1=CC=C(C=C1)OC)CC2=C(Cl)C=CC=C2)(C3=CC(C)=CC=C3)=O,COc1ccccc1C=NNC(=O)CCCCCCC(=O)Nc1ccc(C(F)(F)F)cc1
CTSK,Pre-trained hierVAE Generate,0.54,C1=CC(C(N[C@H](C(=O)N[C@@H](CC(=O)OCC)CN2CCC3=C2C=CC(=C3)F)CCC4CCCCC4)=O)=CC(=C1)OC,CCCCC(=O)Nc1ccc2c(c1)C(=O)N(C)CC(OC)C(C)CN(C(=O)c1ccccc1F)C(C)CO2
CTSK,Pre-trained hierVAE Generate,0.39,C(N1CCOCC1)C[C@H](NC([C@@H](NC(C2=CC(=CC=C2)OC)=O)CCC3CCCCC3)=O)CN4CCC5=C4C=CC(=C5)F,COc1cccc(CNC(=O)CC2CCC3C(COCC(O)CN3C(=O)c3cccc(F)c3)O2)c1
CTSK,Pre-trained hierVAE Generate,0.42,S(=O)(=O)(NC=1C=CC(C(=O)N[C@@H](CC2(CCCC2)C)C(=O)N[C@H]3[C@@H](OCC3=O)CC)=CC1)C=4N(C=CN4)C,COc1ccc(S(=O)(=O)N(C)CC2OCCCCC(C)Oc3ccc(NC(=O)CCCN(C)C)cc3C(=O)N(C(C)CO)CC2C)cc1
CTSK,Pre-trained hierVAE Generate,0.62,C1=CC(C(N[C@H](C(=O)N[C@@H](CC(=O)OCC)CN2CCC3=C2C=CC(=C3)F)CCC4CCCCC4)=O)=CC(=C1)OC,CCCCCCC(=O)Nc1ccc2c(c1)OCC(C)N(C(=O)c1ccccc1F)CC(C)C(OC)CN(C)C2=O
CTSK,Pre-trained hierVAE Generate,0.36,C(N[C@H](C(=O)NCCNC1=CC=C(OC2CCN(CC2)C)C=C1)CC(C)C)(=O)OCC3=CC=CC=C3,CC1CCCCOC(CN(C)CC2CCCCC2)C(C)CN(C(C)CO)C(=O)c2cc(NC(=O)c3ccncc3)ccc2O1
CTSK,Pre-trained hierVAE Generate,0.45,O1CCN(CC1)C(=O)C[C@H](C(N[C@H](CNC=2C=CC(=CC2)OC(F)(F)F)C(C)C)=O)CCCC3=CC=CC=C3,CC1CN(C(C)CO)C(=O)c2cc(NC(=O)CCN3CCOCC3)ccc2OC1CN(C)Cc1ccc(C(F)(F)F)cc1
CTSK,Pre-trained hierVAE Generate,0.44,C1(=NN(C=2C(Cl)=CC=CC2)C=N1)C(N[C@H](C(=O)NCCNC3=CC=C(C=C3)OC)CC(C)C)=O,CC1CCCCOC(CN(C)Cc2ccccc2F)C(C)CN(C(C)CO)C(=O)c2cc(NC(=O)Cn3cnnn3)ccc2O1
CTSK,Pre-trained hierVAE Generate,0.45,C([C@H](NC(=O)CC1=CC=C(C=C1)C=2C=CC=CC2)CSC)(N[C@@H](C(N[C@H](C(N[C@H](C(=O)NCCC=3C=CC=CC3)CC=4C=CC=CC4)=O)CC5=CC=CC=C5)=O)CCCN=C(N)N)=O,CCC(C)C(=O)Nc1ccc(C(=O)NCCCCCCC(=O)NC(Cc2ccccc2)C(=O)NC(CCCNC(=N)N)C(=O)NC(CCCNC(=N)N)C(=O)Nc2ccc(C(=O)NCCCCCNC)cc2)cc1
CTSK,Pre-trained hierVAE Generate,0.35,FC(F)(F)C1=C(OCCC2CCN(CC2)CC(=O)N(C)C)C=CC(=C1)C=3N=C(C=4N=CN(C4C3)C)C#N,CC1CN(C(C)CO)C(=O)c2ccccc2-c2ccccc2COC1CN(C)C(=O)CCC(F)(F)F
CTSK,Pre-trained hierVAE Generate,0.37,N=1C(C=2C=CC(OCCN3CCCC3=O)=C(C(F)(F)F)C2)=CC=4N(C=NC4C1C#N)C,COc1ccc(CN2C3Cn4c(ccc(-c5ccc(F)cc5)c4=O)C2C(CO)C3C(=O)N2CCCCC2)cc1
CTSK,Pre-trained hierVAE Generate,0.45,O1CCN(CC1)C(=O)C[C@H](C(N[C@H](CNC=2C=CC(=CC2)OC(F)(F)F)C(C)C)=O)CCCC3=CC=CC=C3,CC1CN(C(C)CO)C(=O)c2cc(NC(=O)CCN3CCOCC3)ccc2OC1CN(C)Cc1ccc(C(F)(F)F)cc1
CTSK,Pre-trained hierVAE Generate,0.23,N1([C@H](C(N[C@H](/C=C/C=2C=CC=CC2)CC(C)C)=O)CCCC1)CC(=O)C3=CC=CC=C3,CC(C)(C)c1ccc(C(=O)c2ccccc2C(=O)NCCCN2CCN(Cc3ccccc3)CC2)cc1
CTSK,Pre-trained hierVAE Generate,0.68,S(=O)(=O)(N1C[C@H](C[C@H](NC(=O)[C@@H](NC(=O)C=2OC=3C(C2)=CC=CC3)CC(C)C)C(=O)C1)C)C4=NC=CC=C4,CC1CN(C(C)CO)S(=O)(=O)c2ccc(-c3ccccc3C(=O)N(C)C)cc2OC1CN(C)C(=O)c1cccnc1
CTSK,Pre-trained hierVAE Generate,0.41,O1CCN(CC1)C(=O)C[C@H](C(N[C@H](CNC=2C=CC(=CC2)OC(F)(F)F)C(C)C)=O)CCCC3=CC=CC=C3,CC1CN(C(C)CO)C(=O)c2cc(NC(=O)CCN3CCOCC3)ccc2OC1CN(C)Cc1ccc(C(F)(F)F)cc1
CTSK,Pre-trained hierVAE Generate,0.51,C=1(C#CCN2CCN(CC2)S(C3=CC=C(C=C3)OC)(=O)=O)C=NC(C#N)=NC1NCC(C)(C)C,CC1CN(C(C)CO)S(=O)(=O)c2ccc(C#Cc3ccccc3C(=O)O)cc2OC1CN(C)Cc1ccc(C(=O)O)cc1
CTSK,Pre-trained hierVAE Generate,0.3,C1N(C[C@H](NS(=O)(=O)C2=CC(=CC=C2)Br)C1)C=O,NS(=O)(=O)c1ccc(-c2csc(-c3ccc(C(=O)NC4CCN(Cc5ccccc5)C4)cc3)c2)cc1
CTSK,Pre-trained hierVAE Generate,0.44,O1CCN(CC1)C(=O)N[C@H](C(N[C@H](CNC=2C=CC(=CC2)OC(F)(F)F)CC)=O)CC3CCCCC3,CCCNC(=O)Nc1ccc2c(c1)C(=O)N(C)CC(OC)C(C)CN(Cc1ccc(F)cc1)C(C)CO2
CTSK,Pre-trained hierVAE Generate,0.06,N1(C(N[C@H](C(N[C@@H]2C(CN([C@@H](CC2)C)S(=O)(C=3N=CC=CC3)=O)=O)=O)CCC4CCCC4)=O)CCOCC1,Cc1ccc(S(=O)(=O)NC2C=CC(CC(=O)NCCN3CCCCC3)OC2CO)cc1
CTSK,Pre-trained hierVAE Generate,0.31,S(=O)(=O)(N1CCC(CC1)CCOC2=C(C=C(C=C2)C=3N=C(C=4N=CN(C4C3)C)C#N)C(F)(F)F)C,CC1CN(S(=O)C(C)(C)C)C(=O)CCCn2cc(nn2)COC1CN(C)Cc1ccc(C(F)(F)F)cc1
CTSK,Pre-trained hierVAE Generate,0.4,C1CC(NC(C=2C=CC(=CC2)N3CCOCC3)=O)(C(=O)NCC#N)CCC1,CC(C)(C)c1ccc(C(=O)Nc2ccc(C(=O)NCCCN3CCOCC3)cc2)cc1
CTSK,Pre-trained hierVAE Generate,0.2,C(N[C@H](C=O)CCCCCC)(OC(C)(C)C)=O,CCCCCC(O)(C(O)CCCC(O)CCCCCCCCC(=O)O)C(C)(C)C
CTSK,Pre-trained hierVAE Generate,0.65,C1=CC(C(N[C@H](C(=O)N[C@@H](CC(=O)OCC)CN2CCC3=C2C=CC(=C3)F)CCC4CCCCC4)=O)=CC(=C1)OC,CCCCCC(=O)Nc1ccc2c(c1)OCC(C)N(C(=O)c1ccc(F)cc1)CC(C)C(OC)CN(C)C2=O
CTSK,Pre-trained hierVAE Generate,0.49,C([C@@H](NC(C=1C=C(C(=O)N)C=CC1)=O)C(CC)C)(N[C@H](C(=O)CO)CCCC)=O,CC(C)(C)CCC(=O)NC(Cc1ccccc1)C(=O)NCCCCC(C(N)=O)C(=O)O
CTSK,Pre-trained hierVAE Generate,0.42,N=1C(C(N[C@H](C(NC2C(=O)COC2)=O)CC(C)C)=O)=CC=C3C1C=CC=C3,COc1ccc(CNC(=O)CC2C=CC(NC(=O)c3ccc4c(c3)OCO4)C(CO)O2)cc1
CTSK,Pre-trained hierVAE Generate,0.34,O1CCN(CC1)C(N[C@H](C(NCCNC=2C=CC(=CC2)OC(F)(F)F)=O)CC(C)(C)C)=O,CC1CCCCOC(CN(C)Cc2ccc(C(F)(F)F)cc2)C(C)CN(C(C)CO)C(=O)c2cc(NC(=O)NC3CCCCC3)ccc2O1
CTSK,Pre-trained hierVAE Generate,0.3,N1(CC(C=2C(OC)=CC=CC2OC)=O)[C@H](C(N[C@H](/C=C/C=3C=CC=CC3)[C@H](CC)C)=O)CCCC1,CCCCCC(=O)Nc1ccc2c(c1)C(=O)N(C)CC(OC)C(C)CN(C(=O)c1ccccn1)C(C)CO2
CTSK,Pre-trained hierVAE Generate,0.39,N1(C2=CC=C(C=3C=C(C(C(=O)NCC#N)CC(C)C)C=CC3)C=C2)CCN(CC1)CC(O)(C)C,CC(C)(C)C#Cc1ccc(C(=O)N2CCN(CC(O)c3ccc(C(=O)NCC(C)(C)C)cc3)CC2)cc1
CTSK,Pre-trained hierVAE Generate,0.4,C(C([C@@H](NC(=O)OCC1(CC2=C(F)C=CC=C2F)CCC1)CCCCNC(=O)NC)=O)(N[C@@H](C3=CC=CC=C3)C)=O,CC(C)NC(=O)NC1C=CC(CC(=O)NCc2ccc(Cl)cc2)OC1CO
CTSK,Ours,0.86,C=1(C#N)N=C(NC2CCCCC2)C(C(=O)NCCC=3C=CC(=CC3)N4CCN(CC4)C)=CN1,Cc1ccc(C)c(Nc2ncnc3ccc(C(=O)NCCCCN4CCN(C)CC4)cc23)c1
CTSK,Ours,0.85,O1CCN(CC1)C(=O)C[C@H](C(N[C@@H](C)CNC=2C=CC(=CC2)OC(F)(F)F)=O)CC(C)(C)C,COC1CN(C)C(=O)c2cc(NC(=O)c3ccc(F)cc3)ccc2OCC(C)N(C(=O)CC(F)(F)F)CC1C
CTSK,Ours,0.85,N1[C@@H](CCCC1)C(=O)N[C@@H](CC=2C=CC(=CC2)C3=CC4=CN(C(=C4C=C3)O)C)C#N,Cn1c2c(c3cc(Cl)ccc31)CCN(C(=O)C1CC1)C2CO
CTSK,Ours,0.85,C=1(C=C(C=CC1OCCC2CCN(CC2)CC3=NN=C(O3)C)C4=NC(=C5C(N(C)C=N5)=C4)C#N)C(F)(F)F,CC1CN(C(C)CO)C(=O)CCCn2cc(nn2)COC1CN(C)C(=O)c1cccc(C(F)(F)F)c1
CTSK,Ours,0.85,C1CC(NC(C=2C=CC(=CC2)N3CCOCC3)=O)(C(=O)NCC#N)CCC1,CC(C)(C)C(NC(=O)CNC(=O)c1cccc(C#N)c1)C(=O)NCCCN1CCOCC1
CTSK,Ours,0.85,C([C@H](NC(=O)CC1=CC=C(C=C1)C=2C=CC=CC2)CSC)(N[C@@H](C(N[C@H](C(N[C@H](C(=O)NCCC=3C=CC=CC3)CC=4C=CC=CC4)=O)CC5=CC=CC=C5)=O)CCCN=C(N)N)=O,CCCCCCCCCCCCCCCCCC(=O)NCC(=O)NC(Cc1ccccc1)C(=O)NC(Cc1ccccc1)C(=O)NC(CCCNC(=N)N)C(=O)NC(CCCNC(=N)N)C(=O)NC
CTSK,Ours,0.85,C(N[C@H](C(=O)NCCNC1=CC=C(OC2CCN(CC2)C)C=C1)CC(C)C)(=O)OCC3=CC=CC=C3,CC(C)NC(=O)N(C)CC1OCCCCC(C)Oc2ccc(NC(=O)CCCN(C)C)cc2C(=O)N(C(C)CO)CC1C
CTSK,Ours,0.85,C(N[C@H](C(=O)NCCNC1=CC=C(C=C1)OC)CC2CCCCC2)(C=3C=CC(N4CCOCC4)=CC3)=O,COc1ccc(-c2ccc(C(=O)NCCCN3CCOCC3)cc2)cc1
CTSK,Ours,0.85,C(N[C@H](C(=O)NCCNC1=CC=C(C=C1)OC)CC2CCCCC2)(C=3C=CC(N4CCOCC4)=CC3)=O,COc1ccc(-c2ccc(C(=O)NCCCN3CCOCC3)cc2)cc1
CTSK,Ours,0.84,S(=O)(=O)(NC=1C=CC(C(=O)N[C@@H](CC2(CCCC2)C)C(=O)N[C@H]3[C@@H](OCC3=O)CC)=CC1)C=4N(C=CN4)C,CCCNC(=O)Nc1ccc2c(c1)CC(=O)N(C(C)CO)CC(C)C(CN(C)S(=O)(=O)c1ccc(C)cc1)O2
CTSK,Ours,0.84,C=1(SC=2C=CC=CC2C1)C(N[C@H](C(NC3C(=O)COC3)=O)CCC)=O,CCCNC(=O)CC1CC2c3cc(NC(=O)C4CCCCC4)ccc3OC2C(CO)O1
CTSK,Ours,0.84,C=1(C=C(C(N[C@H](C(=O)NCCN2CCC3=C2C=CC(=C3)Cl)CC(C)C)=O)C=CC1)C,CC(=O)Nc1ccc(Cl)c(C(=O)NC(Cc2c[nH]c3ccccc23)C(=O)NCCCN(C)C)c1
CTSK,Ours,0.83,N1(CC(NC([C@@H](N[C@@H](C2=CC=C(C=C2)C=3C=CC(=CC3)S(C)(=O)=O)C(F)(F)F)CC(F)(C)C)=O)C(C1)=O)C(NS(C4=CC=CC=C4)(=O)=O)=O,CC(C)NC(=O)N(C)CC1Oc2cc(-c3ccccc3C(=O)N(C)C)ccc2S(=O)(=O)N(C(C)CO)CC1C
CTSK,Ours,0.83,C1=CC(=CC=C1C(N[C@H](C(N2[C@@H]3C(CN([C@@H]3CC2)C(=O)C4=CC=CC=C4)=O)=O)CC(C)C)=O)N(C)C,CC1CN(C(C)CO)C(=O)c2c(c3ccccc3n2C)-c2ccccc2COC1CN(C)CC1CCCCC1
CTSK,Ours,0.82,[C@@H]1([C@@H](CCCC1)C(=O)N2[C@@H](CN(CC2)C3=CC=C4C(OCO4)=C3)C)C(=O)NC5(CC5)C#N,CN(C)c1ccc2c(c1)C1CC(CC(=O)NCC3CC3)OC(CO)C1O2
CTSK,Ours,0.82,[C@@H](CC(C)C)(NC=1C=CC=C(C2=CC=CC=C2)C1)C(N[C@H](CNC=3C=CC(OCC=4N=NNN4)=CC3)CC)=O,CCCCCC1CNC(Cc2ccccc2)COCc2cn(nn2)C(=O)C1
CTSK,Ours,0.82,O1CCN(CC1)C(=O)C[C@H](C(N[C@H](CNC=2C=CC(=CC2)OC(F)(F)F)C(C)C)=O)CCCC3=CC=CC=C3,CC1CN(C(C)CO)C(=O)c2cc(NC(=O)CCCN(C)C)ccc2OC1CN(C)Cc1ccc(C(F)(F)F)cc1
CTSK,Ours,0.82,N1(C(C)(C)C)CCN(CC1)C=2C=CC(C=3C=C(C(C(=O)NCC#N)CC(C)C)C=CC3)=CC2,CC(C)(C)c1ccc(CN2CCN(CCCNC(=O)c3ccc(C(C)(C)C)cc3)CC2)cc1
CTSK,Ours,0.82,N([C@H](CNC1=CC=C(OC(F)(F)F)C=C1)C)C([C@H](CC2CCCCC2)NC(=O)N3CCOCC3)=O,COc1ccc(CNC(=O)CC2CCC3C(COCC(O)CN3C(=O)Nc3ccc(F)cc3)O2)cc1
CTSK,Ours,0.82,N(S(C1=CC=CC=C1F)(=O)=O)C=2C=CC(C(=O)N[C@H](C(N[C@@H]3C(CO[C@H]3CC)=O)=O)CC4(CCCC4)C)=CC2,COc1ccc(S(=O)(=O)Nc2ccc3c(c2)C2CC(CC(=O)NCc4cccc(F)c4)OC(CO)C2O3)cc1
CTSK,Ours,0.82,C=1(C=C(C=CC1OCCC2CCN(CC2)CC3=NN=C(O3)C)C4=NC(=C5C(N(C)C=N5)=C4)C#N)C(F)(F)F,CC1CN(C(C)CO)C(=O)CCCn2cc(nn2)COC1CN(C)Cc1ccc(C(F)(F)F)cc1
CTSK,Ours,0.82,C1CC(NC(C=2C=CC(=CC2)N3CCOCC3)=O)(C(=O)NCC#N)CCC1,Cc1cccc(C(=O)Nc2ccc(C(=O)NCCCN3CCOCC3)cc2)c1
CTSK,Ours,0.82,C1(=NN(C[C@@H](OC(N[C@@H](CCCC)C(=O)CNS(C=2N=CC=CC2)(=O)=O)=O)C(C)(C)C)C=C1)C=3C=NC=CC3,CC(C)(C)c1ccc(S(=O)(=O)NC2CCC(CCn3cc(C4CCCCC4)nn3)OC2CO)cc1
CTSK,Ours,0.82,C(N1CCOCC1)C[C@H](NC([C@@H](NC(C2=CC(=CC=C2)OC)=O)CCC3CCCCC3)=O)CN4CCC5=C4C=CC(=C5)F,COc1ccc(CNC(=O)CC2CCC3C(COCC(O)CN3C(=O)c3ccc(F)cc3)O2)cc1
CTSK,Ours,0.82,C(N1CCOCC1)C[C@H](NC([C@@H](NC(C2=CC(=CC=C2)OC)=O)CCC3CCCCC3)=O)CN4CCC5=C4C=CC(=C5)F,CCCN1C(C(=O)NCCCN2CCOCC2)C(CO)C2Cn3c(ccc(-c4ccc(F)cc4)c3=O)C21
CTSK,Ours,0.81,S(=O)(=O)(NC=1C=CC(C(=O)N[C@@H](CC2(CCCC2)C)C(=O)N[C@H]3[C@@H](OCC3=O)CC)=CC1)C=4N(C=CN4)C,CCNC(=O)CC1CCC2C(COc3ccc(NS(=O)(=O)c4ccc(C)cc4)cc3C(=O)N2C)O1
CTSK,Ours,0.81,S(=O)(=O)(NC=1C=CC(C(=O)N[C@@H](CC2(CCCC2)C)C(=O)N[C@H]3[C@@H](OCC3=O)CC)=CC1)C=4N(C=CN4)C,CCNC(=O)CC1CCC2C(COc3ccc(NS(=O)(=O)c4ccc(C)cc4)cc3C(=O)N2C)O1
CTSK,Ours,0.81,S(=O)(=O)(NC=1C=CC(C(=O)N[C@@H](CC2(CCCC2)C)C(=O)N[C@H]3[C@@H](OCC3=O)CC)=CC1)C=4N(C=CN4)C,CCCNC(=O)N1CC(C)C(OC)CN(C)C(=O)c2ccc(NS(=O)(=O)c3ccc(C)cc3)cc2OCC1C
CTSK,Ours,0.81,S(=O)(=O)(NC=1C=CC(C(=O)N[C@@H](CC2(CCCC2)C)C(=O)N[C@H]3[C@@H](OCC3=O)CC)=CC1)C=4N(C=CN4)C,CCCNC(=O)N1CC(C)C(OC)CN(C)C(=O)c2cc(NS(=O)(=O)c3ccc(C)cc3)ccc2OCC1C
CTSK,Ours,0.81,S(=O)(=O)(NC1=CC(OC)=C(C(=O)N[C@@H](CC2(CCCC2)C)C(=O)N[C@H]3[C@@H](OCC3=O)CC)C=C1)C,CCCNC(=O)N1CC(C)C(OC)CN(C)C(=O)c2cc(NS(C)(=O)=O)ccc2OCC1C
CTSK,Ours,0.81,O=S(=O)(NCC(CNC(C(NC(C=1C=CN=CC1)=O)CC(C)C)=O)=O)C2=CC=C(C=C2)OC3=CC=CC=C3,COC(CN(C)C(=O)c1cnccn1)C(C)CN(C(C)CO)S(=O)(=O)c1ccccc1
CTSK,Ours,0.81,O=C(NCCNC=1C=CC(OC)=CC1)[C@@H](NC(=O)C2=CC(=CC=C2)C)C3CCCCC3,COc1ccc(-c2ccc(C(=O)Nc3ccc(C(=O)NCCCCCNCCCC(=O)O)cc3)cc2)cc1
CTSK,Ours,0.81,O1CCN(CC1)C(C[C@H](C(N[C@H](CNC=2C=CC(=CC2)OC(F)(F)F)CC)=O)CCC3=CC=CC=C3)=O,CN1C(=O)c2cc(NC(=O)CCC(F)(F)F)ccc2OCC2OC(CC(=O)NCCc3ccccc3)CCC21
CTSK,Ours,0.81,O1CCN(CC1)C(=O)C[C@H](C(N[C@H](CNC=2C=CC(=CC2)OC(F)(F)F)C(C)C)=O)CCCC3=CC=CC=C3,CC1CN(C(C)CO)C(=O)Cc2cc(NC(=O)CCCN(C)C)ccc2OC1CN(C)Cc1ccc(C(F)(F)F)cc1
CTSK,Ours,0.81,N1=C(C=2N=CN(C2C=C1C=3C=CC(OCCN4CCNC(C4)=O)=C(C(F)(F)F)C3)C)C#N,COc1ccc(CNC(=O)C2C(CO)C3c4ccc(-c5cncnc5)c(=O)n4CC2N3Cc2ccc(F)cc2)cc1
CTSK,Ours,0.81,N1(C([C@@H](N(C(OCC2=CC=CC=C2)=O)C)CC(C)C)=O)CC(=O)C(C1)NC([C@@H](N(C(OCC3=CC=CC=C3)=O)C)CC(C)C)=O,COc1ccc(CN(C)CC2OCc3ccccc3-c3c(n(C)c4ccccc34)C(=O)N(C(C)CO)CC2C)cc1
CTSK,Ours,0.81,N(S(=O)(=O)C1=CC=CC=C1)C=2C=CC(C(=O)N[C@H](C(N[C@@H]3C(CO[C@H]3CC)=O)=O)CC4(CCCC4)C)=CC2,Cc1ccc(S(=O)(=O)NC2CCC(CC(=O)NC(C)c3ccccc3)OC2CO)cc1
CTSK,Ours,0.81,FC=1C=CC(NCCNC(=O)[C@@H](NC(=O)C2=CC(=CC=C2)C)CC(C)C)=CC1,CC(C(Cc1ccc(-c2ccc(C(F)(F)F)cc2)cc1)NC(=O)CC(C(=O)NCCCCNC(=O)CCc1ccccc1)c1ccccc1)C(C)(C)C
CTSK,Ours,0.81,FC(F)(F)C1=C(OCCC2CCN(CC2)C(=O)C)C=CC(=C1)C=3N=C(C=4N=CN(C4C3)C)C#N,CC1CN(C(C)CO)C(=O)c2c(c3ccccc3n2C)-c2ccccc2COC1CN(C)Cc1ccc(C(F)(F)F)cc1
CTSK,Ours,0.81,C=1(OC=2C=CC(=CC2C1)OCCN3CCOCC3)C(N[C@H](C(NC4C(CN(C(CC5=CC(C6=NC=CC=C6)=CC=C5)=O)CCC4)O)=O)CC(C)C)=O,COc1ccccc1CNC(=O)CC1CC2c3cc(NC(=O)CN(C)C)ccc3OC2C(CO)O1
CTSK,Ours,0.81,C=1(C=C(C=CC1OCCC2CCN(CC2)CC3=NN=C(O3)C)C4=NC(=C5C(N(C)C=N5)=C4)C#N)C(F)(F)F,CC1CN(C(C)CO)C(=O)CCCn2cc(nn2)COC1CN(C)Cc1ccc(C(F)(F)F)cc1
CTSK,Ours,0.81,C=1(C)C=C(C(N[C@H](C(=O)NCCN2CCC3=C2C=CC=C3)CC(C)C)=O)C=CC1,CN(C)CCCNC(=O)c1ccc2oc3ccc(N(C)C)cc3c2c1
CTSK,Ours,0.81,C1(=O)C(C#N)=NN(C(=O)N1C2CCCC2)C=3C=C(C=CC3)C(F)(F)F,Cn1cc(-c2ccc(C(F)(F)F)cc2)c(=O)n(C2CCCCC2)c1=O
CTSK,Ours,0.81,C(N[C@H](C(=O)NCCNC1=CC=C(OC2CCN(CC2)C)C=C1)CC(C)C)(=O)OCC3=CC=CC=C3,CC(C)NC(=O)N(C)CC1OCCCCC(C)Oc2ccc(N(C)C)cc2C(=O)N(C(C)CO)CC1C
CTSK,Ours,0.81,C(N[C@@H](CCCC)C(=O)C(=O)N[C@H](C)C=1C=CC=CC1)(O[C@@H]2CN(CC2(C)C)C(=O)C3=C(ON=C3C)C)=O,Cc1noc(C)c1NC(=O)Nc1ccc2c(c1)C(=O)N(C(C)CO)CC(C)C(CN(C)C(=O)NC(C)C)OCCCCC(C)O2
CTSK,Ours,0.81,C(C([C@@H](NC(=O)OCC1(CC=2C=CC(=CC2)F)CCC1)CCCCNC(N3CCOCC3)=O)=O)(N[C@@H](C=4C=CC=CC4)C)=O,Cc1ccc(CNC(=O)CC2CCC(C(=O)NCCCN3CCOCC3)C(NC(=O)c3ccc(F)cc3)O2)cc1
CTSK,Ours,0.81,C(C(=O)NCC#N)(C1=CC(C2=CC=C(N3CCNCC3)C=C2)=CC=C1)CC(C)C,CCCNC(=O)Nc1ccc(CCCCNCCCCN2CCN(Cc3ccccc3)CC2)cc1
CTSK,Ours,0.8,S(=O)(=O)(NC=1C=CC(C(=O)N[C@@H](CC2(CCCC2)C)C(=O)N[C@H]3[C@@H](OCC3=O)CC)=CC1)C=4N(C=CN4)C,CC1CCCCOC(CN(C)C(=O)NC2CCCCC2)C(C)CN(C(C)CO)C(=O)c2cc(NS(=O)(=O)c3ccc(C#N)cc3)ccc2O1
CTSK,Ours,0.8,S(=O)(=O)(N1CCC[C@H](NC(=O)[C@@H](NC(=O)C=2C=3N=CC=CC3C=CC2)CC(C)C)C(=O)C1)C=4N=CC=CC4,CCCC#Cc1ccc2c(c1)OC(CN(C)C(=O)Cc1ccccn1)C(C)CN(C(C)CO)S2(=O)=O
CTSK,Ours,0.8,O=C(NC1(CC1)C#N)[C@H]2[C@@H](CCCC2)C(=O)N3[C@@H](CN(CC3)C4=CC(OC)=C(C5CC5)C=C4)C,COc1ccc(CN2CCN(C(=O)c3ccc(NC(=O)CCC(C)(C)C)cc3)CC2)cc1
CTSK,Ours,0.8,O1CCN(CC1)C(N[C@H](C(NCCNC=2C=CC(=CC2)OC(F)(F)F)=O)CC(C)(C)C)=O,COc1cccc(NC(=O)N(C)CC2OCCCCC(C)Oc3ccc(NC(=O)CCC(F)(F)F)cc3C(=O)N(C(C)CO)CC2C)c1
CTSK,Ours,0.8,O1CCN(CC1)C(N[C@H](C(NCCNC=2C=CC(=CC2)OC(F)(F)F)=O)CC(C)(C)C)=O,CC1CN(C(C)CO)C(=O)c2cc(NC(=O)Nc3cccc(C(F)(F)F)c3)ccc2OC1CN(C)CC1CC1
CTSK,Ours,0.8,O1CCN(CC1)C(=O)C[C@H](C(N[C@H](CNC=2C=CC(=CC2)OC(F)(F)F)C(C)C)=O)CCCC3=CC=CC=C3,COc1ccc(CN(C)CC2OCCCCC(C)Oc3ccc(NC(=O)CCC(F)(F)F)cc3C(=O)N(C(C)CO)CC2C)cc1
CTSK,Ours,0.8,O1CCN(CC1)C(=O)C[C@H](C(N[C@H](CNC=2C=CC(=CC2)OC(F)(F)F)C(C)C)=O)CCCC3=CC=CC=C3,COc1ccc(CN(C)CC2OCCCCC(C)Oc3ccc(NC(=O)CCC(F)(F)F)cc3C(=O)N(C(C)CO)CC2C)cc1
CTSK,Ours,0.8,O1CCN(CC1)C(=O)C[C@H](C(N[C@H](CNC=2C=CC(=CC2)OC(F)(F)F)C(C)C)=O)CCCC3=CC=CC=C3,CC1CN(C(C)CO)C(=O)c2cc(NC(=O)CCN3CCOCC3)ccc2OC1CN(C)Cc1ccc(C(F)(F)F)cc1
CTSK,Ours,0.8,O1CCN(CC1)C(=O)C[C@H](C(N[C@H](CNC=2C=CC(=CC2)OC(F)(F)F)C(C)C)=O)CCCC3=CC=CC=C3,CC1CCCCOC(CN(C)Cc2ccc(C(F)(F)F)cc2)C(C)CN(C(C)CO)C(=O)c2cc(NC(=O)CCCN(C)C)ccc2O1
CTSK,Ours,0.8,O1CCN(CC1)C(=O)C[C@H](C(N[C@H](CNC=2C=CC(=CC2)OC(F)(F)F)C(C)C)=O)CCCC3=CC=CC=C3,CC1CCCCOC(CN(C)Cc2ccc(C(F)(F)F)cc2)C(C)CN(C(C)CO)C(=O)c2cc(NC(=O)CCCN(C)C)ccc2O1
CTSK,Ours,0.8,O1CCN(CC1)C(=O)C[C@H](C(N[C@H](CNC=2C=CC(=CC2)OC(F)(F)F)C(C)C)=O)CCCC3=CC=CC=C3,CC1CCCCOC(CN(C)Cc2ccc(C(F)(F)F)cc2)C(C)CN(C(C)CO)C(=O)c2cc(NC(=O)CCCN(C)C)ccc2O1
CTSK,Ours,0.8,O1CCN(CC1)C(=O)C[C@H](C(N[C@@H](C)CNC=2C=CC(=CC2)OC(F)(F)F)=O)CC(C)(C)C,CC1CCCCOC(CN(C)C(=O)CCC(F)(F)F)C(C)CN(C(C)CO)C(=O)c2cc(N(C)C)ccc2O1
CTSK,Ours,0.8,N1(CCN(CC1)C)CCN2C3=NC(=NC(NC4CCCCC4)=C3N=C2)C#N,CCNCCCNCCCNc1ncnc2ccccc12
CTSK,Ours,0.8,N1(C2CCCC2)C3=NC(=NC(NC4CCCCC4)=C3N=C1)C#N,Cn1c(NC2CCCCC2)nc2ccc(C#N)cc21
CTSK,Ours,0.8,CC1(C)C2(CCC1CC2)C[C@H](NC(N3CCOCC3)=O)C(N[C@@H]4C(=O)CN([C@@H](CC4)C)S(=O)(=O)C=5N=CC=CC5)=O,CC(C)NC(=O)Nc1ccc2c(c1)CC(=O)N(C(C)CO)CC(C)C(CN(C)S(=O)(=O)c1cn(C)cn1)O2
CTSK,Ours,0.8,C=1(C=C(C(N[C@H](C(=O)NCCN2CCC3=C2C=CC(=C3)F)CC(C)C)=O)C=CC1)C,CC(C)C(NC(=O)c1ccc(Br)cc1)C(=O)N1CCC(C(=O)NCc2ccc(F)cc2)C1
CTSK,Ours,0.8,C1=CC(C(N[C@H](C(=O)N[C@@H](CC(=O)OCC)CN2CCC3=C2C=CC(=C3)F)CCC4CCCCC4)=O)=CC(=C1)OC,CCCCCC(=O)Nc1ccc2c(c1)OCC(C)N(C(=O)c1ccc(F)cc1)CC(C)C(OC)CN(C)C2=O
CTSK,Ours,0.8,C1=CC(C(N[C@H](C(=O)N[C@@H](CC(=O)OCC)CN2CCC3=C2C=CC(=C3)F)CCC4CCCCC4)=O)=CC(=C1)OC,CCCCCC(=O)Nc1ccc2c(c1)OCC(C)N(C(=O)c1ccc(F)cc1)CC(C)C(OC)CN(C)C2=O
CTSK,Ours,0.8,C1=CC(C(N[C@H](C(=O)N[C@@H](CC(=O)OCC)CN2CCC3=C2C=CC(=C3)F)CCC4CCCCC4)=O)=CC(=C1)OC,CCCCCC(=O)Nc1ccc2c(c1)C(=O)N(C)CC(OC)C(C)CN(C(=O)c1ccccc1F)C(C)CO2
CTSK,Ours,0.8,C1=CC(C(N[C@H](C(=O)N[C@@H](CC(=O)OCC)CN2CCC3=C2C=CC(=C3)F)CCC4CCCCC4)=O)=CC(=C1)OC,CCCCCC(=O)Nc1ccc2c(c1)C(=O)N(C)CC(OC)C(C)CN(C(=O)c1ccccc1F)C(C)CO2
CTSK,Ours,0.8,C1=CC(C(N[C@H](C(=O)N[C@@H](CC(=O)OCC)CN2CCC3=C2C=CC(=C3)F)CCC4CCCCC4)=O)=CC(=C1)OC,CCCCCC(=O)Nc1ccc2c(c1)C(=O)N(C)CC(OC)C(C)CN(C(=O)c1ccc(F)cc1)C(C)CO2
CTSK,Ours,0.8,C(NC1(C#N)CC1)(C(C2=CC(C3=CC=C(N4CCNCC4)C=C3)=CC=C2)CC(C)C)=O,CC(C)(C)c1ccc(C(=O)Nc2ccc(C(=O)NCCCN3CCC(Cc4ccccc4)CC3)cc2)cc1
CTSK,Ours,0.8,C(N1CCOCC1)C[C@H](NC([C@@H](NC(C2=CC(=CC=C2)OC)=O)CCC3CCCCC3)=O)CN4CCC5=C4C=CC(=C5)F,CN1C(=O)c2cc(NC(=O)C3CCCCC3)ccc2OCC2OC(CC(=O)NCc3ccccc3F)CCC21
CTSK,Ours,0.79,[C@@H]1([C@@H](CCCC1)C(=O)N2[C@@H](CN(CC2)C=3C=C(C(=CC3)OC)OC)C)C(=O)NC4(CC4)C#N,COC1CN(C)C(=O)c2cc(NC(=O)C3CCOCC3)ccc2OCC(C)N(C(=O)C2CCOCC2)CC1C
CTSK,Ours,0.79,S(=O)(=O)(N1C[C@H](C[C@H](NC(=O)[C@@H](NC(=O)C=2OC=3C(C2)=CC=CC3)CC(C)C)C(=O)C1)C)C4=NC=CC=C4,Cc1noc(C)c1C(=O)N(C)CC1Oc2cc(C#CCN(C)C)ccc2S(=O)(=O)N(C(C)CO)CC1C
CTSK,Ours,0.79,O1CCN(CC1)C(N[C@H](C(NCCNC=2C=CC(=CC2)OC(F)(F)F)=O)CC(C)(C)C)=O,CC(C)NC(=O)Nc1ccc2c(c1)CC(=O)N(C(C)CO)CC(C)C(CN(C)CC1CC1)O2
CTSK,Ours,0.79,O1CCN(CC1)C(N[C@H](C(NCCNC=2C=CC(=CC2)OC(F)(F)F)=O)CC(C)(C)C)=O,CC(C)NC(=O)N(C)CC1OCCCCC(C)Oc2ccc(NC(=O)CCC(F)(F)F)cc2C(=O)N(C(C)CO)CC1C
CTSK,Ours,0.79,O1CCN(CC1)C(C[C@H](C(N[C@H](CNC2=CC=C(C=C2)OC(F)(F)F)CCC)=O)CC3CCCCC3)=O,CCCNC(=O)CC1CCC2C(COc3ccc(NC(=O)c4ccc(C(F)(F)F)cc4)cc3C(=O)N2C)O1
CTSK,Ours,0.79,O1CCN(CC1)C(=O)C[C@H](C(N[C@H](CNC=2C=CC(=CC2)OC(F)(F)F)C(C)C)=O)CCCC3=CC=CC=C3,CC1CN(C(C)CO)C(=O)c2cc(NC(=O)CCCN(C)C)ccc2OC1CN(C)Cc1ccc(C(F)(F)F)cc1
CTSK,Ours,0.79,O1CCN(CC1)C(=O)C[C@H](C(N[C@H](CNC=2C=CC(=CC2)OC(F)(F)F)C(C)C)=O)CCCC3=CC=CC=C3,CC1CCCCOC(CN(C)Cc2ccccc2C(F)(F)F)C(C)CN(C(C)CO)C(=O)c2cc(NC(=O)CCC(F)(F)F)ccc2O1
CTSK,Ours,0.79,O1CCN(CC1)C(=O)C[C@H](C(N[C@H](CNC=2C=CC(=CC2)OC(F)(F)F)C(C)C)=O)CCCC3=CC=CC=C3,CC1CCCCOC(CN(C)Cc2ccc(C(F)(F)F)cc2)C(C)CN(C(C)CO)C(=O)c2cc(NC(=O)CCN3CCOCC3)ccc2O1
CTSK,Ours,0.79,O1CCN(CC1)C(=O)C[C@H](C(N[C@H](CNC=2C=CC(=CC2)OC(F)(F)F)C(C)C)=O)CCCC3=CC=CC=C3,CC1CCCCOC(CN(C)Cc2ccc(C(F)(F)F)cc2)C(C)CN(C(C)CO)C(=O)c2cc(NC(=O)CCN3CCOCC3)ccc2O1
CTSK,Ours,0.79,O1CCN(CC1)C(=O)C[C@H](C(N[C@H](CNC=2C=CC(=CC2)OC(F)(F)F)C(C)C)=O)CCCC3=CC=CC=C3,CC1CCCCOC(CN(C)Cc2ccc(C(F)(F)F)cc2)C(C)CN(C(C)CO)C(=O)c2cc(NC(=O)CCC(F)(F)F)ccc2O1
CTSK,Ours,0.79,O1CCN(CC1)C(=O)C[C@H](C(N[C@H](CNC=2C=CC(=CC2)OC(F)(F)F)C(C)C)=O)CCCC3=CC=CC=C3,CC1CCCCOC(CN(C)Cc2ccc(C(F)(F)F)cc2)C(C)CN(C(C)CO)C(=O)c2cc(NC(=O)CCC(F)(F)F)ccc2O1
CTSK,Ours,0.79,O1CCN(CC1)C(=O)C[C@H](C(N[C@@H](C)CNC=2C=CC(=CC2)OC(F)(F)F)=O)CC(C)(C)C,CC1CCCCOC(CN(C)C)C(C)CN(C(C)CO)C(=O)c2cc(NC(=O)CCC(F)(F)F)ccc2O1
CTSK,Ours,0.79,O1CCN(C(=O)N[C@@H](CC2CCCCC2)C(N[C@H](CN3CCC4=C3C=CC(=C4)F)C)=O)CC1,CC1CN(C(C)CO)C(=O)c2c(c3ccccc3n2C)-c2ccccc2COC1CN(C)C(=O)Nc1cccc(F)c1
CTSK,Ours,0.79,N1=C(N=CC=2C=C(N(CC(C)(C)C)C21)CC3=CC=C(C=C3)NS(N)(=O)=O)C#N,CC(C)(C)NS(=O)(=O)c1cccc(-c2nc(NS(=O)C(C)(C)C)c3ccccc3n2)c1
CTSK,Ours,0.79,C1=CC(C(N[C@H](C(=O)N[C@@H](CC(=O)OCC)CN2CCC3=C2C=CC(=C3)F)CCC4CCCCC4)=O)=CC(=C1)OC,CCCC(=O)Nc1ccc2c(c1)C(=O)N(C)CC(OC)C(C)CN(C(=O)c1cccc(F)c1)C(C)CO2
CTSK,Ours,0.79,C(N[C@H](C(=O)NCCNC1=CC=C(OC2CCN(CC2)C)C=C1)CC(C)C)(=O)OCC3=CC=CC=C3,CCCNC(=O)N1CC(C)C(OC)CN(C)C(=O)c2ccc(NC(=O)Cc3ccccc3)cc2OCC1C
CTSK,Ours,0.79,C(N[C@H](C(=O)NCCNC1=CC=C(C=C1)OC)CC2CCCCC2)(C=3C=CC(N4CCOCC4)=CC3)=O,COc1ccc(CNc2ncnc3ccc(C(=O)NCCCN4CCOCC4)cc23)cc1OC
CTSK,Ours,0.78,S(=O)(=O)(NC=1C=CC(C(=O)N[C@@H](CC2(CCCC2)C)C(=O)N[C@H]3[C@@H](OCC3=O)CC)=CC1)C=4N(C=CN4)C,CCCN1CC(C)C(OC)CN(C)C(=O)c2cc(NS(=O)(=O)c3ccc(C)cc3)ccc2OCC1C
CTSK,Ours,0.78,S(=O)(=O)(N1CC[C@@H]([C@H](NC(=O)[C@@H](NC(=O)C=2OC=3C(C2)=CC=CC3)CC(C)C)C(=O)C1)C)C4=NC=CC=C4,CC1CN(C(C)CO)C(=O)c2c(c3ccccc3n2C)-c2ccccc2COC1CN(C)S(=O)(=O)c1cn(C)cn1
CTSK,Ours,0.78,O=C(NCCNC1=C(C=C(OC)C=C1C)C)[C@@H](NC(=O)C2=CC(=CC=C2)C)CC(C)C,CCCCCC(C)C(O)c1ccc(C(=O)Nc2ccccc2C)cc1
CTSK,Ours,0.78,O1CCN(CC1)C(=O)C[C@H](C(N[C@@H](C)CNC=2C=CC(=CC2)OC(F)(F)F)=O)CC(C)(C)C,CC1CCCCOC(CN(C)C(=O)CCC(F)(F)F)C(C)CN(C(C)CO)C(=O)c2cc(NC(=O)C3CCCCC3)ccc2O1
CTSK,Ours,0.78,O([C@@H](CC(C)(C)C)C(=O)N1CCOCC1)C(N[C@H](CNC=2C=CC(=CC2)OC(F)(F)F)C)=O,CC(C)(C)C(NC(=O)CC1CCC2C(COCC(O)CN2Cc2ccc(F)cc2)O1)c1ccccc1
CTSK,Ours,0.78,N(S(C1=CC=CC=C1F)(=O)=O)C=2C=CC(C(=O)N[C@H](C(N[C@@H]3C(CO[C@H]3CC)=O)=O)CC4(CCCC4)C)=CC2,COc1ccc(CNC(=O)CC2CC3c4cc(NS(=O)(=O)c5ccccc5F)ccc4OC3C(CO)O2)cc1
CTSK,Ours,0.78,CC1(C)C2(CCC1CC2)C[C@H](NC(N3CCOCC3)=O)C(N[C@@H]4C(=O)CN([C@@H](CC4)C)S(=O)(=O)C=5N=CC=CC5)=O,CC(C)(C)S(=O)CCCC(=O)NCCCN1C(=O)COc2ccccc21
CTSK,Ours,0.78,C=1C=C(C=2C=CC(C(NC(C(NC3C(CN(CCC3)S(C=4C=CC=C[N+]4O)(=O)=O)=O)=O)CC(F)(C)C)C(F)(F)F)=CC2)C=CC1S(C)(=O)=O,CC1CCCCOC(CN(C)Cc2cccnc2)C(C)CN(C(C)CO)C(=O)c2cc(NS(=O)(=O)c3ccccc3C(F)(F)F)ccc2O1
CTSK,Ours,0.78,C=1(C#N)N=C(NCC(C)(C)C)C(C(NCCC=2C=CC(=CC2)CN3CCN(CC3)C)=O)=CN1,CC(C)(C)NCc1ccc(C(=O)Nc2ccccc2C(=O)NCCCN2CCOCC2)cc1
CTSK,Ours,0.78,C=1(C#CCN2CCN(CC2)S(C3=CC=C(C=C3)OC)(=O)=O)C=NC(C#N)=NC1NCC(C)(C)C,COc1ccc2c(c1)C1N(Cc3ccc(C#N)cc3)C(CO)CC1(CO)N2S(=O)C(C)(C)C
CTSK,Ours,0.77,O1CCN(CC1)C(=O)C[C@H](C(N[C@H](CNC=2C=CC(=CC2)OC(F)(F)F)C(C)C)=O)CCCC3=CC=CC=C3,CC1CCCCOC(CN(C)C(=O)CCC(F)(F)F)C(C)CN(C(C)CO)C(=O)c2cc(NC(=O)c3ccncc3)ccc2O1
CTSK,Ours,0.77,N1=C(C=2N=CN(C2C=C1C=3C=CC(OCCN4CCNC(C4)=O)=C(C(F)(F)F)C3)C)C#N,COc1ccc(CNC(=O)C2C(CO)C3c4ccc(-c5cncnc5)c(=O)n4CC2N3Cc2ccc(F)cc2)cc1
CTSK,Ours,0.76,FC(F)(F)C1=C(OCCC2CCN(CC2)C(=O)C)C=CC(=C1)C=3N=C(C=4N=CN(C4C3)C)C#N,CC1CN(C(C)CO)C(=O)c2c(c3ccccc3n2C)-c2ccccc2COC1CN(C)Cc1ccc(C(F)(F)F)cc1
EGFR,Cosine Search,0.6,N(C=1C=2C(NC=NC2NC3=CC(C=CC3)=C)=CC1)C(=O)C=C,CC=C1/[C@H]2Cc3[nH]c(=O)ccc3[C@]1(N)CC(C)=C2
EGFR,Cosine Search,0.73,C1=C(N(C=2N(C1=O)N=CN2)CC(NNC(=S)NC=3C=CC=CC3)=O)C4=CC=CC=C4,Nn1c(=O)c(Cc2ccco2)n[nH]c1=S
EGFR,Cosine Search,0.73,C1=C(N(C=2N(C1=O)N=CN2)CC(NNC(=S)NC=3C=CC=CC3)=O)C4=CC=CC=C4,Nn1c(=O)c(Cc2ccco2)n[nH]c1=S
EGFR,Cosine Search,0.6,N(C=1C=2C(NC=NC2NC3=CC(C=CC3)=C)=CC1)C(=O)C=C,CC=C1/[C@H]2Cc3[nH]c(=O)ccc3[C@]1(N)CC(C)=C2
EGFR,Cosine Search,0.73,C1=C(N(C=2N(C1=O)N=CN2)CC(NNC(=S)NC=3C=CC=CC3)=O)C4=CC=CC=C4,Nn1c(=O)c(Cc2ccco2)n[nH]c1=S
EGFR,Cosine Search,0.67,N(C(=O)NCCCOC)C1=CC2=C(N=CN=C2C=C1O[C@@H]3COCC3)NC=4C=C(C(=CC4)F)Cl,C[C@H](NC(=O)C[C@@H]1C[C@H]2[C@H](Oc3ccc(NC(=O)Nc4ccc(cc4)C(F)(F)F)cc23)[C@@H](CO)O1)c5ccccc5
EGFR,Cosine Search,0.73,C1=C(N(C=2N(C1=O)N=CN2)CC(NNC(=S)NC=3C=CC=CC3)=O)C4=CC=CC=C4,Nn1c(=O)c(Cc2ccco2)n[nH]c1=S
EGFR,Cosine Search,0.73,C1=C(N(C=2N(C1=O)N=CN2)CC(NNC(=S)NC=3C=CC=CC3)=O)C4=CC=CC=C4,Nn1c(=O)c(Cc2ccco2)n[nH]c1=S
EGFR,Cosine Search,0.73,C1=C(N(C=2N(C1=O)N=CN2)CC(NNC(=S)NC=3C=CC=CC3)=O)C4=CC=CC=C4,Nn1c(=O)c(Cc2ccco2)n[nH]c1=S
EGFR,Cosine Search,0.73,C1=C(N(C=2N(C1=O)N=CN2)CC(NNC(=S)NC=3C=CC=CC3)=O)C4=CC=CC=C4,Nn1c(=O)c(Cc2ccco2)n[nH]c1=S
EGFR,Cosine Search,0.6,N(C=1C=2C(NC=NC2NC3=CC(C=CC3)=C)=CC1)C(=O)C=C,CC=C1/[C@H]2Cc3[nH]c(=O)ccc3[C@]1(N)CC(C)=C2
EGFR,Cosine Search,0.73,C1=C(N(C=2N(C1=O)N=CN2)CC(NNC(=S)NC=3C=CC=CC3)=O)C4=CC=CC=C4,Nn1c(=O)c(Cc2ccco2)n[nH]c1=S
EGFR,Cosine Search,0.73,C1=C(N(C=2N(C1=O)N=CN2)CC(NNC(=S)NC=3C=CC=CC3)=O)C4=CC=CC=C4,Nn1c(=O)c(Cc2ccco2)n[nH]c1=S
EGFR,Cosine Search,0.6,N(C=1C=2C(NC=NC2NC3=CC(C=CC3)=C)=CC1)C(=O)C=C,CC=C1/[C@H]2Cc3[nH]c(=O)ccc3[C@]1(N)CC(C)=C2
EGFR,Cosine Search,0.73,C1=C(N(C=2N(C1=O)N=CN2)CC(NNC(=S)NC=3C=CC=CC3)=O)C4=CC=CC=C4,Nn1c(=O)c(Cc2ccco2)n[nH]c1=S
EGFR,Cosine Search,0.73,C1=C(N(C=2N(C1=O)N=CN2)CC(NNC(=S)NC=3C=CC=CC3)=O)C4=CC=CC=C4,Nn1c(=O)c(Cc2ccco2)n[nH]c1=S
EGFR,Cosine Search,0.73,O=S(=O)(C=1C(OCCCNC(CN2CCN(CC2)C3=CC(=C(C=C3)NC4=NC=C(C(=N4)OC5=CC(=CC=C5)NC(C=C)=O)Cl)OC)=O)=NO[N+]1O)C6=CC=CC=C6,OC[C@@H]1O[C@H](CC(=O)NCCCN2CCOCC2)C=C[C@@H]1NS(=O)(=O)c1ccccc1F
EGFR,Cosine Search,0.73,C1=C(N(C=2N(C1=O)N=CN2)CC(NNC(=S)NC=3C=CC=CC3)=O)C4=CC=CC=C4,Nn1c(=O)c(Cc2ccco2)n[nH]c1=S
EGFR,Cosine Search,0.6,N(C=1C=2C(NC=NC2NC3=CC(C=CC3)=C)=CC1)C(=O)C=C,CC=C1/[C@H]2Cc3[nH]c(=O)ccc3[C@]1(N)CC(C)=C2
EGFR,Cosine Search,0.67,C1(=C(C2=CC=CC=C2N1)CCC(=O)NC)SSC3=C(C=4C=CC=CC4N3)CCC(=O)NC,CNC(=O)CCc1cc2ccccc2[nH]1
EGFR,Cosine Search,0.73,C1=C(N(C=2N(C1=O)N=CN2)CC(NNC(=S)NC=3C=CC=CC3)=O)C4=CC=CC=C4,Nn1c(=O)c(Cc2ccco2)n[nH]c1=S
EGFR,Cosine Search,0.73,C1=C(N(C=2N(C1=O)N=CN2)CC(NNC(=S)NC=3C=CC=CC3)=O)C4=CC=CC=C4,Nn1c(=O)c(Cc2ccco2)n[nH]c1=S
EGFR,Cosine Search,0.73,C1=C(N(C=2N(C1=O)N=CN2)CC(NNC(=S)NC=3C=CC=CC3)=O)C4=CC=CC=C4,Nn1c(=O)c(Cc2ccco2)n[nH]c1=S
EGFR,Cosine Search,0.73,C1=C(N(C=2N(C1=O)N=CN2)CC(NNC(=S)NC=3C=CC=CC3)=O)C4=CC=CC=C4,Nn1c(=O)c(Cc2ccco2)n[nH]c1=S
EGFR,Cosine Search,0.73,C1=C(N(C=2N(C1=O)N=CN2)CC(NNC(=S)NC=3C=CC=CC3)=O)C4=CC=CC=C4,Nn1c(=O)c(Cc2ccco2)n[nH]c1=S
EGFR,Cosine Search,0.67,C1(=C(C2=CC=CC=C2N1)CCC(=O)NC)SSC3=C(C=4C=CC=CC4N3)CCC(=O)NC,CNC(=O)CCc1cc2ccccc2[nH]1
EGFR,Cosine Search,0.73,C1=C(N(C=2N(C1=O)N=CN2)CC(NNC(=S)NC=3C=CC=CC3)=O)C4=CC=CC=C4,Nn1c(=O)c(Cc2ccco2)n[nH]c1=S
EGFR,Cosine Search,0.73,C1=C(N(C=2N(C1=O)N=CN2)CC(NNC(=S)NC=3C=CC=CC3)=O)C4=CC=CC=C4,Nn1c(=O)c(Cc2ccco2)n[nH]c1=S
EGFR,Cosine Search,0.6,N(C=1C=2C(NC=NC2NC3=CC(C=CC3)=C)=CC1)C(=O)C=C,CC=C1/[C@H]2Cc3[nH]c(=O)ccc3[C@]1(N)CC(C)=C2
EGFR,Cosine Search,0.73,C1=C(N(C=2N(C1=O)N=CN2)CC(NNC(=S)NC=3C=CC=CC3)=O)C4=CC=CC=C4,Nn1c(=O)c(Cc2ccco2)n[nH]c1=S
EGFR,Cosine Search,0.73,C1=C(N(C=2N(C1=O)N=CN2)CC(NNC(=S)NC=3C=CC=CC3)=O)C4=CC=CC=C4,Nn1c(=O)c(Cc2ccco2)n[nH]c1=S
EGFR,Cosine Search,0.67,C1(=C(C2=CC=CC=C2N1)CCC(=O)NC)SSC3=C(C=4C=CC=CC4N3)CCC(=O)NC,CNC(=O)CCc1cc2ccccc2[nH]1
EGFR,Cosine Search,0.67,C1(=C(C2=CC=CC=C2N1)CCC(=O)NC)SSC3=C(C=4C=CC=CC4N3)CCC(=O)NC,CNC(=O)CCc1cc2ccccc2[nH]1
EGFR,Cosine Search,0.67,C1(=C(C2=CC=CC=C2N1)CCC(=O)NC)SSC3=C(C=4C=CC=CC4N3)CCC(=O)NC,CNC(=O)CCc1cc2ccccc2[nH]1
EGFR,Cosine Search,0.6,N(C=1C=2C(NC=NC2NC3=CC(C=CC3)=C)=CC1)C(=O)C=C,CC=C1/[C@H]2Cc3[nH]c(=O)ccc3[C@]1(N)CC(C)=C2
EGFR,Cosine Search,0.73,C1=C(N(C=2N(C1=O)N=CN2)CC(NNC(=S)NC=3C=CC=CC3)=O)C4=CC=CC=C4,Nn1c(=O)c(Cc2ccco2)n[nH]c1=S
EGFR,Cosine Search,0.73,C1=C(N(C=2N(C1=O)N=CN2)CC(NNC(=S)NC=3C=CC=CC3)=O)C4=CC=CC=C4,Nn1c(=O)c(Cc2ccco2)n[nH]c1=S
EGFR,Cosine Search,0.73,C1=C(N(C=2N(C1=O)N=CN2)CC(NNC(=S)NC=3C=CC=CC3)=O)C4=CC=CC=C4,Nn1c(=O)c(Cc2ccco2)n[nH]c1=S
EGFR,Cosine Search,0.67,C1(=C(C2=CC=CC=C2N1)CCC(=O)NC)SSC3=C(C=4C=CC=CC4N3)CCC(=O)NC,CNC(=O)CCc1cc2ccccc2[nH]1
EGFR,Cosine Search,0.67,N(C(=O)NCCCOC)C1=CC2=C(N=CN=C2C=C1O[C@@H]3COCC3)NC=4C=C(C(=CC4)F)Cl,C[C@H](NC(=O)C[C@@H]1C[C@H]2[C@H](Oc3ccc(NC(=O)Nc4ccc(cc4)C(F)(F)F)cc23)[C@@H](CO)O1)c5ccccc5
EGFR,Cosine Search,0.73,C1=C(N(C=2N(C1=O)N=CN2)CC(NNC(=S)NC=3C=CC=CC3)=O)C4=CC=CC=C4,Nn1c(=O)c(Cc2ccco2)n[nH]c1=S
EGFR,Cosine Search,0.67,C1(=C(C2=CC=CC=C2N1)CCC(=O)NC)SSC3=C(C=4C=CC=CC4N3)CCC(=O)NC,CNC(=O)CCc1cc2ccccc2[nH]1
EGFR,Cosine Search,0.73,C1=C(N(C=2N(C1=O)N=CN2)CC(NNC(=S)NC=3C=CC=CC3)=O)C4=CC=CC=C4,Nn1c(=O)c(Cc2ccco2)n[nH]c1=S
EGFR,Cosine Search,0.67,C1(=C(C2=CC=CC=C2N1)CCC(=O)NC)SSC3=C(C=4C=CC=CC4N3)CCC(=O)NC,CNC(=O)CCc1cc2ccccc2[nH]1
EGFR,Cosine Search,0.67,C1(=C(C2=CC=CC=C2N1)CCC(=O)NC)SSC3=C(C=4C=CC=CC4N3)CCC(=O)NC,CNC(=O)CCc1cc2ccccc2[nH]1
EGFR,Cosine Search,0.6,N(C=1C=2C(NC=NC2NC3=CC(C=CC3)=C)=CC1)C(=O)C=C,CC=C1/[C@H]2Cc3[nH]c(=O)ccc3[C@]1(N)CC(C)=C2
EGFR,Cosine Search,0.67,C1(=C(C2=CC=CC=C2N1)CCC(=O)NC)SSC3=C(C=4C=CC=CC4N3)CCC(=O)NC,CNC(=O)CCc1cc2ccccc2[nH]1
EGFR,Cosine Search,0.6,N(C=1C=2C(NC=NC2NC3=CC(C=CC3)=C)=CC1)C(=O)C=C,CC=C1/[C@H]2Cc3[nH]c(=O)ccc3[C@]1(N)CC(C)=C2
EGFR,Cosine Search,0.73,C1=C(N(C=2N(C1=O)N=CN2)CC(NNC(=S)NC=3C=CC=CC3)=O)C4=CC=CC=C4,Nn1c(=O)c(Cc2ccco2)n[nH]c1=S
EGFR,Cosine Search,0.73,C1=C(N(C=2N(C1=O)N=CN2)CC(NNC(=S)NC=3C=CC=CC3)=O)C4=CC=CC=C4,Nn1c(=O)c(Cc2ccco2)n[nH]c1=S
EGFR,Cosine Search,0.73,C1=C(N(C=2N(C1=O)N=CN2)CC(NNC(=S)NC=3C=CC=CC3)=O)C4=CC=CC=C4,Nn1c(=O)c(Cc2ccco2)n[nH]c1=S
EGFR,Cosine Search,0.67,C1(=C(C2=CC=CC=C2N1)CCC(=O)NC)SSC3=C(C=4C=CC=CC4N3)CCC(=O)NC,CNC(=O)CCc1cc2ccccc2[nH]1
EGFR,Cosine Search,0.73,C1=C(N(C=2N(C1=O)N=CN2)CC(NNC(=S)NC=3C=CC=CC3)=O)C4=CC=CC=C4,Nn1c(=O)c(Cc2ccco2)n[nH]c1=S
EGFR,Cosine Search,0.73,C1=C(N(C=2N(C1=O)N=CN2)CC(NNC(=S)NC=3C=CC=CC3)=O)C4=CC=CC=C4,Nn1c(=O)c(Cc2ccco2)n[nH]c1=S
EGFR,Cosine Search,0.67,C1(=C(C2=CC=CC=C2N1)CCC(=O)NC)SSC3=C(C=4C=CC=CC4N3)CCC(=O)NC,CNC(=O)CCc1cc2ccccc2[nH]1
EGFR,Cosine Search,0.6,N(C=1C=2C(NC=NC2NC3=CC(C=CC3)=C)=CC1)C(=O)C=C,CC=C1/[C@H]2Cc3[nH]c(=O)ccc3[C@]1(N)CC(C)=C2
EGFR,Cosine Search,0.73,C1=C(N(C=2N(C1=O)N=CN2)CC(NNC(=S)NC=3C=CC=CC3)=O)C4=CC=CC=C4,Nn1c(=O)c(Cc2ccco2)n[nH]c1=S
EGFR,Cosine Search,0.67,N(C(=O)NCCCOC)C1=CC2=C(N=CN=C2C=C1O[C@@H]3COCC3)NC=4C=C(C(=CC4)F)Cl,C[C@H](NC(=O)C[C@@H]1C[C@H]2[C@H](Oc3ccc(NC(=O)Nc4ccc(cc4)C(F)(F)F)cc23)[C@@H](CO)O1)c5ccccc5
EGFR,Cosine Search,0.67,C1(=C(C2=CC=CC=C2N1)CCC(=O)NC)SSC3=C(C=4C=CC=CC4N3)CCC(=O)NC,CNC(=O)CCc1cc2ccccc2[nH]1
EGFR,Cosine Search,0.73,C1=C(N(C=2N(C1=O)N=CN2)CC(NNC(=S)NC=3C=CC=CC3)=O)C4=CC=CC=C4,Nn1c(=O)c(Cc2ccco2)n[nH]c1=S
EGFR,Cosine Search,0.67,N(C(=O)NCCCOC)C1=CC2=C(N=CN=C2C=C1O[C@@H]3COCC3)NC=4C=C(C(=CC4)F)Cl,C[C@H](NC(=O)C[C@@H]1C[C@H]2[C@H](Oc3ccc(NC(=O)Nc4ccc(cc4)C(F)(F)F)cc23)[C@@H](CO)O1)c5ccccc5
EGFR,Cosine Search,0.73,C1=C(N(C=2N(C1=O)N=CN2)CC(NNC(=S)NC=3C=CC=CC3)=O)C4=CC=CC=C4,Nn1c(=O)c(Cc2ccco2)n[nH]c1=S
EGFR,Cosine Search,0.73,C1=C(N(C=2N(C1=O)N=CN2)CC(NNC(=S)NC=3C=CC=CC3)=O)C4=CC=CC=C4,Nn1c(=O)c(Cc2ccco2)n[nH]c1=S
EGFR,Cosine Search,0.6,N(C=1C=2C(NC=NC2NC3=CC(C=CC3)=C)=CC1)C(=O)C=C,CC=C1/[C@H]2Cc3[nH]c(=O)ccc3[C@]1(N)CC(C)=C2
EGFR,Cosine Search,0.67,C1(=C(C2=CC=CC=C2N1)CCC(=O)NC)SSC3=C(C=4C=CC=CC4N3)CCC(=O)NC,CNC(=O)CCc1cc2ccccc2[nH]1
EGFR,Cosine Search,0.73,C1=C(N(C=2N(C1=O)N=CN2)CC(NNC(=S)NC=3C=CC=CC3)=O)C4=CC=CC=C4,Nn1c(=O)c(Cc2ccco2)n[nH]c1=S
EGFR,Cosine Search,0.6,N(C=1C=2C(NC=NC2NC3=CC(C=CC3)=C)=CC1)C(=O)C=C,CC=C1/[C@H]2Cc3[nH]c(=O)ccc3[C@]1(N)CC(C)=C2
EGFR,Cosine Search,0.6,N(C=1C=2C(NC=NC2NC3=CC(C=CC3)=C)=CC1)C(=O)C=C,CC=C1/[C@H]2Cc3[nH]c(=O)ccc3[C@]1(N)CC(C)=C2
EGFR,Cosine Search,0.6,N(C=1C=2C(NC=NC2NC3=CC(C=CC3)=C)=CC1)C(=O)C=C,CC=C1/[C@H]2Cc3[nH]c(=O)ccc3[C@]1(N)CC(C)=C2
EGFR,Cosine Search,0.73,C1=C(N(C=2N(C1=O)N=CN2)CC(NNC(=S)NC=3C=CC=CC3)=O)C4=CC=CC=C4,Nn1c(=O)c(Cc2ccco2)n[nH]c1=S
EGFR,Cosine Search,0.73,C1=C(N(C=2N(C1=O)N=CN2)CC(NNC(=S)NC=3C=CC=CC3)=O)C4=CC=CC=C4,Nn1c(=O)c(Cc2ccco2)n[nH]c1=S
EGFR,Cosine Search,0.71,C=1(C=2C=C(NC(C=C)=O)N=CC2N=CN1)NC3=CC(C)=CC=C3,Cc1ccc(cc1)C(=O)/N=c2/cccc[nH]2
EGFR,Cosine Search,0.73,C1=C(N(C=2N(C1=O)N=CN2)CC(NNC(=S)NC=3C=CC=CC3)=O)C4=CC=CC=C4,Nn1c(=O)c(Cc2ccco2)n[nH]c1=S
EGFR,Cosine Search,0.73,O=S(=O)(C=1C(OCCCNC(CN2CCN(CC2)C3=CC(=C(C=C3)NC4=NC=C(C(=N4)OC5=CC(=CC=C5)NC(C=C)=O)Cl)OC)=O)=NO[N+]1O)C6=CC=CC=C6,OC[C@@H]1O[C@H](CC(=O)NCCCN2CCOCC2)C=C[C@@H]1NS(=O)(=O)c1ccccc1F
EGFR,Cosine Search,0.73,C1=C(N(C=2N(C1=O)N=CN2)CC(NNC(=S)NC=3C=CC=CC3)=O)C4=CC=CC=C4,Nn1c(=O)c(Cc2ccco2)n[nH]c1=S
EGFR,Cosine Search,0.73,C1=C(N(C=2N(C1=O)N=CN2)CC(NNC(=S)NC=3C=CC=CC3)=O)C4=CC=CC=C4,Nn1c(=O)c(Cc2ccco2)n[nH]c1=S
EGFR,Cosine Search,0.73,C1=C(N(C=2N(C1=O)N=CN2)CC(NNC(=S)NC=3C=CC=CC3)=O)C4=CC=CC=C4,Nn1c(=O)c(Cc2ccco2)n[nH]c1=S
EGFR,Cosine Search,0.73,C1=C(N(C=2N(C1=O)N=CN2)CC(NNC(=S)NC=3C=CC=CC3)=O)C4=CC=CC=C4,Nn1c(=O)c(Cc2ccco2)n[nH]c1=S
EGFR,Cosine Search,0.6,N(C=1C=2C(NC=NC2NC3=CC(C=CC3)=C)=CC1)C(=O)C=C,CC=C1/[C@H]2Cc3[nH]c(=O)ccc3[C@]1(N)CC(C)=C2
EGFR,Cosine Search,0.71,C=1(C=2C=C(NC(C=C)=O)N=CC2N=CN1)NC3=CC(C)=CC=C3,Cc1ccc(cc1)C(=O)/N=c2/cccc[nH]2
EGFR,Cosine Search,0.73,C1=C(N(C=2N(C1=O)N=CN2)CC(NNC(=S)NC=3C=CC=CC3)=O)C4=CC=CC=C4,Nn1c(=O)c(Cc2ccco2)n[nH]c1=S
EGFR,Cosine Search,0.67,C1(=C(C2=CC=CC=C2N1)CCC(=O)NC)SSC3=C(C=4C=CC=CC4N3)CCC(=O)NC,CNC(=O)CCc1cc2ccccc2[nH]1
EGFR,Cosine Search,0.6,N(C=1C=2C(NC=NC2NC3=CC(C=CC3)=C)=CC1)C(=O)C=C,CC=C1/[C@H]2Cc3[nH]c(=O)ccc3[C@]1(N)CC(C)=C2
EGFR,Cosine Search,0.73,C1=C(N(C=2N(C1=O)N=CN2)CC(NNC(=S)NC=3C=CC=CC3)=O)C4=CC=CC=C4,Nn1c(=O)c(Cc2ccco2)n[nH]c1=S
EGFR,Cosine Search,0.73,C1=C(N(C=2N(C1=O)N=CN2)CC(NNC(=S)NC=3C=CC=CC3)=O)C4=CC=CC=C4,Nn1c(=O)c(Cc2ccco2)n[nH]c1=S
EGFR,Cosine Search,0.6,N(C=1C=2C(NC=NC2NC3=CC(C=CC3)=C)=CC1)C(=O)C=C,CC=C1/[C@H]2Cc3[nH]c(=O)ccc3[C@]1(N)CC(C)=C2
EGFR,Cosine Search,0.73,O=S(=O)(C=1C(OCCCNC(CN2CCN(CC2)C3=CC(=C(C=C3)NC4=NC=C(C(=N4)OC5=CC(=CC=C5)NC(C=C)=O)Cl)OC)=O)=NO[N+]1O)C6=CC=CC=C6,OC[C@@H]1O[C@H](CC(=O)NCCCN2CCOCC2)C=C[C@@H]1NS(=O)(=O)c1ccccc1F
EGFR,Cosine Search,0.6,N(C=1C=2C(NC=NC2NC3=CC(C=CC3)=C)=CC1)C(=O)C=C,CC=C1/[C@H]2Cc3[nH]c(=O)ccc3[C@]1(N)CC(C)=C2
EGFR,Cosine Search,0.73,C1=C(N(C=2N(C1=O)N=CN2)CC(NNC(=S)NC=3C=CC=CC3)=O)C4=CC=CC=C4,Nn1c(=O)c(Cc2ccco2)n[nH]c1=S
EGFR,Cosine Search,0.67,C1(=C(C2=CC=CC=C2N1)CCC(=O)NC)SSC3=C(C=4C=CC=CC4N3)CCC(=O)NC,CNC(=O)CCc1cc2ccccc2[nH]1
EGFR,Cosine Search,0.6,N(C=1C=2C(NC=NC2NC3=CC(C=CC3)=C)=CC1)C(=O)C=C,CC=C1/[C@H]2Cc3[nH]c(=O)ccc3[C@]1(N)CC(C)=C2
EGFR,Cosine Search,0.71,C=1(C=2C=C(NC(C=C)=O)N=CC2N=CN1)NC3=CC(C)=CC=C3,Cc1ccc(cc1)C(=O)/N=c2/cccc[nH]2
EGFR,Cosine Search,0.73,C1=C(N(C=2N(C1=O)N=CN2)CC(NNC(=S)NC=3C=CC=CC3)=O)C4=CC=CC=C4,Nn1c(=O)c(Cc2ccco2)n[nH]c1=S
EGFR,Cosine Search,0.73,C1=C(N(C=2N(C1=O)N=CN2)CC(NNC(=S)NC=3C=CC=CC3)=O)C4=CC=CC=C4,Nn1c(=O)c(Cc2ccco2)n[nH]c1=S
EGFR,Cosine Search,0.71,C=1(C=2C=C(NC(C=C)=O)N=CC2N=CN1)NC3=CC(C)=CC=C3,Cc1ccc(cc1)C(=O)/N=c2/cccc[nH]2
EGFR,Cosine Search,0.73,C1=C(N(C=2N(C1=O)N=CN2)CC(NNC(=S)NC=3C=CC=CC3)=O)C4=CC=CC=C4,Nn1c(=O)c(Cc2ccco2)n[nH]c1=S
EGFR,Cosine Search,0.73,C1=C(N(C=2N(C1=O)N=CN2)CC(NNC(=S)NC=3C=CC=CC3)=O)C4=CC=CC=C4,Nn1c(=O)c(Cc2ccco2)n[nH]c1=S
EGFR,Cosine Search,0.73,O=S(=O)(C=1C(OCCCNC(CN2CCN(CC2)C3=CC(=C(C=C3)NC4=NC=C(C(=N4)OC5=CC(=CC=C5)NC(C=C)=O)Cl)OC)=O)=NO[N+]1O)C6=CC=CC=C6,OC[C@@H]1O[C@H](CC(=O)NCCCN2CCOCC2)C=C[C@@H]1NS(=O)(=O)c1ccccc1F
EGFR,Cosine Search,0.73,C1=C(N(C=2N(C1=O)N=CN2)CC(NNC(=S)NC=3C=CC=CC3)=O)C4=CC=CC=C4,Nn1c(=O)c(Cc2ccco2)n[nH]c1=S
EGFR,Cosine Search,0.73,C1=C(N(C=2N(C1=O)N=CN2)CC(NNC(=S)NC=3C=CC=CC3)=O)C4=CC=CC=C4,Nn1c(=O)c(Cc2ccco2)n[nH]c1=S
EGFR,Euclidean Search,0.73,C1=C(N(C=2N(C1=O)N=CN2)CC(NNC(=S)NC=3C=CC=CC3)=O)C4=CC=CC=C4,Nn1c(=O)c(Cc2ccco2)n[nH]c1=S
EGFR,Euclidean Search,0.73,C1=C(N(C=2N(C1=O)N=CN2)CC(NNC(=S)NC=3C=CC=CC3)=O)C4=CC=CC=C4,Nn1c(=O)c(Cc2ccco2)n[nH]c1=S
EGFR,Euclidean Search,0.73,C1=C(N(C=2N(C1=O)N=CN2)CC(NNC(=S)NC=3C=CC=CC3)=O)C4=CC=CC=C4,Nn1c(=O)c(Cc2ccco2)n[nH]c1=S
EGFR,Euclidean Search,0.73,C1=C(N(C=2N(C1=O)N=CN2)CC(NNC(=S)NC=3C=CC=CC3)=O)C4=CC=CC=C4,Nn1c(=O)c(Cc2ccco2)n[nH]c1=S
EGFR,Euclidean Search,0.73,C1=C(N(C=2N(C1=O)N=CN2)CC(NNC(=S)NC=3C=CC=CC3)=O)C4=CC=CC=C4,Nn1c(=O)c(Cc2ccco2)n[nH]c1=S
EGFR,Euclidean Search,0.73,C1=C(N(C=2N(C1=O)N=CN2)CC(NNC(=S)NC=3C=CC=CC3)=O)C4=CC=CC=C4,Nn1c(=O)c(Cc2ccco2)n[nH]c1=S
EGFR,Euclidean Search,0.73,C1=C(N(C=2N(C1=O)N=CN2)CC(NNC(=S)NC=3C=CC=CC3)=O)C4=CC=CC=C4,Nn1c(=O)c(Cc2ccco2)n[nH]c1=S
EGFR,Euclidean Search,0.73,C1=C(N(C=2N(C1=O)N=CN2)CC(NNC(=S)NC=3C=CC=CC3)=O)C4=CC=CC=C4,Nn1c(=O)c(Cc2ccco2)n[nH]c1=S
EGFR,Euclidean Search,0.73,C1=C(N(C=2N(C1=O)N=CN2)CC(NNC(=S)NC=3C=CC=CC3)=O)C4=CC=CC=C4,Nn1c(=O)c(Cc2ccco2)n[nH]c1=S
EGFR,Euclidean Search,0.73,C1=C(N(C=2N(C1=O)N=CN2)CC(NNC(=S)NC=3C=CC=CC3)=O)C4=CC=CC=C4,Nn1c(=O)c(Cc2ccco2)n[nH]c1=S
EGFR,Euclidean Search,0.71,C=1(C=2C=C(NC(C=C)=O)N=CC2N=CN1)NC3=CC(C)=CC=C3,Cc1ccc(cc1)C(=O)/N=c2/cccc[nH]2
EGFR,Euclidean Search,0.73,C1=C(N(C=2N(C1=O)N=CN2)CC(NNC(=S)NC=3C=CC=CC3)=O)C4=CC=CC=C4,Nn1c(=O)c(Cc2ccco2)n[nH]c1=S
EGFR,Euclidean Search,0.73,C1=C(N(C=2N(C1=O)N=CN2)CC(NNC(=S)NC=3C=CC=CC3)=O)C4=CC=CC=C4,Nn1c(=O)c(Cc2ccco2)n[nH]c1=S
EGFR,Euclidean Search,0.73,C1=C(N(C=2N(C1=O)N=CN2)CC(NNC(=S)NC=3C=CC=CC3)=O)C4=CC=CC=C4,Nn1c(=O)c(Cc2ccco2)n[nH]c1=S
EGFR,Euclidean Search,0.73,C1=C(N(C=2N(C1=O)N=CN2)CC(NNC(=S)NC=3C=CC=CC3)=O)C4=CC=CC=C4,Nn1c(=O)c(Cc2ccco2)n[nH]c1=S
EGFR,Euclidean Search,0.73,C1=C(N(C=2N(C1=O)N=CN2)CC(NNC(=S)NC=3C=CC=CC3)=O)C4=CC=CC=C4,Nn1c(=O)c(Cc2ccco2)n[nH]c1=S
EGFR,Euclidean Search,0.73,C1=C(N(C=2N(C1=O)N=CN2)CC(NNC(=S)NC=3C=CC=CC3)=O)C4=CC=CC=C4,Nn1c(=O)c(Cc2ccco2)n[nH]c1=S
EGFR,Euclidean Search,0.73,C1=C(N(C=2N(C1=O)N=CN2)CC(NNC(=S)NC=3C=CC=CC3)=O)C4=CC=CC=C4,Nn1c(=O)c(Cc2ccco2)n[nH]c1=S
EGFR,Euclidean Search,0.73,C1=C(N(C=2N(C1=O)N=CN2)CC(NNC(=S)NC=3C=CC=CC3)=O)C4=CC=CC=C4,Nn1c(=O)c(Cc2ccco2)n[nH]c1=S
EGFR,Euclidean Search,0.67,C1(=C(C2=CC=CC=C2N1)CCC(=O)NC)SSC3=C(C=4C=CC=CC4N3)CCC(=O)NC,CNC(=O)CCc1cc2ccccc2[nH]1
EGFR,Euclidean Search,0.73,C1=C(N(C=2N(C1=O)N=CN2)CC(NNC(=S)NC=3C=CC=CC3)=O)C4=CC=CC=C4,Nn1c(=O)c(Cc2ccco2)n[nH]c1=S
EGFR,Euclidean Search,0.73,C1=C(N(C=2N(C1=O)N=CN2)CC(NNC(=S)NC=3C=CC=CC3)=O)C4=CC=CC=C4,Nn1c(=O)c(Cc2ccco2)n[nH]c1=S
EGFR,Euclidean Search,0.73,C1=C(N(C=2N(C1=O)N=CN2)CC(NNC(=S)NC=3C=CC=CC3)=O)C4=CC=CC=C4,Nn1c(=O)c(Cc2ccco2)n[nH]c1=S
EGFR,Euclidean Search,0.73,C1=C(N(C=2N(C1=O)N=CN2)CC(NNC(=S)NC=3C=CC=CC3)=O)C4=CC=CC=C4,Nn1c(=O)c(Cc2ccco2)n[nH]c1=S
EGFR,Euclidean Search,0.73,C1=C(N(C=2N(C1=O)N=CN2)CC(NNC(=S)NC=3C=CC=CC3)=O)C4=CC=CC=C4,Nn1c(=O)c(Cc2ccco2)n[nH]c1=S
EGFR,Euclidean Search,0.67,C1(=C(C2=CC=CC=C2N1)CCC(=O)NC)SSC3=C(C=4C=CC=CC4N3)CCC(=O)NC,CNC(=O)CCc1cc2ccccc2[nH]1
EGFR,Euclidean Search,0.73,C1=C(N(C=2N(C1=O)N=CN2)CC(NNC(=S)NC=3C=CC=CC3)=O)C4=CC=CC=C4,Nn1c(=O)c(Cc2ccco2)n[nH]c1=S
EGFR,Euclidean Search,0.73,C1=C(N(C=2N(C1=O)N=CN2)CC(NNC(=S)NC=3C=CC=CC3)=O)C4=CC=CC=C4,Nn1c(=O)c(Cc2ccco2)n[nH]c1=S
EGFR,Euclidean Search,0.73,C1=C(N(C=2N(C1=O)N=CN2)CC(NNC(=S)NC=3C=CC=CC3)=O)C4=CC=CC=C4,Nn1c(=O)c(Cc2ccco2)n[nH]c1=S
EGFR,Euclidean Search,0.73,C1=C(N(C=2N(C1=O)N=CN2)CC(NNC(=S)NC=3C=CC=CC3)=O)C4=CC=CC=C4,Nn1c(=O)c(Cc2ccco2)n[nH]c1=S
EGFR,Euclidean Search,0.73,C1=C(N(C=2N(C1=O)N=CN2)CC(NNC(=S)NC=3C=CC=CC3)=O)C4=CC=CC=C4,Nn1c(=O)c(Cc2ccco2)n[nH]c1=S
EGFR,Euclidean Search,0.73,C1=C(N(C=2N(C1=O)N=CN2)CC(NNC(=S)NC=3C=CC=CC3)=O)C4=CC=CC=C4,Nn1c(=O)c(Cc2ccco2)n[nH]c1=S
EGFR,Euclidean Search,0.73,C1=C(N(C=2N(C1=O)N=CN2)CC(NNC(=S)NC=3C=CC=CC3)=O)C4=CC=CC=C4,Nn1c(=O)c(Cc2ccco2)n[nH]c1=S
EGFR,Euclidean Search,0.67,C1(=C(C2=CC=CC=C2N1)CCC(=O)NC)SSC3=C(C=4C=CC=CC4N3)CCC(=O)NC,CNC(=O)CCc1cc2ccccc2[nH]1
EGFR,Euclidean Search,0.71,C=1(C=2C=C(NC(C=C)=O)N=CC2N=CN1)NC3=CC(C)=CC=C3,Cc1ccc(cc1)C(=O)/N=c2/cccc[nH]2
EGFR,Euclidean Search,0.73,C1=C(N(C=2N(C1=O)N=CN2)CC(NNC(=S)NC=3C=CC=CC3)=O)C4=CC=CC=C4,Nn1c(=O)c(Cc2ccco2)n[nH]c1=S
EGFR,Euclidean Search,0.73,C1=C(N(C=2N(C1=O)N=CN2)CC(NNC(=S)NC=3C=CC=CC3)=O)C4=CC=CC=C4,Nn1c(=O)c(Cc2ccco2)n[nH]c1=S
EGFR,Euclidean Search,0.73,C1=C(N(C=2N(C1=O)N=CN2)CC(NNC(=S)NC=3C=CC=CC3)=O)C4=CC=CC=C4,Nn1c(=O)c(Cc2ccco2)n[nH]c1=S
EGFR,Euclidean Search,0.73,C1=C(N(C=2N(C1=O)N=CN2)CC(NNC(=S)NC=3C=CC=CC3)=O)C4=CC=CC=C4,Nn1c(=O)c(Cc2ccco2)n[nH]c1=S
EGFR,Euclidean Search,0.73,C1=C(N(C=2N(C1=O)N=CN2)CC(NNC(=S)NC=3C=CC=CC3)=O)C4=CC=CC=C4,Nn1c(=O)c(Cc2ccco2)n[nH]c1=S
EGFR,Euclidean Search,0.73,C1=C(N(C=2N(C1=O)N=CN2)CC(NNC(=S)NC=3C=CC=CC3)=O)C4=CC=CC=C4,Nn1c(=O)c(Cc2ccco2)n[nH]c1=S
EGFR,Euclidean Search,0.67,C1(=C(C2=CC=CC=C2N1)CCC(=O)NC)SSC3=C(C=4C=CC=CC4N3)CCC(=O)NC,CNC(=O)CCc1cc2ccccc2[nH]1
EGFR,Euclidean Search,0.73,C1=C(N(C=2N(C1=O)N=CN2)CC(NNC(=S)NC=3C=CC=CC3)=O)C4=CC=CC=C4,Nn1c(=O)c(Cc2ccco2)n[nH]c1=S
EGFR,Euclidean Search,0.67,C1(=C(C2=CC=CC=C2N1)CCC(=O)NC)SSC3=C(C=4C=CC=CC4N3)CCC(=O)NC,CNC(=O)CCc1cc2ccccc2[nH]1
EGFR,Euclidean Search,0.67,C1(=C(C2=CC=CC=C2N1)CCC(=O)NC)SSC3=C(C=4C=CC=CC4N3)CCC(=O)NC,CNC(=O)CCc1cc2ccccc2[nH]1
EGFR,Euclidean Search,0.73,C1=C(N(C=2N(C1=O)N=CN2)CC(NNC(=S)NC=3C=CC=CC3)=O)C4=CC=CC=C4,Nn1c(=O)c(Cc2ccco2)n[nH]c1=S
EGFR,Euclidean Search,0.73,C1=C(N(C=2N(C1=O)N=CN2)CC(NNC(=S)NC=3C=CC=CC3)=O)C4=CC=CC=C4,Nn1c(=O)c(Cc2ccco2)n[nH]c1=S
EGFR,Euclidean Search,0.73,C1=C(N(C=2N(C1=O)N=CN2)CC(NNC(=S)NC=3C=CC=CC3)=O)C4=CC=CC=C4,Nn1c(=O)c(Cc2ccco2)n[nH]c1=S
EGFR,Euclidean Search,0.73,C1=C(N(C=2N(C1=O)N=CN2)CC(NNC(=S)NC=3C=CC=CC3)=O)C4=CC=CC=C4,Nn1c(=O)c(Cc2ccco2)n[nH]c1=S
EGFR,Euclidean Search,0.73,C1=C(N(C=2N(C1=O)N=CN2)CC(NNC(=S)NC=3C=CC=CC3)=O)C4=CC=CC=C4,Nn1c(=O)c(Cc2ccco2)n[nH]c1=S
EGFR,Euclidean Search,0.73,C1=C(N(C=2N(C1=O)N=CN2)CC(NNC(=S)NC=3C=CC=CC3)=O)C4=CC=CC=C4,Nn1c(=O)c(Cc2ccco2)n[nH]c1=S
EGFR,Euclidean Search,0.67,C1(=C(C2=CC=CC=C2N1)CCC(=O)NC)SSC3=C(C=4C=CC=CC4N3)CCC(=O)NC,CNC(=O)CCc1cc2ccccc2[nH]1
EGFR,Euclidean Search,0.73,C1=C(N(C=2N(C1=O)N=CN2)CC(NNC(=S)NC=3C=CC=CC3)=O)C4=CC=CC=C4,Nn1c(=O)c(Cc2ccco2)n[nH]c1=S
EGFR,Euclidean Search,0.73,C1=C(N(C=2N(C1=O)N=CN2)CC(NNC(=S)NC=3C=CC=CC3)=O)C4=CC=CC=C4,Nn1c(=O)c(Cc2ccco2)n[nH]c1=S
EGFR,Euclidean Search,0.73,C1=C(N(C=2N(C1=O)N=CN2)CC(NNC(=S)NC=3C=CC=CC3)=O)C4=CC=CC=C4,Nn1c(=O)c(Cc2ccco2)n[nH]c1=S
EGFR,Euclidean Search,0.73,C1=C(N(C=2N(C1=O)N=CN2)CC(NNC(=S)NC=3C=CC=CC3)=O)C4=CC=CC=C4,Nn1c(=O)c(Cc2ccco2)n[nH]c1=S
EGFR,Euclidean Search,0.73,C1=C(N(C=2N(C1=O)N=CN2)CC(NNC(=S)NC=3C=CC=CC3)=O)C4=CC=CC=C4,Nn1c(=O)c(Cc2ccco2)n[nH]c1=S
EGFR,Euclidean Search,0.73,C1=C(N(C=2N(C1=O)N=CN2)CC(NNC(=S)NC=3C=CC=CC3)=O)C4=CC=CC=C4,Nn1c(=O)c(Cc2ccco2)n[nH]c1=S
EGFR,Euclidean Search,0.67,C1(=C(C2=CC=CC=C2N1)CCC(=O)NC)SSC3=C(C=4C=CC=CC4N3)CCC(=O)NC,CNC(=O)CCc1cc2ccccc2[nH]1
EGFR,Euclidean Search,0.73,C1=C(N(C=2N(C1=O)N=CN2)CC(NNC(=S)NC=3C=CC=CC3)=O)C4=CC=CC=C4,Nn1c(=O)c(Cc2ccco2)n[nH]c1=S
EGFR,Euclidean Search,0.73,C1=C(N(C=2N(C1=O)N=CN2)CC(NNC(=S)NC=3C=CC=CC3)=O)C4=CC=CC=C4,Nn1c(=O)c(Cc2ccco2)n[nH]c1=S
EGFR,Euclidean Search,0.73,C1=C(N(C=2N(C1=O)N=CN2)CC(NNC(=S)NC=3C=CC=CC3)=O)C4=CC=CC=C4,Nn1c(=O)c(Cc2ccco2)n[nH]c1=S
EGFR,Euclidean Search,0.73,C1=C(N(C=2N(C1=O)N=CN2)CC(NNC(=S)NC=3C=CC=CC3)=O)C4=CC=CC=C4,Nn1c(=O)c(Cc2ccco2)n[nH]c1=S
EGFR,Euclidean Search,0.73,C1=C(N(C=2N(C1=O)N=CN2)CC(NNC(=S)NC=3C=CC=CC3)=O)C4=CC=CC=C4,Nn1c(=O)c(Cc2ccco2)n[nH]c1=S
EGFR,Euclidean Search,0.73,C1=C(N(C=2N(C1=O)N=CN2)CC(NNC(=S)NC=3C=CC=CC3)=O)C4=CC=CC=C4,Nn1c(=O)c(Cc2ccco2)n[nH]c1=S
EGFR,Euclidean Search,0.73,C1=C(N(C=2N(C1=O)N=CN2)CC(NNC(=S)NC=3C=CC=CC3)=O)C4=CC=CC=C4,Nn1c(=O)c(Cc2ccco2)n[nH]c1=S
EGFR,Euclidean Search,0.73,C1=C(N(C=2N(C1=O)N=CN2)CC(NNC(=S)NC=3C=CC=CC3)=O)C4=CC=CC=C4,Nn1c(=O)c(Cc2ccco2)n[nH]c1=S
EGFR,Euclidean Search,0.73,C1=C(N(C=2N(C1=O)N=CN2)CC(NNC(=S)NC=3C=CC=CC3)=O)C4=CC=CC=C4,Nn1c(=O)c(Cc2ccco2)n[nH]c1=S
EGFR,Euclidean Search,0.73,C1=C(N(C=2N(C1=O)N=CN2)CC(NNC(=S)NC=3C=CC=CC3)=O)C4=CC=CC=C4,Nn1c(=O)c(Cc2ccco2)n[nH]c1=S
EGFR,Euclidean Search,0.73,C1=C(N(C=2N(C1=O)N=CN2)CC(NNC(=S)NC=3C=CC=CC3)=O)C4=CC=CC=C4,Nn1c(=O)c(Cc2ccco2)n[nH]c1=S
EGFR,Euclidean Search,0.73,C1=C(N(C=2N(C1=O)N=CN2)CC(NNC(=S)NC=3C=CC=CC3)=O)C4=CC=CC=C4,Nn1c(=O)c(Cc2ccco2)n[nH]c1=S
EGFR,Euclidean Search,0.73,C1=C(N(C=2N(C1=O)N=CN2)CC(NNC(=S)NC=3C=CC=CC3)=O)C4=CC=CC=C4,Nn1c(=O)c(Cc2ccco2)n[nH]c1=S
EGFR,Euclidean Search,0.73,C1=C(N(C=2N(C1=O)N=CN2)CC(NNC(=S)NC=3C=CC=CC3)=O)C4=CC=CC=C4,Nn1c(=O)c(Cc2ccco2)n[nH]c1=S
EGFR,Euclidean Search,0.73,C1=C(N(C=2N(C1=O)N=CN2)CC(NNC(=S)NC=3C=CC=CC3)=O)C4=CC=CC=C4,Nn1c(=O)c(Cc2ccco2)n[nH]c1=S
EGFR,Euclidean Search,0.73,C1=C(N(C=2N(C1=O)N=CN2)CC(NNC(=S)NC=3C=CC=CC3)=O)C4=CC=CC=C4,Nn1c(=O)c(Cc2ccco2)n[nH]c1=S
EGFR,Euclidean Search,0.73,C1=C(N(C=2N(C1=O)N=CN2)CC(NNC(=S)NC=3C=CC=CC3)=O)C4=CC=CC=C4,Nn1c(=O)c(Cc2ccco2)n[nH]c1=S
EGFR,Euclidean Search,0.73,C1=C(N(C=2N(C1=O)N=CN2)CC(NNC(=S)NC=3C=CC=CC3)=O)C4=CC=CC=C4,Nn1c(=O)c(Cc2ccco2)n[nH]c1=S
EGFR,Euclidean Search,0.73,C1=C(N(C=2N(C1=O)N=CN2)CC(NNC(=S)NC=3C=CC=CC3)=O)C4=CC=CC=C4,Nn1c(=O)c(Cc2ccco2)n[nH]c1=S
EGFR,Euclidean Search,0.73,C1=C(N(C=2N(C1=O)N=CN2)CC(NNC(=S)NC=3C=CC=CC3)=O)C4=CC=CC=C4,Nn1c(=O)c(Cc2ccco2)n[nH]c1=S
EGFR,Euclidean Search,0.73,C1=C(N(C=2N(C1=O)N=CN2)CC(NNC(=S)NC=3C=CC=CC3)=O)C4=CC=CC=C4,Nn1c(=O)c(Cc2ccco2)n[nH]c1=S
EGFR,Euclidean Search,0.73,C1=C(N(C=2N(C1=O)N=CN2)CC(NNC(=S)NC=3C=CC=CC3)=O)C4=CC=CC=C4,Nn1c(=O)c(Cc2ccco2)n[nH]c1=S
EGFR,Euclidean Search,0.67,C1(=C(C2=CC=CC=C2N1)CCC(=O)NC)SSC3=C(C=4C=CC=CC4N3)CCC(=O)NC,CNC(=O)CCc1cc2ccccc2[nH]1
EGFR,Euclidean Search,0.73,C1=C(N(C=2N(C1=O)N=CN2)CC(NNC(=S)NC=3C=CC=CC3)=O)C4=CC=CC=C4,Nn1c(=O)c(Cc2ccco2)n[nH]c1=S
EGFR,Euclidean Search,0.73,C1=C(N(C=2N(C1=O)N=CN2)CC(NNC(=S)NC=3C=CC=CC3)=O)C4=CC=CC=C4,Nn1c(=O)c(Cc2ccco2)n[nH]c1=S
EGFR,Euclidean Search,0.73,C1=C(N(C=2N(C1=O)N=CN2)CC(NNC(=S)NC=3C=CC=CC3)=O)C4=CC=CC=C4,Nn1c(=O)c(Cc2ccco2)n[nH]c1=S
EGFR,Euclidean Search,0.71,C=1(C=2C=C(NC(C=C)=O)N=CC2N=CN1)NC3=CC(C)=CC=C3,Cc1ccc(cc1)C(=O)/N=c2/cccc[nH]2
EGFR,Euclidean Search,0.73,C1=C(N(C=2N(C1=O)N=CN2)CC(NNC(=S)NC=3C=CC=CC3)=O)C4=CC=CC=C4,Nn1c(=O)c(Cc2ccco2)n[nH]c1=S
EGFR,Euclidean Search,0.73,C1=C(N(C=2N(C1=O)N=CN2)CC(NNC(=S)NC=3C=CC=CC3)=O)C4=CC=CC=C4,Nn1c(=O)c(Cc2ccco2)n[nH]c1=S
EGFR,Euclidean Search,0.73,C1=C(N(C=2N(C1=O)N=CN2)CC(NNC(=S)NC=3C=CC=CC3)=O)C4=CC=CC=C4,Nn1c(=O)c(Cc2ccco2)n[nH]c1=S
EGFR,Euclidean Search,0.73,C1=C(N(C=2N(C1=O)N=CN2)CC(NNC(=S)NC=3C=CC=CC3)=O)C4=CC=CC=C4,Nn1c(=O)c(Cc2ccco2)n[nH]c1=S
EGFR,Euclidean Search,0.73,C1=C(N(C=2N(C1=O)N=CN2)CC(NNC(=S)NC=3C=CC=CC3)=O)C4=CC=CC=C4,Nn1c(=O)c(Cc2ccco2)n[nH]c1=S
EGFR,Euclidean Search,0.71,C=1(C=2C=C(NC(C=C)=O)N=CC2N=CN1)NC3=CC(C)=CC=C3,Cc1ccc(cc1)C(=O)/N=c2/cccc[nH]2
EGFR,Euclidean Search,0.73,C1=C(N(C=2N(C1=O)N=CN2)CC(NNC(=S)NC=3C=CC=CC3)=O)C4=CC=CC=C4,Nn1c(=O)c(Cc2ccco2)n[nH]c1=S
EGFR,Euclidean Search,0.73,C1=C(N(C=2N(C1=O)N=CN2)CC(NNC(=S)NC=3C=CC=CC3)=O)C4=CC=CC=C4,Nn1c(=O)c(Cc2ccco2)n[nH]c1=S
EGFR,Euclidean Search,0.73,C1=C(N(C=2N(C1=O)N=CN2)CC(NNC(=S)NC=3C=CC=CC3)=O)C4=CC=CC=C4,Nn1c(=O)c(Cc2ccco2)n[nH]c1=S
EGFR,Euclidean Search,0.73,C1=C(N(C=2N(C1=O)N=CN2)CC(NNC(=S)NC=3C=CC=CC3)=O)C4=CC=CC=C4,Nn1c(=O)c(Cc2ccco2)n[nH]c1=S
EGFR,Euclidean Search,0.73,C1=C(N(C=2N(C1=O)N=CN2)CC(NNC(=S)NC=3C=CC=CC3)=O)C4=CC=CC=C4,Nn1c(=O)c(Cc2ccco2)n[nH]c1=S
EGFR,Euclidean Search,0.73,C1=C(N(C=2N(C1=O)N=CN2)CC(NNC(=S)NC=3C=CC=CC3)=O)C4=CC=CC=C4,Nn1c(=O)c(Cc2ccco2)n[nH]c1=S
EGFR,Euclidean Search,0.73,C1=C(N(C=2N(C1=O)N=CN2)CC(NNC(=S)NC=3C=CC=CC3)=O)C4=CC=CC=C4,Nn1c(=O)c(Cc2ccco2)n[nH]c1=S
EGFR,Euclidean Search,0.73,C1=C(N(C=2N(C1=O)N=CN2)CC(NNC(=S)NC=3C=CC=CC3)=O)C4=CC=CC=C4,Nn1c(=O)c(Cc2ccco2)n[nH]c1=S
EGFR,Pre-trained hierVAE Generate,0.46,C1(=C(OC)C=C2N=CN=C(C2=C1)NC=3C(=C(C=CC3)Cl)F)CN(C4C(NCC4)=O)C,CN(C)CCCNC(=O)C1C(CO)C2Cn3c(ccc(-c4cccc(F)c4)c3=O)C2N1CC1CCCCC1
EGFR,Pre-trained hierVAE Generate,0.2,FC1=C(NC(=O)/C=C/C2=CC=CC=C2)C=CC=C1,CCc1ccccc1C(=O)Nc1cccc(C(=O)Nc2cccc(C(F)(F)F)c2)c1
EGFR,Pre-trained hierVAE Generate,0.65,C(CS(=O)(=O)CC)(=O)NCCN1C=CC2=NC=NC(=C21)NC=3C=CC(=C(C3)Cl)OC=4C=C(C=CC4)C(F)(F)F,CCS(=O)(=O)Nc1ccc2c(c1)C1CC(CC(=O)NCc3ccccc3F)OC(CO)C1O2
EGFR,Pre-trained hierVAE Generate,0.55,C=1C=C(F)C(=C(F)C1)NC(=O)C=2C=C(C=CC2)C3=C(C=4N=C(N=CC4)NC5=CC(=C(C=C5OC)N6CCC(CC6)N7CCN(CC7)S(C)(=O)=O)CC)N8C(=N3)C=CC=C8,CC1CCCCOC(CN(C)Cc2ccc(C(F)(F)F)cc2)C(C)CN(C(C)CO)C(=O)c2cc(NS(=O)(=O)c3cn(C)cn3)ccc2O1
EGFR,Pre-trained hierVAE Generate,0.38,N1(CCC(CC1)CCO)C(=O)NC2=CC3=C(N=CN=C3C=C2O[C@@H]4COCC4)NC=5C=C(C(=CC5)F)Cl,COc1ccccc1CNC(=O)CC1CCC2C(COCC(O)CN2C(=O)Nc2ccccc2F)O1
EGFR,Pre-trained hierVAE Generate,0.42,C1(=C(C=C(C=C1)NC(C2=CC=C(C(=C2)NC(C3=CN=C(N=C3)NC4CCCCC4)=O)C)=O)C(F)(F)F)CN5CCN(CC5)C,CC(C)(C)CNC(=O)CCc1ccc(C(=O)Nc2ccccc2C(=O)NCCCC(=O)NCCCC(=O)NCCCC(=O)NCCCC(=O)NCc2ccc(C(F)(F)F)cc2)cc1
EGFR,Pre-trained hierVAE Generate,0.72,N1=C2C(=C(C=C1)OC3=CC=C(C=C3F)NC(C=4C=C(C=CN4)C5=CC=C(C=C5)C)=O)C=C(C(=C2)OCCCN6CCN(CC6)C)OC,CCCCCC(=O)Nc1ccc2c(c1)C(=O)N(C)CC(OC)C(C)CN(C(=O)c1cccc(F)c1)C(C)CO2
EGFR,Pre-trained hierVAE Generate,0.38,O1CCN(CCCNC2=NC=C3C(N=CN=C3NC=4C=C(C=CC4)C)=C2)CC1,CN(C)c1ncnc2ccc(C(=O)NCCCN3CCOCC3)cc12
EGFR,Pre-trained hierVAE Generate,0.58,N(C(=O)NCCCN(C)C)C1=CC2=C(N=CN=C2C=C1O[C@@H]3COCC3)NC=4C=C(C(=CC4)F)Cl,CCCNC(=O)Nc1ccc2c(c1)C(=O)N(C)CC(OC)C(C)CN(Cc1ccc(F)cc1)C(C)CO2
EGFR,Pre-trained hierVAE Generate,0.47,[C@]12(N3C4=C5C(C6=C(N5[C@@H](O1)C[C@@H]([C@@H]2OC)N(CC7=CC=CC=C7)C)C=CC=C6)=C8C(=C4C9=C3C=CC=C9)CNC8=O)C,CC1CN(C(C)CO)C(=O)c2c(c3ccccc3n2C)-c2ccccc2COC1CN(C)Cc1ccc(C(F)(F)F)cc1
EGFR,Pre-trained hierVAE Generate,0.61,C=1(C=C(C=CC1)C2=CSC=C2)S(=O)(=O)NC3=CC(=C(C=C3)OC=4C=CN=C5C=C(C(=CC45)OC)OCCCN6CCN(CC6)C)F,CC1CCCCOC(CN(C)Cc2ccc(C(F)(F)F)cc2)C(C)CN(C(C)CO)C(=O)c2cc(NS(=O)(=O)c3cccs3)ccc2O1
EGFR,Pre-trained hierVAE Generate,0.33,C=1(C(=O)OCCC23C[C@@H]4C[C@H](C2)C[C@H](C3)C4)C(=CC=C(NCC5=C(C=CC(=C5)O)O)C1)O,CC(=O)Oc1ccc2c(c1)C1(O)C(CO)OCC1(C(=O)NCc1ccc(C)cc1)O2
EGFR,Pre-trained hierVAE Generate,0.72,[C@]12(N3C4=C5C(C6=C(N5[C@@H](O1)C[C@@H]([C@@H]2OC)N(CC(O)CCCC)C)C=CC=C6)=C7C(=C4C8=C3C=CC=C8)CNC7=O)C,CC1CN(C(C)CO)C(=O)c2c(c3ccccc3n2C)-c2ccccc2COC1CN(C)C(=O)CCC(F)(F)F
EGFR,Pre-trained hierVAE Generate,0.57,N1(CCC(CC1)CCO)C(=O)NC2=CC3=C(N=CN=C3C=C2O[C@@H]4COCC4)NC=5C=C(C(=CC5)F)Cl,COc1ccc(CNC(=O)CC2CCC3C(COCC(O)CN3C(=O)Nc3ccc(C(F)(F)F)cc3)O2)cc1
EGFR,Pre-trained hierVAE Generate,0.57,C1=C(C=2C(=NC=NC2C=C1)NC=3C=CC(OC4=CN=C(C=C4)C)=C(C)C3)O[C@@H](C(N(CCO)C)=O)C,CCCC(=O)Nc1ccc2c(c1)OCC(C)N(C(=O)c1cccnc1)CC(C)C(OC)CN(C)C2=O
EGFR,Pre-trained hierVAE Generate,0.62,[C@]12(N3C4=C5C(C6=C(N5[C@@H](O1)C[C@@H]([C@@H]2OC)N(CCC#N)C)C=CC=C6)=C7C(=C4C8=C3C=CC=C8)CNC7=O)C,CC1CN(C(C)CO)C(=O)c2c(c3ccccc3n2C)-c2ccccc2COC1CN(C)CC1CCCCC1
EGFR,Pre-trained hierVAE Generate,0.37,ClC=1C=C(NC=2C=3C(N=CC2C#N)=CC(OCC)=C(NC(=O)CCN(C)C)C3)C=CC1OCC4=NC=CC=C4,CCCCCC(=O)Nc1ccc2c(c1)C(=O)N(C)CC(OC)C(C)CN(C(=O)c1ccc(Cl)cc1)C(C)CO2
EGFR,Pre-trained hierVAE Generate,0.28,C1=2C(=NC=NC1=CC(=C(C2)OC)OC)NCC=3C=CC=CC3,COc1ccc(CNc2ncnc3ccc(C#N)cc23)cc1OC
EGFR,Pre-trained hierVAE Generate,0.34,[C@]12(N3C4=C5C(C6=C(N5[C@@H](O1)C[C@@H]([C@@H]2OC)N(CC7=CC=CC=C7)C)C=CC=C6)=C8C(=C4C9=C3C=CC=C9)CNC8=O)C,CC1CN(C(C)CO)C(=O)c2c(c3ccccc3n2C)-c2ccccc2COC1CN(C)Cc1ccc(C(F)(F)F)cc1
EGFR,Pre-trained hierVAE Generate,0.43,O(CC(CC(C)(C)C)C)C(=O)C=1C=C(N=CC=2C=C(O)C=CC2O)C=CC1O,CC1OC(C)C(OCC(C)(C)c2cncc(C(=O)c3cccc(O)c3)c2)C(O)C1O
EGFR,Pre-trained hierVAE Generate,0.69,[C@]12(N3C4=C5C(C6=C(N5[C@@H](O1)C[C@@H]([C@@H]2OC)N(CC(O)CCCC)C)C=CC=C6)=C7C(=C4C8=C3C=CC=C8)CNC7=O)C,CCCN(C)CC1OCc2ccccc2-c2c(n(C)c3ccccc23)C(=O)N(C(C)CO)CC1C
EGFR,Pre-trained hierVAE Generate,0.41,C1(=C(C=C(C=C1)NC(C2=CC=C(C(=C2)NC(C3=CC4=C(N=C3)NC=C4)=O)C(C)C)=O)C(F)(F)F)CN5CCN(CC5)C,CC(C)(C)c1ccc(C(=O)Nc2ncnc3ccc(C(=O)NCCCNCCCNC(=O)c4ccc(C(F)(F)F)cc4)cc23)cc1
EGFR,Pre-trained hierVAE Generate,0.54,[C@]12(N3C4=C5C(C6=C(N5[C@@H](O1)C[C@@H]([C@@H]2OC)N(CCC#N)C)C=CC=C6)=C7C(=C4C8=C3C=CC=C8)CNC7=O)C,CC1CN(C(C)CO)C(=O)c2c(c3ccccc3n2C)-c2ccccc2COC1CN(C)CC1CCCCC1
EGFR,Pre-trained hierVAE Generate,0.57,C1=C(C=2C(=NC=NC2C=C1)NC=3C=CC(OC4=CN=C(C=C4)C)=C(C)C3)O[C@@H](C(N(CCO)C)=O)C,CC1CCCCOC(CN(C)C)C(C)CN(C(C)CO)C(=O)c2cc(NC(=O)c3ccncc3)ccc2O1
EGFR,Pre-trained hierVAE Generate,0.66,[C@]12(N3C4=C5C(C6=C(N5[C@@H](O1)C[C@@H]([C@@H]2OC)N(C(=O)CN)C)C=CC=C6)=C7C(=C4C8=C3C=CC=C8)CNC7=O)C,COc1ccccc1CNC(=O)CC1CC2c3cc(NC(=O)c4cccnc4)ccc3OC2C(CO)O1
EGFR,Pre-trained hierVAE Generate,0.3,O1C2=C3C=CC=CC3=C(OCCN4CCOCC4)C(=C2C=5C(C6=CC=CC=C6C(C51)=O)=O)C(=O)OC,COc1ccc(-c2ccc(C(=O)OCCN3CCOCC3)c(-c3cccc(C(=O)O)c3)c2)cc1
EGFR,Pre-trained hierVAE Generate,0.36,C=1(C(=O)NCCC2=CC=CC=C2)C(=CC=C(NCC=3C(=CC=C(C3)O)O)C1)O,Cc1ccc(C(=O)Nc2ccc(C(=O)NCCCCCCC(=O)NCCCNC(=O)CCc3ccc(O)cc3)cc2)cc1
EGFR,Pre-trained hierVAE Generate,0.03,O=C(N(CCOC)C)C=1N(N=NC1C=2C=C3C(NN=C3)=CC2)CC4=CC=CC=C4,COc1ccc(CN(C)CC2OCc3cn(nn3)CCCC(=O)N(C(C)CO)CC2C)cc1
EGFR,Pre-trained hierVAE Generate,0.3,S(=O)(=O)(N)C=1C(=CC=C(NC=2N=C(NC3=CC=C(OCC(=O)NC)C=C3)C(F)=CN2)C1)C,CN(C)C(=O)CC1CCC(NS(=O)(=O)c2ccccc2F)C(CO)O1
EGFR,Pre-trained hierVAE Generate,0.6,[C@]12(N3C4=C5C(C6=C(N5[C@@H](O1)C[C@@H]([C@@H]2OC)N(CC(=O)OC)C)C=CC=C6)=C7C(=C4C8=C3C=CC=C8)CNC7=O)C,CC1CN(C(C)CO)C(=O)c2c(c3ccccc3n2C)-c2ccccc2COC1CN(C)C(=O)Cc1ccccn1
EGFR,Pre-trained hierVAE Generate,0.49,O1C(=C(C2=C(N[C@@H](C3=CC=CC=C3)CO)N=CN=C12)C4=CC(NC(=O)CCCCCN(C)C)=CC=C4)C5=CC=CC=C5,CC(C)(C)CCNC(=O)CC1CC2c3cc(NC(=O)Cc4ccncc4)ccc3OC2C(CO)O1
EGFR,Pre-trained hierVAE Generate,0.57,C1(C2=CC(=C(C(=C2)OC)OC)OC)=C(NC=C1C=3C4=C(N(COC(C)(C)C)C3)C=CC=C4)O,CC(C)(C)NCc1ccc(C2C(C#N)N(C(=O)c3ccc4c(c3)OCO4)C2CO)cc1
EGFR,Pre-trained hierVAE Generate,0.67,N1(CCC(CC1)CCO)C(=O)NC2=CC3=C(N=CN=C3C=C2O[C@@H]4COCC4)NC=5C=C(C(=CC5)F)Cl,COc1ccccc1CNC(=O)CC1CCC2C(COCC(O)CN2C(=O)Nc2ccccc2F)O1
EGFR,Pre-trained hierVAE Generate,0.51,C=1(C=C(C=CC1)C2=CSC=C2)S(=O)(=O)NC3=CC(=C(C=C3)OC=4C=CN=C5C=C(C(=CC45)OC)OCCCN6CCN(CC6)C)F,CC1CN(C(C)CO)S(=O)(=O)c2ccc(C3=CCCCC3)cc2OC1CN(C)Cc1ccc(C(F)(F)F)cc1
EGFR,Pre-trained hierVAE Generate,0.56,O=C1NC=2C(NC=3C1=CC=C(C3)C=4C=C(OC)C(OCC(O)CO)=CC4)=CC=C(C2)CCOC5=CC=C(N6CCOCC6)C=C5,COc1cccc(CNC(=O)CC2CC3c4cc(NC(=O)CN5CCOCC5)ccc4OC3C(CO)O2)c1
EGFR,Pre-trained hierVAE Generate,0.4,C1=2C(=NC=NC1=CC(=C(C2)OCCCN3CCOCC3)OC)NC4=CC(NC(NC5=CC=CC(=C5)C)=O)=CC=C4,CC(C)NC(=O)Nc1ccc2c(c1)C(=O)N(C(C)CO)CC(C)C(CN(C)CC1CCOCC1)O2
EGFR,Pre-trained hierVAE Generate,0.63,[C@]12(N3C4=C5C(C6=C(N5[C@@H](O1)C[C@@H]([C@@H]2OC)N(CC7=CC=CC=C7)C)C=CC=C6)=C8C(=C4C9=C3C=CC=C9)CNC8=O)C,CC1CN(C(C)CO)C(=O)c2c(c3ccccc3n2C)-c2ccccc2COC1CN(C)Cc1cccnc1
EGFR,Pre-trained hierVAE Generate,0.32,N1=C2C(=C(C=C1)OC3=CC=C(C=C3F)NC(C=4C=C(C=CN4)C5=CC=C(C=C5)C)=O)C=C(C(=C2)OCCCN6CCN(CC6)C)OC,CC1CCCCOC(CN(C)Cc2ccc(C(F)(F)F)cc2)C(C)CN(C(C)CO)C(=O)c2cc(NC(=O)c3ccncc3)ccc2O1
EGFR,Pre-trained hierVAE Generate,0.47,[C@]12(N3C4=C5C(C6=C(N5[C@@H](O1)C[C@@H]([C@@H]2OC)N(CC(O)=O)C)C=CC=C6)=C7C(=C4C8=C3C=CC=C8)CNC7=O)C,CC1CN(C(C)CO)C(=O)c2c(c3ccccc3n2C)-c2ccccc2COC1CN(C)Cc1ccc(C(=O)O)cc1
EGFR,Pre-trained hierVAE Generate,0.67,O=C1NC=2C(NC=3C1=CC=C(C3)C=4C=C(OC)C(OCC(O)CO)=CC4)=CC=C(C2)CCOC5=CC=C(N6CCOCC6)C=C5,CC1CN(C(C)CO)C(=O)c2cc(NC(=O)CCN3CCOCC3)ccc2OC1CN(C)Cc1ccc(C(=O)Nc2ccccc2N)cc1
EGFR,Pre-trained hierVAE Generate,0.45,N1=C2C(=C(C=C1)OC3=CC=C(C=C3F)NC(C=4C=C(C=CN4)C5=CC=C(C=C5)C)=O)C=C(C(=C2)OCCCN6CCN(CC6)C)OC,COCC(=O)Nc1ccc2c(c1)C(=O)N(C)CC(OC)C(C)CN(C(=O)c1ccccc1F)C(C)CO2
EGFR,Pre-trained hierVAE Generate,0.63,BrC=1C(NC=2C(S(=O)(=O)NC)=CC=CC2)=NC(NC=3C(OC)=CC=C(N4CCN(CC4)C(=O)C)C3)=NC1,Cc1cccc(S(=O)(=O)N(CCCN(C)C)CC(O)C(Cc2ccccc2)NC(=O)CCc2ccc(Cl)c(Cl)c2)c1
EGFR,Pre-trained hierVAE Generate,0.41,[C@]12(N3C4=C5C(C6=C(N5[C@@H](O1)C[C@@H]([C@@H]2OC)N(CCC#N)C)C=CC=C6)=C7C(=C4C8=C3C=CC=C8)CNC7=O)C,CC1CN(C(C)CO)C(=O)c2c(c3ccccc3n2C)-c2ccccc2COC1CN(C)CC1CCCCC1
EGFR,Pre-trained hierVAE Generate,0.56,[C@]12(N3C4=C5C(C6=C(N5[C@@H](O1)C[C@@H]([C@@H]2OC)N(CCC#N)C)C=CC=C6)=C7C(=C4C8=C3C=CC=C8)CNC7=O)C,CC1CN(C(C)CO)C(=O)c2c(c3ccccc3n2C)-c2ccccc2COC1CN(C)C(=O)CCN1CCOCC1
EGFR,Pre-trained hierVAE Generate,0.39,C=1(C=C(C=CC1)C2=CSC=C2)S(=O)(=O)NC3=CC(=C(C=C3)OC=4C=CN=C5C=C(C(=CC45)OC)OCCCN6CCN(CC6)C)F,CC1CN(C(C)CO)S(=O)(=O)c2ccc(C#CC3CCCCC3)cc2OC1CN(C)CC1CC1
EGFR,Pre-trained hierVAE Generate,0.41,C1(=CC=2OC(=CC(C2C(O)=C1)=O)C=3C=CC=CC3)OCC(NCCCCCCCCC)=O,CCCCCCCCCCCCCCCCCCCCCCCCCCCCCCCCCCCCCCCCCCCCCCCCCCCCCCCCCCCCCCCCCCCCCCCCC(O)CO
EGFR,Pre-trained hierVAE Generate,0.43,N1=C2C(=C(C=C1)OC3=CC=C(C=C3F)NC(C=4C=C(C=CN4)C5=CC=C(C=C5)C)=O)C=C(C(=C2)OCCCN6CCN(CC6)C)OC,COC1CN(C)C(=O)c2ccc(NC(=O)C3CC3)cc2OCC(C)N(Cc2ccccc2F)CC1C
EGFR,Pre-trained hierVAE Generate,0.58,O1CCN(CCCNC2=NC=C3C(N=CN=C3NC=4C=C(C=CC4)C)=C2)CC1,CN(C)c1ncnc2ccc(C(=O)NCCCN3CCOCC3)cc12
EGFR,Pre-trained hierVAE Generate,0.04,N1=C2C(=C(C=C1)OC3=CC=C(C=C3F)NC(C=4C=C(C=CN4)C5=CC=C(C=C5)C)=O)C=C(C(=C2)OCCCN6CCN(CC6)C)OC,CCCN1CC(C)C(OC)CN(C)C(=O)c2cc(NC(=O)c3ccccn3)ccc2OCC1C
EGFR,Pre-trained hierVAE Generate,0.06,C1(/C=C/C(=O)NCCN2CCOCC2)=C(N=CN=C1C)NC3=CC(=C(C=C3)OCC4=CC(=CC=C4)F)Cl,COc1ccc(-c2cccc(C(=O)Nc3cccc(C(F)(F)F)c3)c2)cc1C(C(=O)NCCN1CCOCC1)c1ccc(F)cc1
EGFR,Pre-trained hierVAE Generate,0.41,ClC=1C=C(NC=2C3=CC(NC(=O)CCN4CCOCC4)=C(OCC)C=C3N=CC2C#N)C=CC1F,CCNC(=O)CC1CCC2C(COc3ccc(NC(=O)c4ccccc4F)cc3C(=O)N2C)O1
EGFR,Pre-trained hierVAE Generate,0.79,O=C1NC=2C(NC=3C1=CC=C(C3)C=4C=C(OC)C(OCC(O)CO)=CC4)=CC=C(C2)CCOC5=CC=C(N6CCOCC6)C=C5,COc1ccc(-c2ccc(C(=O)NCCCN3CCOCC3)c(C3OC(CO)C(O)C(O)C3O)c2)cc1
EGFR,Pre-trained hierVAE Generate,0.38,N1(CCC(CC1)CCO)C(=O)NC2=CC3=C(N=CN=C3C=C2O[C@@H]4COCC4)NC=5C=C(C(=CC5)F)Cl,COc1ccccc1CNC(=O)CC1CCC2C(COCC(O)CN2C(=O)Nc2ccccc2F)O1
EGFR,Pre-trained hierVAE Generate,0.61,ClC=1C(OC2=CC(NC(=O)CCN3CCN(CC3)CCO)=CC=C2)=NC(NC4=C(OC)C=C(N5CCN(CC5)C)C=C4)=NC1,CC1CCCCOC(CN(C)Cc2ccc(C(F)(F)F)cc2)C(C)CN(C(C)CO)C(=O)c2cc(NC(=O)CCN3CCOCC3)ccc2O1
EGFR,Pre-trained hierVAE Generate,0.67,[C@]12(N3C4=C5C(C6=C(N5[C@@H](O1)C[C@@H]([C@@H]2OC)N(CC(O)=O)C)C=CC=C6)=C7C(=C4C8=C3C=CC=C8)CNC7=O)C,COc1ccccc1CNC(=O)CC1CC2c3cc(NC(=O)c4ccncc4)ccc3OC2C(CO)O1
EGFR,Pre-trained hierVAE Generate,0.57,N1=C2C(=C(C=C1)OC3=CC=C(C=C3F)NC(C=4C=C(C=CN4)C5=CC=C(C=C5)C)=O)C=C(C(=C2)OCCCN6CCN(CC6)C)OC,COC1CN(C)C(=O)c2cc(NC(=O)C3CCOCC3)ccc2OCC(C)N(Cc2cccc(F)c2)CC1C
EGFR,Pre-trained hierVAE Generate,0.45,C1=C(C=2C(=NC=NC2C=C1)NC=3C=CC(OC4=CN=C(C=C4)C)=C(C)C3)O[C@@H](C(N(CCO)C)=O)C,CC1CN(C(C)CO)C(=O)Cc2cc(NC(=O)CCN3CCOCC3)ccc2OC1CN(C)C
EGFR,Pre-trained hierVAE Generate,0.5,C1=2C(=NC=NC1=CC(=C(C2)OC)OC)NCC=3C=CC=CC3,COc1ccc(CNc2ncnc3ccc(C#N)cc23)cc1OC
EGFR,Pre-trained hierVAE Generate,0.01,[C@]12(N3C4=C5C(C6=C(N5[C@@H](O1)C[C@@H]([C@@H]2OC)N(CC(O)=O)C)C=CC=C6)=C7C(=C4C8=C3C=CC=C8)CNC7=O)C,CC1CN(C(C)CO)C(=O)c2c(c3ccccc3n2C)-c2ccccc2COC1CN(C)Cc1ccc(C(=O)O)cc1
EGFR,Pre-trained hierVAE Generate,0.4,O=C1NC=2C(NC=3C1=CC=C(C3)C=4C=C(OC)C(OCC(O)CO)=CC4)=CC=C(C2)CCOC5=CC=C(N6CCOCC6)C=C5,CC1CN(C(C)CO)C(=O)c2cc(NC(=O)CCN3CCOCC3)ccc2OC1CN(C)Cc1ccc(C(=O)Nc2ccccc2N)cc1
EGFR,Pre-trained hierVAE Generate,0.71,[C@]12(N3C4=C5C(C6=C(N5[C@@H](O1)C[C@@H]([C@@H]2OC)N(CC(=O)OC)C)C=CC=C6)=C7C(=C4C8=C3C=CC=C8)CNC7=O)C,CC1CN(C(C)CO)C(=O)c2c(c3ccccc3n2C)-c2ccccc2COC1CN(C)C(=O)c1ccncc1
EGFR,Pre-trained hierVAE Generate,0.65,O=C1NC=2C(NC=3C1=CC=C(C3)C=4C=C(OC)C(OCC(O)CO)=CC4)=CC=C(C2)CCOC5=CC=C(N6CCOCC6)C=C5,CN(C)c1ccc2c(c1)C1CC(CC(=O)NCCN3CCCCC3)OC(CO)C1O2
EGFR,Pre-trained hierVAE Generate,0.46,[C@]12(N3C4=C5C(C6=C(N5[C@@H](O1)C[C@@H]([C@@H]2OC)N(CC7=CC=CC=C7)C)C=CC=C6)=C8C(=C4C9=C3C=CC=C9)CNC8=O)C,CC1CN(C(C)CO)C(=O)c2c(c3ccccc3n2C)-c2ccccc2COC1CN(C)Cc1ccncc1
EGFR,Pre-trained hierVAE Generate,0.78,S(N1C2=C(C=C(NC=3C=4C(=CC(=C(C4)NC(/C=C/CN(C)C)=O)OCC)N=CC3C#N)C=C2)C=C1)(=O)(=O)C5=CC=CC=C5,CC1CN(C(C)CO)S(=O)(=O)c2ccc(C#Cc3ccccn3)cc2OC1CN(C)C(=O)CCN(C)C
EGFR,Pre-trained hierVAE Generate,0.54,C(NC=1C(=CC(=CC1)NC2=NC=NC3=CC(=C(C=C23)OC)OCCN4CCOCC4)C)(=O)OCC,COc1ccc(CNc2ncnc3ccc(C(=O)NCCCN4CCOCC4)cc23)cc1OC
EGFR,Pre-trained hierVAE Generate,0.34,C1=C(C=2C(=NC=NC2C=C1)NC=3C=CC(OC4=CN=C(C=C4)C)=C(C)C3)O[C@@H](C(N(CCO)C)=O)C,CC1CCCCOC(CN(C)Cc2ccncc2)C(C)CN(C(C)CO)C(=O)c2cc(NC(=O)c3ccncc3)ccc2O1
EGFR,Pre-trained hierVAE Generate,0.33,C1(=CC(C=2C=CC(C(NCC=3C=CC=CC3)=O)=CC2)=CC(=C1)O)C(C)(C)C,CC(C)CC(=O)Nc1ccc(C(=O)c2ccc(C(C)(C)C)cc2)cc1
EGFR,Pre-trained hierVAE Generate,0.59,N1=C2C(=C(C=C1)OC3=CC=C(C=C3F)NC(C=4C=C(C=CN4)C5=CC=C(C=C5)C)=O)C=C(C(=C2)OCCCN6CCN(CC6)C)OC,CCC(=O)Nc1ccc2c(c1)C(=O)N(C)CC(OC)C(C)CN(C(=O)c1ccccc1F)C(C)CO2
EGFR,Pre-trained hierVAE Generate,0.46,N(C(=O)NCCCN(C)C)C1=CC2=C(N=CN=C2C=C1O[C@@H]3COCC3)NC=4C=C(C(=CC4)F)Cl,CCCNC(=O)Nc1ccc2c(c1)C(=O)N(C)CC(OC)C(C)CN(Cc1ccc(F)cc1)C(C)CO2
EGFR,Pre-trained hierVAE Generate,0.55,C=1C=C2C=CN=CC2=CC1C=3C(C)=CC=C(NC(C=4C=CC(=CC4)CN5CCN(CC5)C)=O)C3,Cc1ccc(C)c(Nc2ccc(C(=O)NCCCN3CCN(C)CC3)cc2)c1C
EGFR,Pre-trained hierVAE Generate,0.69,N(C(=O)NCCCN(C)C)C1=CC2=C(N=CN=C2C=C1O[C@@H]3COCC3)NC=4C=C(C(=CC4)F)Cl,CCCNC(=O)Nc1ccc2c(c1)C(=O)N(C)CC(OC)C(C)CN(C(=O)c1ccc3c(c1)OCO3)C(C)CO2
EGFR,Pre-trained hierVAE Generate,0.43,C1(=CC=C(C=C1)C=2C=C(C(F)(F)F)C(C#N)=C(SCC(NCC(=O)O)=O)N2)OCC,COc1ccc(-c2ccc(C3C(O)COC(=O)C3C(=O)Nc3ccc(C(=O)Nc4cccc(C(=O)NCc5cccc(C(F)(F)F)c5)c4)cc3)cc2)cc1
EGFR,Pre-trained hierVAE Generate,0.54,N1(CCC(CC1)CCO)C(=O)NC2=CC3=C(N=CN=C3C=C2O[C@@H]4COCC4)NC=5C=C(C(=CC5)F)Cl,COc1ccccc1CNC(=O)CC1CCC2C(COCC(O)CN2C(=O)Nc2ccccc2F)O1
EGFR,Pre-trained hierVAE Generate,0.44,N1(CCC(CC1)CCO)C(=O)NC2=CC3=C(N=CN=C3C=C2O[C@@H]4COCC4)NC=5C=C(C(=CC5)F)Cl,COc1ccc(CNC(=O)CC2CCC3C(COCC(O)CN3C(=O)Nc3ccc(C(F)(F)F)cc3)O2)cc1
EGFR,Pre-trained hierVAE Generate,0.19,C1(=CC(=CC(=C1)/C=C/2\CCC/C(/C2=O)=C\C=3C=C(C(=C(C3)C(C)(C)C)O)C(C)(C)C)OC)OC,CCCCCCC(=O)OC1CC2(C)C(CCC3CC4(C)C=CC(=O)C=C4CC32)CC1(C)C
EGFR,Pre-trained hierVAE Generate,0.63,C1(=CC=2OC(=CC(C2C(O)=C1)=O)C=3C=CC=CC3)OCC(NCCCCCCCCC)=O,CCCCNC(=O)CC1CC2c3cc(NC(=O)c4ccncc4)ccc3OC2C(CO)O1
EGFR,Pre-trained hierVAE Generate,0.36,C=1N=C2NC(CCC2=C(OC3=CC=C4CC[C@H](CC4=C3)NC(C5=CC(=CC(=C5)CN(C)C)C(F)(F)F)=O)C1)=O,CC1CN(C(C)CO)C(=O)Cc2cc(NC(=O)CCCN(C)C)ccc2OC1CN(C)Cc1ccc(C(F)(F)F)cc1
EGFR,Pre-trained hierVAE Generate,0.45,ClC=1C(OC2=CC(NC(=O)CCN3CCN(CC3)CCO)=CC=C2)=NC(NC4=C(OC)C=C(N5CCN(CC5)C)C=C4)=NC1,CC1CN(C(C)CO)C(=O)c2cc(NC(=O)CCC(F)(F)F)ccc2OC1CN(C)Cc1ccc(F)cc1
EGFR,Pre-trained hierVAE Generate,0.44,[C@]12(N3C4=C5C(C6=C(N5[C@@H](O1)C[C@@H]([C@@H]2OC)N(CC(O)=O)C)C=CC=C6)=C7C(=C4C8=C3C=CC=C8)CNC7=O)C,CC1CN(C(C)CO)C(=O)c2c(c3ccccc3n2C)-c2ccccc2COC1CN(C)Cc1ccc(C(=O)O)cc1
EGFR,Pre-trained hierVAE Generate,0.72,O=C1NC=2C(NC=3C1=CC=C(C3)C=4C=C(OC)C(OCC(O)CO)=CC4)=CC=C(C2)CCOC5=CC=C(N6CCOCC6)C=C5,CC1CN(C(C)CO)C(=O)c2cc(NC(=O)CCN3CCOCC3)ccc2OC1CN(C)Cc1ccc(C(=O)Nc2ccccc2N)cc1
EGFR,Pre-trained hierVAE Generate,0.32,C=1C=C(F)C(=C(F)C1)NC(=O)C=2C=C(C=CC2)C3=C(C=4N=C(N=CC4)NC5=CC(=C(C=C5OC)N6CCC(CC6)N7CCN(CC7)S(C)(=O)=O)CC)N8C(=N3)C=CC=C8,CC1CCCCOC(CN(C)Cc2ccc(C(F)(F)F)cc2)C(C)CN(C(C)CO)C(=O)c2cc(NS(=O)(=O)c3cn(C)cn3)ccc2O1
EGFR,Pre-trained hierVAE Generate,0.42,[C@]12(N3C4=C5C(C6=C(N5[C@@H](O1)C[C@@H]([C@@H]2OC)N(CCC#N)C)C=CC=C6)=C7C(=C4C8=C3C=CC=C8)CNC7=O)C,CC1CN(C(C)CO)C(=O)c2c(c3ccccc3n2C)-c2ccccc2COC1CN(C)C(=O)CCN1CCOCC1
EGFR,Pre-trained hierVAE Generate,0.41,C12=C(N=CN=C1C=CC=C2)NCCC3=CC=CC=C3,CCCNc1nc(-c2cccnc2)nc2cccc(C)c12
EGFR,Pre-trained hierVAE Generate,0.24,C1=C(C=2C(=NC=NC2C=C1)NC=3C=CC(OC4=CN=C(C=C4)C)=C(C)C3)O[C@@H](C(N(CCO)C)=O)C,CC1CCCCOC(CN(C)Cc2ccncc2)C(C)CN(C(C)CO)C(=O)c2cc(NC(=O)c3ccncc3)ccc2O1
EGFR,Pre-trained hierVAE Generate,0.35,N(C(=O)NCCCOC)C1=CC2=C(N=CN=C2C=C1O[C@@H]3COCC3)NC=4C=C(C(=CC4)F)Cl,CCNC(=O)CC1CC2c3cc(NC(=O)Nc4ccc(C(F)(F)F)cc4)ccc3OC2C(CO)O1
EGFR,Pre-trained hierVAE Generate,0.35,O=C(NC=1C=CN=CC1)C2CCC(CC2)C(N)C,CCCCCCCCCCCCCCCCCC(=O)Nc1ccc(C(C)(C)C)cc1
EGFR,Pre-trained hierVAE Generate,0.74,[C@]12(N3C4=C5C(C6=C(N5[C@@H](O1)C[C@@H]([C@@H]2OC)N(CC(O)CCCC)C)C=CC=C6)=C7C(=C4C8=C3C=CC=C8)CNC7=O)C,CCCC(=O)Nc1ccc2c(c1)C(=O)N(C(C)CO)CC(C)C(CN(C)Cc1cccc(C(F)(F)F)c1)OCCCCC(C)O2
EGFR,Pre-trained hierVAE Generate,0.39,N1=C(N=C2N(C(N(CC2=C1)C)=O)C=3C=CC=C(NC(CC)=O)C3)NC4=C(C=C(C=C4)N5CCN(CC5)C)OC,CCCC(=O)Nc1ccc2c(c1)C(=O)N(C)CC(OC)C(C)CN(C(=O)CC)C(C)CO2
EGFR,Pre-trained hierVAE Generate,0.47,N(C(=O)NCCCN(C)C)C1=CC2=C(N=CN=C2C=C1O[C@@H]3COCC3)NC=4C=C(C(=CC4)F)Cl,CCCNC(=O)Nc1ccc2c(c1)C(=O)N(C)CC(OC)C(C)CN(Cc1ccc(F)cc1)C(C)CO2
EGFR,Pre-trained hierVAE Generate,0.12,N1=C2C(=C(C=C1)OC3=CC=C(C=C3F)NC(C=4C=C(C=CN4)C5=CC=C(C=C5)C)=O)C=C(C(=C2)OCCCN6CCN(CC6)C)OC,CCCCCC(=O)Nc1ccc2c(c1)OCC(C)N(C(=O)c1ccc(F)cc1)CC(C)C(OC)CN(C)C2=O
EGFR,Pre-trained hierVAE Generate,0.48,[C@]12(N3C4=C5C(C6=C(N5[C@@H](O1)C[C@@H]([C@@H]2OC)N(CC(O)=O)C)C=CC=C6)=C7C(=C4C8=C3C=CC=C8)CNC7=O)C,CC(C)NC(=O)N(C)CC1OCc2ncccc2-c2c(n(C)c3ccccc23)C(=O)N(C(C)CO)CC1C
EGFR,Pre-trained hierVAE Generate,0.27,ClC=1C=C(NC=2C=3C(N=CC2C#N)=CC(OCC)=C(NC(=O)CCN(C)C)C3)C=CC1OCC4=NC=CC=C4,CCCCCC(=O)Nc1ccc2c(c1)OCC(C)N(C(=O)c1cccnc1)CC(C)C(OC)CN(C)C2=O
EGFR,Pre-trained hierVAE Generate,0.33,BrC=1C=C(NC2=NC=NC3=C2C=C(N=C3)CC(=O)/C=C/C(=O)NCCCN(CC)CC)C=CC1,CCN(CC)CCCNC(=O)CCCCCC(=O)Nc1ccc(Cl)c(Cl)c1
EGFR,Pre-trained hierVAE Generate,0.69,O=C1NC=2C(NC=3C1=CC=C(C3)C=4C=C(OC)C(OCC(O)CO)=CC4)=CC=C(C2)CCOC5=CC=C(N6CCOCC6)C=C5,COc1ccc(CNC(=O)CC2CCC3C(COCC(O)CN3Cc3cccnc3)O2)cc1
EGFR,Pre-trained hierVAE Generate,0.45,[C@]12(N3C4=C5C(C6=C(N5[C@@H](O1)C[C@@H]([C@@H]2OC)N(CC(O)=O)C)C=CC=C6)=C7C(=C4C8=C3C=CC=C8)CNC7=O)C,CC1CN(C(C)CO)C(=O)c2c(c3ccccc3n2C)-c2ccccc2COC1CN(C)Cc1ccc(C(=O)O)cc1
EGFR,Pre-trained hierVAE Generate,0.43,O1C(=C(C2=C(N[C@@H](C3=CC=CC=C3)CO)N=CN=C12)C4=CC(NC(=O)CCCCCN(C)C)=CC=C4)C5=CC=CC=C5,CN(C)CCCNC(=O)CC1CC2c3cc(NC(=O)Cc4ccncc4)ccc3OC2C(CO)O1
EGFR,Pre-trained hierVAE Generate,0.31,O(C=1C=CC(C2=NN(C=3N=CN=C(N)C32)[C@H]4CN(CCC4)C(=O)C=C)=CC1)C5=CC=CC=C5,COc1ccc(-c2cc3nccc(N4CCN(C(=O)c5ccc(F)cc5)CC4)n3n2)cc1
EGFR,Pre-trained hierVAE Generate,0.3,C1=C(C=2C(=NC=NC2C=C1)NC=3C=CC(OC4=CN=C(C=C4)C)=C(C)C3)O[C@@H](C(N(CCO)C)=O)C,CC1CCCCOC(CN(C)Cc2cccnc2)C(C)CN(C(C)CO)C(=O)c2cc(N(C)C)ccc2O1
EGFR,Pre-trained hierVAE Generate,0.33,C=1C=CC(C2=C(C3=CC(=C(C(=C3)OC)OC)OC)C(=O)NC2=O)=CC1,COC(=O)c1ccc2c(c1)C(=Cc1ccc(OC)c(OC)c1)C(=O)N2
EGFR,Pre-trained hierVAE Generate,0.43,S(=O)(=O)(NC=1C=C(F)C(OC=2C3=C(N=CC2)C=C(OCCCN4CCOCC4)C(OC)=C3)=CC1)C=5C=C(C=6C=COC6)C=CC5,COc1ccc(S(=O)(=O)Nc2ccc3c(c2)C(=O)N(C)C2CCC(CC(=O)NCc4ccc(F)cc4)OC2CO3)cc1
EGFR,Ours,0.96,S(N1C2=C(C=C(NC=3C=4C(=CC(=C(C4)NC(/C=C/CN(C)C)=O)OCC)N=CC3C#N)C=C2)C=C1)(=O)(=O)C5=CC=CC=C5,CC1CN(C(C)CO)S(=O)(=O)c2ccc(-c3ccccc3C(=O)N(C)C)cc2OC1CN(C)C(=O)c1ccc2c(c1)OCO2
EGFR,Ours,0.93,C1=2C(=NC=NC1=CC(=C(C2)OCCCN3CCOCC3)OC)NC4=CC=C(C=C4)NC(NC5=CC=C(C(=C5)C(F)(F)F)Cl)=O,COC1CN(C)C(=O)c2cc(NC(=O)NC(C)C)ccc2OCC(C)N(CCC(F)(F)F)CC1C
EGFR,Ours,0.93,BrC=1C=C(NC2=NC=NC=3C2=CC(NC(=O)CCN4CCOCC4)=CC3)C=CC1,O=C(NCCCN1CCOCC1)c1ccc2ncnc(NCc3ccc(Cl)cc3)c2c1
EGFR,Ours,0.93,BrC=1C=C(NC2=NC=NC=3C2=CC(NC(=O)CCN4CCOCC4)=CC3)C=CC1,O=C(NCCCN1CCOCC1)c1ccc2ncnc(NCc3ccc(Cl)cc3)c2c1
EGFR,Ours,0.91,O=C1N(C(=O)C2=C3C1=CC=C(NCCCC)C3=CC=C2)CCNCCO,CCCNC(=O)NC1CCC(CC(=O)N2CCC(Cc3ccccc3)CC2)OC1CO
EGFR,Ours,0.9,ClC=1C(OC2=CC(NC(=O)CCN3CCN(CC3)CCO)=CC=C2)=NC(NC4=C(OC)C=C(N5CCN(CC5)C)C=C4)=NC1,CC1CN(C(C)CO)C(=O)c2cccc(NC(=O)CCN3CCOCC3)c2OC1CN(C)Cc1ccc(C(F)(F)F)cc1
EGFR,Ours,0.89,[C@]12(N3C4=C5C(C6=C(N5[C@@H](O1)C[C@@H]([C@@H]2OC)N(CC(O)=O)C)C=CC=C6)=C7C(=C4C8=C3C=CC=C8)CNC7=O)C,COc1cccc(NC(=O)N(C)CC2OCc3ccccc3-c3c(n(C)c4ccccc34)C(=O)N(C(C)CO)CC2C)c1
EGFR,Ours,0.89,S(=O)(=O)(NC=1C=C(F)C(OC=2C3=C(N=CC2)C=C(OCCCN4CCOCC4)C(OC)=C3)=CC1)C=5C=C(C=6C=COC6)C=CC5,COc1ccc(CNC(=O)CC2CC3c4cc(NS(=O)(=O)c5ccc(F)cc5)ccc4OC3C(CO)O2)cc1
EGFR,Ours,0.89,ClC=1C(OC2=CC(NC(=O)CCN3CCN(CC3)CCO)=CC=C2)=NC(NC4=C(OC)C=C(N5CCN(CC5)C)C=C4)=NC1,CC1CCCCOC(CN(C)Cc2cccnc2)C(C)CN(C(C)CO)C(=O)c2cc(NC(=O)CCC(F)(F)F)ccc2O1
EGFR,Ours,0.89,ClC=1C(NC=2C(S(=O)(=O)NC)=CC=CC2)=NC(NC3=CC(OC)=C(OC)C(OC)=C3)=NC1,COc1cc(C(=O)c2ccc(F)cc2)ccc1C(=O)Nc1ccc(S(=O)(=O)NC(C)(C)C)cc1
EGFR,Ours,0.89,C=1(C2=C(C=CC(=C2)OC)N=CN1)NC3=CC(Br)=CC=C3,COc1ccc2nc(C#N)nc(Nc3ccc(Cl)cc3)c2c1
EGFR,Ours,0.89,C=1(C2=C(C=CC(=C2)OC)N=CN1)NC3=CC(Br)=CC=C3,COc1ccc2nc(C#N)nc(Nc3ccc(Cl)cc3)c2c1
EGFR,Ours,0.88,C1=C(C=2C=CC=CC2N1)C(=O)NCCN(CC)CC,CCN(CC)CCCNC(=O)Cc1c[nH]c2ccccc12
EGFR,Ours,0.88,C1=C(C=2C=CC=CC2N1)C(=O)NCCN(CC)CC,CCN(CC)CCCNC(=O)Cc1c[nH]c2ccccc12
EGFR,Ours,0.87,O1CCN(CCCNC2=NC=C3C(N=CN=C3NC=4C=C(C=CC4)C)=C2)CC1,CCCNc1ncnc2ccc(C(=O)NCCCN3CCOCC3)cc12
EGFR,Ours,0.87,N1=CN=C2N(C=C(C=3C=CC=C(OC)C3)C2=C1N)C4CCN(CC4)CCO,COc1ccc(CNc2ncnc3ccc(CNCCCN4CCOCC4)cc23)cc1
EGFR,Ours,0.87,N1=CN=C2N(C=C(C=3C=CC=C(OC)C3)C2=C1N)C4CCN(CC4)CCO,COc1ccc(CNc2ncnc3ccc(CNCCCN4CCOCC4)cc23)cc1
EGFR,Ours,0.87,C1=CC=CC(=C1)/C=C/C(NC=2C(=CC=CC2)OC)=O,COc1ccccc1C#Cc1ccc(C(=O)Nc2ccccc2C)cc1
EGFR,Ours,0.87,C(CCN1CCOCC1)(=O)NC2=CC3=C(N=CN=C3C=C2OCC)NC=4C=C(C(=CC4)F)Cl,COc1ccc(CNc2nc(-c3ccc(F)cc3)nc3ccc(C(=O)NCCCN4CCOCC4)cc23)cc1
EGFR,Ours,0.86,[C@]12(N3C4=C5C(C6=C(N5[C@@H](O1)C[C@@H]([C@@H]2OC)N(CC7=CC=CC=C7)C)C=CC=C6)=C8C(=C4C9=C3C=CC=C9)CNC8=O)C,COc1ccc(CN(C)CC2OCc3ccccc3-c3c(n(C)c4ccccc34)C(=O)N(C(C)CO)CC2C)cc1
EGFR,Ours,0.86,S(N1C2=C(C=C(NC=3C=4C(=CC(=C(C4)NC(/C=C/CN(C)C)=O)OCC)N=CC3C#N)C=C2)C=C1)(=O)(=O)C5=CC=CC=C5,CC1CN(C(C)CO)S(=O)(=O)c2ccc(-c3ccccc3C(=O)N(C)C)cc2OC1CN(C)Cc1ccc(C(=O)O)cc1
EGFR,Ours,0.86,N1=C2C(=C(C=C1)OC3=CC=C(C=C3F)NC(C=4C=C(C=CN4)C5=CC=C(C=C5)C)=O)C=C(C(=C2)OCCCN6CCN(CC6)C)OC,CCCC(=O)N1CC(C)C(OC)CN(C)C(=O)c2cc(NC(=O)c3cccc(F)c3)ccc2OCC1C
EGFR,Ours,0.86,C=1(C=C(C=CC1)C2=CSC=C2)S(=O)(=O)NC3=CC(=C(C=C3)OC=4C=CN=C5C=C(C(=CC45)OC)OCCCN6CCN(CC6)C)F,COC(CN(C)S(=O)(=O)c1ccc(C)cc1)C(C)CN(Cc1ccc(F)cc1)C(C)CO
EGFR,Ours,0.86,C12=C(N=CN=C1C=C(N=C2)N)NCC3=CC(OC)=CC=C3,COc1ccc(CNc2ncnc3ccc(C(=O)O)cc23)cc1
EGFR,Ours,0.86,BrC=1C=C(NC2=NC=NC=3C2=CC(NC(=O)CCCN4CCCCC4)=CC3)C=CC1,O=C(CCCN1CCN(Cc2ccc(Cl)cc2)CC1)Nc1ccc(Cl)cc1
EGFR,Ours,0.85,[C@]12(N3C4=C5C(C6=C(N5[C@@H](O1)C[C@@H]([C@@H]2OC)N(CC7=CC=CC=C7)C)C=CC=C6)=C8C(=C4C9=C3C=CC=C9)CNC8=O)C,CC1CN(C(C)CO)C(=O)c2c(c3ccccc3n2C)-c2ccccc2COC1CN(C)Cc1cccnc1
EGFR,Ours,0.85,[C@]12(N3C4=C5C(C6=C(N5[C@@H](O1)C[C@@H]([C@@H]2OC)N(CC7=CC=CC=C7)C)C=CC=C6)=C8C(=C4C9=C3C=CC=C9)CNC8=O)C,CC1CN(C(C)CO)C(=O)c2c(c3ccccc3n2C)-c2ccccc2COC1CN(C)Cc1cccnc1
EGFR,Ours,0.85,S(N1C2=C(C=C(NC=3C=4C(=CC(=C(C4)NC(/C=C/CN(C)C)=O)OCC)N=CC3C#N)C=C2)C=C1)(=O)(=O)C5=CC=CC=C5,CC1CN(C(C)CO)S(=O)(=O)c2ccc(-c3ccccc3C#N)cc2OC1CN(C)Cc1ccc(C(=O)Nc2ccccc2N)cc1
EGFR,Ours,0.85,N1=C2C(=C(C=C1)OC3=CC=C(C=C3F)NC(C=4C=C(C=CN4)C5=CC=C(C=C5)C)=O)C=C(C(=C2)OCCCN6CCN(CC6)C)OC,COC1CN(C)C(=O)c2ccc(NC(=O)c3ccccc3F)cc2OCC(C)N(C(=O)c2cnccn2)CC1C
EGFR,Ours,0.85,N1(CCN(CC1)C)CCCNC2=NC=C3C(N=CN=C3NC=4C=C(C=CC4)C)=C2,CCN(CC)c1ncnc2ccc(C(=O)NCCCN3CCCCC3)cc12
EGFR,Ours,0.85,N1(CCN(CC1)C)CCCNC2=NC=C3C(N=CN=C3NC=4C=C(C=CC4)C)=C2,CCN(CC)CCCNc1ncnc2ccccc12
EGFR,Ours,0.85,C=1(C=C(C=CC1)C=2OC=CC2)S(=O)(=O)NC3=CC(=C(C=C3)OC=4C=CN=C5C=C(C(=CC45)OC)OCCCN6CCN(CC6)C)F,CC1CN(C(C)CO)C(=O)c2c(c3ccccc3n2C)-c2ccccc2COC1CN(C)S(=O)(=O)c1ccc(Cl)cc1
EGFR,Ours,0.85,C(CC)(C)=CCC(C(=O)/C=C/C=C/C=C/C=C/C=C/C=C/[C@H]1O[C@H]([C@@H](C1)O)C(O)=O)=O,CCCCCCCCCCCCCCCCCCCCCCCCCCCCCCCCCCCCCC(O)C(O)C(O)C(O)C(O)CO
EGFR,Ours,0.84,[C@]12(N3C4=C5C(C6=C(N5[C@@H](O1)C[C@@H]([C@@H]2OC)N(CC(O)=O)C)C=CC=C6)=C7C(=C4C8=C3C=CC=C8)CNC7=O)C,CC1CN(C(C)CO)C(=O)c2cc(NC(=O)Cc3cn(C)c4ccccc34)ccc2OC1CN(C)Cc1ccncc1
EGFR,Ours,0.84,S(=O)(=O)(NC=1C=C(F)C(OC=2C3=C(N=CC2)C=C(OCCCN4CCN(CC4)C)C(OC)=C3)=CC1)C5=CC=C(C6=CN(N=C6)C)C=C5,COC1CN(C)C(=O)c2cc(NS(=O)(=O)c3cn(C)cn3)ccc2OCC(C)N(CCC(F)(F)F)CC1C
EGFR,Ours,0.84,O=C1NC=2C(NC=3C1=CC=C(C3)C=4C=C(OC)C(OCC(O)CO)=CC4)=CC=C(C2)CCOC5=CC=C(N6CCOCC6)C=C5,COCCCNC(=O)CC1CCC2C(COc3ccc(NC(=O)Cc4ccccc4)cc3C(=O)N2C)O1
EGFR,Ours,0.84,O=C1NC=2C(NC=3C1=CC=C(C3)C=4C=C(OC)C(OCC(O)CO)=CC4)=CC=C(C2)CCOC5=CC=C(N6CCOCC6)C=C5,CC1CN(C(C)CO)C(=O)c2cccc(NC(=O)CCN3CCOCC3)c2OC1CN(C)Cc1ccccn1
EGFR,Ours,0.84,N1[C@@H](CCC1)C(=O)NC2=CC3=C(N=CN=C3C=C2OCCOC)NC4=C(C=CC5=C4OCO5)Cl,CNCC(=O)Nc1ccc2c(c1)C1CC(CC(=O)NCc3ccc4c(c3)OCO4)OC(CO)C1O2
EGFR,Ours,0.84,ClC=1C(OC2=CC(NC(=O)CCN3CCN(CC3)CCO)=CC=C2)=NC(NC4=C(OC)C=C(N5CCN(CC5)C)C=C4)=NC1,CC1CN(C(C)CO)C(=O)c2cc(NC(=O)CCC(F)(F)F)ccc2OC1CN(C)Cc1ccc(F)cc1
EGFR,Ours,0.84,C1=CC(C(=O)NC2=CC=CC(C(C3=CC=CC=C3)O)=C2)=C(O)C=C1NC(C=C)=O,CC(C)C(C(=O)O)C(=O)Nc1ccc(C(=O)Nc2ccc(C(=O)O)cc2)cc1
EGFR,Ours,0.83,[C@]12(N3C4=C5C(C6=C(N5[C@@H](O1)C[C@@H]([C@@H]2OC)N(CCC#N)C)C=CC=C6)=C7C(=C4C8=C3C=CC=C8)CNC7=O)C,CC1CN(C(C)CO)C(=O)c2c(c3ccccc3n2C)-c2ccccc2COC1CN(C)CC1CCCCC1
EGFR,Ours,0.83,[C@]12(N3C4=C5C(C6=C(N5[C@@H](O1)C[C@@H]([C@@H]2OC)N(CCC#N)C)C=CC=C6)=C7C(=C4C8=C3C=CC=C8)CNC7=O)C,CC1CN(C(C)CO)C(=O)c2c(c3ccccc3n2C)-c2ccccc2COC1CN(C)CC1CCCCC1
EGFR,Ours,0.83,[C@]12(N3C4=C5C(C6=C(N5[C@@H](O1)C[C@@H]([C@@H]2OC)N(CCC#N)C)C=CC=C6)=C7C(=C4C8=C3C=CC=C8)CNC7=O)C,CC1CN(C(C)CO)C(=O)c2c(c3ccccc3n2C)-c2ccccc2COC1CN(C)CC1CCCCC1
EGFR,Ours,0.83,[C@]12(N3C4=C5C(C6=C(N5[C@@H](O1)C[C@@H]([C@@H]2OC)N(CCC#N)C)C=CC=C6)=C7C(=C4C8=C3C=CC=C8)CNC7=O)C,CC1CN(C(C)CO)C(=O)c2c(c3ccccc3n2C)-c2ccccc2COC1CN(C)C(=O)CCN1CCOCC1
EGFR,Ours,0.83,[C@]12(N3C4=C5C(C6=C(N5[C@@H](O1)C[C@@H]([C@@H]2OC)N(CCC#N)C)C=CC=C6)=C7C(=C4C8=C3C=CC=C8)CNC7=O)C,CC1CN(C(C)CO)C(=O)c2c(c3ccccc3n2C)-c2ccccc2COC1CN(C)C(=O)CCN1CCOCC1
EGFR,Ours,0.83,[C@]12(N3C4=C5C(C6=C(N5[C@@H](O1)C[C@@H]([C@@H]2OC)N(CCC#N)C)C=CC=C6)=C7C(=C4C8=C3C=CC=C8)CNC7=O)C,CC1CN(C(C)CO)C(=O)c2c(c3ccccc3n2C)-c2ccccc2COC1CN(C)C(=O)CCN1CCOCC1
EGFR,Ours,0.83,[C@]12(N3C4=C5C(C6=C(N5[C@@H](O1)C[C@@H]([C@@H]2OC)N(CCC#N)C)C=CC=C6)=C7C(=C4C8=C3C=CC=C8)CNC7=O)C,CC1CN(C(C)CO)C(=O)c2c(c3ccccc3n2C)-c2ccccc2COC1CN(C)C(=O)CCN1CCCCC1
EGFR,Ours,0.83,[C@]12(N3C4=C5C(C6=C(N5[C@@H](O1)C[C@@H]([C@@H]2OC)N(CC7=CC=CC=C7)C)C=CC=C6)=C8C(=C4C9=C3C=CC=C9)CNC8=O)C,CC1CN(C(C)CO)C(=O)c2c(c3ccccc3n2C)-c2ccccc2COC1CN(C)Cc1ccncc1
EGFR,Ours,0.83,[C@]12(N3C4=C5C(C6=C(N5[C@@H](O1)C[C@@H]([C@@H]2OC)N(CC7=CC=CC=C7)C)C=CC=C6)=C8C(=C4C9=C3C=CC=C9)CNC8=O)C,CC1CN(C(C)CO)C(=O)c2c(c3ccccc3n2C)-c2ccccc2COC1CN(C)Cc1ccc(C(F)(F)F)cc1
EGFR,Ours,0.83,[C@]12(N3C4=C5C(C6=C(N5[C@@H](O1)C[C@@H]([C@@H]2OC)N(CC(O)CCCC)C)C=CC=C6)=C7C(=C4C8=C3C=CC=C8)CNC7=O)C,CCCNC(=O)N(C)CC1OCc2ccccc2-c2c(n(C)c3ccccc23)C(=O)N(C(C)CO)CC1C
EGFR,Ours,0.83,[C@]12(N3C4=C5C(C6=C(N5[C@@H](O1)C[C@@H]([C@@H]2OC)N(CC(O)CCCC)C)C=CC=C6)=C7C(=C4C8=C3C=CC=C8)CNC7=O)C,CCCNC(=O)N(C)CC1OCc2ccccc2-c2c(n(C)c3ccccc23)C(=O)N(C(C)CO)CC1C
EGFR,Ours,0.83,[C@]12(N3C4=C5C(C6=C(N5[C@@H](O1)C[C@@H]([C@@H]2OC)N(CC(O)CCCC)C)C=CC=C6)=C7C(=C4C8=C3C=CC=C8)CNC7=O)C,CCCNC(=O)CC1CC2c3cc(NC(=O)CN(C)C)ccc3OC2C(CO)O1
EGFR,Ours,0.83,[C@]12(N3C4=C5C(C6=C(N5[C@@H](O1)C[C@@H]([C@@H]2OC)N(CC(O)=O)C)C=CC=C6)=C7C(=C4C8=C3C=CC=C8)CNC7=O)C,CC1CN(C(C)CO)C(=O)c2cc(NC(=O)Cc3cn(C)c4ccccc34)ccc2OC1CN(C)Cc1ccc(C(F)(F)F)cc1
EGFR,Ours,0.83,[C@]12(N3C4=C5C(C6=C(N5[C@@H](O1)C[C@@H]([C@@H]2OC)N(CC(=O)OC)C)C=CC=C6)=C7C(=C4C8=C3C=CC=C8)CNC7=O)C,CC1CN(C(C)CO)C(=O)c2c(c3ccccc3n2C)-c2ccccc2COC1CN(C)C(=O)c1ccncc1
EGFR,Ours,0.83,[C@]12(N3C4=C5C(C6=C(N5[C@@H](O1)C[C@@H]([C@@H]2OC)N(CC(=O)OC)C)C=CC=C6)=C7C(=C4C8=C3C=CC=C8)CNC7=O)C,CC1CN(C(C)CO)C(=O)c2c(c3ccccc3n2C)-c2ccccc2COC1CN(C)C(=O)c1ccncc1
EGFR,Ours,0.83,S(=O)(=O)(NC=1C=C(F)C(OC=2C3=C(N=CC2)C=C(OCCCN4CCOCC4)C(OC)=C3)=CC1)C=5C=C(C=6C=COC6)C=CC5,CN1C(=O)c2cc(NS(=O)(=O)c3ccc(F)cc3)ccc2OCC2OC(CC(=O)NCc3ccccc3F)CCC21
EGFR,Ours,0.83,O=C1NC=2C(NC=3C1=CC=C(C3)C=4C=C(OC)C(OCC(O)CO)=CC4)=CC=C(C2)CCOC5=CC=C(N6CCOCC6)C=C5,CC1CN(C(C)CO)C(=O)c2cc(NC(=O)CCN3CCOCC3)ccc2OC1CN(C)Cc1ccc(C(=O)O)cc1
EGFR,Ours,0.83,O=C1NC=2C(NC=3C1=CC=C(C3)C=4C=C(OC)C(OCC(O)CO)=CC4)=CC=C(C2)CCOC5=CC=C(N6CCOCC6)C=C5,CC1CN(C(C)CO)C(=O)c2cc(NC(=O)CCN3CCOCC3)ccc2OC1CN(C)Cc1ccc(C(=O)O)cc1
EGFR,Ours,0.83,O=C(N1CCCCC1)C2=CC(N3CCC=4C(C3=O)=C(OC)C=C(OC)C4)=CC=C2,COC1CN(C)C(=O)c2cc(NC(=O)C3CC3)ccc2OCC(C)N(C(=O)C2CC2)CC1C
EGFR,Ours,0.83,N1=C2C(=C(C=C1)OC3=CC=C(C=C3F)NC(C=4C=C(C=CN4)C5=CC=C(C=C5)C)=O)C=C(C(=C2)OCCCN6CCN(CC6)C)OC,COCC(=O)Nc1ccc2c(c1)C(=O)N(C)CC(OC)C(C)CN(C(=O)c1ccccc1F)C(C)CO2
EGFR,Ours,0.83,N1=C2C(=C(C=C1)OC3=CC=C(C=C3F)NC(C=4C=C(C=CN4)C5=CC=C(C=C5)C)=O)C=C(C(=C2)OCCCN6CCN(CC6)C)OC,CN1CCN(C(=O)CC2CCC3C(COc4ccc(NC(=O)Nc5ccc(F)cc5)cc4C(=O)N3C)O2)CC1
EGFR,Ours,0.83,N(C(=O)NCCCN(C)C)C1=CC2=C(N=CN=C2C=C1O[C@@H]3COCC3)NC=4C=C(C(=CC4)F)Cl,CN(C)C(=O)CC1CC2c3cc(NC(=O)Nc4ccc(C(F)(F)F)cc4)ccc3OC2C(CO)O1
EGFR,Ours,0.83,N(C(=O)NCCCN(C)C)C1=CC2=C(N=CN=C2C=C1O[C@@H]3COCC3)NC=4C=C(C(=CC4)F)Cl,CCCNC(=O)Nc1ccc2c(c1)C(=O)N(C(C)CO)CC(C)C(CN(C)C)O2
EGFR,Ours,0.83,C=1(C=C(C=CC1)C=2OC=CC2)S(=O)(=O)NC3=CC(=C(C=C3)OC=4C=CN=C5C=C(C(=CC45)OC)OCCCN6CCN(CC6)C)F,CCCCNC(=O)CC1CC2c3cc(NS(=O)(=O)c4ccccc4F)ccc3OC2C(CO)O1
EGFR,Ours,0.83,C=1(C=C(C=CC1)C2=CSC=C2)S(=O)(=O)NC3=CC(=C(C=C3)OC=4C=CN=C5C=C(C(=CC45)OC)OCCCN6CCN(CC6)C)F,CC1CN(C(C)CO)S(=O)(=O)c2ccc(Br)cc2OC1CN(C)Cc1ccc(C(F)(F)F)cc1
EGFR,Ours,0.83,C1=C(C=2C(=NC=NC2C=C1)NC=3C=CC(OCC4=NC=CC=C4)=C(Cl)C3)OCCN(C)C(=O)CO,CC1CN(C(C)CO)C(=O)c2cc(NC(=O)CCN3CCOCC3)ccc2OC1CN(C)Cc1ccc(Cl)c(Cl)c1
EGFR,Ours,0.83,C1=C(C=2C(=NC=NC2C=C1)NC=3C=CC(OC4=CN=C(C=C4)C)=C(C)C3)O[C@@H](C(N(CCO)C)=O)C,CC1CCCCOC(CN(C)CC2CCCCC2)C(C)CN(C(C)CO)C(=O)c2cc(NC(=O)c3cccnc3)ccc2O1
EGFR,Ours,0.83,C1(=CC2=C(N=CN=C2C=C1OCCCN3CCC(CC3)C)CC=4C=C(C=CC4)C)NC(=O)C=C,CCCN1CC(C)C(OC)CN(C)C(=O)c2cc(NC(=O)C3CCOCC3)ccc2OCC1C
EGFR,Ours,0.83,C1(=C(C=C(C=C1)NC(C2=CC=C(C(=C2)NC(C3=CC4=C(N=C3)NC=C4)=O)C(C)C)=O)C(F)(F)F)CN5CCN(CC5)C,CC(C)(C)c1ccc(C(=O)Nc2ccc(C(=O)NCCCN3CCCC3)cc2)cc1
EGFR,Ours,0.82,[C@]12(N3C4=C5C(C6=C(N5[C@@H](O1)C[C@@H]([C@@H]2OC)N(CC(O)=O)C)C=CC=C6)=C7C(=C4C8=C3C=CC=C8)CNC7=O)C,COc1ccccc1CNC(=O)CC1CC2c3cc(NC(=O)CN(C)C)ccc3OC2C(CO)O1
EGFR,Ours,0.82,O1C(=C(C2=C(N[C@@H](C3=CC=CC=C3)CO)N=CN=C12)C4=CC(NC(=O)CCCCCN(C)C)=CC=C4)C5=CC=CC=C5,CCCN(C)CCC1OC(CO)CC2c3cc(NC(=O)c4cccnc4)ccc3OC12
EGFR,Ours,0.82,N1=C2C(=C(C=C1)OC3=CC=C(C=C3F)NC(C=4C=C(C=CN4)C5=CC=C(C=C5)C)=O)C=C(C(=C2)OCCCN6CCN(CC6)C)OC,CCCC(=O)Nc1ccc2c(c1)C(=O)N(C)CC(OC)C(C)CN(C(=O)c1ccccc1F)C(C)CO2
EGFR,Ours,0.82,N1=C2C(=C(C=C1)OC3=CC=C(C=C3F)NC(C=4C=C(C=CN4)C5=CC=C(C=C5)C)=O)C=C(C(=C2)OCCCN6CCN(CC6)C)OC,CC1CCCCOC(CN(C)Cc2ccc(C(F)(F)F)cc2)C(C)CN(C(C)CO)C(=O)c2cc(N(C)C)ccc2O1
EGFR,Ours,0.82,N1(CCC(CC1)CCO)C(=O)NC2=CC3=C(N=CN=C3C=C2O[C@@H]4COCC4)NC=5C=C(C(=CC5)F)Cl,O=C(CC1CCC2C(COCC(O)CN2C(=O)Nc2ccc(C(F)(F)F)cc2)O1)NCCc1ccccc1
EGFR,Ours,0.82,N(C(=O)NCCCN(C)C)C1=CC2=C(N=CN=C2C=C1O[C@@H]3COCC3)NC=4C=C(C(=CC4)F)Cl,CCCNC(=O)Nc1ccc2c(c1)C(=O)N(C)CC(OC)C(C)CN(Cc1ccc(F)cc1)C(C)CO2
EGFR,Ours,0.82,C=1(C=C(C=CC1)C=2OC=CC2)S(=O)(=O)NC3=CC(=C(C=C3)OC=4C=CN=C5C=C(C(=CC45)OC)OCCCN6CCN(CC6)C)F,COc1ccccc1CN(C)CC1OCCCCC(C)Oc2ccc(NS(=O)(=O)c3ccc(C)cc3)cc2C(=O)N(C(C)CO)CC1C
EGFR,Ours,0.82,C=1(C=C(C=CC1)C=2OC=CC2)S(=O)(=O)NC3=CC(=C(C=C3)OC=4C=CN=C5C=C(C(=CC45)OC)OCCCN6CCN(CC6)C)F,COc1ccc(S(=O)(=O)Nc2ccc3c(c2)C(=O)N(C)CC(OC)C(C)CN(Cc2ccc(F)cc2)C(C)CO3)cc1
EGFR,Ours,0.82,C=1(C=C(C=CC1)C2=CSC=C2)S(=O)(=O)NC3=CC(=C(C=C3)OC=4C=CN=C5C=C(C(=CC45)OC)OCCCN6CCN(CC6)C)F,CC1CN(C(C)CO)S(=O)(=O)c2ccc(-c3ccccc3C(=O)N(C)C)cc2OC1CN(C)C(=O)c1ccc(C(F)(F)F)cc1
EGFR,Ours,0.82,C1=C(C=2C(=NC=NC2C=C1)NC=3C=CC(OCC4=NC=CC=C4)=C(Cl)C3)O[C@@H](C)CN(C)C(=O)CO,CC(C)NC(=O)Nc1ccc2c(c1)C(=O)N(C(C)CO)CC(C)C(CN(C)Cc1ccc(C(F)(F)F)cc1)O2
EGFR,Ours,0.82,C1(=CC=2OC(=CC(C2C(O)=C1)=O)C=3C=CC=CC3)OCC(NCCCCCCCCC)=O,CCNC(=O)CC1CCC(NC(=O)c2ccc3c(c2)OCO3)C(CO)O1
EGFR,Ours,0.81,[C@]12(N3C4=C5C(C6=C(N5[C@@H](O1)C[C@@H]([C@@H]2OC)N(CC(=O)OC)C)C=CC=C6)=C7C(=C4C8=C3C=CC=C8)CNC7=O)C,CC1CN(C(C)CO)C(=O)c2c(c3ccccc3n2C)-c2ccccc2COC1CN(C)C(=O)Cc1cn(C)c2ccccc12
EGFR,Ours,0.81,[C@]12(N3C4=C5C(C6=C(N5[C@@H](O1)C[C@@H]([C@@H]2OC)N(C(=O)CCC(O)=O)C)C=CC=C6)=C7C(=C4C8=C3C=CC=C8)CNC7=O)C,CC(C)(C)NC(=O)CC1CC2c3cc(NC(=O)c4cccnc4)ccc3OC2C(CO)O1
EGFR,Ours,0.81,S(N1C2=C(C=C(NC=3C=4C(=CC(=C(C4)NC(/C=C/CN(C)C)=O)OCC)N=CC3C#N)C=C2)C=C1)(=O)(=O)C5=CC=CC=C5,COC1CN(C)C(=O)c2ccc(NS(=O)(=O)c3ccc(C)cc3)cc2OCC(C)N(C(=O)c2cccnc2)CC1C
EGFR,Ours,0.81,O=C1NC=2C(NC=3C1=CC=C(C3)C=4C=C(OC)C(OCC(O)CO)=CC4)=CC=C(C2)CCOC5=CC=C(N6CCOCC6)C=C5,CCCCCC(=O)Nc1ccc2c(c1)C(=O)N(C)C1CCC(CC(=O)NCCCN3CCOCC3)OC1CO2
EGFR,Ours,0.81,N1(CCC(CC1)CCO)C(=O)NC2=CC3=C(N=CN=C3C=C2O[C@@H]4COCC4)NC=5C=C(C(=CC5)F)Cl,CC(NC(=O)CC1CCC2C(COCC(O)CN2C(=O)Nc2ccc(Cl)cc2)O1)c1ccccc1
EGFR,Ours,0.81,N1(CCC(CC1)CCO)C(=O)NC2=CC3=C(N=CN=C3C=C2O[C@@H]4COCC4)NC=5C=C(C(=CC5)F)Cl,CC(NC(=O)CC1CCC2C(COCC(O)CN2C(=O)Nc2ccc(Cl)cc2)O1)c1ccccc1
EGFR,Ours,0.81,FC1=CC=2/C(=C/C=3NC(=C(C3C)C(=O)NC[C@H](O)CN4CCOCC4)C)/C(=O)NC2C=C1,CC(C)C(=O)N1C2Cn3c(ccc(C4=CCCCC4)c3=O)C1C(CO)C2C(=O)NCc1ccc(F)cc1
EGFR,Ours,0.81,ClC=1C=C(NC=2C=3C(N=CC2C#N)=CC(OCC)=C(NC(=O)CCN(C)C)C3)C=CC1OCC4=NC=CC=C4,CCCCCC(=O)Nc1ccc2c(c1)OCC(C)N(C(=O)c1cccnc1)CC(C)C(OC)CN(C)C2=O
EGFR,Ours,0.81,ClC=1C=C(NC=2C=3C(N=CC2C#N)=CC(OCC)=C(NC(=O)CCN(C)C)C3)C=CC1OCC4=NC=CC=C4,CCCCCC(=O)Nc1ccc2c(c1)C(=O)N(C)CC(OC)C(C)CN(C(=O)c1cccnc1)C(C)CO2
EGFR,Ours,0.81,C=1(C=C(C=CC1)C=2OC=CC2)S(=O)(=O)NC3=CC(=C(C=C3)OC=4C=CN=C5C=C(C(=CC45)OC)OCCCN6CCN(CC6)C)F,CC1CN(C(C)CO)C(=O)Cc2cc(N(C)C)ccc2OC1CN(C)S(=O)(=O)c1ccc(Cl)cc1
EGFR,Ours,0.81,C=1(C=C(C=CC1)C2=CSC=C2)S(=O)(=O)NC3=CC(=C(C=C3)OC=4C=CN=C5C=C(C(=CC45)OC)OCCCN6CCN(CC6)C)F,CC1CN(C(C)CO)S(=O)(=O)c2ccc(C#Cc3ccncc3)cc2OC1CN(C)C(=O)c1ccc(F)cc1
EGFR,Ours,0.81,C1=C(C=2C(=NC=NC2C=C1)NC=3C=CC(OCC4=NC=CC=C4)=C(Cl)C3)O[C@@H](C)CN(C)C(=O)CO,CC1CN(C(C)CO)C(=O)c2cccc(NC(=O)c3cccnc3)c2OC1CN(C)Cc1cccc(C(=O)O)c1
EGFR,Ours,0.81,C1=2C(=NC=NC1=CC(=C(C2)OC[C@H](CN3CCOCC3)O)OC)NC4=CC(Cl)=C(C=C4)F,COc1ccccc1CNC(=O)CC1CCC2C(COCC(O)CN2Cc2ccccc2F)O1
EGFR,Ours,0.81,C1(=CC=2OC(=CC(C2C(O)=C1)=O)C=3C=CC=CC3)OCC(NCCCCCCCCC)=O,CCCCCCNC(=O)CC1CC2c3cc(NC(=O)c4ccc5c(c4)OCO5)ccc3OC2C(CO)O1
EGFR,Ours,0.8,N1=C2C(=C(C=C1)OC3=CC=C(C=C3F)NC(C=4C=C(C=CN4)C5=CC=C(C=C5)C)=O)C=C(C(=C2)OCCCN6CCN(CC6)C)OC,COc1ccc(C(=O)Nc2ccc3c(c2)C(=O)N(C)CC(OC)C(C)CN(C(=O)c2ccccn2)C(C)CO3)cc1
EGFR,Ours,0.8,N1=C2C(=C(C=C1)OC3=CC=C(C=C3F)NC(C=4C=C(C=CN4)C5=CC=C(C=C5)C)=O)C=C(C(=C2)OCCCN6CCN(CC6)C)OC,CCCNC(=O)CC1CCC2C(COc3ccc(NC(=O)c4ccccc4F)cc3C(=O)N2C)O1
EGFR,Ours,0.8,C1=C(C=2C(=NC=NC2C=C1)NC=3C=CC(OC4=CN=C(C=C4)C)=C(C)C3)O[C@@H](C(N(CCO)C)=O)C,COc1ccc(NC(=O)N(C)CC2Oc3ccc(NC(=O)CCCN(C)C)cc3C(=O)N(C(C)CO)CC2C)cc1
EGFR,Ours,0.79,[C@]12(N3C4=C5C(C6=C(N5[C@@H](O1)C[C@@H]([C@@H]2OC)N(CC(O)CCCC)C)C=CC=C6)=C7C(=C4C8=C3C=CC=C8)CNC7=O)C,CN1CC(C(=O)NC2CCC(C(C)(C)C)CC2)OC(CO)C1=O
EGFR,Ours,0.79,S(=O)(=O)(NC=1C=C(F)C(OC=2C3=C(N=CC2)C=C(OCCCN4CCOCC4)C(OC)=C3)=CC1)C=5C=C(C=6C=COC6)C=CC5,O=C(CC1CC2c3cc(NS(=O)(=O)c4ccccc4F)ccc3OC2C(CO)O1)NCCO
EGFR,Ours,0.79,O=C(N1CCCCC1)C2=CC(N3CCC=4C(C3=O)=C(OC)C=C(OC)C4)=CC=C2,COC1CCC2CCOc3ccc(C#N)cc3C(=O)N(C)CC(c3ccccc3)CC(=O)N(C)CC1O2
HDAC1,Cosine Search,0.66,C=1(CSC=2OC(=NN2)C=3C=CC=CC3)C=CC(C(=O)NC=4C(=CC=CC4)N)=CC1,Nn1c(=O)c(Cc2ccco2)n[nH]c1=S
HDAC1,Cosine Search,0.66,C=1(CSC=2OC(=NN2)C=3C=CC=CC3)C=CC(C(=O)NC=4C(=CC=CC4)N)=CC1,Nn1c(=O)c(Cc2ccco2)n[nH]c1=S
HDAC1,Cosine Search,0.66,C=1(CSC=2OC(=NN2)C=3C=CC=CC3)C=CC(C(=O)NC=4C(=CC=CC4)N)=CC1,Nn1c(=O)c(Cc2ccco2)n[nH]c1=S
HDAC1,Cosine Search,0.66,C=1(CSC=2OC(=NN2)C=3C=CC=CC3)C=CC(C(=O)NC=4C(=CC=CC4)N)=CC1,Nn1c(=O)c(Cc2ccco2)n[nH]c1=S
HDAC1,Cosine Search,0.66,C=1(CSC=2OC(=NN2)C=3C=CC=CC3)C=CC(C(=O)NC=4C(=CC=CC4)N)=CC1,Nn1c(=O)c(Cc2ccco2)n[nH]c1=S
HDAC1,Cosine Search,0.65,C=1C=CC=C(C1NC(C2=CC=CN=C2)=O)N,Cc1ccc(cc1)C(=O)/N=c2/cccc[nH]2
HDAC1,Cosine Search,0.66,C=1(CSC=2OC(=NN2)C=3C=CC=CC3)C=CC(C(=O)NC=4C(=CC=CC4)N)=CC1,Nn1c(=O)c(Cc2ccco2)n[nH]c1=S
HDAC1,Cosine Search,0.62,C1(=NC(=CN1)C2=CC=CC=C2)[C@@H](NC(=O)C=3C=CC=C(C3)C#N)CCCCCC(C)=O,CNC(=O)CCc1cc2ccccc2[nH]1
HDAC1,Cosine Search,0.66,C=1(CSC=2OC(=NN2)C=3C=CC=CC3)C=CC(C(=O)NC=4C(=CC=CC4)N)=CC1,Nn1c(=O)c(Cc2ccco2)n[nH]c1=S
HDAC1,Cosine Search,0.66,C=1(CSC=2OC(=NN2)C=3C=CC=CC3)C=CC(C(=O)NC=4C(=CC=CC4)N)=CC1,Nn1c(=O)c(Cc2ccco2)n[nH]c1=S
HDAC1,Cosine Search,0.66,C=1(CSC=2OC(=NN2)C=3C=CC=CC3)C=CC(C(=O)NC=4C(=CC=CC4)N)=CC1,Nn1c(=O)c(Cc2ccco2)n[nH]c1=S
HDAC1,Cosine Search,0.62,C1(=NC(=CN1)C2=CC=CC=C2)[C@@H](NC(=O)C=3C=CC=C(C3)C#N)CCCCCC(C)=O,CNC(=O)CCc1cc2ccccc2[nH]1
HDAC1,Cosine Search,0.66,C=1(CSC=2OC(=NN2)C=3C=CC=CC3)C=CC(C(=O)NC=4C(=CC=CC4)N)=CC1,Nn1c(=O)c(Cc2ccco2)n[nH]c1=S
HDAC1,Cosine Search,0.66,C=1(CSC=2OC(=NN2)C=3C=CC=CC3)C=CC(C(=O)NC=4C(=CC=CC4)N)=CC1,Nn1c(=O)c(Cc2ccco2)n[nH]c1=S
HDAC1,Cosine Search,0.66,C=1(CSC=2OC(=NN2)C=3C=CC=CC3)C=CC(C(=O)NC=4C(=CC=CC4)N)=CC1,Nn1c(=O)c(Cc2ccco2)n[nH]c1=S
HDAC1,Cosine Search,0.66,C=1(CSC=2OC(=NN2)C=3C=CC=CC3)C=CC(C(=O)NC=4C(=CC=CC4)N)=CC1,Nn1c(=O)c(Cc2ccco2)n[nH]c1=S
HDAC1,Cosine Search,0.66,C=1(CSC=2OC(=NN2)C=3C=CC=CC3)C=CC(C(=O)NC=4C(=CC=CC4)N)=CC1,Nn1c(=O)c(Cc2ccco2)n[nH]c1=S
HDAC1,Cosine Search,0.66,C=1(CSC=2OC(=NN2)C=3C=CC=CC3)C=CC(C(=O)NC=4C(=CC=CC4)N)=CC1,Nn1c(=O)c(Cc2ccco2)n[nH]c1=S
HDAC1,Cosine Search,0.66,C=1(CSC=2OC(=NN2)C=3C=CC=CC3)C=CC(C(=O)NC=4C(=CC=CC4)N)=CC1,Nn1c(=O)c(Cc2ccco2)n[nH]c1=S
HDAC1,Cosine Search,0.62,C1(=NC(=CN1)C2=CC=CC=C2)[C@@H](NC(=O)C=3C=CC=C(C3)C#N)CCCCCC(C)=O,CNC(=O)CCc1cc2ccccc2[nH]1
HDAC1,Cosine Search,0.62,C1(=NC(=CN1)C2=CC=CC=C2)[C@@H](NC(=O)C=3C=CC=C(C3)C#N)CCCCCC(C)=O,CNC(=O)CCc1cc2ccccc2[nH]1
HDAC1,Cosine Search,0.66,C=1(CSC=2OC(=NN2)C=3C=CC=CC3)C=CC(C(=O)NC=4C(=CC=CC4)N)=CC1,Nn1c(=O)c(Cc2ccco2)n[nH]c1=S
HDAC1,Cosine Search,0.66,C=1(CSC=2OC(=NN2)C=3C=CC=CC3)C=CC(C(=O)NC=4C(=CC=CC4)N)=CC1,Nn1c(=O)c(Cc2ccco2)n[nH]c1=S
HDAC1,Cosine Search,0.66,C=1(CSC=2OC(=NN2)C=3C=CC=CC3)C=CC(C(=O)NC=4C(=CC=CC4)N)=CC1,Nn1c(=O)c(Cc2ccco2)n[nH]c1=S
HDAC1,Cosine Search,0.66,C=1(CSC=2OC(=NN2)C=3C=CC=CC3)C=CC(C(=O)NC=4C(=CC=CC4)N)=CC1,Nn1c(=O)c(Cc2ccco2)n[nH]c1=S
HDAC1,Cosine Search,0.62,C1(=NC(=CN1)C2=CC=CC=C2)[C@@H](NC(=O)C=3C=CC=C(C3)C#N)CCCCCC(C)=O,CNC(=O)CCc1cc2ccccc2[nH]1
HDAC1,Cosine Search,0.62,C1(=NC(=CN1)C2=CC=CC=C2)[C@@H](NC(=O)C=3C=CC=C(C3)C#N)CCCCCC(C)=O,CNC(=O)CCc1cc2ccccc2[nH]1
HDAC1,Cosine Search,0.62,C1(=NC(=CN1)C2=CC=CC=C2)[C@@H](NC(=O)C=3C=CC=C(C3)C#N)CCCCCC(C)=O,CNC(=O)CCc1cc2ccccc2[nH]1
HDAC1,Cosine Search,0.66,C=1(CSC=2OC(=NN2)C=3C=CC=CC3)C=CC(C(=O)NC=4C(=CC=CC4)N)=CC1,Nn1c(=O)c(Cc2ccco2)n[nH]c1=S
HDAC1,Cosine Search,0.66,C=1(CSC=2OC(=NN2)C=3C=CC=CC3)C=CC(C(=O)NC=4C(=CC=CC4)N)=CC1,Nn1c(=O)c(Cc2ccco2)n[nH]c1=S
HDAC1,Cosine Search,0.62,C1(=NC(=CN1)C2=CC=CC=C2)[C@@H](NC(=O)C=3C=CC=C(C3)C#N)CCCCCC(C)=O,CNC(=O)CCc1cc2ccccc2[nH]1
HDAC1,Cosine Search,0.66,C=1(CSC=2OC(=NN2)C=3C=CC=CC3)C=CC(C(=O)NC=4C(=CC=CC4)N)=CC1,Nn1c(=O)c(Cc2ccco2)n[nH]c1=S
HDAC1,Cosine Search,0.62,C1(=NC(=CN1)C2=CC=CC=C2)[C@@H](NC(=O)C=3C=CC=C(C3)C#N)CCCCCC(C)=O,CNC(=O)CCc1cc2ccccc2[nH]1
HDAC1,Cosine Search,0.66,C=1(CSC=2OC(=NN2)C=3C=CC=CC3)C=CC(C(=O)NC=4C(=CC=CC4)N)=CC1,Nn1c(=O)c(Cc2ccco2)n[nH]c1=S
HDAC1,Cosine Search,0.62,C1(=NC(=CN1)C2=CC=CC=C2)[C@@H](NC(=O)C=3C=CC=C(C3)C#N)CCCCCC(C)=O,CNC(=O)CCc1cc2ccccc2[nH]1
HDAC1,Cosine Search,0.55,C=1C=C(C2=CC(=O)NC(CCCCCC(NC=3C=4C(C=CC3)=CC=CC4N)=O)=N2)C=CC1C5=CC=CC=C5,CC=C1/[C@H]2Cc3[nH]c(=O)ccc3[C@]1(N)CC(C)=C2
HDAC1,Cosine Search,0.66,C=1(CSC=2OC(=NN2)C=3C=CC=CC3)C=CC(C(=O)NC=4C(=CC=CC4)N)=CC1,Nn1c(=O)c(Cc2ccco2)n[nH]c1=S
HDAC1,Cosine Search,0.66,C=1(CSC=2OC(=NN2)C=3C=CC=CC3)C=CC(C(=O)NC=4C(=CC=CC4)N)=CC1,Nn1c(=O)c(Cc2ccco2)n[nH]c1=S
HDAC1,Cosine Search,0.66,C=1(CSC=2OC(=NN2)C=3C=CC=CC3)C=CC(C(=O)NC=4C(=CC=CC4)N)=CC1,Nn1c(=O)c(Cc2ccco2)n[nH]c1=S
HDAC1,Cosine Search,0.66,C=1(CSC=2OC(=NN2)C=3C=CC=CC3)C=CC(C(=O)NC=4C(=CC=CC4)N)=CC1,Nn1c(=O)c(Cc2ccco2)n[nH]c1=S
HDAC1,Cosine Search,0.66,C=1(CSC=2OC(=NN2)C=3C=CC=CC3)C=CC(C(=O)NC=4C(=CC=CC4)N)=CC1,Nn1c(=O)c(Cc2ccco2)n[nH]c1=S
HDAC1,Cosine Search,0.66,C=1(CSC=2OC(=NN2)C=3C=CC=CC3)C=CC(C(=O)NC=4C(=CC=CC4)N)=CC1,Nn1c(=O)c(Cc2ccco2)n[nH]c1=S
HDAC1,Cosine Search,0.62,C1(=NC(=CN1)C2=CC=CC=C2)[C@@H](NC(=O)C=3C=CC=C(C3)C#N)CCCCCC(C)=O,CNC(=O)CCc1cc2ccccc2[nH]1
HDAC1,Cosine Search,0.66,C=1(CSC=2OC(=NN2)C=3C=CC=CC3)C=CC(C(=O)NC=4C(=CC=CC4)N)=CC1,Nn1c(=O)c(Cc2ccco2)n[nH]c1=S
HDAC1,Cosine Search,0.62,C1(=NC(=CN1)C2=CC=CC=C2)[C@@H](NC(=O)C=3C=CC=C(C3)C#N)CCCCCC(C)=O,CNC(=O)CCc1cc2ccccc2[nH]1
HDAC1,Cosine Search,0.66,C=1(CSC=2OC(=NN2)C=3C=CC=CC3)C=CC(C(=O)NC=4C(=CC=CC4)N)=CC1,Nn1c(=O)c(Cc2ccco2)n[nH]c1=S
HDAC1,Cosine Search,0.74,C(C=1C2=C(NC1)C=CC=C2)CN3C([C@@H](NC([C@@H](N(C(CCN(C(C3)=O)CC(C)C)=O)C)C)=O)CCCCCC(CC)=O)=O,C[C@@H](CO)N1C[C@H](C)[C@@H](CN(C)C(=O)CCC(F)(F)F)OCc2ccccc2-c3c(C1=O)n(C)c4ccccc34
HDAC1,Cosine Search,0.62,C1(=NC(=CN1)C2=CC=CC=C2)[C@@H](NC(=O)C=3C=CC=C(C3)C#N)CCCCCC(C)=O,CNC(=O)CCc1cc2ccccc2[nH]1
HDAC1,Cosine Search,0.66,C=1(CSC=2OC(=NN2)C=3C=CC=CC3)C=CC(C(=O)NC=4C(=CC=CC4)N)=CC1,Nn1c(=O)c(Cc2ccco2)n[nH]c1=S
HDAC1,Cosine Search,0.62,C1(=NC(=CN1)C2=CC=CC=C2)[C@@H](NC(=O)C=3C=CC=C(C3)C#N)CCCCCC(C)=O,CNC(=O)CCc1cc2ccccc2[nH]1
HDAC1,Cosine Search,0.74,C(C=1C2=C(NC1)C=CC=C2)CN3C([C@@H](NC([C@@H](N(C(CCN(C(C3)=O)CC(C)C)=O)C)C)=O)CCCCCC(CC)=O)=O,C[C@@H](CO)N1C[C@H](C)[C@@H](CN(C)C(=O)CCC(F)(F)F)OCc2ccccc2-c3c(C1=O)n(C)c4ccccc34
HDAC1,Cosine Search,0.66,C=1(CSC=2OC(=NN2)C=3C=CC=CC3)C=CC(C(=O)NC=4C(=CC=CC4)N)=CC1,Nn1c(=O)c(Cc2ccco2)n[nH]c1=S
HDAC1,Cosine Search,0.66,C=1(CSC=2OC(=NN2)C=3C=CC=CC3)C=CC(C(=O)NC=4C(=CC=CC4)N)=CC1,Nn1c(=O)c(Cc2ccco2)n[nH]c1=S
HDAC1,Cosine Search,0.66,C=1(CSC=2OC(=NN2)C=3C=CC=CC3)C=CC(C(=O)NC=4C(=CC=CC4)N)=CC1,Nn1c(=O)c(Cc2ccco2)n[nH]c1=S
HDAC1,Cosine Search,0.62,C1(=NC(=CN1)C2=CC=CC=C2)[C@@H](NC(=O)C=3C=CC=C(C3)C#N)CCCCCC(C)=O,CNC(=O)CCc1cc2ccccc2[nH]1
HDAC1,Cosine Search,0.64,S(=O)(=O)(N1CCN(CC1)C2=NC=C(C=N2)C(O)=NO)C3=CC=4C(C=C3)=CC=CC4,OC[C@@H]1O[C@H](CC(=O)NCCCN2CCOCC2)C=C[C@@H]1NS(=O)(=O)c1ccccc1F
HDAC1,Cosine Search,0.66,C=1(CSC=2OC(=NN2)C=3C=CC=CC3)C=CC(C(=O)NC=4C(=CC=CC4)N)=CC1,Nn1c(=O)c(Cc2ccco2)n[nH]c1=S
HDAC1,Cosine Search,0.62,C1(=NC(=CN1)C2=CC=CC=C2)[C@@H](NC(=O)C=3C=CC=C(C3)C#N)CCCCCC(C)=O,CNC(=O)CCc1cc2ccccc2[nH]1
HDAC1,Cosine Search,0.66,C=1(CSC=2OC(=NN2)C=3C=CC=CC3)C=CC(C(=O)NC=4C(=CC=CC4)N)=CC1,Nn1c(=O)c(Cc2ccco2)n[nH]c1=S
HDAC1,Cosine Search,0.62,C1(=NC(=CN1)C2=CC=CC=C2)[C@@H](NC(=O)C=3C=CC=C(C3)C#N)CCCCCC(C)=O,CNC(=O)CCc1cc2ccccc2[nH]1
HDAC1,Cosine Search,0.62,C1(=NC(=CN1)C2=CC=CC=C2)[C@@H](NC(=O)C=3C=CC=C(C3)C#N)CCCCCC(C)=O,CNC(=O)CCc1cc2ccccc2[nH]1
HDAC1,Cosine Search,0.55,C=1C=C(C2=CC(=O)NC(CCCCCC(NC=3C=4C(C=CC3)=CC=CC4N)=O)=N2)C=CC1C5=CC=CC=C5,CC=C1/[C@H]2Cc3[nH]c(=O)ccc3[C@]1(N)CC(C)=C2
HDAC1,Cosine Search,0.66,C=1(CSC=2OC(=NN2)C=3C=CC=CC3)C=CC(C(=O)NC=4C(=CC=CC4)N)=CC1,Nn1c(=O)c(Cc2ccco2)n[nH]c1=S
HDAC1,Cosine Search,0.64,S(=O)(=O)(N1CCN(CC1)C2=NC=C(C=N2)C(O)=NO)C3=CC=4C(C=C3)=CC=CC4,OC[C@@H]1O[C@H](CC(=O)NCCCN2CCOCC2)C=C[C@@H]1NS(=O)(=O)c1ccccc1F
HDAC1,Cosine Search,0.66,C=1(CSC=2OC(=NN2)C=3C=CC=CC3)C=CC(C(=O)NC=4C(=CC=CC4)N)=CC1,Nn1c(=O)c(Cc2ccco2)n[nH]c1=S
HDAC1,Cosine Search,0.62,C1(=NC(=CN1)C2=CC=CC=C2)[C@@H](NC(=O)C=3C=CC=C(C3)C#N)CCCCCC(C)=O,CNC(=O)CCc1cc2ccccc2[nH]1
HDAC1,Cosine Search,0.66,C=1(CSC=2OC(=NN2)C=3C=CC=CC3)C=CC(C(=O)NC=4C(=CC=CC4)N)=CC1,Nn1c(=O)c(Cc2ccco2)n[nH]c1=S
HDAC1,Cosine Search,0.64,S(=O)(=O)(N1CCN(CC1)C2=NC=C(C=N2)C(O)=NO)C3=CC=4C(C=C3)=CC=CC4,OC[C@@H]1O[C@H](CC(=O)NCCCN2CCOCC2)C=C[C@@H]1NS(=O)(=O)c1ccccc1F
HDAC1,Cosine Search,0.66,C=1(CSC=2OC(=NN2)C=3C=CC=CC3)C=CC(C(=O)NC=4C(=CC=CC4)N)=CC1,Nn1c(=O)c(Cc2ccco2)n[nH]c1=S
HDAC1,Cosine Search,0.66,C=1(CSC=2OC(=NN2)C=3C=CC=CC3)C=CC(C(=O)NC=4C(=CC=CC4)N)=CC1,Nn1c(=O)c(Cc2ccco2)n[nH]c1=S
HDAC1,Cosine Search,0.66,C=1(CSC=2OC(=NN2)C=3C=CC=CC3)C=CC(C(=O)NC=4C(=CC=CC4)N)=CC1,Nn1c(=O)c(Cc2ccco2)n[nH]c1=S
HDAC1,Cosine Search,0.55,C=1C=C(C2=CC(=O)NC(CCCCCC(NC=3C=4C(C=CC3)=CC=CC4N)=O)=N2)C=CC1C5=CC=CC=C5,CC=C1/[C@H]2Cc3[nH]c(=O)ccc3[C@]1(N)CC(C)=C2
HDAC1,Cosine Search,0.66,C=1(CSC=2OC(=NN2)C=3C=CC=CC3)C=CC(C(=O)NC=4C(=CC=CC4)N)=CC1,Nn1c(=O)c(Cc2ccco2)n[nH]c1=S
HDAC1,Cosine Search,0.66,C=1(CSC=2OC(=NN2)C=3C=CC=CC3)C=CC(C(=O)NC=4C(=CC=CC4)N)=CC1,Nn1c(=O)c(Cc2ccco2)n[nH]c1=S
HDAC1,Cosine Search,0.66,C=1(CSC=2OC(=NN2)C=3C=CC=CC3)C=CC(C(=O)NC=4C(=CC=CC4)N)=CC1,Nn1c(=O)c(Cc2ccco2)n[nH]c1=S
HDAC1,Cosine Search,0.66,C=1(CSC=2OC(=NN2)C=3C=CC=CC3)C=CC(C(=O)NC=4C(=CC=CC4)N)=CC1,Nn1c(=O)c(Cc2ccco2)n[nH]c1=S
HDAC1,Cosine Search,0.66,C=1(CSC=2OC(=NN2)C=3C=CC=CC3)C=CC(C(=O)NC=4C(=CC=CC4)N)=CC1,Nn1c(=O)c(Cc2ccco2)n[nH]c1=S
HDAC1,Cosine Search,0.66,C=1(CSC=2OC(=NN2)C=3C=CC=CC3)C=CC(C(=O)NC=4C(=CC=CC4)N)=CC1,Nn1c(=O)c(Cc2ccco2)n[nH]c1=S
HDAC1,Cosine Search,0.66,C=1(CSC=2OC(=NN2)C=3C=CC=CC3)C=CC(C(=O)NC=4C(=CC=CC4)N)=CC1,Nn1c(=O)c(Cc2ccco2)n[nH]c1=S
HDAC1,Cosine Search,0.66,C=1(CSC=2OC(=NN2)C=3C=CC=CC3)C=CC(C(=O)NC=4C(=CC=CC4)N)=CC1,Nn1c(=O)c(Cc2ccco2)n[nH]c1=S
HDAC1,Cosine Search,0.62,C1(=NC(=CN1)C2=CC=CC=C2)[C@@H](NC(=O)C=3C=CC=C(C3)C#N)CCCCCC(C)=O,CNC(=O)CCc1cc2ccccc2[nH]1
HDAC1,Cosine Search,0.64,S(=O)(=O)(N1CCN(CC1)C2=NC=C(C=N2)C(O)=NO)C3=CC=4C(C=C3)=CC=CC4,OC[C@@H]1O[C@H](CC(=O)NCCCN2CCOCC2)C=C[C@@H]1NS(=O)(=O)c1ccccc1F
HDAC1,Cosine Search,0.66,C=1(CSC=2OC(=NN2)C=3C=CC=CC3)C=CC(C(=O)NC=4C(=CC=CC4)N)=CC1,Nn1c(=O)c(Cc2ccco2)n[nH]c1=S
HDAC1,Cosine Search,0.62,C1(=NC(=CN1)C2=CC=CC=C2)[C@@H](NC(=O)C=3C=CC=C(C3)C#N)CCCCCC(C)=O,CNC(=O)CCc1cc2ccccc2[nH]1
HDAC1,Cosine Search,0.66,C=1(CSC=2OC(=NN2)C=3C=CC=CC3)C=CC(C(=O)NC=4C(=CC=CC4)N)=CC1,Nn1c(=O)c(Cc2ccco2)n[nH]c1=S
HDAC1,Cosine Search,0.66,C=1(CSC=2OC(=NN2)C=3C=CC=CC3)C=CC(C(=O)NC=4C(=CC=CC4)N)=CC1,Nn1c(=O)c(Cc2ccco2)n[nH]c1=S
HDAC1,Cosine Search,0.62,C1(=NC(=CN1)C2=CC=CC=C2)[C@@H](NC(=O)C=3C=CC=C(C3)C#N)CCCCCC(C)=O,CNC(=O)CCc1cc2ccccc2[nH]1
HDAC1,Cosine Search,0.66,C=1(CSC=2OC(=NN2)C=3C=CC=CC3)C=CC(C(=O)NC=4C(=CC=CC4)N)=CC1,Nn1c(=O)c(Cc2ccco2)n[nH]c1=S
HDAC1,Cosine Search,0.66,C=1(CSC=2OC(=NN2)C=3C=CC=CC3)C=CC(C(=O)NC=4C(=CC=CC4)N)=CC1,Nn1c(=O)c(Cc2ccco2)n[nH]c1=S
HDAC1,Cosine Search,0.62,C1(=NC(=CN1)C2=CC=CC=C2)[C@@H](NC(=O)C=3C=CC=C(C3)C#N)CCCCCC(C)=O,CNC(=O)CCc1cc2ccccc2[nH]1
HDAC1,Cosine Search,0.64,S(=O)(=O)(N1CCN(CC1)C2=NC=C(C=N2)C(O)=NO)C3=CC=4C(C=C3)=CC=CC4,OC[C@@H]1O[C@H](CC(=O)NCCCN2CCOCC2)C=C[C@@H]1NS(=O)(=O)c1ccccc1F
HDAC1,Cosine Search,0.62,C1(=NC(=CN1)C2=CC=CC=C2)[C@@H](NC(=O)C=3C=CC=C(C3)C#N)CCCCCC(C)=O,CNC(=O)CCc1cc2ccccc2[nH]1
HDAC1,Cosine Search,0.66,C=1(CSC=2OC(=NN2)C=3C=CC=CC3)C=CC(C(=O)NC=4C(=CC=CC4)N)=CC1,Nn1c(=O)c(Cc2ccco2)n[nH]c1=S
HDAC1,Cosine Search,0.66,C=1(CSC=2OC(=NN2)C=3C=CC=CC3)C=CC(C(=O)NC=4C(=CC=CC4)N)=CC1,Nn1c(=O)c(Cc2ccco2)n[nH]c1=S
HDAC1,Cosine Search,0.66,C=1(CSC=2OC(=NN2)C=3C=CC=CC3)C=CC(C(=O)NC=4C(=CC=CC4)N)=CC1,Nn1c(=O)c(Cc2ccco2)n[nH]c1=S
HDAC1,Cosine Search,0.62,C1(=NC(=CN1)C2=CC=CC=C2)[C@@H](NC(=O)C=3C=CC=C(C3)C#N)CCCCCC(C)=O,CNC(=O)CCc1cc2ccccc2[nH]1
HDAC1,Cosine Search,0.66,C=1(CSC=2OC(=NN2)C=3C=CC=CC3)C=CC(C(=O)NC=4C(=CC=CC4)N)=CC1,Nn1c(=O)c(Cc2ccco2)n[nH]c1=S
HDAC1,Cosine Search,0.66,C=1(CSC=2OC(=NN2)C=3C=CC=CC3)C=CC(C(=O)NC=4C(=CC=CC4)N)=CC1,Nn1c(=O)c(Cc2ccco2)n[nH]c1=S
HDAC1,Cosine Search,0.62,C1(=NC(=CN1)C2=CC=CC=C2)[C@@H](NC(=O)C=3C=CC=C(C3)C#N)CCCCCC(C)=O,CNC(=O)CCc1cc2ccccc2[nH]1
HDAC1,Cosine Search,0.66,C=1(CSC=2OC(=NN2)C=3C=CC=CC3)C=CC(C(=O)NC=4C(=CC=CC4)N)=CC1,Nn1c(=O)c(Cc2ccco2)n[nH]c1=S
HDAC1,Euclidean Search,0.66,C=1(CSC=2OC(=NN2)C=3C=CC=CC3)C=CC(C(=O)NC=4C(=CC=CC4)N)=CC1,Nn1c(=O)c(Cc2ccco2)n[nH]c1=S
HDAC1,Euclidean Search,0.66,C=1(CSC=2OC(=NN2)C=3C=CC=CC3)C=CC(C(=O)NC=4C(=CC=CC4)N)=CC1,Nn1c(=O)c(Cc2ccco2)n[nH]c1=S
HDAC1,Euclidean Search,0.66,C=1(CSC=2OC(=NN2)C=3C=CC=CC3)C=CC(C(=O)NC=4C(=CC=CC4)N)=CC1,Nn1c(=O)c(Cc2ccco2)n[nH]c1=S
HDAC1,Euclidean Search,0.66,C=1(CSC=2OC(=NN2)C=3C=CC=CC3)C=CC(C(=O)NC=4C(=CC=CC4)N)=CC1,Nn1c(=O)c(Cc2ccco2)n[nH]c1=S
HDAC1,Euclidean Search,0.66,C=1(CSC=2OC(=NN2)C=3C=CC=CC3)C=CC(C(=O)NC=4C(=CC=CC4)N)=CC1,Nn1c(=O)c(Cc2ccco2)n[nH]c1=S
HDAC1,Euclidean Search,0.66,C=1(CSC=2OC(=NN2)C=3C=CC=CC3)C=CC(C(=O)NC=4C(=CC=CC4)N)=CC1,Nn1c(=O)c(Cc2ccco2)n[nH]c1=S
HDAC1,Euclidean Search,0.66,C=1(CSC=2OC(=NN2)C=3C=CC=CC3)C=CC(C(=O)NC=4C(=CC=CC4)N)=CC1,Nn1c(=O)c(Cc2ccco2)n[nH]c1=S
HDAC1,Euclidean Search,0.62,C1(=NC(=CN1)C2=CC=CC=C2)[C@@H](NC(=O)C=3C=CC=C(C3)C#N)CCCCCC(C)=O,CNC(=O)CCc1cc2ccccc2[nH]1
HDAC1,Euclidean Search,0.66,C=1(CSC=2OC(=NN2)C=3C=CC=CC3)C=CC(C(=O)NC=4C(=CC=CC4)N)=CC1,Nn1c(=O)c(Cc2ccco2)n[nH]c1=S
HDAC1,Euclidean Search,0.66,C=1(CSC=2OC(=NN2)C=3C=CC=CC3)C=CC(C(=O)NC=4C(=CC=CC4)N)=CC1,Nn1c(=O)c(Cc2ccco2)n[nH]c1=S
HDAC1,Euclidean Search,0.66,C=1(CSC=2OC(=NN2)C=3C=CC=CC3)C=CC(C(=O)NC=4C(=CC=CC4)N)=CC1,Nn1c(=O)c(Cc2ccco2)n[nH]c1=S
HDAC1,Euclidean Search,0.62,C1(=NC(=CN1)C2=CC=CC=C2)[C@@H](NC(=O)C=3C=CC=C(C3)C#N)CCCCCC(C)=O,CNC(=O)CCc1cc2ccccc2[nH]1
HDAC1,Euclidean Search,0.66,C=1(CSC=2OC(=NN2)C=3C=CC=CC3)C=CC(C(=O)NC=4C(=CC=CC4)N)=CC1,Nn1c(=O)c(Cc2ccco2)n[nH]c1=S
HDAC1,Euclidean Search,0.66,C=1(CSC=2OC(=NN2)C=3C=CC=CC3)C=CC(C(=O)NC=4C(=CC=CC4)N)=CC1,Nn1c(=O)c(Cc2ccco2)n[nH]c1=S
HDAC1,Euclidean Search,0.66,C=1(CSC=2OC(=NN2)C=3C=CC=CC3)C=CC(C(=O)NC=4C(=CC=CC4)N)=CC1,Nn1c(=O)c(Cc2ccco2)n[nH]c1=S
HDAC1,Euclidean Search,0.66,C=1(CSC=2OC(=NN2)C=3C=CC=CC3)C=CC(C(=O)NC=4C(=CC=CC4)N)=CC1,Nn1c(=O)c(Cc2ccco2)n[nH]c1=S
HDAC1,Euclidean Search,0.66,C=1(CSC=2OC(=NN2)C=3C=CC=CC3)C=CC(C(=O)NC=4C(=CC=CC4)N)=CC1,Nn1c(=O)c(Cc2ccco2)n[nH]c1=S
HDAC1,Euclidean Search,0.66,C=1(CSC=2OC(=NN2)C=3C=CC=CC3)C=CC(C(=O)NC=4C(=CC=CC4)N)=CC1,Nn1c(=O)c(Cc2ccco2)n[nH]c1=S
HDAC1,Euclidean Search,0.66,C=1(CSC=2OC(=NN2)C=3C=CC=CC3)C=CC(C(=O)NC=4C(=CC=CC4)N)=CC1,Nn1c(=O)c(Cc2ccco2)n[nH]c1=S
HDAC1,Euclidean Search,0.62,C1(=NC(=CN1)C2=CC=CC=C2)[C@@H](NC(=O)C=3C=CC=C(C3)C#N)CCCCCC(C)=O,CNC(=O)CCc1cc2ccccc2[nH]1
HDAC1,Euclidean Search,0.62,C1(=NC(=CN1)C2=CC=CC=C2)[C@@H](NC(=O)C=3C=CC=C(C3)C#N)CCCCCC(C)=O,CNC(=O)CCc1cc2ccccc2[nH]1
HDAC1,Euclidean Search,0.66,C=1(CSC=2OC(=NN2)C=3C=CC=CC3)C=CC(C(=O)NC=4C(=CC=CC4)N)=CC1,Nn1c(=O)c(Cc2ccco2)n[nH]c1=S
HDAC1,Euclidean Search,0.66,C=1(CSC=2OC(=NN2)C=3C=CC=CC3)C=CC(C(=O)NC=4C(=CC=CC4)N)=CC1,Nn1c(=O)c(Cc2ccco2)n[nH]c1=S
HDAC1,Euclidean Search,0.66,C=1(CSC=2OC(=NN2)C=3C=CC=CC3)C=CC(C(=O)NC=4C(=CC=CC4)N)=CC1,Nn1c(=O)c(Cc2ccco2)n[nH]c1=S
HDAC1,Euclidean Search,0.66,C=1(CSC=2OC(=NN2)C=3C=CC=CC3)C=CC(C(=O)NC=4C(=CC=CC4)N)=CC1,Nn1c(=O)c(Cc2ccco2)n[nH]c1=S
HDAC1,Euclidean Search,0.62,C1(=NC(=CN1)C2=CC=CC=C2)[C@@H](NC(=O)C=3C=CC=C(C3)C#N)CCCCCC(C)=O,CNC(=O)CCc1cc2ccccc2[nH]1
HDAC1,Euclidean Search,0.62,C1(=NC(=CN1)C2=CC=CC=C2)[C@@H](NC(=O)C=3C=CC=C(C3)C#N)CCCCCC(C)=O,CNC(=O)CCc1cc2ccccc2[nH]1
HDAC1,Euclidean Search,0.62,C1(=NC(=CN1)C2=CC=CC=C2)[C@@H](NC(=O)C=3C=CC=C(C3)C#N)CCCCCC(C)=O,CNC(=O)CCc1cc2ccccc2[nH]1
HDAC1,Euclidean Search,0.66,C=1(CSC=2OC(=NN2)C=3C=CC=CC3)C=CC(C(=O)NC=4C(=CC=CC4)N)=CC1,Nn1c(=O)c(Cc2ccco2)n[nH]c1=S
HDAC1,Euclidean Search,0.66,C=1(CSC=2OC(=NN2)C=3C=CC=CC3)C=CC(C(=O)NC=4C(=CC=CC4)N)=CC1,Nn1c(=O)c(Cc2ccco2)n[nH]c1=S
HDAC1,Euclidean Search,0.66,C=1(CSC=2OC(=NN2)C=3C=CC=CC3)C=CC(C(=O)NC=4C(=CC=CC4)N)=CC1,Nn1c(=O)c(Cc2ccco2)n[nH]c1=S
HDAC1,Euclidean Search,0.66,C=1(CSC=2OC(=NN2)C=3C=CC=CC3)C=CC(C(=O)NC=4C(=CC=CC4)N)=CC1,Nn1c(=O)c(Cc2ccco2)n[nH]c1=S
HDAC1,Euclidean Search,0.66,C=1(CSC=2OC(=NN2)C=3C=CC=CC3)C=CC(C(=O)NC=4C(=CC=CC4)N)=CC1,Nn1c(=O)c(Cc2ccco2)n[nH]c1=S
HDAC1,Euclidean Search,0.66,C=1(CSC=2OC(=NN2)C=3C=CC=CC3)C=CC(C(=O)NC=4C(=CC=CC4)N)=CC1,Nn1c(=O)c(Cc2ccco2)n[nH]c1=S
HDAC1,Euclidean Search,0.66,C=1(CSC=2OC(=NN2)C=3C=CC=CC3)C=CC(C(=O)NC=4C(=CC=CC4)N)=CC1,Nn1c(=O)c(Cc2ccco2)n[nH]c1=S
HDAC1,Euclidean Search,0.66,C=1(CSC=2OC(=NN2)C=3C=CC=CC3)C=CC(C(=O)NC=4C(=CC=CC4)N)=CC1,Nn1c(=O)c(Cc2ccco2)n[nH]c1=S
HDAC1,Euclidean Search,0.66,C=1(CSC=2OC(=NN2)C=3C=CC=CC3)C=CC(C(=O)NC=4C(=CC=CC4)N)=CC1,Nn1c(=O)c(Cc2ccco2)n[nH]c1=S
HDAC1,Euclidean Search,0.66,C=1(CSC=2OC(=NN2)C=3C=CC=CC3)C=CC(C(=O)NC=4C(=CC=CC4)N)=CC1,Nn1c(=O)c(Cc2ccco2)n[nH]c1=S
HDAC1,Euclidean Search,0.66,C=1(CSC=2OC(=NN2)C=3C=CC=CC3)C=CC(C(=O)NC=4C(=CC=CC4)N)=CC1,Nn1c(=O)c(Cc2ccco2)n[nH]c1=S
HDAC1,Euclidean Search,0.66,C=1(CSC=2OC(=NN2)C=3C=CC=CC3)C=CC(C(=O)NC=4C(=CC=CC4)N)=CC1,Nn1c(=O)c(Cc2ccco2)n[nH]c1=S
HDAC1,Euclidean Search,0.66,C=1(CSC=2OC(=NN2)C=3C=CC=CC3)C=CC(C(=O)NC=4C(=CC=CC4)N)=CC1,Nn1c(=O)c(Cc2ccco2)n[nH]c1=S
HDAC1,Euclidean Search,0.66,C=1(CSC=2OC(=NN2)C=3C=CC=CC3)C=CC(C(=O)NC=4C(=CC=CC4)N)=CC1,Nn1c(=O)c(Cc2ccco2)n[nH]c1=S
HDAC1,Euclidean Search,0.62,C1(=NC(=CN1)C2=CC=CC=C2)[C@@H](NC(=O)C=3C=CC=C(C3)C#N)CCCCCC(C)=O,CNC(=O)CCc1cc2ccccc2[nH]1
HDAC1,Euclidean Search,0.66,C=1(CSC=2OC(=NN2)C=3C=CC=CC3)C=CC(C(=O)NC=4C(=CC=CC4)N)=CC1,Nn1c(=O)c(Cc2ccco2)n[nH]c1=S
HDAC1,Euclidean Search,0.62,C1(=NC(=CN1)C2=CC=CC=C2)[C@@H](NC(=O)C=3C=CC=C(C3)C#N)CCCCCC(C)=O,CNC(=O)CCc1cc2ccccc2[nH]1
HDAC1,Euclidean Search,0.66,C=1(CSC=2OC(=NN2)C=3C=CC=CC3)C=CC(C(=O)NC=4C(=CC=CC4)N)=CC1,Nn1c(=O)c(Cc2ccco2)n[nH]c1=S
HDAC1,Euclidean Search,0.66,C=1(CSC=2OC(=NN2)C=3C=CC=CC3)C=CC(C(=O)NC=4C(=CC=CC4)N)=CC1,Nn1c(=O)c(Cc2ccco2)n[nH]c1=S
HDAC1,Euclidean Search,0.62,C1(=NC(=CN1)C2=CC=CC=C2)[C@@H](NC(=O)C=3C=CC=C(C3)C#N)CCCCCC(C)=O,CNC(=O)CCc1cc2ccccc2[nH]1
HDAC1,Euclidean Search,0.66,C=1(CSC=2OC(=NN2)C=3C=CC=CC3)C=CC(C(=O)NC=4C(=CC=CC4)N)=CC1,Nn1c(=O)c(Cc2ccco2)n[nH]c1=S
HDAC1,Euclidean Search,0.66,C=1(CSC=2OC(=NN2)C=3C=CC=CC3)C=CC(C(=O)NC=4C(=CC=CC4)N)=CC1,Nn1c(=O)c(Cc2ccco2)n[nH]c1=S
HDAC1,Euclidean Search,0.66,C=1(CSC=2OC(=NN2)C=3C=CC=CC3)C=CC(C(=O)NC=4C(=CC=CC4)N)=CC1,Nn1c(=O)c(Cc2ccco2)n[nH]c1=S
HDAC1,Euclidean Search,0.66,C=1(CSC=2OC(=NN2)C=3C=CC=CC3)C=CC(C(=O)NC=4C(=CC=CC4)N)=CC1,Nn1c(=O)c(Cc2ccco2)n[nH]c1=S
HDAC1,Euclidean Search,0.66,C=1(CSC=2OC(=NN2)C=3C=CC=CC3)C=CC(C(=O)NC=4C(=CC=CC4)N)=CC1,Nn1c(=O)c(Cc2ccco2)n[nH]c1=S
HDAC1,Euclidean Search,0.66,C=1(CSC=2OC(=NN2)C=3C=CC=CC3)C=CC(C(=O)NC=4C(=CC=CC4)N)=CC1,Nn1c(=O)c(Cc2ccco2)n[nH]c1=S
HDAC1,Euclidean Search,0.62,C1(=NC(=CN1)C2=CC=CC=C2)[C@@H](NC(=O)C=3C=CC=C(C3)C#N)CCCCCC(C)=O,CNC(=O)CCc1cc2ccccc2[nH]1
HDAC1,Euclidean Search,0.66,C=1(CSC=2OC(=NN2)C=3C=CC=CC3)C=CC(C(=O)NC=4C(=CC=CC4)N)=CC1,Nn1c(=O)c(Cc2ccco2)n[nH]c1=S
HDAC1,Euclidean Search,0.66,C=1(CSC=2OC(=NN2)C=3C=CC=CC3)C=CC(C(=O)NC=4C(=CC=CC4)N)=CC1,Nn1c(=O)c(Cc2ccco2)n[nH]c1=S
HDAC1,Euclidean Search,0.62,C1(=NC(=CN1)C2=CC=CC=C2)[C@@H](NC(=O)C=3C=CC=C(C3)C#N)CCCCCC(C)=O,CNC(=O)CCc1cc2ccccc2[nH]1
HDAC1,Euclidean Search,0.66,C=1(CSC=2OC(=NN2)C=3C=CC=CC3)C=CC(C(=O)NC=4C(=CC=CC4)N)=CC1,Nn1c(=O)c(Cc2ccco2)n[nH]c1=S
HDAC1,Euclidean Search,0.62,C1(=NC(=CN1)C2=CC=CC=C2)[C@@H](NC(=O)C=3C=CC=C(C3)C#N)CCCCCC(C)=O,CNC(=O)CCc1cc2ccccc2[nH]1
HDAC1,Euclidean Search,0.62,C1(=NC(=CN1)C2=CC=CC=C2)[C@@H](NC(=O)C=3C=CC=C(C3)C#N)CCCCCC(C)=O,CNC(=O)CCc1cc2ccccc2[nH]1
HDAC1,Euclidean Search,0.66,C=1(CSC=2OC(=NN2)C=3C=CC=CC3)C=CC(C(=O)NC=4C(=CC=CC4)N)=CC1,Nn1c(=O)c(Cc2ccco2)n[nH]c1=S
HDAC1,Euclidean Search,0.66,C=1(CSC=2OC(=NN2)C=3C=CC=CC3)C=CC(C(=O)NC=4C(=CC=CC4)N)=CC1,Nn1c(=O)c(Cc2ccco2)n[nH]c1=S
HDAC1,Euclidean Search,0.62,C1(=NC(=CN1)C2=CC=CC=C2)[C@@H](NC(=O)C=3C=CC=C(C3)C#N)CCCCCC(C)=O,CNC(=O)CCc1cc2ccccc2[nH]1
HDAC1,Euclidean Search,0.66,C=1(CSC=2OC(=NN2)C=3C=CC=CC3)C=CC(C(=O)NC=4C(=CC=CC4)N)=CC1,Nn1c(=O)c(Cc2ccco2)n[nH]c1=S
HDAC1,Euclidean Search,0.62,C1(=NC(=CN1)C2=CC=CC=C2)[C@@H](NC(=O)C=3C=CC=C(C3)C#N)CCCCCC(C)=O,CNC(=O)CCc1cc2ccccc2[nH]1
HDAC1,Euclidean Search,0.66,C=1(CSC=2OC(=NN2)C=3C=CC=CC3)C=CC(C(=O)NC=4C(=CC=CC4)N)=CC1,Nn1c(=O)c(Cc2ccco2)n[nH]c1=S
HDAC1,Euclidean Search,0.66,C=1(CSC=2OC(=NN2)C=3C=CC=CC3)C=CC(C(=O)NC=4C(=CC=CC4)N)=CC1,Nn1c(=O)c(Cc2ccco2)n[nH]c1=S
HDAC1,Euclidean Search,0.66,C=1(CSC=2OC(=NN2)C=3C=CC=CC3)C=CC(C(=O)NC=4C(=CC=CC4)N)=CC1,Nn1c(=O)c(Cc2ccco2)n[nH]c1=S
HDAC1,Euclidean Search,0.66,C=1(CSC=2OC(=NN2)C=3C=CC=CC3)C=CC(C(=O)NC=4C(=CC=CC4)N)=CC1,Nn1c(=O)c(Cc2ccco2)n[nH]c1=S
HDAC1,Euclidean Search,0.66,C=1(CSC=2OC(=NN2)C=3C=CC=CC3)C=CC(C(=O)NC=4C(=CC=CC4)N)=CC1,Nn1c(=O)c(Cc2ccco2)n[nH]c1=S
HDAC1,Euclidean Search,0.66,C=1(CSC=2OC(=NN2)C=3C=CC=CC3)C=CC(C(=O)NC=4C(=CC=CC4)N)=CC1,Nn1c(=O)c(Cc2ccco2)n[nH]c1=S
HDAC1,Euclidean Search,0.66,C=1(CSC=2OC(=NN2)C=3C=CC=CC3)C=CC(C(=O)NC=4C(=CC=CC4)N)=CC1,Nn1c(=O)c(Cc2ccco2)n[nH]c1=S
HDAC1,Euclidean Search,0.66,C=1(CSC=2OC(=NN2)C=3C=CC=CC3)C=CC(C(=O)NC=4C(=CC=CC4)N)=CC1,Nn1c(=O)c(Cc2ccco2)n[nH]c1=S
HDAC1,Euclidean Search,0.66,C=1(CSC=2OC(=NN2)C=3C=CC=CC3)C=CC(C(=O)NC=4C(=CC=CC4)N)=CC1,Nn1c(=O)c(Cc2ccco2)n[nH]c1=S
HDAC1,Euclidean Search,0.66,C=1(CSC=2OC(=NN2)C=3C=CC=CC3)C=CC(C(=O)NC=4C(=CC=CC4)N)=CC1,Nn1c(=O)c(Cc2ccco2)n[nH]c1=S
HDAC1,Euclidean Search,0.66,C=1(CSC=2OC(=NN2)C=3C=CC=CC3)C=CC(C(=O)NC=4C(=CC=CC4)N)=CC1,Nn1c(=O)c(Cc2ccco2)n[nH]c1=S
HDAC1,Euclidean Search,0.66,C=1(CSC=2OC(=NN2)C=3C=CC=CC3)C=CC(C(=O)NC=4C(=CC=CC4)N)=CC1,Nn1c(=O)c(Cc2ccco2)n[nH]c1=S
HDAC1,Euclidean Search,0.66,C=1(CSC=2OC(=NN2)C=3C=CC=CC3)C=CC(C(=O)NC=4C(=CC=CC4)N)=CC1,Nn1c(=O)c(Cc2ccco2)n[nH]c1=S
HDAC1,Euclidean Search,0.66,C=1(CSC=2OC(=NN2)C=3C=CC=CC3)C=CC(C(=O)NC=4C(=CC=CC4)N)=CC1,Nn1c(=O)c(Cc2ccco2)n[nH]c1=S
HDAC1,Euclidean Search,0.62,C1(=NC(=CN1)C2=CC=CC=C2)[C@@H](NC(=O)C=3C=CC=C(C3)C#N)CCCCCC(C)=O,CNC(=O)CCc1cc2ccccc2[nH]1
HDAC1,Euclidean Search,0.66,C=1(CSC=2OC(=NN2)C=3C=CC=CC3)C=CC(C(=O)NC=4C(=CC=CC4)N)=CC1,Nn1c(=O)c(Cc2ccco2)n[nH]c1=S
HDAC1,Euclidean Search,0.66,C=1(CSC=2OC(=NN2)C=3C=CC=CC3)C=CC(C(=O)NC=4C(=CC=CC4)N)=CC1,Nn1c(=O)c(Cc2ccco2)n[nH]c1=S
HDAC1,Euclidean Search,0.62,C1(=NC(=CN1)C2=CC=CC=C2)[C@@H](NC(=O)C=3C=CC=C(C3)C#N)CCCCCC(C)=O,CNC(=O)CCc1cc2ccccc2[nH]1
HDAC1,Euclidean Search,0.66,C=1(CSC=2OC(=NN2)C=3C=CC=CC3)C=CC(C(=O)NC=4C(=CC=CC4)N)=CC1,Nn1c(=O)c(Cc2ccco2)n[nH]c1=S
HDAC1,Euclidean Search,0.66,C=1(CSC=2OC(=NN2)C=3C=CC=CC3)C=CC(C(=O)NC=4C(=CC=CC4)N)=CC1,Nn1c(=O)c(Cc2ccco2)n[nH]c1=S
HDAC1,Euclidean Search,0.62,C1(=NC(=CN1)C2=CC=CC=C2)[C@@H](NC(=O)C=3C=CC=C(C3)C#N)CCCCCC(C)=O,CNC(=O)CCc1cc2ccccc2[nH]1
HDAC1,Euclidean Search,0.66,C=1(CSC=2OC(=NN2)C=3C=CC=CC3)C=CC(C(=O)NC=4C(=CC=CC4)N)=CC1,Nn1c(=O)c(Cc2ccco2)n[nH]c1=S
HDAC1,Euclidean Search,0.66,C=1(CSC=2OC(=NN2)C=3C=CC=CC3)C=CC(C(=O)NC=4C(=CC=CC4)N)=CC1,Nn1c(=O)c(Cc2ccco2)n[nH]c1=S
HDAC1,Euclidean Search,0.62,C1(=NC(=CN1)C2=CC=CC=C2)[C@@H](NC(=O)C=3C=CC=C(C3)C#N)CCCCCC(C)=O,CNC(=O)CCc1cc2ccccc2[nH]1
HDAC1,Euclidean Search,0.66,C=1(CSC=2OC(=NN2)C=3C=CC=CC3)C=CC(C(=O)NC=4C(=CC=CC4)N)=CC1,Nn1c(=O)c(Cc2ccco2)n[nH]c1=S
HDAC1,Euclidean Search,0.62,C1(=NC(=CN1)C2=CC=CC=C2)[C@@H](NC(=O)C=3C=CC=C(C3)C#N)CCCCCC(C)=O,CNC(=O)CCc1cc2ccccc2[nH]1
HDAC1,Euclidean Search,0.66,C=1(CSC=2OC(=NN2)C=3C=CC=CC3)C=CC(C(=O)NC=4C(=CC=CC4)N)=CC1,Nn1c(=O)c(Cc2ccco2)n[nH]c1=S
HDAC1,Euclidean Search,0.66,C=1(CSC=2OC(=NN2)C=3C=CC=CC3)C=CC(C(=O)NC=4C(=CC=CC4)N)=CC1,Nn1c(=O)c(Cc2ccco2)n[nH]c1=S
HDAC1,Euclidean Search,0.66,C=1(CSC=2OC(=NN2)C=3C=CC=CC3)C=CC(C(=O)NC=4C(=CC=CC4)N)=CC1,Nn1c(=O)c(Cc2ccco2)n[nH]c1=S
HDAC1,Euclidean Search,0.62,C1(=NC(=CN1)C2=CC=CC=C2)[C@@H](NC(=O)C=3C=CC=C(C3)C#N)CCCCCC(C)=O,CNC(=O)CCc1cc2ccccc2[nH]1
HDAC1,Euclidean Search,0.66,C=1(CSC=2OC(=NN2)C=3C=CC=CC3)C=CC(C(=O)NC=4C(=CC=CC4)N)=CC1,Nn1c(=O)c(Cc2ccco2)n[nH]c1=S
HDAC1,Euclidean Search,0.66,C=1(CSC=2OC(=NN2)C=3C=CC=CC3)C=CC(C(=O)NC=4C(=CC=CC4)N)=CC1,Nn1c(=O)c(Cc2ccco2)n[nH]c1=S
HDAC1,Euclidean Search,0.62,C1(=NC(=CN1)C2=CC=CC=C2)[C@@H](NC(=O)C=3C=CC=C(C3)C#N)CCCCCC(C)=O,CNC(=O)CCc1cc2ccccc2[nH]1
HDAC1,Euclidean Search,0.66,C=1(CSC=2OC(=NN2)C=3C=CC=CC3)C=CC(C(=O)NC=4C(=CC=CC4)N)=CC1,Nn1c(=O)c(Cc2ccco2)n[nH]c1=S
HDAC1,Pre-trained hierVAE Generate,0.36,C1(=CSC(=N1)C=2C=CC(=CC2)OCCN(C)C)[C@@H](NC(=O)OCC=3C=CC=CC3)CCCCNS(N)(=O)=O,CC1CN(C(C)CO)S(=O)(=O)c2ccc(C#Cc3ccccn3)cc2OC1CN(C)C(=O)c1ccc2c(c1)OCO2
HDAC1,Pre-trained hierVAE Generate,0.29,O1CCN(CC=2C=3C=4C(C(=O)N(CCCCCC(=O)NC=5C(N)=CC=CC5)C(=O)C4C=CC3)=CC2O)CC1,COc1ccccc1CNC(=O)CC1CCC(NC(=O)CCN2CCCCC2)C(CO)O1
HDAC1,Pre-trained hierVAE Generate,0.63,C=1(NC=2C=CC=CC2C1CCNC([C@@H](NC(C3CN(C)CC3)=O)CCCCCC(=O)C)=O)C4=CC=CC=C4,CC1CN(C(C)CO)C(=O)c2c(c3ccccc3n2C)-c2ccccc2COC1CN(C)CC1CC1
HDAC1,Pre-trained hierVAE Generate,0.59,O1CCN(CC=2C=3C=4C(C(=O)N(CCCCCC(=O)NC=5C(N)=CC=CC5)C(=O)C4C=CC3)=CC2O)CC1,CC1CCCCOC(CN(C)CC2CC2)C(C)CN(C(C)CO)C(=O)c2cc(NC(=O)c3ccncc3)ccc2O1
HDAC1,Pre-trained hierVAE Generate,0.39,C(C=1C2=C(NC1)C=CC=C2)CN3C([C@@H](NC([C@@H](N(C(CCN(C(C3)=O)CC(C)C)=O)C)C)=O)CCCCCC(CC)=O)=O,CC1CN(C(C)CO)C(=O)c2c(c3ccccc3n2C)-c2ccccc2COC1CN(C)C(=O)c1cccc(F)c1
HDAC1,Pre-trained hierVAE Generate,0.58,S(=O)(=O)(NC1=CC2=C(C=C1)OCO2)C3=CC=CC(=C3)C(CSC(SCC)=S)=O,CC(NC(=O)CC1CC2c3cc(NS(=O)(=O)c4ccc(F)cc4)ccc3OC2C(CO)O1)c1ccccc1
HDAC1,Pre-trained hierVAE Generate,0.45,C1=CC(=CC=C1OC)NC(=O)CCCCC(=NO)O,COc1ccc(C=NNC(=O)CCCCCCCCCCCCCCCCCCCCCCCCCCCCCCCCCCCCCCCCCCCCCCCCCCCCCCCCCCCCC(=O)O)cc1
HDAC1,Pre-trained hierVAE Generate,0.55,O1CCN(CC=2C=3C=4C(C(=O)N(CCCCCC(=O)NC=5C(N)=CC=CC5)C(=O)C4C=CC3)=CC2O)CC1,CC1CCCCOC(CN(C)CC2CC2)C(C)CN(C(C)CO)C(=O)c2cc(NC(=O)C3CCCCC3)ccc2O1
HDAC1,Pre-trained hierVAE Generate,0.55,C(C=1C2=C(NC1)C=CC=C2)CN3C([C@@H](NC([C@@H](N(C(CCN(C(C3)=O)CC(C)C)=O)C)C)=O)CCCCCC(CC)=O)=O,CCC(=O)N(C)CC1OCc2ccccc2-c2c(n(C)c3ccccc23)C(=O)N(C(C)CO)CC1C
HDAC1,Pre-trained hierVAE Generate,0.42,C=1(C2=CC=C(C=C2)OCCN3CCOCC3)C=CN=C(N1)NCC4=CC=C(C=C4)C(=O)NC5=CC=CC=C5N,COc1cccc(COc2cccc(C(=O)NCCCN3CCOCC3)c2)c1
HDAC1,Pre-trained hierVAE Generate,0.59,C1(=CSC(=N1)C=2C=CC(=CC2)OCCN(C)C)[C@@H](NC(=O)OCC=3C=CC=CC3)CCCCNS(N)(=O)=O,CC(C)CC#Cc1ccc2c(c1)OC(CN(C)Cc1ccc(C(=O)O)cc1)C(C)CN(C(C)CO)S2(=O)=O
HDAC1,Pre-trained hierVAE Generate,0.36,C1(CN(CC2=CC3=C(C=C2)OCO3)CCO)=CC=C(C=C1)C(=O)NC4=C(N)C=CC=C4,CN(C)c1ccc2c(c1)C1CC(CC(=O)NCc3ccc4c(c3)OCO4)OC(CO)C1O2
HDAC1,Pre-trained hierVAE Generate,0.39,SCCCCC[C@H](NC(OC(C)(C)C)=O)C(=O)NC(C)(C)C,CCCCCCCCCCCCCCCCCCCCCCC(=O)NCCCOCC(C)(C)C
HDAC1,Pre-trained hierVAE Generate,0.48,C1=CC(C=2NC([C@@H](NC(=O)CC3=C(NC4=C3C=C(C=C4)OC)C)CCCCCC(NS(C(F)(F)F)(=O)=O)=O)=NC2)=CC=5C1=CC=CC5,Cc1ccc(S(=O)(=O)N(C)CC2OCCCCC(C)Oc3ccc(NC(=O)CCC(F)(F)F)cc3C(=O)N(C(C)CO)CC2C)cc1
HDAC1,Pre-trained hierVAE Generate,0.63,O1CCN(CC=2C=3C=4C(C(=O)N(CCCCCC(=O)NC=5C(N)=CC=CC5)C(=O)C4C=CC3)=CC2O)CC1,COC1CN(C)C(=O)c2cc(NC(=O)c3ccccc3F)ccc2OCC(C)NCC1C
HDAC1,Pre-trained hierVAE Generate,0.57,O(C(=O)N1C(CC=2C=3C(NC2)=CC=CC3)=C(O)N=C1NCC4=CC=C(C=C4)C(=O)NC=5C(N)=CC=CC5)C(C)(C)C,Cc1ccc(NC(=O)N2C(CO)C(C(=O)NCCC(=O)NC(C(=O)Nc3cccc(C(=O)O)c3)C(C)(C)C)C3Cn4c(ccc(-c5cncnc5)c4=O)C32)cc1
HDAC1,Pre-trained hierVAE Generate,0.41,O1CCN(CC=2C=3C=4C(C(=O)N(CCCCCC(=O)NC=5C(N)=CC=CC5)C(=O)C4C=CC3)=CC2O)CC1,CC1CCCCOC(CN(C)Cc2ccc(C(F)(F)F)cc2)C(C)CN(C(C)CO)C(=O)c2cc(NC(=O)NC3CCCCC3)ccc2O1
HDAC1,Pre-trained hierVAE Generate,0.55,O=C(N[C@@H](CCCCCC(=O)C)C1=NC(=CN1)C=2C=CC=CC2)C3=CC=4OCCOC4C=C3,CCCCCC(=O)Nc1ccc2c(c1)C1CC(CC(=O)NCc3ccccn3)OC(CO)C1O2
HDAC1,Pre-trained hierVAE Generate,0.48,C12(CCN(C1)S(C)(=O)=O)CCN(C3=CC=C(C=N3)C(NC=4C=C(C=CC4N)C5=CC=CS5)=O)CC2,CC1CN(C(C)CO)C(=O)CCCn2cc(nn2)COC1CN(C)S(=O)(=O)c1ccc(Cl)cc1
HDAC1,Pre-trained hierVAE Generate,0.5,C(C=1C2=C(NC1)C=CC=C2)CN3C([C@@H](NC([C@@H](N(C(CCN(C(C3)=O)CC(C)C)=O)C)C)=O)CCCCCC(CC)=O)=O,CC(C)NC(=O)N(C)CC1OCc2ccccc2-c2c(n(C)c3ccccc23)C(=O)N(C(C)CO)CC1C
HDAC1,Pre-trained hierVAE Generate,0.61,C=1(C=CC(C(NC2=CC=CC=C2N)=O)=CC1)CN3C(C4=C(N(C3=O)CCN5CCOCC5)C=CC=C4)=O,COC1CN(C)C(=O)c2cc(NC(=O)Nc3ccc(F)cc3)ccc2OCC(C)N(CCc2ccccc2)CC1C
HDAC1,Pre-trained hierVAE Generate,0.41,C=1(NC=2C=CC=CC2C1CCNC([C@@H](NC(C3CN(C)CC3)=O)CCCCCC(=O)C)=O)C4=CC=CC=C4,CC1CN(C(C)CO)C(=O)c2c(c3ccccc3n2C)-c2ccccc2COC1CN(C)CC1CCCCC1
HDAC1,Pre-trained hierVAE Generate,0.58,C=1(NC=2C=CC=CC2C1CCNC([C@@H](NC(C3CN(C)CC3)=O)CCCCCC(=O)C)=O)C4=CC=CC=C4,CC1CN(C(C)CO)C(=O)c2c(c3ccccc3n2C)-c2ccccc2COC1CN(C)CC1CCCCC1
HDAC1,Pre-trained hierVAE Generate,0.44,C=1(NC=2C=CC=CC2C1CCNC([C@@H](NC(CC3=C(NC4=C3C=C(C=C4)OC)C)=O)CCCCCC=O)=O)C=5C=CC=CC5,COc1ccc(CNC(=O)CNCC2OC(=O)c3c(OC)cccc32)cc1
HDAC1,Pre-trained hierVAE Generate,0.66,O1CCN(CC=2C=3C=4C(C(=O)N(CCCCCC(=O)NC=5C(N)=CC=CC5)C(=O)C4C=CC3)=CC2O)CC1,CCCNC(=O)N1CC(C)C(OC)CN(C)C(=O)c2ccc(NC(=O)c3cccc(C)c3)cc2OCC1C
HDAC1,Pre-trained hierVAE Generate,0.46,N(C=1C(N)=CC=CC1)C(=O)CCCCCCC(C=2C=CC(C3=CC(OC)=C(C=C3)OC)=CC2)=O,COc1ccc(COC(=O)CCCCCCC(=O)Nc2ccc(C(C)(C)C)cc2)cc1OC
HDAC1,Pre-trained hierVAE Generate,0.65,C(C=1C2=C(NC1)C=CC=C2)CN3C([C@@H](NC([C@@H](N(C(CCN(C(C3)=O)CC(C)C)=O)C)C)=O)CCCCCC(CC)=O)=O,CC1CN(C(C)CO)C(=O)c2c(c3ccccc3n2C)-c2ccccc2COC1CN(C)C(=O)C(Cc1ccccc1)N(C)C
HDAC1,Pre-trained hierVAE Generate,0.04,C1=C(N=CC(=C1)C(NC=2C=CC=CC2N)=O)N3CCN4C(C3)=NC=C4C5=CC=CC=C5,CC(=O)Nc1ccc(-c2cc3nccc(N4CCN(c5ccc(C(=O)Nc6ccc(C(=O)Nc7ccc(C(=O)Nc8ccc(C(=O)Nc9ccc(C(=O)Nc%10ccc(C(=O)Nc%11ccc(C(=O)Nc%12ccc(C(=O)Nc%13ccc(C(=O)Nc%14ccc(C(=O)Nc%15ccc(C(=O)Nc%16ccc(C(=O)Nc%17ccc(C=O)cc%17)cc%16)cc%15)cc%14)cc%13)cc%12)cc%11)cc%10)cc9)cc8)cc7)cc6)cc5)CC4)n3n2)cc1
HDAC1,Pre-trained hierVAE Generate,0.53,C(C=1C2=C(NC1)C=CC=C2)CN3C([C@@H](NC([C@@H](N(C(CCN(C(C3)=O)CC(C)C)=O)C)C)=O)CCCCCC(CC)=O)=O,CCCNC(=O)N(C)CC1OCc2ccccc2-c2c(n(C)c3ccccc23)C(=O)N(C(C)CO)CC1C
HDAC1,Pre-trained hierVAE Generate,0.52,O1CCN(CC=2C=3C=4C(C(=O)N(CCCCCC(=O)NC=5C(N)=CC=CC5)C(=O)C4C=CC3)=CC2O)CC1,CC1CN(C(C)CO)C(=O)c2cc(NC(=O)CCC(F)(F)F)ccc2OC1CN(C)Cc1ccc(C(=O)O)cc1
HDAC1,Pre-trained hierVAE Generate,0.39,SCCCCCCC(=O)NC=1SC=C(N1)C2=CC=C(C=C2)C,CCCCCCCCCCCCCCCCCCCCCCCCCCC(=O)Nc1nc2ccccc2s1
HDAC1,Pre-trained hierVAE Generate,0.56,O1CCN(CC=2C=3C=4C(C(=O)N(CCCCCC(=O)NC=5C(N)=CC=CC5)C(=O)C4C=CC3)=CC2O)CC1,CC1CN(C(C)CO)C(=O)c2cc(NC(=O)CCC(F)(F)F)ccc2OC1CN(C)Cc1ccc(C(F)(F)F)cc1
HDAC1,Pre-trained hierVAE Generate,0.49,C(C=1C2=C(NC1)C=CC=C2)CN3C([C@@H](NC([C@@H](N(C(CCN(C(C3)=O)CC(C)C)=O)C)C)=O)CCCCCC(CC)=O)=O,CC1CN(C(C)CO)C(=O)CCCn2cc(nn2)COC1CN(C)C(=O)CCC(F)(F)F
HDAC1,Pre-trained hierVAE Generate,0.55,O=C(NC1=C(N)C=CC=C1)C=2C=CC(C3=NC=C(CN4CCN(CC4)CC)C=C3C)=CC2,CCCc1ccc(NC(=O)CCCN2CCN(c3ccccc3C)CC2)cc1
HDAC1,Pre-trained hierVAE Generate,0.26,C1(=C(C(=C2C(=C1C=O)C=C(O2)C3=C(C(=C(C(=C3C=O)O)O)O)C)O)O)C,COc1ccc(C(=O)O)cc1-c1cccc(-c2ccccc2C(=O)O)c1
HDAC1,Pre-trained hierVAE Generate,0.36,O=C(N[C@@H](CCCCCC(=O)C)C1=NC(=CN1)C=2C=CC=CC2)C3=CC=4OCCOC4C=C3,CCNC(=O)CC1CC2c3cc(NC(=O)c4cccnc4)ccc3OC2C(CO)O1
HDAC1,Pre-trained hierVAE Generate,0.59,O1CCN(CC=2C=3C=4C(C(=O)N(CCCCCC(=O)NC=5C(N)=CC=CC5)C(=O)C4C=CC3)=CC2O)CC1,Cc1ccc(C(=O)Nc2ccc3c(c2)C(=O)N(C(C)CO)CC(C)C(CN(C)C(=O)CCN2CCOCC2)O3)cc1
HDAC1,Pre-trained hierVAE Generate,0.25,O=C(N[C@@H](CCCCCC(=O)C)C1=NC(=CN1)C=2C=CC=CC2)C3=CC=4OCCOC4C=C3,CCCCCC(=O)Nc1ccc2c(c1)C1CC(CC(=O)NCc3ccccn3)OC(CO)C1O2
HDAC1,Pre-trained hierVAE Generate,0.47,O1CCN(CC=2C=3C=4C(C(=O)N(CCCCCC(=O)NC=5C(N)=CC=CC5)C(=O)C4C=CC3)=CC2O)CC1,CC1CCCCOC(CN(C)Cc2cccnc2)C(C)CN(C(C)CO)C(=O)c2cc(N(C)C)ccc2O1
HDAC1,Pre-trained hierVAE Generate,0.66,C(C=1C2=C(NC1)C=CC=C2)CN3C([C@@H](NC([C@@H](N(C(CCN(C(C3)=O)CC(C)C)=O)C)C)=O)CCCCCC(CC)=O)=O,CC(C)NC(=O)N(C)CC1OCc2ccccc2-c2c(n(C)c3ccccc23)C(=O)N(C(C)CO)CC1C
HDAC1,Pre-trained hierVAE Generate,0.34,O1CCN(CC=2C=3C=4C(C(=O)N(CCCCCC(=O)NC=5C(N)=CC=CC5)C(=O)C4C=CC3)=CC2O)CC1,CC1CCCCOC(CN(C)Cc2ccccn2)C(C)CN(C(C)CO)C(=O)c2cc(NC(=O)c3cccnc3)ccc2O1
HDAC1,Pre-trained hierVAE Generate,0.43,C=1(NC=2C=CC=CC2C1CCNC([C@@H](NC(C3CN(C)CC3)=O)CCCCCC(=O)C)=O)C4=CC=CC=C4,CC1CN(C(C)CO)C(=O)c2c(c3ccccc3n2C)-c2ccccc2COC1CN(C)CC1CCCCC1
HDAC1,Pre-trained hierVAE Generate,0.42,C=1(NC=2C=CC=CC2C1CCNC([C@@H](NC(C3CN(C)CC3)=O)CCCCCC(=O)C)=O)C4=CC=CC=C4,CC1CN(C(C)CO)C(=O)c2c(c3ccccc3n2C)-c2ccccc2COC1CN(C)CC1CCCCC1
HDAC1,Pre-trained hierVAE Generate,0.63,O1CCN(CC=2C=3C=4C(C(=O)N(CCCCCC(=O)NC=5C(N)=CC=CC5)C(=O)C4C=CC3)=CC2O)CC1,CC1CCCCOC(CN(C)C(=O)C2CCCCC2)C(C)CN(C(C)CO)C(=O)c2cc(NC(=O)c3ccncc3)ccc2O1
HDAC1,Pre-trained hierVAE Generate,0.54,C=1(NC2=CC=CC=C2C1CCNC([C@@H](NC(C3CN(CCC3)C)=O)CCCCCC(=O)C)=O)C=4C=CC=CC4,CC1CN(C(C)CO)C(=O)c2c(c3ccccc3n2C)-c2ccccc2COC1CN(C)C(=O)CCN1CCOCC1
HDAC1,Pre-trained hierVAE Generate,0.21,S(=O)(=O)(NC1=CC2=C(C=C1)OCO2)C3=CC=CC(=C3)C(CSC(SCC)=S)=O,CC(NC(=O)CC1CC2c3cc(NS(=O)(=O)c4ccc(F)cc4)ccc3OC2C(CO)O1)c1ccccc1
HDAC1,Pre-trained hierVAE Generate,0.45,C(C=1C2=C(NC1)C=CC=C2)CN3C([C@@H](NC([C@@H](N(C(CCN(C(C3)=O)CC(C)C)=O)C)C)=O)CCCCCC(CC)=O)=O,CC1CN(C(C)CO)C(=O)CCCn2cc(nn2)COC1CN(C)C(=O)Nc1ccccc1
HDAC1,Pre-trained hierVAE Generate,0.78,O1CCN(CC=2C=3C=4C(C(=O)N(CCCCCC(=O)NC=5C(N)=CC=CC5)C(=O)C4C=CC3)=CC2O)CC1,CC1CCCCOC(CN(C)CC2CC2)C(C)CN(C(C)CO)C(=O)c2cc(NC(=O)C3CCCCC3)ccc2O1
HDAC1,Pre-trained hierVAE Generate,0.06,C(C=1C2=C(NC1)C=CC=C2)CN3C([C@@H](NC([C@@H](N(C(CCN(C(C3)=O)CC(C)C)=O)C)C)=O)CCCCCC(CC)=O)=O,CCCNC(=O)N(C)CC1OCc2ccccc2-c2c(n(C)c3ccccc23)C(=O)N(C(C)CO)CC1C
HDAC1,Pre-trained hierVAE Generate,0.12,S(NC=1C=CC(/C=C/C(NC2=C(N)C=CC=C2)=O)=CC1)(C=3C=CC(C(C)(C)C)=CC3)(=O)=O,Cc1ccc(S(=O)(=O)Nc2ccc(C(=O)Nc3ccc(S(=O)(=O)NC(C)(C)C)cc3)cc2)cc1
HDAC1,Pre-trained hierVAE Generate,0.42,O=C(N[C@@H](CCCCCC(=O)C)C1=NC(=CN1)C=2C=CC=CC2)C3=CC=4OCCOC4C=C3,CC(C)(C)NC(=O)CC1CC2c3cc(NC(=O)Nc4ccc(Cl)cc4)ccc3OC2C(CO)O1
HDAC1,Pre-trained hierVAE Generate,0.79,O1CCN(CC=2C=3C=4C(C(=O)N(CCCCCC(=O)NC=5C(N)=CC=CC5)C(=O)C4C=CC3)=CC2O)CC1,CC1CCCCOC(CN(C)Cc2ccc(C(=O)O)cc2)C(C)CN(C(C)CO)C(=O)c2cc(NC(=O)CCCN(C)C)ccc2O1
HDAC1,Pre-trained hierVAE Generate,0.33,C=1(C=CC(C(NC2=CC=CC=C2N)=O)=CC1)CN3C(C4=C(N(C3=O)CCN5CCOCC5)C=CC=C4)=O,CC(C)NC(=O)Nc1ccc2c(c1)C(=O)N(C(C)CO)CC(C)C(CN(C)Cc1cccnc1)OCCCCC(C)O2
HDAC1,Pre-trained hierVAE Generate,0.57,C=1(C(=C(C)N=CC1CO)O)CNC=2C=CC(OCCCCCCC(=O)NO)=CC2F,CCCNC(=O)CC1C=CC(NC(=O)c2ccc(F)cc2)C(CO)O1
HDAC1,Pre-trained hierVAE Generate,0.56,O1CCN(CC=2C=3C=4C(C(=O)N(CCCCCC(=O)NC=5C(N)=CC=CC5)C(=O)C4C=CC3)=CC2O)CC1,CC1CN(C(C)CO)C(=O)c2cc(NC(=O)CCN3CCOCC3)ccc2OC1CN(C)Cc1ccc(C(=O)O)cc1
HDAC1,Pre-trained hierVAE Generate,0.58,O(C(=O)N1C(CC=2C=3C(NC2)=CC=CC3)=C(O)N=C1NCC4=CC=C(C=C4)C(=O)NC=5C(N)=CC=CC5)C(C)(C)C,Cc1ccc(NC(=O)N2C(CO)C(C(=O)NCCC(=O)NC(C(=O)Nc3cccc(C(=O)O)c3)C(C)(C)C)C3Cn4c(ccc(-c5cncnc5)c4=O)C32)cc1
HDAC1,Pre-trained hierVAE Generate,0.43,O1CCN(CC=2C=3C=4C(C(=O)N(CCCCCC(=O)NC=5C(N)=CC=CC5)C(=O)C4C=CC3)=CC2O)CC1,CC1CCCCOC(CN(C)Cc2ccc(C(F)(F)F)cc2)C(C)CN(C(C)CO)C(=O)c2cc(NC(=O)CCCN(C)C)ccc2O1
HDAC1,Pre-trained hierVAE Generate,0.68,O1CCN(CC=2C=3C=4C(C(=O)N(CCCCCC(=O)NC=5C(N)=CC=CC5)C(=O)C4C=CC3)=CC2O)CC1,CCCCCC(=O)Nc1ccc2c(c1)C(=O)N(C)CC(OC)C(C)CN(C(=O)c1ccccn1)C(C)CO2
HDAC1,Pre-trained hierVAE Generate,0.04,O=C(NC=1C=CC(OC)=CC1)/C=C\C=2C(=NN(C2)C3=CC=CC=C3)C=4C=CC(=CC4)C,COc1ccc(-c2cc(C)n(-c3ccc(C(=O)N(C)C)cc3)n2)cc1
HDAC1,Pre-trained hierVAE Generate,0.45,C=1(C=CC(C(NC2=CC=CC=C2N)=O)=CC1)CN3C(C4=C(N(C3=O)CCN5CCOCC5)C=CC=C4)=O,CC(C)NC(=O)Nc1ccc2c(c1)C(=O)N(C(C)CO)CC(C)C(CN(C)Cc1cccnc1)OCCCCC(C)O2
HDAC1,Pre-trained hierVAE Generate,0.76,O1CCN(CC=2C=3C=4C(C(=O)N(CCCCCC(=O)NC=5C(N)=CC=CC5)C(=O)C4C=CC3)=CC2O)CC1,CC1CCCCOC(CN(C)Cc2ccccn2)C(C)CN(C(C)CO)C(=O)c2cc(NC(=O)c3cccnc3)ccc2O1
HDAC1,Pre-trained hierVAE Generate,0.43,C1=CC(C=2NC([C@@H](NC(=O)CC3=C(NC4=C3C=C(C=C4)OC)C)CCCCCC(NS(C(F)(F)F)(=O)=O)=O)=NC2)=CC=5C1=CC=CC5,CC1CCCCOC(CN(C)Cc2cccc(C(F)(F)F)c2)C(C)CN(C(C)CO)C(=O)c2cc(NS(=O)(=O)c3ccccc3)ccc2O1
HDAC1,Pre-trained hierVAE Generate,0.42,O1CCN(CC=2C=3C=4C(C(=O)N(CCCCCC(=O)NC=5C(N)=CC=CC5)C(=O)C4C=CC3)=CC2O)CC1,CC1CCCCOC(CN(C)CC2CC2)C(C)CN(C(C)CO)C(=O)c2cc(NC(=O)CCN3CCOCC3)ccc2O1
HDAC1,Pre-trained hierVAE Generate,0.61,S(NC=1C=CC(=CC1)OCCCCCCC(O)=NO)(C2=CC=C(C=C2)OC)(=O)=O,CCCCCCCC(O)COc1ccc(S(=O)(=O)Nc2ccc(S(=O)(=O)O)cc2)cc1
HDAC1,Pre-trained hierVAE Generate,0.43,S1C2=C(N(C(=O)N(CC=3C=CC(=CC3)C(=O)NC=4C(N)=CC=CC4)C2=O)CC)C=C1,CCNC(=O)C1C(CO)C2Cn3c(ccc(-c4ccccc4F)c3=O)C2N1C(=O)Nc1ccc(C(F)(F)F)cc1
HDAC1,Pre-trained hierVAE Generate,0.32,O1CCN(CC=2C=3C=4C(C(=O)N(CCCCCC(=O)NC=5C(N)=CC=CC5)C(=O)C4C=CC3)=CC2O)CC1,CC1CN(C(C)CO)C(=O)c2cc(N(C)C)ccc2OC1CN(C)Cc1ccc(C(=O)Nc2ccccc2N)cc1
HDAC1,Pre-trained hierVAE Generate,0.4,C1=CC(=CC=C1OC)NC(=O)CCCCC(=NO)O,COc1ccc(C=NNC(=O)CCCCCCCCCCCCCCCCCCCCCCCCCCCCCCCCCCCCCCCCCCCCCCCCCCCCCCCCCCCCC(=O)O)cc1
HDAC1,Pre-trained hierVAE Generate,0.54,C(C=1C2=C(NC1)C=CC=C2)CN3C([C@@H](NC([C@@H](N(C(CCN(C(C3)=O)CC(C)C)=O)C)C)=O)CCCCCC(CC)=O)=O,CCCNC(=O)N(C)CC1OCc2ccccc2-c2c(n(C)c3ccccc23)C(=O)N(C(C)CO)CC1C
HDAC1,Pre-trained hierVAE Generate,0.59,N1(C(C=2C=C(O)C(=CC2C1=O)CN3CCOCC3)=O)CCCCCC(NC=4C(N)=CC=CC4)=O,CCCNC(=O)N1CC(O)COCC2OC(CC(=O)NC3CCN(Cc4ccccc4)C3)CCC21
HDAC1,Pre-trained hierVAE Generate,0.38,O1C[C@H]2[C@@H]([C@@H](C=3C([C@H]2NC4=CC=C(NC(=O)CCCCCCC(=O)NO)C=C4)=CC=5OCOC5C3)C6=CC(OC)=C(O)C(OC)=C6)C1=O,COc1ccc(CNC(=O)CC2C=CC(NC(=O)c3ccc4c(c3)OCO4)C(CO)O2)cc1
HDAC1,Pre-trained hierVAE Generate,0.36,S(=O)(=O)(NC1=CC2=C(C=C1)OCO2)C3=CC=CC(=C3)C(CSC(SCC)=S)=O,CCCNC(=O)CC1CC2c3cc(NS(=O)(=O)c4ccccc4F)ccc3OC2C(CO)O1
HDAC1,Pre-trained hierVAE Generate,0.26,C(C(=O)CCCCCCC(NC=1C=C(C2=CC=CC=C2)C=CC1)=O)(F)(F)F,O=C(CCC(=O)c1ccc(F)cc1)NCCCC(=O)Nc1ccc(C(F)(F)F)cc1
HDAC1,Pre-trained hierVAE Generate,0.47,C1(=CC=CC=C1)NC(=O)CN(CCCCCCC(NC2=CC=CC=C2)=O)CC(NO)=O,CN(C)CCCCCCC(=O)Nc1ccc(C(=O)Nc2ccccc2C(=O)NCCCCCNC(=O)CCCCCC(=O)NO)cc1
HDAC1,Pre-trained hierVAE Generate,0.45,O1CCN(CC=2C=3C=4C(C(=O)N(CCCCCC(=O)NC=5C(N)=CC=CC5)C(=O)C4C=CC3)=CC2O)CC1,CC1CN(C(C)CO)C(=O)c2cc(NC(=O)CCN3CCOCC3)ccc2OC1CN(C)Cc1ccc(C(F)(F)F)cc1
HDAC1,Pre-trained hierVAE Generate,0.46,C(C(=O)NCC=1C=CC(=CC1)C(O)=O)CCCCCC(NCCCNCCCCNCC(C2=CC=CC=C2)C3=CC=CC=C3)=O,Cc1cccc(C(=O)c2ccc(C(=O)NCCCCCCC(=O)Nc3ccc(C(=O)O)cc3)cc2)c1
HDAC1,Pre-trained hierVAE Generate,0.37,O1[C@@H]2OC3=C([C@H]1C(C4=C(C(=C(C(=C42)C)O)O)O)=O)C(=C(C(=C3O)O)C)C=O,COc1ccc(C2C3=C(OC4=C2C(=O)C(OC(=O)c2ccc(O)c(O)c2)C(OC(=O)c2ccc(O)cc2)C4(C)C)C(=O)c2c(OC)ccc(OC)c2C3=O)cc1
HDAC1,Pre-trained hierVAE Generate,0.4,C(C=1C2=C(NC1)C=CC=C2)CN3C([C@@H](NC([C@@H](N(C(CCN(C(C3)=O)CC(C)C)=O)C)C)=O)CCCCCC(CC)=O)=O,CC1CN(C(C)CO)C(=O)c2c(c3ccccc3n2C)-c2ccccc2COC1CN(C)C(=O)CCN(C)C
HDAC1,Pre-trained hierVAE Generate,0.29,O=S(N1CC=2C=C(/C=C/C(=NO)O)C=CC2C1)(C3=CC=C(C=C3)OC)=O,COc1ccc(S(=O)(=O)N(C)CC2OCc3ccccc3-c3ccccc3C(=O)N(C(C)CO)CC2C)cc1
HDAC1,Pre-trained hierVAE Generate,0.41,O1CCN(CC=2C=3C=4C(C(=O)N(CCCCCC(=O)NC=5C(N)=CC=CC5)C(=O)C4C=CC3)=CC2O)CC1,CC1CCCCOC(CN(C)CC2CC2)C(C)CN(C(C)CO)C(=O)c2cc(NC(=O)CCN3CCOCC3)ccc2O1
HDAC1,Pre-trained hierVAE Generate,0.37,S(C1=CC(OC)=C(C=C1)OC)(NC=2C=CC(/C=C/C(NC=3C(N)=CC=CC3)=O)=CC2)(=O)=O,COc1ccc(C(=O)Nc2ccc(S(=O)(=O)N(C)C)cc2)cc1C=Cc1ccc(C(C)(C)C)cc1
HDAC1,Pre-trained hierVAE Generate,0.43,C=1(NC2=CC=CC=C2C1CCNC([C@@H](NC(C3CN(CCC3)C)=O)CCCCCC(=O)C)=O)C=4C=CC=CC4,CC1CN(C(C)CO)C(=O)c2c(c3ccccc3n2C)-c2ccccc2COC1CN(C)C(=O)CCN1CCOCC1
HDAC1,Pre-trained hierVAE Generate,0.36,N1(C(C=2C=C(O)C(=CC2C1=O)CN3CCOCC3)=O)CCCCCC(NC=4C(N)=CC=CC4)=O,CN(C)CCCNC(=O)CC1CC2c3cc(NC(=O)C4CCOCC4)ccc3OC2C(CO)O1
HDAC1,Pre-trained hierVAE Generate,0.52,O1CCN(CC=2C=3C=4C(C(=O)N(CCCCCC(=O)NC=5C(N)=CC=CC5)C(=O)C4C=CC3)=CC2O)CC1,CCNC(=O)CC1CCC2C(COCC(O)CN2Cc2ccc(C(=O)Nc3ccc(N)cc3)cc2)O1
HDAC1,Pre-trained hierVAE Generate,0.19,O1CCN(CC=2C=3C=4C(C(=O)N(CCCCCC(=O)NC=5C(N)=CC=CC5)C(=O)C4C=CC3)=CC2O)CC1,CC1CCCCOC(CN(C)Cc2ccccn2)C(C)CN(C(C)CO)C(=O)c2cc(NC(=O)c3ccncc3)ccc2O1
HDAC1,Pre-trained hierVAE Generate,0.39,O1CCN(CC=2C=3C=4C(C(=O)N(CCCCCC(=O)NC=5C(N)=CC=CC5)C(=O)C4C=CC3)=CC2O)CC1,CN(Cc1cccc(C(=O)NC2C(=O)N(CCN3CCOCC3)C2CCO)c1)C(=O)c1ccncc1
HDAC1,Pre-trained hierVAE Generate,0.39,C1=CC=C(NC(CCCCCCC(=NO)O)=O)C=C1C=2N=NN(C2)C3=CC(=C(C=C3)F)OC,COc1ccccc1NC(=O)NC1CCC(CCn2cc(-c3ccccc3F)nn2)OC1CO
HDAC1,Pre-trained hierVAE Generate,0.71,C(C=1C2=C(NC1)C=CC=C2)CN3C([C@@H](NC([C@@H](N(C(CCN(C(C3)=O)CC(C)C)=O)C)C)=O)CCCCCC(CC)=O)=O,CC1CN(C(C)CO)C(=O)c2c(c3ccccc3n2C)-c2ccccc2COC1CN(C)C(=O)C(Cc1ccccc1)N(C)C
HDAC1,Pre-trained hierVAE Generate,0.37,C=1(NC2=CC=CC=C2C1CCNC([C@@H](NC(C3CN(CCC3)C)=O)CCCCCC(=O)C)=O)C=4C=CC=CC4,CC1CN(C(C)CO)C(=O)c2c(c3ccccc3n2C)-c2ccccc2COC1CN(C)Cc1cccnc1
HDAC1,Pre-trained hierVAE Generate,0.61,C=1C=C(C=NC1N2CCN(C(C2)(C)C)S(C3=CC=CC=C3)(=O)=O)C(=O)NC=4C(=CC=CC4)N,COc1cccc(S(=O)(=O)Nc2ccc3c(c2)C(=O)N(C)CC(OC)C(C)CN(C(=O)C2CC2)C(C)CO3)c1
HDAC1,Pre-trained hierVAE Generate,0.08,O1CCN(CC=2C=3C=4C(C(=O)N(CCCCCC(=O)NC=5C(N)=CC=CC5)C(=O)C4C=CC3)=CC2O)CC1,CCNC(=O)CC1CCC2C(COCC(O)CN2Cc2ccc(C#N)cc2)O1
HDAC1,Pre-trained hierVAE Generate,0.52,O1CCN(CC=2C=3C=4C(C(=O)N(CCCCCC(=O)NC=5C(N)=CC=CC5)C(=O)C4C=CC3)=CC2O)CC1,CC1CN(C(C)CO)C(=O)c2cc(NC(=O)CCN3CCOCC3)ccc2OC1CN(C)Cc1ccc(C(F)(F)F)cc1
HDAC1,Pre-trained hierVAE Generate,0.32,C(C(=O)CCCCCCC(NC=1C=C(C2=CC=CC=C2)C=CC1)=O)(F)(F)F,O=C(CCC(=O)c1ccc(F)cc1)NCCCC(=O)Nc1ccc(C(F)(F)F)cc1
HDAC1,Pre-trained hierVAE Generate,0.36,N1CC2(OC1=O)CCN(C3=CC=C(C=N3)C(NC=4C(=CC=C(C4)C5=CC=C(C=C5)F)N)=O)CC2,CC(C)(C)NC(=O)C1C(CO)C2Cn3c(ccc(C4=CCCC4)c3=O)C2N1C(=O)c1ccc(F)cc1
HDAC1,Pre-trained hierVAE Generate,0.45,N(C=1C(N)=CC=CC1)C(=O)CCCCCCC(C=2C=CC(C3=CC(OC)=C(C=C3)OC)=CC2)=O,COc1ccc(CNC(=O)CCCCCCC(=O)Nc2cccc(C(F)(F)F)c2)cc1OC
HDAC1,Pre-trained hierVAE Generate,0.59,C(C(=O)NCC=1C=CC(=CC1)C(O)=O)CCCCCC(NCCCNCCCCNCC(C2=CC=CC=C2)C3=CC=CC=C3)=O,Cc1cccc(C(=O)c2ccc(C(=O)NCCCCCCC(=O)Nc3ccc(C(=O)O)cc3)cc2)c1
HDAC1,Pre-trained hierVAE Generate,0.51,O1CCN(CC=2C=3C=4C(C(=O)N(CCCCCC(=O)NC=5C(N)=CC=CC5)C(=O)C4C=CC3)=CC2O)CC1,CCCC(=O)Nc1ccc2c(c1)OCC(C)N(C(=O)CC)CC(C)C(OC)CN(C)C2=O
HDAC1,Pre-trained hierVAE Generate,0.31,C(C=1C2=C(NC1)C=CC=C2)CN3C([C@@H](NC([C@@H](N(C(CCN(C(C3)=O)CC(C)C)=O)C)C)=O)CCCCCC(CC)=O)=O,CC1CN(C(C)CO)C(=O)c2c(c3ccccc3n2C)-c2ccccc2COC1CN(C)C(=O)CCN(C)C
HDAC1,Pre-trained hierVAE Generate,0.27,O=C(N[C@@H](CCCCCC(=O)C)C1=NC(=CN1)C=2C=CC=CC2)C3=CC=4OCCOC4C=C3,CCCCCC(=O)Nc1ccc2c(c1)C1CC(CC(=O)NCc3ccccn3)OC(CO)C1O2
HDAC1,Pre-trained hierVAE Generate,0.43,C=1(C=CC(C(NC2=CC=CC=C2N)=O)=CC1)CN3C(C4=C(N(C3=O)CCN5CCOCC5)C=CC=C4)=O,CC(C)NC(=O)Nc1ccc2c(c1)C(=O)N(C(C)CO)CC(C)C(CN(C)Cc1cccnc1)OCCCCC(C)O2
HDAC1,Pre-trained hierVAE Generate,0.33,S(C1=CC(OC)=C(C=C1)OC)(NC=2C=CC(/C=C/C(NC=3C(N)=CC=CC3)=O)=CC2)(=O)=O,COc1ccc(C(=O)Nc2ccc(S(=O)(=O)N(C)C)cc2)cc1C=Cc1ccc(C(C)(C)C)cc1
HDAC1,Ours,0.9,O1CCN(CC=2C=3C=4C(C(=O)N(CCCCCC(=O)NC=5C(N)=CC=CC5)C(=O)C4C=CC3)=CC2O)CC1,CC1CCCCOC(CN(C)C(=O)NC2CCCCC2)C(C)CN(C(C)CO)C(=O)c2cc(NC(=O)Nc3ccccc3F)ccc2O1
HDAC1,Ours,0.89,S(NC=1C=CC(/C=C/C(NC2=C(N)C=CC=C2)=O)=CC1)(C=3C=CC(C(C)(C)C)=CC3)(=O)=O,CC(C)NS(=O)(=O)c1ccc(NC(=O)c2ccc(C(C)(C)C)cc2)cc1
HDAC1,Ours,0.89,O1CCN(CC=2C=3C=4C(C(=O)N(CCCCCC(=O)NC=5C(N)=CC=CC5)C(=O)C4C=CC3)=CC2O)CC1,CC1CN(C(C)CO)C(=O)c2cc(NC(=O)CCN3CCOCC3)ccc2OC1CN(C)Cc1ccc(C(=O)Nc2ccccc2N)cc1
HDAC1,Ours,0.88,O1CCN(CC=2C=3C=4C(C(=O)N(CCCCCC(=O)NC=5C(N)=CC=CC5)C(=O)C4C=CC3)=CC2O)CC1,CN(C)C(=O)CC1CCC2C(COCC(O)CN2Cc2ccc(C(=O)Nc3ccccc3N)cc2)O1
HDAC1,Ours,0.83,N1C(C2=CC=3C(N=C2OC)=CC=CC3)=CN=C1[C@H](CCCCCC(CC)=O)NC(C4CN(C4)C)=O,CCCC(=O)N1C2Cn3c(ccc(-c4ccc(F)cc4)c3=O)C1C(CO)C2C(=O)NCc1ccc(Oc2ccccc2)cc1
HDAC1,Ours,0.83,C1=CC(C=2NC([C@@H](NC(=O)CC3=C(NC4=C3C=C(C=C4)OC)C)CCCCCC(NS(C)(=O)=O)=O)=NC2)=CC=5C1=CC=CC5,CC1CN(C(C)CO)C(=O)c2c(c3ccccc3n2C)-c2ccccc2COC1CN(C)S(=O)(=O)c1cccc(Cl)c1
HDAC1,Ours,0.83,C(C=1C2=C(NC1)C=CC=C2)CN3C([C@@H](NC([C@@H](N(C(CCN(C(C3)=O)CC(C)C)=O)C)C)=O)CCCCCC(CC)=O)=O,CCCNC(=O)N(C)CC1OCc2ccccc2-c2c(n(C)c3ccccc23)C(=O)N(C(C)CO)CC1C
HDAC1,Ours,0.83,C(C=1C2=C(NC1)C=CC=C2)CN3C([C@@H](NC([C@@H](N(C(CCN(C(C3)=O)CC(C)C)=O)C)C)=O)CCCCCC(CC)=O)=O,CC1CN(C(C)CO)C(=O)c2c(c3ccccc3n2C)-c2ccccc2COC1CN(C)C(=O)CCN(C)C
HDAC1,Ours,0.83,C(C=1C2=C(NC1)C=CC=C2)CN3C([C@@H](NC([C@@H](N(C(CCN(C(C3)=O)CC(C)C)=O)C)C)=O)CCCCCC(CC)=O)=O,CC1CN(C(C)CO)C(=O)c2c(c3ccccc3n2C)-c2ccccc2COC1CN(C)C(=O)CCN(C)C
HDAC1,Ours,0.82,S(NC1=NC=C(/C=C/C(NC=2C(N)=CC=CC2)=O)C=C1)(C3=CC=C(C=C3)C4=CC=CC=C4)(=O)=O,NS(=O)(=O)c1cccc(C(=O)Nc2cccc(S(=O)(=O)Nc3ncnc4ccccc34)c2)c1
HDAC1,Ours,0.82,O1CCN(CC=2C=3C=4C(C(=O)N(CCCCCC(=O)NC=5C(N)=CC=CC5)C(=O)C4C=CC3)=CC2O)CC1,CCCCCC(=O)Nc1ccc2c(c1)C(=O)N(C(C)CO)CC(C)C(CN(C)Cc1ccccn1)O2
HDAC1,Ours,0.82,O1CCN(CC=2C=3C=4C(C(=O)N(CCCCCC(=O)NC=5C(N)=CC=CC5)C(=O)C4C=CC3)=CC2O)CC1,CC1CCCCOC(CN(C)Cc2ccncc2)C(C)CN(C(C)CO)C(=O)c2cc(NC(=O)C3CCCCC3)ccc2O1
HDAC1,Ours,0.82,O1CCN(CC=2C=3C=4C(C(=O)N(CCCCCC(=O)NC=5C(N)=CC=CC5)C(=O)C4C=CC3)=CC2O)CC1,CC1CCCCOC(CN(C)Cc2ccc(C(F)(F)F)cc2)C(C)CN(C(C)CO)C(=O)c2cc(NC(=O)CCCN(C)C)ccc2O1
HDAC1,Ours,0.81,SCCCCCCC(=O)NC=1SC=C(N1)C2=CC=C(C=C2)C,CCCCCc1ccc(CNC(=O)c2ccc(-c3ccc(CNCCCCCCCC(=O)Nc4nccs4)cc3)cc2)cc1
HDAC1,Ours,0.81,S(=O)(=O)(NC=1C=C(C=CC1)C(N)=O)C2=CC=CC(=C2)C(CSC(SCC)=S)=O,Cc1ccc(S(=O)(=O)Nc2ccc(C(=O)Nc3ccc(S(=O)(=O)NC(C(=O)O)c4ccc(SCC(=O)O)cc4)cc3)cc2)cc1
HDAC1,Ours,0.81,O=C(N[C@@H](CCCCCC(=O)C)C1=NC(=CN1)C=2C=CC=CC2)C3=CC=4OCCOC4C=C3,CCCNC(=O)Nc1ccc2c(c1)C1CC(CC(=O)NCCc3ccccc3)OC(CO)C1O2
HDAC1,Ours,0.81,O1CCN(CC=2C=3C=4C(C(=O)N(CCCCCC(=O)NC=5C(N)=CC=CC5)C(=O)C4C=CC3)=CC2O)CC1,O=C(CC1CCC(NC(=O)CN2CCOCC2)C(CO)O1)NCc1cc(F)ccc1F
HDAC1,Ours,0.81,O1CCN(CC=2C=3C=4C(C(=O)N(CCCCCC(=O)NC=5C(N)=CC=CC5)C(=O)C4C=CC3)=CC2O)CC1,COC1CN(C)C(=O)c2ccc(NC(=O)C3CC3)cc2OCC(C)NCC1C
HDAC1,Ours,0.81,O1CCN(CC=2C=3C=4C(C(=O)N(CCCCCC(=O)NC=5C(N)=CC=CC5)C(=O)C4C=CC3)=CC2O)CC1,CCCCCC(=O)Nc1ccc2c(c1)CC(=O)N(C(C)CO)CC(C)C(CN(C)Cc1ccc(C(F)(F)F)cc1)O2
HDAC1,Ours,0.81,O1CCN(CC=2C=3C=4C(C(=O)N(CCCCCC(=O)NC=5C(N)=CC=CC5)C(=O)C4C=CC3)=CC2O)CC1,CC1CCCCOC(CN(C)Cc2cccnc2)C(C)CN(C(C)CO)C(=O)c2cc(NC(=O)C3CCCCC3)ccc2O1
HDAC1,Ours,0.81,N1(C(C=2C=C(O)C(=CC2C1=O)CN3CCOCC3)=O)CCCCCC(NC=4C(N)=CC=CC4)=O,COc1ccc(NC(=O)Nc2ccc3c(c2)C2CC(CC(=O)NCCN4CCCCC4)OC(CO)C2O3)cc1
HDAC1,Ours,0.81,C=1C(C(OC)=O)=CC=C(N)C1NC(C=2C=CC(=CC2)NC(=O)C)=O,CC(C)(C)c1ccc(C(=O)Nc2ccc(C(=O)O)cc2)cc1
HDAC1,Ours,0.81,C=1(C=CC(C(NC2=CC=CC=C2N)=O)=CC1)CN3C(C4=C(N(C3=O)CCN5CCOCC5)C=CC=C4)=O,CC1CCCCOC(CN(C)Cc2ccc(C(F)(F)F)cc2)C(C)CN(C(C)CO)C(=O)c2cc(NC(=O)Nc3ccc(C(F)(F)F)cc3)ccc2O1
HDAC1,Ours,0.81,C=1(C(=C(C)N=CC1CO)O)CNC=2C=CC(OCCCCCCC(=O)NO)=CC2F,CCNCCCNC(=O)CC1CCC(NC(=O)c2ccccc2F)C(CO)O1
HDAC1,Ours,0.81,C1=CC(C=2NC([C@@H](NC(=O)CC3=C(NC4=C3C=C(C=C4)OC)C)CCCCCC(NS(C)(=O)=O)=O)=NC2)=CC=5C1=CC=CC5,Cc1ccccc1S(=O)(=O)Nc1ccc2c(c1)C(=O)N(C)C1CCC(CC(=O)N(C)C)OC1CO2
HDAC1,Ours,0.81,C1(=CSC(=N1)C=2C=CC(=CC2)OCCN(C)C)[C@@H](NC(=O)OCC=3C=CC=CC3)CCCCNS(N)(=O)=O,CC1CN(C(C)CO)S(=O)(=O)c2ccc(-c3ccc(C(=O)N(C)C)cc3)cc2OC1CN(C)C(=O)c1cccnc1
HDAC1,Ours,0.81,C(C=1C2=C(NC1)C=CC=C2)CN3C([C@@H](NC([C@@H](N(C(CCN(C(C3)=O)CC(C)C)=O)C)C)=O)CCCCCC(CC)=O)=O,CC1CN(C(C)CO)C(=O)c2c(c3ccccc3n2C)-c2ccccc2COC1CN(C)C(=O)NC1CCCCC1
HDAC1,Ours,0.81,C(C=1C2=C(NC1)C=CC=C2)CN3C([C@@H](NC([C@@H](N(C(CCN(C(C3)=O)CC(C)C)=O)C)C)=O)CCCCCC(CC)=O)=O,CC1CN(C(C)CO)C(=O)c2c(c3ccccc3n2C)-c2ccccc2COC1CN(C)C(=O)CCC(F)(F)F
HDAC1,Ours,0.81,C(C(=O)NCC=1C=CC(=CC1)C(O)=O)CCCCCC(NCCCNCCCCNCC(C2=CC=CC=C2)C3=CC=CC=C3)=O,CC(C)(C)c1ccc(C(=O)Nc2cccc(C(=O)NCCCNCCCNC(=O)CCC(=O)O)c2)cc1
HDAC1,Ours,0.8,O=C(N[C@@H](CCCCCC(=O)C)C1=NC(=CN1)C=2C=CC=CC2)C3=CC=4OCCOC4C=C3,CNC(=O)CC1CC2c3cc(NC(=O)Nc4ccc(F)cc4)ccc3OC2C(CO)O1
HDAC1,Ours,0.8,O1CCN(CC=2C=3C=4C(C(=O)N(CCCCCC(=O)NC=5C(N)=CC=CC5)C(=O)C4C=CC3)=CC2O)CC1,NC(=O)C1COC(CO)C(NC(=O)c2cccnc2)C1
HDAC1,Ours,0.8,O1CCN(CC=2C=3C=4C(C(=O)N(CCCCCC(=O)NC=5C(N)=CC=CC5)C(=O)C4C=CC3)=CC2O)CC1,CCCCCC(=O)Nc1ccc2c(c1)CC(=O)N(C(C)CO)CC(C)C(CN(C)Cc1ccc(C(F)(F)F)cc1)O2
HDAC1,Ours,0.8,O1CCN(CC=2C=3C=4C(C(=O)N(CCCCCC(=O)NC=5C(N)=CC=CC5)C(=O)C4C=CC3)=CC2O)CC1,CC1CCCCOC(CN(C)C(=O)c2ccncc2)C(C)CN(C(C)CO)C(=O)c2cc(NC(=O)c3ccncc3)ccc2O1
HDAC1,Ours,0.8,N(C=1C(N)=CC=CC1)C(=O)CCCCCCC(=O)C=2C=CC=CC2,CCCCCCCCCCCCCCCCCCCCCCC(=O)Nc1ccc(C(=O)Nc2ccccc2C)cc1
HDAC1,Ours,0.8,C=1C=C(/C=C/C(NC2=C(C=CC=C2)N)=O)C=CC1C(C(NC3=CC=C(C=C3)C(F)(F)F)=O)NCCN4CCOCC4,CN(C)C(=O)CC1C=CC(NC(=O)Nc2cc(F)ccc2F)C(CO)O1
HDAC1,Ours,0.8,C=1(NC=2C=CC=CC2C1CCNC([C@@H](NC(C3CN(C)CC3)=O)CCCCCC(=O)C)=O)C4=CC=CC=C4,CC1CN(C(C)CO)C(=O)c2c(c3ccccc3n2C)-c2ccccc2COC1CN(C)Cc1cccc(C(F)(F)F)c1
HDAC1,Ours,0.8,C=1(NC=2C=CC=CC2C1CCNC([C@@H](NC(C3CN(C)CC3)=O)CCCCCC(=O)C)=O)C4=CC=CC=C4,CC1CN(C(C)CO)C(=O)c2c(c3ccccc3n2C)-c2ccccc2COC1CN(C)CC1CCCCC1
HDAC1,Ours,0.8,C=1(NC2=CC=CC=C2C1CCNC([C@@H](NC(C3CN(CCC3)C)=O)CCCCCC(=O)C)=O)C=4C=CC=CC4,CC1CN(C(C)CO)C(=O)c2c(c3ccccc3n2C)-c2ccccc2COC1CN(C)C(=O)CCN1CCOCC1
HDAC1,Ours,0.8,C=1(NC2=CC=CC=C2C1CCNC([C@@H](NC(C3CN(CCC3)C)=O)CCCCCC(=O)C)=O)C=4C=CC=CC4,CC1CN(C(C)CO)C(=O)c2c(c3ccccc3n2C)-c2ccccc2COC1CN(C)C(=O)CCN1CCOCC1
HDAC1,Ours,0.8,C=1(NC2=CC=CC=C2C1CCNC([C@@H](NC(C3CN(CCC3)C)=O)CCCCCC(=O)C)=O)C=4C=CC=CC4,CC1CN(C(C)CO)C(=O)c2c(c3ccccc3n2C)-c2ccccc2COC1CN(C)C(=O)CCN1CCOCC1
HDAC1,Ours,0.8,C=1(C=CC(C(NC2=CC=CC=C2N)=O)=CC1)CN3C(C4=C(N(C3=O)CCN5CCOCC5)C=CC=C4)=O,CC1CN(C(C)CO)C(=O)Cc2cc(NC(=O)Nc3ccccc3)ccc2OC1CN(C)Cc1ccc(Cl)c(Cl)c1
HDAC1,Ours,0.8,C=1(C(=C(C)N=CC1CO)O)CNC=2C=CC(OCCCCCCC(=O)NO)=CC2F,COc1cccc(NC(=O)NC2CCC(CC(=O)NCc3cccc(F)c3)OC2CO)c1
HDAC1,Ours,0.8,C1=CC(C(CSC(CCC)=S)=O)=CC=C1OC,CCCCCCCCCCCCCCCCCCCCCCCCCCCCCCCCCCCCCCCCCCCCCCCCCCCCCCCCCCCCCCCCCCCCCCCCCCCCCCCCCCCCCCCCCCCCCCCCCCCCC
HDAC1,Ours,0.8,C1=CC(=CC=2C1=CC=CC2)C3=CNC(=N3)[C@@H](NC(=O)C4CCN(CC4)C)CCCCCC(=O)O,CC(NC(=O)c1cc2c(c(-c3cccc(-c4cccnc4)c3)n1)CN(C(=O)c1ccccn1)CC2)C(=O)O
HDAC1,Ours,0.8,C(CCCCC(NCCCNCCCCNCCC(C1=CC=CC=C1)C2=CC=CC=C2)=O)(=O)NCC=3C=CC(=CC3)C(NC4=CC=CC=C4N)=O,O=CCCNC(=O)CCCNC(=O)c1ccc(NC(=O)CCNC(=O)CCCNC(=O)c2ccc(NC(=O)CCNC(=O)CCCNC(=O)CCCNC(=O)c3ccccc3NC(=O)c3ccc(NC(=O)c4ccc(NC(=O)CO)cc4)cc3)cc2)cc1
HDAC1,Ours,0.8,C(C=1C2=C(NC1)C=CC=C2)CN3C([C@@H](NC([C@@H](N(C(CCN(C(C3)=O)CC(C)C)=O)C)C)=O)CCCCCC(CC)=O)=O,CC1CN(C(C)CO)C(=O)c2c(c3ccccc3n2C)-c2ccccc2COC1CN(C)C(=O)C1CCCCC1
HDAC1,Ours,0.8,C(=O)(NCC=1C=CC(=CC1)C(=O)NC=2C=C(C=CC2N)C3=CC=CC=C3)CCC,CCCCCCCCCCCCCCCCCCCC(=O)NCCCCCCCCCCCC(=O)Nc1ccc(C(=O)Nc2ccccc2C)cc1
HDAC1,Ours,0.8,C(=O)(NCC=1C=CC(=CC1)C(=O)NC=2C=C(C=CC2N)C3=CC=CC=C3)CCC,CCCCCCCCCCCCCCCCCCCC(=O)NCCCCCCCCCCCC(=O)Nc1ccc(C(=O)Nc2ccccc2C)cc1
HDAC1,Ours,0.8,C(=O)(NCC=1C=CC(=CC1)C(=O)NC=2C=C(C=CC2N)C3=CC=CC=C3)CCC,CCCCCCCCCCCCCCCCCCCC(=O)NCCCCCCCCCCCC(=O)Nc1ccc(C(=O)Nc2ccccc2C)cc1
HDAC1,Ours,0.79,S(=O)(=O)(NCCCC[C@H](NC(=O)CC=1C=2C(NC1C)=CC=C(OC)C2)C(=O)NC=3SC=C(N3)C4=CC=CC=C4)N,CC1CCCCOC(CN(C)Cc2ccccc2C(F)(F)F)C(C)CN(C(C)CO)C(=O)c2cc(NS(=O)(=O)c3cccs3)ccc2O1
HDAC1,Ours,0.79,S(=O)(=O)(NCCCC[C@H](NC(=O)CC=1C=2C(NC1C)=CC=C(OC)C2)C(=O)NC=3SC=C(N3)C4=CC=CC=C4)N,CC(C)NC(=O)Nc1ccc2c(c1)OC(CN(C)CC1CCOCC1)C(C)CN(C(C)CO)S2(=O)=O
HDAC1,Ours,0.79,O1C[C@H]2[C@@H]([C@@H](C=3C([C@H]2NC4=CC=C(NC(=O)CCCCCCC(=O)NO)C=C4)=CC=5OCOC5C3)C6=CC(OC)=C(O)C(OC)=C6)C1=O,COc1ccccc1C(=O)Nc1ccc2c(c1)C1CC(CC(=O)NCCc3ccccc3)OC(CO)C1O2
HDAC1,Ours,0.79,O1C[C@H]2[C@@H]([C@@H](C=3C([C@H]2NC4=CC=C(NC(=O)CCCCCCC(=O)NO)C=C4)=CC=5OCOC5C3)C6=CC(OC)=C(O)C(OC)=C6)C1=O,COc1ccccc1C(=O)Nc1ccc2c(c1)C1CC(CC(=O)NCCc3ccccc3)OC(CO)C1O2
HDAC1,Ours,0.79,O1CCN(CC=2C=3C=4C(C(=O)N(CCCCCC(=O)NC=5C(N)=CC=CC5)C(=O)C4C=CC3)=CC2O)CC1,CC1CN(C(C)CO)C(=O)c2cc(NC(=O)CCN3CCOCC3)ccc2OC1CN(C)Cc1ccc(C(F)(F)F)cc1
HDAC1,Ours,0.79,O1CCN(CC=2C=3C=4C(C(=O)N(CCCCCC(=O)NC=5C(N)=CC=CC5)C(=O)C4C=CC3)=CC2O)CC1,CC1CN(C(C)CO)C(=O)c2cc(NC(=O)CCN3CCOCC3)ccc2OC1CN(C)Cc1ccc(C(F)(F)F)cc1
HDAC1,Ours,0.79,O1CCN(CC=2C=3C=4C(C(=O)N(CCCCCC(=O)NC=5C(N)=CC=CC5)C(=O)C4C=CC3)=CC2O)CC1,CC1CN(C(C)CO)C(=O)c2cc(NC(=O)CCN3CCOCC3)ccc2OC1CN(C)Cc1ccc(C(F)(F)F)cc1
HDAC1,Ours,0.79,O1CCN(CC=2C=3C=4C(C(=O)N(CCCCCC(=O)NC=5C(N)=CC=CC5)C(=O)C4C=CC3)=CC2O)CC1,CC1CN(C(C)CO)C(=O)c2cc(NC(=O)CCN3CCOCC3)ccc2OC1CN(C)Cc1ccc(C(F)(F)F)cc1
HDAC1,Ours,0.79,O1CCN(CC=2C=3C=4C(C(=O)N(CCCCCC(=O)NC=5C(N)=CC=CC5)C(=O)C4C=CC3)=CC2O)CC1,CC1CCCCOC(CN(C)Cc2cccnc2)C(C)CN(C(C)CO)C(=O)c2cc(NC(=O)c3ccncc3)ccc2O1
HDAC1,Ours,0.79,O1CCN(CC=2C=3C=4C(C(=O)N(CCCCCC(=O)NC=5C(N)=CC=CC5)C(=O)C4C=CC3)=CC2O)CC1,CC1CCCCOC(CN(C)Cc2cccnc2)C(C)CN(C(C)CO)C(=O)c2cc(NC(=O)c3cccnc3)ccc2O1
HDAC1,Ours,0.79,O1CCN(CC=2C=3C=4C(C(=O)N(CCCCCC(=O)NC=5C(N)=CC=CC5)C(=O)C4C=CC3)=CC2O)CC1,CC1CCCCOC(CN(C)Cc2ccccn2)C(C)CN(C(C)CO)C(=O)c2cc(NC(=O)CCC(F)(F)F)ccc2O1
HDAC1,Ours,0.79,ClC=1C=C(CN2CCC2)C=NC1C=3C=CC(=CC3)C(=O)NC4=C(N)C=CC=C4,O=C(NCCCN1CCN(c2ccc(Cl)cc2)CC1)c1ccc(Cl)cc1
HDAC1,Ours,0.79,CC(=O)CCCCC[C@H](NC(=O)CCN1CCCCC1)C(=O)NC2=CN=C3C=CC=CC3=C2,CCCCCCCCCCCCCCCC(=O)Nc1cccc(C(=O)NCCCN2CCOCC2)c1
HDAC1,Ours,0.79,C=1C=C(C=NC1N2C[C@@H](N(CC2)C(NCC3=CC=C(C=C3)OC)=O)C)C(NC=4C(=CC=CC4)N)=O,CCCNC(=O)N1CC(C)C(OC)CN(C)C(=O)c2cc(NC(=O)c3cccnc3)ccc2OCC1C
HDAC1,Ours,0.79,C=1C=C(C=NC1N2C[C@@H](N(CC2)C(NCC3=CC=C(C=C3)OC)=O)C)C(NC=4C(=CC=CC4)N)=O,CCCNC(=O)N1CC(C)C(OC)CN(C)C(=O)c2cc(NC(=O)c3cccnc3)ccc2OCC1C
HDAC1,Ours,0.79,C=1(C=CC(C(NC2=CC=CC=C2N)=O)=CC1)CN3C(C4=C(N(C3=O)CCN5CCOCC5)C=CC=C4)=O,COC1CN(C)C(=O)c2cc(NC(=O)NC(C)C)ccc2OCC(C)N(Cc2ccccn2)CC1C
HDAC1,Ours,0.79,C=1(C=CC(C(NC2=CC=CC=C2N)=O)=CC1)CN3C(C4=C(N(C3=O)CCN5CCOCC5)C=CC=C4)=O,CC(C)NC(=O)Nc1ccc2c(c1)CC(=O)N(C(C)CO)CC(C)C(CN(C)CC1CCCCC1)O2
HDAC1,Ours,0.79,C1(=CSC(=N1)C=2C=CC(=CC2)OCCN(C)C)[C@@H](NC(=O)OCC=3C=CC=CC3)CCCCNS(N)(=O)=O,CC1CN(C(C)CO)S(=O)(=O)c2ccc(-c3ccc(C(=O)N(C)C)cc3)cc2OC1CN(C)C(=O)c1cccnc1
HDAC1,Ours,0.79,C1(=CC=CC=C1N)NC(C2=CC=C(C=C2)CNC3=NC=NC(=C3)OC)=O,COc1ccc(CNc2ncnc3ccc(-c4cccnc4)cc23)cc1
HDAC1,Ours,0.79,C(C=1C2=C(NC1)C=CC=C2)CN3C([C@@H](NC([C@@H](N(C(CCN(C(C3)=O)CC(C)C)=O)C)C)=O)CCCCCC(CC)=O)=O,CC(C)NC(=O)N(C)CC1OCc2ccccc2-c2c(n(C)c3ccccc23)C(=O)N(C(C)CO)CC1C
HDAC1,Ours,0.78,S(=O)(=O)(NCCCC[C@H](NC(=O)CC=1C=2C(NC1C)=CC=C(OC)C2)C(=O)NC=3SC=C(N3)C4=CC=CC=C4)N,CC(C)NC(=O)Nc1ccc2c(c1)OC(CN(C)CC1CC1)C(C)CN(C(C)CO)S2(=O)=O
HDAC1,Ours,0.78,O1CCN(CC=2C=3C=4C(C(=O)N(CCCCCC(=O)NC=5C(N)=CC=CC5)C(=O)C4C=CC3)=CC2O)CC1,COc1ccc(CN(C)CC2OCc3ccccc3-c3ccccc3C(=O)N(C(C)CO)CC2C)cc1
HDAC1,Ours,0.78,O1CCN(CC=2C=3C=4C(C(=O)N(CCCCCC(=O)NC=5C(N)=CC=CC5)C(=O)C4C=CC3)=CC2O)CC1,CC1CCCCOC(CN(C)Cc2ccc(C(F)(F)F)cc2)C(C)CN(C(C)CO)C(=O)c2cc(NC(=O)CCN3CCOCC3)ccc2O1
HDAC1,Ours,0.78,N1(C(C=2C=C(O)C(=CC2C1=O)CN3CCOCC3)=O)CCCCCC(NC=4C(N)=CC=CC4)=O,COc1cccc(CNC(=O)CC2CC3c4cc(NC(=O)C5CCOCC5)ccc4OC3C(CO)O2)c1
HDAC1,Ours,0.78,N1(C(C=2C=C(O)C(=CC2C1=O)CN3CCOCC3)=O)CCCCCC(NC=4C(N)=CC=CC4)=O,COc1ccc(CNC(=O)CC2CC3c4cc(NC(=O)C5CCOCC5)ccc4OC3C(CO)O2)cc1
HDAC1,Ours,0.78,C=1C=CC(=CC1C=2N=C(SC2)NC(CCCCCCC(=NO)O)=O)NC(OC(C)(C)C)=O,CC(C)(C)CNC(=O)c1ccc(NC(=O)c2csc(NC(=O)CCCCCCNC(=O)c3ccc(NC(=O)c4ccc(C(=O)NC(C(=O)O)C(C)(C)C)cc4)cc3)n2)cc1
HDAC1,Ours,0.78,C=1(NC=2C=CC=CC2C1CCNC([C@@H](NC(C3CN(C)CC3)=O)CCCCCC(=O)C)=O)C4=CC=CC=C4,CC1CN(C(C)CO)C(=O)c2c(c3ccccc3n2C)-c2ccccc2COC1CN(C)CC1CCCCC1
HDAC1,Ours,0.78,C=1(NC=2C=CC=CC2C1CCNC([C@@H](NC(C3CN(C)CC3)=O)CCCCCC(=O)C)=O)C4=CC=CC=C4,CC1CN(C(C)CO)C(=O)c2c(c3ccccc3n2C)-c2ccccc2COC1CN(C)CC1CCCCC1
HDAC1,Ours,0.78,C=1(NC=2C=CC=CC2C1CCNC([C@@H](NC(C3CN(C)CC3)=O)CCCCCC(=O)C)=O)C4=CC=CC=C4,CC1CN(C(C)CO)C(=O)c2c(c3ccccc3n2C)-c2ccccc2COC1CN(C)CC1CCCCC1
HDAC1,Ours,0.78,C=1(C=CC(C(NC2=CC=CC=C2N)=O)=CC1)CN3C(C4=C(N(C3=O)CCN5CCOCC5)C=CC=C4)=O,CCC(=O)N1CC(C)C(OC)CN(C)C(=O)c2cc(NC(=O)NC(C)C)ccc2OCC1C
HDAC1,Ours,0.78,C=1(C=CC(C(NC2=CC=CC=C2N)=O)=CC1)CN3C(C4=C(N(C3=O)CCN5CCOCC5)C=CC=C4)=O,CC(C)NC(=O)Nc1ccc2c(c1)CC(=O)N(C(C)CO)CC(C)C(CN(C)Cc1ccc(C(F)(F)F)cc1)O2
HDAC1,Ours,0.78,C(CNC([C@H](CCCNC(=N)N)N)=O)(=O)N[C@H](C(NC1=CC=CC=C1N)=O)CCCCCC(NC2=CC=CC=C2N)=O,CCCCCC(=O)OC(CCC(=O)O)C(=O)NC(CCCNC(=N)N)C(=O)NC(CCCNC(=N)N)C(=O)NC(CCCNC(=N)N)C(=O)NCCC
HDAC1,Ours,0.78,C(C=1C2=C(NC1)C=CC=C2)CN3C([C@@H](NC([C@@H](N(C(CCN(C(C3)=O)CC(C)C)=O)C)C)=O)CCCCCC(CC)=O)=O,CC1CN(C(C)CO)C(=O)c2c(c3ccccc3n2C)-c2ccccc2COC1CN(C)C(=O)Nc1ccc(C(F)(F)F)cc1
HDAC1,Ours,0.78,C(C=1C2=C(NC1)C=CC=C2)CN3C([C@@H](NC([C@@H](N(C(CCN(C(C3)=O)CC(C)C)=O)C)C)=O)CCCCCC(CC)=O)=O,CC1CN(C(C)CO)C(=O)CCCn2nncc2COC1CN(C)C(=O)c1cccnc1
HDAC1,Ours,0.78,C(C=1C2=C(NC1)C=CC=C2)CN3C([C@@H](NC([C@@H](N(C(CCN(C(C3)=O)CC(C)C)=O)C)C)=O)CCCCCC(CC)=O)=O,CC(NC(=O)N(C)CC1OCc2ccccc2-c2c(n(C)c3ccccc23)C(=O)N(C(C)CO)CC1C)c1ccccc1
HDAC1,Ours,0.77,O1CCN(CC=2C=3C=4C(C(=O)N(CCCCCC(=O)NC=5C(N)=CC=CC5)C(=O)C4C=CC3)=CC2O)CC1,COc1cccc(NC(=O)N(C)CC2OCCCCC(C)Oc3ccc(NC(=O)CCCN(C)C)cc3C(=O)N(C(C)CO)CC2C)c1
HDAC1,Ours,0.77,O1CCN(CC=2C=3C=4C(C(=O)N(CCCCCC(=O)NC=5C(N)=CC=CC5)C(=O)C4C=CC3)=CC2O)CC1,COc1ccc(CN(C)CC2Oc3ccc(NC(=O)Cc4ccccc4)cc3C(=O)N(C(C)CO)CC2C)cc1
HDAC1,Ours,0.77,O1CCN(CC=2C=3C=4C(C(=O)N(CCCCCC(=O)NC=5C(N)=CC=CC5)C(=O)C4C=CC3)=CC2O)CC1,CC1CCCCOC(CN(C)C(=O)NC2CCCCC2)C(C)CN(C(C)CO)C(=O)c2cc(N(C)C)ccc2O1
HDAC1,Ours,0.77,N1(C(C=2C=C(O)C(=CC2C1=O)CN3CCOCC3)=O)CCCCCC(NC=4C(N)=CC=CC4)=O,COc1ccc(CNC(=O)CC2CC3c4cc(NC(=O)Cc5ccncc5)ccc4OC3C(CO)O2)cc1
HDAC1,Ours,0.77,N1(C(C=2C=C(O)C(=CC2C1=O)CN3CCOCC3)=O)CCCCCC(NC=4C(N)=CC=CC4)=O,COc1ccc(CNC(=O)CC2CC3c4cc(NC(=O)CN(C)C)ccc4OC3C(CO)O2)cc1
HDAC1,Ours,0.77,C=1C=C(C=NC1N2C[C@@H](N(CC2)C(NCC3=CC=C(C=C3)OC)=O)C)C(NC=4C(=CC=CC4)N)=O,CCCNC(=O)Nc1ccc2c(c1)C(=O)N(C)CC(OC)C(C)CN(C(=O)c1ccccn1)C(C)CO2
HDAC1,Ours,0.77,C=1(NC2=CC=CC=C2C1CCNC([C@@H](NC(C3CN(CCC3)C)=O)CCCCCC(=O)C)=O)C=4C=CC=CC4,CC1CN(C(C)CO)C(=O)c2c(c3ccccc3n2C)-c2ccccc2COC1CN(C)C(=O)c1cccnc1
HDAC1,Ours,0.77,C=1(C=CC(C(NC2=CC=CC=C2N)=O)=CC1)CN3C(C4=C(N(C3=O)CCN5CCOCC5)C=CC=C4)=O,COC1CN(C)C(=O)c2cc(NC(=O)NC(C)C)ccc2OCC(C)N(Cc2ccccn2)CC1C
HDAC1,Ours,0.77,C=1(C=CC(C(NC2=CC=CC=C2N)=O)=CC1)CN3C(C4=C(N(C3=O)CCN5CCOCC5)C=CC=C4)=O,COC1CN(C)C(=O)c2cc(NC(=O)NC(C)C)ccc2OCC(C)N(CC2CCOCC2)CC1C
HDAC1,Ours,0.77,C=1(C=CC(C(NC2=CC=CC=C2N)=O)=CC1)CN3C(C4=C(N(C3=O)CCN5CCOCC5)C=CC=C4)=O,CC(C)NC(=O)Nc1ccc2c(c1)CC(=O)N(C(C)CO)CC(C)C(CN(C)Cc1ccc(C(F)(F)F)cc1)O2
HDAC1,Ours,0.77,C([C@@H](NC(OC(C)(C)C)=O)CCCCCS)(NC1CCCCC1)=O,CC(C)(C)NC(=O)c1ccc(NC(=O)C(NC(=O)CCC(C)(C)C(=O)O)C(C)(C)C)cc1
HDAC1,Ours,0.77,C(C=1C2=C(NC1)C=CC=C2)CN3C([C@@H](NC([C@@H](N(C(CCN(C(C3)=O)CC(C)C)=O)C)C)=O)CCCCCC(CC)=O)=O,CC1CN(C(C)CO)C(=O)c2ccccc2-c2ccccc2COC1CN(C)C(=O)CCC(F)(F)F
HDAC1,Ours,0.77,C(C=1C2=C(NC1)C=CC=C2)CN3C([C@@H](NC([C@@H](N(C(CCN(C(C3)=O)CC(C)C)=O)C)C)=O)CCCCCC(CC)=O)=O,CC1CN(C(C)CO)C(=O)c2c(c3ccccc3n2C)-c2ccccc2COC1CN(C)Cc1ccc(C(=O)O)cc1
HDAC1,Ours,0.76,O1CCN(CC=2C=3C=4C(C(=O)N(CCCCCC(=O)NC=5C(N)=CC=CC5)C(=O)C4C=CC3)=CC2O)CC1,CCCC(=O)Nc1ccc2c(c1)C(=O)N(C)CC(OC)C(C)CN(C(=O)c1ccccc1)C(C)CO2
HDAC1,Ours,0.76,C(C=1C2=C(NC1)C=CC=C2)CN3C([C@@H](NC([C@@H](N(C(CCN(C(C3)=O)CC(C)C)=O)C)C)=O)CCCCCC(CC)=O)=O,CC1CN(C(C)CO)C(=O)CCCn2nncc2COC1CN(C)C(=O)CCC(F)(F)F
HDAC1,Ours,0.74,C(C=1C2=C(NC1)C=CC=C2)CN3C([C@@H](NC([C@@H](N(C(CCN(C(C3)=O)CC(C)C)=O)C)C)=O)CCCCCC(CC)=O)=O,CC1CN(C(C)CO)C(=O)c2c(c3ccccc3n2C)-c2ccccc2COC1CN(C)C(=O)CCC(F)(F)F
MTOR,Cosine Search,0.62,S1C=2C(N=C1SCC(=O)N(C3=CC=CC=C3)C)=CC=C(NC(=O)CCC4=CC=CC=C4)C2,CNC(=O)CCc1cc2ccccc2[nH]1
MTOR,Cosine Search,0.62,S1C=2C(N=C1SCC(=O)N(C3=CC=CC=C3)C)=CC=C(NC(=O)CCC4=CC=CC=C4)C2,CNC(=O)CCc1cc2ccccc2[nH]1
MTOR,Cosine Search,0.62,S1C=2C(N=C1SCC(=O)N(C3=CC=CC=C3)C)=CC=C(NC(=O)CCC4=CC=CC=C4)C2,CNC(=O)CCc1cc2ccccc2[nH]1
MTOR,Cosine Search,0.62,S1C=2C(N=C1SCC(=O)N(C3=CC=CC=C3)C)=CC=C(NC(=O)CCC4=CC=CC=C4)C2,CNC(=O)CCc1cc2ccccc2[nH]1
MTOR,Cosine Search,0.66,S(C1=NC=2N(C3=C(C2N=N1)C=CC=C3)C(C)C)CC(=O)NC=4C(OC)=CC=CC4,Nn1c(=O)c(Cc2ccco2)n[nH]c1=S
MTOR,Cosine Search,0.73,O=C(NC1=C2N=C(C=CC2=CC=C1)C)C3=C4C(=CC=C3)C=CC=C4,Cc1ccc(cc1)C(=O)/N=c2/cccc[nH]2
MTOR,Cosine Search,0.62,S1C=2C(N=C1SCC(=O)N(C3=CC=CC=C3)C)=CC=C(NC(=O)CCC4=CC=CC=C4)C2,CNC(=O)CCc1cc2ccccc2[nH]1
MTOR,Cosine Search,0.77,FC(F)(F)C=1C2=C(N(C(=O)C1)CC(=O)N3CCC(CC3)C)N(N=C2C)C,C[C@@H](CO)N1C[C@H](C)[C@@H](CN(C)C(=O)CCC(F)(F)F)OCc2ccccc2-c3c(C1=O)n(C)c4ccccc34
MTOR,Cosine Search,0.62,S1C=2C(N=C1SCC(=O)N(C3=CC=CC=C3)C)=CC=C(NC(=O)CCC4=CC=CC=C4)C2,CNC(=O)CCc1cc2ccccc2[nH]1
MTOR,Cosine Search,0.62,S1C=2C(N=C1SCC(=O)N(C3=CC=CC=C3)C)=CC=C(NC(=O)CCC4=CC=CC=C4)C2,CNC(=O)CCc1cc2ccccc2[nH]1
MTOR,Cosine Search,0.62,S1C=2C(N=C1SCC(=O)N(C3=CC=CC=C3)C)=CC=C(NC(=O)CCC4=CC=CC=C4)C2,CNC(=O)CCc1cc2ccccc2[nH]1
MTOR,Cosine Search,0.62,S1C=2C(N=C1SCC(=O)N(C3=CC=CC=C3)C)=CC=C(NC(=O)CCC4=CC=CC=C4)C2,CNC(=O)CCc1cc2ccccc2[nH]1
MTOR,Cosine Search,0.66,S(C1=NC=2N(C3=C(C2N=N1)C=CC=C3)C(C)C)CC(=O)NC=4C(OC)=CC=CC4,Nn1c(=O)c(Cc2ccco2)n[nH]c1=S
MTOR,Cosine Search,0.62,S1C=2C(N=C1SCC(=O)N(C3=CC=CC=C3)C)=CC=C(NC(=O)CCC4=CC=CC=C4)C2,CNC(=O)CCc1cc2ccccc2[nH]1
MTOR,Cosine Search,0.62,S1C=2C(N=C1SCC(=O)N(C3=CC=CC=C3)C)=CC=C(NC(=O)CCC4=CC=CC=C4)C2,CNC(=O)CCc1cc2ccccc2[nH]1
MTOR,Cosine Search,0.62,S1C=2C(N=C1SCC(=O)N(C3=CC=CC=C3)C)=CC=C(NC(=O)CCC4=CC=CC=C4)C2,CNC(=O)CCc1cc2ccccc2[nH]1
MTOR,Cosine Search,0.61,O(C=1C(NC2=C3CCCCC3=NC4=C2C=C(NC(=O)/C=C/C5=CC=C(OC)C=C5)C=C4)=CC=CC1)C,CC=C1/[C@H]2Cc3[nH]c(=O)ccc3[C@]1(N)CC(C)=C2
MTOR,Cosine Search,0.62,S1C=2C(N=C1SCC(=O)N(C3=CC=CC=C3)C)=CC=C(NC(=O)CCC4=CC=CC=C4)C2,CNC(=O)CCc1cc2ccccc2[nH]1
MTOR,Cosine Search,0.62,S1C=2C(N=C1SCC(=O)N(C3=CC=CC=C3)C)=CC=C(NC(=O)CCC4=CC=CC=C4)C2,CNC(=O)CCc1cc2ccccc2[nH]1
MTOR,Cosine Search,0.61,O(C=1C(NC2=C3CCCCC3=NC4=C2C=C(NC(=O)/C=C/C5=CC=C(OC)C=C5)C=C4)=CC=CC1)C,CC=C1/[C@H]2Cc3[nH]c(=O)ccc3[C@]1(N)CC(C)=C2
MTOR,Cosine Search,0.73,O=C(NC1=C2N=C(C=CC2=CC=C1)C)C3=C4C(=CC=C3)C=CC=C4,Cc1ccc(cc1)C(=O)/N=c2/cccc[nH]2
MTOR,Cosine Search,0.62,S1C=2C(N=C1SCC(=O)N(C3=CC=CC=C3)C)=CC=C(NC(=O)CCC4=CC=CC=C4)C2,CNC(=O)CCc1cc2ccccc2[nH]1
MTOR,Cosine Search,0.73,O=C(NC1=C2N=C(C=CC2=CC=C1)C)C3=C4C(=CC=C3)C=CC=C4,Cc1ccc(cc1)C(=O)/N=c2/cccc[nH]2
MTOR,Cosine Search,0.62,S1C=2C(N=C1SCC(=O)N(C3=CC=CC=C3)C)=CC=C(NC(=O)CCC4=CC=CC=C4)C2,CNC(=O)CCc1cc2ccccc2[nH]1
MTOR,Cosine Search,0.62,S1C=2C(N=C1SCC(=O)N(C3=CC=CC=C3)C)=CC=C(NC(=O)CCC4=CC=CC=C4)C2,CNC(=O)CCc1cc2ccccc2[nH]1
MTOR,Cosine Search,0.62,S1C=2C(N=C1SCC(=O)N(C3=CC=CC=C3)C)=CC=C(NC(=O)CCC4=CC=CC=C4)C2,CNC(=O)CCc1cc2ccccc2[nH]1
MTOR,Cosine Search,0.62,S1C=2C(N=C1SCC(=O)N(C3=CC=CC=C3)C)=CC=C(NC(=O)CCC4=CC=CC=C4)C2,CNC(=O)CCc1cc2ccccc2[nH]1
MTOR,Cosine Search,0.66,S(C1=NC=2N(C3=C(C2N=N1)C=CC=C3)C(C)C)CC(=O)NC=4C(OC)=CC=CC4,Nn1c(=O)c(Cc2ccco2)n[nH]c1=S
MTOR,Cosine Search,0.73,O=C(NC1=C2N=C(C=CC2=CC=C1)C)C3=C4C(=CC=C3)C=CC=C4,Cc1ccc(cc1)C(=O)/N=c2/cccc[nH]2
MTOR,Cosine Search,0.66,S(C1=NC=2N(C3=C(C2N=N1)C=CC=C3)C(C)C)CC(=O)NC=4C(OC)=CC=CC4,Nn1c(=O)c(Cc2ccco2)n[nH]c1=S
MTOR,Cosine Search,0.73,O=C(NC1=C2N=C(C=CC2=CC=C1)C)C3=C4C(=CC=C3)C=CC=C4,Cc1ccc(cc1)C(=O)/N=c2/cccc[nH]2
MTOR,Cosine Search,0.62,S1C=2C(N=C1SCC(=O)N(C3=CC=CC=C3)C)=CC=C(NC(=O)CCC4=CC=CC=C4)C2,CNC(=O)CCc1cc2ccccc2[nH]1
MTOR,Cosine Search,0.61,O(C=1C(NC2=C3CCCCC3=NC4=C2C=C(NC(=O)/C=C/C5=CC=C(OC)C=C5)C=C4)=CC=CC1)C,CC=C1/[C@H]2Cc3[nH]c(=O)ccc3[C@]1(N)CC(C)=C2
MTOR,Cosine Search,0.66,S(C1=NC=2N(C3=C(C2N=N1)C=CC=C3)C(C)C)CC(=O)NC=4C(OC)=CC=CC4,Nn1c(=O)c(Cc2ccco2)n[nH]c1=S
MTOR,Cosine Search,0.61,O(C=1C(NC2=C3CCCCC3=NC4=C2C=C(NC(=O)/C=C/C5=CC=C(OC)C=C5)C=C4)=CC=CC1)C,CC=C1/[C@H]2Cc3[nH]c(=O)ccc3[C@]1(N)CC(C)=C2
MTOR,Cosine Search,0.66,S(C1=NC=2N(C3=C(C2N=N1)C=CC=C3)C(C)C)CC(=O)NC=4C(OC)=CC=CC4,Nn1c(=O)c(Cc2ccco2)n[nH]c1=S
MTOR,Cosine Search,0.66,S(C1=NC=2N(C3=C(C2N=N1)C=CC=C3)C(C)C)CC(=O)NC=4C(OC)=CC=CC4,Nn1c(=O)c(Cc2ccco2)n[nH]c1=S
MTOR,Cosine Search,0.62,S1C=2C(N=C1SCC(=O)N(C3=CC=CC=C3)C)=CC=C(NC(=O)CCC4=CC=CC=C4)C2,CNC(=O)CCc1cc2ccccc2[nH]1
MTOR,Cosine Search,0.62,S1C=2C(N=C1SCC(=O)N(C3=CC=CC=C3)C)=CC=C(NC(=O)CCC4=CC=CC=C4)C2,CNC(=O)CCc1cc2ccccc2[nH]1
MTOR,Cosine Search,0.66,S(C1=NC=2N(C3=C(C2N=N1)C=CC=C3)C(C)C)CC(=O)NC=4C(OC)=CC=CC4,Nn1c(=O)c(Cc2ccco2)n[nH]c1=S
MTOR,Cosine Search,0.66,S(C1=NC=2N(C3=C(C2N=N1)C=CC=C3)C(C)C)CC(=O)NC=4C(OC)=CC=CC4,Nn1c(=O)c(Cc2ccco2)n[nH]c1=S
MTOR,Cosine Search,0.61,O(C=1C(NC2=C3CCCCC3=NC4=C2C=C(NC(=O)/C=C/C5=CC=C(OC)C=C5)C=C4)=CC=CC1)C,CC=C1/[C@H]2Cc3[nH]c(=O)ccc3[C@]1(N)CC(C)=C2
MTOR,Cosine Search,0.66,S(C1=NC=2N(C3=C(C2N=N1)C=CC=C3)C(C)C)CC(=O)NC=4C(OC)=CC=CC4,Nn1c(=O)c(Cc2ccco2)n[nH]c1=S
MTOR,Cosine Search,0.62,S1C=2C(N=C1SCC(=O)N(C3=CC=CC=C3)C)=CC=C(NC(=O)CCC4=CC=CC=C4)C2,CNC(=O)CCc1cc2ccccc2[nH]1
MTOR,Cosine Search,0.62,S1C=2C(N=C1SCC(=O)N(C3=CC=CC=C3)C)=CC=C(NC(=O)CCC4=CC=CC=C4)C2,CNC(=O)CCc1cc2ccccc2[nH]1
MTOR,Cosine Search,0.62,S1C=2C(N=C1SCC(=O)N(C3=CC=CC=C3)C)=CC=C(NC(=O)CCC4=CC=CC=C4)C2,CNC(=O)CCc1cc2ccccc2[nH]1
MTOR,Cosine Search,0.66,S(C1=NC=2N(C3=C(C2N=N1)C=CC=C3)C(C)C)CC(=O)NC=4C(OC)=CC=CC4,Nn1c(=O)c(Cc2ccco2)n[nH]c1=S
MTOR,Cosine Search,0.66,S(C1=NC=2N(C3=C(C2N=N1)C=CC=C3)C(C)C)CC(=O)NC=4C(OC)=CC=CC4,Nn1c(=O)c(Cc2ccco2)n[nH]c1=S
MTOR,Cosine Search,0.62,S1C=2C(N=C1SCC(=O)N(C3=CC=CC=C3)C)=CC=C(NC(=O)CCC4=CC=CC=C4)C2,CNC(=O)CCc1cc2ccccc2[nH]1
MTOR,Cosine Search,0.66,S(C1=NC=2N(C3=C(C2N=N1)C=CC=C3)C(C)C)CC(=O)NC=4C(OC)=CC=CC4,Nn1c(=O)c(Cc2ccco2)n[nH]c1=S
MTOR,Cosine Search,0.73,O=C(NC1=C2N=C(C=CC2=CC=C1)C)C3=C4C(=CC=C3)C=CC=C4,Cc1ccc(cc1)C(=O)/N=c2/cccc[nH]2
MTOR,Cosine Search,0.66,S(C1=NC=2N(C3=C(C2N=N1)C=CC=C3)C(C)C)CC(=O)NC=4C(OC)=CC=CC4,Nn1c(=O)c(Cc2ccco2)n[nH]c1=S
MTOR,Cosine Search,0.62,S1C=2C(N=C1SCC(=O)N(C3=CC=CC=C3)C)=CC=C(NC(=O)CCC4=CC=CC=C4)C2,CNC(=O)CCc1cc2ccccc2[nH]1
MTOR,Cosine Search,0.62,S1C=2C(N=C1SCC(=O)N(C3=CC=CC=C3)C)=CC=C(NC(=O)CCC4=CC=CC=C4)C2,CNC(=O)CCc1cc2ccccc2[nH]1
MTOR,Cosine Search,0.66,S(C1=NC=2N(C3=C(C2N=N1)C=CC=C3)C(C)C)CC(=O)NC=4C(OC)=CC=CC4,Nn1c(=O)c(Cc2ccco2)n[nH]c1=S
MTOR,Cosine Search,0.62,S1C=2C(N=C1SCC(=O)N(C3=CC=CC=C3)C)=CC=C(NC(=O)CCC4=CC=CC=C4)C2,CNC(=O)CCc1cc2ccccc2[nH]1
MTOR,Cosine Search,0.61,O(C=1C(NC2=C3CCCCC3=NC4=C2C=C(NC(=O)/C=C/C5=CC=C(OC)C=C5)C=C4)=CC=CC1)C,CC=C1/[C@H]2Cc3[nH]c(=O)ccc3[C@]1(N)CC(C)=C2
MTOR,Cosine Search,0.62,S1C=2C(N=C1SCC(=O)N(C3=CC=CC=C3)C)=CC=C(NC(=O)CCC4=CC=CC=C4)C2,CNC(=O)CCc1cc2ccccc2[nH]1
MTOR,Cosine Search,0.61,O(C=1C(NC2=C3CCCCC3=NC4=C2C=C(NC(=O)/C=C/C5=CC=C(OC)C=C5)C=C4)=CC=CC1)C,CC=C1/[C@H]2Cc3[nH]c(=O)ccc3[C@]1(N)CC(C)=C2
MTOR,Cosine Search,0.66,S(C1=NC=2N(C3=C(C2N=N1)C=CC=C3)C(C)C)CC(=O)NC=4C(OC)=CC=CC4,Nn1c(=O)c(Cc2ccco2)n[nH]c1=S
MTOR,Cosine Search,0.73,O=C(NC1=C2N=C(C=CC2=CC=C1)C)C3=C4C(=CC=C3)C=CC=C4,Cc1ccc(cc1)C(=O)/N=c2/cccc[nH]2
MTOR,Cosine Search,0.73,O=C(NC1=C2N=C(C=CC2=CC=C1)C)C3=C4C(=CC=C3)C=CC=C4,Cc1ccc(cc1)C(=O)/N=c2/cccc[nH]2
MTOR,Cosine Search,0.66,S(C1=NC=2N(C3=C(C2N=N1)C=CC=C3)C(C)C)CC(=O)NC=4C(OC)=CC=CC4,Nn1c(=O)c(Cc2ccco2)n[nH]c1=S
MTOR,Cosine Search,0.73,O=C(NC1=C2N=C(C=CC2=CC=C1)C)C3=C4C(=CC=C3)C=CC=C4,Cc1ccc(cc1)C(=O)/N=c2/cccc[nH]2
MTOR,Cosine Search,0.62,S1C=2C(N=C1SCC(=O)N(C3=CC=CC=C3)C)=CC=C(NC(=O)CCC4=CC=CC=C4)C2,CNC(=O)CCc1cc2ccccc2[nH]1
MTOR,Cosine Search,0.62,S1C=2C(N=C1SCC(=O)N(C3=CC=CC=C3)C)=CC=C(NC(=O)CCC4=CC=CC=C4)C2,CNC(=O)CCc1cc2ccccc2[nH]1
MTOR,Cosine Search,0.73,O=C(NC1=C2N=C(C=CC2=CC=C1)C)C3=C4C(=CC=C3)C=CC=C4,Cc1ccc(cc1)C(=O)/N=c2/cccc[nH]2
MTOR,Cosine Search,0.66,S(C1=NC=2N(C3=C(C2N=N1)C=CC=C3)C(C)C)CC(=O)NC=4C(OC)=CC=CC4,Nn1c(=O)c(Cc2ccco2)n[nH]c1=S
MTOR,Cosine Search,0.61,O(C=1C(NC2=C3CCCCC3=NC4=C2C=C(NC(=O)/C=C/C5=CC=C(OC)C=C5)C=C4)=CC=CC1)C,CC=C1/[C@H]2Cc3[nH]c(=O)ccc3[C@]1(N)CC(C)=C2
MTOR,Cosine Search,0.62,S1C=2C(N=C1SCC(=O)N(C3=CC=CC=C3)C)=CC=C(NC(=O)CCC4=CC=CC=C4)C2,CNC(=O)CCc1cc2ccccc2[nH]1
MTOR,Cosine Search,0.73,O=C(NC1=C2N=C(C=CC2=CC=C1)C)C3=C4C(=CC=C3)C=CC=C4,Cc1ccc(cc1)C(=O)/N=c2/cccc[nH]2
MTOR,Cosine Search,0.62,S1C=2C(N=C1SCC(=O)N(C3=CC=CC=C3)C)=CC=C(NC(=O)CCC4=CC=CC=C4)C2,CNC(=O)CCc1cc2ccccc2[nH]1
MTOR,Cosine Search,0.73,O=C(NC1=C2N=C(C=CC2=CC=C1)C)C3=C4C(=CC=C3)C=CC=C4,Cc1ccc(cc1)C(=O)/N=c2/cccc[nH]2
MTOR,Cosine Search,0.62,S1C=2C(N=C1SCC(=O)N(C3=CC=CC=C3)C)=CC=C(NC(=O)CCC4=CC=CC=C4)C2,CNC(=O)CCc1cc2ccccc2[nH]1
MTOR,Cosine Search,0.77,FC(F)(F)C=1C2=C(N(C(=O)C1)CC(=O)N3CCC(CC3)C)N(N=C2C)C,C[C@@H](CO)N1C[C@H](C)[C@@H](CN(C)C(=O)CCC(F)(F)F)OCc2ccccc2-c3c(C1=O)n(C)c4ccccc34
MTOR,Cosine Search,0.66,S(C1=NC=2N(C3=C(C2N=N1)C=CC=C3)C(C)C)CC(=O)NC=4C(OC)=CC=CC4,Nn1c(=O)c(Cc2ccco2)n[nH]c1=S
MTOR,Cosine Search,0.73,O=C(NC1=C2N=C(C=CC2=CC=C1)C)C3=C4C(=CC=C3)C=CC=C4,Cc1ccc(cc1)C(=O)/N=c2/cccc[nH]2
MTOR,Cosine Search,0.62,S1C=2C(N=C1SCC(=O)N(C3=CC=CC=C3)C)=CC=C(NC(=O)CCC4=CC=CC=C4)C2,CNC(=O)CCc1cc2ccccc2[nH]1
MTOR,Cosine Search,0.66,S(C1=NC=2N(C3=C(C2N=N1)C=CC=C3)C(C)C)CC(=O)NC=4C(OC)=CC=CC4,Nn1c(=O)c(Cc2ccco2)n[nH]c1=S
MTOR,Cosine Search,0.66,S(C1=NC=2N(C3=C(C2N=N1)C=CC=C3)C(C)C)CC(=O)NC=4C(OC)=CC=CC4,Nn1c(=O)c(Cc2ccco2)n[nH]c1=S
MTOR,Cosine Search,0.77,FC(F)(F)C=1C2=C(N(C(=O)C1)CC(=O)N3CCC(CC3)C)N(N=C2C)C,C[C@@H](CO)N1C[C@H](C)[C@@H](CN(C)C(=O)CCC(F)(F)F)OCc2ccccc2-c3c(C1=O)n(C)c4ccccc34
MTOR,Cosine Search,0.62,S1C=2C(N=C1SCC(=O)N(C3=CC=CC=C3)C)=CC=C(NC(=O)CCC4=CC=CC=C4)C2,CNC(=O)CCc1cc2ccccc2[nH]1
MTOR,Cosine Search,0.62,S1C=2C(N=C1SCC(=O)N(C3=CC=CC=C3)C)=CC=C(NC(=O)CCC4=CC=CC=C4)C2,CNC(=O)CCc1cc2ccccc2[nH]1
MTOR,Cosine Search,0.66,S(C1=NC=2N(C3=C(C2N=N1)C=CC=C3)C(C)C)CC(=O)NC=4C(OC)=CC=CC4,Nn1c(=O)c(Cc2ccco2)n[nH]c1=S
MTOR,Cosine Search,0.61,O(C=1C(NC2=C3CCCCC3=NC4=C2C=C(NC(=O)/C=C/C5=CC=C(OC)C=C5)C=C4)=CC=CC1)C,CC=C1/[C@H]2Cc3[nH]c(=O)ccc3[C@]1(N)CC(C)=C2
MTOR,Cosine Search,0.62,S1C=2C(N=C1SCC(=O)N(C3=CC=CC=C3)C)=CC=C(NC(=O)CCC4=CC=CC=C4)C2,CNC(=O)CCc1cc2ccccc2[nH]1
MTOR,Cosine Search,0.66,S(C1=NC=2N(C3=C(C2N=N1)C=CC=C3)C(C)C)CC(=O)NC=4C(OC)=CC=CC4,Nn1c(=O)c(Cc2ccco2)n[nH]c1=S
MTOR,Cosine Search,0.73,O=C(NC1=C2N=C(C=CC2=CC=C1)C)C3=C4C(=CC=C3)C=CC=C4,Cc1ccc(cc1)C(=O)/N=c2/cccc[nH]2
MTOR,Cosine Search,0.66,S(C1=NC=2N(C3=C(C2N=N1)C=CC=C3)C(C)C)CC(=O)NC=4C(OC)=CC=CC4,Nn1c(=O)c(Cc2ccco2)n[nH]c1=S
MTOR,Cosine Search,0.66,S(C1=NC=2N(C3=C(C2N=N1)C=CC=C3)C(C)C)CC(=O)NC=4C(OC)=CC=CC4,Nn1c(=O)c(Cc2ccco2)n[nH]c1=S
MTOR,Cosine Search,0.62,S1C=2C(N=C1SCC(=O)N(C3=CC=CC=C3)C)=CC=C(NC(=O)CCC4=CC=CC=C4)C2,CNC(=O)CCc1cc2ccccc2[nH]1
MTOR,Cosine Search,0.61,O(C=1C(NC2=C3CCCCC3=NC4=C2C=C(NC(=O)/C=C/C5=CC=C(OC)C=C5)C=C4)=CC=CC1)C,CC=C1/[C@H]2Cc3[nH]c(=O)ccc3[C@]1(N)CC(C)=C2
MTOR,Cosine Search,0.62,S1C=2C(N=C1SCC(=O)N(C3=CC=CC=C3)C)=CC=C(NC(=O)CCC4=CC=CC=C4)C2,CNC(=O)CCc1cc2ccccc2[nH]1
MTOR,Cosine Search,0.62,S1C=2C(N=C1SCC(=O)N(C3=CC=CC=C3)C)=CC=C(NC(=O)CCC4=CC=CC=C4)C2,CNC(=O)CCc1cc2ccccc2[nH]1
MTOR,Cosine Search,0.66,S(C1=NC=2N(C3=C(C2N=N1)C=CC=C3)C(C)C)CC(=O)NC=4C(OC)=CC=CC4,Nn1c(=O)c(Cc2ccco2)n[nH]c1=S
MTOR,Cosine Search,0.62,S1C=2C(N=C1SCC(=O)N(C3=CC=CC=C3)C)=CC=C(NC(=O)CCC4=CC=CC=C4)C2,CNC(=O)CCc1cc2ccccc2[nH]1
MTOR,Cosine Search,0.66,S(C1=NC=2N(C3=C(C2N=N1)C=CC=C3)C(C)C)CC(=O)NC=4C(OC)=CC=CC4,Nn1c(=O)c(Cc2ccco2)n[nH]c1=S
MTOR,Cosine Search,0.73,O=C(NC1=C2N=C(C=CC2=CC=C1)C)C3=C4C(=CC=C3)C=CC=C4,Cc1ccc(cc1)C(=O)/N=c2/cccc[nH]2
MTOR,Cosine Search,0.66,S(C1=NC=2N(C3=C(C2N=N1)C=CC=C3)C(C)C)CC(=O)NC=4C(OC)=CC=CC4,Nn1c(=O)c(Cc2ccco2)n[nH]c1=S
MTOR,Cosine Search,0.66,S(C1=NC=2N(C3=C(C2N=N1)C=CC=C3)C(C)C)CC(=O)NC=4C(OC)=CC=CC4,Nn1c(=O)c(Cc2ccco2)n[nH]c1=S
MTOR,Euclidean Search,0.62,S1C=2C(N=C1SCC(=O)N(C3=CC=CC=C3)C)=CC=C(NC(=O)CCC4=CC=CC=C4)C2,CNC(=O)CCc1cc2ccccc2[nH]1
MTOR,Euclidean Search,0.62,S1C=2C(N=C1SCC(=O)N(C3=CC=CC=C3)C)=CC=C(NC(=O)CCC4=CC=CC=C4)C2,CNC(=O)CCc1cc2ccccc2[nH]1
MTOR,Euclidean Search,0.62,S1C=2C(N=C1SCC(=O)N(C3=CC=CC=C3)C)=CC=C(NC(=O)CCC4=CC=CC=C4)C2,CNC(=O)CCc1cc2ccccc2[nH]1
MTOR,Euclidean Search,0.62,S1C=2C(N=C1SCC(=O)N(C3=CC=CC=C3)C)=CC=C(NC(=O)CCC4=CC=CC=C4)C2,CNC(=O)CCc1cc2ccccc2[nH]1
MTOR,Euclidean Search,0.66,S(C1=NC=2N(C3=C(C2N=N1)C=CC=C3)C(C)C)CC(=O)NC=4C(OC)=CC=CC4,Nn1c(=O)c(Cc2ccco2)n[nH]c1=S
MTOR,Euclidean Search,0.66,S(C1=NC=2N(C3=C(C2N=N1)C=CC=C3)C(C)C)CC(=O)NC=4C(OC)=CC=CC4,Nn1c(=O)c(Cc2ccco2)n[nH]c1=S
MTOR,Euclidean Search,0.62,S1C=2C(N=C1SCC(=O)N(C3=CC=CC=C3)C)=CC=C(NC(=O)CCC4=CC=CC=C4)C2,CNC(=O)CCc1cc2ccccc2[nH]1
MTOR,Euclidean Search,0.66,S(C1=NC=2N(C3=C(C2N=N1)C=CC=C3)C(C)C)CC(=O)NC=4C(OC)=CC=CC4,Nn1c(=O)c(Cc2ccco2)n[nH]c1=S
MTOR,Euclidean Search,0.62,S1C=2C(N=C1SCC(=O)N(C3=CC=CC=C3)C)=CC=C(NC(=O)CCC4=CC=CC=C4)C2,CNC(=O)CCc1cc2ccccc2[nH]1
MTOR,Euclidean Search,0.66,S(C1=NC=2N(C3=C(C2N=N1)C=CC=C3)C(C)C)CC(=O)NC=4C(OC)=CC=CC4,Nn1c(=O)c(Cc2ccco2)n[nH]c1=S
MTOR,Euclidean Search,0.62,S1C=2C(N=C1SCC(=O)N(C3=CC=CC=C3)C)=CC=C(NC(=O)CCC4=CC=CC=C4)C2,CNC(=O)CCc1cc2ccccc2[nH]1
MTOR,Euclidean Search,0.62,S1C=2C(N=C1SCC(=O)N(C3=CC=CC=C3)C)=CC=C(NC(=O)CCC4=CC=CC=C4)C2,CNC(=O)CCc1cc2ccccc2[nH]1
MTOR,Euclidean Search,0.66,S(C1=NC=2N(C3=C(C2N=N1)C=CC=C3)C(C)C)CC(=O)NC=4C(OC)=CC=CC4,Nn1c(=O)c(Cc2ccco2)n[nH]c1=S
MTOR,Euclidean Search,0.62,S1C=2C(N=C1SCC(=O)N(C3=CC=CC=C3)C)=CC=C(NC(=O)CCC4=CC=CC=C4)C2,CNC(=O)CCc1cc2ccccc2[nH]1
MTOR,Euclidean Search,0.62,S1C=2C(N=C1SCC(=O)N(C3=CC=CC=C3)C)=CC=C(NC(=O)CCC4=CC=CC=C4)C2,CNC(=O)CCc1cc2ccccc2[nH]1
MTOR,Euclidean Search,0.62,S1C=2C(N=C1SCC(=O)N(C3=CC=CC=C3)C)=CC=C(NC(=O)CCC4=CC=CC=C4)C2,CNC(=O)CCc1cc2ccccc2[nH]1
MTOR,Euclidean Search,0.66,S(C1=NC=2N(C3=C(C2N=N1)C=CC=C3)C(C)C)CC(=O)NC=4C(OC)=CC=CC4,Nn1c(=O)c(Cc2ccco2)n[nH]c1=S
MTOR,Euclidean Search,0.62,S1C=2C(N=C1SCC(=O)N(C3=CC=CC=C3)C)=CC=C(NC(=O)CCC4=CC=CC=C4)C2,CNC(=O)CCc1cc2ccccc2[nH]1
MTOR,Euclidean Search,0.62,S1C=2C(N=C1SCC(=O)N(C3=CC=CC=C3)C)=CC=C(NC(=O)CCC4=CC=CC=C4)C2,CNC(=O)CCc1cc2ccccc2[nH]1
MTOR,Euclidean Search,0.73,O=C(NC1=C2N=C(C=CC2=CC=C1)C)C3=C4C(=CC=C3)C=CC=C4,Cc1ccc(cc1)C(=O)/N=c2/cccc[nH]2
MTOR,Euclidean Search,0.73,O=C(NC1=C2N=C(C=CC2=CC=C1)C)C3=C4C(=CC=C3)C=CC=C4,Cc1ccc(cc1)C(=O)/N=c2/cccc[nH]2
MTOR,Euclidean Search,0.62,S1C=2C(N=C1SCC(=O)N(C3=CC=CC=C3)C)=CC=C(NC(=O)CCC4=CC=CC=C4)C2,CNC(=O)CCc1cc2ccccc2[nH]1
MTOR,Euclidean Search,0.66,S(C1=NC=2N(C3=C(C2N=N1)C=CC=C3)C(C)C)CC(=O)NC=4C(OC)=CC=CC4,Nn1c(=O)c(Cc2ccco2)n[nH]c1=S
MTOR,Euclidean Search,0.62,S1C=2C(N=C1SCC(=O)N(C3=CC=CC=C3)C)=CC=C(NC(=O)CCC4=CC=CC=C4)C2,CNC(=O)CCc1cc2ccccc2[nH]1
MTOR,Euclidean Search,0.62,S1C=2C(N=C1SCC(=O)N(C3=CC=CC=C3)C)=CC=C(NC(=O)CCC4=CC=CC=C4)C2,CNC(=O)CCc1cc2ccccc2[nH]1
MTOR,Euclidean Search,0.62,S1C=2C(N=C1SCC(=O)N(C3=CC=CC=C3)C)=CC=C(NC(=O)CCC4=CC=CC=C4)C2,CNC(=O)CCc1cc2ccccc2[nH]1
MTOR,Euclidean Search,0.62,S1C=2C(N=C1SCC(=O)N(C3=CC=CC=C3)C)=CC=C(NC(=O)CCC4=CC=CC=C4)C2,CNC(=O)CCc1cc2ccccc2[nH]1
MTOR,Euclidean Search,0.66,S(C1=NC=2N(C3=C(C2N=N1)C=CC=C3)C(C)C)CC(=O)NC=4C(OC)=CC=CC4,Nn1c(=O)c(Cc2ccco2)n[nH]c1=S
MTOR,Euclidean Search,0.73,O=C(NC1=C2N=C(C=CC2=CC=C1)C)C3=C4C(=CC=C3)C=CC=C4,Cc1ccc(cc1)C(=O)/N=c2/cccc[nH]2
MTOR,Euclidean Search,0.66,S(C1=NC=2N(C3=C(C2N=N1)C=CC=C3)C(C)C)CC(=O)NC=4C(OC)=CC=CC4,Nn1c(=O)c(Cc2ccco2)n[nH]c1=S
MTOR,Euclidean Search,0.66,S(C1=NC=2N(C3=C(C2N=N1)C=CC=C3)C(C)C)CC(=O)NC=4C(OC)=CC=CC4,Nn1c(=O)c(Cc2ccco2)n[nH]c1=S
MTOR,Euclidean Search,0.62,S1C=2C(N=C1SCC(=O)N(C3=CC=CC=C3)C)=CC=C(NC(=O)CCC4=CC=CC=C4)C2,CNC(=O)CCc1cc2ccccc2[nH]1
MTOR,Euclidean Search,0.66,S(C1=NC=2N(C3=C(C2N=N1)C=CC=C3)C(C)C)CC(=O)NC=4C(OC)=CC=CC4,Nn1c(=O)c(Cc2ccco2)n[nH]c1=S
MTOR,Euclidean Search,0.66,S(C1=NC=2N(C3=C(C2N=N1)C=CC=C3)C(C)C)CC(=O)NC=4C(OC)=CC=CC4,Nn1c(=O)c(Cc2ccco2)n[nH]c1=S
MTOR,Euclidean Search,0.73,O=C(NC1=C2N=C(C=CC2=CC=C1)C)C3=C4C(=CC=C3)C=CC=C4,Cc1ccc(cc1)C(=O)/N=c2/cccc[nH]2
MTOR,Euclidean Search,0.66,S(C1=NC=2N(C3=C(C2N=N1)C=CC=C3)C(C)C)CC(=O)NC=4C(OC)=CC=CC4,Nn1c(=O)c(Cc2ccco2)n[nH]c1=S
MTOR,Euclidean Search,0.66,S(C1=NC=2N(C3=C(C2N=N1)C=CC=C3)C(C)C)CC(=O)NC=4C(OC)=CC=CC4,Nn1c(=O)c(Cc2ccco2)n[nH]c1=S
MTOR,Euclidean Search,0.62,S1C=2C(N=C1SCC(=O)N(C3=CC=CC=C3)C)=CC=C(NC(=O)CCC4=CC=CC=C4)C2,CNC(=O)CCc1cc2ccccc2[nH]1
MTOR,Euclidean Search,0.62,S1C=2C(N=C1SCC(=O)N(C3=CC=CC=C3)C)=CC=C(NC(=O)CCC4=CC=CC=C4)C2,CNC(=O)CCc1cc2ccccc2[nH]1
MTOR,Euclidean Search,0.66,S(C1=NC=2N(C3=C(C2N=N1)C=CC=C3)C(C)C)CC(=O)NC=4C(OC)=CC=CC4,Nn1c(=O)c(Cc2ccco2)n[nH]c1=S
MTOR,Euclidean Search,0.66,S(C1=NC=2N(C3=C(C2N=N1)C=CC=C3)C(C)C)CC(=O)NC=4C(OC)=CC=CC4,Nn1c(=O)c(Cc2ccco2)n[nH]c1=S
MTOR,Euclidean Search,0.66,S(C1=NC=2N(C3=C(C2N=N1)C=CC=C3)C(C)C)CC(=O)NC=4C(OC)=CC=CC4,Nn1c(=O)c(Cc2ccco2)n[nH]c1=S
MTOR,Euclidean Search,0.66,S(C1=NC=2N(C3=C(C2N=N1)C=CC=C3)C(C)C)CC(=O)NC=4C(OC)=CC=CC4,Nn1c(=O)c(Cc2ccco2)n[nH]c1=S
MTOR,Euclidean Search,0.62,S1C=2C(N=C1SCC(=O)N(C3=CC=CC=C3)C)=CC=C(NC(=O)CCC4=CC=CC=C4)C2,CNC(=O)CCc1cc2ccccc2[nH]1
MTOR,Euclidean Search,0.62,S1C=2C(N=C1SCC(=O)N(C3=CC=CC=C3)C)=CC=C(NC(=O)CCC4=CC=CC=C4)C2,CNC(=O)CCc1cc2ccccc2[nH]1
MTOR,Euclidean Search,0.62,S1C=2C(N=C1SCC(=O)N(C3=CC=CC=C3)C)=CC=C(NC(=O)CCC4=CC=CC=C4)C2,CNC(=O)CCc1cc2ccccc2[nH]1
MTOR,Euclidean Search,0.66,S(C1=NC=2N(C3=C(C2N=N1)C=CC=C3)C(C)C)CC(=O)NC=4C(OC)=CC=CC4,Nn1c(=O)c(Cc2ccco2)n[nH]c1=S
MTOR,Euclidean Search,0.66,S(C1=NC=2N(C3=C(C2N=N1)C=CC=C3)C(C)C)CC(=O)NC=4C(OC)=CC=CC4,Nn1c(=O)c(Cc2ccco2)n[nH]c1=S
MTOR,Euclidean Search,0.62,S1C=2C(N=C1SCC(=O)N(C3=CC=CC=C3)C)=CC=C(NC(=O)CCC4=CC=CC=C4)C2,CNC(=O)CCc1cc2ccccc2[nH]1
MTOR,Euclidean Search,0.66,S(C1=NC=2N(C3=C(C2N=N1)C=CC=C3)C(C)C)CC(=O)NC=4C(OC)=CC=CC4,Nn1c(=O)c(Cc2ccco2)n[nH]c1=S
MTOR,Euclidean Search,0.66,S(C1=NC=2N(C3=C(C2N=N1)C=CC=C3)C(C)C)CC(=O)NC=4C(OC)=CC=CC4,Nn1c(=O)c(Cc2ccco2)n[nH]c1=S
MTOR,Euclidean Search,0.66,S(C1=NC=2N(C3=C(C2N=N1)C=CC=C3)C(C)C)CC(=O)NC=4C(OC)=CC=CC4,Nn1c(=O)c(Cc2ccco2)n[nH]c1=S
MTOR,Euclidean Search,0.62,S1C=2C(N=C1SCC(=O)N(C3=CC=CC=C3)C)=CC=C(NC(=O)CCC4=CC=CC=C4)C2,CNC(=O)CCc1cc2ccccc2[nH]1
MTOR,Euclidean Search,0.62,S1C=2C(N=C1SCC(=O)N(C3=CC=CC=C3)C)=CC=C(NC(=O)CCC4=CC=CC=C4)C2,CNC(=O)CCc1cc2ccccc2[nH]1
MTOR,Euclidean Search,0.66,S(C1=NC=2N(C3=C(C2N=N1)C=CC=C3)C(C)C)CC(=O)NC=4C(OC)=CC=CC4,Nn1c(=O)c(Cc2ccco2)n[nH]c1=S
MTOR,Euclidean Search,0.62,S1C=2C(N=C1SCC(=O)N(C3=CC=CC=C3)C)=CC=C(NC(=O)CCC4=CC=CC=C4)C2,CNC(=O)CCc1cc2ccccc2[nH]1
MTOR,Euclidean Search,0.73,O=C(NC1=C2N=C(C=CC2=CC=C1)C)C3=C4C(=CC=C3)C=CC=C4,Cc1ccc(cc1)C(=O)/N=c2/cccc[nH]2
MTOR,Euclidean Search,0.62,S1C=2C(N=C1SCC(=O)N(C3=CC=CC=C3)C)=CC=C(NC(=O)CCC4=CC=CC=C4)C2,CNC(=O)CCc1cc2ccccc2[nH]1
MTOR,Euclidean Search,0.73,O=C(NC1=C2N=C(C=CC2=CC=C1)C)C3=C4C(=CC=C3)C=CC=C4,Cc1ccc(cc1)C(=O)/N=c2/cccc[nH]2
MTOR,Euclidean Search,0.66,S(C1=NC=2N(C3=C(C2N=N1)C=CC=C3)C(C)C)CC(=O)NC=4C(OC)=CC=CC4,Nn1c(=O)c(Cc2ccco2)n[nH]c1=S
MTOR,Euclidean Search,0.66,S(C1=NC=2N(C3=C(C2N=N1)C=CC=C3)C(C)C)CC(=O)NC=4C(OC)=CC=CC4,Nn1c(=O)c(Cc2ccco2)n[nH]c1=S
MTOR,Euclidean Search,0.73,O=C(NC1=C2N=C(C=CC2=CC=C1)C)C3=C4C(=CC=C3)C=CC=C4,Cc1ccc(cc1)C(=O)/N=c2/cccc[nH]2
MTOR,Euclidean Search,0.66,S(C1=NC=2N(C3=C(C2N=N1)C=CC=C3)C(C)C)CC(=O)NC=4C(OC)=CC=CC4,Nn1c(=O)c(Cc2ccco2)n[nH]c1=S
MTOR,Euclidean Search,0.66,S(C1=NC=2N(C3=C(C2N=N1)C=CC=C3)C(C)C)CC(=O)NC=4C(OC)=CC=CC4,Nn1c(=O)c(Cc2ccco2)n[nH]c1=S
MTOR,Euclidean Search,0.62,S1C=2C(N=C1SCC(=O)N(C3=CC=CC=C3)C)=CC=C(NC(=O)CCC4=CC=CC=C4)C2,CNC(=O)CCc1cc2ccccc2[nH]1
MTOR,Euclidean Search,0.62,S1C=2C(N=C1SCC(=O)N(C3=CC=CC=C3)C)=CC=C(NC(=O)CCC4=CC=CC=C4)C2,CNC(=O)CCc1cc2ccccc2[nH]1
MTOR,Euclidean Search,0.66,S(C1=NC=2N(C3=C(C2N=N1)C=CC=C3)C(C)C)CC(=O)NC=4C(OC)=CC=CC4,Nn1c(=O)c(Cc2ccco2)n[nH]c1=S
MTOR,Euclidean Search,0.66,S(C1=NC=2N(C3=C(C2N=N1)C=CC=C3)C(C)C)CC(=O)NC=4C(OC)=CC=CC4,Nn1c(=O)c(Cc2ccco2)n[nH]c1=S
MTOR,Euclidean Search,0.66,S(C1=NC=2N(C3=C(C2N=N1)C=CC=C3)C(C)C)CC(=O)NC=4C(OC)=CC=CC4,Nn1c(=O)c(Cc2ccco2)n[nH]c1=S
MTOR,Euclidean Search,0.62,S1C=2C(N=C1SCC(=O)N(C3=CC=CC=C3)C)=CC=C(NC(=O)CCC4=CC=CC=C4)C2,CNC(=O)CCc1cc2ccccc2[nH]1
MTOR,Euclidean Search,0.66,S(C1=NC=2N(C3=C(C2N=N1)C=CC=C3)C(C)C)CC(=O)NC=4C(OC)=CC=CC4,Nn1c(=O)c(Cc2ccco2)n[nH]c1=S
MTOR,Euclidean Search,0.62,S1C=2C(N=C1SCC(=O)N(C3=CC=CC=C3)C)=CC=C(NC(=O)CCC4=CC=CC=C4)C2,CNC(=O)CCc1cc2ccccc2[nH]1
MTOR,Euclidean Search,0.73,O=C(NC1=C2N=C(C=CC2=CC=C1)C)C3=C4C(=CC=C3)C=CC=C4,Cc1ccc(cc1)C(=O)/N=c2/cccc[nH]2
MTOR,Euclidean Search,0.62,S1C=2C(N=C1SCC(=O)N(C3=CC=CC=C3)C)=CC=C(NC(=O)CCC4=CC=CC=C4)C2,CNC(=O)CCc1cc2ccccc2[nH]1
MTOR,Euclidean Search,0.66,S(C1=NC=2N(C3=C(C2N=N1)C=CC=C3)C(C)C)CC(=O)NC=4C(OC)=CC=CC4,Nn1c(=O)c(Cc2ccco2)n[nH]c1=S
MTOR,Euclidean Search,0.66,S(C1=NC=2N(C3=C(C2N=N1)C=CC=C3)C(C)C)CC(=O)NC=4C(OC)=CC=CC4,Nn1c(=O)c(Cc2ccco2)n[nH]c1=S
MTOR,Euclidean Search,0.73,O=C(NC1=C2N=C(C=CC2=CC=C1)C)C3=C4C(=CC=C3)C=CC=C4,Cc1ccc(cc1)C(=O)/N=c2/cccc[nH]2
MTOR,Euclidean Search,0.66,S(C1=NC=2N(C3=C(C2N=N1)C=CC=C3)C(C)C)CC(=O)NC=4C(OC)=CC=CC4,Nn1c(=O)c(Cc2ccco2)n[nH]c1=S
MTOR,Euclidean Search,0.66,S(C1=NC=2N(C3=C(C2N=N1)C=CC=C3)C(C)C)CC(=O)NC=4C(OC)=CC=CC4,Nn1c(=O)c(Cc2ccco2)n[nH]c1=S
MTOR,Euclidean Search,0.66,S(C1=NC=2N(C3=C(C2N=N1)C=CC=C3)C(C)C)CC(=O)NC=4C(OC)=CC=CC4,Nn1c(=O)c(Cc2ccco2)n[nH]c1=S
MTOR,Euclidean Search,0.66,S(C1=NC=2N(C3=C(C2N=N1)C=CC=C3)C(C)C)CC(=O)NC=4C(OC)=CC=CC4,Nn1c(=O)c(Cc2ccco2)n[nH]c1=S
MTOR,Euclidean Search,0.62,S1C=2C(N=C1SCC(=O)N(C3=CC=CC=C3)C)=CC=C(NC(=O)CCC4=CC=CC=C4)C2,CNC(=O)CCc1cc2ccccc2[nH]1
MTOR,Euclidean Search,0.62,S1C=2C(N=C1SCC(=O)N(C3=CC=CC=C3)C)=CC=C(NC(=O)CCC4=CC=CC=C4)C2,CNC(=O)CCc1cc2ccccc2[nH]1
MTOR,Euclidean Search,0.66,S(C1=NC=2N(C3=C(C2N=N1)C=CC=C3)C(C)C)CC(=O)NC=4C(OC)=CC=CC4,Nn1c(=O)c(Cc2ccco2)n[nH]c1=S
MTOR,Euclidean Search,0.73,O=C(NC1=C2N=C(C=CC2=CC=C1)C)C3=C4C(=CC=C3)C=CC=C4,Cc1ccc(cc1)C(=O)/N=c2/cccc[nH]2
MTOR,Euclidean Search,0.62,S1C=2C(N=C1SCC(=O)N(C3=CC=CC=C3)C)=CC=C(NC(=O)CCC4=CC=CC=C4)C2,CNC(=O)CCc1cc2ccccc2[nH]1
MTOR,Euclidean Search,0.66,S(C1=NC=2N(C3=C(C2N=N1)C=CC=C3)C(C)C)CC(=O)NC=4C(OC)=CC=CC4,Nn1c(=O)c(Cc2ccco2)n[nH]c1=S
MTOR,Euclidean Search,0.73,O=C(NC1=C2N=C(C=CC2=CC=C1)C)C3=C4C(=CC=C3)C=CC=C4,Cc1ccc(cc1)C(=O)/N=c2/cccc[nH]2
MTOR,Euclidean Search,0.66,S(C1=NC=2N(C3=C(C2N=N1)C=CC=C3)C(C)C)CC(=O)NC=4C(OC)=CC=CC4,Nn1c(=O)c(Cc2ccco2)n[nH]c1=S
MTOR,Euclidean Search,0.66,S(C1=NC=2N(C3=C(C2N=N1)C=CC=C3)C(C)C)CC(=O)NC=4C(OC)=CC=CC4,Nn1c(=O)c(Cc2ccco2)n[nH]c1=S
MTOR,Euclidean Search,0.62,S1C=2C(N=C1SCC(=O)N(C3=CC=CC=C3)C)=CC=C(NC(=O)CCC4=CC=CC=C4)C2,CNC(=O)CCc1cc2ccccc2[nH]1
MTOR,Euclidean Search,0.73,O=C(NC1=C2N=C(C=CC2=CC=C1)C)C3=C4C(=CC=C3)C=CC=C4,Cc1ccc(cc1)C(=O)/N=c2/cccc[nH]2
MTOR,Euclidean Search,0.62,S1C=2C(N=C1SCC(=O)N(C3=CC=CC=C3)C)=CC=C(NC(=O)CCC4=CC=CC=C4)C2,CNC(=O)CCc1cc2ccccc2[nH]1
MTOR,Euclidean Search,0.62,S1C=2C(N=C1SCC(=O)N(C3=CC=CC=C3)C)=CC=C(NC(=O)CCC4=CC=CC=C4)C2,CNC(=O)CCc1cc2ccccc2[nH]1
MTOR,Euclidean Search,0.66,S(C1=NC=2N(C3=C(C2N=N1)C=CC=C3)C(C)C)CC(=O)NC=4C(OC)=CC=CC4,Nn1c(=O)c(Cc2ccco2)n[nH]c1=S
MTOR,Euclidean Search,0.62,S1C=2C(N=C1SCC(=O)N(C3=CC=CC=C3)C)=CC=C(NC(=O)CCC4=CC=CC=C4)C2,CNC(=O)CCc1cc2ccccc2[nH]1
MTOR,Euclidean Search,0.66,S(C1=NC=2N(C3=C(C2N=N1)C=CC=C3)C(C)C)CC(=O)NC=4C(OC)=CC=CC4,Nn1c(=O)c(Cc2ccco2)n[nH]c1=S
MTOR,Euclidean Search,0.66,S(C1=NC=2N(C3=C(C2N=N1)C=CC=C3)C(C)C)CC(=O)NC=4C(OC)=CC=CC4,Nn1c(=O)c(Cc2ccco2)n[nH]c1=S
MTOR,Euclidean Search,0.66,S(C1=NC=2N(C3=C(C2N=N1)C=CC=C3)C(C)C)CC(=O)NC=4C(OC)=CC=CC4,Nn1c(=O)c(Cc2ccco2)n[nH]c1=S
MTOR,Euclidean Search,0.66,S(C1=NC=2N(C3=C(C2N=N1)C=CC=C3)C(C)C)CC(=O)NC=4C(OC)=CC=CC4,Nn1c(=O)c(Cc2ccco2)n[nH]c1=S
MTOR,Pre-trained hierVAE Generate,0.49,ClC1=C(NC(=O)CN2C=3C(C(=O)N(C2=O)CCCC(=O)NCCCOC)=CC=CC3)C=CC(=C1)C,CC1CCCCOC(CN(C)Cc2ccc(C(F)(F)F)cc2)C(C)CN(C(C)CO)C(=O)c2cc(NC(=O)CCN3CCOCC3)ccc2O1
MTOR,Pre-trained hierVAE Generate,0.34,ClC1=C(NC(=O)CN2C=3C(C(=O)N(C2=O)CCCC(=O)NCCCOC)=CC=CC3)C=CC(=C1)C,CCCNC(=O)N1CC(C)C(OC)CN(C)C(=O)c2ccc(NC(=O)c3ccc(F)cc3)cc2OCC1C
MTOR,Pre-trained hierVAE Generate,0.32,OC1=C(C=2C(=CC3=C(C2O)C(=C(O)C(O)=C3C(C)C)C=O)C)C(=CC4=C1C(=C(O)C(O)=C4C(C)C)C=O)C,CCC(C)C(O)C(O)C(C)C
MTOR,Pre-trained hierVAE Generate,0.49,O=C(NC=1C=C(C=C(C1)C)C)C2=C(N(N=C2)C3=CC(=C(C=C3)C)C)C4CCNCC4,Cc1cc(C)n(-c2ccc(C(=O)Nc3ccccc3C(=O)NCCCCCCCCCCCCCCCCC(=O)Nc3ccccc3C(=O)Nc3ccccc3C(=O)Nc3ccccc3C(=O)Nc3ccccc3C(=O)Nc3ccccc3C(=O)NCCCNCCCc3ccccc3)cc2)n1
MTOR,Pre-trained hierVAE Generate,0.42,O1C2=C(C=C(C1=O)C(=O)NC3=CC=C(C=C3)C(OCCN(CC)CC)=O)C=CC=C2OC,CCCC(=O)N1CC(C)C(OC)CN(C)C(=O)c2cc(NC(=O)c3ccccc3)ccc2OCC1C
MTOR,Pre-trained hierVAE Generate,0.53,ClC1=C(NC(=O)CN2C=3C(C(=O)N(C2=O)CCCC(=O)NCCCOC)=CC=CC3)C=CC(=C1)C,CC1CN(C(C)CO)C(=O)c2cc(NC(=O)CCN3CCOCC3)ccc2OC1CN(C)Cc1ccc(C(F)(F)F)cc1
MTOR,Pre-trained hierVAE Generate,0.44,O[C@@H]1[C@@]2([C@H]([C@H]3[C@@H](C=4C(CC3)=CC(O)=C(OC)C4)CC2)CC1)C,CC(C)CCC(=O)OCC(=O)c1ccc(O)c(O)c1
MTOR,Pre-trained hierVAE Generate,0.66,S(=O)(=O)(NCC1=CC=2OCOC2C=C1)C=3C(F)=CC=C(C3)C(=O)NC=4C=C(C=CC4)C,CC(NC(=O)CC1CC2c3cc(NS(=O)(=O)c4ccc(F)cc4)ccc3OC2C(CO)O1)c1ccccc1
MTOR,Pre-trained hierVAE Generate,0.54,O1C2=C(N(C(=O)CCC(=O)NC3=C(OCC)C=CC(OCC)=C3)CC1)C=CC=C2,CCCCC(=O)Nc1ccc2c(c1)C(=O)N(C)CC(OC)C(C)CN(C(=O)c1ccncc1)C(C)CO2
MTOR,Pre-trained hierVAE Generate,0.46,C1(=O)C=C(N=C2N(C(=NN21)C)CC=3C=CC=C(C(F)(F)F)C3C)N4CC(OCC4)C,CC1CN(C(C)CO)C(=O)c2c(c3ccccc3n2C)-c2ccccc2COC1CN(C)Cc1ccc(C(F)(F)F)cc1
MTOR,Pre-trained hierVAE Generate,0.57,S(=O)(=O)(N1CCC(CC1)C(=O)N(CCN(C)C)CC)C2=C(ON=C2C)/C=C/C=3C(F)=CC=CC3,CC1CN(S(=O)C(C)(C)C)C(=O)CCCn2cc(nn2)COC1CN(C)Cc1ccc(C(F)(F)F)cc1
MTOR,Pre-trained hierVAE Generate,0.38,O=C1N(C(=O)C=2C(N1CC(=O)NC3=C(C=CC=C3)C)=CC=CC2)C4=CC=C(C=C4)CC(=O)NCC5OCCC5,CCCNC(=O)N1C2Cn3c(ccc(-c4ccc(C#N)cc4)c3=O)C1C(CO)C2C(=O)Nc1ccccc1
MTOR,Pre-trained hierVAE Generate,0.77,O1C(=O)C(N(CC1)CC)CC(=O)NC=2C(OC)=CC=C(C2)C,CCCC(=O)Nc1ccc2c(c1)OCC(C)N(C(=O)CC)CC(C)C(OC)CN(C)C2=O
MTOR,Pre-trained hierVAE Generate,0.6,C1(=O)C=C(N=C2N(C(=NN21)C)CC=3C=CC=C(C(F)(F)F)C3C)N4CC(OCC4)C,CC1CN(C(C)CO)C(=O)c2c(c3ccccc3n2C)-c2ccccc2COC1CN(C)Cc1ccc(C(F)(F)F)cc1
MTOR,Pre-trained hierVAE Generate,0.62,O=C1N(C=C(C2=C1N(C3=C2C=CC=C3)C)C(=O)NCCCOCC)CC(C)C,CC1CN(C(C)CO)C(=O)c2c(c3ccccc3n2C)-c2ccccc2COC1CN(C)C(=O)c1ccncc1
MTOR,Pre-trained hierVAE Generate,0.51,N(C(=O)NC1=CC=C(C=C1)C2=NC3=C(C(=N2)N4[C@H](COCC4)C)CN(CC3)S(=O)(=O)C)CC,CC(C)NC(=O)N(C)CC1Oc2cc(-c3ccccc3C(=O)N(C)C)ccc2S(=O)(=O)N(C(C)CO)CC1C
MTOR,Pre-trained hierVAE Generate,0.39,ClC1=CC(NC(=O)C=2C=3C(CN4CC(CCC4)C)=C(O)C=CC3OC2C)=CC=C1OC,CC1CCCCOC(CN(C)Cc2cccc(C(F)(F)F)c2)C(C)CN(C(C)CO)C(=O)c2cc(NC(=O)C3CCCCC3)ccc2O1
MTOR,Pre-trained hierVAE Generate,0.51,O1C2=C(N(C(=O)CCC(=O)NC3=C(OCC)C=CC(OCC)=C3)CC1)C=CC=C2,CCCCCC(=O)Nc1ccc2c(c1)C(=O)N(C)CC(OC)C(C)CN(C(=O)c1ccccn1)C(C)CO2
MTOR,Pre-trained hierVAE Generate,0.4,ClC1=C(NC(=O)CN2C=3C(C(=O)N(C2=O)CCCC(=O)NCCCOC)=CC=CC3)C=CC(=C1)C,CC1CCCCOC(CN(C)Cc2cccnc2)C(C)CN(C(C)CO)C(=O)c2cc(NC(=O)CCC(F)(F)F)ccc2O1
MTOR,Pre-trained hierVAE Generate,0.55,O1C(=O)C(N(CC1)CC)CC(=O)NC=2C(OC)=CC=C(C2)C,CCCC(=O)Nc1ccc2c(c1)C(=O)N(C)CC(OC)C(C)CN(C(=O)CC)C(C)CO2
MTOR,Pre-trained hierVAE Generate,0.69,O1[C@@](CC(O)(C)C)(C2=NC(=NC(N3CCOCC3)=C2C1)C=4C=CC(NC(=O)NCC)=CC4)C,CCCCCC(=O)Nc1ccc2c(c1)C1CC(CC(=O)N(C)C)OC(CO)C1O2
MTOR,Pre-trained hierVAE Generate,0.39,O(C=1C2=C(N(C(=O)C1)CC)C=CC=C2)CC(=O)N(C3=CC=C(C=C3)C(C)C)CCC,CC1CCCCOC(CN(C)C(=O)c2ccncc2)C(C)CN(C(C)CO)C(=O)c2cc(N(C)C)ccc2O1
MTOR,Pre-trained hierVAE Generate,0.61,C1([C@@]2(O[C@H](C[C@@H]([C@@H](OC(CN(C)C(CNC([C@H](NC([C@H]3N(C1=O)CCCC3)=O)CCC4=CC=CC=C4)=O)=O)=O)C)OC)CC[C@H]2C)O)=O,CCCNC(=O)N1CC(OC)CC(=O)N(C)CCC(C)OC(C)C1OC
MTOR,Pre-trained hierVAE Generate,0.53,ClC1=C(NC(=O)CN2C=3C(C(=O)N(C2=O)CCCC(=O)NCCCOC)=CC=CC3)C=CC(=C1)C,CCCNC(=O)Nc1ccc2c(c1)C(=O)N(C(C)CO)CC(C)C(CN(C)Cc1cccnc1)OCCCCC(C)O2
MTOR,Pre-trained hierVAE Generate,0.7,O1C2=C(C=C(C1=O)C(=O)NC3=CC=C(C=C3)C(OCCN(CC)CC)=O)C=CC=C2OC,CCC(=O)N1CC(C)C(OC)CN(C)C(=O)c2ccc(NC(=O)c3ccc(OC)cc3)cc2OCC1C
MTOR,Pre-trained hierVAE Generate,0.36,ClC1=C(NC(=O)CN2C=3C(C(=O)N(C2=O)CCCC(=O)NCCCOC)=CC=CC3)C=CC(=C1)C,CCCNC(=O)Nc1ccc2c(c1)C(=O)N(C)CC(OC)C(C)CN(Cc1ccc(F)cc1)C(C)CO2
MTOR,Pre-trained hierVAE Generate,0.56,O1C2=C(N(C(=O)CCC(=O)NC3=C(OCC)C=CC(OCC)=C3)CC1)C=CC=C2,CCCCCC(=O)Nc1ccc2c(c1)C(=O)N(C)CC(OC)C(C)CN(C(=O)c1ccccn1)C(C)CO2
MTOR,Pre-trained hierVAE Generate,0.03,ClC1=C(NC(=O)CN2C=3C(C(=O)N(C2=O)CCCC(=O)NCCCOC)=CC=CC3)C=CC(=C1)C,COc1ccccc1NC(=O)Nc1ccc2c(c1)C(=O)N(C(C)CO)CC(C)C(CN(C)CCCN1CCOCC1)OCCCCC(C)O2
MTOR,Pre-trained hierVAE Generate,0.5,O1C2=C(C=C(C1=O)C(=O)NC3=CC=C(C=C3)C(OCCN(CC)CC)=O)C=CC=C2OC,CCCC(=O)Nc1ccc2c(c1)OCC(C)N(C(=O)c1ccccn1)CC(C)C(OC)CN(C)C2=O
MTOR,Pre-trained hierVAE Generate,0.12,N#CC1(C(C1(CCC)C)(C#N)C#N)C#N,CCCCCCCCCCCCCCCCCCCCCCCCCCCCCCCCCCCCCCCCCCCCCCCCCCCCCCCCCCCCCCCCCCCCCCCCCCCCCCCCCCCCCCCCCCCCCCCCCCCCCC
MTOR,Pre-trained hierVAE Generate,0.54,ClC1=C(NC(=O)CN2C=3C(C(=O)N(C2=O)CCCC(=O)NCCCOC)=CC=CC3)C=CC(=C1)C,CC1CCCCOC(CN(C)C(=O)Nc2ccc(F)cc2)C(C)CN(C(C)CO)C(=O)c2cc(NC(=O)NC3CCCCC3)ccc2O1
MTOR,Pre-trained hierVAE Generate,0.66,O=C1N(C2=C(N3C1=CC=C3)C=CC=C2)CCCC(=O)NCC4=C(OC)C=CC=C4,COc1ccc(CN2CCC(CN3CCCC3)CC2)cc1CNC(=O)CCCN1CCCC1
MTOR,Pre-trained hierVAE Generate,0.49,N(C(=O)NC1=CC=C(C=C1)C2=NC3=C(C(=N2)N4[C@H](COCC4)C)CN(CC3)S(=O)(=O)C)CC,CC(C)NC(=O)N(C)CC1Oc2cc(C3=CCCCC3)ccc2S(=O)(=O)N(C(C)CO)CC1C
MTOR,Pre-trained hierVAE Generate,0.5,S(=O)(=O)(N1CCN(CC1)C2=CC=C(OC)C=C2)C=3C(=O)N4C(SC=C4C)=NC3C,CC1CN(C(C)CO)S(=O)(=O)c2ccc(-c3cccc(C(=O)N(C)C)c3)cc2OC1CN(C)C(=O)c1cccnc1
MTOR,Pre-trained hierVAE Generate,0.71,ClC1=C(NC(=O)CN2C=3C(C(=O)N(C2=O)CCCC(=O)NCCCOC)=CC=CC3)C=CC(=C1)C,CCCNC(=O)N1CC(C)C(OC)CN(C)C(=O)c2ccc(NC(=O)c3ccc(OC)cc3)cc2OCC1C
MTOR,Pre-trained hierVAE Generate,0.65,S(=O)(=O)(NCC1CCC(C(=O)NC=2C(OC)=CC=CC2)CC1)C3=CC4=C(N(C(C4)C)C(=O)C)C=C3,CCCNC(=O)N1CC(C)C(OC)CN(C)C(=O)c2cc(NS(=O)(=O)c3ccc(C)cc3)ccc2OCC1C
MTOR,Pre-trained hierVAE Generate,0.58,ClC1=C(NC(=O)CN2C=3C(C(=O)N(C2=O)CCCC(=O)NCCCOC)=CC=CC3)C=CC(=C1)C,CC1CCCCOC(CN(C)Cc2cccc(C(F)(F)F)c2)C(C)CN(C(C)CO)C(=O)c2cc(NC(=O)CCN3CCOCC3)ccc2O1
MTOR,Pre-trained hierVAE Generate,0.34,ClC1=CC(NC(=O)C=2C=3C(CN4CC(CCC4)C)=C(O)C=CC3OC2C)=CC=C1OC,COC1CN(C)C(=O)c2cc(NC(=O)c3ccc(F)cc3)ccc2OCC(C)N(CC2CCCCC2)CC1C
MTOR,Pre-trained hierVAE Generate,0.51,ClC1=C(NC(=O)CN2C=3C(C(=O)N(C2=O)CCCC(=O)NCCCOC)=CC=CC3)C=CC(=C1)C,CC1CN(C(C)CO)C(=O)Cc2cc(NC(=O)Nc3ccc(N(C)C)cc3)ccc2OC1CN(C)C(=O)Nc1cc(F)ccc1F
MTOR,Pre-trained hierVAE Generate,0.62,ClC1=C(NC(=O)CN2C=3C(C(=O)N(C2=O)CCCC(=O)NCCCOC)=CC=CC3)C=CC(=C1)C,CC1CCCCOC(CN(C)Cc2ccc(C(F)(F)F)cc2)C(C)CN(C(C)CO)C(=O)c2cc(NC(=O)CCN3CCOCC3)ccc2O1
MTOR,Pre-trained hierVAE Generate,0.36,FC=1C=CC(NC(=O)CN2C=3C(C(=O)N(C2=O)CCC(=O)NCCC4=CC=CC=C4)=CC=CC3)=CC1,O=C(NCCO)C(Cc1ccccc1)NC(=O)C1C(CO)C2Cn3c(ccc(C4=CCCC4)c3=O)C2N1C(=O)Nc1ccccc1F
MTOR,Pre-trained hierVAE Generate,0.48,ClC1=C(NC(=O)CN2C=3C(C(=O)N(C2=O)CCCC(=O)NCCCOC)=CC=CC3)C=CC(=C1)C,CC1CCCCOC(CN(C)C(=O)CCC(F)(F)F)C(C)CN(C(C)CO)C(=O)c2cc(NC(=O)CCC(F)(F)F)ccc2O1
MTOR,Pre-trained hierVAE Generate,0.42,O1C(=O)C(N(CC1)CC)CC(=O)NC=2C(OC)=CC=C(C2)C,CCCCCC(=O)Nc1ccc2c(c1)C(=O)N(C)CC(OC)C(C)CN(C(=O)C1CC1)C(C)CO2
MTOR,Pre-trained hierVAE Generate,0.54,C1(=O)C=C(N=C2N(C(=NN21)C)CC=3C=CC=C(C(F)(F)F)C3C)N4CC(OCC4)C,CC1CN(C(C)CO)C(=O)CCCn2cc(nn2)COC1CN(C)Cc1cccc(C(F)(F)F)c1
MTOR,Pre-trained hierVAE Generate,0.4,FC1=C(C=2N=C3N(C(=O)N(C3=C(N2)C(=O)N)CC(OCC)=O)C4=C(OC)C=CC=C4)C=CC=C1,COc1ccccc1CNC(=O)C1C(CO)C2Cn3c(ccc(-c4ccccc4F)c3=O)C2N1C(=O)Nc1ccccc1F
MTOR,Pre-trained hierVAE Generate,0.22,O1N=C(N=C1CCCC(=O)NC=2C=CC(=CC2)CC)C=3OC=CC3,Cc1cccc(CCC(=O)Nc2cc(C)on2)c1
MTOR,Pre-trained hierVAE Generate,0.4,S(=O)(=O)(NCC1CCC(C(=O)NC=2C(OC)=CC=CC2)CC1)C3=CC4=C(N(C(C4)C)C(=O)C)C=C3,CC1CCCCOC(CN(C)Cc2ccc(C(F)(F)F)cc2)C(C)CN(C(C)CO)C(=O)c2cc(NS(=O)(=O)c3cccs3)ccc2O1
MTOR,Pre-trained hierVAE Generate,0.53,S(=O)(=O)(N1CCC2(OCCO2)CC1)C=3C=C4C(OC(=C4C)C(=O)NC=5C(OC)=CC=C(C5)C)=CC3,Cc1ccc(S(=O)(=O)N(C)CC2OCCCCC(C)Oc3ccc(N(C)C)cc3C(=O)N(C(C)CO)CC2C)cc1
MTOR,Pre-trained hierVAE Generate,0.03,ClC1=C(NC(=O)CN2C=3C(C(=O)N(C2=O)CCCC(=O)NCCCOC)=CC=CC3)C=CC(=C1)C,COC1CN(C)C(=O)c2cc(NC(=O)NC(C)C)ccc2OCC(C)N(CCC(F)(F)F)CC1C
MTOR,Pre-trained hierVAE Generate,0.1,ClC1=CC(NC(=O)C=2C=3C(CN4CC(CCC4)C)=C(O)C=CC3OC2C)=CC=C1OC,CCCC(=O)Nc1ccc2c(c1)OCC(C)N(C(=O)c1cccc(F)c1)CC(C)C(OC)CN(C)C2=O
MTOR,Pre-trained hierVAE Generate,0.65,S(=O)(=O)(N)C1=CC=C(C=C1)CCNC(=O)C2CC3=C(OC2)C=CC=C3,CCCNC(=O)CC1CC2c3cc(NS(C)(=O)=O)ccc3OC2C(CO)O1
MTOR,Pre-trained hierVAE Generate,0.81,ClC1=C(NC(=O)CN2C=3C(C(=O)N(C2=O)CCCC(=O)NCCCOC)=CC=CC3)C=CC(=C1)C,CC1CN(C(C)CO)C(=O)Cc2cc(NC(=O)CCC(F)(F)F)ccc2OC1CN(C)Cc1ccc(Cl)c(Cl)c1
MTOR,Pre-trained hierVAE Generate,0.32,C1(=CC=C(C=C1)C2=CN=C3C(=N2)N(CC(N3)=O)CCC4CCOCC4)C=5NN=CN5,CCCC1CCn2cc(nn2)COCC(Cc2ccccc2)NC1=O
MTOR,Pre-trained hierVAE Generate,0.57,ClC1=C(NC(=O)CN2C=3C(C(=O)N(C2=O)CCCC(=O)NCCCOC)=CC=CC3)C=CC(=C1)C,CCCNC(=O)Nc1ccc2c(c1)C(=O)N(C)CC(OC)C(C)CN(Cc1ccccc1F)C(C)CO2
MTOR,Pre-trained hierVAE Generate,0.65,O=C1N(C=C(C2=C1N(C3=C2C=CC=C3)C)C(=O)NCCCOCC)CC(C)C,CCCCCCC(=O)N1C(C(=O)NCc2ccc(OC)cc2)C(CO)C2Cn3c(ccc(-c4ccccc4)c3=O)C21
MTOR,Pre-trained hierVAE Generate,0.58,O1C2=C(N(C(=O)C1)CCCC(=O)NCC3=CC=C(OC)C=C3)C=C(C=C2)C,COc1ccc(CNC(=O)CC2CCC3C(COc4ccc(NC(=O)c5ccc(F)cc5)cc4C(=O)N3C)O2)cc1
MTOR,Pre-trained hierVAE Generate,0.51,ClC1=C(NC(=O)CN2C=3C(C(=O)N(C2=O)CCCC(=O)NCCCOC)=CC=CC3)C=CC(=C1)C,CC1CCCCOC(CN(C)Cc2cccnc2)C(C)CN(C(C)CO)C(=O)c2cc(NC(=O)CCC(F)(F)F)ccc2O1
MTOR,Pre-trained hierVAE Generate,0.73,ClC1=CC(NC(=O)C=2C=3C(CN4CC(CCC4)C)=C(O)C=CC3OC2C)=CC=C1OC,CC1CN(C(C)CO)C(=O)c2cc(NC(=O)c3ccc(C(C)(C)C)cc3)ccc2OC1CN(C)C(=O)CCC(F)(F)F
MTOR,Pre-trained hierVAE Generate,0.09,S(=O)(=O)(NCC1CCC(C(=O)NC=2C(OC)=CC=CC2)CC1)C3=CC4=C(N(C(C4)C)C(=O)C)C=C3,CC1CCCCOC(CN(C)C(=O)c2ccccc2)C(C)CN(C(C)CO)C(=O)c2cc(NS(=O)(=O)c3ccccc3)ccc2O1
MTOR,Pre-trained hierVAE Generate,0.34,S(=O)(=O)(NCC1CCC(C(=O)NC=2C(OC)=CC=CC2)CC1)C3=CC4=C(N(C(C4)C)C(=O)C)C=C3,CCCNC(=O)N1CC(C)OC(C)c2cc(NS(=O)(=O)c3ccc(C)cc3)ccc2N(C)C(=O)CC(OC)C1
MTOR,Pre-trained hierVAE Generate,0.69,N=1C2=C(CO[C@@]2(C)CC(C)(C)O)C(=NC1C=3C=CC(NC(NCC)=O)=CC3)N4CCOC[C@@H]4C,CCNC(=O)CC1CCC(NC(=O)NC(C)C)C(CO)O1
MTOR,Pre-trained hierVAE Generate,0.67,ClC1=C(NC(=O)CN2C=3C(C(=O)N(C2=O)CCCC(=O)NCCCOC)=CC=CC3)C=CC(=C1)C,CCCNC(=O)Nc1ccc2c(c1)C(=O)N(C)CC(OC)C(C)CN(Cc1ccccc1F)C(C)CO2
MTOR,Pre-trained hierVAE Generate,0.38,S(=O)(=O)(NCC1CCC(C(=O)NC=2C(OC)=CC=CC2)CC1)C3=CC4=C(N(C(C4)C)C(=O)C)C=C3,CC1CCCCOC(CN(C)CC2CCCCC2)C(C)CN(C(C)CO)C(=O)c2cc(NS(=O)(=O)c3cccc(C#N)c3)ccc2O1
MTOR,Pre-trained hierVAE Generate,0.61,ClC1=C(NC(=O)CN2C=3C(C(=O)N(C2=O)CCCC(=O)NCCCOC)=CC=CC3)C=CC(=C1)C,CCCNC(=O)Nc1ccc2c(c1)C(=O)N(C(C)CO)CC(C)C(CN(C)Cc1cccnc1)OCCCCC(C)O2
MTOR,Pre-trained hierVAE Generate,0.57,O1C2=C(C=C(C1=O)C(=O)NC3=CC=C(C=C3)C(OCCN(CC)CC)=O)C=CC=C2OC,CCC(=O)N1CC(C)C(OC)CN(C)C(=O)c2ccc(NC(=O)c3ccc(OC)cc3)cc2OCC1C
MTOR,Pre-trained hierVAE Generate,0.35,ClC1=C(NC(=O)CN2C=3C(C(=O)N(C2=O)CCCC(=O)NCCCOC)=CC=CC3)C=CC(=C1)C,CCCNC(=O)Nc1ccc2c(c1)C(=O)N(C)CC(OC)C(C)CN(Cc1ccc(F)cc1)C(C)CO2
MTOR,Pre-trained hierVAE Generate,0.56,ClC1=C(NC(=O)CN2C=3C(C(=O)N(C2=O)CCCC(=O)NCCCOC)=CC=CC3)C=CC(=C1)C,CN1C(=O)c2cc(NC(=O)Nc3ccccc3F)ccc2OCC2OC(CC(=O)NCc3ccccc3F)CCC21
MTOR,Pre-trained hierVAE Generate,0.44,O=C(NCC1(N(C)C)CCCCC1)C=2C=CC(C(C)(C)C)=CC2,CC(C)(C)c1cccc(C(=O)NCCCNC(=O)CCNC(=O)CCNC(=O)CCNC(=O)CCNC(=O)CCNC(=O)CCNC(=O)CCNC(=O)CCNC(=O)CCNC(=O)CCNC(=O)CCNC(=O)CCN)c1
MTOR,Pre-trained hierVAE Generate,0.42,O1C(=NC(=C1C)CN2C3=C(CC2)C=CC=C3)C=4C=CC(=CC4)C(=O)NCC5=CC=C(OCCCC)C=C5,CC1CN(C(C)CO)C(=O)c2c(c3ccccc3n2C)-c2ccccc2COC1CN(C)C(=O)C1CCCCC1
MTOR,Pre-trained hierVAE Generate,0.5,ClC1=C(NC(=O)CN2C=3C(C(=O)N(C2=O)CCCC(=O)NCCCOC)=CC=CC3)C=CC(=C1)C,CC(C)NC(=O)Nc1ccc2c(c1)C(=O)N(C(C)CO)CC(C)C(CN(C)C(=O)CCC(F)(F)F)O2
MTOR,Pre-trained hierVAE Generate,0.72,O1C2=C(N(C(=O)CCC(=O)NC3=C(OCC)C=CC(OCC)=C3)CC1)C=CC=C2,CCCCCC(=O)Nc1ccc2c(c1)OCC(C)N(C(=O)c1cccc(F)c1)CC(C)C(OC)CN(C)C2=O
MTOR,Pre-trained hierVAE Generate,0.42,S(=O)(=O)(NCC1CCC(C(=O)NC=2C(OC)=CC=CC2)CC1)C3=CC4=C(N(C(C4)C)C(=O)C)C=C3,CCCNC(=O)N1CC(C)C(OC)CN(C)C(=O)c2cc(NS(=O)(=O)c3cccc(C)c3)ccc2OCC1C
MTOR,Pre-trained hierVAE Generate,0.49,BrCC(=O)NC([C@@H]1C[C@](NCC(O)COC=2C(CC=C)=CC=CC2)(CCC1)C)(C)C,CCCNC(=O)CCCCCCCCCCCCCCCCCCCCC(=O)Nc1ccc(C(O)C(C)(C)C)cc1
MTOR,Pre-trained hierVAE Generate,0.37,ClC=1C=C(N2CCN(CC2)CCCNC(=O)CN3C=4C(OCC3=O)=CC=C(S(=O)(=O)N(CC)CC)C4)C(=CC1)C,CCCCCC(=O)Nc1ccc2c(c1)OC(CN(C)Cc1ccc(C(F)(F)F)cc1)C(C)CN(C(C)CO)S2(=O)=O
MTOR,Pre-trained hierVAE Generate,0.51,ClC1=C(NC(=O)CN2C=3C(C(=O)N(C2=O)CCCC(=O)NCCCOC)=CC=CC3)C=CC(=C1)C,CC1CCCCOC(CN(C)Cc2ccncc2)C(C)CN(C(C)CO)C(=O)c2cc(NC(=O)CCN3CCOCC3)ccc2O1
MTOR,Pre-trained hierVAE Generate,0.36,[N+](C(COC=1C=CC(/C=C/C=2C=CC=CC2)=CC1)C)(C)(C)C,CCCCOc1ccc(C(C)(C)C)cc1
MTOR,Pre-trained hierVAE Generate,0.58,S(=O)(=O)(N1CCC2(OCCO2)CC1)C=3C=C4C(OC(=C4C)C(=O)NC=5C(OC)=CC=C(C5)C)=CC3,COC1CN(C)C(=O)c2cc(NS(=O)(=O)c3ccc(C)cc3)ccc2OCC(C)N(C(=O)c2cccnc2)CC1C
MTOR,Pre-trained hierVAE Generate,0.45,O1C(=O)C(N(CC1)CC)CC(=O)NC=2C(OC)=CC=C(C2)C,CCCN1CC(C)C(OC)CN(C)C(=O)c2cc(NC(=O)C3CCCCC3)ccc2OCC1C
MTOR,Pre-trained hierVAE Generate,0.42,S(=O)(=O)(NCC1CCC(C(=O)NC=2C(OC)=CC=CC2)CC1)C3=CC4=C(N(C(C4)C)C(=O)C)C=C3,CC1CCCCOC(CN(C)C(=O)c2ccccc2)C(C)CN(C(C)CO)C(=O)c2cc(NS(=O)(=O)c3ccccc3)ccc2O1
MTOR,Pre-trained hierVAE Generate,0.68,ClC=1C=C(NC(=O)CN2C=3C(C(=O)N(C2=O)CCCC(=O)NCCC4=CC=C(C=C4)C)=CC=CC3)C(=CC1)C,CC(C)(C)C(NC(=O)CCc1ccc(C(=O)Nc2ccccc2C(F)(F)F)cc1)C(=O)NCCCN1CCCCC1
MTOR,Pre-trained hierVAE Generate,0.21,C=1C=2C(=NC(C)=NC2N)C(C(=O)NC3=CN=C(C=C3)C)=C(C1)C,Cc1ncc(-c2ccc3ncnc(NC(=O)c4ccc(C(C)(C)C)cc4)c3c2)c(N)n1
MTOR,Pre-trained hierVAE Generate,0.43,O(CC1N(C(=O)C=2C(OC)=CC(OC)=CC2)CCC3=C1C=C(OC)C(OC)=C3)C4=CC=5OC(=O)C=C(C5C=C4)C,COC1CCC2CCN(C)C(=O)C(C)N(C)C(=O)c3cc(C#N)ccc3OCC1O2
MTOR,Pre-trained hierVAE Generate,0.4,ClC1=C(NC(=O)CN2C=3C(C(=O)N(C2=O)CCCC(=O)NCCCOC)=CC=CC3)C=CC(=C1)C,COc1ccc(NC(=O)N(C)CC2OCCCCC(C)Oc3ccc(NC(=O)NC4CCCCC4)cc3C(=O)N(C(C)CO)CC2C)cc1
MTOR,Pre-trained hierVAE Generate,0.18,O=C(NC=1C=C(C=C(C1)C)C)C2=C(N(N=C2)C3=CC(=C(C=C3)C)C)C4CCNCC4,Cc1cc(C)n(-c2ccc(C(=O)Nc3ccccc3C(=O)NCCCCCCCCCCCCCCCCC(=O)Nc3ccccc3C(=O)Nc3ccccc3C(=O)Nc3ccccc3C(=O)Nc3ccccc3C(=O)Nc3ccccc3C(=O)NCCCNCCCc3ccccc3)cc2)n1
MTOR,Pre-trained hierVAE Generate,0.35,O1C(=O)C(N(CC1)CC)CC(=O)NC=2C(OC)=CC=C(C2)C,CCCC(=O)Nc1ccc2c(c1)OCC(C)N(C(=O)C1CC1)CC(C)C(OC)CN(C)C2=O
MTOR,Pre-trained hierVAE Generate,0.37,S(=O)(=O)(NCC1CCC(C(=O)NC=2C(OC)=CC=CC2)CC1)C3=CC4=C(N(C(C4)C)C(=O)C)C=C3,CC1CCCCOC(CN(C)Cc2ccc(C(F)(F)F)cc2)C(C)CN(C(C)CO)C(=O)c2cc(NS(=O)(=O)c3cccs3)ccc2O1
MTOR,Pre-trained hierVAE Generate,0.76,ClC1=C(NC(=O)CN2C=3C(C(=O)N(C2=O)CCCC(=O)NCCCOC)=CC=CC3)C=CC(=C1)C,CC1CCCCOC(CN(C)Cc2ccc(C(F)(F)F)cc2)C(C)CN(C(C)CO)C(=O)c2cc(NC(=O)CCN3CCOCC3)ccc2O1
MTOR,Pre-trained hierVAE Generate,0.4,ClC1=C(NC(=O)CN2C=3C(C(=O)N(C2=O)CCCC(=O)NCCCOC)=CC=CC3)C=CC(=C1)C,CCCNC(=O)N1CC(C)C(OC)CN(C)C(=O)c2cc(NC(=O)c3ccccc3F)ccc2OCC1C
MTOR,Pre-trained hierVAE Generate,0.45,O1C2=C(N(C(=O)CCC(=O)NC3=C(OCC)C=CC(OCC)=C3)CC1)C=CC=C2,CCCCC(=O)Nc1ccc2c(c1)C(=O)N(C)CC(OC)C(C)CN(C(=O)c1ccncc1)C(C)CO2
MTOR,Pre-trained hierVAE Generate,0.1,S(=O)(=O)(N1CCC2(OCCO2)CC1)C=3C=C4C(OC(=C4C)C(=O)NC=5C(OC)=CC=C(C5)C)=CC3,COC1CN(C)C(=O)c2cc(NS(=O)(=O)c3ccc(C)cc3)ccc2OCC(C)N(C(C)=O)CC1C
MTOR,Pre-trained hierVAE Generate,0.52,ClC1=C(NC(=O)CN2C=3C(C(=O)N(C2=O)CCCC(=O)NCCCOC)=CC=CC3)C=CC(=C1)C,CC1CCCCOC(CN(C)C(=O)Nc2ccc(F)cc2)C(C)CN(C(C)CO)C(=O)c2cc(NC(=O)NC3CCCCC3)ccc2O1
MTOR,Pre-trained hierVAE Generate,0.32,O=C1N(C2=C(N3C1=CC=C3)C=CC=C2)CCCC(=O)NCC4=C(OC)C=CC=C4,COc1ccc(CN2CCC(CN3CCCC3)CC2)cc1CNC(=O)CCCN1CCCC1
MTOR,Pre-trained hierVAE Generate,0.23,C1=CN=C2C(C(/C=C/3\OC=4C(=C(C=CC4)O)C3=O)=CN2CC)=C1C5=CC=C(C=C5)C(N6CCN(CC6)CCO)=O,CCCNC(=O)C1C(CO)C2c3ccc(-c4ncccn4)c(=O)n3CC1N2C(=O)c1ccc(-c2ccccc2)cc1
MTOR,Pre-trained hierVAE Generate,0.4,O[C@@H]1[C@@]2([C@H]([C@H]3[C@@H](C=4C(CC3)=CC(O)=C(OC)C4)CC2)CC1)C,CCCCCCC(O)C(C)(C)C
MTOR,Pre-trained hierVAE Generate,0.42,O=C1N(C=C(C2=C1N(C3=C2C=CC=C3)C)C(=O)NCCCOCC)CC(C)C,CC1CN(C(C)CO)C(=O)c2c(c3ccccc3n2C)-c2ccccc2COC1CN(C)C(=O)CCN1CCOCC1
MTOR,Pre-trained hierVAE Generate,0.45,O1C2=C(C=C(C1=O)C(=O)NC3=CC=C(C=C3)C(OCCN(CC)CC)=O)C=CC=C2OC,CCCCCC(=O)Nc1ccc2c(c1)OCC(C)N(C(=O)c1ccc3c(c1)OCO3)CC(C)C(OC)CN(C)C2=O
MTOR,Pre-trained hierVAE Generate,0.36,ClC1=C(NC(=O)CN2C=3C(C(=O)N(C2=O)CCCC(=O)NCCCOC)=CC=CC3)C=CC(=C1)C,CCCNC(=O)N1CC(C)C(OC)CN(C)C(=O)c2cc(NC(=O)Cc3ccccc3)ccc2OCC1C
MTOR,Pre-trained hierVAE Generate,0.33,ClC1=CC(NC(=O)C=2C=3C(CN4CC(CCC4)C)=C(O)C=CC3OC2C)=CC=C1OC,CC1CCCCOC(CN(C)Cc2ccc(F)cc2)C(C)CN(C(C)CO)C(=O)c2cc(NC(=O)c3ccncc3)ccc2O1
MTOR,Pre-trained hierVAE Generate,0.32,O[C@]12C(C[C@H](O)C1)C=CCCC[C@@H](OC(=O)CC=C2)C,CCCCCCCCCCCCCCCCCCCCCCCCCCCCCCCCCCCCCCCCCCCCCCCCCCC(=O)O
MTOR,Pre-trained hierVAE Generate,0.71,O1C(=O)C(N(CC1)CC)CC(=O)NC=2C(OC)=CC=C(C2)C,CCCC(=O)Nc1ccc2c(c1)OCC(C)N(C(=O)CC)CC(C)C(OC)CN(C)C2=O
MTOR,Ours,0.91,O1C(=O)C(N(CC1)CC)CC(=O)NC=2C(OC)=CC=C(C2)C,CCCN1CC(C)C(OC)CN(C)C(=O)c2cc(NC(=O)CCN3CCOCC3)ccc2OCC1C
MTOR,Ours,0.89,S(=O)(=O)(N1CCN(CC1)C2=CC=C(OC)C=C2)C=3C(=O)N4C(SC=C4C)=NC3C,CC(C)(C)S(=O)N1C2Cn3c(ccc(C=Cc4ccccc4)c3=O)C1C(CO)C2C(=O)Nc1nccs1
MTOR,Ours,0.89,O=C1N(C(=O)C=2C(N1CC(=O)NC3=C(C=CC=C3)C)=CC=CC2)C4=CC=C(C=C4)CC(=O)NCC5OCCC5,CCCCC(=O)Nc1ccc2c(c1)C1CC(CC(=O)NCc3ccc(-c4ccccc4)cc3)OC(CO)C1O2
MTOR,Ours,0.89,O=C(NCCCN(CCCC)CC1=CC=CC=C1)C2=C3C(=NC(NC4=CC(OC)=C(OC)C=C4)=C2)C=CC=C3,COc1ccc(CNc2ncnc3ccc(C(=O)NCCCN4CCCCC4)cc23)cc1OC
MTOR,Ours,0.89,O=C(NCCCN(CCCC)CC1=CC=CC=C1)C2=C3C(=NC(NC4=CC(OC)=C(OC)C=C4)=C2)C=CC=C3,COc1ccc(CNc2ncnc3ccc(C(=O)NCCCN4CCCCC4)cc23)cc1OC
MTOR,Ours,0.89,O1C2=C(N(C(=O)C1)CCCC(=O)NCC3=CC=C(OC)C=C3)C=C(C=C2)C,COc1ccccc1C(=O)Nc1ccc2c(c1)C(=O)N(C)C1CCC(CC(=O)NCC3CC3)OC1CO2
MTOR,Ours,0.89,O1C2=C(N(C(=O)C1)CCCC(=O)NCC3=CC=C(OC)C=C3)C=C(C=C2)C,COc1ccccc1C(=O)Nc1ccc2c(c1)C(=O)N(C)C1CCC(CC(=O)NCC3CC3)OC1CO2
MTOR,Ours,0.89,O1C2=C(N(C(=O)C1)CCCC(=O)NCC3=CC=C(OC)C=C3)C=C(C=C2)C,COc1ccc(CNC(=O)CC2CCC3C(COc4ccc(NC(=O)Cc5ccccc5)cc4C(=O)N3C)O2)cc1
MTOR,Ours,0.89,ClC1=C(CN2C(=O)C=3N(C(OC4=CC(=C(C=C4)C)C)=NC3N(C2=O)C)C)C=CC=C1,COc1ccc(-c2cc3c(=O)n(Cc4ccc(F)cc4)c(=O)n(C)c3[nH]2)cc1
MTOR,Ours,0.89,BrCC(=O)NC([C@@H]1C[C@](NCC(O)COC=2C(CC=C)=CC=CC2)(CCC1)C)(C)C,CCCNC(=O)CC1OC(CO)C=CC1NC(=O)c1ccc(C(F)(F)F)cc1
MTOR,Ours,0.88,S1C=2C(NC(CC2C(=C1NC(=O)C=3C=CC(S(=O)(=O)N(CCOC)CCOC)=CC3)C(OCC)=O)(C)C)(C)C,CC1CN(C(C)CO)S(=O)(=O)c2ccc(NC(=O)CCCCC(C)(C)C)cc2OC1CN(C)Cc1ccc(C(=O)O)cc1
MTOR,Ours,0.88,O1C2=C(C=C(C1=O)C(=O)NC3=CC=C(C=C3)C(OCCN(CC)CC)=O)C=CC=C2OC,CCCN1CC(C)C(OC)CN(C)C(=O)c2ccc(NC(=O)c3ccncc3)cc2OCC1C
MTOR,Ours,0.88,O1C2=C(C=C(C1=O)C(=O)NC3=CC=C(C=C3)C(OCCN(CC)CC)=O)C=CC=C2OC,CCCN1CC(C)C(OC)CN(C)C(=O)c2cc(NC(=O)c3ccncc3)ccc2OCC1C
MTOR,Ours,0.88,O1C2=C(C=C(C1=O)C(=O)NC3=CC=C(C=C3)C(OCCN(CC)CC)=O)C=CC=C2OC,CCCN1CC(C)C(OC)CN(C)C(=O)c2cc(NC(=O)c3ccc(OC)cc3)ccc2OCC1C
MTOR,Ours,0.88,ClC1=CC(NC(=O)C=2C=3C(CN4CC(CCC4)C)=C(O)C=CC3OC2C)=CC=C1OC,CC1CCCCOC(CN(C)Cc2ccc(C(F)(F)F)cc2)C(C)CN(C(C)CO)C(=O)c2cc(N(C)C)ccc2O1
MTOR,Ours,0.88,ClC1=C(NC(=O)CN2C=3C(C(=O)N(C2=O)CCCC(=O)NCCCOC)=CC=CC3)C=CC(=C1)C,CC1CCCCOC(CN(C)Cc2ccc(C(F)(F)F)cc2)C(C)CN(C(C)CO)C(=O)c2cc(NC(=O)Nc3ccc(F)cc3)ccc2O1
MTOR,Ours,0.87,O=C(NCC(N1CCN(C2=CC=CC=C2)CC1)C=3C=NC=CC3)C(=O)NCC4=CN=CC=C4,CC(C)(C)c1ccc(C(=O)Nc2ccc(C(=O)NCCCNCCCCN3CCN(Cc4ccccc4)CC3)cc2)cc1
MTOR,Ours,0.87,O1C(=O)C(N(CC1)CC)CC(=O)NC=2C(OC)=CC=C(C2)C,CCCN1CC(C)C(OC)CN(C)C(=O)c2cc(NC(=O)C3CCOCC3)ccc2OCC1C
MTOR,Ours,0.87,O1C(=O)C(N(CC1)CC)CC(=O)NC=2C(OC)=CC=C(C2)C,CCCN1CC(C)C(OC)CN(C)C(=O)c2cc(NC(=O)C3CCOCC3)ccc2OCC1C
MTOR,Ours,0.87,ClC1=C(NC(=O)CN2C=3C(C(=O)N(C2=O)CCCC(=O)NCCCOC)=CC=CC3)C=CC(=C1)C,CCCNC(=O)N1CC(C)C(OC)CN(C)C(=O)c2cc(NC(=O)c3cccc(F)c3)ccc2OCC1C
MTOR,Ours,0.87,ClC1=C(NC(=O)CN2C=3C(C(=O)N(C2=O)CCCC(=O)NCCCOC)=CC=CC3)C=CC(=C1)C,CC(C)NC(=O)Nc1ccc2c(c1)CC(=O)N(C(C)CO)CC(C)C(CN(C)Cc1ccc(C(F)(F)F)cc1)O2
MTOR,Ours,0.87,BrCC(=O)NC([C@@H]1C[C@](NCC(O)COC=2C(CC=C)=CC=CC2)(CCC1)C)(C)C,CNCC(=O)NCC(=O)NCC(=O)NCC(=O)NCC(=O)NCC(=O)NCC(=O)NCC(=O)NCC(=O)NCC(=O)NC(CC(C)C)C(=O)NCC(=O)NCc1ccccc1OC
MTOR,Ours,0.86,[S+](O)(=O)(N(OC(C)C)C(C(O)=NO)C(C)C)C1=CC=C(C=C1)C2=CC=CC=C2,CC(C)(C)NS(=O)(=O)c1ccc(C(=O)NS(=O)(=O)c2ccc(C=CC(=O)NC(C(=O)O)C(C)(C)C)cc2)cc1
MTOR,Ours,0.86,S(=O)(=O)(N1CCC2(OCCO2)CC1)C=3C=C4C(OC(=C4C)C(=O)NC=5C(OC)=CC=C(C5)C)=CC3,COC1CN(C)C(=O)c2cc(NS(=O)(=O)c3ccc(C)cc3)ccc2OCC(C)N(C(=O)Cc2ccccc2)CC1C
MTOR,Ours,0.86,O=C(NCCC1=CC=CC=C1)C2=C(N(N=C2)C3=C(C=C(C=C3)C)C)C4CCN(CC4)C(OC(C)(C)C)=O,CC(C)(C)c1ccc(C(=O)c2ccc(C(=O)NC3CC(Cc4ccccc4)NC3C(=O)NCCCN3CCNCC3)cc2)cc1
MTOR,Ours,0.86,O1C=2C(C(=O)C(OC3=CC(=CC(=C3)C)C)=C1)=CC=C(OCC(=O)NC4CCCCC4)C2,COc1ccccc1CNC(=O)CC1CCC(NC(=O)c2ccc(F)cc2)C(CO)O1
MTOR,Ours,0.86,O1C=2C(C(=O)C(OC3=CC(=CC(=C3)C)C)=C1)=CC=C(OCC(=O)NC4CCCCC4)C2,CCOC(=O)CC1C=CC(NC(=O)c2ccc(F)cc2)C(CO)O1
MTOR,Ours,0.86,O1C2=C(N(C(=O)CCC(=O)NC3=C(OCC)C=CC(OCC)=C3)CC1)C=CC=C2,CCCCCC(=O)Nc1ccc2c(c1)OCC(C)N(C(=O)c1ccccc1)CC(C)C(OC)CN(C)C2=O
MTOR,Ours,0.86,O1C2=C(N(C(=O)CCC(=O)NC3=C(OCC)C=CC(OCC)=C3)CC1)C=CC=C2,CCCCC(=O)Nc1ccc2c(c1)C(=O)N(C)CC(OC)C(C)CN(C(=O)c1ccccn1)C(C)CO2
MTOR,Ours,0.86,O1C2=C(C=C(C1=O)C(=O)NC3=CC=C(C=C3)C(OCCN(CC)CC)=O)C=CC=C2OC,COC1CN(C)C(=O)c2cc(NC(=O)c3ccncc3)ccc2OCC(C)N(CC2CCCCC2)CC1C
MTOR,Ours,0.86,O1C2=C(C=C(C1=O)C(=O)NC3=CC=C(C=C3)C(OCCN(CC)CC)=O)C=CC=C2OC,CCCC(=O)Nc1ccc2c(c1)C(=O)N(C)CC(OC)C(C)CN(C(=O)c1ccc(OC)cc1)C(C)CO2
MTOR,Ours,0.86,N#CC1(C(C1(CCC)C)(C#N)C#N)C#N,CCCCCCCC=Cc1ccc(C=Cc2ccc(C#N)cc2)cc1
MTOR,Ours,0.86,ClC1=CC(NC(=O)C=2C=3C(CN4CC(CCC4)C)=C(O)C=CC3OC2C)=CC=C1OC,COC1CN(C)C(=O)c2ccc(NC(=O)C3CCCC3)cc2OCC(C)N(Cc2ccc(Cl)cc2)CC1C
MTOR,Ours,0.86,ClC1=C(OCC(O)CN2C3=C(N(C(=O)NC3=O)C)N=C2NCC)C=CC(Cl)=C1,COc1ccc(CNC(=O)CC2CC3c4cc(NC(=O)Nc5ccc(C(F)(F)F)cc5)ccc4OC3C(CO)O2)cc1
MTOR,Ours,0.86,ClC1=C(NC(=O)CN2C=3C(C(=O)N(C2=O)CCCC(=O)NCCCOC)=CC=CC3)C=CC(=C1)C,CCCNCCCN1CC(C)C(OC)CN(C)C(=O)c2cc(NC(=O)c3ccc(C(F)(F)F)cc3)ccc2OCC1C
MTOR,Ours,0.86,ClC1=C(NC(=O)CN2C=3C(C(=O)N(C2=O)CCCC(=O)NCCCOC)=CC=CC3)C=CC(=C1)C,CCCNC(=O)Nc1ccc2c(c1)C(=O)N(C)CC(OC)C(C)CN(C(=O)c1ccccn1)C(C)CO2
MTOR,Ours,0.86,ClC1=C(NC(=O)CN2C=3C(C(=O)N(C2=O)CCCC(=O)NCCCOC)=CC=CC3)C=CC(=C1)C,CCCNC(=O)Nc1ccc2c(c1)C(=O)N(C)CC(OC)C(C)CN(C(=O)c1ccccn1)C(C)CO2
MTOR,Ours,0.86,ClC1=C(NC(=O)CN2C=3C(C(=O)N(C2=O)CCCC(=O)NCCCOC)=CC=CC3)C=CC(=C1)C,CC1CCCCOC(CN(C)Cc2cccnc2)C(C)CN(C(C)CO)C(=O)c2cc(NC(=O)NC3CCCCC3)ccc2O1
MTOR,Ours,0.86,ClC1=C(NC(=O)CN2C=3C(C(=O)N(C2=O)CCCC(=O)NCCCOC)=CC=CC3)C=CC(=C1)C,CC1CCCCOC(CN(C)C(=O)NC2CCCCC2)C(C)CN(C(C)CO)C(=O)c2cc(NC(=O)c3ccncc3)ccc2O1
MTOR,Ours,0.85,S(=O)(=O)(N1CCC(CC1)C(=O)NCC2=CC=C(F)C=C2)C=3C=C4OC(=O)N(C4=CC3)C,CC1CN(C(C)CO)C(=O)c2c(c3ccccc3n2C)-c2ccccc2COC1CN(C)S(=O)(=O)c1ccc(C(F)(F)F)cc1
MTOR,Ours,0.85,O=C1N(C=C(C2=C1N(C3=C2C=CC=C3)C)C(=O)NCCCOCC)CC(C)C,CN(C)CCCNC(=O)C1C(CO)C2Cn3c(ccc(-c4cncnc4)c3=O)C1N2Cc1ccccn1
MTOR,Ours,0.85,O=C(NCC=1C(=CC=CC1)C)C2CCCN(C2)C3=NN=C(C=4C3=NN(C4C)C5=CC=C(OC)C=C5)C,COc1ccc(CNC(=O)C2CCCN(Cc3ccc(-c4nc5ccccc5n4CC4CC4)cc3)C2)cc1
MTOR,Ours,0.85,O=C(NC1=C2N=C(C=CC2=CC=C1)C)C3=C4C(=CC=C3)C=CC=C4,O=C(Nc1ccccc1)c1ccccn1
MTOR,Ours,0.85,O1C(=O)C(N(CC1)CC)CC(=O)NC=2C(OC)=CC=C(C2)C,CCCN1CC(C)C(OC)CN(C)C(=O)c2ccc(NC(=O)C3CCCCC3)cc2OCC1C
MTOR,Ours,0.85,N=1C2=C(CO[C@@]2(C)CO)C(=NC1C=3C=CC(=CC3)NC(NCC)=O)N4CCOCC4,CCCCCC(=O)NCCC1OC(CO)CC2c3cc(NC(=O)Cc4ccncc4)ccc3OC12
MTOR,Ours,0.85,FC=1C=CC(NC(=O)CN2C=3C(C(=O)N(C2=O)CCC(=O)NCCC4=CC=CC=C4)=CC=CC3)=CC1,O=C(NCc1ccc(F)cc1)C1C(CO)C2Cn3c(ccc(-c4cccc(F)c4)c3=O)C2N1CCO
MTOR,Ours,0.85,ClC=1C=C(N2CCN(CC2)CCCNC(=O)CN3C=4C(OCC3=O)=CC=C(S(=O)(=O)N(CC)CC)C4)C(=CC1)C,CC1CN(C(C)CO)S(=O)(=O)c2ccc(-c3ccccc3C(=O)N(C)C)cc2OC1CN(C)C(=O)Nc1ccc(C(F)(F)F)cc1
MTOR,Ours,0.85,ClC=1C=C(N2CCN(CC2)CCCNC(=O)CN3C=4C(OCC3=O)=CC=C(S(=O)(=O)N(CC)CC)C4)C(=CC1)C,CC1CCCCOC(CN(C)S(=O)(=O)c2ccc(C(F)(F)F)cc2)C(C)CN(C(C)CO)C(=O)c2cc(NC(=O)C3CCCCC3)ccc2O1
MTOR,Ours,0.85,ClC1=C(OCC(=O)NC2=C(OC)C=CC(NC(=O)C=3OC=CC3)=C2)C=CC=C1,COC(=O)CC1C=CC(NC(=O)c2ccc(F)cc2)C(CO)O1
MTOR,Ours,0.85,ClC1=C(NC(=O)CN2C=3C(C(=O)N(C2=O)CCCC(=O)NCCCOC)=CC=CC3)C=CC(=C1)C,COC1CN(C)C(=O)c2cc(NC(=O)CCN3CCOCC3)ccc2OCC(C)N(C(=O)NC(C)C)CC1C
MTOR,Ours,0.85,ClC1=C(NC(=O)CN2C=3C(C(=O)N(C2=O)CCCC(=O)NCCCOC)=CC=CC3)C=CC(=C1)C,COC1CN(C)C(=O)c2cc(NC(=O)CCN3CCOCC3)ccc2OCC(C)N(C(=O)NC(C)C)CC1C
MTOR,Ours,0.85,ClC1=C(NC(=O)CN2C=3C(C(=O)N(C2=O)CCCC(=O)NCCCOC)=CC=CC3)C=CC(=C1)C,CCCNC(=O)Nc1ccc2c(c1)C(=O)N(C)CC(OC)C(C)CN(C(=O)c1cccc(F)c1)C(C)CO2
MTOR,Ours,0.85,ClC1=C(NC(=O)CN2C=3C(C(=O)N(C2=O)CCCC(=O)NCCCOC)=CC=CC3)C=CC(=C1)C,CCCNC(=O)N1CC(C)C(OC)CN(C)C(=O)c2ccc(NC(=O)c3ccc(C)cc3)cc2OCC1C
MTOR,Ours,0.85,ClC1=C(NC(=O)CN2C=3C(C(=O)N(C2=O)CCCC(=O)NCCCOC)=CC=CC3)C=CC(=C1)C,CC1CN(C(C)CO)C(=O)c2cc(NC(=O)CCN3CCOCC3)ccc2OC1CN(C)C(=O)Nc1ccc(C(F)(F)F)cc1
MTOR,Ours,0.85,ClC1=C(NC(=O)CN2C=3C(C(=O)N(C2=O)CCCC(=O)NCCCOC)=CC=CC3)C=CC(=C1)C,CC1CN(C(C)CO)C(=O)c2cc(NC(=O)CCC(F)(F)F)ccc2OC1CN(C)Cc1ccc(C(=O)O)cc1
MTOR,Ours,0.85,ClC1=C(NC(=O)CN2C=3C(C(=O)N(C2=O)CCCC(=O)NCCCOC)=CC=CC3)C=CC(=C1)C,CC1CCCCOC(CN(C)Cc2ccccn2)C(C)CN(C(C)CO)C(=O)c2cc(NC(=O)CCC(F)(F)F)ccc2O1
MTOR,Ours,0.85,ClC1=C(NC(=O)CN2C=3C(C(=O)N(C2=O)CCCC(=O)NCCCOC)=CC=CC3)C=CC(=C1)C,CC1CCCCOC(CN(C)Cc2ccccn2)C(C)CN(C(C)CO)C(=O)c2cc(NC(=O)CCC(F)(F)F)ccc2O1
MTOR,Ours,0.85,C1CN(CCO1)C2=NC(=CN3C2=NC(=C3)C(NC4CCOCC4)=O)C5=CN=C(N=C5)N,NC1COCC2OC(CC(=O)NC3CCCC3)CCC2N(Cc2nccs2)C1
MTOR,Ours,0.85,C1=CN=C2C(C(=CN2C)/C=C/3\OC=4C(=C(C=CC4)O)C3=O)=C1N5CCC(CC5)C(N6CCN(CC6)CCO)=O,COc1ccc(CNC(=O)CC2CC3c4cc(NC(=O)CN5CCOCC5)ccc4OC3C(CO)O2)cc1
MTOR,Ours,0.85,BrC1=CC(F)=C(NC(=O)C2=CC(S(=O)(=O)NC3CCCCC3)=CC=C2F)C=C1,CC(C)(C)c1ccccc1C(=O)c1ccc(S(=O)(=O)NC(=O)CCCCCC(=O)Nc2ccccc2C(=O)Nc2ccccc2C(=O)O)cc1
MTOR,Ours,0.84,S(=O)(=O)(NCC1=CC=2OCOC2C=C1)C=3C(F)=CC=C(C3)C(=O)NC=4C=C(C=CC4)C,Cc1ccc(S(=O)(=O)Nc2ccc3c(c2)C2CC(CC(=O)NCc4cccc(F)c4)OC(CO)C2O3)cc1
MTOR,Ours,0.84,S(=O)(=O)(NCC1=CC=2OCOC2C=C1)C=3C(F)=CC=C(C3)C(=O)NC=4C=C(C=CC4)C,Cc1ccc(CNC(=O)CC2CC3c4cc(NS(=O)(=O)c5ccc(F)cc5)ccc4OC3C(CO)O2)cc1
MTOR,Ours,0.84,S(=O)(=O)(NCC1=CC=2OCOC2C=C1)C=3C(F)=CC=C(C3)C(=O)NC=4C=C(C=CC4)C,CS(=O)(=O)c1ccc(S(=O)(=O)Nc2ccc3c(c2)C2CC(CC(=O)NCc4ccccc4F)OC(CO)C2O3)cc1
MTOR,Ours,0.84,S(=O)(=O)(NCC1=CC=2OCOC2C=C1)C=3C(F)=CC=C(C3)C(=O)NC=4C=C(C=CC4)C,COc1ccc(CNC(=O)CC2CC3c4cc(NS(=O)(=O)c5ccc(F)cc5)ccc4OC3C(CO)O2)cc1
MTOR,Ours,0.84,O=C1N(CCC(=O)NCC2=CC=3OCOC3C=C2)C(=O)C4=C(N1CC(=O)NC=5C(OCC)=CC=CC5)C=CC=C4,COc1ccc(NC(=O)Nc2ccc3c(c2)C2CC(CC(=O)NCCN4CCCCC4)OC(CO)C2O3)cc1
MTOR,Ours,0.84,O=C1N(C(=O)C=2C(N1CC(=O)NC3=C(C=CC=C3)C)=CC=CC2)C4=CC=C(C=C4)CC(=O)NCC5OCCC5,CC(C)NC(=O)Nc1ccc2c(c1)C1CC(CC(=O)NCCc3ccccc3)OC(CO)C1O2
MTOR,Ours,0.84,O1C2=C(N(C(=O)C1)CCCC(=O)NCC3=CC=C(OC)C=C3)C=C(C=C2)C,COc1ccccc1C=C1C(=O)Nc2ccc(OCCN3CCOCC3)cc21
MTOR,Ours,0.84,O1C(=O)C(N(CC1)CC)CC(=O)NC=2C(OC)=CC=C(C2)C,COC1CN(C)C(=O)c2ccc(NC(=O)C3CCOCC3)cc2OCC(C)N(C(=O)C2CCOCC2)CC1C
MTOR,Ours,0.84,N(CCC1=CC=C(C(=C1)O)O)C(CCCCCCC/C=C\CCCCCCCC)=O,CCCCCCCCCCCCCCCCCCCCCCCCCCCCCCCCCCCCCCC(O)CNCCCNCCCCNCCCCNCC(O)c1ccc(O)c(O)c1
MTOR,Ours,0.84,N(C=1C=CC(=CC1)C=2N=C3C(=C(N2)N4CCOCC4)N=NN3CC)C(=O)NC5=CC=C(C(=O)NCCCN(C)C)C=C5,CC1CN(C(C)CO)C(=O)CCCn2cc(nn2)COC1CN(C)C(=O)Nc1ccc(C(F)(F)F)cc1
MTOR,Ours,0.84,N(C(=O)NC1=CC=C(C=C1)C2=NC3=C(C(=N2)N4[C@H](COCC4)C)CN(CC3)S(=O)(=O)C)CC,CC1CN(C(C)CO)S(=O)(=O)c2ccc(-c3cncnc3)cc2OC1CN(C)C(=O)Nc1ccc(F)cc1
MTOR,Ours,0.84,N(C(=O)NC1=CC=C(C=C1)C2=NC3=C(C(=N2)N4[C@H](COCC4)C)CN(CC3)S(=O)(=O)C)CC,CC(C)NC(=O)Nc1ccc2c(c1)OC(CN(C)Cc1ccc(C(F)(F)F)cc1)C(C)CN(C(C)CO)S2(=O)=O
MTOR,Ours,0.84,N(C(=O)NC1=CC=C(C=C1)C2=NC3=C(C(=N2)N4[C@H](COCC4)C)CN(CC3)S(=O)(=O)C)CC,CC(C)NC(=O)N(C)CC1Oc2cc(-c3cncnc3)ccc2S(=O)(=O)N(C(C)CO)CC1C
MTOR,Ours,0.84,ClC1=C(NC(=O)CN2C=3C(C(=O)N(C2=O)CCCC(=O)NCCCOC)=CC=CC3)C=CC(=C1)C,COC1CN(C)C(=O)c2ccc(NC(=O)c3ccccc3F)cc2OCC(C)NCC1C
MTOR,Ours,0.84,ClC1=C(NC(=O)CN2C=3C(C(=O)N(C2=O)CCCC(=O)NCCCOC)=CC=CC3)C=CC(=C1)C,CC1CN(C(C)CO)C(=O)c2cc(NC(=O)CCC(F)(F)F)ccc2OC1CN(C)CC1CC1
MTOR,Ours,0.84,ClC1=C(NC(=O)CN2C=3C(C(=O)N(C2=O)CCCC(=O)NCCCOC)=CC=CC3)C=CC(=C1)C,CC1CN(C(C)CO)C(=O)c2cc(N(C)C)ccc2OC1CN(C)C(=O)NC1CCCCC1
MTOR,Ours,0.84,ClC1=C(NC(=O)CN2C=3C(C(=O)N(C2=O)CCCC(=O)NCCCOC)=CC=CC3)C=CC(=C1)C,CC1CCCCOC(CN(C)Cc2ccncc2)C(C)CN(C(C)CO)C(=O)c2cc(NC(=O)CCC(F)(F)F)ccc2O1
MTOR,Ours,0.84,ClC1=C(NC(=O)CN2C=3C(C(=O)N(C2=O)CCCC(=O)NCCCOC)=CC=CC3)C=CC(=C1)C,CC1CCCCOC(CN(C)Cc2ccncc2)C(C)CN(C(C)CO)C(=O)c2cc(NC(=O)CCC(F)(F)F)ccc2O1
MTOR,Ours,0.84,ClC1=C(NC(=O)CN2C=3C(C(=O)N(C2=O)CCCC(=O)NCCCOC)=CC=CC3)C=CC(=C1)C,CC1CCCCOC(CN(C)Cc2ccncc2)C(C)CN(C(C)CO)C(=O)c2cc(NC(=O)CCC(F)(F)F)ccc2O1
MTOR,Ours,0.84,ClC1=C(NC(=O)CN2C=3C(C(=O)N(C2=O)CCCC(=O)NCCCOC)=CC=CC3)C=CC(=C1)C,CC1CCCCOC(CN(C)Cc2ccc(C(F)(F)F)cc2)C(C)CN(C(C)CO)C(=O)c2cc(NC(=O)CCN3CCOCC3)ccc2O1
MTOR,Ours,0.84,ClC1=C(NC(=O)CN2C=3C(C(=O)N(C2=O)CCCC(=O)NCCCOC)=CC=CC3)C=CC(=C1)C,CC1CCCCOC(CN(C)Cc2ccc(C(F)(F)F)cc2)C(C)CN(C(C)CO)C(=O)c2cc(NC(=O)CCN3CCOCC3)ccc2O1
MTOR,Ours,0.84,ClC1=C(NC(=O)CN2C=3C(C(=O)N(C2=O)CCCC(=O)NCCCOC)=CC=CC3)C=CC(=C1)C,CC1CCCCOC(CN(C)Cc2ccc(C(F)(F)F)cc2)C(C)CN(C(C)CO)C(=O)c2cc(NC(=O)CCN3CCOCC3)ccc2O1
MTOR,Ours,0.84,ClC1=C(NC(=O)CN2C=3C(C(=O)N(C2=O)CCCC(=O)NCCCOC)=CC=CC3)C=CC(=C1)C,CC1CCCCOC(CN(C)Cc2ccc(C(F)(F)F)cc2)C(C)CN(C(C)CO)C(=O)c2cc(NC(=O)CCN3CCOCC3)ccc2O1
MTOR,Ours,0.84,ClC1=C(NC(=O)CN2C=3C(C(=O)N(C2=O)CCCC(=O)NCCCOC)=CC=CC3)C=CC(=C1)C,CC1CCCCOC(CN(C)Cc2ccc(C(F)(F)F)cc2)C(C)CN(C(C)CO)C(=O)c2cc(NC(=O)CCN3CCOCC3)ccc2O1
MTOR,Ours,0.84,ClC1=C(NC(=O)CN2C=3C(C(=O)N(C2=O)CCCC(=O)NCCCOC)=CC=CC3)C=CC(=C1)C,CC1CCCCOC(CN(C)Cc2ccc(C(F)(F)F)cc2)C(C)CN(C(C)CO)C(=O)c2cc(NC(=O)CCCN(C)C)ccc2O1
MTOR,Ours,0.84,ClC1=C(NC(=O)CN2C=3C(C(=O)N(C2=O)CCCC(=O)NCCCOC)=CC=CC3)C=CC(=C1)C,CC1CCCCOC(CN(C)C(=O)NC2CCCCC2)C(C)CN(C(C)CO)C(=O)c2cc(N(C)C)ccc2O1
MTOR,Ours,0.83,S(=O)(=O)(N1CCN(CC1)C2=CC=C(OC)C=C2)C=3C(=O)N4C(SC=C4C)=NC3C,CC1CN(C(C)CO)S(=O)(=O)c2ccc(-c3ccccc3C(=O)N(C)C)cc2OC1CN(C)Cc1cccnc1
MTOR,Ours,0.83,O1C2=C(C=C(C1=O)C(=O)NC3=CC=C(C=C3)C(OCCN(CC)CC)=O)C=CC=C2OC,CCCN1CC(C)C(OC)CN(C)C(=O)c2cc(NC(=O)c3ccc(F)cc3)ccc2OCC1C
MTOR,Ours,0.83,N(C=1C=CC(=CC1)C=2N=C3C(=C(N2)N4CCOCC4)N=NN3CC)C(=O)NC5=CC=C(C(=O)NCCCN(C)C)C=C5,CCCNC(=O)N(C)CC1OCc2cn(nn2)CCCC(=O)N(C(C)CO)CC1C
MTOR,Ours,0.82,O=C1N(N=C(C2=C1N(C3=C2C=CC=C3)C)C(=O)NC4=CC=C(C=C4)C(OCCN(CC)CC)=O)C5=CC=C(C=C5)C,CCN(CC)CCOC(=O)c1ccc(-n2nc(-c3ccc(OC)cc3)c(-c3ccc(C(=O)OCCO)cc3)c2-c2ccc(OC)cc2)cc1
MTOR,Ours,0.82,O1C2=C(C=C(C1=O)C(=O)NC3=CC=C(C=C3)C(OCCN(CC)CC)=O)C=CC=C2OC,CC1CN(C(C)CO)C(=O)c2cc(N(C)C)ccc2OC1CN(C)Cc1ccc(C(=O)O)cc1
MTOR,Ours,0.82,O1C2=C(C(CN3CCC(CC3)C)=C(O)C=C2)C(=C1C)C(=O)NC=4C=CC=CC4,CC1CN(C(C)CO)C(=O)c2cccc(NC(=O)C3CCCCC3)c2OC1CN(C)Cc1ccncc1
MTOR,Ours,0.82,FC=1C=C2C(=O)C=3C4(N(C(=O)C3OC2=CC1)CCCOC)C5=C(N(C4=O)CC)C=CC=C5,COC1CN(C)C(=O)c2ccc(NC(=O)c3ccccc3F)cc2OCC(C)N(Cc2cocn2)CC1C
MTOR,Ours,0.82,ClC1=C(OCC(O)CN2C3=C(N(C(=O)NC3=O)C)N=C2NCC)C=CC(Cl)=C1,COc1ccc(CN2C3Cn4c(ccc(-c5cncnc5)c4=O)C2C(CO)C3C(=O)NCc2ccc(F)cc2)cc1
MTOR,Ours,0.82,ClC1=C(NC(=O)CN2C=3C(C(=O)N(C2=O)CCCC(=O)NCCCOC)=CC=CC3)C=CC(=C1)C,CC1CN(C(C)CO)C(=O)c2cc(NC(=O)CCN3CCOCC3)ccc2OC1CN(C)Cc1ccc(C(F)(F)F)cc1
MTOR,Ours,0.82,ClC1=C(NC(=O)CN2C=3C(C(=O)N(C2=O)CCCC(=O)NCCCOC)=CC=CC3)C=CC(=C1)C,CC1CCCCOC(CN(C)Cc2cccnc2)C(C)CN(C(C)CO)C(=O)c2cc(NC(=O)CCCN(C)C)ccc2O1
MTOR,Ours,0.82,C=1C=NC=2N(C=C(C=3C(NC(C3C4=CN=CC=N4)=O)=O)C2C1)CCCO,CC(C)C(NC(=O)C1C(CO)C2Cn3c(ccc(C4=CCCC4)c3=O)C2N1C(=O)C1CC1)c1ccccc1
MTOR,Ours,0.82,C1([C@@]2(O[C@H](C[C@@H]([C@@H](OC(CN(C)C(CNC([C@H](NC([C@H]3N(C1=O)CCCC3)=O)CCC4=CC=CC=C4)=O)=O)=O)C)OC)CC[C@H]2C)O)=O,CC1CN(C(C)CO)C(=O)c2cc(NC(=O)CCCN(C)C)ccc2OC1CN(C)Cc1ccc(C(=O)Nc2ccccc2N)cc1
MTOR,Ours,0.81,S(=O)(=O)(NCC1CCC(C(=O)NC=2C(OC)=CC=CC2)CC1)C3=CC4=C(N(C(C4)C)C(=O)C)C=C3,CC1CCCCOC(CN(C)Cc2ccc(C(F)(F)F)cc2)C(C)CN(C(C)CO)C(=O)c2cc(NS(=O)(=O)c3ccccc3)ccc2O1
MTOR,Ours,0.81,ClC1=C(NC(=O)CN2C=3C(C(=O)N(C2=O)CCCC(=O)NCCCOC)=CC=CC3)C=CC(=C1)C,CC1CCCCOC(CN(C)Cc2ccc(Oc3ccccc3)cc2)C(C)CN(C(C)CO)C(=O)c2cc(NC(=O)Nc3ccc(C(F)(F)F)cc3)ccc2O1
PIK3CA,Cosine Search,0.56,C=1C=2C(=NC(=NC2N)C)C(=C(C1)C)C(=O)NC=3C=NC(=CC3)OC,CC=C1/[C@H]2Cc3[nH]c(=O)ccc3[C@]1(N)CC(C)=C2
PIK3CA,Cosine Search,0.56,C=1C=2C(=NC(=NC2N)C)C(=C(C1)C)C(=O)NC=3C=NC(=CC3)OC,CC=C1/[C@H]2Cc3[nH]c(=O)ccc3[C@]1(N)CC(C)=C2
PIK3CA,Cosine Search,0.56,C=1C=2C(=NC(=NC2N)C)C(=C(C1)C)C(=O)NC=3C=NC(=CC3)OC,CC=C1/[C@H]2Cc3[nH]c(=O)ccc3[C@]1(N)CC(C)=C2
PIK3CA,Cosine Search,0.56,C=1C=2C(=NC(=NC2N)C)C(=C(C1)C)C(=O)NC=3C=NC(=CC3)OC,CC=C1/[C@H]2Cc3[nH]c(=O)ccc3[C@]1(N)CC(C)=C2
PIK3CA,Cosine Search,0.54,C(C)(=O)NC=1SC=2C(N1)=CC=C(C=3C=CN=C(N3)CCC4=CC=CC=C4)C2,CNC(=O)CCc1cc2ccccc2[nH]1
PIK3CA,Cosine Search,0.56,C=1C=2C(=NC(=NC2N)C)C(=C(C1)C)C(=O)NC=3C=NC(=CC3)OC,CC=C1/[C@H]2Cc3[nH]c(=O)ccc3[C@]1(N)CC(C)=C2
PIK3CA,Cosine Search,0.56,C=1C=2C(=NC(=NC2N)C)C(=C(C1)C)C(=O)NC=3C=NC(=CC3)OC,CC=C1/[C@H]2Cc3[nH]c(=O)ccc3[C@]1(N)CC(C)=C2
PIK3CA,Cosine Search,0.54,C(C)(=O)NC=1SC=2C(N1)=CC=C(C=3C=CN=C(N3)CCC4=CC=CC=C4)C2,CNC(=O)CCc1cc2ccccc2[nH]1
PIK3CA,Cosine Search,0.56,C=1C=2C(=NC(=NC2N)C)C(=C(C1)C)C(=O)NC=3C=NC(=CC3)OC,CC=C1/[C@H]2Cc3[nH]c(=O)ccc3[C@]1(N)CC(C)=C2
PIK3CA,Cosine Search,0.54,C(C)(=O)NC=1SC=2C(N1)=CC=C(C=3C=CN=C(N3)CCC4=CC=CC=C4)C2,CNC(=O)CCc1cc2ccccc2[nH]1
PIK3CA,Cosine Search,0.56,C=1C=2C(=NC(=NC2N)C)C(=C(C1)C)C(=O)NC=3C=NC(=CC3)OC,CC=C1/[C@H]2Cc3[nH]c(=O)ccc3[C@]1(N)CC(C)=C2
PIK3CA,Cosine Search,0.54,C(C)(=O)NC=1SC=2C(N1)=CC=C(C=3C=CN=C(N3)CCC4=CC=CC=C4)C2,CNC(=O)CCc1cc2ccccc2[nH]1
PIK3CA,Cosine Search,0.56,C=1C=2C(=NC(=NC2N)C)C(=C(C1)C)C(=O)NC=3C=NC(=CC3)OC,CC=C1/[C@H]2Cc3[nH]c(=O)ccc3[C@]1(N)CC(C)=C2
PIK3CA,Cosine Search,0.56,C=1C=2C(=NC(=NC2N)C)C(=C(C1)C)C(=O)NC=3C=NC(=CC3)OC,CC=C1/[C@H]2Cc3[nH]c(=O)ccc3[C@]1(N)CC(C)=C2
PIK3CA,Cosine Search,0.63,C1=CC(=CC=C1N2C=CC=N2)C=3SC(=NC3C)NC(=O)N4[C@@H](CCC4)C(=O)N,Nn1c(=O)c(Cc2ccco2)n[nH]c1=S
PIK3CA,Cosine Search,0.56,C=1C=2C(=NC(=NC2N)C)C(=C(C1)C)C(=O)NC=3C=NC(=CC3)OC,CC=C1/[C@H]2Cc3[nH]c(=O)ccc3[C@]1(N)CC(C)=C2
PIK3CA,Cosine Search,0.54,C(C)(=O)NC=1SC=2C(N1)=CC=C(C=3C=CN=C(N3)CCC4=CC=CC=C4)C2,CNC(=O)CCc1cc2ccccc2[nH]1
PIK3CA,Cosine Search,0.54,C(C)(=O)NC=1SC=2C(N1)=CC=C(C=3C=CN=C(N3)CCC4=CC=CC=C4)C2,CNC(=O)CCc1cc2ccccc2[nH]1
PIK3CA,Cosine Search,0.56,C=1C=2C(=NC(=NC2N)C)C(=C(C1)C)C(=O)NC=3C=NC(=CC3)OC,CC=C1/[C@H]2Cc3[nH]c(=O)ccc3[C@]1(N)CC(C)=C2
PIK3CA,Cosine Search,0.56,C=1C=2C(=NC(=NC2N)C)C(=C(C1)C)C(=O)NC=3C=NC(=CC3)OC,CC=C1/[C@H]2Cc3[nH]c(=O)ccc3[C@]1(N)CC(C)=C2
PIK3CA,Cosine Search,0.54,C(C)(=O)NC=1SC=2C(N1)=CC=C(C=3C=CN=C(N3)CCC4=CC=CC=C4)C2,CNC(=O)CCc1cc2ccccc2[nH]1
PIK3CA,Cosine Search,0.56,C=1C=2C(=NC(=NC2N)C)C(=C(C1)C)C(=O)NC=3C=NC(=CC3)OC,CC=C1/[C@H]2Cc3[nH]c(=O)ccc3[C@]1(N)CC(C)=C2
PIK3CA,Cosine Search,0.56,C=1C=2C(=NC(=NC2N)C)C(=C(C1)C)C(=O)NC=3C=NC(=CC3)OC,CC=C1/[C@H]2Cc3[nH]c(=O)ccc3[C@]1(N)CC(C)=C2
PIK3CA,Cosine Search,0.54,C(C)(=O)NC=1SC=2C(N1)=CC=C(C=3C=CN=C(N3)CCC4=CC=CC=C4)C2,CNC(=O)CCc1cc2ccccc2[nH]1
PIK3CA,Cosine Search,0.56,C=1C=2C(=NC(=NC2N)C)C(=C(C1)C)C(=O)NC=3C=NC(=CC3)OC,CC=C1/[C@H]2Cc3[nH]c(=O)ccc3[C@]1(N)CC(C)=C2
PIK3CA,Cosine Search,0.56,C=1C=2C(=NC(=NC2N)C)C(=C(C1)C)C(=O)NC=3C=NC(=CC3)OC,CC=C1/[C@H]2Cc3[nH]c(=O)ccc3[C@]1(N)CC(C)=C2
PIK3CA,Cosine Search,0.54,C(C)(=O)NC=1SC=2C(N1)=CC=C(C=3C=CN=C(N3)CCC4=CC=CC=C4)C2,CNC(=O)CCc1cc2ccccc2[nH]1
PIK3CA,Cosine Search,0.54,C(C)(=O)NC=1SC=2C(N1)=CC=C(C=3C=CN=C(N3)CCC4=CC=CC=C4)C2,CNC(=O)CCc1cc2ccccc2[nH]1
PIK3CA,Cosine Search,0.56,C=1C=2C(=NC(=NC2N)C)C(=C(C1)C)C(=O)NC=3C=NC(=CC3)OC,CC=C1/[C@H]2Cc3[nH]c(=O)ccc3[C@]1(N)CC(C)=C2
PIK3CA,Cosine Search,0.56,C=1C=2C(=NC(=NC2N)C)C(=C(C1)C)C(=O)NC=3C=NC(=CC3)OC,CC=C1/[C@H]2Cc3[nH]c(=O)ccc3[C@]1(N)CC(C)=C2
PIK3CA,Cosine Search,0.56,C=1C=2C(=NC(=NC2N)C)C(=C(C1)C)C(=O)NC=3C=NC(=CC3)OC,CC=C1/[C@H]2Cc3[nH]c(=O)ccc3[C@]1(N)CC(C)=C2
PIK3CA,Cosine Search,0.71,C=1C=CC(C(=O)NC2=CN=C(C=C2)C)=C3C1C(N)=NC(C)=N3,Cc1ccc(cc1)C(=O)/N=c2/cccc[nH]2
PIK3CA,Cosine Search,0.56,C=1C=2C(=NC(=NC2N)C)C(=C(C1)C)C(=O)NC=3C=NC(=CC3)OC,CC=C1/[C@H]2Cc3[nH]c(=O)ccc3[C@]1(N)CC(C)=C2
PIK3CA,Cosine Search,0.54,C(C)(=O)NC=1SC=2C(N1)=CC=C(C=3C=CN=C(N3)CCC4=CC=CC=C4)C2,CNC(=O)CCc1cc2ccccc2[nH]1
PIK3CA,Cosine Search,0.56,C=1C=2C(=NC(=NC2N)C)C(=C(C1)C)C(=O)NC=3C=NC(=CC3)OC,CC=C1/[C@H]2Cc3[nH]c(=O)ccc3[C@]1(N)CC(C)=C2
PIK3CA,Cosine Search,0.71,C=1C=CC(C(=O)NC2=CN=C(C=C2)C)=C3C1C(N)=NC(C)=N3,Cc1ccc(cc1)C(=O)/N=c2/cccc[nH]2
PIK3CA,Cosine Search,0.54,C(C)(=O)NC=1SC=2C(N1)=CC=C(C=3C=CN=C(N3)CCC4=CC=CC=C4)C2,CNC(=O)CCc1cc2ccccc2[nH]1
PIK3CA,Cosine Search,0.56,C=1C=2C(=NC(=NC2N)C)C(=C(C1)C)C(=O)NC=3C=NC(=CC3)OC,CC=C1/[C@H]2Cc3[nH]c(=O)ccc3[C@]1(N)CC(C)=C2
PIK3CA,Cosine Search,0.56,C=1C=2C(=NC(=NC2N)C)C(=C(C1)C)C(=O)NC=3C=NC(=CC3)OC,CC=C1/[C@H]2Cc3[nH]c(=O)ccc3[C@]1(N)CC(C)=C2
PIK3CA,Cosine Search,0.54,C(C)(=O)NC=1SC=2C(N1)=CC=C(C=3C=CN=C(N3)CCC4=CC=CC=C4)C2,CNC(=O)CCc1cc2ccccc2[nH]1
PIK3CA,Cosine Search,0.56,C=1C=2C(=NC(=NC2N)C)C(=C(C1)C)C(=O)NC=3C=NC(=CC3)OC,CC=C1/[C@H]2Cc3[nH]c(=O)ccc3[C@]1(N)CC(C)=C2
PIK3CA,Cosine Search,0.56,C=1C=2C(=NC(=NC2N)C)C(=C(C1)C)C(=O)NC=3C=NC(=CC3)OC,CC=C1/[C@H]2Cc3[nH]c(=O)ccc3[C@]1(N)CC(C)=C2
PIK3CA,Cosine Search,0.56,C=1C=2C(=NC(=NC2N)C)C(=C(C1)C)C(=O)NC=3C=NC(=CC3)OC,CC=C1/[C@H]2Cc3[nH]c(=O)ccc3[C@]1(N)CC(C)=C2
PIK3CA,Cosine Search,0.54,C(C)(=O)NC=1SC=2C(N1)=CC=C(C=3C=CN=C(N3)CCC4=CC=CC=C4)C2,CNC(=O)CCc1cc2ccccc2[nH]1
PIK3CA,Cosine Search,0.56,C=1C=2C(=NC(=NC2N)C)C(=C(C1)C)C(=O)NC=3C=NC(=CC3)OC,CC=C1/[C@H]2Cc3[nH]c(=O)ccc3[C@]1(N)CC(C)=C2
PIK3CA,Cosine Search,0.56,C=1C=2C(=NC(=NC2N)C)C(=C(C1)C)C(=O)NC=3C=NC(=CC3)OC,CC=C1/[C@H]2Cc3[nH]c(=O)ccc3[C@]1(N)CC(C)=C2
PIK3CA,Cosine Search,0.63,C1=CC(=CC=C1N2C=CC=N2)C=3SC(=NC3C)NC(=O)N4[C@@H](CCC4)C(=O)N,Nn1c(=O)c(Cc2ccco2)n[nH]c1=S
PIK3CA,Cosine Search,0.56,C=1C=2C(=NC(=NC2N)C)C(=C(C1)C)C(=O)NC=3C=NC(=CC3)OC,CC=C1/[C@H]2Cc3[nH]c(=O)ccc3[C@]1(N)CC(C)=C2
PIK3CA,Cosine Search,0.56,C=1C=2C(=NC(=NC2N)C)C(=C(C1)C)C(=O)NC=3C=NC(=CC3)OC,CC=C1/[C@H]2Cc3[nH]c(=O)ccc3[C@]1(N)CC(C)=C2
PIK3CA,Cosine Search,0.56,C=1C=2C(=NC(=NC2N)C)C(=C(C1)C)C(=O)NC=3C=NC(=CC3)OC,CC=C1/[C@H]2Cc3[nH]c(=O)ccc3[C@]1(N)CC(C)=C2
PIK3CA,Cosine Search,0.54,C(C)(=O)NC=1SC=2C(N1)=CC=C(C=3C=CN=C(N3)CCC4=CC=CC=C4)C2,CNC(=O)CCc1cc2ccccc2[nH]1
PIK3CA,Cosine Search,0.56,C=1C=2C(=NC(=NC2N)C)C(=C(C1)C)C(=O)NC=3C=NC(=CC3)OC,CC=C1/[C@H]2Cc3[nH]c(=O)ccc3[C@]1(N)CC(C)=C2
PIK3CA,Cosine Search,0.56,C=1C=2C(=NC(=NC2N)C)C(=C(C1)C)C(=O)NC=3C=NC(=CC3)OC,CC=C1/[C@H]2Cc3[nH]c(=O)ccc3[C@]1(N)CC(C)=C2
PIK3CA,Cosine Search,0.56,C=1C=2C(=NC(=NC2N)C)C(=C(C1)C)C(=O)NC=3C=NC(=CC3)OC,CC=C1/[C@H]2Cc3[nH]c(=O)ccc3[C@]1(N)CC(C)=C2
PIK3CA,Cosine Search,0.56,C=1C=2C(=NC(=NC2N)C)C(=C(C1)C)C(=O)NC=3C=NC(=CC3)OC,CC=C1/[C@H]2Cc3[nH]c(=O)ccc3[C@]1(N)CC(C)=C2
PIK3CA,Cosine Search,0.54,C(C)(=O)NC=1SC=2C(N1)=CC=C(C=3C=CN=C(N3)CCC4=CC=CC=C4)C2,CNC(=O)CCc1cc2ccccc2[nH]1
PIK3CA,Cosine Search,0.54,C(C)(=O)NC=1SC=2C(N1)=CC=C(C=3C=CN=C(N3)CCC4=CC=CC=C4)C2,CNC(=O)CCc1cc2ccccc2[nH]1
PIK3CA,Cosine Search,0.56,C=1C=2C(=NC(=NC2N)C)C(=C(C1)C)C(=O)NC=3C=NC(=CC3)OC,CC=C1/[C@H]2Cc3[nH]c(=O)ccc3[C@]1(N)CC(C)=C2
PIK3CA,Cosine Search,0.54,C(C)(=O)NC=1SC=2C(N1)=CC=C(C=3C=CN=C(N3)CCC4=CC=CC=C4)C2,CNC(=O)CCc1cc2ccccc2[nH]1
PIK3CA,Cosine Search,0.54,C(C)(=O)NC=1SC=2C(N1)=CC=C(C=3C=CN=C(N3)CCC4=CC=CC=C4)C2,CNC(=O)CCc1cc2ccccc2[nH]1
PIK3CA,Cosine Search,0.56,C=1C=2C(=NC(=NC2N)C)C(=C(C1)C)C(=O)NC=3C=NC(=CC3)OC,CC=C1/[C@H]2Cc3[nH]c(=O)ccc3[C@]1(N)CC(C)=C2
PIK3CA,Cosine Search,0.54,C(C)(=O)NC=1SC=2C(N1)=CC=C(C=3C=CN=C(N3)CCC4=CC=CC=C4)C2,CNC(=O)CCc1cc2ccccc2[nH]1
PIK3CA,Cosine Search,0.56,C=1C=2C(=NC(=NC2N)C)C(=C(C1)C)C(=O)NC=3C=NC(=CC3)OC,CC=C1/[C@H]2Cc3[nH]c(=O)ccc3[C@]1(N)CC(C)=C2
PIK3CA,Cosine Search,0.54,C(C)(=O)NC=1SC=2C(N1)=CC=C(C=3C=CN=C(N3)CCC4=CC=CC=C4)C2,CNC(=O)CCc1cc2ccccc2[nH]1
PIK3CA,Cosine Search,0.56,C=1C=2C(=NC(=NC2N)C)C(=C(C1)C)C(=O)NC=3C=NC(=CC3)OC,CC=C1/[C@H]2Cc3[nH]c(=O)ccc3[C@]1(N)CC(C)=C2
PIK3CA,Cosine Search,0.56,C=1C=2C(=NC(=NC2N)C)C(=C(C1)C)C(=O)NC=3C=NC(=CC3)OC,CC=C1/[C@H]2Cc3[nH]c(=O)ccc3[C@]1(N)CC(C)=C2
PIK3CA,Cosine Search,0.56,C=1C=2C(=NC(=NC2N)C)C(=C(C1)C)C(=O)NC=3C=NC(=CC3)OC,CC=C1/[C@H]2Cc3[nH]c(=O)ccc3[C@]1(N)CC(C)=C2
PIK3CA,Cosine Search,0.56,C=1C=2C(=NC(=NC2N)C)C(=C(C1)C)C(=O)NC=3C=NC(=CC3)OC,CC=C1/[C@H]2Cc3[nH]c(=O)ccc3[C@]1(N)CC(C)=C2
PIK3CA,Cosine Search,0.56,C=1C=2C(=NC(=NC2N)C)C(=C(C1)C)C(=O)NC=3C=NC(=CC3)OC,CC=C1/[C@H]2Cc3[nH]c(=O)ccc3[C@]1(N)CC(C)=C2
PIK3CA,Cosine Search,0.56,C=1C=2C(=NC(=NC2N)C)C(=C(C1)C)C(=O)NC=3C=NC(=CC3)OC,CC=C1/[C@H]2Cc3[nH]c(=O)ccc3[C@]1(N)CC(C)=C2
PIK3CA,Cosine Search,0.56,C=1C=2C(=NC(=NC2N)C)C(=C(C1)C)C(=O)NC=3C=NC(=CC3)OC,CC=C1/[C@H]2Cc3[nH]c(=O)ccc3[C@]1(N)CC(C)=C2
PIK3CA,Cosine Search,0.56,C=1C=2C(=NC(=NC2N)C)C(=C(C1)C)C(=O)NC=3C=NC(=CC3)OC,CC=C1/[C@H]2Cc3[nH]c(=O)ccc3[C@]1(N)CC(C)=C2
PIK3CA,Cosine Search,0.54,C(C)(=O)NC=1SC=2C(N1)=CC=C(C=3C=CN=C(N3)CCC4=CC=CC=C4)C2,CNC(=O)CCc1cc2ccccc2[nH]1
PIK3CA,Cosine Search,0.54,C(C)(=O)NC=1SC=2C(N1)=CC=C(C=3C=CN=C(N3)CCC4=CC=CC=C4)C2,CNC(=O)CCc1cc2ccccc2[nH]1
PIK3CA,Cosine Search,0.54,C(C)(=O)NC=1SC=2C(N1)=CC=C(C=3C=CN=C(N3)CCC4=CC=CC=C4)C2,CNC(=O)CCc1cc2ccccc2[nH]1
PIK3CA,Cosine Search,0.56,C=1C=2C(=NC(=NC2N)C)C(=C(C1)C)C(=O)NC=3C=NC(=CC3)OC,CC=C1/[C@H]2Cc3[nH]c(=O)ccc3[C@]1(N)CC(C)=C2
PIK3CA,Cosine Search,0.54,C(C)(=O)NC=1SC=2C(N1)=CC=C(C=3C=CN=C(N3)CCC4=CC=CC=C4)C2,CNC(=O)CCc1cc2ccccc2[nH]1
PIK3CA,Cosine Search,0.56,C=1C=2C(=NC(=NC2N)C)C(=C(C1)C)C(=O)NC=3C=NC(=CC3)OC,CC=C1/[C@H]2Cc3[nH]c(=O)ccc3[C@]1(N)CC(C)=C2
PIK3CA,Cosine Search,0.56,C=1C=2C(=NC(=NC2N)C)C(=C(C1)C)C(=O)NC=3C=NC(=CC3)OC,CC=C1/[C@H]2Cc3[nH]c(=O)ccc3[C@]1(N)CC(C)=C2
PIK3CA,Cosine Search,0.54,C(C)(=O)NC=1SC=2C(N1)=CC=C(C=3C=CN=C(N3)CCC4=CC=CC=C4)C2,CNC(=O)CCc1cc2ccccc2[nH]1
PIK3CA,Cosine Search,0.54,C(C)(=O)NC=1SC=2C(N1)=CC=C(C=3C=CN=C(N3)CCC4=CC=CC=C4)C2,CNC(=O)CCc1cc2ccccc2[nH]1
PIK3CA,Cosine Search,0.56,C=1C=2C(=NC(=NC2N)C)C(=C(C1)C)C(=O)NC=3C=NC(=CC3)OC,CC=C1/[C@H]2Cc3[nH]c(=O)ccc3[C@]1(N)CC(C)=C2
PIK3CA,Cosine Search,0.56,C=1C=2C(=NC(=NC2N)C)C(=C(C1)C)C(=O)NC=3C=NC(=CC3)OC,CC=C1/[C@H]2Cc3[nH]c(=O)ccc3[C@]1(N)CC(C)=C2
PIK3CA,Cosine Search,0.54,C(C)(=O)NC=1SC=2C(N1)=CC=C(C=3C=CN=C(N3)CCC4=CC=CC=C4)C2,CNC(=O)CCc1cc2ccccc2[nH]1
PIK3CA,Cosine Search,0.54,C(C)(=O)NC=1SC=2C(N1)=CC=C(C=3C=CN=C(N3)CCC4=CC=CC=C4)C2,CNC(=O)CCc1cc2ccccc2[nH]1
PIK3CA,Cosine Search,0.56,C=1C=2C(=NC(=NC2N)C)C(=C(C1)C)C(=O)NC=3C=NC(=CC3)OC,CC=C1/[C@H]2Cc3[nH]c(=O)ccc3[C@]1(N)CC(C)=C2
PIK3CA,Cosine Search,0.54,C(C)(=O)NC=1SC=2C(N1)=CC=C(C=3C=CN=C(N3)CCC4=CC=CC=C4)C2,CNC(=O)CCc1cc2ccccc2[nH]1
PIK3CA,Cosine Search,0.56,C=1C=2C(=NC(=NC2N)C)C(=C(C1)C)C(=O)NC=3C=NC(=CC3)OC,CC=C1/[C@H]2Cc3[nH]c(=O)ccc3[C@]1(N)CC(C)=C2
PIK3CA,Cosine Search,0.56,C=1C=2C(=NC(=NC2N)C)C(=C(C1)C)C(=O)NC=3C=NC(=CC3)OC,CC=C1/[C@H]2Cc3[nH]c(=O)ccc3[C@]1(N)CC(C)=C2
PIK3CA,Cosine Search,0.56,C=1C=2C(=NC(=NC2N)C)C(=C(C1)C)C(=O)NC=3C=NC(=CC3)OC,CC=C1/[C@H]2Cc3[nH]c(=O)ccc3[C@]1(N)CC(C)=C2
PIK3CA,Cosine Search,0.54,C(C)(=O)NC=1SC=2C(N1)=CC=C(C=3C=CN=C(N3)CCC4=CC=CC=C4)C2,CNC(=O)CCc1cc2ccccc2[nH]1
PIK3CA,Cosine Search,0.56,C=1C=2C(=NC(=NC2N)C)C(=C(C1)C)C(=O)NC=3C=NC(=CC3)OC,CC=C1/[C@H]2Cc3[nH]c(=O)ccc3[C@]1(N)CC(C)=C2
PIK3CA,Cosine Search,0.56,C=1C=2C(=NC(=NC2N)C)C(=C(C1)C)C(=O)NC=3C=NC(=CC3)OC,CC=C1/[C@H]2Cc3[nH]c(=O)ccc3[C@]1(N)CC(C)=C2
PIK3CA,Cosine Search,0.71,C=1C=CC(C(=O)NC2=CN=C(C=C2)C)=C3C1C(N)=NC(C)=N3,Cc1ccc(cc1)C(=O)/N=c2/cccc[nH]2
PIK3CA,Cosine Search,0.56,C=1C=2C(=NC(=NC2N)C)C(=C(C1)C)C(=O)NC=3C=NC(=CC3)OC,CC=C1/[C@H]2Cc3[nH]c(=O)ccc3[C@]1(N)CC(C)=C2
PIK3CA,Cosine Search,0.56,C=1C=2C(=NC(=NC2N)C)C(=C(C1)C)C(=O)NC=3C=NC(=CC3)OC,CC=C1/[C@H]2Cc3[nH]c(=O)ccc3[C@]1(N)CC(C)=C2
PIK3CA,Cosine Search,0.56,C=1C=2C(=NC(=NC2N)C)C(=C(C1)C)C(=O)NC=3C=NC(=CC3)OC,CC=C1/[C@H]2Cc3[nH]c(=O)ccc3[C@]1(N)CC(C)=C2
PIK3CA,Cosine Search,0.56,C=1C=2C(=NC(=NC2N)C)C(=C(C1)C)C(=O)NC=3C=NC(=CC3)OC,CC=C1/[C@H]2Cc3[nH]c(=O)ccc3[C@]1(N)CC(C)=C2
PIK3CA,Cosine Search,0.56,C=1C=2C(=NC(=NC2N)C)C(=C(C1)C)C(=O)NC=3C=NC(=CC3)OC,CC=C1/[C@H]2Cc3[nH]c(=O)ccc3[C@]1(N)CC(C)=C2
PIK3CA,Cosine Search,0.56,C=1C=2C(=NC(=NC2N)C)C(=C(C1)C)C(=O)NC=3C=NC(=CC3)OC,CC=C1/[C@H]2Cc3[nH]c(=O)ccc3[C@]1(N)CC(C)=C2
PIK3CA,Euclidean Search,0.71,C=1C=CC(C(=O)NC2=CN=C(C=C2)C)=C3C1C(N)=NC(C)=N3,Cc1ccc(cc1)C(=O)/N=c2/cccc[nH]2
PIK3CA,Euclidean Search,0.71,C=1C=CC(C(=O)NC2=CN=C(C=C2)C)=C3C1C(N)=NC(C)=N3,Cc1ccc(cc1)C(=O)/N=c2/cccc[nH]2
PIK3CA,Euclidean Search,0.63,C1=CC(=CC=C1N2C=CC=N2)C=3SC(=NC3C)NC(=O)N4[C@@H](CCC4)C(=O)N,Nn1c(=O)c(Cc2ccco2)n[nH]c1=S
PIK3CA,Euclidean Search,0.71,C=1C=CC(C(=O)NC2=CN=C(C=C2)C)=C3C1C(N)=NC(C)=N3,Cc1ccc(cc1)C(=O)/N=c2/cccc[nH]2
PIK3CA,Euclidean Search,0.54,C(C)(=O)NC=1SC=2C(N1)=CC=C(C=3C=CN=C(N3)CCC4=CC=CC=C4)C2,CNC(=O)CCc1cc2ccccc2[nH]1
PIK3CA,Euclidean Search,0.54,C(C)(=O)NC=1SC=2C(N1)=CC=C(C=3C=CN=C(N3)CCC4=CC=CC=C4)C2,CNC(=O)CCc1cc2ccccc2[nH]1
PIK3CA,Euclidean Search,0.54,C(C)(=O)NC=1SC=2C(N1)=CC=C(C=3C=CN=C(N3)CCC4=CC=CC=C4)C2,CNC(=O)CCc1cc2ccccc2[nH]1
PIK3CA,Euclidean Search,0.54,C(C)(=O)NC=1SC=2C(N1)=CC=C(C=3C=CN=C(N3)CCC4=CC=CC=C4)C2,CNC(=O)CCc1cc2ccccc2[nH]1
PIK3CA,Euclidean Search,0.71,C=1C=CC(C(=O)NC2=CN=C(C=C2)C)=C3C1C(N)=NC(C)=N3,Cc1ccc(cc1)C(=O)/N=c2/cccc[nH]2
PIK3CA,Euclidean Search,0.54,C(C)(=O)NC=1SC=2C(N1)=CC=C(C=3C=CN=C(N3)CCC4=CC=CC=C4)C2,CNC(=O)CCc1cc2ccccc2[nH]1
PIK3CA,Euclidean Search,0.54,C(C)(=O)NC=1SC=2C(N1)=CC=C(C=3C=CN=C(N3)CCC4=CC=CC=C4)C2,CNC(=O)CCc1cc2ccccc2[nH]1
PIK3CA,Euclidean Search,0.54,C(C)(=O)NC=1SC=2C(N1)=CC=C(C=3C=CN=C(N3)CCC4=CC=CC=C4)C2,CNC(=O)CCc1cc2ccccc2[nH]1
PIK3CA,Euclidean Search,0.54,C(C)(=O)NC=1SC=2C(N1)=CC=C(C=3C=CN=C(N3)CCC4=CC=CC=C4)C2,CNC(=O)CCc1cc2ccccc2[nH]1
PIK3CA,Euclidean Search,0.54,C(C)(=O)NC=1SC=2C(N1)=CC=C(C=3C=CN=C(N3)CCC4=CC=CC=C4)C2,CNC(=O)CCc1cc2ccccc2[nH]1
PIK3CA,Euclidean Search,0.63,C1=CC(=CC=C1N2C=CC=N2)C=3SC(=NC3C)NC(=O)N4[C@@H](CCC4)C(=O)N,Nn1c(=O)c(Cc2ccco2)n[nH]c1=S
PIK3CA,Euclidean Search,0.54,C(C)(=O)NC=1SC=2C(N1)=CC=C(C=3C=CN=C(N3)CCC4=CC=CC=C4)C2,CNC(=O)CCc1cc2ccccc2[nH]1
PIK3CA,Euclidean Search,0.54,C(C)(=O)NC=1SC=2C(N1)=CC=C(C=3C=CN=C(N3)CCC4=CC=CC=C4)C2,CNC(=O)CCc1cc2ccccc2[nH]1
PIK3CA,Euclidean Search,0.54,C(C)(=O)NC=1SC=2C(N1)=CC=C(C=3C=CN=C(N3)CCC4=CC=CC=C4)C2,CNC(=O)CCc1cc2ccccc2[nH]1
PIK3CA,Euclidean Search,0.71,C=1C=CC(C(=O)NC2=CN=C(C=C2)C)=C3C1C(N)=NC(C)=N3,Cc1ccc(cc1)C(=O)/N=c2/cccc[nH]2
PIK3CA,Euclidean Search,0.63,C1=CC(=CC=C1N2C=CC=N2)C=3SC(=NC3C)NC(=O)N4[C@@H](CCC4)C(=O)N,Nn1c(=O)c(Cc2ccco2)n[nH]c1=S
PIK3CA,Euclidean Search,0.54,C(C)(=O)NC=1SC=2C(N1)=CC=C(C=3C=CN=C(N3)CCC4=CC=CC=C4)C2,CNC(=O)CCc1cc2ccccc2[nH]1
PIK3CA,Euclidean Search,0.54,C(C)(=O)NC=1SC=2C(N1)=CC=C(C=3C=CN=C(N3)CCC4=CC=CC=C4)C2,CNC(=O)CCc1cc2ccccc2[nH]1
PIK3CA,Euclidean Search,0.54,C(C)(=O)NC=1SC=2C(N1)=CC=C(C=3C=CN=C(N3)CCC4=CC=CC=C4)C2,CNC(=O)CCc1cc2ccccc2[nH]1
PIK3CA,Euclidean Search,0.54,C(C)(=O)NC=1SC=2C(N1)=CC=C(C=3C=CN=C(N3)CCC4=CC=CC=C4)C2,CNC(=O)CCc1cc2ccccc2[nH]1
PIK3CA,Euclidean Search,0.63,C1=CC(=CC=C1N2C=CC=N2)C=3SC(=NC3C)NC(=O)N4[C@@H](CCC4)C(=O)N,Nn1c(=O)c(Cc2ccco2)n[nH]c1=S
PIK3CA,Euclidean Search,0.71,C=1C=CC(C(=O)NC2=CN=C(C=C2)C)=C3C1C(N)=NC(C)=N3,Cc1ccc(cc1)C(=O)/N=c2/cccc[nH]2
PIK3CA,Euclidean Search,0.54,C(C)(=O)NC=1SC=2C(N1)=CC=C(C=3C=CN=C(N3)CCC4=CC=CC=C4)C2,CNC(=O)CCc1cc2ccccc2[nH]1
PIK3CA,Euclidean Search,0.54,C(C)(=O)NC=1SC=2C(N1)=CC=C(C=3C=CN=C(N3)CCC4=CC=CC=C4)C2,CNC(=O)CCc1cc2ccccc2[nH]1
PIK3CA,Euclidean Search,0.63,C1=CC(=CC=C1N2C=CC=N2)C=3SC(=NC3C)NC(=O)N4[C@@H](CCC4)C(=O)N,Nn1c(=O)c(Cc2ccco2)n[nH]c1=S
PIK3CA,Euclidean Search,0.54,C(C)(=O)NC=1SC=2C(N1)=CC=C(C=3C=CN=C(N3)CCC4=CC=CC=C4)C2,CNC(=O)CCc1cc2ccccc2[nH]1
PIK3CA,Euclidean Search,0.71,C=1C=CC(C(=O)NC2=CN=C(C=C2)C)=C3C1C(N)=NC(C)=N3,Cc1ccc(cc1)C(=O)/N=c2/cccc[nH]2
PIK3CA,Euclidean Search,0.54,C(C)(=O)NC=1SC=2C(N1)=CC=C(C=3C=CN=C(N3)CCC4=CC=CC=C4)C2,CNC(=O)CCc1cc2ccccc2[nH]1
PIK3CA,Euclidean Search,0.54,C(C)(=O)NC=1SC=2C(N1)=CC=C(C=3C=CN=C(N3)CCC4=CC=CC=C4)C2,CNC(=O)CCc1cc2ccccc2[nH]1
PIK3CA,Euclidean Search,0.54,C(C)(=O)NC=1SC=2C(N1)=CC=C(C=3C=CN=C(N3)CCC4=CC=CC=C4)C2,CNC(=O)CCc1cc2ccccc2[nH]1
PIK3CA,Euclidean Search,0.63,C1=CC(=CC=C1N2C=CC=N2)C=3SC(=NC3C)NC(=O)N4[C@@H](CCC4)C(=O)N,Nn1c(=O)c(Cc2ccco2)n[nH]c1=S
PIK3CA,Euclidean Search,0.54,C(C)(=O)NC=1SC=2C(N1)=CC=C(C=3C=CN=C(N3)CCC4=CC=CC=C4)C2,CNC(=O)CCc1cc2ccccc2[nH]1
PIK3CA,Euclidean Search,0.54,C(C)(=O)NC=1SC=2C(N1)=CC=C(C=3C=CN=C(N3)CCC4=CC=CC=C4)C2,CNC(=O)CCc1cc2ccccc2[nH]1
PIK3CA,Euclidean Search,0.63,C1=CC(=CC=C1N2C=CC=N2)C=3SC(=NC3C)NC(=O)N4[C@@H](CCC4)C(=O)N,Nn1c(=O)c(Cc2ccco2)n[nH]c1=S
PIK3CA,Euclidean Search,0.71,C=1C=CC(C(=O)NC2=CN=C(C=C2)C)=C3C1C(N)=NC(C)=N3,Cc1ccc(cc1)C(=O)/N=c2/cccc[nH]2
PIK3CA,Euclidean Search,0.54,C(C)(=O)NC=1SC=2C(N1)=CC=C(C=3C=CN=C(N3)CCC4=CC=CC=C4)C2,CNC(=O)CCc1cc2ccccc2[nH]1
PIK3CA,Euclidean Search,0.54,C(C)(=O)NC=1SC=2C(N1)=CC=C(C=3C=CN=C(N3)CCC4=CC=CC=C4)C2,CNC(=O)CCc1cc2ccccc2[nH]1
PIK3CA,Euclidean Search,0.71,C=1C=CC(C(=O)NC2=CN=C(C=C2)C)=C3C1C(N)=NC(C)=N3,Cc1ccc(cc1)C(=O)/N=c2/cccc[nH]2
PIK3CA,Euclidean Search,0.71,C=1C=CC(C(=O)NC2=CN=C(C=C2)C)=C3C1C(N)=NC(C)=N3,Cc1ccc(cc1)C(=O)/N=c2/cccc[nH]2
PIK3CA,Euclidean Search,0.54,C(C)(=O)NC=1SC=2C(N1)=CC=C(C=3C=CN=C(N3)CCC4=CC=CC=C4)C2,CNC(=O)CCc1cc2ccccc2[nH]1
PIK3CA,Euclidean Search,0.54,C(C)(=O)NC=1SC=2C(N1)=CC=C(C=3C=CN=C(N3)CCC4=CC=CC=C4)C2,CNC(=O)CCc1cc2ccccc2[nH]1
PIK3CA,Euclidean Search,0.71,C=1C=CC(C(=O)NC2=CN=C(C=C2)C)=C3C1C(N)=NC(C)=N3,Cc1ccc(cc1)C(=O)/N=c2/cccc[nH]2
PIK3CA,Euclidean Search,0.63,C1=CC(=CC=C1N2C=CC=N2)C=3SC(=NC3C)NC(=O)N4[C@@H](CCC4)C(=O)N,Nn1c(=O)c(Cc2ccco2)n[nH]c1=S
PIK3CA,Euclidean Search,0.54,C(C)(=O)NC=1SC=2C(N1)=CC=C(C=3C=CN=C(N3)CCC4=CC=CC=C4)C2,CNC(=O)CCc1cc2ccccc2[nH]1
PIK3CA,Euclidean Search,0.54,C(C)(=O)NC=1SC=2C(N1)=CC=C(C=3C=CN=C(N3)CCC4=CC=CC=C4)C2,CNC(=O)CCc1cc2ccccc2[nH]1
PIK3CA,Euclidean Search,0.71,C=1C=CC(C(=O)NC2=CN=C(C=C2)C)=C3C1C(N)=NC(C)=N3,Cc1ccc(cc1)C(=O)/N=c2/cccc[nH]2
PIK3CA,Euclidean Search,0.54,C(C)(=O)NC=1SC=2C(N1)=CC=C(C=3C=CN=C(N3)CCC4=CC=CC=C4)C2,CNC(=O)CCc1cc2ccccc2[nH]1
PIK3CA,Euclidean Search,0.71,C=1C=CC(C(=O)NC2=CN=C(C=C2)C)=C3C1C(N)=NC(C)=N3,Cc1ccc(cc1)C(=O)/N=c2/cccc[nH]2
PIK3CA,Euclidean Search,0.54,C(C)(=O)NC=1SC=2C(N1)=CC=C(C=3C=CN=C(N3)CCC4=CC=CC=C4)C2,CNC(=O)CCc1cc2ccccc2[nH]1
PIK3CA,Euclidean Search,0.71,C=1C=CC(C(=O)NC2=CN=C(C=C2)C)=C3C1C(N)=NC(C)=N3,Cc1ccc(cc1)C(=O)/N=c2/cccc[nH]2
PIK3CA,Euclidean Search,0.54,C(C)(=O)NC=1SC=2C(N1)=CC=C(C=3C=CN=C(N3)CCC4=CC=CC=C4)C2,CNC(=O)CCc1cc2ccccc2[nH]1
PIK3CA,Euclidean Search,0.54,C(C)(=O)NC=1SC=2C(N1)=CC=C(C=3C=CN=C(N3)CCC4=CC=CC=C4)C2,CNC(=O)CCc1cc2ccccc2[nH]1
PIK3CA,Euclidean Search,0.54,C(C)(=O)NC=1SC=2C(N1)=CC=C(C=3C=CN=C(N3)CCC4=CC=CC=C4)C2,CNC(=O)CCc1cc2ccccc2[nH]1
PIK3CA,Euclidean Search,0.71,C=1C=CC(C(=O)NC2=CN=C(C=C2)C)=C3C1C(N)=NC(C)=N3,Cc1ccc(cc1)C(=O)/N=c2/cccc[nH]2
PIK3CA,Euclidean Search,0.54,C(C)(=O)NC=1SC=2C(N1)=CC=C(C=3C=CN=C(N3)CCC4=CC=CC=C4)C2,CNC(=O)CCc1cc2ccccc2[nH]1
PIK3CA,Euclidean Search,0.54,C(C)(=O)NC=1SC=2C(N1)=CC=C(C=3C=CN=C(N3)CCC4=CC=CC=C4)C2,CNC(=O)CCc1cc2ccccc2[nH]1
PIK3CA,Euclidean Search,0.54,C(C)(=O)NC=1SC=2C(N1)=CC=C(C=3C=CN=C(N3)CCC4=CC=CC=C4)C2,CNC(=O)CCc1cc2ccccc2[nH]1
PIK3CA,Euclidean Search,0.54,C(C)(=O)NC=1SC=2C(N1)=CC=C(C=3C=CN=C(N3)CCC4=CC=CC=C4)C2,CNC(=O)CCc1cc2ccccc2[nH]1
PIK3CA,Euclidean Search,0.63,C1=CC(=CC=C1N2C=CC=N2)C=3SC(=NC3C)NC(=O)N4[C@@H](CCC4)C(=O)N,Nn1c(=O)c(Cc2ccco2)n[nH]c1=S
PIK3CA,Euclidean Search,0.54,C(C)(=O)NC=1SC=2C(N1)=CC=C(C=3C=CN=C(N3)CCC4=CC=CC=C4)C2,CNC(=O)CCc1cc2ccccc2[nH]1
PIK3CA,Euclidean Search,0.54,C(C)(=O)NC=1SC=2C(N1)=CC=C(C=3C=CN=C(N3)CCC4=CC=CC=C4)C2,CNC(=O)CCc1cc2ccccc2[nH]1
PIK3CA,Euclidean Search,0.54,C(C)(=O)NC=1SC=2C(N1)=CC=C(C=3C=CN=C(N3)CCC4=CC=CC=C4)C2,CNC(=O)CCc1cc2ccccc2[nH]1
PIK3CA,Euclidean Search,0.71,C=1C=CC(C(=O)NC2=CN=C(C=C2)C)=C3C1C(N)=NC(C)=N3,Cc1ccc(cc1)C(=O)/N=c2/cccc[nH]2
PIK3CA,Euclidean Search,0.63,C1=CC(=CC=C1N2C=CC=N2)C=3SC(=NC3C)NC(=O)N4[C@@H](CCC4)C(=O)N,Nn1c(=O)c(Cc2ccco2)n[nH]c1=S
PIK3CA,Euclidean Search,0.63,C1=CC(=CC=C1N2C=CC=N2)C=3SC(=NC3C)NC(=O)N4[C@@H](CCC4)C(=O)N,Nn1c(=O)c(Cc2ccco2)n[nH]c1=S
PIK3CA,Euclidean Search,0.54,C(C)(=O)NC=1SC=2C(N1)=CC=C(C=3C=CN=C(N3)CCC4=CC=CC=C4)C2,CNC(=O)CCc1cc2ccccc2[nH]1
PIK3CA,Euclidean Search,0.54,C(C)(=O)NC=1SC=2C(N1)=CC=C(C=3C=CN=C(N3)CCC4=CC=CC=C4)C2,CNC(=O)CCc1cc2ccccc2[nH]1
PIK3CA,Euclidean Search,0.63,C1=CC(=CC=C1N2C=CC=N2)C=3SC(=NC3C)NC(=O)N4[C@@H](CCC4)C(=O)N,Nn1c(=O)c(Cc2ccco2)n[nH]c1=S
PIK3CA,Euclidean Search,0.54,C(C)(=O)NC=1SC=2C(N1)=CC=C(C=3C=CN=C(N3)CCC4=CC=CC=C4)C2,CNC(=O)CCc1cc2ccccc2[nH]1
PIK3CA,Euclidean Search,0.54,C(C)(=O)NC=1SC=2C(N1)=CC=C(C=3C=CN=C(N3)CCC4=CC=CC=C4)C2,CNC(=O)CCc1cc2ccccc2[nH]1
PIK3CA,Euclidean Search,0.54,C(C)(=O)NC=1SC=2C(N1)=CC=C(C=3C=CN=C(N3)CCC4=CC=CC=C4)C2,CNC(=O)CCc1cc2ccccc2[nH]1
PIK3CA,Euclidean Search,0.54,C(C)(=O)NC=1SC=2C(N1)=CC=C(C=3C=CN=C(N3)CCC4=CC=CC=C4)C2,CNC(=O)CCc1cc2ccccc2[nH]1
PIK3CA,Euclidean Search,0.54,C(C)(=O)NC=1SC=2C(N1)=CC=C(C=3C=CN=C(N3)CCC4=CC=CC=C4)C2,CNC(=O)CCc1cc2ccccc2[nH]1
PIK3CA,Euclidean Search,0.63,C1=CC(=CC=C1N2C=CC=N2)C=3SC(=NC3C)NC(=O)N4[C@@H](CCC4)C(=O)N,Nn1c(=O)c(Cc2ccco2)n[nH]c1=S
PIK3CA,Euclidean Search,0.71,C=1C=CC(C(=O)NC2=CN=C(C=C2)C)=C3C1C(N)=NC(C)=N3,Cc1ccc(cc1)C(=O)/N=c2/cccc[nH]2
PIK3CA,Euclidean Search,0.54,C(C)(=O)NC=1SC=2C(N1)=CC=C(C=3C=CN=C(N3)CCC4=CC=CC=C4)C2,CNC(=O)CCc1cc2ccccc2[nH]1
PIK3CA,Euclidean Search,0.54,C(C)(=O)NC=1SC=2C(N1)=CC=C(C=3C=CN=C(N3)CCC4=CC=CC=C4)C2,CNC(=O)CCc1cc2ccccc2[nH]1
PIK3CA,Euclidean Search,0.54,C(C)(=O)NC=1SC=2C(N1)=CC=C(C=3C=CN=C(N3)CCC4=CC=CC=C4)C2,CNC(=O)CCc1cc2ccccc2[nH]1
PIK3CA,Euclidean Search,0.54,C(C)(=O)NC=1SC=2C(N1)=CC=C(C=3C=CN=C(N3)CCC4=CC=CC=C4)C2,CNC(=O)CCc1cc2ccccc2[nH]1
PIK3CA,Euclidean Search,0.54,C(C)(=O)NC=1SC=2C(N1)=CC=C(C=3C=CN=C(N3)CCC4=CC=CC=C4)C2,CNC(=O)CCc1cc2ccccc2[nH]1
PIK3CA,Euclidean Search,0.54,C(C)(=O)NC=1SC=2C(N1)=CC=C(C=3C=CN=C(N3)CCC4=CC=CC=C4)C2,CNC(=O)CCc1cc2ccccc2[nH]1
PIK3CA,Euclidean Search,0.71,C=1C=CC(C(=O)NC2=CN=C(C=C2)C)=C3C1C(N)=NC(C)=N3,Cc1ccc(cc1)C(=O)/N=c2/cccc[nH]2
PIK3CA,Euclidean Search,0.54,C(C)(=O)NC=1SC=2C(N1)=CC=C(C=3C=CN=C(N3)CCC4=CC=CC=C4)C2,CNC(=O)CCc1cc2ccccc2[nH]1
PIK3CA,Euclidean Search,0.54,C(C)(=O)NC=1SC=2C(N1)=CC=C(C=3C=CN=C(N3)CCC4=CC=CC=C4)C2,CNC(=O)CCc1cc2ccccc2[nH]1
PIK3CA,Euclidean Search,0.54,C(C)(=O)NC=1SC=2C(N1)=CC=C(C=3C=CN=C(N3)CCC4=CC=CC=C4)C2,CNC(=O)CCc1cc2ccccc2[nH]1
PIK3CA,Euclidean Search,0.71,C=1C=CC(C(=O)NC2=CN=C(C=C2)C)=C3C1C(N)=NC(C)=N3,Cc1ccc(cc1)C(=O)/N=c2/cccc[nH]2
PIK3CA,Euclidean Search,0.54,C(C)(=O)NC=1SC=2C(N1)=CC=C(C=3C=CN=C(N3)CCC4=CC=CC=C4)C2,CNC(=O)CCc1cc2ccccc2[nH]1
PIK3CA,Euclidean Search,0.63,C1=CC(=CC=C1N2C=CC=N2)C=3SC(=NC3C)NC(=O)N4[C@@H](CCC4)C(=O)N,Nn1c(=O)c(Cc2ccco2)n[nH]c1=S
PIK3CA,Euclidean Search,0.71,C=1C=CC(C(=O)NC2=CN=C(C=C2)C)=C3C1C(N)=NC(C)=N3,Cc1ccc(cc1)C(=O)/N=c2/cccc[nH]2
PIK3CA,Euclidean Search,0.54,C(C)(=O)NC=1SC=2C(N1)=CC=C(C=3C=CN=C(N3)CCC4=CC=CC=C4)C2,CNC(=O)CCc1cc2ccccc2[nH]1
PIK3CA,Euclidean Search,0.54,C(C)(=O)NC=1SC=2C(N1)=CC=C(C=3C=CN=C(N3)CCC4=CC=CC=C4)C2,CNC(=O)CCc1cc2ccccc2[nH]1
PIK3CA,Euclidean Search,0.54,C(C)(=O)NC=1SC=2C(N1)=CC=C(C=3C=CN=C(N3)CCC4=CC=CC=C4)C2,CNC(=O)CCc1cc2ccccc2[nH]1
PIK3CA,Euclidean Search,0.54,C(C)(=O)NC=1SC=2C(N1)=CC=C(C=3C=CN=C(N3)CCC4=CC=CC=C4)C2,CNC(=O)CCc1cc2ccccc2[nH]1
PIK3CA,Euclidean Search,0.54,C(C)(=O)NC=1SC=2C(N1)=CC=C(C=3C=CN=C(N3)CCC4=CC=CC=C4)C2,CNC(=O)CCc1cc2ccccc2[nH]1
PIK3CA,Euclidean Search,0.54,C(C)(=O)NC=1SC=2C(N1)=CC=C(C=3C=CN=C(N3)CCC4=CC=CC=C4)C2,CNC(=O)CCc1cc2ccccc2[nH]1
PIK3CA,Euclidean Search,0.71,C=1C=CC(C(=O)NC2=CN=C(C=C2)C)=C3C1C(N)=NC(C)=N3,Cc1ccc(cc1)C(=O)/N=c2/cccc[nH]2
PIK3CA,Pre-trained hierVAE Generate,0.53,N=1C(=NC(C=2C=CC(NC(NC3=CC=C(C=C3)C(N(CCNC)C)=O)=O)=CC2)=NC1OC)N4CCOCC4,COc1ccccc1NC(=O)Nc1cccc(C2CCC(NC(=O)CCN3CCN(C)CC3)C(CC(=O)NCCc3ccccc3)O2)c1
PIK3CA,Pre-trained hierVAE Generate,0.17,O=S(=O)(NC1=CC(=CN=C1Cl)C2=CC=C3C(N=C(C=N3)NCCC4=CC=CC=C4)=C2)C5=CC=C(C=C5)F,NS(=O)(=O)c1cccc2c(NCc3cccc(F)c3)ncnc12
PIK3CA,Pre-trained hierVAE Generate,0.62,C=1C2=C(C(=CC1)N3CCN(CC3)C)CCN2C(CC=4N=C(C=C(N4)O)N5CCOCC5)=O,CC1CN(C(C)CO)C(=O)c2c(c3ccccc3n2C)-c2ccccc2COC1CN(C)CC1CCCCC1
PIK3CA,Pre-trained hierVAE Generate,0.62,C1(C=2C3=C(C=CC2)C(C=C(O3)N4CCOCC4)=O)=CC=C(C(=C1)OCCOC)NC(=O)CN5CCOCC5,COc1ccc(C#Cc2cnc3c(c2)C(=O)N(C(C)CO)CC(C)C(CN(C)C(=O)c2ccncc2)O3)cc1
PIK3CA,Pre-trained hierVAE Generate,0.38,C1(C=2C3=C(C=CC2)C(C=C(N4CCOCC4)O3)=O)=CC=C(C(=C1)O)NC(=O)CN5CCOCC5,CNCC(=O)Nc1ccc2c(c1)C1CC(CC(=O)NCc3cccc(-c4ccccc4)c3)OC(CO)C1O2
PIK3CA,Pre-trained hierVAE Generate,0.54,C1(C=2C3=C(C(C=C(O3)N4CCOCC4)=O)C=CC2)=CC=C(C(=C1)OC(C)C)NC(=O)CN5CCOCC5,CCOc1ccc(C(=O)CCCCCCCCCCCCCCCCCCCCCCCCCCC(=O)Nc2ccc(C(C)(C)C)cc2)cc1
PIK3CA,Pre-trained hierVAE Generate,0.79,C1(C=2C3=C(C=CC2)C(C=C(O3)N4CCOCC4)=O)=CC=C(C(=C1)OCCOC)NC(=O)CN5CCOCC5,CCCCCC(=O)Nc1ccc2c(c1)OCC(C)N(C(=O)c1ccc3c(c1)OCO3)CC(C)C(OC)CN(C)C2=O
PIK3CA,Pre-trained hierVAE Generate,0.5,C1=CC(=C2C(=C1)C(C=C(O2)[N+]3(CCOCC3)COC(=O)CCC(NC(C(NCC(NC(C(=O)NC(C(=O)O)CO)CC(O)=O)=O)=O)CCCNC([NH3+])=N)=O)=O)C4=CC=CC=C4,N=C(N)NCCCC(NC(=O)CCc1ccccc1)C(=O)N(CCCCCC(=O)O)CCCCC(NC(=O)c1ccc(NC(=O)c2ccc(NC(=O)CN)cc2)cc1)C(=O)O
PIK3CA,Pre-trained hierVAE Generate,0.74,N=1C(=CC2=C(C1C)C=C(C(N2C3CCOCC3)=O)C4=CC(=C(N=C4)OC)NS(C5=C(C=C(C=C5)F)F)(=O)=O)N,CC1CCCCOC(CN(C)S(=O)(=O)c2cccc(F)c2)C(C)CN(C(C)CO)C(=O)c2cc(NC(=O)c3ccncc3)ccc2O1
PIK3CA,Pre-trained hierVAE Generate,0.41,C=1C2=C(C(=CC1)N3CCN(CC3)C)CCN2C(CC=4N=C(C=C(N4)O)N5CCOCC5)=O,CC1CN(C(C)CO)C(=O)c2c(c3ccccc3n2C)-c2ccccc2COC1CN(C)C(=O)CCN1CCOCC1
PIK3CA,Pre-trained hierVAE Generate,0.73,C1OC(CN(C1)C2=NC=3N(C(=C2)O)N=C(C3CC4=CC=CC(=C4C)C(F)(F)F)C)C,CC1CN(C(C)CO)C(=O)CCCn2nncc2COC1CN(C)Cc1ccc(C(F)(F)F)cc1
PIK3CA,Pre-trained hierVAE Generate,0.41,C1(C=2C3=C(C=CC2)C(C=C(O3)N4CCOCC4)=O)=CC=C(C(=C1)OCCOC)NC(=O)CN5CCOCC5,CC1CN(C(C)CO)C(=O)Cc2cc(NC(=O)CCN3CCOCC3)ccc2OC1CN(C)Cc1ccc(-c2ccccc2)cc1
PIK3CA,Pre-trained hierVAE Generate,0.44,N=1C=C(C=C(C1)S(=O)(=O)NC(C)(C)C)C2=CN3N=C(N=C3C=C2)NC(NCCN4CCOCC4)=O,CC(C)(C)S(=O)N1Cc2cc(C(=O)NCCN3CCOCC3)nc(-c3cccc(C#Cc4ccc(F)cc4)c3)c2C1CCO
PIK3CA,Pre-trained hierVAE Generate,0.7,O1CCN(CC1)C=2N=C(N=C(OC(C)C)N2)C3=CC=C(NC(=O)NC4=CC=C(C(=O)NCCN(C)C)C=C4)C=C3,CC(C)NC(=O)Nc1ccc2c(c1)C(=O)N(C(C)CO)CC(C)C(CN(C)Cc1cccnc1)OCCCCC(C)O2
PIK3CA,Pre-trained hierVAE Generate,0.66,C1(C=2C3=C(C=CC2)C(C=C(O3)N4CCOCC4)=O)=CC=C(C(=C1)OCCO)NC(=O)CN5CCOCC5,COc1ccc(CNC(=O)CC2CC3c4cc(NC(=O)CN5CCOCC5)ccc4OC3C(CO)O2)cc1
PIK3CA,Pre-trained hierVAE Generate,0.63,C1(C=2C3=C(C=CC2)C(C=C(O3)N4CCOCC4)=O)=CC=C(C(=C1)OCCOC)NC(=O)CN5CCOCC5,CCNC(=O)CC1CCC2C(COc3ccc(NC(=O)c4cccc(C(F)(F)F)c4)cc3C(=O)N2C)O1
PIK3CA,Pre-trained hierVAE Generate,0.36,C1(C=2C3=C(C=CC2)C(C=C(O3)N4CCOCC4)=O)=CC=C(C(=C1)OCCOC)NC(=O)CN5CCOCC5,CC1CCCCOC(CN(C)Cc2ccncc2)C(C)CN(C(C)CO)C(=O)c2cc(NC(=O)C3CC3)ccc2O1
PIK3CA,Pre-trained hierVAE Generate,0.48,C1(C=2C3=C(C=CC2)C(C=C(O3)N4CCOCC4)=O)=CC=C(C(=C1)OCCOC)NC(=O)CN5CCOCC5,CCCCCC(=O)Nc1ccc2c(c1)C(=O)N(C)CC(OC)C(C)CN(C(=O)c1ccccn1)C(C)CO2
PIK3CA,Pre-trained hierVAE Generate,0.36,C1(C=2C3=C(C=CC2)C(C=C(O3)N4CCOCC4)=O)=CC=C(C(=C1)OCCOC)NC(=O)CN5CCOCC5,CCCCCC(=O)Nc1ccc2c(c1)OCC(C)N(C(=O)c1ccc(OC)cc1)CC(C)C(OC)CN(C)C2=O
PIK3CA,Pre-trained hierVAE Generate,0.55,C1(C=2C3=C(C=CC2)C(C=C(O3)N4CCOCC4)=O)=CC=C(C(=C1)OCCOC)NC(=O)CN5CCOCC5,CCCC(=O)Nc1ccc2c(c1)C(=O)N(C)CC(OC)C(C)CN(C(=O)CC)C(C)CO2
PIK3CA,Pre-trained hierVAE Generate,0.62,N1=C2C(=C(N=C1C=3C=CC(=CC3)NC(NCC)=O)N4[C@H](COCC4)C)N=C(N2C)C(C)(O)C,CC(C)NC(=O)N(C)CC1OCc2ccccc2-c2c(n(C)c3ccccc23)C(=O)N(C(C)CO)CC1C
PIK3CA,Pre-trained hierVAE Generate,0.49,C1(C=2C3=C(C=CC2)C(C=C(O3)N4CCOCC4)=O)=CC=C(C(=C1)OCCOC)NC(=O)CN5CCOCC5,CCCCCC(=O)Nc1ccc2c(c1)C(=O)N(C)CC(OC)C(C)CN(C(=O)c1ccccc1)C(C)CO2
PIK3CA,Pre-trained hierVAE Generate,0.5,C1(C=2C3=C(C=CC2)C(C=C(O3)N4CCOCC4)=O)=CC=C(C(=C1)OCCO)NC(=O)CN5CCOCC5,COc1ccc(CNC(=O)CC2CC3c4cc(NC(=O)NC5CCCCC5)ccc4OC3C(CO)O2)cc1
PIK3CA,Pre-trained hierVAE Generate,0.52,C1(=CC=C(C(=C1)OCCN2CCCC2)NC(=O)CN3CCOCC3)C4=CC=CC5=C4OC(=CC5=O)N6CCOCC6,CC1CCC2CCCN2C(=O)Oc2ccccc2NC1=O
PIK3CA,Pre-trained hierVAE Generate,0.67,C1(C=2C3=C(C=CC2)C(C=C(N4CCOCC4)O3)=O)=CC=C(C(=C1)O)NC(=O)CN5CCOCC5,CNCC(=O)Nc1ccc2c(c1)C1CC(CC(=O)NCc3cccc(-c4ccccc4)c3)OC(CO)C1O2
PIK3CA,Pre-trained hierVAE Generate,0.42,C1(C=2C3=C(C=CC2)C(C=C(O3)N4CCOCC4)=O)=CC=C(C(=C1)OCCOC)NC(=O)CN5CCOCC5,CC1CCCCOC(CN(C)C(=O)CCC(F)(F)F)C(C)CN(C(C)CO)C(=O)c2cc(NC(=O)c3ccncc3)ccc2O1
PIK3CA,Pre-trained hierVAE Generate,0.54,C1(C=2C3=C(C=CC2)C(C=C(O3)N4CCOCC4)=O)=CC=C(C(=C1)OCCOC)NC(=O)CN5CCOCC5,CCCCCC(=O)Nc1ccc2c(c1)OCC(C)N(C(=O)c1ccc3c(c1)OCO3)CC(C)C(OC)CN(C)C2=O
PIK3CA,Pre-trained hierVAE Generate,0.03,C1(C=2C3=C(C=CC2)C(C=C(O3)N4CCOCC4)=O)=CC=C(C(=C1)OCCOC)NC(=O)CN5CCOCC5,CCCC(=O)Nc1ccc2c(c1)OCC(C)N(C(=O)CC)CC(C)C(OC)CN(C)C2=O
PIK3CA,Pre-trained hierVAE Generate,0.3,N=1C(=CC2=C(C1C)C=C(C(N2C3CCOCC3)=O)C4=CC(=C(N=C4)OC)NS(C5=C(C=C(C=C5)F)F)(=O)=O)N,CC1CCCCOC(CN(C)S(=O)(=O)c2cccc(F)c2)C(C)CN(C(C)CO)C(=O)c2cc(NC(=O)c3ccncc3)ccc2O1
PIK3CA,Pre-trained hierVAE Generate,0.54,C1(C=2C3=C(C=CC2)C(C=C(O3)N4CCOCC4)=O)=CC=C(C(=C1)OCCOC)NC(=O)CN5CCOCC5,CCCC(=O)Nc1ccc2c(c1)C(=O)N(C)CC(OC)C(C)CN(C(=O)c1ccccn1)C(C)CO2
PIK3CA,Pre-trained hierVAE Generate,0.45,C1OC(CN(C1)C2=NC=3N(C(=C2)O)N=C(C3CC4=CC=CC(=C4C)C(F)(F)F)C)C,CC1CN(C(C)CO)C(=O)CCCn2nncc2COC1CN(C)Cc1ccc(C(F)(F)F)cc1
PIK3CA,Pre-trained hierVAE Generate,0.61,C1(C=2C3=C(C=CC2)C(C=C(O3)N4CCOCC4)=O)=CC=C(C(=C1)OCCOC)NC(=O)CN5CCOCC5,CC1CN(C(C)CO)C(=O)Cc2cc(NC(=O)CCN3CCOCC3)ccc2OC1CN(C)Cc1ccc(-c2ccccc2)cc1
PIK3CA,Pre-trained hierVAE Generate,0.61,O1CCN(CC1)C=2N=C(N=C(OC(C)C)N2)C3=CC=C(NC(=O)NC4=CC=C(C(=O)NCCN(C)C)C=C4)C=C3,CC(C)NC(=O)Nc1ccc2c(c1)C(=O)N(C(C)CO)CC(C)C(CN(C)Cc1cccnc1)OCCCCC(C)O2
PIK3CA,Pre-trained hierVAE Generate,0.7,C1(C=2C3=C(C=CC2)C(C=C(O3)N4CCOCC4)=O)=CC=C(C(=C1)OCCOC)NC(=O)CN5CCOCC5,COc1ccc(CN(C)CC2OCCCCC(C)Oc3ccc(NC(=O)Cc4ccccc4)cc3C(=O)N(C(C)CO)CC2C)cc1
PIK3CA,Pre-trained hierVAE Generate,0.56,C1(C=2C3=C(C=CC2)C(C=C(O3)N4CCOCC4)=O)=CC=C(C(=C1)OCCO)NC(=O)CN5CCOCC5,COc1ccccc1CNC(=O)CC1CC2c3cc(NC(=O)Cc4ccncc4)ccc3OC2C(CO)O1
PIK3CA,Pre-trained hierVAE Generate,0.42,C1(C=2C3=C(C=CC2)C(C=C(O3)N4CCOCC4)=O)=CC=C(C(=C1)OCCOC)NC(=O)CN5CCOCC5,CC1CN(C(C)CO)C(=O)c2cc(NC(=O)CCN3CCOCC3)ccc2OC1CN(C)Cc1cccc(C(=O)O)c1
PIK3CA,Pre-trained hierVAE Generate,0.6,C1(C=2C3=C(C=CC2)C(C=C(O3)N4CCOCC4)=O)=CC=C(C(=C1)OCCO)NC(=O)CN5CCOCC5,COc1ccc(CNC(=O)CC2CCC3C(COCC(O)CN3C(=O)Nc3ccc(C(F)(F)F)cc3)O2)cc1
PIK3CA,Pre-trained hierVAE Generate,0.33,C1(C=2C3=C(C=CC2)C(C=C(O3)N4CCOCC4)=O)=CC=C(C(=C1)OCCOC)NC(=O)CN5CCOCC5,CCCCCC(=O)Nc1ccc2c(c1)C(=O)N(C)CC(OC)C(C)CN(C(=O)c1ccccn1)C(C)CO2
PIK3CA,Pre-trained hierVAE Generate,0.52,C1(C=2C3=C(C=CC2)C(C=C(O3)N4CCOCC4)=O)=CC=C(C(=C1)OCCOC)NC(=O)CN5CCOCC5,CC1CCCCOC(CN(C)Cc2ccncc2)C(C)CN(C(C)CO)C(=O)c2cc(NC(=O)CCC(F)(F)F)ccc2O1
PIK3CA,Pre-trained hierVAE Generate,0.62,C1(C=2C3=C(C=CC2)C(C=C(O3)N4CCOCC4)=O)=CC=C(C(=C1)OCCOC)NC(=O)CN5CCOCC5,CCCCCC(=O)Nc1ccc2c(c1)C(=O)N(C)CC(OC)C(C)CN(C(=O)c1cccnc1)C(C)CO2
PIK3CA,Pre-trained hierVAE Generate,0.4,N=1C(=NC(C=2C=CC(NC(NC3=CC=C(C=C3)C(N(CCNC)C)=O)=O)=CC2)=NC1OC)N4CCOCC4,COc1ccccc1NC(=O)Nc1cccc(C2CCC(NC(=O)CCN3CCN(C)CC3)C(CC(=O)NCCc3ccccc3)O2)c1
PIK3CA,Pre-trained hierVAE Generate,0.4,C=1C2=C(C(=CC1)N3CCN(CC3)C)CCN2C(CC=4N=C(C=C(N4)O)N5CCOCC5)=O,CC1CN(C(C)CO)C(=O)c2c(c3ccccc3n2C)-c2ccccc2COC1CN(C)CC1CCCCC1
PIK3CA,Pre-trained hierVAE Generate,0.47,C1(C=2C3=C(C=CC2)C(C=C(O3)N4CCOCC4)=O)=CC=C(C(=C1)OCCOC)NC(=O)CN5CCOCC5,CCCCCCC(=O)Nc1ccc2c(c1)C(=O)N(C)CC(OC)C(C)CN(C(=O)C1CC1)C(C)CO2
PIK3CA,Pre-trained hierVAE Generate,0.51,C=1C2=C(C(=CC1)N3CCN(CC3)C)CCN2C(CC=4N=C(C=C(N4)O)N5CCOCC5)=O,CC1CN(C(C)CO)C(=O)c2c(c3ccccc3n2C)-c2ccccc2COC1CN(C)C(=O)CCN1CCOCC1
PIK3CA,Pre-trained hierVAE Generate,0.55,C1(C=2C3=C(C=CC2)C(C=C(O3)N4CCOCC4)=O)=CC=C(C(=C1)OCCOC)NC(=O)CN5CCOCC5,CCCC(=O)Nc1ccc2c(c1)C(=O)N(C)CC(OC)C(C)CN(C(=O)c1ccccn1)C(C)CO2
PIK3CA,Pre-trained hierVAE Generate,0.28,C1(C=2C3=C(C=CC2)C(C=C(O3)N4CCOCC4)=O)=CC=C(C(=C1)OCCOC)NC(=O)CN5CCOCC5,CC1CCCCOC(CN(C)C(=O)CCC(F)(F)F)C(C)CN(C(C)CO)C(=O)c2cc(NC(=O)c3ccncc3)ccc2O1
PIK3CA,Pre-trained hierVAE Generate,0.42,C1(C=2C3=C(C=CC2)C(C=C(O3)N4CCOCC4)=O)=CC=C(C(=C1)OCCOC)NC(=O)CN5CCOCC5,COC1CN(C)C(=O)c2cc(NC(=O)CCN3CCOCC3)ccc2OCC(C)N(C(=O)c2ccccc2F)CC1C
PIK3CA,Pre-trained hierVAE Generate,0.66,C1(C=2C3=C(C=CC2)C(C=C(O3)N4CCOCC4)=O)=CC=C(C(=C1)OCCOC)NC(=O)CN5CCOCC5,CCCC(=O)Nc1ccc2c(c1)OCC(C)N(C(=O)c1ccccn1)CC(C)C(OC)CN(C)C2=O
PIK3CA,Pre-trained hierVAE Generate,0.05,C1OC(CN(C1)C2=NC=3N(C(=C2)O)N=C(C3CC4=CC=CC(=C4C)C(F)(F)F)C)C,CC1CN(C(C)CO)C(=O)CCCn2nncc2COC1CN(C)C(=O)c1ccc(C(F)(F)F)cc1
PIK3CA,Pre-trained hierVAE Generate,0.06,C1(C=2C3=C(C=CC2)C(C=C(O3)N4CCOCC4)=O)=CC=C(C(=C1)OCCOC)NC(=O)CN5CCOCC5,CCCC(=O)Nc1ccc2c(c1)C(=O)N(C)CC(OC)C(C)CN(C(=O)c1ccccn1)C(C)CO2
PIK3CA,Pre-trained hierVAE Generate,0.48,C=1C=C(C=CC1C(C)=O)C=2SC(=NC2C)NC(=O)NCCC(NC(C)(C)C)=O,CC(C)(C)c1ccc(C(=O)Nc2ccc(C(=O)NCCCNCCCNCCCNC(=O)c3ccc(Cl)cc3)cc2)cc1
PIK3CA,Pre-trained hierVAE Generate,0.85,C1(C=2C3=C(C=CC2)C(C=C(O3)N4CCOCC4)=O)=CC=C(C(=C1)OCCOC)NC(=O)CN5CCOCC5,CC1CN(C(C)CO)C(=O)Cc2cc(NC(=O)CCN3CCOCC3)ccc2OC1CN(C)Cc1ccc(-c2ccccc2)cc1
PIK3CA,Pre-trained hierVAE Generate,0.41,C1(C=2C3=C(C=CC2)C(C=C(O3)N4CCOCC4)=O)=CC=C(C(=C1)OCCOC)NC(=O)CN5CCOCC5,CCCCCC(=O)Nc1ccc2c(c1)C(=O)N(C)CC(OC)C(C)CN(C(=O)c1ccccc1)C(C)CO2
PIK3CA,Pre-trained hierVAE Generate,0.59,C1(C=2C3=C(C=CC2)C(C=C(O3)N4CCOCC4)=O)=CC=C(C(=C1)OCCOC)NC(=O)CN5CCOCC5,COc1ccc(CN(C)CC2OCCCCC(C)Oc3ccc(NC(=O)Cc4ccccc4)cc3C(=O)N(C(C)CO)CC2C)cc1
PIK3CA,Pre-trained hierVAE Generate,0.6,C1(C=2C3=C(C=CC2)C(C=C(O3)N4CCOCC4)=O)=CC=C(C(=C1)OCCOC)NC(=O)CN5CCOCC5,CCCCCC(=O)Nc1ccc2c(c1)C(=O)N(C)CC(OC)C(C)CN(C(=O)c1ccccc1)C(C)CO2
PIK3CA,Pre-trained hierVAE Generate,0.62,C1(C=2C3=C(C=CC2)C(C=C(O3)N4CCOCC4)=O)=CC=C(C(=C1)OCCOC)NC(=O)CN5CCOCC5,CCCc1cccc(C(=O)Nc2ccc3c(c2)OCC(C)N(C(=O)CN2CCOCC2)CC(C)C(OC)CN(C)C3=O)c1
PIK3CA,Pre-trained hierVAE Generate,0.47,C1(C=2C3=C(C=CC2)C(C=C(O3)N4CCOCC4)=O)=CC=C(C(=C1)OCCOC)NC(=O)CN5CCOCC5,CC1CCCCOC(CN(C)Cc2ccncc2)C(C)CN(C(C)CO)C(=O)c2cc(NC(=O)C3CC3)ccc2O1
PIK3CA,Pre-trained hierVAE Generate,0.79,C1(C=2C3=C(C=CC2)C(C=C(O3)N4CCOCC4)=O)=CC=C(C(=C1)OCCOC)NC(=O)CN5CCOCC5,CCCCCC(=O)Nc1ccc2c(c1)C(=O)N(C)CC(OC)C(C)CN(C(=O)c1ccccn1)C(C)CO2
PIK3CA,Pre-trained hierVAE Generate,0.03,C1OC(CN(C1)C2=NC=3N(C(=C2)O)N=C(C3CC4=CC=CC(=C4C)C(F)(F)F)C)C,CC1CN(C(C)CO)C(=O)CCCn2cc(nn2)COC1CN(C)Cc1ccc(C(F)(F)F)cc1
PIK3CA,Pre-trained hierVAE Generate,0.4,C1(C=2C3=C(C=CC2)C(C=C(O3)N4CCOCC4)=O)=CC=C(C(=C1)OCCOC)NC(=O)CN5CCOCC5,CCCC(=O)Nc1ccc2c(c1)C(=O)N(C)CC(OC)C(C)CN(C(=O)CC)C(C)CO2
PIK3CA,Pre-trained hierVAE Generate,0.74,C1(C=2C3=C(C=CC2)C(C=C(O3)N4CCOCC4)=O)=CC=C(C(=C1)OCCOC)NC(=O)CN5CCOCC5,COc1ccc(CN(C)CC2Oc3ncc(C#CC4CC4)cc3C(=O)N(C(C)CO)CC2C)cc1
PIK3CA,Pre-trained hierVAE Generate,0.64,N=1C(=NC(C2=CC=C(C=C2)NC(NC3=CC=C(C=C3)C(N(C)CCN(C)C)=O)=O)=NC1OC(C)C)N4CCOCC4,COC1CN(C)C(=O)c2cc(NC(=O)NC(C)C)ccc2OCC(C)N(Cc2ccccn2)CC1C
PIK3CA,Pre-trained hierVAE Generate,0.44,C=1C2=C(C(=CC1)N3CCN(CC3)C)CCN2C(CC=4N=C(C=C(N4)O)N5CCOCC5)=O,CC1CN(C(C)CO)C(=O)c2c(c3ccccc3n2C)-c2ccccc2COC1CN(C)CC1CCCCC1
PIK3CA,Pre-trained hierVAE Generate,0.63,C1(C=2C3=C(C=CC2)C(C=C(O3)N4CCOCC4)=O)=CC=C(C(=C1)OCCOC)NC(=O)CN5CCOCC5,COCC(=O)Nc1ccc2c(c1)C(=O)N(C)CC(OC)C(C)CN(C(=O)CCCN1CCOCC1)C(C)CO2
PIK3CA,Pre-trained hierVAE Generate,0.54,C1(C=2C3=C(C=CC2)C(C=C(O3)N4CCOCC4)=O)=CC=C(C(=C1)OCCOC)NC(=O)CN5CCOCC5,CCCC(=O)Nc1ccc2c(c1)C(=O)N(C)CC(OC)C(C)CN(C(=O)c1ccccn1)C(C)CO2
PIK3CA,Pre-trained hierVAE Generate,0.33,C1(C=2C3=C(C=CC2)C(C=C(O3)N4CCOCC4)=O)=CC=C(C(=C1)OCC(C)C)NC(=O)CN5CCOCC5,CC(C)CC(=O)Nc1ccc2c(c1)C1CC(CC(=O)NCCc3ccccc3)OC(CO)C1O2
PIK3CA,Pre-trained hierVAE Generate,0.59,C1(C=2C3=C(C=CC2)C(C=C(O3)N4CCOCC4)=O)=CC=C(C(=C1)OCCOC)NC(=O)CN5CCOCC5,CCCCCC(=O)Nc1ccc2c(c1)OCC(C)N(C(=O)c1ccc3c(c1)OCO3)CC(C)C(OC)CN(C)C2=O
PIK3CA,Pre-trained hierVAE Generate,0.33,C1=C(C=C2O/C(/C(=O)C2=C1O)=C\C=3C4=C(N(C3C)C)C=CC(=C4)OC)O,COc1ccc(C=C2C(=O)N(Cc3ccccc3OC)c3cc(OC)c(OC)cc32)cc1
PIK3CA,Pre-trained hierVAE Generate,0.37,C1OC(CN(C1)C2=NC=3N(C(=C2)O)N=C(C3CC4=CC=CC(=C4C)C(F)(F)F)C)C,CC1CN(C(C)CO)C(=O)CCCn2nncc2COC1CN(C)C(=O)c1ccc(C(F)(F)F)cc1
PIK3CA,Pre-trained hierVAE Generate,0.58,C1(C=2C3=C(C=CC2)C(C=C(O3)N4CCOCC4)=O)=CC=C(C(=C1)OCC(C)C)NC(=O)CN5CCOCC5,CC(C)Cc1ccc(C(=O)Nc2ccc3c(c2)C2CC(CC(=O)NCCc4ccccc4)OC(CO)C2O3)cc1
PIK3CA,Pre-trained hierVAE Generate,0.74,C1(C=2C3=C(C=CC2)C(C=C(O3)N4CCOCC4)=O)=CC=C(C(=C1)OCCOC)NC(=O)CN5CCOCC5,CCCCCCC(=O)Nc1ccc2c(c1)OCC(C)N(C(=O)c1cccc(F)c1)CC(C)C(OC)CN(C)C2=O
PIK3CA,Pre-trained hierVAE Generate,0.65,C1(C=2C3=C(C=CC2)C(C=C(O3)N4CCOCC4)=O)=CC=C(C(=C1)OCCOC)NC(=O)CN5CCOCC5,CC1CN(C(C)CO)C(=O)Cc2cc(NC(=O)CCN3CCOCC3)ccc2OC1CN(C)Cc1ccc(-c2ccccc2)cc1
PIK3CA,Pre-trained hierVAE Generate,0.54,O1CCN(CC1)C=2N=C(N=C(OC(C)C)N2)C3=CC=C(NC(=O)NC4=CC=C(C(=O)NCCN(C)C)C=C4)C=C3,CC(C)NC(=O)Nc1ccc2c(c1)C(=O)N(C(C)CO)CC(C)C(CN(C)Cc1cccnc1)OCCCCC(C)O2
PIK3CA,Pre-trained hierVAE Generate,0.29,C1C(=O)/C(/C2[C@@]([C@@H]1OC(CCC(O)=O)=O)(C)C3=C(C(C2=O)=O)C4=C(C(CC4)=O)C=C3)=C\NCC(=O)O,CCCCCCCCCCCCCCCCCCCCCCC(O)C(N)C(=O)O
PIK3CA,Pre-trained hierVAE Generate,0.55,C1=CC=C2C(C3=C4N2[C@]5(O[C@H](C[C@H]([C@H]5OC)N(C)C(=O)CCC(NCCC(NCCC(NCCC(N)=O)=O)=O)=O)N6C4=C(C7=C6C=CC=C7)C=8C3=CNC8O)C)=C1,CCCCCCC(=O)NC1C2NC(CO)(Cn3c2ccc(-c2ccccc2F)c3=O)C1CO
PIK3CA,Pre-trained hierVAE Generate,0.73,C1(C=2C3=C(C=CC2)C(C=C(O3)N4CCOCC4)=O)=CC=C(C(=C1)OCCOC)NC(=O)CN5CCOCC5,CCCc1cccc(C(=O)Nc2ccc3c(c2)OCC(C)N(C(=O)CN2CCOCC2)CC(C)C(OC)CN(C)C3=O)c1
PIK3CA,Pre-trained hierVAE Generate,0.4,C1(C=2C3=C(C=CC2)C(C=C(O3)N4CCOCC4)=O)=CC=C(C(=C1)OCC(C)C)NC(=O)CN5CCOCC5,CC1CCCCOC(CN(C)Cc2ccc(C(F)(F)F)cc2)C(C)CN(C(C)CO)C(=O)c2cc(NC(=O)CCCN(C)C)ccc2O1
PIK3CA,Pre-trained hierVAE Generate,0.46,C1(C=2C3=C(C=CC2)C(C=C(O3)N4CCOCC4)=O)=CC=C(C(=C1)OCCOC)NC(=O)CN5CCOCC5,CCCCCC(=O)Nc1ccc2c(c1)C(=O)N(C)CC(OC)C(C)CN(C(=O)c1ccccn1)C(C)CO2
PIK3CA,Pre-trained hierVAE Generate,0.38,C1OC(CN(C1)C2=NC=3N(C(=C2)O)N=C(C3CC4=CC=CC(=C4C)C(F)(F)F)C)C,CC1CCCCOC(CN(C)Cc2cccc(C(F)(F)F)c2)C(C)CN(C(C)CO)C(=O)c2cc(NC(=O)CCn3cnnn3)ccc2O1
PIK3CA,Pre-trained hierVAE Generate,0.64,C1(C=2C3=C(C=CC2)C(C=C(O3)N4CCOCC4)=O)=CC=C(C(=C1)OCCOC)NC(=O)CN5CCOCC5,CCCC(=O)Nc1ccc2c(c1)C(=O)N(C)CC(OC)C(C)CN(C(=O)CC)C(C)CO2
PIK3CA,Pre-trained hierVAE Generate,0.22,C=1C=CC(C(=O)NC2=CN=C(C=C2)C)=C3C1C(N)=NC(C)=N3,CC(C)C#Cc1cncc(C(=O)Nc2ccc(C#N)cc2)c1
PIK3CA,Pre-trained hierVAE Generate,0.41,C1(C=2C3=C(C=CC2)C(C=C(O3)N4CCOCC4)=O)=CC=C(C(=C1)OCCOC)NC(=O)CN5CCOCC5,CCCCCC(=O)Nc1ccc2c(c1)C(=O)N(C)CC(OC)C(C)CN(C(=O)c1ccccc1)C(C)CO2
PIK3CA,Pre-trained hierVAE Generate,0.39,C=1C2=C(C(=CC1)N3CCN(CC3)C)CCN2C(CC=4N=C(C=C(N4)O)N5CCOCC5)=O,CC1CN(C(C)CO)C(=O)c2c(c3ccccc3n2C)-c2ccccc2COC1CN(C)CC1CCCCC1
PIK3CA,Pre-trained hierVAE Generate,0.24,C1=CN=C2C(C(=CN2C)/C=C/3\OC=4C(=C(C=CC4)O)C3=O)=C1C5=CC=C(C=C5)C(N6CCN(CC6)CCO)=O,CC1CN(C(C)CO)C(=O)c2c(c3ccccc3n2C)-c2ccccc2COC1CN(C)Cc1ccc(C(=O)O)cc1
PIK3CA,Pre-trained hierVAE Generate,0.35,C1(C=2C3=C(C=CC2)C(C=C(O3)N4CCOCC4)=O)=CC=C(C(=C1)OCCOC)NC(=O)CN5CCOCC5,CC1CN(C(C)CO)C(=O)c2cc(NC(=O)CCN3CCOCC3)ccc2OC1CN(C)Cc1ccc(C(=O)O)cc1
PIK3CA,Pre-trained hierVAE Generate,0.46,C1(C=2C3=C(C=CC2)C(C=C(O3)N4CCOCC4)=O)=CC=C(C(=C1)OCCOC)NC(=O)CN5CCOCC5,CCOc1ccc(C(=O)Nc2ccc3c(c2)C(=O)N(C(C)CO)CC(C)C(CN(C)Cc2ccc(C(=O)O)cc2)O3)cc1
PIK3CA,Pre-trained hierVAE Generate,0.84,C1(C=2C3=C(C=CC2)C(C=C(O3)N4CCOCC4)=O)=CC=C(C(=C1)OCCOC)NC(=O)CN5CCOCC5,CCNC(=O)CC1CCC2C(COc3ccc(NC(=O)c4ccc(F)cc4)cc3C(=O)N2C)O1
PIK3CA,Pre-trained hierVAE Generate,0.33,C1(C=2C3=C(C=CC2)C(C=C(O3)N4CCOCC4)=O)=CC=C(C(=C1)OCCO)NC(=O)CN5CCOCC5,CCCC(=O)Nc1ccc2c(c1)C1CC(CC(=O)NCCc3ccncc3)OC(CO)C1O2
PIK3CA,Pre-trained hierVAE Generate,0.49,N=1C(=CC2=C(C1C)C=C(C(N2C3CCOCC3)=O)C4=CC(=C(N=C4)OC)NS(C5=C(C=C(C=C5)F)F)(=O)=O)N,CC1CCCCOC(CN(C)S(=O)(=O)c2cccc(F)c2)C(C)CN(C(C)CO)C(=O)c2cc(NC(=O)c3ccncc3)ccc2O1
PIK3CA,Pre-trained hierVAE Generate,0.09,C1(C=2C3=C(C=CC2)C(C=C(O3)N4CCOCC4)=O)=CC=C(C(=C1)OCCOC)NC(=O)CN5CCOCC5,CCCC(=O)Nc1ccc2c(c1)C(=O)N(C)CC(OC)C(C)CN(C(=O)c1ccccn1)C(C)CO2
PIK3CA,Pre-trained hierVAE Generate,0.34,C1OC(CN(C1)C2=NC=3N(C(=C2)O)N=C(C3CC4=CC=CC(=C4C)C(F)(F)F)C)C,CC1CN(C(C)CO)C(=O)CCCn2nncc2COC1CN(C)Cc1ccc(C(F)(F)F)cc1
PIK3CA,Pre-trained hierVAE Generate,0.45,C1C(=O)/C(/C2[C@@]([C@@H]1OC(CCC(O)=O)=O)(C)C3=C(C(C2=O)=O)C4=C(C(CC4)=O)C=C3)=C\NCC(=O)O,NCC=CC=CC(=O)O
PIK3CA,Pre-trained hierVAE Generate,0.14,C1(C\2[C@@](C)(C=3C(C1=O)[C@@H]4CC[C@@H]([C@@]4(C)CC3OC(C)=O)O)[C@@H](COC)OC(/C2=C/N5CCCC5)=O)=O,CC(C)(C)c1ccc(C(C)(C)C(O)CCCN2CCCC2)cc1
PIK3CA,Pre-trained hierVAE Generate,0.67,C1(C=2C3=C(C=CC2)C(C=C(O3)N4CCOCC4)=O)=CC=C(C(=C1)OCCOC)NC(=O)CN5CCOCC5,COc1ccc(CN(C)CC2OCCCCC(C)Oc3ccc(NC(=O)Cc4ccccc4)cc3C(=O)N(C(C)CO)CC2C)cc1
PIK3CA,Pre-trained hierVAE Generate,0.51,C1(C=2C3=C(C=CC2)C(C=C(O3)N4CCOCC4)=O)=CC=C(C(=C1)OCCO)NC(=O)CN5CCOCC5,COc1ccc(CNC(=O)CC2CC3c4cc(NC(=O)CN5CCOCC5)ccc4OC3C(CO)O2)cc1
PIK3CA,Pre-trained hierVAE Generate,0.51,C1(C=2C3=C(C=CC2)C(C=C(O3)N4CCOCC4)=O)=CC=C(C(=C1)OCCOC)NC(=O)CN5CCOCC5,CC1CN(C(C)CO)C(=O)c2cc(NC(=O)CCN3CCOCC3)ccc2OC1CN(C)Cc1cccc(C(=O)O)c1
PIK3CA,Pre-trained hierVAE Generate,0.46,C1(C=2C3=C(C=CC2)C(C=C(O3)N4CCOCC4)=O)=CC=C(C(=C1)OCCO)NC(=O)CN5CCOCC5,COc1ccc(CNC(=O)CC2CCC3C(COCC(O)CN3C(=O)Nc3ccc(C(F)(F)F)cc3)O2)cc1
PIK3CA,Pre-trained hierVAE Generate,0.24,O1C2=C([C@@]3([C@H](C(CCC3)(C)C)CC2)C)C=4C1=C(C(O)=C(O)C4)C(=O)N,CC(C)(C)CNC(=O)CCCCCCCCCCCCCCCCCCCCCCCCCCCCCCCCCCCCCCCCCCCCC(O)C(O)c1ccccc1O
PIK3CA,Pre-trained hierVAE Generate,0.5,C1(C=2C3=C(C=CC2)C(C=C(O3)N4CCOCC4)=O)=CC=C(C(=C1)OCCO)NC(=O)CN5CCOCC5,CC(NC(=O)CC1CCC(NC(=O)c2cccnc2)C(CO)O1)c1ccccc1
PIK3CA,Pre-trained hierVAE Generate,0.6,O1CCN(CC1)C=2N=C(N=C(OC(C)C)N2)C3=CC=C(NC(=O)NC4=CC=C(C(=O)NCCN(C)C)C=C4)C=C3,CC(C)NC(=O)Nc1ccc2c(c1)CC(=O)N(C(C)CO)CC(C)C(CN(C)Cc1ccc(C(F)(F)F)cc1)O2
PIK3CA,Ours,0.91,C1(C=2C3=C(C=CC2)C(C=C(O3)N4CCOCC4)=O)=CC=C(C(=C1)OCCOC)NC(=O)CN5CCOCC5,COc1ccc(CNC(=O)CC2CCC3C(COc4ccc(NC(=O)c5ccc(F)cc5)cc4C(=O)N3C)O2)cc1
PIK3CA,Ours,0.87,O=C(N1CC(NCC1)(C)C)C2=CC=C(NC(=O)NC3=CC=C(C4=NC(N5CCOCC5)=NC(OC)=N4)C=C3)C=C2,CC(C)NC(=O)Nc1ccc2c(c1)C(=O)N(C(C)CO)CC(C)C(CN(C)Cc1ccc(C(F)(F)F)cc1)OCCCCC(C)O2
PIK3CA,Ours,0.87,N=1C(=CC2=C(C1C)C=C(C(N2C3CCOCC3)=O)C4=CC(=C(N=C4)OC)NS(C5=C(C=C(C=C5)F)F)(=O)=O)N,CC(NC(=O)Nc1ccc2c(c1)CC(=O)N(C(C)CO)CC(C)C(CN(C)S(=O)(=O)c1ccc(F)cc1)O2)c1ccccc1
PIK3CA,Ours,0.87,C1(C=2C3=C(C=CC2)C(C=C(O3)N4CCOCC4)=O)=CC=C(C(=C1)OCCOC)NC(=O)CN5CCOCC5,COC1CN(C)C(=O)c2cc(NC(=O)CN3CCOCC3)ccc2OCC(C)N(Cc2cccc(F)c2)CC1C
PIK3CA,Ours,0.87,C1(C=2C3=C(C=CC2)C(C=C(O3)N4CCOCC4)=O)=CC=C(C(=C1)OCCOC)NC(=O)CN5CCOCC5,COC1CN(C)C(=O)c2cc(NC(=O)CN3CCOCC3)ccc2OCC(C)N(Cc2cccc(F)c2)CC1C
PIK3CA,Ours,0.87,C1(C=2C3=C(C=CC2)C(C=C(O3)N4CCOCC4)=O)=CC=C(C(=C1)OCCO)NC(=O)CN5CCOCC5,CN(C)c1ccc2c(c1)C1CC(CC(=O)NC3CCCCC3)OC(CO)C1O2
PIK3CA,Ours,0.86,O1C2=C([C@@]3([C@H](C(CCC3)(C)C)CC2)C)C=4C1=C(C(O)=C(O)C4)C(=O)N,CCCCCCCCCCCCCCCCCCC(=O)Nc1ccccc1O
PIK3CA,Ours,0.86,C1(C=2C3=C(C=CC2)C(C=C(O3)N4CCOCC4)=O)=CC=C(C(=C1)OCCOC)NC(=O)CN5CCOCC5,COC1CN(C)C(=O)c2cc(NC(=O)c3cccnc3)ccc2OCC(C)N(CCc2ccccc2)CC1C
PIK3CA,Ours,0.86,C1(C=2C3=C(C=CC2)C(C=C(O3)N4CCOCC4)=O)=CC=C(C(=C1)OCCOC)NC(=O)CN5CCOCC5,COC1CN(C)C(=O)c2cc(NC(=O)c3cccnc3)ccc2OCC(C)N(CCc2ccccc2)CC1C
PIK3CA,Ours,0.86,C1(C=2C3=C(C=CC2)C(C=C(O3)N4CCOCC4)=O)=CC=C(C(=C1)OCCOC)NC(=O)CN5CCOCC5,CCCNC(=O)Nc1ccc2c(c1)C(=O)N(C)CC(OC)C(C)CN(Cc1ccccc1F)C(C)CO2
PIK3CA,Ours,0.86,C1(C=2C3=C(C=CC2)C(C=C(O3)N4CCOCC4)=O)=CC=C(C(=C1)OCCOC)NC(=O)CN5CCOCC5,CCCN1CC(C)C(OC)CN(C)C(=O)c2cc(NC(=O)C3CCOCC3)ccc2OCC1C
PIK3CA,Ours,0.86,C1(C=2C3=C(C=CC2)C(C=C(O3)N4CCOCC4)=O)=CC=C(C(=C1)OCCOC)NC(=O)CN5CCOCC5,CCCCCC(=O)Nc1ccc2c(c1)C(=O)N(C)CC(OC)C(C)CN(C(=O)c1ccc(OC)cc1)C(C)CO2
PIK3CA,Ours,0.86,C1(C=2C3=C(C=CC2)C(C=C(O3)N4CCOCC4)=O)=CC=C(C(=C1)OCCOC)NC(=O)CN5CCOCC5,CCCCCC(=O)Nc1ccc2c(c1)C(=O)N(C)CC(OC)C(C)CN(C(=O)c1ccc(OC)cc1)C(C)CO2
PIK3CA,Ours,0.85,O1C2=C([C@@]3([C@H](C(CCC3)(C)C)CC2)C)C=4C1=C(C(OC)=C(OC)C4)C=O,CCCCCCCCCCCCCCCCCCCCCCCCCCCCCCCCCCCCCCCCCCCCCCCCCCCCCCCCCCCCCCCCCCCCCCCCCCCCCCCCCCCCCCCCCCCCCCCCCCCC=O
PIK3CA,Ours,0.85,N=1C(=NC(C2=CC=C(C=C2)NC(NC3=CC=C(C=C3)C(N(C)CCN(C)C)=O)=O)=NC1OC(C)C)N4CCOCC4,CC(C)NC(=O)Nc1ccc2c(c1)C(=O)N(C)CCCCN(C(=O)c1cccnc1)C(C)C(CN(C)CC1CCOCC1)O2
PIK3CA,Ours,0.85,C1CN(CCO1)C2=NC(=CN3C2=NC(=C3)C(NCCCN(C)C)=O)C4=CN=C(N=C4)N,CN(C)CCCNC(=O)CCCCCCCCCCCCCCCCCCCCCCCCCC(C)(C)C
PIK3CA,Ours,0.85,C1(C=2C3=C(C=CC2)C(C=C(O3)N4CCOCC4)=O)=CC=C(C(=C1)OCCO)NC(=O)CN5CCOCC5,COc1ccc(NC(=O)Nc2ccc3c(c2)C2CC(CC(=O)NCCN4CCCCC4)OC(CO)C2O3)cc1
PIK3CA,Ours,0.85,C1(C=2C3=C(C=CC2)C(C=C(O3)N4CCOCC4)=O)=CC=C(C(=C1)OCCO)NC(=O)CN5CCOCC5,COc1ccc(NC(=O)Nc2ccc3c(c2)C2CC(CC(=O)NCCN4CCCCC4)OC(CO)C2O3)cc1
PIK3CA,Ours,0.85,C1(C=2C3=C(C=CC2)C(C=C(O3)N4CCOCC4)=O)=CC=C(C(=C1)OCCO)NC(=O)CN5CCOCC5,COc1ccc(NC(=O)Nc2ccc3c(c2)C2CC(CC(=O)NCCN4CCCCC4)OC(CO)C2O3)cc1
PIK3CA,Ours,0.85,C1(C=2C3=C(C=CC2)C(C=C(O3)N4CCOCC4)=O)=CC=C(C(=C1)OCCO)NC(=O)CN5CCOCC5,COc1ccc(NC(=O)Nc2ccc3c(c2)C2CC(CC(=O)NCCN4CCCCC4)OC(CO)C2O3)cc1
PIK3CA,Ours,0.85,C1(C=2C3=C(C=CC2)C(C=C(O3)N4CCOCC4)=O)=CC=C(C(=C1)OCCO)NC(=O)CN5CCOCC5,CN(C)c1ccc2c(c1)C1CC(CC(=O)NC3CCCCC3)OC(CO)C1O2
PIK3CA,Ours,0.85,C1(C=2C3=C(C=CC2)C(C=C(O3)N4CCOCC4)=O)=CC=C(C(=C1)OCCO)NC(=O)CN5CCOCC5,CCCNC(=O)N1CC(O)COCC2OC(CC(=O)NCc3ccc(F)cc3)CCC21
PIK3CA,Ours,0.85,C1(C=2C3=C(C=CC2)C(C=C(O3)N4CCOCC4)=O)=CC=C(C(=C1)OCC(C)C)NC(=O)CN5CCOCC5,CC1CCCCOC(CN(C)Cc2ccccn2)C(C)CN(C(C)CO)C(=O)c2cc(NC(=O)CCCN(C)C)ccc2O1
PIK3CA,Ours,0.85,C1(C=2C3=C(C=CC2)C(C=C(O3)N4CCOCC4)=O)=CC=C(C(=C1)OCC(C)C)NC(=O)CN5CCOCC5,CC1CCCCOC(CN(C)Cc2ccccn2)C(C)CN(C(C)CO)C(=O)c2cc(NC(=O)CCCN(C)C)ccc2O1
PIK3CA,Ours,0.85,C1(C=2C3=C(C=CC2)C(C=C(O3)N4CCOCC4)=O)=CC=C(C(=C1)OCC(C)C)NC(=O)CN5CCOCC5,CC1CCCCOC(CN(C)Cc2ccccn2)C(C)CN(C(C)CO)C(=O)c2cc(NC(=O)CCCN(C)C)ccc2O1
PIK3CA,Ours,0.85,C1(C=2C3=C(C=CC2)C(C=C(N4CCOCC4)O3)=O)=CC=C(C(=C1)O)NC(=O)CN5CCOCC5,CC1CN(C(C)CO)C(=O)c2cccc(NC(=O)CCCN(C)C)c2OC1CN(C)Cc1ccc(C(=O)Nc2ccccc2N)cc1
PIK3CA,Ours,0.84,C1OC(CN(C1)C2=NC=3N(C(=C2)O)N=C(C3CC4=CC=CC(=C4C)C(F)(F)F)C)C,CC1CN(C(C)CO)C(=O)CCCn2cc(nn2)COC1CN(C)C(=O)CCC(F)(F)F
PIK3CA,Ours,0.84,C1(C=2C3=C(C=CC2)C(C=C(O3)N4CCOCC4)=O)=CC=C(C(=C1)OCCOC)NC(=O)CN5CCOCC5,COC1CN(C)C(=O)c2ccc(NC(=O)C3CCOCC3)cc2OCC(C)NCC1C
PIK3CA,Ours,0.84,C1(C=2C3=C(C=CC2)C(C=C(O3)N4CCOCC4)=O)=CC=C(C(=C1)OCCOC)NC(=O)CN5CCOCC5,COC1CN(C)C(=O)c2cc(NC(=O)c3cccnc3)ccc2OCC(C)NCC1C
PIK3CA,Ours,0.84,C1(C=2C3=C(C=CC2)C(C=C(O3)N4CCOCC4)=O)=CC=C(C(=C1)OCCOC)NC(=O)CN5CCOCC5,CCCCCC(=O)Nc1ccc2c(c1)OCC(C)N(C(=O)CC)CC(C)C(OC)CN(C)C2=O
PIK3CA,Ours,0.84,C1(C=2C3=C(C=CC2)C(C=C(O3)N4CCOCC4)=O)=CC=C(C(=C1)OCCOC)NC(=O)CN5CCOCC5,CCCCCC(=O)Nc1ccc2c(c1)OCC(C)N(C(=O)CC)CC(C)C(OC)CN(C)C2=O
PIK3CA,Ours,0.84,C1(C=2C3=C(C=CC2)C(C=C(O3)N4CCOCC4)=O)=CC=C(C(=C1)OCCOC)NC(=O)CN5CCOCC5,CCCC(=O)Nc1ccc2c(c1)C(=O)N(C)CC(OC)C(C)CN(C(=O)c1ccccc1)C(C)CO2
PIK3CA,Ours,0.84,C1(C=2C3=C(C=CC2)C(C=C(O3)N4CCOCC4)=O)=CC=C(C(=C1)OCCOC)NC(=O)CN5CCOCC5,CCCC(=O)Nc1ccc2c(c1)C(=O)N(C)CC(OC)C(C)CN(C(=O)c1ccccc1)C(C)CO2
PIK3CA,Ours,0.84,C1(C=2C3=C(C=CC2)C(C=C(O3)N4CCOCC4)=O)=CC=C(C(=C1)OCCOC)NC(=O)CN5CCOCC5,CCCC(=O)Nc1ccc2c(c1)C(=O)N(C)CC(OC)C(C)CN(C(=O)c1ccccc1)C(C)CO2
PIK3CA,Ours,0.83,FC(F)(F)CN1C=2N=C(N=C(N3CCOCC3)C2C=C1)C4=CC=C(NC(=O)NC5=CC=C(C(=O)NCCN(C)C)C=C5)C=C4,CN(C)c1ccc(NC(=O)NC2CC(CO)N(C(=O)Nc3ccc(F)cc3)C2C(=O)NC2CCCC2)cc1
PIK3CA,Ours,0.83,C=1C=CC=C2N=C(N(C21)C3=NC(=NC(=N3)C)NCCC#N)NC4=NNC=C4,CCCNc1ncnc2ccc(-c3ccc(C#N)cc3)cc12
PIK3CA,Ours,0.83,C=1C=C(C=CC1C(C)=O)C=2SC(=NC2C)NC(=O)NCCC(NC(C)(C)C)=O,CC(C)(C)c1ccc(C(=O)Nc2ccc(C(=O)Nc3ccccc3C(=O)NCCCNCC(O)c3ccc(C(=O)Nc4ccccc4C(=O)NCCCNCC(O)c4ccc(C(=O)NCC(=O)O)cc4)cc3)cc2)cc1
PIK3CA,Ours,0.83,C=1C2=C(C(=CC1)OC)CCN2C(CC=3N=C(C=C(N3)O)N4CCOCC4)=O,COc1ccc(CN(C)CC2OCc3ccccc3-c3c(n(C)c4ccccc34)C(=O)N(C(C)CO)CC2C)cc1
PIK3CA,Ours,0.83,C=1C(N2C=CN(C2=NC1N3CCOC(C3)C)CC4=CC=CC(=C4C)C(F)(F)F)=O,CC1CN(C(C)CO)C(=O)c2ccccc2-c2ccccc2COC1CN(C)C(=O)CCC(F)(F)F
PIK3CA,Ours,0.83,C=1(C=CC=2C3=C(CCOC2C1)C=C(C(N(C4=CC=CC=C4Cl)C)=O)S3)C(=O)NCCN,CC(=O)Nc1nc2ccc(C(=O)NCC(=O)Nc3ccc(Cl)c(Cl)c3)cc2s1
PIK3CA,Ours,0.83,C1=CN=C2C(C(=CN2C)/C=C/3\OC=4C(=C(C=CC4)O)C3=O)=C1N5CCC(CC5)C(N6CCN(CC6)CCO)=O,CCCNC(=O)CC1CC2c3cc(NC(=O)c4cccnc4)ccc3OC2C(CO)O1
PIK3CA,Ours,0.83,C1=C(N=C2N(C=CN2C1=O)CC3=CC=CC(=C3Cl)Cl)N4CC(OCC4)CO,CC(C)NC(=O)Nc1ccc2c(c1)C1CC(CC(=O)NCc3ccc(Cl)cc3Cl)OC(CO)C1O2
PIK3CA,Ours,0.83,C1=C(N2CC3OC(C2)CC3)C=4C(=CN(C)C4N=C1)/C=C/5\OC=6C(=CC(=CC6)NC(NCCN(C)C)=O)C5=O,CC(C)NC(=O)Nc1ccc2c(c1)C1CC(CC(=O)NC3CCCCC3)OC(CO)C1O2
PIK3CA,Ours,0.83,C1(C=2C3=C(C=CC2)C(C=C(O3)N4CCOCC4)=O)=CC=C(C(=C1)OCCOC)NC(=O)CN5CCOCC5,CCCNC(=O)N1CC(C)C(OC)CN(C)C(=O)c2ccc(NC(=O)c3ccccn3)cc2OCC1C
PIK3CA,Ours,0.83,C1(C=2C3=C(C=CC2)C(C=C(O3)N4CCOCC4)=O)=CC=C(C(=C1)OCCOC)NC(=O)CN5CCOCC5,CCCNC(=O)N1CC(C)C(OC)CN(C)C(=O)c2ccc(NC(=O)c3ccccn3)cc2OCC1C
PIK3CA,Ours,0.83,C1(C=2C3=C(C=CC2)C(C=C(O3)N4CCOCC4)=O)=CC=C(C(=C1)OCCOC)NC(=O)CN5CCOCC5,CC1CN(C(C)CO)C(=O)c2cccc(NC(=O)CCC(F)(F)F)c2OC1CN(C)Cc1ccc(C(=O)O)cc1
PIK3CA,Ours,0.83,C1(C=2C3=C(C=CC2)C(C=C(O3)N4CCOCC4)=O)=CC=C(C(=C1)OCCOC)NC(=O)CN5CCOCC5,CC1CCCCOC(CN(C)Cc2ccncc2)C(C)CN(C(C)CO)C(=O)c2cc(NC(=O)c3ccncc3)ccc2O1
PIK3CA,Ours,0.83,C1(C=2C3=C(C=CC2)C(C=C(O3)N4CCOCC4)=O)=CC=C(C(=C1)OCCOC)NC(=O)CN5CCOCC5,CC1CCCCOC(CN(C)Cc2ccncc2)C(C)CN(C(C)CO)C(=O)c2cc(NC(=O)c3ccncc3)ccc2O1
PIK3CA,Ours,0.83,C1(C=2C3=C(C=CC2)C(C=C(O3)N4CCOCC4)=O)=CC=C(C(=C1)OCCOC)NC(=O)CN5CCOCC5,CC1CCCCOC(CN(C)Cc2ccc(C(F)(F)F)cc2)C(C)CN(C(C)CO)C(=O)c2cc(NC(=O)CCN3CCOCC3)ccc2O1
PIK3CA,Ours,0.83,C1(C=2C3=C(C=CC2)C(C=C(O3)N4CCOCC4)=O)=CC=C(C(=C1)OCCOC)NC(=O)CN5CCOCC5,CC1CCCCOC(CN(C)C(=O)c2ccncc2)C(C)CN(C(C)CO)C(=O)c2cc(NC(=O)c3ccncc3)ccc2O1
PIK3CA,Ours,0.83,C1(C=2C3=C(C=CC2)C(C=C(O3)N4CCOCC4)=O)=CC=C(C(=C1)OCCOC)NC(=O)CN5CCOCC5,CC1CCCCOC(CN(C)C(=O)c2ccncc2)C(C)CN(C(C)CO)C(=O)c2cc(NC(=O)c3ccncc3)ccc2O1
PIK3CA,Ours,0.83,C1(C=2C3=C(C=CC2)C(C=C(O3)N4CCOCC4)=O)=CC=C(C(=C1)OCCO)NC(=O)CN5CCOCC5,COc1ccc(CNC(=O)CC2CCC3C(COCC(O)CN3C(=O)c3ccc(F)cc3)O2)cc1
PIK3CA,Ours,0.83,C1(C=2C3=C(C=CC2)C(C=C(O3)N4CCOCC4)=O)=CC=C(C(=C1)OCC(C)C)NC(=O)CN5CCOCC5,COc1ccccc1CN(C)CC1OCCCCC(C)Oc2ccc(N(C)C)cc2C(=O)N(C(C)CO)CC1C
PIK3CA,Ours,0.83,C1(C=2C3=C(C=CC2)C(C=C(O3)N4CCOCC4)=O)=CC=C(C(=C1)OCC(C)C)NC(=O)CN5CCOCC5,CC1CCCCOC(CN(C)Cc2ccc(C(F)(F)F)cc2)C(C)CN(C(C)CO)C(=O)c2cc(NC(=O)CCCN(C)C)ccc2O1
PIK3CA,Ours,0.83,C1(C=2C3=C(C=CC2)C(C=C(O3)N4CCOCC4)=O)=CC=C(C(=C1)OCC(C)C)NC(=O)CN5CCOCC5,CC(C)NC(=O)N(C)CC1OCCCCC(C)Oc2ccc(NC(=O)CCCN(C)C)cc2C(=O)N(C(C)CO)CC1C
PIK3CA,Ours,0.82,O=S(=O)(NC=1C(Cl)=NC=C(C1)C=2C=CC3=NC=CC(=C3C2)N4CCC(CC4)O)C5=CC=C(C=C5)F,O=C(CCN(Cc1ccc(Cl)cc1)C(=O)c1ccc(S(=O)(=O)Nc2ccccc2C(=O)NCCCN2CCN(Cc3ccccc3)CC2)cc1)NCCCCNC(=O)c1cccnc1
PIK3CA,Ours,0.82,O=S(=O)(NC1=CC(=CN=C1Cl)C2=CC=C3N=CC(=NC3=C2)NCC4CNCCC4)C5=CC=C(C=C5)F,NS(=O)(=O)c1ccc(Cl)c(NC(=O)CCCNCCCNC(=O)c2ccc(Cl)cc2)c1
PIK3CA,Ours,0.82,O1CCN(CC1)C=2N=C(N=C(OC(C)C)N2)C3=CC=C(NC(=O)NC4=CC=C(C(=O)NCCN(C)C)C=C4)C=C3,CC(C)NC(=O)Nc1ccc2c(c1)C(=O)N(C(C)CO)CC(C)C(CN(C)Cc1ccccn1)OCCCCC(C)O2
PIK3CA,Ours,0.82,O1CCN(CC1)C=2N=C(N=C(OC(C)C)N2)C3=CC=C(NC(=O)NC4=CC=C(C(=O)N5CCN(CC5)C)C=C4)C=C3,COC1CN(C)C(=O)c2cc(NC(=O)NC(C)C)ccc2OCC(C)N(C(=O)c2cccnc2)CC1C
PIK3CA,Ours,0.82,O1CCN(CC1)C=2N=C(N=C(OC(C)C)N2)C3=CC=C(NC(=O)NC4=CC=C(C(=O)N5CCN(CC5)C)C=C4)C=C3,COC1CN(C)C(=O)c2cc(NC(=O)NC(C)C)ccc2OCC(C)N(C(=O)c2ccccn2)CC1C
PIK3CA,Ours,0.82,N=1C(=NC(C=2C=CC(NC(NC3=CC=C(C=C3)C(N(CCNC)C)=O)=O)=CC2)=NC1OC)N4CCOCC4,CCCNC(=O)Nc1ccc2c(c1)C(=O)N(C)CC(OC)C(C)CN(Cc1cccnc1)C(C)CO2
PIK3CA,Ours,0.82,N=1C(=CC2=C(C1C)C=C(C(N2C3CCOCC3)=O)C4=CC(=C(N=C4)OC)NS(C5=C(C=C(C=C5)F)F)(=O)=O)N,CC(NC(=O)Nc1ccc2c(c1)CC(=O)N(C(C)CO)CC(C)C(CN(C)S(=O)(=O)c1ccc(F)cc1)O2)c1ccccc1
PIK3CA,Ours,0.82,N1(CCN(CC1)CC2=CC=3C(=C(N=C(C=4C=CC=C(C4)O)N3)N5CCOCC5)S2)S(C)(=O)=O,Cc1ccc(S(=O)(=O)N(C)CC2OCc3cn(nn3)CCCC(=O)N(C(C)CO)CC2C)cc1
PIK3CA,Ours,0.82,N(C=1C=CC(=CC1)C=2N=C3C(=C(N2)N4CCOCC4)N=NN3CC)C(=O)NC5=CC=C(C(=O)NCCCN(C)C)C=C5,Cc1noc(C)c1NC(=O)N(C)CC1OCc2cn(nn2)CCCC(=O)N(C(C)CO)CC1C
PIK3CA,Ours,0.82,C=1C2=C(C=CC1)CC(N2C(CC=3N=C(C=C(N3)O)N4CCOCC4)=O)(C)C,CC1CN(C(C)CO)C(=O)c2cc(-c3ccc(C(C)(C)C)cc3)cnc2OC1CN(C)CC1CCOCC1
PIK3CA,Ours,0.82,C=1C2=C(C=CC1)CC(N2C(CC=3N=C(C=C(N3)O)N4CCOCC4)=O)(C)C,CC1CN(C(C)CO)C(=O)c2cc(-c3ccc(C(C)(C)C)cc3)cnc2OC1CN(C)CC1CCOCC1
PIK3CA,Ours,0.82,C=1C(N2C=CN(C2=NC1N3CCOC(C3)C)CC4=CC=CC(=C4C)C(F)(F)F)=O,CC1CN(C(C)CO)C(=O)c2c(c3ccccc3n2C)-c2ccccc2COC1CN(C)Cc1ccc(F)cc1
PIK3CA,Ours,0.82,C1OC(CN(C1)C2=NC=3N(C(=C2)O)N=C(C3CC4=CC=CC(=C4C)C(F)(F)F)C)C,CC1CN(C(C)CO)C(=O)CCCn2nncc2COC1CN(C)Cc1ccc(C(F)(F)F)cc1
PIK3CA,Ours,0.82,C1OC(CN(C1)C2=NC=3N(C(=C2)O)N=C(C3CC4=CC=CC(=C4C)C(F)(F)F)C)C,CC1CN(C(C)CO)C(=O)CCCn2nncc2COC1CN(C)Cc1ccc(C(F)(F)F)cc1
PIK3CA,Ours,0.82,C1OC(CN(C1)C2=NC=3N(C(=C2)O)N=C(C3CC4=CC=CC(=C4C)C(F)(F)F)C)C,CC1CN(C(C)CO)C(=O)CCCn2nncc2COC1CN(C)Cc1ccc(C(F)(F)F)cc1
PIK3CA,Ours,0.82,C1OC(CN(C1)C2=NC=3N(C(=C2)O)N=C(C3CC4=CC=CC(=C4C)C(F)(F)F)C)C,CC1CN(C(C)CO)C(=O)CCCn2nncc2COC1CN(C)Cc1ccc(C(F)(F)F)cc1
PIK3CA,Ours,0.82,C1OC(CN(C1)C2=NC=3N(C(=C2)O)N=C(C3CC4=CC=CC(=C4C)C(F)(F)F)C)C,CC1CN(C(C)CO)C(=O)CCCn2nncc2COC1CN(C)Cc1ccc(C(F)(F)F)cc1
PIK3CA,Ours,0.82,C1OC(CN(C1)C2=NC=3N(C(=C2)O)N=C(C3CC4=CC=CC(=C4C)C(F)(F)F)C)C,CC1CN(C(C)CO)C(=O)CCCn2nncc2COC1CN(C)Cc1ccc(C(F)(F)F)cc1
PIK3CA,Ours,0.82,C1(C=2C3=C(C=CC2)C(C=C(O3)N4CCOCC4)=O)=CC=C(C(=C1)OCCOC)NC(=O)CN5CCOCC5,COc1ccc(CN(C)CC2OCc3ccccc3-c3ccccc3C(=O)N(C(C)CO)CC2C)cc1
PIK3CA,Ours,0.82,C1(C=2C3=C(C=CC2)C(C=C(O3)N4CCOCC4)=O)=CC=C(C(=C1)OCCOC)NC(=O)CN5CCOCC5,CCCNC(=O)CC1CCC2C(COc3ccc(NC(=O)c4ccc(F)cc4)cc3C(=O)N2C)O1
PIK3CA,Ours,0.82,C1(C=2C3=C(C=CC2)C(C=C(O3)N4CCOCC4)=O)=CC=C(C(=C1)OCCOC)NC(=O)CN5CCOCC5,CC1CCCCOC(CN(C)Cc2ccncc2)C(C)CN(C(C)CO)C(=O)c2cc(NC(=O)C3CCCCC3)ccc2O1
PIK3CA,Ours,0.82,C1(C=2C3=C(C=CC2)C(C=C(O3)N4CCOCC4)=O)=CC=C(C(=C1)OCCO)NC(=O)CN5CCOCC5,COc1ccc(CNC(=O)CC2CCC(NC(=O)CC3CC3)C(CO)O2)cc1
PIK3CA,Ours,0.82,C1(=CC(=C2NC(C=3C(=NN(C3C)C)C)=C(C2=C1)/C=C/4\C(C5=C(C=CC(=C5)NC(NC6=CC=C(C=C6)C(=O)N7CCOCC7)=O)O4)=O)F)OC,COc1ccc(NC(=O)Nc2ccc3c(c2)C(=O)N(C(C)CO)CC(C)C(CN(C)Cc2ccc(F)cc2)O3)cc1
PIK3CA,Ours,0.81,O=C(N1CC(NCC1)(C)C)C2=CC=C(NC(=O)NC3=CC=C(C4=NC(N5CCOCC5)=NC(OC)=N4)C=C3)C=C2,CC(C)NC(=O)Nc1ccc2c(c1)C(=O)N(C(C)CO)CC(C)C(CN(C)Cc1cccc(C(F)(F)F)c1)OCCCCC(C)O2
PIK3CA,Ours,0.81,O1C2=C([C@@]3([C@H](C(CCC3)(C)C)CC2)C)C=4C1=C(C(O)=C(O)C4)C(=O)N,CC(C)(C)c1ccc(CNC(=O)CC2CC(O)C(O)C(CO)O2)cc1
PIK3CA,Ours,0.81,O(C1CCC(N2C=3N=C(N=C(C3C=C(C2=O)C=4C=NC(OC)=NC4)C)N)CC1)CC(=O)N,CC(NC(=O)Nc1ccc2c(c1)C(=O)N(C)C1CCC(CC(=O)NC3Cc4ccccc4C3)OC1CO2)c1ccccc1
PIK3CA,Ours,0.81,N=1C(=NC(C=2C=CC(NC(NC3=CC=C(C=C3)C(N(CCNC)C)=O)=O)=CC2)=NC1OC)N4CCOCC4,CCCNC(=O)Nc1ccc2c(c1)C(=O)N(C)CC(OC)C(C)CN(C(=O)c1ccccn1)C(C)CO2
PIK3CA,Ours,0.81,N=1C(=CC2=C(C1C)C=C(C(N2C3CCOCC3)=O)C4=CC(=C(N=C4)OC)NS(C5=C(C=C(C=C5)F)F)(=O)=O)N,CC1CCCCOC(CN(C)Cc2ccncc2)C(C)CN(C(C)CO)C(=O)c2cc(NS(=O)(=O)c3ccc(F)cc3)ccc2O1
PIK3CA,Ours,0.81,C=1C2=C(C=CC1)C(CN2C(CC=3N=C(C=C(N3)O)N4CCOCC4)=O)(C)C,CC(C)(C)NC(=O)N1C(C(=O)N2CCOCC2)C(CO)C2Cn3c(ccc(-c4cccnc4)c3=O)C21
PIK3CA,Ours,0.81,C1OC(CN(C1)C2=NC=3N(C(=C2)O)N=C(C3CC4=CC=CC(=C4C)C(F)(F)F)C)C,CC1CN(C(C)CO)C(=O)CCCn2cc(nn2)COC1CN(C)Cc1ccc(C(F)(F)F)cc1
PIK3CA,Ours,0.81,C1OC(CN(C1)C2=NC=3N(C(=C2)O)N=C(C3CC4=CC=CC(=C4C)C(F)(F)F)C)C,CC1CN(C(C)CO)C(=O)CCCn2cc(nn2)COC1CN(C)Cc1ccc(C(F)(F)F)cc1
PIK3CA,Ours,0.81,C1=CN=C2C(C(/C=C/3\OC=4C(=C(C=CC4)O)C3=O)=CN2CC)=C1C5=CC=C(C=C5)C(N6CCN(CC6)CCO)=O,CCCNC(=O)CC1CCC2C(COCC(O)CN2C(=O)c2ccc3c(c2)OCO3)O1
PIK3CA,Ours,0.81,C1(C=2C3=C(C=CC2)C(C=C(O3)N4CCOCC4)=O)=CC=C(C(=C1)OCCOC)NC(=O)CN5CCOCC5,CNCC1Oc2c(NC(=O)Cc3ccccc3)cccc2C(=O)N(C(C)CO)CC1C
PIK3CA,Ours,0.81,C1(C=2C3=C(C=CC2)C(C=C(O3)N4CCOCC4)=O)=CC=C(C(=C1)OCCOC)NC(=O)CN5CCOCC5,CCCCCC(=O)Nc1ccc2c(c1)C(=O)N(C)CC(OC)C(C)CN(Cc1ccccc1F)C(C)CO2
PIK3CA,Ours,0.81,C1(C=2C3=C(C=CC2)C(C=C(O3)N4CCOCC4)=O)=CC=C(C(=C1)OCCOC)NC(=O)CN5CCOCC5,CCCCCC(=O)Nc1ccc2c(c1)C(=O)N(C)CC(OC)C(C)CN(C(=O)c1cccc(F)c1)C(C)CO2
PIK3CA,Ours,0.81,C1(C=2C3=C(C=CC2)C(C=C(O3)N4CCOCC4)=O)=CC=C(C(=C1)OCCOC)NC(=O)CN5CCOCC5,CCCC(=O)Nc1ccc2c(c1)C(=O)N(C)CC(OC)C(C)CN(C(=O)c1ccc3c(c1)OCO3)C(C)CO2
PIK3CA,Ours,0.81,C1(C=2C3=C(C=CC2)C(C=C(O3)N4CCOCC4)=O)=CC=C(C(=C1)OCCOC)NC(=O)CN5CCOCC5,CC1CCCCOC(CN(C)CC2CC2)C(C)CN(C(C)CO)C(=O)c2cc(NC(=O)CCN3CCOCC3)ccc2O1
PIK3CA,Ours,0.81,C1(C=2C3=C(C=CC2)C(C=C(O3)N4CCOCC4)=O)=CC=C(C(=C1)OCCO)NC(=O)CN5CCOCC5,COc1ccc(CNC(=O)CC2CCC3C(COCC(O)CN3C(=O)Nc3ccc(C(F)(F)F)cc3)O2)cc1
PIK3CA,Ours,0.81,C1(C=2C3=C(C=CC2)C(C=C(O3)N4CCOCC4)=O)=CC=C(C(=C1)OCC(C)C)NC(=O)CN5CCOCC5,CC1CN(C(C)CO)C(=O)c2cc(NC(=O)CCCN(C)C)ccc2OC1CN(C)Cc1ccc(C(=O)O)cc1
PIK3CA,Ours,0.81,C1(C=2C3=C(C(C=C(O3)N4CCOCC4)=O)C=CC2)=CC=C(C(=C1)OC(C)C)NC(=O)CN5CCOCC5,COc1ccc(CNC(=O)CC2CCC3C(COc4ccc(NC(=O)NC(C)C)cc4C(=O)N3C)O2)cc1
PIK3CA,Ours,0.8,[C@]1([C@]2(N3C=4C5=C(C6=C(N5[C@@H](C1)O2)C=CC=C6)C=7C(C4C8=C3C=CC=C8)=CNC7O)C)(O)CO,Cc1ccc(C(=O)NC(CC(C)C)C(=O)NC(Cc2ccccc2)C(O)C(O)C(O)C(O)CO)cc1
PIK3CA,Ours,0.8,O=S(N1CCN(CC1)C=2C(=NC=CC2)C=3C=CC(=CC3)C(C)C)(C4=CC=CC(=C4)C5=CN=C(N=C5)N)=O,CN(C)CCN(Cc1ccc(N(C)C)cc1)S(=O)(=O)c1ccc(CN(C)C)cc1
PIK3CA,Ours,0.8,N1=C2C(=C(N=C1C=3C=CC(=CC3)NC(NCC)=O)N4[C@H](COCC4)C)N=C(N2CCO)C(C)(O)C,CCCNC(=O)N(C)CC1OCc2ccccc2-c2c(n(C)c3ccccc23)C(=O)N(C(C)CO)CC1C
PIK3CA,Ours,0.8,C=1C2=C(C(=CC1)N3CCN(CC3)C)CCN2C(CC=4N=C(C=C(N4)O)N5CCOCC5)=O,CC1CN(C(C)CO)C(=O)c2c(c3ccccc3n2C)-c2ccccc2COC1CN(C)CC1CCOCC1
PIK3CA,Ours,0.77,S(=O)(=O)(C1=C(F)C(=C(C(=O)N2CC3=C(OCC2)C=CC(=C3)C4=CC=5NC=NC5C=C4)C=C1)C)C,CC1CN(C(C)CO)C(=O)c2c(c3ccccc3n2C)-c2ccccc2COC1CN(C)S(=O)(=O)c1ccc(F)cc1
SMAD3,Cosine Search,0.79,S1C(NC(=O)CSC=2N(N)C(=O)C(=NN2)C)=NN=C1SCC,Nn1c(=O)c(Cc2ccco2)n[nH]c1=S
SMAD3,Cosine Search,0.95,O1C2=C(C(=O)C=3C1=CC(O)=CC3O)C(O[C@H]4O[C@H]([C@H](O)[C@@H](O)[C@@H]4O)CO)=CC=C2O,OCC1OC(Oc2cc(O)c3c(=O)c(coc3c2)c4ccc(O)cc4)C(O)C(O)C1O
SMAD3,Cosine Search,0.89,C=1C(=CC(=C2C1OC(=CC2=O)C3=CC=C(C=C3)OC)O)O,Cc1cc(O)cc2oc3cc(O)cc(O)c3c(=O)c12
SMAD3,Cosine Search,0.79,S1C(NC(=O)CSC=2N(N)C(=O)C(=NN2)C)=NN=C1SCC,Nn1c(=O)c(Cc2ccco2)n[nH]c1=S
SMAD3,Cosine Search,0.74,O=C(NCCC=1NC=2C(N1)=CC=CC2)C,CNC(=O)CCc1cc2ccccc2[nH]1
SMAD3,Cosine Search,0.79,S1C(NC(=O)CSC=2N(N)C(=O)C(=NN2)C)=NN=C1SCC,Nn1c(=O)c(Cc2ccco2)n[nH]c1=S
SMAD3,Cosine Search,0.79,S1C(NC(=O)CSC=2N(N)C(=O)C(=NN2)C)=NN=C1SCC,Nn1c(=O)c(Cc2ccco2)n[nH]c1=S
SMAD3,Cosine Search,0.86,S1C2=C(N(C(=O)N(C2=O)CCCCCC(=O)NC=3C=CC=CC3)CC(=O)NCCOC)C=C1,CN1[C@@H]2CC[C@H](CC(=O)N[C@@H]3CCN(Cc4ccccc4)C3)O[C@H]2COc2ccc(NC(=O)Cc3cccs3)cc2C1=O
SMAD3,Cosine Search,0.78,S(=O)(=O)(N1CC=2C(CC1)=CC=CC2)C=3C=CC(=CC3)C(=O)NNC=4SC=5C(N4)=CC=C(C5)C,Cc1ccc(cc1)S(=O)(=O)NC(=O)NN1CC2CCCC2C1
SMAD3,Cosine Search,0.79,S1C(NC(=O)CSC=2N(N)C(=O)C(=NN2)C)=NN=C1SCC,Nn1c(=O)c(Cc2ccco2)n[nH]c1=S
SMAD3,Cosine Search,0.89,O=C(NC1=NC(=CC(=C1)C)C)C(C2=CC=CC=C2)C3=CC=CC=C3,Cc1ccc(cc1)C(=O)/N=c2/cccc[nH]2
SMAD3,Cosine Search,0.79,S1C(NC(=O)CSC=2N(N)C(=O)C(=NN2)C)=NN=C1SCC,Nn1c(=O)c(Cc2ccco2)n[nH]c1=S
SMAD3,Cosine Search,0.79,S1C(NC(=O)CSC=2N(N)C(=O)C(=NN2)C)=NN=C1SCC,Nn1c(=O)c(Cc2ccco2)n[nH]c1=S
SMAD3,Cosine Search,0.86,S1C=2N(N=C1N3CCC(CC3)C(=O)NCC4=CC=CC=C4)C(=O)C=C(N2)C,OC(=O)c1ccc(cc1)-c1cccc(c1)-c1nn2c(nc(cc2=O)N2CCNCC2)s1
SMAD3,Cosine Search,0.88,C=1(C=C2C=CN=C3C2=C(C1OC)C=4C(=CC(=C(C4)OC)OC)C3=O)OC,COc1ccc(Cc2nccc3cc(OC)c(OC)cc23)cc1OC
SMAD3,Cosine Search,0.89,ClC=1C(CSCC=2OC(C(=O)NCC=3C=C4OCOC4=CC3)=CC2)=CC=CC1,Clc1cccc(Cl)c1C(=O)NCc2ccc3OCOc3c2
SMAD3,Cosine Search,0.79,S1C(NC(=O)CSC=2N(N)C(=O)C(=NN2)C)=NN=C1SCC,Nn1c(=O)c(Cc2ccco2)n[nH]c1=S
SMAD3,Cosine Search,0.79,S1C(NC(=O)CSC=2N(N)C(=O)C(=NN2)C)=NN=C1SCC,Nn1c(=O)c(Cc2ccco2)n[nH]c1=S
SMAD3,Cosine Search,0.8,O1C2(C3(C45C(OC2CC3OC(=O)C=CC=CC(OCCC(C(=O)C(OC4)O)C)=O)C=C(C(O)C5)C)C)C1,C[C@H](O)[C@H](C)[C@@H]1O[C@H]1C[C@H]1CO[C@@H](CC(C)=CC(=O)OCCCCCCCCC(O)=O)[C@H](O)[C@@H]1O
SMAD3,Cosine Search,0.86,FC=1C(N2CC3C(C3N)C2)=NC=4N(C=5C(F)=CC(F)=CC5)C=C(C(=O)C4C1)C(=O)O,NC1CCN(C1)c1c(F)cc2c(c1Cl)n(cc(C(O)=O)c2=O)C1CC1
SMAD3,Cosine Search,0.79,S1C(NC(=O)CSC=2N(N)C(=O)C(=NN2)C)=NN=C1SCC,Nn1c(=O)c(Cc2ccco2)n[nH]c1=S
SMAD3,Cosine Search,0.91,O1C=2C(C(=O)N(C[C@@H]([C@H]1CN(CC3=CC=NC=C3)C)C)[C@@H](CO)C)=CC=CC2NC(=O)C4=CC=NC=C4,CNC[C@H]1Oc2ncc(C#Cc3cccc(OC)c3)cc2C(=O)N(C[C@H]1C)[C@H](C)CO
SMAD3,Cosine Search,0.74,O=C(NCCC=1NC=2C(N1)=CC=CC2)C,CNC(=O)CCc1cc2ccccc2[nH]1
SMAD3,Cosine Search,0.79,S1C(NC(=O)CSC=2N(N)C(=O)C(=NN2)C)=NN=C1SCC,Nn1c(=O)c(Cc2ccco2)n[nH]c1=S
SMAD3,Cosine Search,0.82,S(=O)(=O)(NC=1C=C(C=C(C1)C)C)C=2C=C3C(C(=O)N(C3=CC2)C)(C)C,Cn1cc(/C=C/2C(=O)Nc3ccc(cc23)S(=O)(=O)N)c4ccccc14
SMAD3,Cosine Search,0.88,O1C2=C(C(=O)N(C[C@H]([C@@H]1CN(C(=O)NC3=C(ON=C3C)C)C)C)[C@H](CO)C)C=C(NC(=O)C4CCCCC4)C=C2,COc1cccc(NC(=O)N(C)C[C@@H]2OCc3cn(CCCC(=O)N(C[C@@H]2C)[C@H](C)CO)nn3)c1
SMAD3,Cosine Search,0.79,S1C(NC(=O)CSC=2N(N)C(=O)C(=NN2)C)=NN=C1SCC,Nn1c(=O)c(Cc2ccco2)n[nH]c1=S
SMAD3,Cosine Search,0.79,S1C(NC(=O)CSC=2N(N)C(=O)C(=NN2)C)=NN=C1SCC,Nn1c(=O)c(Cc2ccco2)n[nH]c1=S
SMAD3,Cosine Search,0.63,ClC=1C(Cl)=CC=C(C1)CNC(C(O)C2=CC=CC=C2)C,C[C@H](NC[C@H](O)CP(O)(=O)Cc1ccccc1)c1ccc(Cl)c(Cl)c1
SMAD3,Cosine Search,0.81,ClC1=CC=C(S(=O)(=O)NC=2N=CC=CC2O)C=C1,OC(=O)c1cc(ccc1O)N=Nc1ccc(cc1)S(=O)(=O)Nc1ccccn1
SMAD3,Cosine Search,0.69,O1C=2C(=C(OC)C=C(OC)C2C=CC1=O)C(C3=CC=C(OC)C=C3)CCN4CCOCC4,CC(C)[N+](C)(CCOC(=O)C1c2ccccc2Oc2ccccc12)C(C)C
SMAD3,Cosine Search,0.79,S1C(NC(=O)CSC=2N(N)C(=O)C(=NN2)C)=NN=C1SCC,Nn1c(=O)c(Cc2ccco2)n[nH]c1=S
SMAD3,Cosine Search,0.79,S1C(NC(=O)CSC=2N(N)C(=O)C(=NN2)C)=NN=C1SCC,Nn1c(=O)c(Cc2ccco2)n[nH]c1=S
SMAD3,Cosine Search,0.89,O=C(NC1=NC(=CC(=C1)C)C)C(C2=CC=CC=C2)C3=CC=CC=C3,Cc1ccc(cc1)C(=O)/N=c2/cccc[nH]2
SMAD3,Cosine Search,0.71,O1[C@]2(O[C@@](CC2)([C@@H]3OC([C@](O)(CC3)CC)C)C)C(O)C=C[C@]14O[C@@H](C(CC4C)C)C(C(=O)C(C(O)C([C@@H]5O[C@@H](C(C(=O)O)CC)CCC5C)C)C)CC,CCCCC[C@H](O)/C=C/[C@@H]1[C@@H](C/C=CCCCC(=O)O)[C@H]2CO[C@@H]1C2
SMAD3,Cosine Search,0.74,O=C(NCCC=1NC=2C(N1)=CC=CC2)C,CNC(=O)CCc1cc2ccccc2[nH]1
SMAD3,Cosine Search,0.92,O1C2=C(C(=O)N(C[C@@H]([C@H]1CN(CC=3C=C4OCOC4=CC3)C)C)[C@@H](CO)C)C=CC=C2NC(=O)C5CCCCC5,C[C@H](CO)N1C[C@H](C)[C@@H](CN(C)Cc2ccc3OCOc3c2)OCCCC[C@H](C)Oc4ccc(cc4C1=O)N(C)C
SMAD3,Cosine Search,0.78,OC=1C(C(NC(=O)CCCC)C2=CC=C(N(C)C)C=C2)=CC=C3C1N=CC=C3,CN(C)CCCc1cc(ccc1O)C(=O)Nc2ccc(cc2)c3ccncc3
SMAD3,Cosine Search,0.79,S1C(NC(=O)CSC=2N(N)C(=O)C(=NN2)C)=NN=C1SCC,Nn1c(=O)c(Cc2ccco2)n[nH]c1=S
SMAD3,Cosine Search,0.79,S1C(NC(=O)CSC=2N(N)C(=O)C(=NN2)C)=NN=C1SCC,Nn1c(=O)c(Cc2ccco2)n[nH]c1=S
SMAD3,Cosine Search,0.74,O=C(NCCC=1NC=2C(N1)=CC=CC2)C,CNC(=O)CCc1cc2ccccc2[nH]1
SMAD3,Cosine Search,0.79,S1C(NC(=O)CSC=2N(N)C(=O)C(=NN2)C)=NN=C1SCC,Nn1c(=O)c(Cc2ccco2)n[nH]c1=S
SMAD3,Cosine Search,0.79,S1C(NC(=O)CSC=2N(N)C(=O)C(=NN2)C)=NN=C1SCC,Nn1c(=O)c(Cc2ccco2)n[nH]c1=S
SMAD3,Cosine Search,0.79,S1C(NC(=O)CSC=2N(N)C(=O)C(=NN2)C)=NN=C1SCC,Nn1c(=O)c(Cc2ccco2)n[nH]c1=S
SMAD3,Cosine Search,0.78,FC=1C=C2C=3N=CN(C(=O)C3N(C2=CC1)C)CCCN(CCO)CCO,CCCNC(=O)N1[C@@H]2Cn3c(cccc3=O)[C@H]1[C@H]([C@@H]2CO)C(=O)NCC(F)(F)F
SMAD3,Cosine Search,0.79,S1C(NC(=O)CSC=2N(N)C(=O)C(=NN2)C)=NN=C1SCC,Nn1c(=O)c(Cc2ccco2)n[nH]c1=S
SMAD3,Cosine Search,0.79,S1C(NC(=O)CSC=2N(N)C(=O)C(=NN2)C)=NN=C1SCC,Nn1c(=O)c(Cc2ccco2)n[nH]c1=S
SMAD3,Cosine Search,0.97,FC(F)(F)CCC(=O)NC=1C=C2C(O[C@@H]([C@H](CN(C2=O)[C@@H](CO)C)C)CN(C(=O)NC3=CC=CC=C3)C)=CC1,C[C@@H](CO)N1C[C@@H](C)[C@@H](CN(C)C(=O)Nc2ccc(cc2)C(F)(F)F)Oc3ccc(NC(=O)Cc4ccccc4)cc3C1=O
SMAD3,Cosine Search,0.96,ClC1=C(S(=O)(=O)N2CCN(CC2)C(=O)CC=3C=C4OCCOC4=CC3)C=CC=C1Cl,Fc1cccc(F)c1S(=O)(=O)N2CCN(CC2)C(=O)c3ccc4OCCOc4c3
SMAD3,Cosine Search,0.79,S1C(NC(=O)CSC=2N(N)C(=O)C(=NN2)C)=NN=C1SCC,Nn1c(=O)c(Cc2ccco2)n[nH]c1=S
SMAD3,Cosine Search,0.71,O=C(NCC)C1(CN(CC=2C(C3=CC=CC=C3)=CC=CC2)CCC1)C,CC(C)N(CCC(C(N)=O)(c1ccccc1)c1ccccn1)C(C)C
SMAD3,Cosine Search,0.79,S1C(NC(=O)CSC=2N(N)C(=O)C(=NN2)C)=NN=C1SCC,Nn1c(=O)c(Cc2ccco2)n[nH]c1=S
SMAD3,Cosine Search,0.81,[C@]12([C@@](C(COC(=O)CCC(O)=O)=O)(CC[C@H]1[C@@H]3CC=C4[C@@]([C@H]3[C@H](C2)O)(CCC(=O)C4)C)O)C,CCC(C)C(=O)OC1CC(C)C=C2C=CC(C)C(CCC(O)CC(O)CC(=O)O)C12
SMAD3,Cosine Search,0.79,S1C(NC(=O)CSC=2N(N)C(=O)C(=NN2)C)=NN=C1SCC,Nn1c(=O)c(Cc2ccco2)n[nH]c1=S
SMAD3,Cosine Search,0.79,S1C(NC(=O)CSC=2N(N)C(=O)C(=NN2)C)=NN=C1SCC,Nn1c(=O)c(Cc2ccco2)n[nH]c1=S
SMAD3,Cosine Search,0.79,S1C(NC(=O)CSC=2N(N)C(=O)C(=NN2)C)=NN=C1SCC,Nn1c(=O)c(Cc2ccco2)n[nH]c1=S
SMAD3,Cosine Search,0.79,S1C(NC(=O)CSC=2N(N)C(=O)C(=NN2)C)=NN=C1SCC,Nn1c(=O)c(Cc2ccco2)n[nH]c1=S
SMAD3,Cosine Search,0.74,O=C(NCCC=1NC=2C(N1)=CC=CC2)C,CNC(=O)CCc1cc2ccccc2[nH]1
SMAD3,Cosine Search,0.79,O=C1NC2C(N(C1CC(OCC)=O)C(=O)NCC)CCCC2,CCOC(=O)[C@H](CCc1ccccc1)N[C@@H](C)C(=O)N1Cc2ccccc2C[C@H]1C(O)=O
SMAD3,Cosine Search,0.93,S1(=O)(=O)N(C[C@@H]([C@@H](OC=2C1=CC=C(C2)C3=CC(OC)=CC=C3)CN(CC=4C=NC=NC4)C)C)[C@@H](CO)C,C[C@@H](CO)N1C[C@H](C)[C@@H](CN(C)C)Oc2cc(C#Cc3ccccn3)ccc2S1(=O)=O
SMAD3,Cosine Search,0.88,ClC1=CC=C(C2N(C(=O)N3N2CCC3)C4=CC=C(Cl)C=C4)C=C1,Clc1cccc(c1)N1CCN(CCCn2nc3ccccn3c2=O)CC1
SMAD3,Cosine Search,0.85,O=C1N([C@@H](CO)C)C[C@@H]([C@@H](OCC=2C(C3=C1N(C=4C3=CC=CC4)C)=CC=CC2)CN(C(OC5=CC=C(OC)C=C5)=O)C)C,C[C@@H](CO)N1C[C@@H](C)[C@H](CN(C)C(=O)OCc2ccccc2)OCc3cnnn3CCCC1=O
SMAD3,Cosine Search,0.79,S1C(NC(=O)CSC=2N(N)C(=O)C(=NN2)C)=NN=C1SCC,Nn1c(=O)c(Cc2ccco2)n[nH]c1=S
SMAD3,Cosine Search,0.79,S1C(NC(=O)CSC=2N(N)C(=O)C(=NN2)C)=NN=C1SCC,Nn1c(=O)c(Cc2ccco2)n[nH]c1=S
SMAD3,Cosine Search,0.74,O=C(NCCC=1NC=2C(N1)=CC=CC2)C,CNC(=O)CCc1cc2ccccc2[nH]1
SMAD3,Cosine Search,0.88,O(C(=O)C=1C=2C(NC1)=CC=CC2)CC(=O)N3CCCCC3,O=C(OCCN1CCCCC1)c1c[nH]c2ccccc12
SMAD3,Cosine Search,0.74,O=C(NCCC=1NC=2C(N1)=CC=CC2)C,CNC(=O)CCc1cc2ccccc2[nH]1
SMAD3,Cosine Search,0.68,O1[C@]2(OCCC2)[C@@H](O)[C@H](O)C[C@H]1CCO,OCCCCC/C=CC/C=CC(O)CC1CCC(CC(=O)O)O1
SMAD3,Cosine Search,0.89,O=C(NC1=NC(=CC(=C1)C)C)C(C2=CC=CC=C2)C3=CC=CC=C3,Cc1ccc(cc1)C(=O)/N=c2/cccc[nH]2
SMAD3,Cosine Search,0.94,O=C1N(N(C(=C1NC(=O)C=2C=3C(N=C(C2)C=4C=CC(=CC4)C)=CC=CC3)C)C)C5=CC=CC=C5,Cc1c(NC(=O)c2cccnc2)c(=O)n(-c2ccccc2)n1C
SMAD3,Cosine Search,0.8,ClC=1C=CC(C(=O)C2CN(CC3=CN(N=C3)C4=CC=CC=C4)CCC2)=CC1,CCn1cc(CN2CCCC(C2)C(=O)c3cccc(c3)C(F)(F)F)cn1
SMAD3,Cosine Search,0.79,S1C(NC(=O)CSC=2N(N)C(=O)C(=NN2)C)=NN=C1SCC,Nn1c(=O)c(Cc2ccco2)n[nH]c1=S
SMAD3,Cosine Search,0.84,BrC1=CN2C(=C(N=C2C(=C1)C)C=3C=C(OC)C(OC)=CC3)CC(C)(C)C,COc1cc2CC(C)(C)n3c(cc4nc5ccccc5nc34)-c2cc1OC
SMAD3,Cosine Search,0.79,S1C(NC(=O)CSC=2N(N)C(=O)C(=NN2)C)=NN=C1SCC,Nn1c(=O)c(Cc2ccco2)n[nH]c1=S
SMAD3,Cosine Search,0.79,S1C(NC(=O)CSC=2N(N)C(=O)C(=NN2)C)=NN=C1SCC,Nn1c(=O)c(Cc2ccco2)n[nH]c1=S
SMAD3,Cosine Search,0.74,O=C(NCCC=1NC=2C(N1)=CC=CC2)C,CNC(=O)CCc1cc2ccccc2[nH]1
SMAD3,Cosine Search,0.74,O=C(NCCC=1NC=2C(N1)=CC=CC2)C,CNC(=O)CCc1cc2ccccc2[nH]1
SMAD3,Cosine Search,0.79,S1C(NC(=O)CSC=2N(N)C(=O)C(=NN2)C)=NN=C1SCC,Nn1c(=O)c(Cc2ccco2)n[nH]c1=S
SMAD3,Cosine Search,0.88,N12C=3C4=NC=CC=C4C=CC3CCC1=NC(=C2)C5=CC=CC=C5,N#Cc1ccc(cc1)C1CCCc2cncn12
SMAD3,Cosine Search,0.89,O=C(NC1=NC(=CC(=C1)C)C)C(C2=CC=CC=C2)C3=CC=CC=C3,Cc1ccc(cc1)C(=O)/N=c2/cccc[nH]2
SMAD3,Cosine Search,0.79,S1C(NC(=O)CSC=2N(N)C(=O)C(=NN2)C)=NN=C1SCC,Nn1c(=O)c(Cc2ccco2)n[nH]c1=S
SMAD3,Cosine Search,0.89,O=C(NC1=NC(=CC(=C1)C)C)C(C2=CC=CC=C2)C3=CC=CC=C3,Cc1ccc(cc1)C(=O)/N=c2/cccc[nH]2
SMAD3,Cosine Search,0.96,S(=O)(=O)(NC=1C=2O[C@@H]([C@H](CN(C(=O)C2C=CC1)[C@@H](CO)C)C)CN(S(=O)(=O)C3=CC=C(OC)C=C3)C)C=4N=CN(C4)C,COc1ccc(cc1)S(=O)(=O)N(C)C[C@H]2OCCCC[C@H](C)Oc3ccc(NS(=O)(=O)c4cn(C)cn4)cc3C(=O)N(C[C@H]2C)[C@@H](C)CO
SMAD3,Cosine Search,0.79,S1C(NC(=O)CSC=2N(N)C(=O)C(=NN2)C)=NN=C1SCC,Nn1c(=O)c(Cc2ccco2)n[nH]c1=S
SMAD3,Cosine Search,0.77,BrC=1C=C2C(OC3=NC=NC(N4CCOCC4)=C3N=C2)=CC1,Clc1ccc2Oc3ccccc3N=C(N3CCNCC3)c2c1
SMAD3,Cosine Search,0.79,S1C(NC(=O)CSC=2N(N)C(=O)C(=NN2)C)=NN=C1SCC,Nn1c(=O)c(Cc2ccco2)n[nH]c1=S
SMAD3,Cosine Search,0.83,N1(C=2C=CC(=CC2)N)CCN(CC1)C,CN1CCN(CC1)C(c1ccccc1)c1ccccc1
SMAD3,Cosine Search,0.79,S1C(NC(=O)CSC=2N(N)C(=O)C(=NN2)C)=NN=C1SCC,Nn1c(=O)c(Cc2ccco2)n[nH]c1=S
SMAD3,Cosine Search,0.79,N1(C=2N=C(N=C3C2C=CC=C3)C4=NC=CC=C4)CCN(CC1)C5=CC=CC=C5,CN1CCN2C(C1)c1ccccc1Cc1cccnc21
SMAD3,Cosine Search,0.79,S1C(NC(=O)CSC=2N(N)C(=O)C(=NN2)C)=NN=C1SCC,Nn1c(=O)c(Cc2ccco2)n[nH]c1=S
SMAD3,Cosine Search,0.79,S1C(NC(=O)CSC=2N(N)C(=O)C(=NN2)C)=NN=C1SCC,Nn1c(=O)c(Cc2ccco2)n[nH]c1=S
SMAD3,Cosine Search,0.79,S1C(NC(=O)CSC=2N(N)C(=O)C(=NN2)C)=NN=C1SCC,Nn1c(=O)c(Cc2ccco2)n[nH]c1=S
SMAD3,Cosine Search,0.79,S1C(NC(=O)CSC=2N(N)C(=O)C(=NN2)C)=NN=C1SCC,Nn1c(=O)c(Cc2ccco2)n[nH]c1=S
SMAD3,Cosine Search,0.79,S1C(NC(=O)CSC=2N(N)C(=O)C(=NN2)C)=NN=C1SCC,Nn1c(=O)c(Cc2ccco2)n[nH]c1=S
SMAD3,Cosine Search,0.99,S(=O)(=O)(N(C[C@H]1OC2=C(C(=O)N(C[C@@H]1C)[C@@H](CO)C)C=CC=C2N(C)C)C)C3=CC=CC=C3,COc1ccc(cc1)S(=O)(=O)N(C)C[C@H]2Oc3c(cccc3C(=O)N(C[C@H]2C)[C@@H](C)CO)N(C)C
SMAD3,Cosine Search,0.8,O=C(N1C2=C(C=CC=C2)CCCC1)NC3=CC=C(C=C3)CC(=O)NCC4=C(OCC)C=CC=C4,CCOC(=O)[C@H](CCc1ccccc1)N[C@H]1CCc2ccccc2N(CC(O)=O)C1=O
SMAD3,Cosine Search,0.79,S1C(NC(=O)CSC=2N(N)C(=O)C(=NN2)C)=NN=C1SCC,Nn1c(=O)c(Cc2ccco2)n[nH]c1=S
SMAD3,Cosine Search,0.74,O=C(NCCC=1NC=2C(N1)=CC=CC2)C,CNC(=O)CCc1cc2ccccc2[nH]1
SMAD3,Cosine Search,0.79,S1C(NC(=O)CSC=2N(N)C(=O)C(=NN2)C)=NN=C1SCC,Nn1c(=O)c(Cc2ccco2)n[nH]c1=S
SMAD3,Cosine Search,0.89,O=C(NC1=NC(=CC(=C1)C)C)C(C2=CC=CC=C2)C3=CC=CC=C3,Cc1ccc(cc1)C(=O)/N=c2/cccc[nH]2
SMAD3,Euclidean Search,0.79,S1C(NC(=O)CSC=2N(N)C(=O)C(=NN2)C)=NN=C1SCC,Nn1c(=O)c(Cc2ccco2)n[nH]c1=S
SMAD3,Euclidean Search,0.81,C1=CC(=CC=C1OCC(COC(N)=O)O)Cl,COc1ccccc1OCC(O)COC(N)=O
SMAD3,Euclidean Search,0.87,S(=O)(=O)(NC1=NC=2C(N=C1[N+]3=CC=C(NC(=O)C=4C(=CC=CC4)C)C=C3)=CC=CC2)C5=CC=C(F)C=C5,CC1Nc2cc(Cl)c(cc2C(=O)N1c1ccccc1C)S(N)(=O)=O
SMAD3,Euclidean Search,0.79,S1C(NC(=O)CSC=2N(N)C(=O)C(=NN2)C)=NN=C1SCC,Nn1c(=O)c(Cc2ccco2)n[nH]c1=S
SMAD3,Euclidean Search,0.79,S1C(NC(=O)CSC=2N(N)C(=O)C(=NN2)C)=NN=C1SCC,Nn1c(=O)c(Cc2ccco2)n[nH]c1=S
SMAD3,Euclidean Search,0.79,S1C(NC(=O)CSC=2N(N)C(=O)C(=NN2)C)=NN=C1SCC,Nn1c(=O)c(Cc2ccco2)n[nH]c1=S
SMAD3,Euclidean Search,0.79,S1C(NC(=O)CSC=2N(N)C(=O)C(=NN2)C)=NN=C1SCC,Nn1c(=O)c(Cc2ccco2)n[nH]c1=S
SMAD3,Euclidean Search,0.7,O(C=1C=CC(C(=O)NCCC(=O)NCCCC(OCC)=O)=CC1)CC,CCOC(=O)c1ccc(OC(=O)CCCCCNC(N)=N)cc1
SMAD3,Euclidean Search,0.78,S(=O)(=O)(N1CC=2C(CC1)=CC=CC2)C=3C=CC(=CC3)C(=O)NNC=4SC=5C(N4)=CC=C(C5)C,Cc1ccc(cc1)S(=O)(=O)NC(=O)NN1CC2CCCC2C1
SMAD3,Euclidean Search,0.79,S1C(NC(=O)CSC=2N(N)C(=O)C(=NN2)C)=NN=C1SCC,Nn1c(=O)c(Cc2ccco2)n[nH]c1=S
SMAD3,Euclidean Search,0.79,S1C(NC(=O)CSC=2N(N)C(=O)C(=NN2)C)=NN=C1SCC,Nn1c(=O)c(Cc2ccco2)n[nH]c1=S
SMAD3,Euclidean Search,0.79,S1C(NC(=O)CSC=2N(N)C(=O)C(=NN2)C)=NN=C1SCC,Nn1c(=O)c(Cc2ccco2)n[nH]c1=S
SMAD3,Euclidean Search,0.79,S1C(NC(=O)CSC=2N(N)C(=O)C(=NN2)C)=NN=C1SCC,Nn1c(=O)c(Cc2ccco2)n[nH]c1=S
SMAD3,Euclidean Search,0.92,O(C1[C@@]2(C(C3C([C@@]4(C(CC3=O)=CC(OC(=O)C)CC4)C)CC2)CC1)C)C(=O)C,CC(=O)O[C@]1(CCC2C3CCC4=CC(=O)CC[C@@H]4C3CC[C@@]21C)C#C
SMAD3,Euclidean Search,0.81,C1=CC(=CC=C1OCC(COC(N)=O)O)Cl,COc1ccccc1OCC(O)COC(N)=O
SMAD3,Euclidean Search,0.78,ClC=1C(CNC=2N=C(N=C3NC=NC32)N)=CC=C(Cl)C1,Fc1ccc(Nc2c(cnc3c(Cl)cc(NCc4cnc[nH]4)cc23)C#N)cc1Cl
SMAD3,Euclidean Search,0.79,S1C(NC(=O)CSC=2N(N)C(=O)C(=NN2)C)=NN=C1SCC,Nn1c(=O)c(Cc2ccco2)n[nH]c1=S
SMAD3,Euclidean Search,0.79,S1C(NC(=O)CSC=2N(N)C(=O)C(=NN2)C)=NN=C1SCC,Nn1c(=O)c(Cc2ccco2)n[nH]c1=S
SMAD3,Euclidean Search,0.79,O=N(=O)C=1N(C(=NC1)C)CC(=O)NC2=C(C=CC=C2)C,CC(O)Cn1c(C)ncc1[N+]([O-])=O
SMAD3,Euclidean Search,0.64,O=C1N(C(=O)NC(=O)C1CC2=CC=CC=C2)CC3=CC=CC=C3,CCC1(C(=O)NCNC1=O)c1ccccc1
SMAD3,Euclidean Search,0.79,S1C(NC(=O)CSC=2N(N)C(=O)C(=NN2)C)=NN=C1SCC,Nn1c(=O)c(Cc2ccco2)n[nH]c1=S
SMAD3,Euclidean Search,0.74,C=1(C=CC=C(C1)C2=CC=C(C=C2)O)C3=CC=C(C=C3)O,Oc1ccc(cc1)C=Cc1cc(O)cc(O)c1
SMAD3,Euclidean Search,0.74,O=C(NCCC=1NC=2C(N1)=CC=CC2)C,CNC(=O)CCc1cc2ccccc2[nH]1
SMAD3,Euclidean Search,0.79,S1C(NC(=O)CSC=2N(N)C(=O)C(=NN2)C)=NN=C1SCC,Nn1c(=O)c(Cc2ccco2)n[nH]c1=S
SMAD3,Euclidean Search,0.76,BrC=1C=C(C(OCCN(CC)CC)=O)C=CC1,CCN(CC)CCOC(=O)c1ccc(N)cc1
SMAD3,Euclidean Search,0.78,FC1=CC=2N(C(=O)C=3N(C2C=C1)C=CC3)CCCC(=O)NCCC4=CC=C(C=C4)C,Fc1ccc(Cc2n[nH]c(=O)c3ccccc23)cc1C(=O)N1CCN(CC1)C(=O)C1CC1
SMAD3,Euclidean Search,0.79,S1C(NC(=O)CSC=2N(N)C(=O)C(=NN2)C)=NN=C1SCC,Nn1c(=O)c(Cc2ccco2)n[nH]c1=S
SMAD3,Euclidean Search,0.79,S1C(NC(=O)CSC=2N(N)C(=O)C(=NN2)C)=NN=C1SCC,Nn1c(=O)c(Cc2ccco2)n[nH]c1=S
SMAD3,Euclidean Search,0.81,O(C=1C(NC(=O)CN2CCC(CC2)C)=CC=C(C=3C=C(OC)C(NC(=O)CN4CCC(CC4)C)=CC3)C1)C,CCOc1cc(CC(=O)N[C@@H](CC(C)C)c2ccccc2N2CCCCC2)ccc1C(O)=O
SMAD3,Euclidean Search,0.81,ClC1=CC=C(S(=O)(=O)NC=2N=CC=CC2O)C=C1,OC(=O)c1cc(ccc1O)N=Nc1ccc(cc1)S(=O)(=O)Nc1ccccn1
SMAD3,Euclidean Search,0.78,FC1=CC=2N(C(=O)C=3N(C2C=C1)C=CC3)CCCC(=O)NCCC4=CC=C(C=C4)C,Fc1ccc(Cc2n[nH]c(=O)c3ccccc23)cc1C(=O)N1CCN(CC1)C(=O)C1CC1
SMAD3,Euclidean Search,0.79,S1C(NC(=O)CSC=2N(N)C(=O)C(=NN2)C)=NN=C1SCC,Nn1c(=O)c(Cc2ccco2)n[nH]c1=S
SMAD3,Euclidean Search,0.79,S1C(NC(=O)CSC=2N(N)C(=O)C(=NN2)C)=NN=C1SCC,Nn1c(=O)c(Cc2ccco2)n[nH]c1=S
SMAD3,Euclidean Search,0.89,O=C(NC1=NC(=CC(=C1)C)C)C(C2=CC=CC=C2)C3=CC=CC=C3,Cc1ccc(cc1)C(=O)/N=c2/cccc[nH]2
SMAD3,Euclidean Search,0.78,FC1=CC=2N(C(=O)C=3N(C2C=C1)C=CC3)CCCC(=O)NCCC4=CC=C(C=C4)C,Fc1ccc(Cc2n[nH]c(=O)c3ccccc23)cc1C(=O)N1CCN(CC1)C(=O)C1CC1
SMAD3,Euclidean Search,0.74,O=C(NCCC=1NC=2C(N1)=CC=CC2)C,CNC(=O)CCc1cc2ccccc2[nH]1
SMAD3,Euclidean Search,0.74,[N+]1(=C(C(=CC=C1)C)C)CCCCOC=2C(=CC(C(CC)(C)C)=CC2)C(CC)(C)C,CN(C)CCOC(C)(c1ccccc1)c1ccccn1
SMAD3,Euclidean Search,0.79,ClC=1C=C2C3=C(NC2=CC1)[C@]4(N(C(=O)[C@H](C[C@@H]4C(=O)N(C(C)C)C(C)C)CC(=O)NCCCOC)CC3)C,COCC(=O)O[C@]1(CCN(C)CCCc2nc3ccccc3[nH]2)CCc2cc(F)ccc2[C@@H]1C(C)C
SMAD3,Euclidean Search,0.79,S1C(NC(=O)CSC=2N(N)C(=O)C(=NN2)C)=NN=C1SCC,Nn1c(=O)c(Cc2ccco2)n[nH]c1=S
SMAD3,Euclidean Search,0.79,S1C(NC(=O)CSC=2N(N)C(=O)C(=NN2)C)=NN=C1SCC,Nn1c(=O)c(Cc2ccco2)n[nH]c1=S
SMAD3,Euclidean Search,0.74,O=C(NCCC=1NC=2C(N1)=CC=CC2)C,CNC(=O)CCc1cc2ccccc2[nH]1
SMAD3,Euclidean Search,0.79,S1C(NC(=O)CSC=2N(N)C(=O)C(=NN2)C)=NN=C1SCC,Nn1c(=O)c(Cc2ccco2)n[nH]c1=S
SMAD3,Euclidean Search,0.79,S1C(NC(=O)CSC=2N(N)C(=O)C(=NN2)C)=NN=C1SCC,Nn1c(=O)c(Cc2ccco2)n[nH]c1=S
SMAD3,Euclidean Search,0.79,S1C(NC(=O)CSC=2N(N)C(=O)C(=NN2)C)=NN=C1SCC,Nn1c(=O)c(Cc2ccco2)n[nH]c1=S
SMAD3,Euclidean Search,0.65,O=C(O)C(CC1=CC(C(C)(C)C)=CC(=C1)CC(C(=O)O)(C)C)(C)C,CC(C)Cc1ccc(cc1)C(C)C(O)=O
SMAD3,Euclidean Search,0.79,S1C(NC(=O)CSC=2N(N)C(=O)C(=NN2)C)=NN=C1SCC,Nn1c(=O)c(Cc2ccco2)n[nH]c1=S
SMAD3,Euclidean Search,0.79,S1C(NC(=O)CSC=2N(N)C(=O)C(=NN2)C)=NN=C1SCC,Nn1c(=O)c(Cc2ccco2)n[nH]c1=S
SMAD3,Euclidean Search,0.7,ClC1=C(C(=O)NC=2N=C(N=CC2)C=3C=NC=CC3)C=CC=C1,NC(=N)NC(=O)c1nc(Cl)c(N)nc1N
SMAD3,Euclidean Search,0.78,FC1=CC=2N(C(=O)C=3N(C2C=C1)C=CC3)CCCC(=O)NCCC4=CC=C(C=C4)C,Fc1ccc(Cc2n[nH]c(=O)c3ccccc23)cc1C(=O)N1CCN(CC1)C(=O)C1CC1
SMAD3,Euclidean Search,0.79,S1C(NC(=O)CSC=2N(N)C(=O)C(=NN2)C)=NN=C1SCC,Nn1c(=O)c(Cc2ccco2)n[nH]c1=S
SMAD3,Euclidean Search,0.79,O(C=1C(OC)=CC(=CC1)/C=C/C)CCCCN(CC2=CC=CC=C2)C,COc1ccc(CCN(C)CCCC(C#N)(C(C)C)c2ccc(OC)c(OC)c2)cc1OC
SMAD3,Euclidean Search,0.79,S1C(NC(=O)CSC=2N(N)C(=O)C(=NN2)C)=NN=C1SCC,Nn1c(=O)c(Cc2ccco2)n[nH]c1=S
SMAD3,Euclidean Search,0.76,BrC=1C=C(C(OCCN(CC)CC)=O)C=CC1,CCN(CC)CCOC(=O)c1ccc(N)cc1
SMAD3,Euclidean Search,0.79,S1C(NC(=O)CSC=2N(N)C(=O)C(=NN2)C)=NN=C1SCC,Nn1c(=O)c(Cc2ccco2)n[nH]c1=S
SMAD3,Euclidean Search,0.79,S1C(NC(=O)CSC=2N(N)C(=O)C(=NN2)C)=NN=C1SCC,Nn1c(=O)c(Cc2ccco2)n[nH]c1=S
SMAD3,Euclidean Search,0.79,S1C(NC(=O)CSC=2N(N)C(=O)C(=NN2)C)=NN=C1SCC,Nn1c(=O)c(Cc2ccco2)n[nH]c1=S
SMAD3,Euclidean Search,0.79,S1C(NC(=O)CSC=2N(N)C(=O)C(=NN2)C)=NN=C1SCC,Nn1c(=O)c(Cc2ccco2)n[nH]c1=S
SMAD3,Euclidean Search,0.74,O=C(NCCC=1NC=2C(N1)=CC=CC2)C,CNC(=O)CCc1cc2ccccc2[nH]1
SMAD3,Euclidean Search,0.67,FC1=CC(OC2(CN(CC2)CC=3OC(C4=CC=CC=C4)=CC3)C)=CC=C1,CN(C)CCC[C@]1(OCc2cc(ccc12)C#N)c1ccc(F)cc1
SMAD3,Euclidean Search,0.84,ClC=1N=C(N2CCN(C3=CC=C(Cl)C=C3)CC2)C=CN1,NC1CCN(CC1)c1cccc(Cl)n1
SMAD3,Euclidean Search,0.88,ClC1=CC=C(C2N(C(=O)N3N2CCC3)C4=CC=C(Cl)C=C4)C=C1,Clc1cccc(c1)N1CCN(CCCn2nc3ccccn3c2=O)CC1
SMAD3,Euclidean Search,0.85,S(=O)(=O)(NC=1C(OC)=CC=C(C1)C)C2=CC3=C(N(CC3)C(=O)CC)C=C2,COc1cc(ccc1Cc1cn(C)c2ccc(NC(=O)OC3CCCC3)cc12)C(=O)NS(=O)(=O)c1ccccc1C
SMAD3,Euclidean Search,0.79,S1C(NC(=O)CSC=2N(N)C(=O)C(=NN2)C)=NN=C1SCC,Nn1c(=O)c(Cc2ccco2)n[nH]c1=S
SMAD3,Euclidean Search,0.79,S1C(NC(=O)CSC=2N(N)C(=O)C(=NN2)C)=NN=C1SCC,Nn1c(=O)c(Cc2ccco2)n[nH]c1=S
SMAD3,Euclidean Search,0.79,S1C(NC(=O)CSC=2N(N)C(=O)C(=NN2)C)=NN=C1SCC,Nn1c(=O)c(Cc2ccco2)n[nH]c1=S
SMAD3,Euclidean Search,0.73,O(C=1C(=CC=CC1C)C)CC(O)CNC(C2=CC=CC=C2)C,CC(C)(C)NC[C@H](O)c1ccc(O)c(CO)c1
SMAD3,Euclidean Search,0.74,O=C(NCCC=1NC=2C(N1)=CC=CC2)C,CNC(=O)CCc1cc2ccccc2[nH]1
SMAD3,Euclidean Search,0.78,FC1=CC=2N(C(=O)C=3N(C2C=C1)C=CC3)CCCC(=O)NCCC4=CC=C(C=C4)C,Fc1ccc(Cc2n[nH]c(=O)c3ccccc23)cc1C(=O)N1CCN(CC1)C(=O)C1CC1
SMAD3,Euclidean Search,0.79,S1C(NC(=O)CSC=2N(N)C(=O)C(=NN2)C)=NN=C1SCC,Nn1c(=O)c(Cc2ccco2)n[nH]c1=S
SMAD3,Euclidean Search,0.82,ClC=1C=C(CN2CCN(CC3=CC4=C(N(C5=C4C=CC=C5)CC)C=C3)CC2)C=CC1,Cc1cccc(CN2CCN(CC2)C(c2ccccc2)c2ccc(Cl)cc2)c1
SMAD3,Euclidean Search,0.8,ClC=1C=CC(C(=O)C2CN(CC3=CN(N=C3)C4=CC=CC=C4)CCC2)=CC1,CCn1cc(CN2CCCC(C2)C(=O)c3cccc(c3)C(F)(F)F)cn1
SMAD3,Euclidean Search,0.79,S1C(NC(=O)CSC=2N(N)C(=O)C(=NN2)C)=NN=C1SCC,Nn1c(=O)c(Cc2ccco2)n[nH]c1=S
SMAD3,Euclidean Search,0.91,O=C1NC(=O)N=C2N(C=3C(N=C21)=CC=C(N(C)C)C3)CC(O)C(O)C(O)CO,Cc1cc2nc3c(nc(=O)[nH]c3=O)n(C[C@H](O)[C@H](O)[C@H](O)CO)c2cc1C
SMAD3,Euclidean Search,0.79,S1C(NC(=O)CSC=2N(N)C(=O)C(=NN2)C)=NN=C1SCC,Nn1c(=O)c(Cc2ccco2)n[nH]c1=S
SMAD3,Euclidean Search,0.79,S1C(NC(=O)CSC=2N(N)C(=O)C(=NN2)C)=NN=C1SCC,Nn1c(=O)c(Cc2ccco2)n[nH]c1=S
SMAD3,Euclidean Search,0.74,O=C(NCCC=1NC=2C(N1)=CC=CC2)C,CNC(=O)CCc1cc2ccccc2[nH]1
SMAD3,Euclidean Search,0.79,S1C(NC(=O)CSC=2N(N)C(=O)C(=NN2)C)=NN=C1SCC,Nn1c(=O)c(Cc2ccco2)n[nH]c1=S
SMAD3,Euclidean Search,0.79,S1C(NC(=O)CSC=2N(N)C(=O)C(=NN2)C)=NN=C1SCC,Nn1c(=O)c(Cc2ccco2)n[nH]c1=S
SMAD3,Euclidean Search,0.74,C=1(C=CC=C(C1)C2=CC=C(C=C2)O)C3=CC=C(C=C3)O,Oc1ccc(cc1)C=Cc1cc(O)cc(O)c1
SMAD3,Euclidean Search,0.89,O=C(NC1=NC(=CC(=C1)C)C)C(C2=CC=CC=C2)C3=CC=CC=C3,Cc1ccc(cc1)C(=O)/N=c2/cccc[nH]2
SMAD3,Euclidean Search,0.79,S1C(NC(=O)CSC=2N(N)C(=O)C(=NN2)C)=NN=C1SCC,Nn1c(=O)c(Cc2ccco2)n[nH]c1=S
SMAD3,Euclidean Search,0.79,S1C(NC(=O)CSC=2N(N)C(=O)C(=NN2)C)=NN=C1SCC,Nn1c(=O)c(Cc2ccco2)n[nH]c1=S
SMAD3,Euclidean Search,0.74,C=1(C=CC=C(C1)C2=CC=C(C=C2)O)C3=CC=C(C=C3)O,Oc1ccc(cc1)C=Cc1cc(O)cc(O)c1
SMAD3,Euclidean Search,0.79,S1C(NC(=O)CSC=2N(N)C(=O)C(=NN2)C)=NN=C1SCC,Nn1c(=O)c(Cc2ccco2)n[nH]c1=S
SMAD3,Euclidean Search,0.66,N(C1=CC=CC=C1)(CCCCCCCCCCCCCCCCCC)CCCCCCCCCCCCCCCCCC,C[C@H](Cc1ccccc1)N(C)CC#C
SMAD3,Euclidean Search,0.79,S1C(NC(=O)CSC=2N(N)C(=O)C(=NN2)C)=NN=C1SCC,Nn1c(=O)c(Cc2ccco2)n[nH]c1=S
SMAD3,Euclidean Search,0.59,O=C(NC=1C=CC=CC1)NCCCC2=CC=CC=C2,NC(=N)NC(=N)NCCc1ccccc1
SMAD3,Euclidean Search,0.79,S1C(NC(=O)CSC=2N(N)C(=O)C(=NN2)C)=NN=C1SCC,Nn1c(=O)c(Cc2ccco2)n[nH]c1=S
SMAD3,Euclidean Search,0.79,N1(C=2N=C(N=C3C2C=CC=C3)C4=NC=CC=C4)CCN(CC1)C5=CC=CC=C5,CN1CCN2C(C1)c1ccccc1Cc1cccnc21
SMAD3,Euclidean Search,0.79,S1C(NC(=O)CSC=2N(N)C(=O)C(=NN2)C)=NN=C1SCC,Nn1c(=O)c(Cc2ccco2)n[nH]c1=S
SMAD3,Euclidean Search,0.79,S1C(NC(=O)CSC=2N(N)C(=O)C(=NN2)C)=NN=C1SCC,Nn1c(=O)c(Cc2ccco2)n[nH]c1=S
SMAD3,Euclidean Search,0.79,S1C(NC(=O)CSC=2N(N)C(=O)C(=NN2)C)=NN=C1SCC,Nn1c(=O)c(Cc2ccco2)n[nH]c1=S
SMAD3,Euclidean Search,0.79,S1C(NC(=O)CSC=2N(N)C(=O)C(=NN2)C)=NN=C1SCC,Nn1c(=O)c(Cc2ccco2)n[nH]c1=S
SMAD3,Euclidean Search,0.79,S1C(NC(=O)CSC=2N(N)C(=O)C(=NN2)C)=NN=C1SCC,Nn1c(=O)c(Cc2ccco2)n[nH]c1=S
SMAD3,Euclidean Search,0.7,ClC1=C(C(=O)NC=2N=C(N=CC2)C=3C=NC=CC3)C=CC=C1,NC(=N)NC(=O)c1nc(Cl)c(N)nc1N
SMAD3,Euclidean Search,0.8,O=C(N1C2=C(C=CC=C2)CCCC1)NC3=CC=C(C=C3)CC(=O)NCC4=C(OCC)C=CC=C4,CCOC(=O)[C@H](CCc1ccccc1)N[C@H]1CCc2ccccc2N(CC(O)=O)C1=O
SMAD3,Euclidean Search,0.79,S1C(NC(=O)CSC=2N(N)C(=O)C(=NN2)C)=NN=C1SCC,Nn1c(=O)c(Cc2ccco2)n[nH]c1=S
SMAD3,Euclidean Search,0.74,O=C(NCCC=1NC=2C(N1)=CC=CC2)C,CNC(=O)CCc1cc2ccccc2[nH]1
SMAD3,Euclidean Search,0.79,S1C(NC(=O)CSC=2N(N)C(=O)C(=NN2)C)=NN=C1SCC,Nn1c(=O)c(Cc2ccco2)n[nH]c1=S
SMAD3,Euclidean Search,0.89,O=C(NC1=NC(=CC(=C1)C)C)C(C2=CC=CC=C2)C3=CC=CC=C3,Cc1ccc(cc1)C(=O)/N=c2/cccc[nH]2
SMAD3,Pre-trained hierVAE Generate,0.48,O1C2=C(C(=O)N(C[C@@H]([C@H]1CN(C)C)C)[C@@H](CO)C)C=CC=C2NC(=O)C=3C=CN=CC3,CC1CN(C(C)CO)C(=O)c2cccc(N(C)C)c2OC1CN(C)Cc1ccc(C(=O)O)cc1
SMAD3,Pre-trained hierVAE Generate,0.34,O1[C@@H]2[C@H](C3=C1C=CC(NC(=O)C4CCC4)=C3)C[C@H](O[C@@H]2CO)CC(=O)NCC5=CC=C(OC)C=C5,COc1ccc(CC(=O)Nc2ccc3c(c2)C2CC(CC(=O)NCCc4ccccc4)OC(CO)C2O3)cc1
SMAD3,Pre-trained hierVAE Generate,0.64,S(=O)(=O)(NC1=CC=2C(=O)N(C[C@@H]([C@@H](OCCCC[C@H](OC2C=C1)C)CN(S(=O)(=O)C3=CC=CC=C3)C)C)[C@@H](CO)C)C4=CC=C(F)C=C4,CC1CCCCOC(CN(C)CC2CC2)C(C)CN(C(C)CO)C(=O)c2cc(NS(=O)(=O)c3ccccc3F)ccc2O1
SMAD3,Pre-trained hierVAE Generate,0.61,O(C=1C(C(=O)C2=CN(C(=O)C(=C2)C#N)CCCOC)=CC(OC)=CC1)CC(=O)N3C(CCCC3)C,COC1CCC2CCOc3c(C#N)cccc3C(=O)N(C)CC(C)C(=O)N(C)CC1O2
SMAD3,Pre-trained hierVAE Generate,0.38,OC1=NC=2C(C=3N(C(=CC31)C(=O)NCCN(CCCC)CC)C)=CC=CC2,CCCCCC(=O)N1C2Cn3c(ccc(-c4cncnc4)c3=O)C1C(CO)C2C(=O)NC(C)c1ccccc1
SMAD3,Pre-trained hierVAE Generate,0.64,FC(F)(F)C1=CC=C(CN(C[C@H]2OC3=C(C(=O)N(C[C@H]2C)[C@@H](CO)C)C=C(NC(=O)C4CCCCC4)C=C3)C)C=C1,CCCNC(=O)CC1CCC2C(COc3ccc(NC(=O)c4ccc(C(F)(F)F)cc4)cc3C(=O)N2C)O1
SMAD3,Pre-trained hierVAE Generate,0.66,S(=O)(=O)(N(C[C@H]1OC2=C(C(=O)N(C[C@@H]1C)[C@@H](CO)C)C=CC=C2N(C)C)C)C3=CC=CC=C3,CC1CN(C(C)CO)C(=O)Cc2cc(N(C)C)ccc2OC1CN(C)S(=O)(=O)c1ccc(C#N)cc1
SMAD3,Pre-trained hierVAE Generate,0.64,O1C2=C(C(=O)N(C[C@@H]([C@@H]1CN(CC3CCCCC3)C)C)[C@H](CO)C)C=C(NC(=O)C4CCCCC4)C=C2,CC1CCCCOC(CN(C)CC2CC2)C(C)CN(C(C)CO)C(=O)c2cc(NC(=O)C3CCCCC3)ccc2O1
SMAD3,Pre-trained hierVAE Generate,0.78,S(=O)(=O)(NC1=CC=2C(=O)N(C[C@@H]([C@@H](OCCCC[C@H](OC2C=C1)C)CN(S(=O)(=O)C3=CC=CC=C3)C)C)[C@@H](CO)C)C4=CC=C(F)C=C4,CC1CCCCOC(CN(C)Cc2ccc(C(F)(F)F)cc2)C(C)CN(C(C)CO)C(=O)c2cc(NS(=O)(=O)c3ccccc3)ccc2O1
SMAD3,Pre-trained hierVAE Generate,0.48,S(=O)(=O)(NC1=CC=2C(=O)N(C[C@@H]([C@@H](OCCCC[C@H](OC2C=C1)C)CN(S(=O)(=O)C3=CC=CC=C3)C)C)[C@@H](CO)C)C4=CC=C(F)C=C4,CC1CCCCOC(CN(C)Cc2ccc(F)cc2)C(C)CN(C(C)CO)C(=O)c2cc(NS(=O)(=O)c3cccs3)ccc2O1
SMAD3,Pre-trained hierVAE Generate,0.77,FC(F)(F)C1=CC=C(CN(C[C@H]2OC3=C(C(=O)N(C[C@H]2C)[C@@H](CO)C)C=C(NC(=O)C4CCCCC4)C=C3)C)C=C1,CC1CN(C(C)CO)C(=O)c2cc(NC(=O)CCN3CCOCC3)ccc2OC1CN(C)Cc1ccc(C(F)(F)F)cc1
SMAD3,Pre-trained hierVAE Generate,0.43,FC(F)(F)C1=CC=C(NC(=O)NC2=CC3=C(O[C@@H]([C@H](CN(C3=O)[C@@H](CO)C)C)CN(C(=O)NC(C)C)C)C=C2)C=C1,CC(C)NC(=O)Nc1ccc2c(c1)CC(=O)N(C(C)CO)CC(C)C(CN(C)Cc1ccc(C(F)(F)F)cc1)O2
SMAD3,Pre-trained hierVAE Generate,0.63,ClC1=CC=C(S(=O)(=O)N(C[C@@H]2OC=3C(CC(=O)N(C[C@@H]2C)[C@H](CO)C)=CC(NC(=O)CCC(F)(F)F)=CC3)C)C=C1,CC1CN(C(C)CO)C(=O)Cc2cc(NC(=O)CCC(F)(F)F)ccc2OC1CN(C)S(=O)(=O)c1ccc(C(F)(F)F)cc1
SMAD3,Pre-trained hierVAE Generate,0.72,FC(F)(F)CCC(=O)NC=1C=C2C(O[C@@H]([C@@H](CN(C(=O)C2)[C@@H](CO)C)C)CN(C(=O)NC=3C=CC=CC3)C)=CC1,CCCNC(=O)N1CC(C)C(OC)CN(C)C(=O)c2cc(NC(=O)c3ccc(F)cc3)ccc2OCC1C
SMAD3,Pre-trained hierVAE Generate,0.6,O1C2=C(C(=O)N(C[C@@H]([C@H]1CN(C)C)C)[C@@H](CO)C)C=CC=C2NC(=O)C=3C=CN=CC3,COc1ccc(C(=O)Nc2ccc3c(c2)C(=O)N(C(C)CO)CC(C)C(CN(C)Cc2ccc(C(C)C)cc2)O3)cc1
SMAD3,Pre-trained hierVAE Generate,0.45,O1[C@H]2[C@@H](C3=C1C=CC(NC(=O)C4CCC4)=C3)C[C@@H](O[C@H]2CO)CC(=O)NC5CCCCC5,CCNCCCNC(=O)CC1CC2c3cc(NC(=O)C4CCOCC4)ccc3OC2C(CO)O1
SMAD3,Pre-trained hierVAE Generate,0.4,FC(F)(F)CCC(=O)NC=1C=C2C(O[C@@H]([C@H](CN(C2=O)[C@@H](CO)C)C)CN(C(=O)NC3=CC=CC=C3)C)=CC1,CC1CN(C(C)CO)C(=O)c2cc(NC(=O)CCC(F)(F)F)ccc2OC1CN(C)Cc1ccc(C(=O)O)cc1
SMAD3,Pre-trained hierVAE Generate,0.47,FC(F)(F)C1=CC=C(NC(=O)N(C[C@H]2OC=3C(C(=O)N(C[C@@H]2C)[C@@H](CO)C)=CC(NC(=O)NC4=CC=C(C(F)(F)F)C=C4)=CC3)C)C=C1,CC1CN(C(C)CO)C(=O)c2cc(NC(=O)c3ccc(C(F)(F)F)cc3)ccc2OC1CN(C)C(=O)Nc1ccc(C(F)(F)F)cc1
SMAD3,Pre-trained hierVAE Generate,0.54,S(=O)(=O)(N(C[C@H]1OC=2C(C(=O)N(C[C@@H]1C)[C@@H](CO)C)=CC(NC(=O)NC3=CC=C(OC)C=C3)=CC2)C)C,CC(C)NC(=O)Nc1ccc2c(c1)OC(CN(C)Cc1cccnc1)C(C)CN(C(C)CO)S2(=O)=O
SMAD3,Pre-trained hierVAE Generate,0.59,O1C2=C(C(=O)N(C[C@@H]([C@@H]1CN(CC3CCCCC3)C)C)[C@H](CO)C)C=C(NC(=O)C4CCCCC4)C=C2,CCCC(=O)Nc1ccc2c(c1)C(=O)N(C)CC(OC)C(C)CN(C(=O)CC)C(C)CO2
SMAD3,Pre-trained hierVAE Generate,0.68,FC(F)(F)C1=CC=C(CN(C[C@H]2OC3=C(C(=O)N(C[C@H]2C)[C@@H](CO)C)C=C(NC(=O)C4CCCCC4)C=C3)C)C=C1,CC1CCCCOC(CN(C)Cc2ccc(C(F)(F)F)cc2)C(C)CN(C(C)CO)C(=O)c2cc(NC(=O)CCC(F)(F)F)ccc2O1
SMAD3,Pre-trained hierVAE Generate,0.44,S(=O)(=O)(NC1=CC=2C(=O)N(C[C@@H]([C@@H](OCCCC[C@H](OC2C=C1)C)CN(S(=O)(=O)C3=CC=CC=C3)C)C)[C@@H](CO)C)C4=CC=C(F)C=C4,Cc1ccc(S(=O)(=O)Nc2ccc3c(c2)C(=O)N(C(C)CO)CC(C)C(CN(C)C(=O)CCC(F)(F)F)OCCCCC(C)O3)cc1
SMAD3,Pre-trained hierVAE Generate,0.48,O1[C@H]2[C@@H](C3=C1C=CC(NC(=O)C4CCC4)=C3)C[C@@H](O[C@H]2CO)CC(=O)NC5CCCCC5,CC(C)C(=O)Nc1ccc2c(c1)C1CC(CC(=O)NCC3CC3)OC(CO)C1O2
SMAD3,Pre-trained hierVAE Generate,0.45,O1[C@@H]2[C@H](C3=C1C=CC(NC(=O)C4CCC4)=C3)C[C@H](O[C@@H]2CO)CC(=O)NCC5=CC=C(OC)C=C5,COc1ccc(NC(=O)Nc2ccc3c(c2)C2CC(CC(=O)NCCc4ccccc4)OC(CO)C2O3)cc1
SMAD3,Pre-trained hierVAE Generate,0.57,O1C2=C(OC1)C=CC(=C2)CC(=NC(=O)C)C(=O)NCCCO,CCCNC(=O)CC1C=CC(NC(=O)c2ccc3c(c2)OCO3)C(CO)O1
SMAD3,Pre-trained hierVAE Generate,0.31,ClC1=CC=C(S(=O)(=O)N(C[C@@H]2OCCCC[C@@H](OC3=C(C(=O)N(C[C@H]2C)[C@@H](CO)C)C=C(NC(=O)NC4=CC=C(F)C=C4)C=C3)C)C)C=C1,CC(C)NC(=O)Nc1ccc2c(c1)C(=O)N(C(C)CO)CC(C)C(CN(C)S(=O)(=O)c1ccc(C(F)(F)F)cc1)OCCCCC(C)O2
SMAD3,Pre-trained hierVAE Generate,0.38,BrC=1C=C2O[C@H]([C@@H](CN(S(=O)(=O)C2=CC1)[C@H](CO)C)C)CN(C(=O)C3=C(F)C=CC=C3)C,CC1CN(C(C)CO)S(=O)(=O)c2ccc(-c3ccccc3C(=O)N(C)C)cc2OC1CN(C)C(=O)c1ccc(C(F)(F)F)cc1
SMAD3,Pre-trained hierVAE Generate,0.03,O1C2=C(C(=O)N(C[C@@H]([C@@H]1CN(CC3CCCCC3)C)C)[C@H](CO)C)C=C(NC(=O)C4CCCCC4)C=C2,CCCC(=O)Nc1ccc2c(c1)C(=O)N(C)CC(OC)C(C)CN(C(=O)CC)C(C)CO2
SMAD3,Pre-trained hierVAE Generate,0.55,O1[C@@H]2[C@H](C3=C1C=CC(NC(=O)C4CCC4)=C3)C[C@H](O[C@@H]2CO)CC(=O)NCC5=CC=C(OC)C=C5,CN(C)c1ccc2c(c1)C1CC(CC(=O)NCCc3ccccc3)OC(CO)C1O2
SMAD3,Pre-trained hierVAE Generate,0.76,S(=O)(=O)(N(C[C@H]1OC2=C(C(=O)N(C[C@@H]1C)[C@@H](CO)C)C=CC=C2NC(=O)NC3CCCCC3)C)C=4SC=CC4,CC1CN(C(C)CO)S(=O)(=O)c2ccc(C#Cc3ccccc3C(=O)N(C)C)cc2OC1CN(C)C(=O)NC1CCCCC1
SMAD3,Pre-trained hierVAE Generate,0.58,O1C=2C(C(=O)N(C[C@@H]([C@H]1CN(C(=O)NC3=CC=CC=C3)C)C)[C@@H](CO)C)=CC(NC(=O)C4CCCCC4)=CC2,CC1CCCCOC(CN(C)CC2CCCCC2)C(C)CN(C(C)CO)C(=O)c2cc(NC(=O)Nc3ccccc3)ccc2O1
SMAD3,Pre-trained hierVAE Generate,0.55,FC(F)(F)C1=CC=C(CN(C[C@H]2OC3=C(C(=O)N(C[C@H]2C)[C@@H](CO)C)C=C(NC(=O)C4CCCCC4)C=C3)C)C=C1,CC1CCCCOC(CN(C)Cc2ccc(C(F)(F)F)cc2)C(C)CN(C(C)CO)C(=O)c2cc(NC(=O)CCC(F)(F)F)ccc2O1
SMAD3,Pre-trained hierVAE Generate,0.54,S(O)(=O)(=NC1=CC2=C(O[C@@H]([C@H](CN(C2=O)[C@@H](CO)C)C)CN(CC=3C=C4OCOC4=CC3)C)C=C1)C,Cc1ccccc1-c1ccc2c(c1)OC(CN(C)C(=O)c1ccc3c(c1)OCO3)C(C)CN(C(C)CO)S2(=O)=O
SMAD3,Pre-trained hierVAE Generate,0.49,S(=O)(=O)(N(C[C@H]1OC2=C(C(=O)N(C[C@@H]1C)[C@@H](CO)C)C=C(NS(=O)(=O)C3=CC=C(F)C=C3)C=C2)C)C4=CC=C(F)C=C4,COC1CN(C)C(=O)c2cc(NS(=O)(=O)c3ccc(F)cc3)ccc2OCC(C)NCC1C
SMAD3,Pre-trained hierVAE Generate,0.56,BrC=1C=C2O[C@H]([C@@H](CN(S(=O)(=O)C2=CC1)[C@H](CO)C)C)CN(C(=O)C3=C(F)C=CC=C3)C,CC1CN(C(C)CO)S(=O)(=O)c2ccc(C#CC(C)(C)C)cc2OC1CN(C)C(=O)c1ccc(F)cc1
SMAD3,Pre-trained hierVAE Generate,0.25,O=C(NC=1C(=CC=CC1)C)C=2C=C(C(=O)NC=3C(=CC=CC3)C)C=CC2,Cc1ccccc1NC(=O)c1ccc(NC(=O)C(C)CC(C)C)cc1
SMAD3,Pre-trained hierVAE Generate,0.63,FC(F)(F)C1=CC=C(NC(=O)NC2=CC3=C(O[C@@H]([C@H](CN(C3=O)[C@@H](CO)C)C)CN(C(=O)NC(C)C)C)C=C2)C=C1,CC(C)NC(=O)Nc1ccc2c(c1)CC(=O)N(C(C)CO)CC(C)C(CN(C)C(=O)Nc1ccc(C(F)(F)F)cc1)O2
SMAD3,Pre-trained hierVAE Generate,0.34,O1C2=C(C(=O)N(C[C@@H]([C@H]1CN(C(=O)NC3=CC=CC=C3)C)C)[C@@H](CO)C)C=CC=C2NC(=O)NC4=CC=C(OC)C=C4,COc1ccc(CNC(=O)N(C)CC2Oc3ccc(NC(=O)NC(C)C)cc3C(=O)N(C(C)CO)CC2C)cc1
SMAD3,Pre-trained hierVAE Generate,0.49,FC(F)(F)CCC(=O)NC=1C=C2C(O[C@@H]([C@@H](CN(C(=O)C2)[C@@H](CO)C)C)CN(C(=O)NC=3C=CC=CC3)C)=CC1,CC1CN(C(C)CO)C(=O)Cc2cc(NC(=O)CCC(F)(F)F)ccc2OC1CN(C)Cc1ccc(C(=O)O)cc1
SMAD3,Pre-trained hierVAE Generate,0.65,O1C2=C(C(=O)N(C[C@@H]([C@H]1CN(C(=O)NC3=C(ON=C3C)C)C)C)[C@@H](CO)C)C=C(NC(=O)CCN4CCOCC4)C=C2,CC1CN(C(C)CO)C(=O)CCCn2cc(nn2)COC1CN(C)C(=O)Nc1ccc(Oc2ccccn2)cc1
SMAD3,Pre-trained hierVAE Generate,0.38,O1C=2C(C(=O)N(C[C@@H]([C@H]1CN(C)C)C)[C@@H](CO)C)=CC=CC2NC(=O)CCCCCC(=O)NC=3C(N)=CC=CC3,CC1CN(C(C)CO)C(=O)c2cc(NC(=O)CCN3CCOCC3)ccc2OC1CN(C)Cc1ccc(C(=O)Nc2ccccc2N)cc1
SMAD3,Pre-trained hierVAE Generate,0.53,ClC=1C=C(CN(C[C@H]2OCCCC[C@H](OC=3C(C(=O)N(C[C@H]2C)[C@H](CO)C)=CC(NC(=O)NC=4C=CC(F)=CC4)=CC3)C)C)C=CC1Cl,CC(C)NC(=O)Nc1ccc2c(c1)C(=O)N(C(C)CO)CC(C)C(CN(C)Cc1ccc(C(F)(F)F)cc1)OCCCCC(C)O2
SMAD3,Pre-trained hierVAE Generate,0.41,O1C=2C(CC(=O)N(C[C@@H]([C@@H]1CN(C(=O)NC3=C4C(=CC=C3)C=CC=C4)C)C)[C@H](CO)C)=CC(NC(=O)CC5=CC=CC=C5)=CC2,CC(NC(=O)N(C)CC1Oc2ccc(N(C)C)cc2CC(=O)N(C(C)CO)CC1C)c1ccccc1
SMAD3,Pre-trained hierVAE Generate,0.58,S(=O)(=O)(NC1=CC=2C(=O)N(C[C@@H]([C@@H](OCCCC[C@H](OC2C=C1)C)CN(S(=O)(=O)C3=CC=CC=C3)C)C)[C@@H](CO)C)C4=CC=C(F)C=C4,Cc1ccc(S(=O)(=O)Nc2ccc3c(c2)C(=O)N(C(C)CO)CC(C)C(CN(C)C(=O)CCC(F)(F)F)OCCCCC(C)O3)cc1
SMAD3,Pre-trained hierVAE Generate,0.53,FC(F)(F)CCC(=O)NC=1C=C2C(O[C@@H]([C@@H](CN(C(=O)C2)[C@@H](CO)C)C)CN(C(=O)NC=3C=CC=CC3)C)=CC1,CC1CN(C(C)CO)C(=O)c2c(c3ccccc3n2C)-c2ccccc2COC1CN(C)C(=O)Nc1ccc(C(F)(F)F)cc1
SMAD3,Pre-trained hierVAE Generate,0.38,O(C=1C(OCC)=CC(=CC1)CNCCO)CC(=O)NC2=CC=C(C=C2)C(OCC)=O,Nc1ccc(C(=O)OCCNC(=O)c2ccc(OCc3ccc(O)c(O)c3)cc2)cc1
SMAD3,Pre-trained hierVAE Generate,0.44,O=C1N(C2=C(C(=O)N1CCCC(=O)NCCCOC)C=CC=C2)CC(=O)NC3=C(C=CC=C3C)C,CCCNC(=O)N1CC(C)C(OC)CN(C)C(=O)c2cc(NC(=O)c3cccnc3)ccc2OCC1C
SMAD3,Pre-trained hierVAE Generate,0.51,S(=O)(=O)(NC1=CC=2C(=O)N(C[C@@H]([C@@H](OCCCC[C@H](OC2C=C1)C)CN(S(=O)(=O)C3=CC=CC=C3)C)C)[C@@H](CO)C)C4=CC=C(F)C=C4,COc1ccc(S(=O)(=O)N(C)CC2OCCCCC(C)Oc3ccc(NS(=O)(=O)c4ccc(F)cc4)cc3C(=O)N(C(C)CO)CC2C)cc1
SMAD3,Pre-trained hierVAE Generate,0.05,S(=O)(=O)(N(C[C@H]1OC2=C(C(=O)N(C[C@@H]1C)[C@@H](CO)C)C=C(NS(=O)(=O)C3=CC=C(F)C=C3)C=C2)C)C4=CC=C(F)C=C4,COC1CN(C)C(=O)c2cc(NS(=O)(=O)CC(F)(F)F)ccc2OCC(C)N(C(=O)c2cccc(F)c2)CC1C
SMAD3,Pre-trained hierVAE Generate,0.09,S(=O)(=O)(NC1=CC=2C(=O)N(C[C@@H]([C@@H](OCCCC[C@H](OC2C=C1)C)CN(S(=O)(=O)C3=CC=CC=C3)C)C)[C@@H](CO)C)C4=CC=C(F)C=C4,Cc1ccc(S(=O)(=O)Nc2ccc3c(c2)C(=O)N(C(C)CO)CC(C)C(CN(C)Cc2ccc(C(F)(F)F)cc2)OCCCCC(C)O3)cc1
SMAD3,Pre-trained hierVAE Generate,0.65,S(=O)(=O)(NC1=CC2=C(O[C@@H]([C@H](CN(C2=O)[C@@H](CO)C)C)CN(C(=O)NC3CCCCC3)C)C=C1)C4=CC=C(OC)C=C4,CCCNC(=O)N1CC(C)C(OC)CN(C)C(=O)c2ccc(NS(=O)(=O)c3ccc(C)cc3)cc2OCC1C
SMAD3,Pre-trained hierVAE Generate,0.74,O1C=2C(C(=O)N(C[C@@H]([C@H]1CN(C(=O)NC3=CC=CC=C3)C)C)[C@@H](CO)C)=CC=CC2NC(=O)NC4=CC=CC=C4,Cc1ccccc1CN(C)CC1Oc2ccc(NC(=O)Nc3ccccc3C)cc2C(=O)N(C(C)CO)CC1C
SMAD3,Pre-trained hierVAE Generate,0.22,O=C(NC(CC)C)CCCC1=CC=CC=C1,CCCCC(C)C(=O)Nc1cccc(C(C)(C)C)c1
SMAD3,Pre-trained hierVAE Generate,0.61,FC(F)(F)C1=CC=C(CN(C[C@H]2OC3=C(C(=O)N(C[C@H]2C)[C@@H](CO)C)C=C(NC(=O)C4CCCCC4)C=C3)C)C=C1,CC1CN(C(C)CO)C(=O)c2ccccc2-c2ccccc2COC1CN(C)Cc1ccc(C(F)(F)F)cc1
SMAD3,Pre-trained hierVAE Generate,0.77,FC(F)(F)CCC(=O)NC=1C=C2C(O[C@@H]([C@@H](CN(C(=O)C2)[C@@H](CO)C)C)CN(C(=O)NC=3C=CC=CC3)C)=CC1,CC1CN(C(C)CO)C(=O)Cc2cc(NC(=O)CCC(F)(F)F)ccc2OC1CN(C)Cc1ccc(C(F)(F)F)cc1
SMAD3,Pre-trained hierVAE Generate,0.53,O1[C@@H]2[C@H](C3=C1C=CC(NC(=O)C4CCC4)=C3)C[C@H](O[C@@H]2CO)CC(=O)NCC5=CC=C(OC)C=C5,CCCNC(=O)CC1CC2c3cc(NC(=O)c4cccnc4)ccc3OC2C(CO)O1
SMAD3,Pre-trained hierVAE Generate,0.47,FC(F)(F)C1=CC=C(NC(=O)NC2=CC3=C(O[C@@H]([C@H](CN(C3=O)[C@@H](CO)C)C)CN(C(=O)NC(C)C)C)C=C2)C=C1,CC(C)NC(=O)Nc1ccc2c(c1)C(=O)N(C(C)CO)CC(C)C(CN(C)Cc1ccc(C(F)(F)F)cc1)O2
SMAD3,Pre-trained hierVAE Generate,0.76,O1C=2C(C(=O)N(C[C@@H]([C@H]1CN(CC3=CC=NC=C3)C)C)[C@@H](CO)C)=CC=CC2NC(=O)C4=CC=NC=C4,CC1CN(C(C)CO)C(=O)c2cc(NC(=O)c3ccncc3)ccc2OC1CN(C)C(=O)c1cccnc1
SMAD3,Pre-trained hierVAE Generate,0.01,O1C=2C(OC1)=CC=C(C2)CN(C(=O)CCC(=O)NC3=NC=CC=C3)CC(=O)NCCC(C)C,CN(C)CCCNC(=O)CC1CC2c3cc(NC(=O)C4CC4)ccc3OC2C(CO)O1
SMAD3,Pre-trained hierVAE Generate,0.35,FC(F)(F)CCC(=O)NC=1C=C2C(O[C@@H]([C@@H](CN(C(=O)C2)[C@@H](CO)C)C)CN(C(=O)NC=3C=CC=CC3)C)=CC1,CC(C)NC(=O)N(C)CC1OCCCCC(C)Oc2ccc(NC(=O)CCC(F)(F)F)cc2C(=O)N(C(C)CO)CC1C
SMAD3,Pre-trained hierVAE Generate,0.69,O1[C@@H]2[C@H](C3=C1C=CC(NC(=O)C4CCC4)=C3)C[C@H](O[C@@H]2CO)CC(=O)NCC5=CC=C(OC)C=C5,COc1cccc(CNC(=O)CC2CC3c4cc(NC(=O)C5CC5)ccc4OC3C(CO)O2)c1
SMAD3,Pre-trained hierVAE Generate,0.68,O1C2=C(C(=O)N(C[C@H]([C@@H]1CN(C(=O)NC3=C(ON=C3C)C)C)C)[C@H](CO)C)C=C(NC(=O)C4CCCCC4)C=C2,COc1ccc(NC(=O)N(C)CC2OCCCCC(C)Oc3ccc(NC(=O)Nc4c(C)noc4C)cc3C(=O)N(C(C)CO)CC2C)cc1
SMAD3,Pre-trained hierVAE Generate,0.38,S(=O)(=O)(NC=1C=CC(OC)=CC1)C2=C(N3CCCCC3)C=CC(NC(=O)C4OCCC4)=C2,COc1cccc(S(=O)(=O)NC2CCC(CCNC(=O)Cc3ccccn3)OC2CO)c1
SMAD3,Pre-trained hierVAE Generate,0.67,O1C2=C(C(=O)N(C[C@@H]([C@@H]1CN(CC3CCCCC3)C)C)[C@H](CO)C)C=C(NC(=O)C4CCCCC4)C=C2,CC1CCCCOC(CN(C)CC2CCCCC2)C(C)CN(C(C)CO)C(=O)c2cc(NC(=O)C3CCCCC3)ccc2O1
SMAD3,Pre-trained hierVAE Generate,0.59,O1C=2C(C(=O)N(C[C@@H]([C@H]1CN(CC3=CC=NC=C3)C)C)[C@@H](CO)C)=CC=CC2NC(=O)C4=CC=NC=C4,CC1CN(C(C)CO)C(=O)c2cc(NC(=O)c3ccncc3)ccc2OC1CN(C)Cc1ccncc1
SMAD3,Pre-trained hierVAE Generate,0.37,O1C2=C(C(=O)N(C[C@@H]([C@@H]1CN(CC3CCCCC3)C)C)[C@H](CO)C)C=C(NC(=O)C4CCCCC4)C=C2,CC1CCCCOC(CN(C)CC2CC2)C(C)CN(C(C)CO)C(=O)c2cc(NC(=O)CCCN(C)C)ccc2O1
SMAD3,Pre-trained hierVAE Generate,0.73,S(=O)(=O)(NC1=CC=2C(=O)N(C[C@@H]([C@@H](OCCCC[C@H](OC2C=C1)C)CN(S(=O)(=O)C3=CC=CC=C3)C)C)[C@@H](CO)C)C4=CC=C(F)C=C4,CC1CCCCOC(CN(C)Cc2ccccc2F)C(C)CN(C(C)CO)C(=O)c2cc(NS(=O)(=O)c3ccccc3)ccc2O1
SMAD3,Pre-trained hierVAE Generate,0.62,OC=1N(C=C2C1N=C3C(=C2C(=O)NCC4=CC=C(OC)C=C4)C=CC=C3)C5CCCCC5,COc1ccc(CNC(=O)C2C(CO)C3c4ccc(-c5ccncc5)c(=O)n4CC2N3C(=O)c2ccncc2)cc1
SMAD3,Pre-trained hierVAE Generate,0.4,ClC1=CC=C(S(=O)(=O)N(C[C@@H]2OC=3C(CC(=O)N(C[C@@H]2C)[C@H](CO)C)=CC(NC(=O)CCC(F)(F)F)=CC3)C)C=C1,CC1CN(C(C)CO)C(=O)Cc2cc(NC(=O)CCC(F)(F)F)ccc2OC1CN(C)S(=O)(=O)c1ccc(F)cc1
SMAD3,Pre-trained hierVAE Generate,0.44,S(=O)(=O)(NC1=CC=2C(=O)N(C[C@@H]([C@@H](OCCCC[C@H](OC2C=C1)C)CN(S(=O)(=O)C3=CC=CC=C3)C)C)[C@@H](CO)C)C4=CC=C(F)C=C4,CC1CCCCOC(CN(C)C(=O)CCC(F)(F)F)C(C)CN(C(C)CO)C(=O)c2cc(NS(=O)(=O)c3ccc(Cl)cc3)ccc2O1
SMAD3,Pre-trained hierVAE Generate,0.48,S(=O)(=O)(NC1=CC=2[C@@H]3[C@H](OC2C=C1)[C@@H](O[C@H](C3)CC(=O)NC4CCCC4)CO)C5=CC=CC=C5,CCCNC(=O)CC1CC2c3cc(NS(=O)(=O)c4ccccc4F)ccc3OC2C(CO)O1
SMAD3,Pre-trained hierVAE Generate,0.67,FC(F)(F)C1=CC=C(CN(C[C@H]2OC3=C(C(=O)N(C[C@H]2C)[C@@H](CO)C)C=C(NC(=O)C4CCCCC4)C=C3)C)C=C1,CC1CCCCOC(CN(C)CC2CC2)C(C)CN(C(C)CO)C(=O)c2cc(NC(=O)CCC(F)(F)F)ccc2O1
SMAD3,Pre-trained hierVAE Generate,0.58,O=C1N(C(C(C2=C1C=CC=C2)C(=O)NCC3OCCC3)C=4C=5C(NC4)=CC=CC5)CCOC,CCCCCC(=O)N1CC2Cn3c(ccc(-c4ccccc4OC)c3=O)C2C1CO
SMAD3,Pre-trained hierVAE Generate,0.51,O1C2=C(C(=O)N(C[C@@H]([C@@H]1CN(CC3CCCCC3)C)C)[C@H](CO)C)C=C(NC(=O)C4CCCCC4)C=C2,COC1CN(C)C(=O)c2cc(NC(=O)C3CCC3)ccc2OCC(C)N(C(=O)CC2CC2)CC1C
SMAD3,Pre-trained hierVAE Generate,0.49,O1[C@@H]2[C@H](C3=C1C=CC(NC(=O)C4CCC4)=C3)C[C@H](O[C@@H]2CO)CC(=O)NCC5=CC=C(OC)C=C5,COc1ccc(CNC(=O)CC2CC3c4cc(NC(=O)C5CCOCC5)ccc4OC3C(CO)O2)cc1
SMAD3,Pre-trained hierVAE Generate,0.51,BrC=1C=C2O[C@H]([C@@H](CN(S(=O)(=O)C2=CC1)[C@H](CO)C)C)CN(C(=O)C3=C(F)C=CC=C3)C,CC1CN(C(C)CO)S(=O)(=O)c2ccc(-c3ccccc3C(=O)N(C)C)cc2OC1CN(C)C(=O)c1ccc(C(F)(F)F)cc1
SMAD3,Pre-trained hierVAE Generate,0.45,O=C1N([C@@H](CO)C)C[C@@H]([C@@H](OCC=2C(C3=C1N(C=4C3=CC=CC4)C)=CC=CC2)CN(C(OC5=CC=C(OC)C=C5)=O)C)C,CC1CN(C(C)CO)C(=O)c2c(c3ccccc3n2C)-c2ccccc2COC1CN(C)Cc1ccc(C(F)(F)F)cc1
SMAD3,Pre-trained hierVAE Generate,0.51,O1C2=C(C(=O)N(C[C@@H]([C@H]1CN(C(=O)NC=3C=CC(OC)=CC3)C)C)[C@@H](CO)C)C=C(NC(=O)C4CCCCC4)C=C2,CCCNC(=O)Nc1ccc2c(c1)C(=O)N(C)CC(OC)C(C)CN(C(=O)C(C)C)C(C)CO2
SMAD3,Pre-trained hierVAE Generate,0.45,FC(F)(F)CCC(=O)NC=1C=C2C(O[C@@H]([C@@H](CN(C(=O)C2)[C@@H](CO)C)C)CN(C(=O)NC=3C=CC=CC3)C)=CC1,CC1CCCCOC(CN(C)C(=O)Nc2ccc(C(F)(F)F)cc2)C(C)CN(C(C)CO)C(=O)c2cc(NC(=O)c3ccncc3)ccc2O1
SMAD3,Pre-trained hierVAE Generate,0.64,O1[C@@H]2[C@H](C3=C1C=CC(NC(=O)C4CCC4)=C3)C[C@H](O[C@@H]2CO)CC(=O)NCC5=CC=C(OC)C=C5,COc1ccc(CNC(=O)CC2CC3c4cc(NC(=O)c5cccnc5)ccc4OC3C(CO)O2)cc1
SMAD3,Pre-trained hierVAE Generate,0.44,ClC=1C=C(CN(C[C@H]2OCCCC[C@H](OC=3C(C(=O)N(C[C@H]2C)[C@H](CO)C)=CC(NC(=O)NC=4C=CC(F)=CC4)=CC3)C)C)C=CC1Cl,CC1CCCCOC(CN(C)Cc2ccccc2C(F)(F)F)C(C)CN(C(C)CO)C(=O)c2cc(NC(=O)Nc3cc(F)ccc3F)ccc2O1
SMAD3,Pre-trained hierVAE Generate,0.42,S(=O)(=O)(NC1=CC2=C(O[C@@H]([C@H](CN(C2=O)[C@@H](CO)C)C)CN(C(=O)NC=3C=CC(OC)=CC3)C)C=C1)C4=CC=C(OC)C=C4,COC1CN(C)C(=O)c2cc(NS(C)(=O)=O)ccc2OCC(C)N(C(=O)NC(C)C)CC1C
SMAD3,Pre-trained hierVAE Generate,0.33,ClC=1C=C(NC(=O)C2(CN(CC2)C(C)C)C)C=CC1Cl,CC(C)(C)C(=O)N1CC(C(=O)N2CCC(C(=O)Nc3ccc(F)cc3)CC2)C(C(=O)N2CCC(C(=O)N3CCCCC3)C2)C1
SMAD3,Pre-trained hierVAE Generate,0.26,FC(F)(F)C1=CC=C(CN(C[C@H]2OC3=C(C(=O)N(C[C@H]2C)[C@@H](CO)C)C=C(NC(=O)C4CCCCC4)C=C3)C)C=C1,Cc1ccc(C(=O)Nc2ccc3c(c2)C(=O)N(C(C)CO)CC(C)C(CN(C)Cc2ccccc2C(F)(F)F)O3)cc1
SMAD3,Pre-trained hierVAE Generate,0.56,S(=O)(=O)(NC1=CC=2C(=O)N(C[C@@H]([C@@H](OCCCC[C@H](OC2C=C1)C)CN(S(=O)(=O)C3=CC=CC=C3)C)C)[C@@H](CO)C)C4=CC=C(F)C=C4,CC1CCCCOC(CN(C)Cc2ccc(C(F)(F)F)cc2)C(C)CN(C(C)CO)C(=O)c2cc(NS(=O)(=O)c3ccccc3)ccc2O1
SMAD3,Pre-trained hierVAE Generate,0.42,O1C2=C(C(=O)N(C[C@@H]([C@H]1CN(C(=O)NC=3C=CC(OC)=CC3)C)C)[C@@H](CO)C)C=C(NC(=O)C4CCCCC4)C=C2,CCCNC(=O)N1CC(C)C(OC)CN(C)C(=O)c2ccc(NC(=O)c3ccccc3C)cc2OCC1C
SMAD3,Pre-trained hierVAE Generate,0.74,FC(F)(F)C1=CC=C(CN(C[C@H]2OC3=C(C(=O)N(C[C@H]2C)[C@@H](CO)C)C=C(NC(=O)C4CCCCC4)C=C3)C)C=C1,CC1CCCCOC(CN(C)Cc2ccc(C(F)(F)F)cc2)C(C)CN(C(C)CO)C(=O)c2cc(NC(=O)CCCN(C)C)ccc2O1
SMAD3,Pre-trained hierVAE Generate,0.41,ClC=1C=C(CN(C[C@H]2OCCCC[C@H](OC=3C(C(=O)N(C[C@H]2C)[C@H](CO)C)=CC(NC(=O)NC=4C=CC(F)=CC4)=CC3)C)C)C=CC1Cl,CC1CCCCOC(CN(C)Cc2ccc(C(F)(F)F)cc2)C(C)CN(C(C)CO)C(=O)c2cc(NC(=O)Nc3cc(Cl)ccc3Cl)ccc2O1
SMAD3,Pre-trained hierVAE Generate,0.43,ClC1=CC=C(S(=O)(=O)N(C[C@@H]2OC=3C(CC(=O)N(C[C@@H]2C)[C@H](CO)C)=CC(NC(=O)CCC(F)(F)F)=CC3)C)C=C1,COc1cccc(S(=O)(=O)N(C)CC2OCCCCC(C)Oc3ccc(NC(=O)CCC(F)(F)F)cc3C(=O)N(C(C)CO)CC2C)c1
SMAD3,Pre-trained hierVAE Generate,0.09,S(=O)(=O)(NC=1C=2O[C@@H]([C@H](CN(C(=O)C2C=CC1)[C@@H](CO)C)C)CN(S(=O)(=O)C3=CC=C(OC)C=C3)C)C=4N=CN(C4)C,COc1ccc(C(=O)Nc2ccc3c(c2)C(=O)N(C(C)CO)CC(C)C(CN(C)S(=O)(=O)c2cn(C)cn2)O3)cc1
SMAD3,Pre-trained hierVAE Generate,0.41,S(=O)(=O)(NC1=CC=2C(=O)N(C[C@@H]([C@@H](OCCCC[C@H](OC2C=C1)C)CN(S(=O)(=O)C3=CC=CC=C3)C)C)[C@@H](CO)C)C4=CC=C(F)C=C4,CC1CCCCOC(CN(C)Cc2ccc(F)cc2)C(C)CN(C(C)CO)C(=O)c2cc(NS(=O)(=O)c3ccccc3)ccc2O1
SMAD3,Pre-trained hierVAE Generate,0.29,S(=O)(=O)(NC1=CC2=C(O[C@@H]([C@H](CN(C2=O)[C@@H](CO)C)C)CN(C(=O)NC3CCCCC3)C)C=C1)C4=CC=C(OC)C=C4,CCCNC(=O)N1CC(C)C(OC)CN(C)C(=O)c2cc(NS(=O)(=O)c3ccc(C)cc3)ccc2OCC1C
SMAD3,Pre-trained hierVAE Generate,0.36,O(C(=O)C1=C(OC)C=CC=C1)CC(=O)NC(=O)NC2CCCCC2,CC(NC(=O)CC1CCC(NC(=O)Nc2ccc(C(F)(F)F)cc2)C(CO)O1)c1ccccc1
SMAD3,Pre-trained hierVAE Generate,0.6,S(=O)(=O)(N(C[C@H]1OC2=C(C(=O)N(C[C@@H]1C)[C@@H](CO)C)C=C(NS(=O)(=O)C3=CC=C(F)C=C3)C=C2)C)C4=CC=C(F)C=C4,COC1CN(C)C(=O)c2cc(NS(=O)(=O)c3cc(C)ccc3C)ccc2OCC(C)N(C(=O)c2cccc(F)c2)CC1C
SMAD3,Pre-trained hierVAE Generate,0.47,O1C=2C(C(=O)N(C[C@@H]([C@H]1CN(CC3=CC=NC=C3)C)C)[C@@H](CO)C)=CC=CC2NC(=O)C4=CC=NC=C4,CCc1cccc(C(=O)Nc2ccc3c(c2)C(=O)N(C(C)CO)CC(C)C(CN(C)Cc2cccc(C(=O)O)c2)O3)c1
SMAD3,Pre-trained hierVAE Generate,0.52,FC(F)(F)CCC(=O)NC=1C=C2C(O[C@H]([C@H](CN(C(=O)C2)[C@H](CO)C)C)CN(C(=O)NC3=C(ON=C3C)C)C)=CC1,CC1CN(C(C)CO)C(=O)CCCn2cc(nn2)COC1CN(C)Cc1ccc(C(F)(F)F)cc1
SMAD3,Pre-trained hierVAE Generate,0.34,S(=O)(=O)(N(C[C@H]1OC2=C(C(=O)N(C[C@@H]1C)[C@@H](CO)C)C=C(NC(=O)C3CCCCC3)C=C2)C)C=4SC=CC4,CC1CN(C(C)CO)S(=O)(=O)c2ccc(C3=CCCCC3)cc2OC1CN(C)C(=O)Cc1ccccc1
SMAD3,Pre-trained hierVAE Generate,0.37,FC(F)(F)C1=CC=C(NC(=O)NC2=CC3=C(O[C@@H]([C@H](CN(C3=O)[C@@H](CO)C)C)CN(C(=O)NC(C)C)C)C=C2)C=C1,CC(C)NC(=O)Nc1ccc2c(c1)C(=O)N(C(C)CO)CC(C)C(CN(C)C(=O)Nc1cccc(C(F)(F)F)c1)O2
SMAD3,Pre-trained hierVAE Generate,0.43,O(C(=O)[C@H](CC(OC(C)(C)C)=O)CC=C)C[C@@H](NC(=O)C(=CC(=O)N[C@H](CC1=CC=CC=C1)CO)CCC)CC2=CC=CC=C2,CC(C(=O)Nc1ccc(C(=O)Nc2ccc(C(=O)NC(CCCCOC(C)(C)C)C(=O)O)cc2)cc1)C(C)C(C)(C)C
SMAD3,Pre-trained hierVAE Generate,0.22,S(=O)(=O)(NC1=CC=C(NC2=CC=CC=C2)C=C1)C3=CC=C(NC(=O)C)C=C3,CC(C)NS(=O)(=O)c1ccc(NC(=O)c2ccc(C(C)(C)C)cc2)cc1
SMAD3,Ours,1,S(=O)(=O)(NC1=CC=2C(=O)N([C@H](CO)C)C[C@@H]([C@H](OCCCC[C@@H](OC2C=C1)C)CN(CC3CCCCC3)C)C)C4=CC=CC=C4,CC1CCCCOC(CN(C)CC2CCCCC2)C(C)CN(C(C)CO)C(=O)c2cc(NS(=O)(=O)c3ccccc3)ccc2O1
SMAD3,Ours,1,O(C1=CC=C(C=C1)CC(=O)NCCCCC)C,CCCCCCCCCCCCCCCCCCCCCCC(=O)NCCc1ccc(OC)cc1
SMAD3,Ours,1,FC(F)(F)C1=CC=C(CN(C[C@H]2OC3=C(C(=O)N(C[C@H]2C)[C@@H](CO)C)C=C(NC(=O)C4CCCCC4)C=C3)C)C=C1,CC1CCCCOC(CN(C)Cc2ccc(C(F)(F)F)cc2)C(C)CN(C(C)CO)C(=O)c2cc(NC(=O)CCCN(C)C)ccc2O1
SMAD3,Ours,1,FC(F)(F)C1=CC=C(CN(C[C@H]2OC3=C(C(=O)N(C[C@H]2C)[C@@H](CO)C)C=C(NC(=O)C4CCCCC4)C=C3)C)C=C1,CC1CCCCOC(CN(C)Cc2ccc(C(F)(F)F)cc2)C(C)CN(C(C)CO)C(=O)c2cc(N(C)C)ccc2O1
SMAD3,Ours,1,FC(F)(F)C1=C(NOC(C2=CC=CC=C2)(C(=O)NCCCC)CC)C=CC=C1,CC(C)(C)c1ccc(C(=O)c2ccc(C(=O)Nc3ccc(C(=O)Nc4ccccc4C(=O)NCCCCCCC(=O)NO)cc3)cc2)cc1
SMAD3,Ours,0.99,S(=O)(=O)(NC=1C=2O[C@@H]([C@H](CN(C(=O)C2C=CC1)[C@@H](CO)C)C)CN(C(=O)NC=3C=CC=CC3)C)C=4SC=CC4,CC(C)NC(=O)N(C)CC1Oc2cc(C#CC(C)(C)O)ccc2S(=O)(=O)N(C(C)CO)CC1C
SMAD3,Ours,0.99,S(=O)(=O)(NC1=CC=2C(=O)N(C[C@@H]([C@@H](OCCCC[C@H](OC2C=C1)C)CN(S(=O)(=O)C3=CC=CC=C3)C)C)[C@@H](CO)C)C4=CC=C(F)C=C4,CC1CCCCOC(CN(C)Cc2ccc(C(F)(F)F)cc2)C(C)CN(C(C)CO)C(=O)c2cc(NS(=O)(=O)c3ccccc3)ccc2O1
SMAD3,Ours,0.99,FC(F)(F)CCC(=O)NC=1C=C2C(O[C@@H]([C@H](CN(C2=O)[C@@H](CO)C)C)CN(C(=O)NC3=CC=CC=C3)C)=CC1,CCCCCC(=O)Nc1ccc2c(c1)OCC(C)N(C(=O)c1ccc(F)cc1)CC(C)C(OC)CN(C)C2=O
SMAD3,Ours,0.99,FC(F)(F)CCC(=O)NC=1C=C2C(O[C@@H]([C@H](CN(C2=O)[C@@H](CO)C)C)CN(C(=O)NC3=CC=CC=C3)C)=CC1,CC1CN(C(C)CO)C(=O)c2cc(NC(=O)CCC(F)(F)F)ccc2OC1CN(C)C(=O)Nc1ccc(F)cc1
SMAD3,Ours,0.99,FC(F)(F)C1=CC=C(NC(=O)NC2=CC3=C(O[C@@H]([C@H](CN(C3=O)[C@@H](CO)C)C)CN(C(=O)NC(C)C)C)C=C2)C=C1,CC(C)NC(=O)Nc1ccc2c(c1)C(=O)N(C(C)CO)CC(C)C(CN(C)Cc1ccc(C(F)(F)F)cc1)O2
SMAD3,Ours,0.99,FC(F)(F)C1=CC=C(NC(=O)N(C[C@H]2OC=3C(C(=O)N(C[C@@H]2C)[C@@H](CO)C)=CC(NC(=O)NC4=CC=C(C(F)(F)F)C=C4)=CC3)C)C=C1,CC1CN(C(C)CO)C(=O)c2cc(NC(=O)Nc3ccc(C(F)(F)F)cc3)ccc2OC1CN(C)Cc1ccc(C(F)(F)F)cc1
SMAD3,Ours,0.99,FC(F)(F)C1=CC=C(NC(=O)N(C[C@H]2OC=3C(C(=O)N(C[C@@H]2C)[C@@H](CO)C)=CC(NC(=O)NC4=CC=C(C(F)(F)F)C=C4)=CC3)C)C=C1,CC1CN(C(C)CO)C(=O)c2cc(NC(=O)Nc3ccc(C(F)(F)F)cc3)ccc2OC1CN(C)Cc1ccc(C(F)(F)F)cc1
SMAD3,Ours,0.99,FC(F)(F)C1=CC=C(NC(=O)N(C[C@H]2OC=3C(C(=O)N(C[C@@H]2C)[C@@H](CO)C)=CC(NC(=O)NC4=CC=C(C(F)(F)F)C=C4)=CC3)C)C=C1,CC1CN(C(C)CO)C(=O)c2cc(NC(=O)Nc3ccc(C(F)(F)F)cc3)ccc2OC1CN(C)C(=O)Nc1ccc(F)cc1
SMAD3,Ours,0.99,FC(F)(F)C1=CC=C(CN(C[C@H]2OC3=C(C(=O)N(C[C@H]2C)[C@@H](CO)C)C=C(NC(=O)C4CCCCC4)C=C3)C)C=C1,CC1CCCCOC(CN(C)Cc2ccc(C(F)(F)F)cc2)C(C)CN(C(C)CO)C(=O)c2cc(NC(=O)CCC(F)(F)F)ccc2O1
SMAD3,Ours,0.98,S(=O)(=O)(N(C[C@@H]1OCC=2N(N=NC2)CCCC(=O)N(C[C@H]1C)[C@@H](CO)C)C)C=3SC=CC3,Cc1cccc(S(=O)(=O)N(C)CC2OCc3cnnn3CCCC(=O)N(C(C)CO)CC2C)c1
SMAD3,Ours,0.98,S(=O)(=O)(N(C[C@@H]1OCC=2N(N=NC2)CCCC(=O)N(C[C@H]1C)[C@@H](CO)C)C)C=3SC=CC3,Cc1ccc(S(=O)(=O)N(C)CC2OCc3cnnn3CCCC(=O)N(C(C)CO)CC2C)cc1
SMAD3,Ours,0.98,O=C1N([C@@H](CO)C)C[C@@H]([C@@H](OCC=2C(C3=C1N(C=4C3=CC=CC4)C)=CC=CC2)CN(C(OC5=CC=C(OC)C=C5)=O)C)C,CC1CN(C(C)CO)C(=O)c2c(c3ccccc3n2C)-c2ccccc2COC1CN(C)Cc1ccc(C(F)(F)F)cc1
SMAD3,Ours,0.98,O=C1N([C@@H](CO)C)C[C@@H]([C@@H](OCC=2C(C3=C1N(C=4C3=CC=CC4)C)=CC=CC2)CN(C(OC5=CC=C(OC)C=C5)=O)C)C,CC1CN(C(C)CO)C(=O)c2c(c3ccccc3n2C)-c2ccccc2COC1CN(C)Cc1ccc(C(F)(F)F)cc1
SMAD3,Ours,0.98,O=C(NC1CCN(CC1)CC2=CC=CC=C2)CC3=CC=CC=C3,CC(C)(C)c1ccc(C(=O)NCCCN2CCC(Cc3ccccc3)CC2)cc1
SMAD3,Ours,0.98,O1C2=C(C(=O)N(C[C@@H]([C@@H]1CN(CC3CCCCC3)C)C)[C@H](CO)C)C=C(NC(=O)C4CCCCC4)C=C2,COc1ccc(CCC(=O)Nc2ccc3c(c2)C(=O)N(C(C)CO)CC(C)C(CN(C)CC2CCOCC2)O3)cc1
SMAD3,Ours,0.98,O1C2=C(C(=O)N(C[C@@H]([C@@H]1CN(CC3CCCCC3)C)C)[C@H](CO)C)C=C(NC(=O)C4CCCCC4)C=C2,CC1CCCCOC(CN(C)CC2CC2)C(C)CN(C(C)CO)C(=O)c2cc(NC(=O)C3CCCCC3)ccc2O1
SMAD3,Ours,0.98,FC(F)(F)CCC(=O)NC=1C=C2C(O[C@H]([C@H](CN(C(=O)C2)[C@H](CO)C)C)CN(C(=O)NC3=C(ON=C3C)C)C)=CC1,CC1CN(C(C)CO)C(=O)CCCn2cc(nn2)COC1CN(C)Cc1cccc(C(F)(F)F)c1
SMAD3,Ours,0.98,FC(F)(F)C1=CC=C(CN(C[C@H]2OC3=C(C(=O)N(C[C@H]2C)[C@@H](CO)C)C=C(NC(=O)C4CCCCC4)C=C3)C)C=C1,CC1CCCCOC(CN(C)Cc2ccc(C(F)(F)F)cc2)C(C)CN(C(C)CO)C(=O)c2cc(NC(=O)CCCN(C)C)ccc2O1
SMAD3,Ours,0.98,ClC1=CC=C(S(=O)(=O)N(C[C@@H]2OC=3C(CC(=O)N(C[C@@H]2C)[C@H](CO)C)=CC(NC(=O)CCC(F)(F)F)=CC3)C)C=C1,Cc1ccc(S(=O)(=O)N(C)CC2Oc3ccc(NC(=O)CCC(F)(F)F)cc3CC(=O)N(C(C)CO)CC2C)cc1
SMAD3,Ours,0.98,BrC=1C=C2O[C@H]([C@@H](CN(S(=O)(=O)C2=CC1)[C@H](CO)C)C)CN(C(=O)C3=C(F)C=CC=C3)C,Cc1ccccc1-c1ccc2c(c1)OC(CN(C)C(=O)c1ccc(F)cc1)C(C)CN(C(C)CO)S2(=O)=O
SMAD3,Ours,0.98,BrC=1C=C2O[C@H]([C@@H](CN(S(=O)(=O)C2=CC1)[C@H](CO)C)C)CN(C(=O)C3=C(F)C=CC=C3)C,CC1CN(C(C)CO)S(=O)(=O)c2ccc(C#Cc3ccc(F)cc3)cc2OC1CN(C)C(=O)Cc1ccccc1
SMAD3,Ours,0.98,BrC=1C=C2O[C@H]([C@@H](CN(S(=O)(=O)C2=CC1)[C@H](CO)C)C)CN(C(=O)C3=C(F)C=CC=C3)C,CC1CN(C(C)CO)S(=O)(=O)c2ccc(C#Cc3ccc(F)cc3)cc2OC1CN(C)C(=O)Cc1ccccc1
SMAD3,Ours,0.97,S(=O)(=O)(NC1=CC=2C(=O)N(C[C@@H]([C@@H](OCCCC[C@H](OC2C=C1)C)CN(S(=O)(=O)C3=CC=CC=C3)C)C)[C@@H](CO)C)C4=CC=C(F)C=C4,CC1CCCCOC(CN(C)Cc2ccc(C(F)(F)F)cc2)C(C)CN(C(C)CO)C(=O)c2cc(NS(=O)(=O)c3cccs3)ccc2O1
SMAD3,Ours,0.97,S(=O)(=O)(NC1=CC2=C(O[C@@H]([C@H](CN(C2=O)[C@@H](CO)C)C)CN(C(=O)NC3CCCCC3)C)C=C1)C4=CC=C(OC)C=C4,CCCNC(=O)N1CC(C)C(OC)CN(C)C(=O)c2cc(NS(=O)(=O)c3ccc(C)cc3)ccc2OCC1C
SMAD3,Ours,0.97,S(=O)(=O)(NC1=C2O[C@@H]([C@H](CN(C(=O)C2=CC=C1)[C@@H](CO)C)C)CN(CC3CCCCC3)C)C4=CC=C(OC)C=C4,COc1ccc(CN(C)CC2OCCCCC(C)Oc3ccc(NS(=O)(=O)c4cccs4)cc3C(=O)N(C(C)CO)CC2C)cc1
SMAD3,Ours,0.97,S(=O)(=O)(N1CCC2(OCCO2)CC1)C3=CC4=C(N=CC(=C4O)C(=O)NCC(OC)OC)C=C3,COc1ccc(CNC(=O)c2nc(-c3ccc(OC(=O)c4ccccc4)cc3)cc3c2C(CCO)N(S(=O)C(C)(C)C)C3)cc1
SMAD3,Ours,0.97,S(=O)(=O)(N(C[C@@H]1OCC=2N(N=NC2)CCCC(=O)N(C[C@H]1C)[C@@H](CO)C)C)C=3SC=CC3,CC1CN(C(C)CO)C(=O)CCCn2nncc2COC1CN(C)S(=O)(=O)c1ccc(C#N)cc1
SMAD3,Ours,0.97,O=C1N([C@@H](CO)C)C[C@@H]([C@@H](OCC=2C(C3=C1N(C=4C3=CC=CC4)C)=CC=CC2)CN(C(OC5=CC=C(OC)C=C5)=O)C)C,CC1CN(C(C)CO)C(=O)c2c(c3ccccc3n2C)-c2ccccc2COC1CN(C)C(=O)c1ccc(F)cc1
SMAD3,Ours,0.97,O=C1N(C2=C(C(=O)N1CCCC(=O)NCCCOC)C=CC=C2)CC(=O)NC3=C(C=CC=C3C)C,CCCNC(=O)N1CC(C)C(OC)CN(C)C(=O)c2cc(NC(=O)CCN3CCOCC3)ccc2OCC1C
SMAD3,Ours,0.97,O=C(O)C1(C2=CC(OCCCC)=CC=C2)CCCC1,CCCCCCC(O)COc1ccc(C(=O)c2ccc(O)cc2)cc1
SMAD3,Ours,0.97,O=C(N1CCC(CC1)CNC(=O)C2=CC(=CC=C2)C)C3=CC(=CC=C3)C,CC(C)(C)c1ccc(C(=O)c2ccc(C(=O)NCCCN3CCC(Cc4ccccc4)CC3)cc2)cc1
SMAD3,Ours,0.97,O1[C@@H]2[C@H](C3=C1C=CC(NC(=O)C4CCC4)=C3)C[C@H](O[C@@H]2CO)CC(=O)NCC5=CC=C(OC)C=C5,COc1cccc(C(=O)Nc2ccc3c(c2)C2CC(CC(=O)NCCc4ccccc4)OC(CO)C2O3)c1
SMAD3,Ours,0.97,O1[C@@H]2[C@H](C3=C1C=CC(NC(=O)C4CCC4)=C3)C[C@H](O[C@@H]2CO)CC(=O)NCC5=CC=C(OC)C=C5,COc1ccc(CNC(=O)CC2CC3c4cc(NC(=O)C5CCOCC5)ccc4OC3C(CO)O2)cc1
SMAD3,Ours,0.97,O1[C@@H]2[C@H](C3=C1C=CC(NC(=O)C4CCC4)=C3)C[C@H](O[C@@H]2CO)CC(=O)NCC5=CC=C(OC)C=C5,CCCNC(=O)CC1CC2c3cc(NC(=O)c4cccnc4)ccc3OC2C(CO)O1
SMAD3,Ours,0.97,O1C=2C(C(=O)N(C[C@@H]([C@H]1CN(C(=O)NC3=CC=CC=C3)C)C)[C@@H](CO)C)=CC=CC2NC(=O)NC4=CC=CC=C4,CC1CN(C(C)CO)C(=O)c2cc(NC(=O)Nc3ccccc3)ccc2OC1CN(C)C
SMAD3,Ours,0.97,O1C=2C(C(=O)N(C[C@@H]([C@H]1CN(C(=O)NC3=CC=CC=C3)C)C)[C@@H](CO)C)=CC(NC(=O)C4CCCCC4)=CC2,CC(C)NC(=O)N(C)CC1OCCCCC(C)Oc2ccc(NC(=O)CCCN(C)C)cc2C(=O)N(C(C)CO)CC1C
SMAD3,Ours,0.97,O1C2=C(C(=O)N(C[C@@H]([C@H]1CN(C(=O)NC=3C=CC(OC)=CC3)C)C)[C@@H](CO)C)C=C(NC(=O)C4CCCCC4)C=C2,COc1ccc(NC(=O)Nc2ccc3c(c2)C(=O)N(C(C)CO)CC(C)C(CN(C)C(=O)NC2CCCCC2)O3)cc1
SMAD3,Ours,0.97,O1C2=C(C(=O)N(C[C@@H]([C@H]1CN(C(=O)NC3=CC=4OCOC4C=C3)C)C)[C@@H](CO)C)C=CC=C2NC(=O)C5CCCCC5,CCCNC(=O)N1CC(C)C(OC)CN(C)C(=O)c2cc(NC(=O)c3ccc4c(c3)OCO4)ccc2OCC1C
SMAD3,Ours,0.97,O1C2=C(C(=O)N(C[C@@H]([C@@H]1CN(CC3CCCCC3)C)C)[C@H](CO)C)C=C(NC(=O)C4CCCCC4)C=C2,CC1CCCCOC(CN(C)CC2CCCCC2)C(C)CN(C(C)CO)C(=O)c2cc(NC(=O)CCCN(C)C)ccc2O1
SMAD3,Ours,0.97,O1C2=C(C(=O)N(C[C@@H]([C@@H]1CN(CC3CCCCC3)C)C)[C@H](CO)C)C=C(NC(=O)C4CCCCC4)C=C2,CC1CCCCOC(CN(C)CC2CCCCC2)C(C)CN(C(C)CO)C(=O)c2cc(NC(=O)CCCN(C)C)ccc2O1
SMAD3,Ours,0.97,N1=C2C(=C(N=C1)NCCCCCCCC)C=CC=C2,CCCCCCNc1ncnc2ccc(C3CCCCC3)cc12
SMAD3,Ours,0.97,FC1=C(C(F)=CC=C1)C(OCC(=O)NC(=O)NCC2=CC=CC=C2)=O,CC(C)NC(=O)NC1C=CC(CC(=O)NCc2ccc(F)cc2)OC1CO
SMAD3,Ours,0.97,FC(F)(F)CCC(=O)NC=1C=C2C(O[C@@H]([C@H](CN(C2=O)[C@@H](CO)C)C)CN(C(=O)NC3=CC=CC=C3)C)=CC1,CCCNC(=O)Nc1ccc2c(c1)C(=O)N(C(C)CO)CC(C)C(CN(C)Cc1cccc(C(F)(F)F)c1)O2
SMAD3,Ours,0.97,FC(F)(F)CCC(=O)NC=1C=C2C(O[C@@H]([C@H](CN(C2=O)[C@@H](CO)C)C)CN(C(=O)NC3=CC=CC=C3)C)=CC1,CCCNC(=O)Nc1ccc2c(c1)C(=O)N(C(C)CO)CC(C)C(CN(C)Cc1ccc(C(F)(F)F)cc1)O2
SMAD3,Ours,0.97,FC(F)(F)CCC(=O)NC=1C=C2C(O[C@@H]([C@H](CN(C2=O)[C@@H](CO)C)C)CN(C(=O)NC3=CC=CC=C3)C)=CC1,CCCNC(=O)Nc1ccc2c(c1)C(=O)N(C(C)CO)CC(C)C(CN(C)Cc1ccc(C(F)(F)F)cc1)O2
SMAD3,Ours,0.97,FC(F)(F)CCC(=O)NC=1C=C2C(O[C@@H]([C@H](CN(C2=O)[C@@H](CO)C)C)CN(C(=O)NC3=CC=CC=C3)C)=CC1,CCCNC(=O)Nc1ccc2c(c1)C(=O)N(C(C)CO)CC(C)C(CN(C)Cc1ccc(C(F)(F)F)cc1)O2
SMAD3,Ours,0.97,FC(F)(F)CCC(=O)NC=1C=C2C(O[C@@H]([C@@H](CN(C(=O)C2)[C@@H](CO)C)C)CN(C(=O)NC=3C=CC=CC3)C)=CC1,CC1CN(C(C)CO)C(=O)Cc2cc(NC(=O)CCC(F)(F)F)ccc2OC1CN(C)Cc1ccc(C(F)(F)F)cc1
SMAD3,Ours,0.97,FC(F)(F)CCC(=O)NC=1C=C2C(O[C@@H]([C@@H](CN(C(=O)C2)[C@@H](CO)C)C)CN(C(=O)NC=3C=CC=CC3)C)=CC1,CC1CCCCOC(CN(C)Cc2cccc(C(F)(F)F)c2)C(C)CN(C(C)CO)C(=O)c2cc(NC(=O)NC3CCCCC3)ccc2O1
SMAD3,Ours,0.97,FC(F)(F)C1=CC=C(CN(C[C@H]2OC3=C(C(=O)N(C[C@H]2C)[C@@H](CO)C)C=C(NC(=O)C4CCCCC4)C=C3)C)C=C1,CC1CCCCOC(CN(C)Cc2ccc(C(F)(F)F)cc2)C(C)CN(C(C)CO)C(=O)c2cc(NC(=O)CCC(F)(F)F)ccc2O1
SMAD3,Ours,0.97,FC(F)(F)C1=CC=C(CN(C[C@H]2OC3=C(C(=O)N(C[C@H]2C)[C@@H](CO)C)C=C(NC(=O)C4CCCCC4)C=C3)C)C=C1,CC1CCCCOC(CN(C)Cc2ccc(C(F)(F)F)cc2)C(C)CN(C(C)CO)C(=O)c2cc(NC(=O)CCC(F)(F)F)ccc2O1
SMAD3,Ours,0.97,ClC=1C=C2N(C(=O)N3CCC(CC3)C(=O)NCC4=CC=C(OC)C=C4)CCOC2=CC1,CCNC(=O)CC1CCC2C(COCC(O)CN2C(=O)Nc2ccc(Cl)cc2)O1
SMAD3,Ours,0.97,ClC1=CC=C(S(=O)(=O)N(C[C@@H]2OC=3C(CC(=O)N(C[C@@H]2C)[C@H](CO)C)=CC(NC(=O)CCC(F)(F)F)=CC3)C)C=C1,Cc1ccc(S(=O)(=O)N(C)CC2OCCCCC(C)Oc3ccc(NC(=O)CCC(F)(F)F)cc3C(=O)N(C(C)CO)CC2C)cc1
SMAD3,Ours,0.97,ClC1=CC=C(S(=O)(=O)N(C[C@@H]2OC=3C(CC(=O)N(C[C@@H]2C)[C@H](CO)C)=CC(NC(=O)CCC(F)(F)F)=CC3)C)C=C1,CC1CCCCOC(CN(C)S(=O)(=O)c2ccc(C(F)(F)F)cc2)C(C)CN(C(C)CO)C(=O)c2cc(NC(=O)CCC(F)(F)F)ccc2O1
SMAD3,Ours,0.97,ClC1=CC=C(S(=O)(=O)N(C[C@@H]2OC=3C(CC(=O)N(C[C@@H]2C)[C@H](CO)C)=CC(NC(=O)CCC(F)(F)F)=CC3)C)C=C1,CC1CCCCOC(CN(C)S(=O)(=O)c2ccc(C(F)(F)F)cc2)C(C)CN(C(C)CO)C(=O)c2cc(NC(=O)CCC(F)(F)F)ccc2O1
SMAD3,Ours,0.97,ClC1=C(NC(=O)CCCC)C=C(C(=O)NCCC2=CC=CC=C2)C=C1,Cc1ccc(C)c(NC(=O)CCCCNC(=O)Cc2ccc(NC(=O)c3ccc(C(F)(F)F)cc3)cc2)c1
SMAD3,Ours,0.97,BrC=1C=C2O[C@H]([C@@H](CN(S(=O)(=O)C2=CC1)[C@H](CO)C)C)CN(C(=O)C3=C(F)C=CC=C3)C,CC(C)NC(=O)N(C)CC1Oc2cc(C#Cc3ccccc3F)ccc2S(=O)(=O)N(C(C)CO)CC1C
SMAD3,Ours,0.97,BrC=1C=C2C(O[C@@H]([C@H](CN(C2=O)[C@H](CO)C)C)CN(S(=O)(=O)C=3N=CN(C3)C)C)=NC1,CC1CN(C(C)CO)C(=O)c2c(c3ccccc3n2C)-c2ccccc2COC1CN(C)S(=O)(=O)c1ccc(C(F)(F)F)cc1
SMAD3,Ours,0.96,S1(=O)(=O)N(C[C@@H]([C@@H](OC=2C1=CC=C(C2)C3=CC(OC)=CC=C3)CN(CC=4C=NC=NC4)C)C)[C@@H](CO)C,Cc1ccccc1-c1ccc2c(c1)OC(CN(C)Cc1ccncc1)C(C)CN(C(C)CO)S2(=O)=O
SMAD3,Ours,0.96,S(=O)(=O)(NC1CCCC1)C2=CC=C(S(=O)(=O)NCCC3=CC(=CC=C3)C)C=C2,CCNCCCC(O)c1ccc(S(=O)(=O)Nc2ccc(S(=O)(=O)NC(C)(C)C)cc2)cc1
SMAD3,Ours,0.96,S(=O)(=O)(NC1=CC=2C(=O)N(C[C@@H]([C@@H](OCCCC[C@H](OC2C=C1)C)CN(S(=O)(=O)C3=CC=CC=C3)C)C)[C@@H](CO)C)C4=CC=C(F)C=C4,CC1CCCCOC(CN(C)Cc2cccnc2)C(C)CN(C(C)CO)C(=O)c2cc(NS(=O)(=O)c3ccc(C(F)(F)F)cc3)ccc2O1
SMAD3,Ours,0.96,S(=O)(=O)(NC1=CC=2C(=O)N(C[C@@H]([C@@H](OCCCC[C@H](OC2C=C1)C)CN(S(=O)(=O)C3=CC=CC=C3)C)C)[C@@H](CO)C)C4=CC=C(F)C=C4,CC1CCCCOC(CN(C)Cc2ccc(C(F)(F)F)cc2)C(C)CN(C(C)CO)C(=O)c2cc(NS(=O)(=O)c3cccs3)ccc2O1
SMAD3,Ours,0.96,O=C(N1CCC(CC1)C)C2CCN(CC2)CC3=CC(OC)=CC=C3,COc1ccc(CN2CCN(C(=O)c3ccc(CN4CCN(C)CC4)cc3)CC2)cc1
SMAD3,Ours,0.96,O1C=2C(C(=O)N(C[C@@H]([C@H]1CN(C(=O)NC3=CC=CC=C3)C)C)[C@@H](CO)C)=CC(NC(=O)C4CCCCC4)=CC2,CC(C)NC(=O)Nc1ccc2c(c1)C(=O)N(C(C)CO)CC(C)C(CN(C)C(=O)Nc1ccccc1)OCCCCC(C)O2
SMAD3,Ours,0.96,O1C2=C(C(=O)N(C[C@@H]([C@H]1CN(C(=O)NC=3C=CC(OC)=CC3)C)C)[C@@H](CO)C)C=C(NC(=O)C4CCCCC4)C=C2,COc1ccc(NC(=O)N(C)CC2OCCCCC(C)Oc3ccc(NC(=O)NC4CCCCC4)cc3C(=O)N(C(C)CO)CC2C)cc1
SMAD3,Ours,0.96,O(C=1C(C(C)C)=CC=C(C1)C)CCNC(=O)C2=C(O)C=CC=C2,CC(C)c1ccc(OCCNC(=O)c2cccc(NC(=O)c3ccccc3O)c2)cc1
SMAD3,Ours,0.96,FC(F)(F)C1=CC=C(CN(C[C@H]2OC3=C(C(=O)N(C[C@H]2C)[C@@H](CO)C)C=C(NC(=O)C4CCCCC4)C=C3)C)C=C1,CC1CN(C(C)CO)C(=O)c2cc(NC(=O)CCN3CCOCC3)ccc2OC1CN(C)Cc1ccc(C(F)(F)F)cc1
SMAD3,Ours,0.96,FC(F)(F)C1=CC=C(CN(C[C@H]2OC3=C(C(=O)N(C[C@H]2C)[C@@H](CO)C)C=C(NC(=O)C4CCCCC4)C=C3)C)C=C1,CC1CCCCOC(CN(C)Cc2cccc(C(F)(F)F)c2)C(C)CN(C(C)CO)C(=O)c2cc(NC(=O)CCCN(C)C)ccc2O1
SMAD3,Ours,0.96,FC(F)(F)C1=CC=C(CN(C[C@H]2OC3=C(C(=O)N(C[C@H]2C)[C@@H](CO)C)C=C(NC(=O)C4CCCCC4)C=C3)C)C=C1,CC1CCCCOC(CN(C)Cc2ccc(C(F)(F)F)cc2)C(C)CN(C(C)CO)C(=O)c2cc(NC(=O)CCCN(C)C)ccc2O1
SMAD3,Ours,0.96,FC(F)(F)C1=CC=C(CN(C[C@H]2OC3=C(C(=O)N(C[C@H]2C)[C@@H](CO)C)C=C(NC(=O)C4CCCCC4)C=C3)C)C=C1,CC1CCCCOC(CN(C)Cc2ccc(C(F)(F)F)cc2)C(C)CN(C(C)CO)C(=O)c2cc(NC(=O)CCCN(C)C)ccc2O1
SMAD3,Ours,0.96,FC(F)(F)C1=CC=C(CN(C[C@H]2OC3=C(C(=O)N(C[C@H]2C)[C@@H](CO)C)C=C(NC(=O)C4CCCCC4)C=C3)C)C=C1,CC1CCCCOC(CN(C)Cc2ccc(C(F)(F)F)cc2)C(C)CN(C(C)CO)C(=O)c2cc(NC(=O)CCCN(C)C)ccc2O1
SMAD3,Ours,0.96,FC(F)(F)C1=CC=C(CN(C[C@H]2OC3=C(C(=O)N(C[C@H]2C)[C@@H](CO)C)C=C(NC(=O)C4CCCCC4)C=C3)C)C=C1,CC1CCCCOC(CN(C)CC2CCOCC2)C(C)CN(C(C)CO)C(=O)c2cc(NC(=O)CCC(F)(F)F)ccc2O1
SMAD3,Ours,0.96,ClC=1C=C(CN(C[C@H]2OCCCC[C@H](OC=3C(C(=O)N(C[C@H]2C)[C@H](CO)C)=CC(NC(=O)NC=4C=CC(F)=CC4)=CC3)C)C)C=CC1Cl,CC1CCCCOC(CN(C)Cc2cccnc2)C(C)CN(C(C)CO)C(=O)c2cc(NC(=O)Nc3ccc(C(F)(F)F)cc3)ccc2O1
SMAD3,Ours,0.96,BrC=1C=C2O[C@H]([C@@H](CN(S(=O)(=O)C2=CC1)[C@H](CO)C)C)CN(C(=O)C3=C(F)C=CC=C3)C,CC1CN(C(C)CO)S(=O)(=O)c2ccc(C3=CCCCC3)cc2OC1CN(C)Cc1ccc(C(F)(F)F)cc1
SMAD3,Ours,0.95,S1(=O)(=O)N(C[C@@H]([C@@H](OC=2C1=CC=C(C2)C3=CC(OC)=CC=C3)CN(CC=4C=NC=NC4)C)C)[C@@H](CO)C,CC1CN(C(C)CO)S(=O)(=O)c2ccc(-c3ccccc3C#N)cc2OC1CN(C)Cc1ccc(C(=O)O)cc1
SMAD3,Ours,0.95,S(=O)(=O)(NC1=CC=2[C@@H]3[C@H](OC2C=C1)[C@@H](O[C@H](C3)CC(=O)NC4CCCC4)CO)C5=CC=CC=C5,Cc1ccc(S(=O)(=O)Nc2ccc3c(c2)C2CC(CC(=O)NCCc4ccccc4)OC(CO)C2O3)cc1
SMAD3,Ours,0.95,S(=O)(=O)(NC1=CC=2[C@@H]3[C@H](OC2C=C1)[C@@H](O[C@H](C3)CC(=O)NC4CCCC4)CO)C5=CC=CC=C5,Cc1ccc(S(=O)(=O)Nc2ccc3c(c2)C2CC(CC(=O)NCCc4ccccc4)OC(CO)C2O3)cc1
SMAD3,Ours,0.95,S(=O)(=O)(N(C[C@H]1OC2=C(C(=O)N(C[C@@H]1C)[C@@H](CO)C)C=CC=C2NC(=O)NC3=CC=C(C(F)(F)F)C=C3)C)C4=CC=CC=C4,CC(C)NC(=O)Nc1ccc2c(c1)CC(=O)N(C(C)CO)CC(C)C(CN(C)S(=O)(=O)c1ccc(C(F)(F)F)cc1)O2
SMAD3,Ours,0.95,S(=O)(=O)(N(C[C@H]1OC2=C(C(=O)N(C[C@@H]1C)[C@@H](CO)C)C=CC=C2N(C)C)C)C3=CC=CC=C3,Cc1ccccc1S(=O)(=O)N(C)CC1OCCCCC(C)Oc2ccc(N(C)C)cc2C(=O)N(C(C)CO)CC1C
SMAD3,Ours,0.95,OC1(C2(C(C3C(C(C(=O)CC3)(CCC(O)=O)C)CC2)CC1)C)C,CC(C(CCCCCCC(C)(C)C)C(=O)O)C(C)(C)C
SMAD3,Ours,0.95,O=C1N([C@@H](CO)C)C[C@@H]([C@@H](OCC=2C(C3=C1N(C=4C3=CC=CC4)C)=CC=CC2)CN(C(OC5=CC=C(OC)C=C5)=O)C)C,CC1CN(C(C)CO)C(=O)c2c(c3ccccc3n2C)-c2ccccc2COC1CN(C)Cc1ccc(C(=O)O)cc1
SMAD3,Ours,0.95,O1C=2C(C(C3=CC=C(OC)C=C3)=CC1=O)=CC=C(OC(C(=O)NC=4C=CC(=CC4)CN5CCOCC5)C)C2C,COCC(=O)N1CC(C)C(OC)CN(C)C(=O)c2cc(NC(=O)Cc3ccccc3)ccc2OCC1C
SMAD3,Ours,0.95,O1C2=CC(N3C(O)=CC(=C3)C(O)N[C@H](C(=O)N4CCCCC4)CC(C)C)=CC=C2OCC1,CCCN1C2Cn3c(ccc(-c4cccc(C(=O)N5CCOCC5)c4)c3=O)C1C(CO)C2C(=O)Nc1ccc(-c2ccccc2)cc1
SMAD3,Ours,0.95,O1C2=C(C(=O)N(C[C@@H]([C@H]1CN(C)C)C)[C@@H](CO)C)C=CC=C2NC(=O)C=3C=CN=CC3,CC1CCCCOC(CN(C)Cc2cccnc2)C(C)CN(C(C)CO)C(=O)c2cc(N(C)C)ccc2O1
SMAD3,Ours,0.95,FC(F)(F)CCC(=O)NC=1C=C2C(O[C@@H]([C@H](CN(C2=O)[C@@H](CO)C)C)CN(C(=O)NC3=CC=CC=C3)C)=CC1,CCCCCC(=O)Nc1ccc2c(c1)C(=O)N(C(C)CO)CC(C)C(CN(C)Cc1ccc(C(F)(F)F)cc1)O2
SMAD3,Ours,0.95,FC(F)(F)C1=CC=C(NC(=O)NC2=CC3=C(O[C@@H]([C@H](CN(C3=O)[C@@H](CO)C)C)CN(C(=O)NC(C)C)C)C=C2)C=C1,CC(C)(C)NC(=O)Nc1ccc2c(c1)C1CC(CC(=O)NCc3ccc(F)cc3)OC(CO)C1O2
SMAD3,Ours,0.94,S(=O)(=O)(NCC(=O)N(C=1C=C2OCCOC2=CC1)CC(=O)NC3CCCC3)C4=CC=C(C=C4)C,Cc1ccc(S(=O)(=O)NC2CCC(CC(=O)NCc3ccc(-c4ccccc4)cc3)OC2CO)cc1
SMAD3,Ours,0.94,S(=O)(=O)(NC1=CC=2C(=O)N(C[C@@H]([C@@H](OCCCC[C@H](OC2C=C1)C)CN(S(=O)(=O)C3=CC=CC=C3)C)C)[C@@H](CO)C)C4=CC=C(F)C=C4,CC1CCCCOC(CN(C)Cc2ccc(Cl)c(Cl)c2)C(C)CN(C(C)CO)C(=O)c2cc(NS(C)(=O)=O)ccc2O1
SMAD3,Ours,0.94,S(=O)(=O)(NC1=CC2=C(O[C@@H]([C@H](CN(C2=O)[C@@H](CO)C)C)CN(S(=O)(=O)C)C)C=C1)C3=CC=CC=C3,COC1CN(C)C(=O)c2cc(NS(=O)(=O)c3ccc(C)cc3)ccc2OCC(C)NCC1C
SMAD3,Ours,0.94,S(=O)(=O)(NC1=C2O[C@@H]([C@H](CN(C(=O)C2=CC=C1)[C@@H](CO)C)C)CN(CC3CCCCC3)C)C4=CC=C(OC)C=C4,CCCN1CC(C)C(OC)CN(C)C(=O)c2cc(NS(=O)(=O)c3ccc(C)cc3)ccc2OCC1C
SMAD3,Ours,0.94,S(=O)(=O)(N(C[C@@H]1OCC=2N(N=NC2)CCCC(=O)N(C[C@H]1C)[C@@H](CO)C)C)C=3SC=CC3,CC1CN(C(C)CO)C(=O)CCCn2nncc2COC1CN(C)S(=O)(=O)c1ccc(C(F)(F)F)cc1
SMAD3,Ours,0.94,O(C(C(=O)NC(CC=1C=CC(O)=CC1)C(OC)=O)C)C2=CC=CC=C2,COC(=O)C(Cc1ccc(OC(=O)c2cccc(C(=O)c3ccccc3)c2)cc1)NC(=O)c1ccc(C(=O)c2cccc(C(=O)c3ccc(C(=O)C(=O)NC(C)(C)C)cc3)c2)cc1
SMAD3,Ours,0.93,O(C1=CC=C(OCC(O)=O)C=C1)C2=CC=CC=C2,CCCC(O)COc1ccc(C(=O)c2ccc(O)cc2)cc1
SMAD3,Ours,0.93,FC(F)(F)C1=CC=C(NC(=O)NC2=CC3=C(O[C@@H]([C@H](CN(C3=O)[C@@H](CO)C)C)CN(C(=O)NC(C)C)C)C=C2)C=C1,CN(C)C(=O)CC1CC2c3cc(NC(=O)Nc4ccc(C(F)(F)F)cc4)ccc3OC2C(CO)O1
SMAD3,Ours,0.91,S(=O)(=O)(N(C[C@H]1OC2=C(C(=O)N(C[C@@H]1C)[C@@H](CO)C)C=CC=C2N(C)C)C)C3=CC=CC=C3,CC1CN(C(C)CO)S(=O)(=O)c2ccc(-c3ccccc3C(=O)N(C)C)cc2OC1CN(C)Cc1ccc(C(=O)O)cc1
SMAD3,Ours,0.9,FC=1C(CN2C(C(=O)NCC2)CC(=O)NCC(N3CCOCC3)(C)C)=CC=CC1F,CC(C)(C)c1ccc(C(=O)NC2CC(C(=O)NCc3cccc(F)c3)N(Cc3cccc(F)c3)C2C(=O)NCCCN2CCOCC2)cc1
TP53,Cosine Search,0.79,S1C=2C(N=C1NC(=O)CSC=3N(N)C(=O)C=NN3)=CC=C(C2)C,Nn1c(=O)c(Cc2ccco2)n[nH]c1=S
TP53,Cosine Search,0.79,S1C=2C(N=C1NC(=O)CSC=3N(N)C(=O)C=NN3)=CC=C(C2)C,Nn1c(=O)c(Cc2ccco2)n[nH]c1=S
TP53,Cosine Search,0.46,O(C(COC(=O)C)COC(=O)C)C(=O)C,OC(=O)C(=O)CF
TP53,Cosine Search,0.79,C=1N=C(C=CC1)C=2N=C(NN2)C3=CC=CC=N3,c1[nH]nc(c1-c1ccnc2ccccc12)-c1ccccn1
TP53,Cosine Search,0.79,S1C=2C(N=C1NC(=O)CSC=3N(N)C(=O)C=NN3)=CC=C(C2)C,Nn1c(=O)c(Cc2ccco2)n[nH]c1=S
TP53,Cosine Search,0.7,O=C(NC1=NC2=C(N1)C=CC=C2)CCCCC,CNC(=O)CCc1cc2ccccc2[nH]1
TP53,Cosine Search,0.79,S1C=2C(N=C1NC(=O)CSC=3N(N)C(=O)C=NN3)=CC=C(C2)C,Nn1c(=O)c(Cc2ccco2)n[nH]c1=S
TP53,Cosine Search,0.85,O(C=1C(OC)=CC=C(NC(=O)NC=2C=CC(OCC(=O)N3CCOCC3)=CC2)C1)C,COc1cccc(NC(=O)N[C@@H]2CC[C@@H](CC(=O)N3CCCCC3)O[C@@H]2CO)c1
TP53,Cosine Search,0.79,C=1N=C(C=CC1)C=2N=C(NN2)C3=CC=CC=N3,c1[nH]nc(c1-c1ccnc2ccccc12)-c1ccccn1
TP53,Cosine Search,0.79,S1C=2C(N=C1NC(=O)CSC=3N(N)C(=O)C=NN3)=CC=C(C2)C,Nn1c(=O)c(Cc2ccco2)n[nH]c1=S
TP53,Cosine Search,0.79,C=1N=C(C=CC1)C=2N=C(NN2)C3=CC=CC=N3,c1[nH]nc(c1-c1ccnc2ccccc12)-c1ccccn1
TP53,Cosine Search,0.79,S1C=2C(N=C1NC(=O)CSC=3N(N)C(=O)C=NN3)=CC=C(C2)C,Nn1c(=O)c(Cc2ccco2)n[nH]c1=S
TP53,Cosine Search,0.83,ClC1=C(S(=O)(=O)N(CC2=CC=CC=C2)C)C=C3OCCN(C3=C1)C(=O)C,C[C@H](CO)N1C[C@H](C)[C@@H](CN(C)S(=O)(=O)c2ccc(Cl)cc2)OCc3ccccc3-c4ccccc4C1=O
TP53,Cosine Search,0.86,O=C(NC=1N=C2C(=CC1)C=CC=C2)C=3C=CC(=CC3)C,Cc1ccc(cc1)C(=O)/N=c2/cccc[nH]2
TP53,Cosine Search,0.79,S1C=2C(N=C1NC(=O)CSC=3N(N)C(=O)C=NN3)=CC=C(C2)C,Nn1c(=O)c(Cc2ccco2)n[nH]c1=S
TP53,Cosine Search,0.7,O=C(NC1=NC2=C(N1)C=CC=C2)CCCCC,CNC(=O)CCc1cc2ccccc2[nH]1
TP53,Cosine Search,0.83,O=C1N(C(=O)NC=2C1=CC=C(C2)C(=O)NC=3C=C(C=CC3)C(=O)C)CCOC,C[C@@H](CO)N1C[C@@H](C)[C@@H](CN(C)Cc2ccc(Oc3ccccc3)cc2)Oc4c(NC(=O)c5ccncc5)cccc4C1=O
TP53,Cosine Search,0.7,O=C(NC1=NC2=C(N1)C=CC=C2)CCCCC,CNC(=O)CCc1cc2ccccc2[nH]1
TP53,Cosine Search,0.82,S(=O)(=O)(N(C1CCCCC1)C)C=2C=C3C(N(C=C(C3=O)C(=O)NCCOC)C)=CC2,C[C@H](CO)N1C[C@@H](C)[C@@H](CN(C)S(=O)(=O)c2ccccc2C#N)OCc3ccccc3-c4ccccc4C1=O
TP53,Cosine Search,0.79,S1C=2C(N=C1NC(=O)CSC=3N(N)C(=O)C=NN3)=CC=C(C2)C,Nn1c(=O)c(Cc2ccco2)n[nH]c1=S
TP53,Cosine Search,0.7,O=C(NC1=NC2=C(N1)C=CC=C2)CCCCC,CNC(=O)CCc1cc2ccccc2[nH]1
TP53,Cosine Search,0.79,S1C=2C(N=C1NC(=O)CSC=3N(N)C(=O)C=NN3)=CC=C(C2)C,Nn1c(=O)c(Cc2ccco2)n[nH]c1=S
TP53,Cosine Search,0.79,S1C=2C(N=C1NC(=O)CSC=3N(N)C(=O)C=NN3)=CC=C(C2)C,Nn1c(=O)c(Cc2ccco2)n[nH]c1=S
TP53,Cosine Search,0.79,C=1N=C(C=CC1)C=2N=C(NN2)C3=CC=CC=N3,c1[nH]nc(c1-c1ccnc2ccccc12)-c1ccccn1
TP53,Cosine Search,0.7,O=C(NC1=NC2=C(N1)C=CC=C2)CCCCC,CNC(=O)CCc1cc2ccccc2[nH]1
TP53,Cosine Search,0.9,S(=O)(=O)(N1CCOCC1)C=2C=C3N(C(=O)COC3=CC2)CC(=O)NCC4=CC=C(F)C=C4,Fc1cccc(F)c1S(=O)(=O)N2CCN(CC2)C(=O)c3ccc4OCCOc4c3
TP53,Cosine Search,0.79,S1C=2C(N=C1NC(=O)CSC=3N(N)C(=O)C=NN3)=CC=C(C2)C,Nn1c(=O)c(Cc2ccco2)n[nH]c1=S
TP53,Cosine Search,0.74,FC1=C(C(=O)NCC(=O)NCCC=2C(F)=CC=CC2)C=CC=C1,NC(=O)CNCCC(c1ccccc1)c1ccccc1
TP53,Cosine Search,0.82,ClC1=C(S(=O)(=O)N2CCOCC2)C=C(C=C1)C(=O)NCCC3=CC=C(F)C=C3,OC[C@@H]1O[C@H](CC(=O)NCCCN2CCOCC2)C=C[C@@H]1NS(=O)(=O)c1ccccc1F
TP53,Cosine Search,0.79,C=1N=C(C=CC1)C=2N=C(NN2)C3=CC=CC=N3,c1[nH]nc(c1-c1ccnc2ccccc12)-c1ccccn1
TP53,Cosine Search,0.79,S1C=2C(N=C1NC(=O)CSC=3N(N)C(=O)C=NN3)=CC=C(C2)C,Nn1c(=O)c(Cc2ccco2)n[nH]c1=S
TP53,Cosine Search,0.82,ClC1=C(S(=O)(=O)N2CCOCC2)C=C(C=C1)C(=O)NCCC3=CC=C(F)C=C3,OC[C@@H]1O[C@H](CC(=O)NCCCN2CCOCC2)C=C[C@@H]1NS(=O)(=O)c1ccccc1F
TP53,Cosine Search,0.71,[C@]12([C@@](C(O)C=O)(CC[C@H]1[C@@H]3CC=C4[C@@]([C@H]3C(C2)=O)(C=CC(C4)=O)C)O)C,C[C@H]1C[C@H]2[C@@H]3C[C@H](F)C4=CC(=O)C=C[C@]4(C)[C@@]3(F)[C@@H](O)C[C@]2(C)[C@@]1(OC(=O)C)C(=O)COC(=O)C
TP53,Cosine Search,0.76,O1C2=C(C=C(C1=O)C(OCC(=O)N3CC(OC(C3)C)C)=O)C=CC=C2OC,C[C@H](CO)N1C[C@@H](C)[C@@H](CN(C)C)OCc2ccccc2-c3ccccc3C1=O
TP53,Cosine Search,0.79,S1C=2C(N=C1NC(=O)CSC=3N(N)C(=O)C=NN3)=CC=C(C2)C,Nn1c(=O)c(Cc2ccco2)n[nH]c1=S
TP53,Cosine Search,0.79,S1C=2C(N=C1NC(=O)CSC=3N(N)C(=O)C=NN3)=CC=C(C2)C,Nn1c(=O)c(Cc2ccco2)n[nH]c1=S
TP53,Cosine Search,0.79,S1C=2C(N=C1NC(=O)CSC=3N(N)C(=O)C=NN3)=CC=C(C2)C,Nn1c(=O)c(Cc2ccco2)n[nH]c1=S
TP53,Cosine Search,0.79,C=1N=C(C=CC1)C=2N=C(NN2)C3=CC=CC=N3,c1[nH]nc(c1-c1ccnc2ccccc12)-c1ccccn1
TP53,Cosine Search,0.79,S1C=2C(N=C1NC(=O)CSC=3N(N)C(=O)C=NN3)=CC=C(C2)C,Nn1c(=O)c(Cc2ccco2)n[nH]c1=S
TP53,Cosine Search,0.69,[C@]12([C@](C[C@@H](O[C@H]3[C@@H]([C@@H]([C@H](O)[C@@H](O3)C)O)O)C[C@H]1O)(CC[C@H]4[C@H]2[C@H](C[C@@]5([C@H]([C@H]6CC(=O)OC6)CC[C@]54O)C)O)O)CO,CCCCCCCCCCCCCCCC(=O)OC[C@H](O)[C@@H]1OC(=O)C(=O)C1O
TP53,Cosine Search,0.79,S1C=2C(N=C1NC(=O)CSC=3N(N)C(=O)C=NN3)=CC=C(C2)C,Nn1c(=O)c(Cc2ccco2)n[nH]c1=S
TP53,Cosine Search,0.83,FC1=CC=2N(C(=O)C=3N(C2C=C1)C=CC3)CCC(=O)NCCC4=CC(OCC)=C(OCC)C=C4,CCN1[C@H]([C@H](CO)[C@H]2Cn3c(ccc(-c4ccccc4OC)c3=O)[C@@H]12)C(=O)NCc1ccc(F)cc1
TP53,Cosine Search,0.79,S1C=2C(N=C1NC(=O)CSC=3N(N)C(=O)C=NN3)=CC=C(C2)C,Nn1c(=O)c(Cc2ccco2)n[nH]c1=S
TP53,Cosine Search,0.81,S(=O)(=O)(N(C1CCCCC1)C)C=2C=C3C(N(C=C(C3=O)C(=O)NCCOC)C)=CC2,COc1ccc(cc1)S(=O)(=O)N(C)C[C@@H]2Oc3c(NC(=O)Nc4ccccc4)cccc3C(=O)N(C[C@@H]2C)[C@H](C)CO
TP53,Cosine Search,0.79,S1C=2C(N=C1NC(=O)CSC=3N(N)C(=O)C=NN3)=CC=C(C2)C,Nn1c(=O)c(Cc2ccco2)n[nH]c1=S
TP53,Cosine Search,0.79,S1C=2C(N=C1NC(=O)CSC=3N(N)C(=O)C=NN3)=CC=C(C2)C,Nn1c(=O)c(Cc2ccco2)n[nH]c1=S
TP53,Cosine Search,0.79,S1C=2C(N=C1NC(=O)CSC=3N(N)C(=O)C=NN3)=CC=C(C2)C,Nn1c(=O)c(Cc2ccco2)n[nH]c1=S
TP53,Cosine Search,0.79,S1C=2C(N=C1NC(=O)CSC=3N(N)C(=O)C=NN3)=CC=C(C2)C,Nn1c(=O)c(Cc2ccco2)n[nH]c1=S
TP53,Cosine Search,0.79,S1C=2C(N=C1NC(=O)CSC=3N(N)C(=O)C=NN3)=CC=C(C2)C,Nn1c(=O)c(Cc2ccco2)n[nH]c1=S
TP53,Cosine Search,0.81,S(=O)(=O)(NC=1C=C(OC)C=CC1)C=2C(=O)N(C(=O)N(C2)C)C,COc1ccc(cc1)S(=O)(=O)N(C(C)=O)c1ccccc1C=Cc1cc[n+]([O-])cc1
TP53,Cosine Search,0.75,S1C=2N(C3=C1CCCC3)C=C(N2)C4=CC=CC=C4,N#Cc1ccc(cc1)C1CCCc2cncn12
TP53,Cosine Search,0.79,S1C=2C(N=C1NC(=O)CSC=3N(N)C(=O)C=NN3)=CC=C(C2)C,Nn1c(=O)c(Cc2ccco2)n[nH]c1=S
TP53,Cosine Search,0.79,S1C=2C(N=C1NC(=O)CSC=3N(N)C(=O)C=NN3)=CC=C(C2)C,Nn1c(=O)c(Cc2ccco2)n[nH]c1=S
TP53,Cosine Search,0.79,S1C=2C(N=C1NC(=O)CSC=3N(N)C(=O)C=NN3)=CC=C(C2)C,Nn1c(=O)c(Cc2ccco2)n[nH]c1=S
TP53,Cosine Search,0.7,O=C(NC1=NC2=C(N1)C=CC=C2)CCCCC,CNC(=O)CCc1cc2ccccc2[nH]1
TP53,Cosine Search,0.79,S1C=2C(N=C1NC(=O)CSC=3N(N)C(=O)C=NN3)=CC=C(C2)C,Nn1c(=O)c(Cc2ccco2)n[nH]c1=S
TP53,Cosine Search,0.7,O=C(NC1=NC2=C(N1)C=CC=C2)CCCCC,CNC(=O)CCc1cc2ccccc2[nH]1
TP53,Cosine Search,0.79,ClC1=C(CNS(=O)(=O)C2=C(C=C3NC(=O)COC3=C2)C)C=CC=C1,C[C@@H](NC(=O)C[C@@H]1C[C@@H]2[C@@H](Oc3ccc(NS(=O)(=O)c4ccc(F)cc4)cc23)[C@@H](CO)O1)c5ccccc5
TP53,Cosine Search,0.79,S1C=2C(N=C1NC(=O)CSC=3N(N)C(=O)C=NN3)=CC=C(C2)C,Nn1c(=O)c(Cc2ccco2)n[nH]c1=S
TP53,Cosine Search,0.69,O(C1=C(OC)C=CC(C(=O)NC2CC(NC(C2)(C)C)(C)C)=C1)C,CC=C1/[C@H]2Cc3[nH]c(=O)ccc3[C@]1(N)CC(C)=C2
TP53,Cosine Search,0.82,S(=O)(=O)(N(CC1=CC=CC=C1)CCO)C2=C(C=C3NC(=O)COC3=C2)C,COc1ccccc1S(=O)(=O)N[C@@H]1CC[C@H](CCNC(=O)C2CCOCC2)O[C@H]1CO
TP53,Cosine Search,0.79,S1C=2C(N=C1NC(=O)CSC=3N(N)C(=O)C=NN3)=CC=C(C2)C,Nn1c(=O)c(Cc2ccco2)n[nH]c1=S
TP53,Cosine Search,0.79,S1C=2C(N=C1NC(=O)CSC=3N(N)C(=O)C=NN3)=CC=C(C2)C,Nn1c(=O)c(Cc2ccco2)n[nH]c1=S
TP53,Cosine Search,0.81,ClC1=CC(N2N=C(C=3C(C2=O)=CC=CC3)C(=O)NCC(=O)N4CCC(CC4)C)=CC=C1OC,CN1CCN(CC1)c1c(F)cc2c3c1OCN(C)n3cc(C(O)=O)c2=O
TP53,Cosine Search,0.79,S1C=2C(N=C1NC(=O)CSC=3N(N)C(=O)C=NN3)=CC=C(C2)C,Nn1c(=O)c(Cc2ccco2)n[nH]c1=S
TP53,Cosine Search,0.69,O(C1=C(OC)C=CC(C(=O)NC2CC(NC(C2)(C)C)(C)C)=C1)C,CC=C1/[C@H]2Cc3[nH]c(=O)ccc3[C@]1(N)CC(C)=C2
TP53,Cosine Search,0.79,S1C=2C(N=C1NC(=O)CSC=3N(N)C(=O)C=NN3)=CC=C(C2)C,Nn1c(=O)c(Cc2ccco2)n[nH]c1=S
TP53,Cosine Search,0.79,S1C=2C(N=C1NC(=O)CSC=3N(N)C(=O)C=NN3)=CC=C(C2)C,Nn1c(=O)c(Cc2ccco2)n[nH]c1=S
TP53,Cosine Search,0.84,O=C1N(C(=O)C=2C(N1CC(=O)NC3=CC(OC)=CC=C3)=CC=CC2)C4=CC=C(C=C4)CC(=O)NCC5OCCC5,CN1[C@@H]2CC[C@@H](CC(=O)NCC3CC3)O[C@H]2COc2ccc(NC(=O)NC3CCCC3)cc2C1=O
TP53,Cosine Search,0.79,S1C=2C(N=C1NC(=O)CSC=3N(N)C(=O)C=NN3)=CC=C(C2)C,Nn1c(=O)c(Cc2ccco2)n[nH]c1=S
TP53,Cosine Search,0.87,S(=O)(=O)(N1CCC(CC1)C)C=2C3=C(SC2C)N=CN(C3=O)CC(=O)N(C4=C(OCC)C=CC=C4)C,COc1ccc(cc1)S(=O)(=O)N(C)C[C@H]2OCCCC[C@H](C)Oc3ccc(NS(=O)(=O)c4cn(C)cn4)cc3C(=O)N(C[C@@H]2C)[C@@H](C)CO
TP53,Cosine Search,0.79,S1C=2C(N=C1NC(=O)CSC=3N(N)C(=O)C=NN3)=CC=C(C2)C,Nn1c(=O)c(Cc2ccco2)n[nH]c1=S
TP53,Cosine Search,0.79,S1C=2C(N=C1NC(=O)CSC=3N(N)C(=O)C=NN3)=CC=C(C2)C,Nn1c(=O)c(Cc2ccco2)n[nH]c1=S
TP53,Cosine Search,0.79,S1C=2C(N=C1NC(=O)CSC=3N(N)C(=O)C=NN3)=CC=C(C2)C,Nn1c(=O)c(Cc2ccco2)n[nH]c1=S
TP53,Cosine Search,0.79,S1C=2C(N=C1NC(=O)CSC=3N(N)C(=O)C=NN3)=CC=C(C2)C,Nn1c(=O)c(Cc2ccco2)n[nH]c1=S
TP53,Cosine Search,0.79,C=1N=C(C=CC1)C=2N=C(NN2)C3=CC=CC=N3,c1[nH]nc(c1-c1ccnc2ccccc12)-c1ccccn1
TP53,Cosine Search,0.75,S1C(C(=O)NC2=CC=C(C=C2)CC(O)=O)=CC=C1,CC(=O)Nc1ccc(CC(O)=O)cc1
TP53,Cosine Search,0.79,S1C=2C(N=C1NC(=O)CSC=3N(N)C(=O)C=NN3)=CC=C(C2)C,Nn1c(=O)c(Cc2ccco2)n[nH]c1=S
TP53,Cosine Search,0.79,S1C=2C(N=C1NC(=O)CSC=3N(N)C(=O)C=NN3)=CC=C(C2)C,Nn1c(=O)c(Cc2ccco2)n[nH]c1=S
TP53,Cosine Search,0.79,S1C=2C(N=C1NC(=O)CSC=3N(N)C(=O)C=NN3)=CC=C(C2)C,Nn1c(=O)c(Cc2ccco2)n[nH]c1=S
TP53,Cosine Search,0.79,S1C=2C(N=C1NC(=O)CSC=3N(N)C(=O)C=NN3)=CC=C(C2)C,Nn1c(=O)c(Cc2ccco2)n[nH]c1=S
TP53,Cosine Search,0.76,O1C2=C(C=C(C1=O)C(OCC(=O)N3CC(OC(C3)C)C)=O)C=CC=C2OC,C[C@H](CO)N1C[C@@H](C)[C@@H](CN(C)C)OCc2ccccc2-c3ccccc3C1=O
TP53,Cosine Search,0.79,S1C=2C(N=C1NC(=O)CSC=3N(N)C(=O)C=NN3)=CC=C(C2)C,Nn1c(=O)c(Cc2ccco2)n[nH]c1=S
TP53,Cosine Search,0.79,S1C=2C(N=C1NC(=O)CSC=3N(N)C(=O)C=NN3)=CC=C(C2)C,Nn1c(=O)c(Cc2ccco2)n[nH]c1=S
TP53,Cosine Search,0.7,O=C(NC1=NC2=C(N1)C=CC=C2)CCCCC,CNC(=O)CCc1cc2ccccc2[nH]1
TP53,Cosine Search,0.86,O=C(NC=1N=C2C(=CC1)C=CC=C2)C=3C=CC(=CC3)C,Cc1ccc(cc1)C(=O)/N=c2/cccc[nH]2
TP53,Cosine Search,0.86,O=C(NC=1N=C2C(=CC1)C=CC=C2)C=3C=CC(=CC3)C,Cc1ccc(cc1)C(=O)/N=c2/cccc[nH]2
TP53,Cosine Search,0.71,N1(C=2C(C(=C1)CN3CC=4C(CC3)=CC=CC4)=CC=CC2)C,CN1CCC[C@H]1c1cccnc1
TP53,Cosine Search,0.79,S1C=2C(N=C1NC(=O)CSC=3N(N)C(=O)C=NN3)=CC=C(C2)C,Nn1c(=O)c(Cc2ccco2)n[nH]c1=S
TP53,Cosine Search,0.79,S1C=2C(N=C1NC(=O)CSC=3N(N)C(=O)C=NN3)=CC=C(C2)C,Nn1c(=O)c(Cc2ccco2)n[nH]c1=S
TP53,Cosine Search,0.7,O=C(NC1=NC2=C(N1)C=CC=C2)CCCCC,CNC(=O)CCc1cc2ccccc2[nH]1
TP53,Cosine Search,0.79,S1C=2C(N=C1NC(=O)CSC=3N(N)C(=O)C=NN3)=CC=C(C2)C,Nn1c(=O)c(Cc2ccco2)n[nH]c1=S
TP53,Cosine Search,0.85,ClC1=C(S(=O)(=O)NCC2=CC=C(OC)C=C2)C=C3OCCN(C3=C1)C(=O)C,C[C@@H](CO)N1C[C@@H](C)[C@H](CN(C)C(=O)CCC(F)(F)F)OCCCC[C@H](C)Oc2ccc(NS(=O)(=O)c3ccc(Cl)cc3)cc2C1=O
TP53,Cosine Search,0.7,O=C(NC1=NC2=C(N1)C=CC=C2)CCCCC,CNC(=O)CCc1cc2ccccc2[nH]1
TP53,Cosine Search,0.69,O(C1=C(OC)C=CC(C(=O)NC2CC(NC(C2)(C)C)(C)C)=C1)C,CC=C1/[C@H]2Cc3[nH]c(=O)ccc3[C@]1(N)CC(C)=C2
TP53,Cosine Search,0.79,S1C=2C(N=C1NC(=O)CSC=3N(N)C(=O)C=NN3)=CC=C(C2)C,Nn1c(=O)c(Cc2ccco2)n[nH]c1=S
TP53,Cosine Search,0.82,ClC1=C(S(=O)(=O)N2CCOCC2)C=C(C=C1)C(=O)NCCC3=CC=C(F)C=C3,OC[C@@H]1O[C@H](CC(=O)NCCCN2CCOCC2)C=C[C@@H]1NS(=O)(=O)c1ccccc1F
TP53,Cosine Search,0.82,S(=O)(=O)(N1CCC(CC1)C)C2=CC=3OC(=O)N(C3C=C2)CC(=O)NCC4=C(OC)C=CC=C4,C[C@H](CO)N1C[C@H](C)[C@H](CN(C)S(=O)(=O)c2ccccc2F)OCc3ccccc3-c4c(C1=O)n(C)c5ccccc45
TP53,Cosine Search,0.83,O1C=2C(OC1)=CC=C(NC(=O)C=3C=CC(=CC3)CN4CCOCC4)C2,OC[C@H]1O[C@H](CC(=O)N2CCCCC2)C=C[C@@H]1NC(=O)c1ccc2OCOc2c1
TP53,Cosine Search,0.79,S1C=2C(N=C1NC(=O)CSC=3N(N)C(=O)C=NN3)=CC=C(C2)C,Nn1c(=O)c(Cc2ccco2)n[nH]c1=S
TP53,Euclidean Search,0.79,S1C=2C(N=C1NC(=O)CSC=3N(N)C(=O)C=NN3)=CC=C(C2)C,Nn1c(=O)c(Cc2ccco2)n[nH]c1=S
TP53,Euclidean Search,0.79,S1C=2C(N=C1NC(=O)CSC=3N(N)C(=O)C=NN3)=CC=C(C2)C,Nn1c(=O)c(Cc2ccco2)n[nH]c1=S
TP53,Euclidean Search,0.46,O(C(COC(=O)C)COC(=O)C)C(=O)C,OC(=O)C(=O)CF
TP53,Euclidean Search,0.79,C=1N=C(C=CC1)C=2N=C(NN2)C3=CC=CC=N3,c1[nH]nc(c1-c1ccnc2ccccc12)-c1ccccn1
TP53,Euclidean Search,0.79,S1C=2C(N=C1NC(=O)CSC=3N(N)C(=O)C=NN3)=CC=C(C2)C,Nn1c(=O)c(Cc2ccco2)n[nH]c1=S
TP53,Euclidean Search,0.7,O=C(NC1=NC2=C(N1)C=CC=C2)CCCCC,CNC(=O)CCc1cc2ccccc2[nH]1
TP53,Euclidean Search,0.79,S1C=2C(N=C1NC(=O)CSC=3N(N)C(=O)C=NN3)=CC=C(C2)C,Nn1c(=O)c(Cc2ccco2)n[nH]c1=S
TP53,Euclidean Search,0.84,O(C=1C(=C(C(O)=CC1)C(OC)=O)C(OC)=O)C2=CC=CC=C2,CC(=O)Oc1ccccc1C(O)=O
TP53,Euclidean Search,0.79,C=1N=C(C=CC1)C=2N=C(NN2)C3=CC=CC=N3,c1[nH]nc(c1-c1ccnc2ccccc12)-c1ccccn1
TP53,Euclidean Search,0.79,S1C=2C(N=C1NC(=O)CSC=3N(N)C(=O)C=NN3)=CC=C(C2)C,Nn1c(=O)c(Cc2ccco2)n[nH]c1=S
TP53,Euclidean Search,0.79,C=1N=C(C=CC1)C=2N=C(NN2)C3=CC=CC=N3,c1[nH]nc(c1-c1ccnc2ccccc12)-c1ccccn1
TP53,Euclidean Search,0.79,S1C=2C(N=C1NC(=O)CSC=3N(N)C(=O)C=NN3)=CC=C(C2)C,Nn1c(=O)c(Cc2ccco2)n[nH]c1=S
TP53,Euclidean Search,0.74,S=C1N(C(=O)/C(/C(=O)N1)=C/C=2SC(=CC2)C)C=3C(F)=CC=CC3,CNC(=O)c1ccc(cc1F)N1C(=S)N(C(=O)C1(C)C)c1ccc(C#N)c(c1)C(F)(F)F
TP53,Euclidean Search,0.86,O=C(NC=1N=C2C(=CC1)C=CC=C2)C=3C=CC(=CC3)C,Cc1ccc(cc1)C(=O)/N=c2/cccc[nH]2
TP53,Euclidean Search,0.79,S1C=2C(N=C1NC(=O)CSC=3N(N)C(=O)C=NN3)=CC=C(C2)C,Nn1c(=O)c(Cc2ccco2)n[nH]c1=S
TP53,Euclidean Search,0.7,O=C(NC1=NC2=C(N1)C=CC=C2)CCCCC,CNC(=O)CCc1cc2ccccc2[nH]1
TP53,Euclidean Search,0.89,BrC1=CC=C(C(=O)NC2=CC(NC(=O)C3=CC=CC=C3)=CC=C2)C=C1,CC(=O)Nc1cccc(NC(=O)c2cccc(Cl)c2)c1
TP53,Euclidean Search,0.7,O=C(NC1=NC2=C(N1)C=CC=C2)CCCCC,CNC(=O)CCc1cc2ccccc2[nH]1
TP53,Euclidean Search,0.77,OC=1C=C(C2=CC=C(OC)C=C2)C=C(O)C1,Oc1ccc(cc1)C=Cc1cc(O)cc(O)c1
TP53,Euclidean Search,0.79,S1C=2C(N=C1NC(=O)CSC=3N(N)C(=O)C=NN3)=CC=C(C2)C,Nn1c(=O)c(Cc2ccco2)n[nH]c1=S
TP53,Euclidean Search,0.7,O=C(NC1=NC2=C(N1)C=CC=C2)CCCCC,CNC(=O)CCc1cc2ccccc2[nH]1
TP53,Euclidean Search,0.79,S1C=2C(N=C1NC(=O)CSC=3N(N)C(=O)C=NN3)=CC=C(C2)C,Nn1c(=O)c(Cc2ccco2)n[nH]c1=S
TP53,Euclidean Search,0.79,S1C=2C(N=C1NC(=O)CSC=3N(N)C(=O)C=NN3)=CC=C(C2)C,Nn1c(=O)c(Cc2ccco2)n[nH]c1=S
TP53,Euclidean Search,0.79,C=1N=C(C=CC1)C=2N=C(NN2)C3=CC=CC=N3,c1[nH]nc(c1-c1ccnc2ccccc12)-c1ccccn1
TP53,Euclidean Search,0.7,O=C(NC1=NC2=C(N1)C=CC=C2)CCCCC,CNC(=O)CCc1cc2ccccc2[nH]1
TP53,Euclidean Search,0.69,FC1=CC=C(C(=O)C=2C=CC(N3CCN(CC3)C)=CC2)C=C1,C[C@@H]1CN(CC[C@]1(C(O)=O)c1ccccc1)[C@H]1CC[C@](CC1)(C#N)c1ccc(F)cc1
TP53,Euclidean Search,0.79,S1C=2C(N=C1NC(=O)CSC=3N(N)C(=O)C=NN3)=CC=C(C2)C,Nn1c(=O)c(Cc2ccco2)n[nH]c1=S
TP53,Euclidean Search,0.67,O1[C@@]2(O[C@](CC2)(C3OC([C@@](O)(CC3)CC)C)C)C(O)C=CC14OC(C(CC4C)C)C(C(=O)C(C(O)C(C5OC(C(C(=O)O)CC)CCC5C)C)C)CC,CCCCC[C@H](O)/C=C/[C@H]1C=CC(=O)[C@@H]1CCCCCCC(=O)O
TP53,Euclidean Search,0.7,O=C(NC1=NC2=C(N1)C=CC=C2)CCCCC,CNC(=O)CCc1cc2ccccc2[nH]1
TP53,Euclidean Search,0.79,C=1N=C(C=CC1)C=2N=C(NN2)C3=CC=CC=N3,c1[nH]nc(c1-c1ccnc2ccccc12)-c1ccccn1
TP53,Euclidean Search,0.79,S1C=2C(N=C1NC(=O)CSC=3N(N)C(=O)C=NN3)=CC=C(C2)C,Nn1c(=O)c(Cc2ccco2)n[nH]c1=S
TP53,Euclidean Search,0.79,S1C=2C(N=C1NC(=O)CSC=3N(N)C(=O)C=NN3)=CC=C(C2)C,Nn1c(=O)c(Cc2ccco2)n[nH]c1=S
TP53,Euclidean Search,0.71,[C@]12([C@@](C(O)C=O)(CC[C@H]1[C@@H]3CC=C4[C@@]([C@H]3C(C2)=O)(C=CC(C4)=O)C)O)C,C[C@H]1C[C@H]2[C@@H]3C[C@H](F)C4=CC(=O)C=C[C@]4(C)[C@@]3(F)[C@@H](O)C[C@]2(C)[C@@]1(OC(=O)C)C(=O)COC(=O)C
TP53,Euclidean Search,0.65,O(C=1C=CC(NC(OCC2=CC=CC=C2)=O)=CC1)CC(=O)N,NC(=O)OCC(COC(N)=O)c1ccccc1
TP53,Euclidean Search,0.79,S1C=2C(N=C1NC(=O)CSC=3N(N)C(=O)C=NN3)=CC=C(C2)C,Nn1c(=O)c(Cc2ccco2)n[nH]c1=S
TP53,Euclidean Search,0.79,S1C=2C(N=C1NC(=O)CSC=3N(N)C(=O)C=NN3)=CC=C(C2)C,Nn1c(=O)c(Cc2ccco2)n[nH]c1=S
TP53,Euclidean Search,0.79,S1C=2C(N=C1NC(=O)CSC=3N(N)C(=O)C=NN3)=CC=C(C2)C,Nn1c(=O)c(Cc2ccco2)n[nH]c1=S
TP53,Euclidean Search,0.79,C=1N=C(C=CC1)C=2N=C(NN2)C3=CC=CC=N3,c1[nH]nc(c1-c1ccnc2ccccc12)-c1ccccn1
TP53,Euclidean Search,0.79,S1C=2C(N=C1NC(=O)CSC=3N(N)C(=O)C=NN3)=CC=C(C2)C,Nn1c(=O)c(Cc2ccco2)n[nH]c1=S
TP53,Euclidean Search,0.69,[C@]12([C@](C[C@@H](O[C@H]3[C@@H]([C@@H]([C@H](O)[C@@H](O3)C)O)O)C[C@H]1O)(CC[C@H]4[C@H]2[C@H](C[C@@]5([C@H]([C@H]6CC(=O)OC6)CC[C@]54O)C)O)O)CO,CCCCCCCCCCCCCCCC(=O)OC[C@H](O)[C@@H]1OC(=O)C(=O)C1O
TP53,Euclidean Search,0.79,S1C=2C(N=C1NC(=O)CSC=3N(N)C(=O)C=NN3)=CC=C(C2)C,Nn1c(=O)c(Cc2ccco2)n[nH]c1=S
TP53,Euclidean Search,0.71,ClC1=C(C2=C(OC=3C(C2=O)=CC=C(O)C3CN4CC(CCC4)C)C(F)(F)F)C=CC=C1,OC1(CCN(CCCC(=O)c2ccc(F)cc2)CC1)c1ccc(Cl)cc1
TP53,Euclidean Search,0.79,S1C=2C(N=C1NC(=O)CSC=3N(N)C(=O)C=NN3)=CC=C(C2)C,Nn1c(=O)c(Cc2ccco2)n[nH]c1=S
TP53,Euclidean Search,0.8,O1C(=C(N)C=2C1=CC=C(OC)C2)C(=O)C=3C=CC(OC)=CC3,COc1cccc(-c2cc(=O)c3ccccc3o2)c1N
TP53,Euclidean Search,0.79,S1C=2C(N=C1NC(=O)CSC=3N(N)C(=O)C=NN3)=CC=C(C2)C,Nn1c(=O)c(Cc2ccco2)n[nH]c1=S
TP53,Euclidean Search,0.79,S1C=2C(N=C1NC(=O)CSC=3N(N)C(=O)C=NN3)=CC=C(C2)C,Nn1c(=O)c(Cc2ccco2)n[nH]c1=S
TP53,Euclidean Search,0.79,S1C=2C(N=C1NC(=O)CSC=3N(N)C(=O)C=NN3)=CC=C(C2)C,Nn1c(=O)c(Cc2ccco2)n[nH]c1=S
TP53,Euclidean Search,0.79,S1C=2C(N=C1NC(=O)CSC=3N(N)C(=O)C=NN3)=CC=C(C2)C,Nn1c(=O)c(Cc2ccco2)n[nH]c1=S
TP53,Euclidean Search,0.79,S1C=2C(N=C1NC(=O)CSC=3N(N)C(=O)C=NN3)=CC=C(C2)C,Nn1c(=O)c(Cc2ccco2)n[nH]c1=S
TP53,Euclidean Search,0.84,S(=O)(=O)(N)C1=C(NC(=O)C2=C(O)C3=C(N=C2O)C=CC=C3)C=CC=C1,OC(=O)c1cc(ccc1O)N=Nc1ccc(cc1)S(=O)(=O)Nc1ccccn1
TP53,Euclidean Search,0.52,N(C1=CC2=C(NCCC2)C=C1)(CC)CC,CNCCCC12CCC(c3ccccc13)c1ccccc21
TP53,Euclidean Search,0.79,S1C=2C(N=C1NC(=O)CSC=3N(N)C(=O)C=NN3)=CC=C(C2)C,Nn1c(=O)c(Cc2ccco2)n[nH]c1=S
TP53,Euclidean Search,0.79,S1C=2C(N=C1NC(=O)CSC=3N(N)C(=O)C=NN3)=CC=C(C2)C,Nn1c(=O)c(Cc2ccco2)n[nH]c1=S
TP53,Euclidean Search,0.79,S1C=2C(N=C1NC(=O)CSC=3N(N)C(=O)C=NN3)=CC=C(C2)C,Nn1c(=O)c(Cc2ccco2)n[nH]c1=S
TP53,Euclidean Search,0.7,O=C(NC1=NC2=C(N1)C=CC=C2)CCCCC,CNC(=O)CCc1cc2ccccc2[nH]1
TP53,Euclidean Search,0.79,S1C=2C(N=C1NC(=O)CSC=3N(N)C(=O)C=NN3)=CC=C(C2)C,Nn1c(=O)c(Cc2ccco2)n[nH]c1=S
TP53,Euclidean Search,0.7,O=C(NC1=NC2=C(N1)C=CC=C2)CCCCC,CNC(=O)CCc1cc2ccccc2[nH]1
TP53,Euclidean Search,0.79,N=1C2=C(C(NC=3C=C(C(=CC3)C)C)=C4C1C=CC(=C4)C)CCC2,Nc1c2CCCCc2nc2ccccc12
TP53,Euclidean Search,0.79,S1C=2C(N=C1NC(=O)CSC=3N(N)C(=O)C=NN3)=CC=C(C2)C,Nn1c(=O)c(Cc2ccco2)n[nH]c1=S
TP53,Euclidean Search,0.79,S1C=2C(N=C1NC(=O)CSC=3N(N)C(=O)C=NN3)=CC=C(C2)C,Nn1c(=O)c(Cc2ccco2)n[nH]c1=S
TP53,Euclidean Search,0.78,O1C2=C(C=C(C1=O)C(OCC(=O)NC3C(C(CCC3)C)C)=O)C=CC=C2OC,COc1c(O[C@@H]2O[C@H](CO)[C@@H](O)[C@H](O)[C@H]2O)cc2CC[C@H](NC(C)=O)c3cc(=O)c(SC)ccc3-c2c1OC
TP53,Euclidean Search,0.79,S1C=2C(N=C1NC(=O)CSC=3N(N)C(=O)C=NN3)=CC=C(C2)C,Nn1c(=O)c(Cc2ccco2)n[nH]c1=S
TP53,Euclidean Search,0.79,S1C=2C(N=C1NC(=O)CSC=3N(N)C(=O)C=NN3)=CC=C(C2)C,Nn1c(=O)c(Cc2ccco2)n[nH]c1=S
TP53,Euclidean Search,0.81,ClC1=CC(N2N=C(C=3C(C2=O)=CC=CC3)C(=O)NCC(=O)N4CCC(CC4)C)=CC=C1OC,CN1CCN(CC1)c1c(F)cc2c3c1OCN(C)n3cc(C(O)=O)c2=O
TP53,Euclidean Search,0.79,S1C=2C(N=C1NC(=O)CSC=3N(N)C(=O)C=NN3)=CC=C(C2)C,Nn1c(=O)c(Cc2ccco2)n[nH]c1=S
TP53,Euclidean Search,0.79,S1C=2C(N=C1NC(=O)CSC=3N(N)C(=O)C=NN3)=CC=C(C2)C,Nn1c(=O)c(Cc2ccco2)n[nH]c1=S
TP53,Euclidean Search,0.79,S1C=2C(N=C1NC(=O)CSC=3N(N)C(=O)C=NN3)=CC=C(C2)C,Nn1c(=O)c(Cc2ccco2)n[nH]c1=S
TP53,Euclidean Search,0.79,S1C=2C(N=C1NC(=O)CSC=3N(N)C(=O)C=NN3)=CC=C(C2)C,Nn1c(=O)c(Cc2ccco2)n[nH]c1=S
TP53,Euclidean Search,0.62,O(C1=CC=C(OC)C=C1)CCC(OCC(=O)NCC2=CC=CC=C2)=O,CCOC(=O)c1ccc(OC(=O)CCCCCNC(N)=N)cc1
TP53,Euclidean Search,0.79,S1C=2C(N=C1NC(=O)CSC=3N(N)C(=O)C=NN3)=CC=C(C2)C,Nn1c(=O)c(Cc2ccco2)n[nH]c1=S
TP53,Euclidean Search,0.77,OC=1C=C(C2=CC=C(OC)C=C2)C=C(O)C1,Oc1ccc(cc1)C=Cc1cc(O)cc(O)c1
TP53,Euclidean Search,0.79,S1C=2C(N=C1NC(=O)CSC=3N(N)C(=O)C=NN3)=CC=C(C2)C,Nn1c(=O)c(Cc2ccco2)n[nH]c1=S
TP53,Euclidean Search,0.79,S1C=2C(N=C1NC(=O)CSC=3N(N)C(=O)C=NN3)=CC=C(C2)C,Nn1c(=O)c(Cc2ccco2)n[nH]c1=S
TP53,Euclidean Search,0.79,S1C=2C(N=C1NC(=O)CSC=3N(N)C(=O)C=NN3)=CC=C(C2)C,Nn1c(=O)c(Cc2ccco2)n[nH]c1=S
TP53,Euclidean Search,0.79,S1C=2C(N=C1NC(=O)CSC=3N(N)C(=O)C=NN3)=CC=C(C2)C,Nn1c(=O)c(Cc2ccco2)n[nH]c1=S
TP53,Euclidean Search,0.79,C=1N=C(C=CC1)C=2N=C(NN2)C3=CC=CC=N3,c1[nH]nc(c1-c1ccnc2ccccc12)-c1ccccn1
TP53,Euclidean Search,0.75,S1C(C(=O)NC2=CC=C(C=C2)CC(O)=O)=CC=C1,CC(=O)Nc1ccc(CC(O)=O)cc1
TP53,Euclidean Search,0.79,S1C=2C(N=C1NC(=O)CSC=3N(N)C(=O)C=NN3)=CC=C(C2)C,Nn1c(=O)c(Cc2ccco2)n[nH]c1=S
TP53,Euclidean Search,0.79,S1C=2C(N=C1NC(=O)CSC=3N(N)C(=O)C=NN3)=CC=C(C2)C,Nn1c(=O)c(Cc2ccco2)n[nH]c1=S
TP53,Euclidean Search,0.79,S1C=2C(N=C1NC(=O)CSC=3N(N)C(=O)C=NN3)=CC=C(C2)C,Nn1c(=O)c(Cc2ccco2)n[nH]c1=S
TP53,Euclidean Search,0.79,S1C=2C(N=C1NC(=O)CSC=3N(N)C(=O)C=NN3)=CC=C(C2)C,Nn1c(=O)c(Cc2ccco2)n[nH]c1=S
TP53,Euclidean Search,0.64,O(CC(=O)N(C(C)(C)C)CC1=CC=CC=C1)C(=O)CCC=2C=3C(NC2)=CC=CC3,CC(C)N(CCC(C(N)=O)(c1ccccc1)c1ccccn1)C(C)C
TP53,Euclidean Search,0.79,S1C=2C(N=C1NC(=O)CSC=3N(N)C(=O)C=NN3)=CC=C(C2)C,Nn1c(=O)c(Cc2ccco2)n[nH]c1=S
TP53,Euclidean Search,0.79,S1C=2C(N=C1NC(=O)CSC=3N(N)C(=O)C=NN3)=CC=C(C2)C,Nn1c(=O)c(Cc2ccco2)n[nH]c1=S
TP53,Euclidean Search,0.7,O=C(NC1=NC2=C(N1)C=CC=C2)CCCCC,CNC(=O)CCc1cc2ccccc2[nH]1
TP53,Euclidean Search,0.86,O=C(NC=1N=C2C(=CC1)C=CC=C2)C=3C=CC(=CC3)C,Cc1ccc(cc1)C(=O)/N=c2/cccc[nH]2
TP53,Euclidean Search,0.86,O=C(NC=1N=C2C(=CC1)C=CC=C2)C=3C=CC(=CC3)C,Cc1ccc(cc1)C(=O)/N=c2/cccc[nH]2
TP53,Euclidean Search,0.78,O1C2=C(C=C(C1=O)C(OCC(=O)NC3C(C(CCC3)C)C)=O)C=CC=C2OC,COc1c(O[C@@H]2O[C@H](CO)[C@@H](O)[C@H](O)[C@H]2O)cc2CC[C@H](NC(C)=O)c3cc(=O)c(SC)ccc3-c2c1OC
TP53,Euclidean Search,0.79,S1C=2C(N=C1NC(=O)CSC=3N(N)C(=O)C=NN3)=CC=C(C2)C,Nn1c(=O)c(Cc2ccco2)n[nH]c1=S
TP53,Euclidean Search,0.79,S1C=2C(N=C1NC(=O)CSC=3N(N)C(=O)C=NN3)=CC=C(C2)C,Nn1c(=O)c(Cc2ccco2)n[nH]c1=S
TP53,Euclidean Search,0.7,O=C(NC1=NC2=C(N1)C=CC=C2)CCCCC,CNC(=O)CCc1cc2ccccc2[nH]1
TP53,Euclidean Search,0.79,S1C=2C(N=C1NC(=O)CSC=3N(N)C(=O)C=NN3)=CC=C(C2)C,Nn1c(=O)c(Cc2ccco2)n[nH]c1=S
TP53,Euclidean Search,0.77,OC=1C=C(C2=CC=C(OC)C=C2)C=C(O)C1,Oc1ccc(cc1)C=Cc1cc(O)cc(O)c1
TP53,Euclidean Search,0.7,O=C(NC1=NC2=C(N1)C=CC=C2)CCCCC,CNC(=O)CCc1cc2ccccc2[nH]1
TP53,Euclidean Search,0.79,S1C=2C(N=C1NC(=O)CSC=3N(N)C(=O)C=NN3)=CC=C(C2)C,Nn1c(=O)c(Cc2ccco2)n[nH]c1=S
TP53,Euclidean Search,0.79,S1C=2C(N=C1NC(=O)CSC=3N(N)C(=O)C=NN3)=CC=C(C2)C,Nn1c(=O)c(Cc2ccco2)n[nH]c1=S
TP53,Euclidean Search,0.79,S1C=2C(N=C1NC(=O)CSC=3N(N)C(=O)C=NN3)=CC=C(C2)C,Nn1c(=O)c(Cc2ccco2)n[nH]c1=S
TP53,Euclidean Search,0.71,O(C1[C@@]2(C(C3C(C=4C(CC3)=CC(O)=CC4)CC2)CC1)C)C(=O)CC,Cc1ccc(C)c(OCCCC(C)(C)C(O)=O)c1
TP53,Euclidean Search,0.71,O(C1[C@@]2(C(C3C(C=4C(CC3)=CC(O)=CC4)CC2)CC1)C)C(=O)CC,Cc1ccc(C)c(OCCCC(C)(C)C(O)=O)c1
TP53,Euclidean Search,0.79,S1C=2C(N=C1NC(=O)CSC=3N(N)C(=O)C=NN3)=CC=C(C2)C,Nn1c(=O)c(Cc2ccco2)n[nH]c1=S
TP53,Pre-trained hierVAE Generate,0.34,ClC1=C(S(=O)(=O)N2CCCC2)C=C(C(OCC(=O)C3=C(N(C(=C3)C)CCC)C)=O)C=C1,COC(CN(C)Cc1ccc(F)cc1)C(C)CN(C(C)CO)S(=O)(=O)c1ccc(Cl)cc1
TP53,Pre-trained hierVAE Generate,0.32,OC1=NC=2C(C=C1CN(CC=3N(N=NN3)CCOC)CCCN4CCOCC4)=C(C=CC2C)C,COc1ccc(CN(C)CC2OCc3cn(nn3)CCCC(=O)N(C(C)CO)CC2C)cc1
TP53,Pre-trained hierVAE Generate,0.3,O=C(NC1=CC(NC(=O)C2=C(C=CC=C2)C)=CC=C1)C3=CC=C(C(C)(C)C)C=C3,CC(C)(C)NC(=O)c1ccccc1NC(=O)c1ccc(C(C)(C)C)cc1
TP53,Pre-trained hierVAE Generate,0.51,S(=O)(=O)(N1CCC(CC1)C)C=2C=C3N(C(=O)COC3=CC2)CC(=O)NCCN(C)C,CC1Cc2ccccc2COC(CN(C)C(=O)NC(C)(C)C)c2cc(NS(C)(=O)=O)ccc2N(C(C)CO)CC(C)C(=O)O1
TP53,Pre-trained hierVAE Generate,0.38,ClC=1C=C(NC(=O)C=2C3=C(OC2C)C=CC(O)=C3CN4CC(CCC4)C)C=CC1OC,CCCCCC(=O)Nc1ccc2c(c1)C(=O)N(C)CC(OC)C(C)CN(C(=O)c1cccc(Cl)c1)C(C)CO2
TP53,Pre-trained hierVAE Generate,0.7,ClC1=C(S(=O)(=O)NCC2=CC=C(OC)C=C2)C=C3OCCN(C3=C1)C(=O)C,CC1CCCCOC(CN(C)Cc2ccc(C(F)(F)F)cc2)C(C)CN(C(C)CO)C(=O)c2cc(NS(=O)(=O)c3ccc(Cl)cc3)ccc2O1
TP53,Pre-trained hierVAE Generate,0.65,OC1=NC=2C(C=C1CN(CC=3N(N=NN3)CCOC)CCCN4CCOCC4)=C(C=CC2C)C,CC1CN(C(C)CO)C(=O)CCCn2cc(nn2)COC1CN(C)Cc1cccc(C(F)(F)F)c1
TP53,Pre-trained hierVAE Generate,0.7,S(=O)(=O)(NCC1=C(OCC)C=CC=C1)C2=C(C=C3NC(=O)COC3=C2)C,CCNC(=O)CC1CC2c3cc(NS(=O)(=O)c4ccc(C)cc4)ccc3OC2C(CO)O1
TP53,Pre-trained hierVAE Generate,0.59,O1C2=C(OCC1)C=C3C(N(C(=O)C(=C3)CNC=4C=CC(OC)=CC4)CC(=O)NC=5C(=CC=C(C5)C)C)=C2,COc1ccc(CNC(=O)CC2CCC3C(COc4ccc(NC(=O)Cc5ccccc5)cc4C(=O)N3C)O2)cc1
TP53,Pre-trained hierVAE Generate,0.53,O=C1N(C(=O)NC2=C1C=CC(=C2)C(=O)NCC(CCCC)CC)CCOC,CCCNC(=O)Nc1ccc2c(c1)C(=O)N(C)CC(OC)C(C)CN(C(=O)CC)C(C)CO2
TP53,Pre-trained hierVAE Generate,0.66,O=C(NC=1C=C(C=C(C1)C)C)C(=O)NCCCN2CCOCC2,Cc1ccc(NC(=O)CCC(=O)NC(C(=O)NCCCN2CCOCC2)C(C)(C)C)cc1
TP53,Pre-trained hierVAE Generate,0.36,O1C=2C(OC1)=CC=C(C(N3CCOCC3)CNC(=O)C(=O)NC=4C=C(OC)C=CC4)C2,COc1ccc(CNC(=O)CC2CC3c4cc(NC(=O)CN5CCOCC5)ccc4OC3C(CO)O2)cc1
TP53,Pre-trained hierVAE Generate,0.49,FC=1C(CNC(=O)[C@@H]([C@@H]2[C@](C2)([C@H](NC(OCC3=CC=CC=C3)=O)C4=CC=CC=C4)C)C)=CC=C(C1F)C,CCCCCC(C)(C)C(=O)Nc1ccc(C(=O)Nc2cc(C(F)(F)F)ccc2C(F)(F)F)cc1
TP53,Pre-trained hierVAE Generate,0.69,O=C1N(C(=O)NC2=C1C=CC(=C2)C(=O)NCC(CCCC)CC)CCOC,CC(C)NC(=O)Nc1ccc2c(c1)C(=O)N(C(C)CO)CC(C)C(CN(C)CC1CC1)OCCCCC(C)O2
TP53,Pre-trained hierVAE Generate,0.51,S(=O)(=O)(N1CCC(CC1)C)C=2C3=C(SC2C)N=CN(C3=O)CC(=O)N(C4=C(OCC)C=CC=C4)C,CC(C)NC(=O)Nc1ccc2c(c1)C(=O)N(C(C)CO)CC(C)C(CN(C)S(=O)(=O)c1cn(C)cn1)OCCCCC(C)O2
TP53,Pre-trained hierVAE Generate,0.68,O=C1N(C(=O)NC2=C1C=CC(=C2)C(=O)NCC(CCCC)CC)CCOC,CCCNC(=O)N1CC(C)C(OC)CN(C)C(=O)c2cc(NC(=O)Cc3ccccc3)ccc2OCC1C
TP53,Pre-trained hierVAE Generate,0.32,S(=O)(=O)(N(C1CCCCC1)C)C=2C=C3C(N(C=C(C3=O)C(=O)NCCOC)C)=CC2,CC1CN(C(C)CO)S(=O)(=O)c2ccc(NC(=O)CCCC(C)(C)C)cc2OC1CN(C)Cc1cccnc1
TP53,Pre-trained hierVAE Generate,0.51,O1C2=C(N(C(=O)CCC(=O)NC3=C(OCC)C=CC(OCC)=C3)CC1)C=CC=C2,CCCCCC(=O)Nc1ccc2c(c1)C(=O)N(C)CC(OC)C(C)CN(C(=O)c1ccccn1)C(C)CO2
TP53,Pre-trained hierVAE Generate,0.34,O1C2=C(N(C(=O)CCC(=O)NC3=C(OCC)C=CC(OCC)=C3)CC1)C=CC=C2,CCCCCC(=O)Nc1ccc2c(c1)C(=O)N(C)CC(OC)C(C)CN(C(=O)CC)C(C)CO2
TP53,Pre-trained hierVAE Generate,0.52,O=C1N(C(=O)NC2=C1C=CC(=C2)C(=O)NCC(CCCC)CC)CCOC,CCCNC(=O)N1CC(C)C(OC)CN(C)C(=O)c2cc(NC(=O)c3ccncc3)ccc2OCC1C
TP53,Pre-trained hierVAE Generate,0.43,ClC1=C(S(=O)(=O)N2CCCC2)C=C(C(OCC(=O)C3=C(N(C(=C3)C)CCC)C)=O)C=C1,COC(CN(C)Cc1ccc(F)cc1)C(C)CN(C(C)CO)S(=O)(=O)c1ccc(Cl)cc1
TP53,Pre-trained hierVAE Generate,0.35,ClC1=C2C(=NC3=C1CCCC3)C=C(C=C2)C(=O)NCCCN(CC)CC,CCN(CC)CCCNC(=O)c1ccc(-c2ccccc2F)cc1
TP53,Pre-trained hierVAE Generate,0.59,O=C1N(C(=O)NC2=C1C=CC(=C2)C(=O)NCCN3CCN(C4=CC=C(OC)C=C4)CC3)CCOC,CC1CCCCOC(CN(C)C(=O)NC2CCCCC2)C(C)CN(C(C)CO)C(=O)c2cc(NC(=O)CCC(F)(F)F)ccc2O1
TP53,Pre-trained hierVAE Generate,0.55,O1C2=C(N(C(=O)CCC(=O)NC3=C(OCC)C=CC(OCC)=C3)CC1)C=CC=C2,CCCCCC(=O)Nc1ccc2c(c1)OCC(C)N(C(=O)c1ccccn1)CC(C)C(OC)CN(C)C2=O
TP53,Pre-trained hierVAE Generate,0.68,OC=1N(C(=C2C1N(C3=C2C=CC=C3)C)C4=CC=C(OC)C=C4)CC(=O)NCCCOC,CC1CN(C(C)CO)C(=O)c2c(c3ccccc3n2C)-c2ccccc2COC1CN(C)C(=O)c1cccc(F)c1
TP53,Pre-trained hierVAE Generate,0.32,O1C(=C(C=2C1=CC=C(C2)C)C)C(=O)NCCC3OCCCC3,CC(C)CC(=O)Nc1ccc2c(c1)C1CC(CC(=O)NCCc3ccccc3)OC(CO)C1O2
TP53,Pre-trained hierVAE Generate,0.5,OC1=NC=2C(C=C1CN(CC=3N(N=NN3)CCOC)CCCN4CCOCC4)=C(C=CC2C)C,CC1CN(C(C)CO)C(=O)CCCn2cc(nn2)COC1CN(C)Cc1ccc(C(F)(F)F)cc1
TP53,Pre-trained hierVAE Generate,0.01,OC1=NC=2C(C=C1CN(CC=3N(N=NN3)CCOC)CCCN4CCOCC4)=C(C=CC2C)C,CC1CN(C(C)CO)C(=O)CCCn2cc(nn2)COC1CN(C)Cc1ccc(C(F)(F)F)cc1
TP53,Pre-trained hierVAE Generate,0.44,S(=O)(=O)(N(C1CCCCC1)C)C=2C=C3C(N(C=C(C3=O)C(=O)NCCOC)C)=CC2,CC1CCCCOC(CN(C)Cc2cccnc2)C(C)CN(C(C)CO)C(=O)c2cc(NS(=O)(=O)c3ccc(C(F)(F)F)cc3)ccc2O1
TP53,Pre-trained hierVAE Generate,0.53,O=C1N(C(=O)N(C=2N=C(N(C21)CCCCCC)CN3CCN(CC3)CCO)C)C,CC1CN(C(C)CO)C(=O)c2c(c3ccccc3n2C)-c2ccccc2COC1CN(C)Cc1ccc(C(F)(F)F)cc1
TP53,Pre-trained hierVAE Generate,0.71,ClC1=C(S(=O)(=O)NCC2=CC=C(OC)C=C2)C=C3OCCN(C3=C1)C(=O)C,COC1CN(C)C(=O)c2ccc(NS(=O)(=O)c3ccccc3F)cc2OCC(C)NCC1C
TP53,Pre-trained hierVAE Generate,0.61,O=C1N(C(=O)N(C=2N=C(N(C21)CCCCCC)CN3CCN(CC3)CCO)C)C,CC1CN(C(C)CO)C(=O)c2c(c3ccccc3n2C)-c2ccccc2COC1CN(C)C(=O)CCC(F)(F)F
TP53,Pre-trained hierVAE Generate,0.59,O=C1N(C(=O)NC2=C1C=CC(=C2)C(=O)NCC(CCCC)CC)CCOC,CC(C)NC(=O)Nc1ccc2c(c1)C(=O)N(C(C)CO)CC(C)C(CN(C)Cc1cccnc1)OCCCCC(C)O2
TP53,Pre-trained hierVAE Generate,0.7,O=C1N(C(=O)N(C=2N=C(N(C21)CCCCCC)CN3CCN(CC3)CCO)C)C,CC1CN(C(C)CO)C(=O)c2c(c3ccccc3n2C)-c2ccccc2COC1CN(C)C(=O)CCN1CCOCC1
TP53,Pre-trained hierVAE Generate,0.26,O=C(N)C1=C(C#CC2=CC=CC=C2)C=CC=C1,CC(C)c1ccccc1C#Cc1ccc(C#Cc2ccccc2C(=O)NC(C)(C)C)cc1
TP53,Pre-trained hierVAE Generate,0.44,S(C1=CC=C(NC2=C(C(OCC(=O)NC(C)(C)C)=O)C=CC=C2)C=C1)C(F)F,Cc1cc(NC(=O)COC(=O)c2ccc(C(C)(C)C)cc2)ccc1C(=O)O
TP53,Pre-trained hierVAE Generate,0.59,O(C=1C(OC)=CC=C(NC(=O)NC=2C=CC(OCC(=O)N3CCOCC3)=CC2)C1)C,COC1CN(C)C(=O)c2cc(NC(=O)NC(C)C)ccc2OCC(C)N(Cc2ccc(F)cc2)CC1C
TP53,Pre-trained hierVAE Generate,0.32,O1C2=C(N(C(=O)CCC(=O)NC3=C(OCC)C=CC(OCC)=C3)CC1)C=CC=C2,CCCCCC(=O)Nc1ccc2c(c1)C(=O)N(C)CC(OC)C(C)CN(C(=O)c1ccccn1)C(C)CO2
TP53,Pre-trained hierVAE Generate,0.51,O=C1N(C(=O)NC2=C1C=CC(=C2)C(=O)NCC(CCCC)CC)CCOC,CCCNC(=O)N1CC(C)C(OC)CN(C)C(=O)c2cc(NC(=O)c3cccc(OC)c3)ccc2OCC1C
TP53,Pre-trained hierVAE Generate,0.64,O1C2=C(N(C(=O)CCC(=O)NC3=C(OCC)C=CC(OCC)=C3)CC1)C=CC=C2,CCCC(=O)Nc1ccc2c(c1)C(=O)N(C)CC(OC)C(C)CN(C(=O)CC)C(C)CO2
TP53,Pre-trained hierVAE Generate,0.33,ClC1=C(S(=O)(=O)N2CCCC2)C=C(C(OCC(=O)C3=C(N(C(=C3)C)CCC)C)=O)C=C1,COC(CN(C)Cc1ccc(F)cc1)C(C)CN(C(C)CO)S(=O)(=O)c1ccc(Cl)cc1
TP53,Pre-trained hierVAE Generate,0.7,S(=O)(=O)(N(C1CCCCC1)C)C=2C=C3C(N(C=C(C3=O)C(=O)NCCOC)C)=CC2,CCCNC(=O)N1CC(C)C(OC)CN(C)C(=O)c2ccc(NS(=O)(=O)c3ccc(C)cc3)cc2OCC1C
TP53,Pre-trained hierVAE Generate,0.39,O=C(NC=1C=C(C=C(C1)C)C)C(=O)NCCCN2CCOCC2,CCCCCCCC(=O)Nc1ccc(C(=O)NCCCN2CCOCC2)cc1
TP53,Pre-trained hierVAE Generate,0.53,S(=O)(=O)(N(C1CCCCC1)C)C=2C=C3C(N(C=C(C3=O)C(=O)NCCOC)C)=CC2,COc1ccc(S(=O)(=O)N(C)CC2OCCCCC(C)Oc3ccc(NC(=O)c4cccnc4)cc3C(=O)N(C(C)CO)CC2C)cc1
TP53,Pre-trained hierVAE Generate,0.45,S1C(NC(=O)C=2OC=3C(C(=O)C2)=CC=CC3)=C(C4=C1CCCC4)C(=O)NCCCOC,COc1ccccc1CNC(=O)CC1CC2c3cc(NC(=O)C4CCOCC4)ccc3OC2C(CO)O1
TP53,Pre-trained hierVAE Generate,0.17,ClC1=C(CNS(=O)(=O)C2=C(C=C3NC(=O)COC3=C2)C)C=CC=C1,CC(NC(=O)CC1CC2c3cc(NS(=O)(=O)c4ccc(F)cc4)ccc3OC2C(CO)O1)c1ccccc1
TP53,Pre-trained hierVAE Generate,0.4,S(=O)(=O)(NC(CC)C)C1=CC=C(OCC(=O)N2CCC(CC2)C)C=C1,CCN(CC)CCOc1ccc(S(=O)(=O)NC2CCC3(C)C(CCC4C5CCC6(O)CCCCC6C5CCC43)C2)cc1
TP53,Pre-trained hierVAE Generate,0.75,O1C2=C(C(=C1C)C(=O)NC=3C=CC(=CC3)C)C(=C(O)C=C2)CN4CCOCC4,CC1CCCCOC(CN(C)CC2CC2)C(C)CN(C(C)CO)C(=O)c2cc(NC(=O)C3CCCCC3)ccc2O1
TP53,Pre-trained hierVAE Generate,0.04,OC=1N(C(=C2C1N(C3=C2C=CC=C3)C)C4=CC=C(OC)C=C4)CC(=O)NCCCOC,CC1CN(C(C)CO)C(=O)c2c(c3ccccc3n2C)-c2ccccc2COC1CN(C)C(=O)NC1CCCCC1
TP53,Pre-trained hierVAE Generate,0.08,O=C1N(C(=O)N(C=2N=C(N(C21)CCCCCC)CN3CCN(CC3)CCO)C)C,CC1CN(C(C)CO)C(=O)c2c(c3ccccc3n2C)-c2ccccc2COC1CN(C)Cc1ccc(C(F)(F)F)cc1
TP53,Pre-trained hierVAE Generate,0.57,S1(=O)(=O)N(C(=O)C=2C1=CC=CC2)CC(=O)C3=C(N(C(=C3)C)CC4OCCC4)C,CC1CN(S(=O)C(C)(C)C)C(=O)CCCn2cc(nn2)COC1CN(C)Cc1ccc(C(F)(F)F)cc1
TP53,Pre-trained hierVAE Generate,0.11,CCCCCCCCCCCCCCC,CCCCCCCCCCCCCCCCCCCCCCCCCCCCCCCCCCCCCCCCCCCCCCCCCCCCCCCCCCCCCCCCCCCCCCCCCCCCCCCCCCCCCCCCCCCCCCCCCCCCCC
TP53,Pre-trained hierVAE Generate,0.45,O=C1N(C(=O)NC2=C1C=CC(=C2)C(=O)NCC(CCCC)CC)CCOC,CC(C)NC(=O)Nc1ccc2c(c1)C(=O)N(C(C)CO)CC(C)C(CN(C)Cc1cccnc1)OCCCCC(C)O2
TP53,Pre-trained hierVAE Generate,0.48,S(=O)(=O)(N(C1CCCCC1)C)C=2C=C3C(N(C=C(C3=O)C(=O)NCCOC)C)=CC2,Cc1ccc(S(=O)(=O)N(C)CC2OCCCCC(C)Oc3ccc(NC(=O)CCC(F)(F)F)cc3C(=O)N(C(C)CO)CC2C)cc1
TP53,Pre-trained hierVAE Generate,0.59,O1C2=C(C=3C(C=C2)=CC=CC3)C=C(C1=O)C(=O)N4CCN(CC4)CCO,CC1CN(C(C)CO)C(=O)c2ccccc2-c2ccccc2COC1CN(C)C(=O)CCN1CCOCC1
TP53,Pre-trained hierVAE Generate,0.67,O=C1N(C(=O)NC=2C1=CC=C(C2)C(=O)NC=3C=C(C=CC3)C(=O)C)CCOC,CCCCCC(=O)Nc1ccc2c(c1)C(=O)N(C)CC(OC)C(C)CN(C(=O)c1cccnc1)C(C)CO2
TP53,Pre-trained hierVAE Generate,0.49,O=C1N(C(=O)NC2=C1C=CC(=C2)C(=O)NCC(CCCC)CC)CCOC,CCCCCC(=O)Nc1ccc2c(c1)C(=O)N(C(C)CO)CC(C)C(CN(C)C(=O)CCC(F)(F)F)O2
TP53,Pre-trained hierVAE Generate,0.76,O1C2=C(N(C(=O)CCC(=O)NC3=C(OCC)C=CC(OCC)=C3)CC1)C=CC=C2,CCCCCCC(=O)Nc1ccc2c(c1)C(=O)N(C)CC(OC)C(C)CN(C(=O)c1ccccc1)C(C)CO2
TP53,Pre-trained hierVAE Generate,0.09,S(=O)(=O)(N(C1CCCCC1)C)C=2C=C3C(N(C=C(C3=O)C(=O)NCCOC)C)=CC2,CC(C)NC(=O)Nc1ccc2c(c1)OC(CN(C)Cc1cccnc1)C(C)CN(C(C)CO)S2(=O)=O
TP53,Pre-trained hierVAE Generate,0.38,O=C1N(C(=O)NC2=C1C=CC(=C2)C(=O)NCC(CCCC)CC)CCOC,CCCNC(=O)N1CC(C)C(OC)CN(C)C(=O)c2ccc(NC(=O)C3CCOCC3)cc2OCC1C
TP53,Pre-trained hierVAE Generate,0.73,ClC=1C=C(NC(=O)C=2C3=C(OC2C)C=CC(O)=C3CN4CC(CCC4)C)C=CC1OC,CC1CN(C(C)CO)C(=O)c2cc(NC(=O)CCN3CCOCC3)ccc2OC1CN(C)Cc1ccc(Cl)c(Cl)c1
TP53,Pre-trained hierVAE Generate,0.37,N1=C(NC2CCNCC2)C=3C(N=C1C4=CC=C(N(C)C)C=C4)=CC=CC3,CN(C)c1ncnc2ccc(CNCCCNCC3CCCCC3)cc12
TP53,Pre-trained hierVAE Generate,0.44,S(=O)(=O)(N(C1CCCCC1)C)C=2C=C3C(N(C=C(C3=O)C(=O)NCCOC)C)=CC2,CC1CN(C(C)CO)C(=O)c2cc(NS(=O)(=O)CCN3CCOCC3)ccc2OC1CN(C)Cc1cccc(C(F)(F)F)c1
TP53,Pre-trained hierVAE Generate,0.81,S(=O)(=O)(N1CCC(CC1)C)C=2C=C3N(C(=O)COC3=CC2)CC(=O)NCCN(C)C,CC1Cc2ccccc2COC(CN(C)C(=O)NC(C)(C)C)c2cc(NS(C)(=O)=O)ccc2N(C(C)CO)CC(C)C(=O)O1
TP53,Pre-trained hierVAE Generate,0.55,O=C1N(C(=O)NC2=C1C=CC(=C2)C(=O)NCC(CCCC)CC)CCOC,CC(C)NC(=O)Nc1ccc2c(c1)CC(=O)N(C(C)CO)CC(C)C(CN(C)Cc1ccc(C(F)(F)F)cc1)O2
TP53,Pre-trained hierVAE Generate,0.28,O(C1=CC(=CC(=C1)C)C)CCCCCNCCO,CCCCCCCCCCCCCCCCCCCCCCCCCCCCCCCCCCCCCCCCCCCCCCCCCCCCCCCCCCCCCCCCCCCCCCCCCCCCCCCCCCCCC(O)CNCCCNCCCCNCCC
TP53,Pre-trained hierVAE Generate,0.58,O=C1N(C(=O)NC2=C1C=CC(=C2)C(=O)NCC(CCCC)CC)CCOC,CCCNC(=O)Nc1ccc2c(c1)C(=O)N(C)CC(OC)C(C)CN(C(=O)c1ccccc1)C(C)CO2
TP53,Pre-trained hierVAE Generate,0.57,O(C=1C=C(N2CCN(C3=NN4C(=NN=C4CCC(=O)NCCCOCC)C=C3)CC2)C=CC1)C,COc1ccc(-c2nnc3ccc(C(=O)NCCCN4CCN(C)CC4)cn23)cc1
TP53,Pre-trained hierVAE Generate,0.53,O1C=2C(OCC1)=CC=C(C3N(CCC3)CC(=O)NC(=O)NC4=CC(=C(C=C4)C)C)C2,CC(C)NC(=O)Nc1ccc2c(c1)C1CC(CC(=O)NCCN3CCCCC3)OC(CO)C1O2
TP53,Pre-trained hierVAE Generate,0.21,CCCCCCCCCCCCCCC,CCCCCCCCCCCCCCCCCCCCCCCCCCCCCCCCCCCCCCCCCCCCCCCCCCCCCCCCCCCCCCCCCCCCCCCCCCCCCCCCCCCCCCCCCCCCCCCCCCCc1ccc(C)cc1
TP53,Pre-trained hierVAE Generate,0.6,ClC1=C(NC(=O)CC(NCCN(CC)CC)C(O)=O)C=CC(Cl)=C1,CC(C)(C)CCCC(=O)Nc1ccc(C(=O)Nc2ccc(C(=O)NCCCCCNCC(O)c3ccc(C(=O)Nc4ccccc4C(=O)NCCCCCCCC(=O)NCc4ccc(C(=O)NCCCCCNCCCc5ccccc5)cc4)cc3)cc2)cc1
TP53,Pre-trained hierVAE Generate,0.61,O=C1N(C(=O)N(C=2N=C(N(C21)CCCCCC)CN3CCN(CC3)CCO)C)C,CC1CN(C(C)CO)C(=O)c2c(c3ccccc3n2C)-c2ccccc2COC1CN(C)Cc1ccc(C(F)(F)F)cc1
TP53,Pre-trained hierVAE Generate,0.6,O=C1N(C(=O)NC2=C1C=CC(=C2)C(=O)NCC(CCCC)CC)CCOC,CC(C)NC(=O)Nc1ccc2c(c1)C(=O)N(C(C)CO)CC(C)C(CN(C)Cc1cccnc1)OCCCCC(C)O2
TP53,Pre-trained hierVAE Generate,0.4,O=C(N=C(C(=O)NC1CCCCC1)CC=2C=CC(=CC2)C)C3=CC=C(C=C3)CCCC,CCCCCCCCCCCCCCCCCCCCCCCCC(=O)Nc1ccc(C(=O)Nc2ccc(C(=O)O)cc2)cc1
TP53,Pre-trained hierVAE Generate,0.47,O=C1N(C(C2=C1NN=C2C3=C(O)C=CC=C3)C4=CC=C(OCCC)C=C4)CC=5C=NC=CC5,CCCC(=O)N1C(C(=O)NCc2ccc(Oc3ccccc3)cc2)C(CO)C2Cn3c(ccc(-c4ccc(C(=O)c5ccccc5)cc4)c3=O)C21
TP53,Pre-trained hierVAE Generate,0.67,O1C2=C(C=C(C1=O)C(OCC(=O)N3CC(OC(C3)C)C)=O)C=CC=C2OC,CC1CN(C(C)CO)C(=O)c2ccccc2-c2ccccc2COC1CN(C)Cc1ccc(C(F)(F)F)cc1
TP53,Pre-trained hierVAE Generate,0.48,BrC=1C=C(C(=O)NC2=CC=3SC(SCC(=O)N4CCOCC4)=NC3C=C2)C=CC1,O=C(NCCCN1CCOCC1)c1ccc2nc(NC(=O)c3ccc(Cl)cc3)sc2c1
TP53,Pre-trained hierVAE Generate,0.45,O=C1N(C(=O)NC=2C1=CC=C(C2)C(=O)NC=3C=C(C=CC3)C(=O)C)CCOC,CCCC(=O)Nc1ccc2c(c1)OCC(C)N(C(=O)c1cccnc1)CC(C)C(OC)CN(C)C2=O
TP53,Pre-trained hierVAE Generate,0.44,O=C1N(C(=O)NC2=C1C=CC(=C2)C(=O)NCC(CCCC)CC)CCOC,CCCNC(=O)N1CC(C)C(OC)CN(C)C(=O)c2cc(NC(=O)c3cccnc3)ccc2OCC1C
TP53,Pre-trained hierVAE Generate,0.44,O1C=2C(OC1)=CC=C(NC(=O)C=3C=CC(=CC3)CO)C2,CC(NC(=O)CC1CC2c3cc(NC(=O)c4ccc5c(c4)OCO5)ccc3OC2C(CO)O1)c1ccccc1
TP53,Pre-trained hierVAE Generate,0.27,ClC1=C(S(=O)(=O)N2CCCC2)C=C(C(OCC(=O)C3=C(N(C(=C3)C)CCC)C)=O)C=C1,COC(CN(C)Cc1ccc(F)cc1)C(C)CN(C(C)CO)S(=O)(=O)c1ccc(Cl)cc1
TP53,Pre-trained hierVAE Generate,0.43,O=C1N(C(=O)NC2=C1C=CC(=C2)C(=O)NCC(CCCC)CC)CCOC,CCCNC(=O)N1CC(C)OC(C)c2cc(NC(=O)C3CCOCC3)ccc2N(C)C(=O)CC(OC)C1
TP53,Pre-trained hierVAE Generate,0.43,O=C1N(C(=O)NC2=C1C=CC(=C2)C(=O)NCCN3CCN(C4=CC=C(OC)C=C4)CC3)CCOC,CC1CCCCOC(CN(C)C(=O)NC2CCCCC2)C(C)CN(C(C)CO)C(=O)c2cc(NC(=O)CCC(F)(F)F)ccc2O1
TP53,Pre-trained hierVAE Generate,0.22,O=C(NCCC(=O)N1CCCC1)C=2C=CC(C(C)(C)C)=CC2,CC(C)(C)c1ccc(C(=O)Nc2ccc(C(=O)NCCCNCCCNC(=O)CCc3ccccc3)cc2)cc1
TP53,Pre-trained hierVAE Generate,0.55,S(=O)(=O)(N1CCC(CC1)C)C=2C=C3N(C(=O)COC3=CC2)CC(=O)NCCN(C)C,CC(C)NC(=O)Nc1ccc2c(c1)OC(CN(C)CC1CC1)C(C)CN(C(C)CO)S2(=O)=O
TP53,Pre-trained hierVAE Generate,0.41,O1C=2C(C=3N(N=CC3C1=O)CC(=O)N(C(C4=CC=NC=C4)C)CCCOC)=CC(=CC2)C,CC1CN(C(C)CO)C(=O)CCCn2cc(nn2)COC1CN(C)Cc1ccc(C(=O)O)cc1
TP53,Pre-trained hierVAE Generate,0.67,S(=O)(=O)(N(C1CCCCC1)C)C=2C=C3C(N(C=C(C3=O)C(=O)NCCOC)C)=CC2,CC1CN(C(C)CO)S(=O)(=O)c2ccc(C#Cc3ccccc3C(=O)O)cc2OC1CN(C)Cc1ccc(C(=O)O)cc1
TP53,Pre-trained hierVAE Generate,0.38,O1C2=C(C(=C1C)C(=O)NC=3C=CC(=CC3)C)C(=C(O)C=C2)CN4CCOCC4,CC1CCCCOC(CN(C)CC2CC2)C(C)CN(C(C)CO)C(=O)c2cc(NC(=O)C3CCCCC3)ccc2O1
TP53,Pre-trained hierVAE Generate,0.51,O=C1N(C(=O)NC2=C1C=CC(=C2)C(=O)NCC(CCCC)CC)CCOC,CCCNC(=O)N1CC(C)C(OC)CN(C)C(=O)c2cc(NC(C)=O)ccc2OCC1C
TP53,Pre-trained hierVAE Generate,0.11,O(C1=C(NC(=O)CCN2CCN(CC2)CCO)C=CC(OC)=C1)C,CNCC1OCCCCC(C)Oc2ccc(NC(=O)CCN3CCOCC3)cc2C(=O)N(C(C)CO)CC1C
TP53,Pre-trained hierVAE Generate,0.44,O=C1N(C(=O)NC2=C1C=CC(=C2)C(=O)NCC(CCCC)CC)CCOC,CCCNC(=O)N1CC(C)C(OC)CN(C)C(=O)c2cc(NC(=O)C3CC3)ccc2OCC1C
TP53,Pre-trained hierVAE Generate,0.4,FC1=C(CCNC(=O)CCC2=C(C=3C(OC2=O)=CC(O)=CC3)C)C=CC=C1,CCNC(=O)CC1C=CC(NC(=O)c2ccc(F)cc2)C(CO)O1
TP53,Pre-trained hierVAE Generate,0.28,O=C1N(C(=O)NC2=C1C=CC(=C2)C(=O)NCC(CCCC)CC)CCOC,CC(C)NC(=O)Nc1ccc2c(c1)C(=O)N(C(C)CO)CC(C)C(CN(C)Cc1cccnc1)OCCCCC(C)O2
TP53,Pre-trained hierVAE Generate,0.56,S(=O)(=O)(N(C1CCCCC1)C)C=2C=C3C(N(C=C(C3=O)C(=O)NCCOC)C)=CC2,Cc1ccc(S(=O)(=O)N(C)CC2OCCCCC(C)Oc3ccc(NC(=O)CCC(F)(F)F)cc3C(=O)N(C(C)CO)CC2C)cc1
TP53,Pre-trained hierVAE Generate,0.33,O=C(N)C1=C(C#CC2=CC=CC=C2)C=CC=C1,CC(C)c1ccccc1C#Cc1ccc(C#Cc2ccccc2C(=O)NC(C)(C)C)cc1
TP53,Pre-trained hierVAE Generate,0.48,O=C1N(C(=O)N(C=2N=C(N(C21)CCCCCC)CN3CCN(CC3)CCO)C)C,CCCNC(=O)N(C)CC1OCc2ccccc2-c2c(n(C)c3ccccc23)C(=O)N(C(C)CO)CC1C
TP53,Pre-trained hierVAE Generate,0.36,O=C1N(C(=O)NC2=C1C=CC(=C2)C(=O)NCC(CCCC)CC)CCOC,CC(C)NC(=O)Nc1ccc2c(c1)C(=O)N(C(C)CO)CC(C)C(CN(C)CCCN1CCOCC1)OCCCCC(C)O2
TP53,Pre-trained hierVAE Generate,0.33,O1C2=C(N(C(=O)CCC(=O)NC3=C(OCC)C=CC(OCC)=C3)CC1)C=CC=C2,CCCCCC(=O)Nc1ccc2c(c1)C(=O)N(C)CC(OC)C(C)CN(C(=O)c1ccccn1)C(C)CO2
TP53,Pre-trained hierVAE Generate,0.46,O1C=2C(=C(N(C2O)CCCN3CCOCC3)C4=CC(OC)=C(OC)C=C4)C(=O)C=5C1=CC=C(C5)C,CC1CCCCOC(CN(C)Cc2cccnc2)C(C)CN(C(C)CO)C(=O)c2cc(N(C)C)ccc2O1
TP53,Pre-trained hierVAE Generate,0.62,O=C1N(C(=O)NC2=C1C=CC(=C2)C(=O)NCCN3CCN(C4=CC=C(OC)C=C4)CC3)CCOC,CC1CN(C(C)CO)C(=O)c2cc(NC(=O)CCN3CCOCC3)ccc2OC1CN(C)Cc1cccc(C(=O)Nc2ccc(N)cc2)c1
TP53,Ours,1,P(OCC(OCC)CNC(=O)CCCCCCCCCCCCCCCCC)(OCC[N+](C)(C)C)(O)=O,CC(C)(C)CCCCCCCCCCCCCCCCCCCCCCCC(=O)NCCCCCCCCCCCCCCCCC(=O)NCCCCCCCCCCCCCC(=O)NCC(O)C(O)CC(=O)O
TP53,Ours,1,O=C1N(C(=O)NC=2C1=CC=C(C2)C(=O)NC=3C=C(C=CC3)C(=O)C)CCOC,COc1ccc(NC(=O)N(C)CC2Oc3ccc(NC(=O)Cc4ccccc4)cc3C(=O)N(C(C)CO)CC2C)cc1
TP53,Ours,1,O=C(NCC(N1CC2=C(CC1)C=CC=C2)C=3C=NC=CC3)C(=O)NC=4C=C(C=C(C4)C)C,CC(NC(=O)c1cc2c(c(-c3cccc(-c4cccnc4)c3)n1)CN(C(=O)c1ccccn1)CC2)C(=O)O
TP53,Ours,1,O=C(NC=1C=C(C=CC1)C(O)=O)C2=CC(C3=CC=C(OC)C=C3)=CC=C2,COc1ccc(-c2ccc(C(=O)Nc3ccc(C(=O)O)cc3)cc2)cc1
TP53,Ours,1,FC(F)(F)C(=O)N[C@H]1C[C@H](O[C@H]2C[C@@](O)(CC=3C2=C(O)C4=C(C3O)C(=O)C5=C(C4=O)C(OC)=CC=C5)C(=O)COC(=O)CCCC)O[C@H]([C@H]1O)C,COc1ccccc1CNC(=O)CC1CCC(NC(=O)C(C)(C)C)C(CO)O1
TP53,Ours,1,CCCCCCCCCCCCCCC,CCCCCCCCCCCCCCCCCCCCCCCCCCCCCCCCCCCCCCCCCCCCCCCCCCCCCCCCCCCCCCCCCCCCCCCCCCCCCCCCCCCCCCCCCCCCCCCCCCCCCC
TP53,Ours,1,CCCCCCCCCCCCCCC,CCCCCCCCCCCCCCCCCCCCCCCCCCCCCCCCCCCCCCCCCCCCCCCCCCCCCCCCCCCCCCCCCCCCCCCCCCCCCCCCCCCCCCCCCCCCCCCCCCCCCC
TP53,Ours,1,CCCCCCCCCCCCCCC,CCCCCCCCCCCCCCCCCCCCCCCCCCCCCCCCCCCCCCCCCCCCCCCCCCCCCCCCCCCCCCCCCCCCCCCCCCCCCCCCCCCCCCCCCCCCCCCCCCCCCC
TP53,Ours,1,CCCCCCCCCCCCCCC,CCCCCCCCCCCCCCCCCCCCCCCCCCCCCCCCCCCCCCCCCCCCCCCCCCCCCCCCCCCCCCCCCCCCCCCCCCCCCCCCCCCCCCCCCCCCCCCCCCCCCC
TP53,Ours,0.97,O=C1N(C(=O)NC2=C1C=CC(=C2)C(=O)NCCN3CCN(C4=CC=C(OC)C=C4)CC3)CCOC,CC(C)NC(=O)Nc1ccc2c(c1)C(=O)N(C(C)CO)CC(C)C(CN(C)C(=O)NC1CCCCC1)OCCCCC(C)O2
TP53,Ours,0.97,O=C1N(C(=O)NC2=C1C=CC(=C2)C(=O)NCC(CCCC)CC)CCOC,COc1ccccc1NC(=O)N(C)CC1OCCCCC(C)Oc2ccc(N(C)C)cc2C(=O)N(C(C)CO)CC1C
TP53,Ours,0.97,O=C(NC1=CC(NC(=O)C2=C(C=CC=C2)C)=CC=C1)C3=CC=C(C(C)(C)C)C=C3,Cc1ccccc1NC(=O)c1ccccc1NC(=O)c1ccc(C(C)(C)C)cc1
TP53,Ours,0.94,O=C1N(C(=O)NC=2C1=CC=C(C2)C(=O)NC=3C=C(C=CC3)C(=O)C)CCOC,CC(C)NC(=O)Nc1ccc2c(c1)C(=O)N(C(C)CO)CC(C)C(CN(C)Cc1ccc(C(F)(F)F)cc1)O2
TP53,Ours,0.94,O(C1=CC(C2=NC=NC(NCC3=CC=CC=C3)=C2)=CC=C1)C,COc1cccc(CNc2ncnc3ccc(-c4ccncc4)cc23)c1
TP53,Ours,0.94,O(C1=CC(C2=NC=NC(NCC3=CC=CC=C3)=C2)=CC=C1)C,COc1cccc(CNc2ncnc3ccc(-c4ccncc4)cc23)c1
TP53,Ours,0.94,FC1=C(C(=O)NCC(=O)NCCC=2C(F)=CC=CC2)C=CC=C1,CC(C)(C)c1ccc(C(=O)CCNCCCNC(=O)c2ccc(-c3ccccc3C(F)(F)F)cc2)cc1
TP53,Ours,0.93,O=C1N(C(=O)NC2=C1C=CC(=C2)C(=O)NCC(CCCC)CC)CCOC,CCCNC(=O)N1CC(C)C(OC)CN(C)C(=O)c2cc(NC(=O)c3cccnc3)ccc2OCC1C
TP53,Ours,0.93,O=C1N(C(=O)NC2=C1C=CC(=C2)C(=O)NCC(CCCC)CC)CCOC,CCCNC(=O)N1CC(C)C(OC)CN(C)C(=O)c2cc(NC(=O)c3cccnc3)ccc2OCC1C
TP53,Ours,0.92,O(C(=O)C1CC1)CC(=O)C2=CC=C(NC(=O)CCC)C=C2,CCCCCCC(=O)Nc1ccc(C(=O)CCCCCCC(=O)O)cc1
TP53,Ours,0.91,S(=O)(=O)(N(CC1=CC=CC=C1)CCO)C2=C(C=C3NC(=O)COC3=C2)C,Cc1ccc(C)c(S(=O)(=O)N2CC(O)COCC3OC(CC(=O)NCc4ccc(Oc5ccccc5)cc4)CCC32)c1
TP53,Ours,0.91,S(=O)(=O)(N(C)C)C=1C=CC(C(=O)NC2=CC=C(OCC(=O)N3CCOCC3)C=C2)=CC1,COc1ccc(C(=O)CCCCCCC(=O)Nc2cccc(S(=O)(=O)N3CCOCC3)c2)cc1
TP53,Ours,0.91,O=C(NCCCOCC)C(NC(=O)C=1N=CC=CC1)C2=CC=C(C=C2)C,CCCCCCCCCCCCCCCCCCCCC(=O)NCCCCCCCC(=O)NCCCCC(=O)NC(CCC(=O)O)C(=O)NCCCCC(=O)Nc1cccc(C(=O)c2ccccc2)c1
TP53,Ours,0.91,O=C(N1CCN(CC1)CCC=2N=CC=CC2)C=3C=CC(OC(C)C)=CC3,CC(C)COc1ccc(C(=O)N2CCN(Cc3ccccc3)CC2)cc1
TP53,Ours,0.91,CCCCCCCCCCCCCCC,CCCCCCCCCCCCCCCCCCCCCCCCCCCCCCCCCCCCCCCCCCCCCCCCCCCCCCCCCCCCCCCCCCCCCCCCCCCCCCCCCCCCCCCCCCCCCCCCCCCC=O
TP53,Ours,0.9,S(=O)(=O)(N(CC1=CC=CC=C1)CCO)C2=C(C=C3NC(=O)COC3=C2)C,Cc1cccc(S(=O)(=O)N2CC(O)COCC3OC(CC(=O)NCc4cccc(Oc5ccccc5)c4)CCC32)c1
TP53,Ours,0.9,O=C1N(C(=O)NC2=C1C=CC(=C2)C(=O)NCC(CCCC)CC)CCOC,CCCNC(=O)N1CC(C)C(OC)CN(C)C(=O)c2cc(NC(=O)CCN3CCOCC3)ccc2OCC1C
TP53,Ours,0.89,S(=O)(=O)(N(CC)CC)C=1C=C2N(C(=O)COC2=CC1)CC(=O)NCCC3=CC(OC)=C(OC)C=C3,COc1cccc(CNC(=O)CC2CCC3C(COc4ccc(NS(=O)(=O)c5ccccc5C)cc4C(=O)N3C)O2)c1
TP53,Ours,0.89,S(=O)(=O)(N(CC)CC)C=1C=C2N(C(=O)COC2=CC1)CC(=O)NCCC3=CC(OC)=C(OC)C=C3,COc1cccc(CNC(=O)CC2CCC3C(COc4ccc(NS(=O)(=O)c5ccccc5C)cc4C(=O)N3C)O2)c1
TP53,Ours,0.89,O=C1N(C(=O)NC2=C1C=CC(=C2)C(=O)NCCN3CCN(C4=CC=C(OC)C=C4)CC3)CCOC,CCCNC(=O)Nc1ccc2c(c1)C(=O)N(C)CC(OC)C(C)CN(C(=O)c1ccccn1)C(C)CO2
TP53,Ours,0.89,O=C1N(C(=O)NC2=C1C=CC(=C2)C(=O)NCCN3CCN(C4=CC=C(OC)C=C4)CC3)CCOC,CCCNC(=O)Nc1ccc2c(c1)C(=O)N(C)CC(OC)C(C)CN(C(=O)c1ccccn1)C(C)CO2
TP53,Ours,0.89,O=C1N(C(=O)N(C=2N=C(N(C21)CCCCCC)CN3CCN(CC3)CCO)C)C,CC1CN(C(C)CO)C(=O)c2c(c3ccccc3n2C)-c2ccccc2COC1CN(C)Cc1ccc(C(F)(F)F)cc1
TP53,Ours,0.89,O(C=1C(OC)=CC=C(NC(=O)NC=2C=CC(OCC(=O)N3CCOCC3)=CC2)C1)C,COC1CN(C)C(=O)c2cc(NC(=O)NC(C)c3ccccc3)ccc2OCC(C)N(CC2CC2)CC1C
TP53,Ours,0.89,FC1=CC=C(CCNC(=O)C=2C=CC(NC(=O)CCC)=CC2)C=C1,Cc1ccc(C(=O)NCCCC(=O)Nc2ccc(C(=O)NCCCNC(=O)c3ccc(C(F)(F)F)cc3)cc2)cc1
TP53,Ours,0.89,FC1=C(NC(=O)CN2C=3C(C=C(C2=O)CNC=4C=CC(=CC4)C)=CC=5OCCOC5C3)C=CC(F)=C1,CCNC(=O)CC1CCC2C(COc3ccc(NC(=O)c4ccc(F)cc4)cc3C(=O)N2C)O1
TP53,Ours,0.88,S(=O)(=O)(NC1=C(C(=O)NCCC2=CC=CC=C2)C=CC=C1)C3=CC=C(C=C3)CCC(O)=O,O=C(O)CCN(c1ccccc1)S(=O)(=O)c1ccc(NC(=O)c2ccccc2C(F)(F)F)cc1
TP53,Ours,0.88,S(=O)(=O)(N1CCC(CC1)C)C=2C=C3N(C(=O)COC3=CC2)CC(=O)NCCN(C)C,CC(C)NC(=O)N(C)CC1Oc2cc(-c3ccccc3F)ccc2S(=O)(=O)N(C(C)CO)CC1C
TP53,Ours,0.88,S(=O)(=O)(N1CCC(CC1)C)C2=CC=3OC(=O)N(C3C=C2)CC(=O)NCC4=C(OC)C=CC=C4,COc1ccc(S(=O)(=O)N(C)CC2OCc3ccccc3-c3c(n(C)c4ccccc34)C(=O)N(C(C)CO)CC2C)cc1
TP53,Ours,0.88,S(=O)(=O)(N(CC)CC)C=1C=C2N(C(=O)COC2=CC1)CC(=O)NCCCN3CCN(C4=CC=C(OC)C=C4)CC3,CCCNC(=O)N1Cc2cc(NS(=O)(=O)c3ccc(C)cc3)ccc2C(=O)N(C)CC(OC)C(C)OC(C)C1
TP53,Ours,0.88,OC=1N(C(=C2C1N(C3=C2C=CC=C3)C)C4=CC=C(OC)C=C4)CC(=O)NCCCOC,COc1ccc(-c2cccc(-c3nc4c(cc3C(=O)NCCCN3CCOCC3)C(=O)N(C(C)CO)CC(C)C(CN(C)C(=O)Cc3ccccc3)O4)c2)cc1
TP53,Ours,0.88,OC1=NC=2C(C=C1CN(CC=3N(N=NN3)CCOC)CCCN4CCOCC4)=C(C=CC2C)C,CC1CN(C(C)CO)C(=O)CCCn2nncc2COC1CN(C)Cc1cccc(Oc2ccccc2)c1
TP53,Ours,0.88,O=C1N(C(=O)NC=2C1=CC=C(C2)C(=O)NC=3C=C(C=CC3)C(=O)C)CCOC,COc1ccc(NC(=O)Nc2ccc3c(c2)C(=O)N(C)CC(OC)C(C)CN(Cc2cccnc2)C(C)CO3)cc1
TP53,Ours,0.88,O1[C@](C1)(C(=O)[C@@H](NC(=O)[C@@H](NC(=O)[C@@H](NC(=O)[C@@H](NC(=O)CN2CCOCC2)CCC3=CC=CC=C3)CC(C)C)CC4=CC=CC=C4)CC(C)C)C,CC(C)(C)C(NC(=O)CCCCCC(=O)NO)C(=O)N1CCC(C(=O)O)CC1
TP53,Ours,0.88,O(C=1C(OC)=CC=C(NC(=O)NC=2C=CC(OCC(=O)N3CCOCC3)=CC2)C1)C,COC1CN(C)C(=O)c2cc(NC(=O)NC(C)c3ccccc3)ccc2OCC(C)N(CC2CC2)CC1C
TP53,Ours,0.88,O(C1=CC(=CC(=C1)C)C)CCCCCNCCO,Cc1ccc(CNC(=O)CCC(O)CNC(C)C)cc1
TP53,Ours,0.88,FC=1C=C(C(=O)NC=2N=CC(NC(=O)CCC)=C(C2)C)C=CC1,O=C(CCCNC(=O)c1ccc(F)cc1)Nc1ccccn1
TP53,Ours,0.88,ClC1=CC(NC(=O)C2=CC(S(=O)(=O)NC3CCCCC3)=CC=C2F)=CC=C1C,Cc1ccc(C)c(S(=O)(=O)Nc2ccc(C(=O)NCCCCCCCC(=O)Nc3ccc(Cl)cc3Cl)cc2)c1
TP53,Ours,0.87,S(=O)(=O)(N1CCC(CC1)C)C=2C=C3N(C(=O)COC3=CC2)CC(=O)NC4=C(OC)C=CC=C4,COCC(=O)Nc1ccc2c(c1)CC(=O)N(C(C)CO)CC(C)C(CN(C)S(=O)(=O)c1ccc(C)cc1)O2
TP53,Ours,0.87,S(=O)(=O)(N(C1CCCCC1)C)C=2C=C3C(N(C=C(C3=O)C(=O)NCCOC)C)=CC2,Cc1ccccc1-c1ccc2c(c1)OC(CN(C)Cc1ccc(C(=O)O)cc1)C(C)CN(C(C)CO)S2(=O)=O
TP53,Ours,0.87,S(=O)(=O)(N(C1CCCCC1)C)C=2C=C3C(N(C=C(C3=O)C(=O)NCCOC)C)=CC2,Cc1ccccc1-c1ccc2c(c1)OC(CN(C)C(=O)CCC(F)(F)F)C(C)CN(C(C)CO)S2(=O)=O
TP53,Ours,0.87,S(=O)(=O)(N(C1CCCCC1)C)C=2C=C3C(N(C=C(C3=O)C(=O)NCCOC)C)=CC2,COc1ccc(S(=O)(=O)Nc2ccc3c(c2)C(=O)N(C(C)CO)CC(C)C(CN(C)CC2CC2)OCCCCC(C)O3)cc1
TP53,Ours,0.87,S(=O)(=O)(N(C1CCCCC1)C)C=2C=C3C(N(C=C(C3=O)C(=O)NCCOC)C)=CC2,COc1ccc(S(=O)(=O)Nc2ccc3c(c2)C(=O)N(C(C)CO)CC(C)C(CN(C)CC2CC2)OCCCCC(C)O3)cc1
TP53,Ours,0.87,S(=O)(=O)(N(C1CCCCC1)C)C=2C=C3C(N(C=C(C3=O)C(=O)NCCOC)C)=CC2,CC1CN(C(C)CO)S(=O)(=O)c2ccc(C#CC3(O)CCCC3)cc2OC1CN(C)C(=O)NC1CCCCC1
TP53,Ours,0.87,S(=O)(=O)(N(C1CCCCC1)C)C=2C=C3C(N(C=C(C3=O)C(=O)NCCOC)C)=CC2,CC1CN(C(C)CO)S(=O)(=O)c2ccc(C#CC3(O)CCCC3)cc2OC1CN(C)C(=O)NC1CCCCC1
TP53,Ours,0.87,O=C1N(C(=O)NC2=C1C=CC(=C2)C(=O)NCCN3CCN(C4=CC=C(OC)C=C4)CC3)CCOC,CCCNC(=O)Nc1ccc2c(c1)C(=O)N(C(C)CO)CC(C)C(CN(C)Cc1ccc(C(F)(F)F)cc1)O2
TP53,Ours,0.87,O=C1N(C(=O)NC2=C1C=CC(=C2)C(=O)NCC(CCCC)CC)CCOC,CC1CCCCOC(CN(C)Cc2ccc(Oc3ccccc3)cc2)C(C)CN(C(C)CO)C(=O)c2cc(NC(=O)Nc3ccc(C(F)(F)F)cc3)ccc2O1
TP53,Ours,0.87,O1C=2C(OCC1)=CC=C(C3N(CCC3)CC(=O)NC(=O)NC4=CC(=C(C=C4)C)C)C2,CC(C)NC(=O)Nc1ccc2c(c1)C1(CCN(C(=O)CCN3CCOCC3)CC1)CO2
TP53,Ours,0.87,FC=1C=CC(C(=O)C=2C(=O)C=3C(N(C2)CC(=O)NC4=CC=5OCCOC5C=C4)=CC=C(OC)C3)=CC1,CN1C(=O)c2cc(NC(=O)c3cccc(F)c3)ccc2OCC2OC(CC(=O)N3CCOCC3)CCC21
TP53,Ours,0.86,S(C=1N(C(O)=C2N=C3C(=C2N1)C=CC=C3)C4=C(OC)C=CC(=C4)C)CC(=O)NCC=5OC=CC5,Cc1cn(C)c(SCC(=O)Nc2ccc3c(c2)C(=O)N(C(C)CO)CC(C)C(CN(C)Cc2cccnc2)O3)n1
TP53,Ours,0.86,S(=O)(=O)(NCC1CCC(CC1)C(=O)NCCCOCC)C=2C=CC(NC(=O)C)=CC2,CCNCCCC(O)c1ccc(S(=O)(=O)Nc2ccc(C(=O)O)cc2)cc1
TP53,Ours,0.86,S(=O)(=O)(NCC1CCC(CC1)C(=O)NCCCOCC)C=2C=CC(NC(=O)C)=CC2,CCCCCCCCCCCCCCCCCCCCCCCCCCCCCCCCCCCCCCCCCCCCCCCCCCCCCCCCCCCCCCCCCNCCCNC(=O)c1ccc(NC(=O)c2ccccc2NS(=O)(=O)c2ccc(C(O)CCCNCC)cc2)cc1
TP53,Ours,0.86,S(=O)(=O)(NC1CCCCC1)C=2C=C(C(F)=CC2)C(=O)NC3=CC=C(C(F)(F)F)C=C3,Nc1ccc(S(=O)(=O)NCCCCCCCCNC(=O)c2ccc(NC(=O)c3ccc(F)cc3)cc2)cc1
TP53,Ours,0.86,S(=O)(=O)(NC1CCCCC1)C=2C=C(C(F)=CC2)C(=O)NC3=CC=C(C(F)(F)F)C=C3,Nc1ccc(S(=O)(=O)NCCCCCCCCNC(=O)c2ccc(NC(=O)c3ccc(F)cc3)cc2)cc1
TP53,Ours,0.86,S(=O)(=O)(N1CCC(CC1)C)C=2C=C3N(C(=O)COC3=CC2)CC(=O)NCCN(C)C,CC1CN(C(C)CO)S(=O)(=O)c2ccc(C#Cc3ccccc3C(=O)N(C)C)cc2OC1CN(C)Cc1ccncc1
TP53,Ours,0.86,S(=O)(=O)(N(C1CCCCC1)C)C=2C=C3C(N(C=C(C3=O)C(=O)NCCOC)C)=CC2,CCCCN(C)CC1OCCCCC(C)Oc2ccc(NS(=O)(=O)c3ccc(C)cc3)cc2C(=O)N(C(C)CO)CC1C
TP53,Ours,0.86,S(=O)(=O)(N(C1CCCCC1)C)C=2C=C3C(N(C=C(C3=O)C(=O)NCCOC)C)=CC2,CC1CN(C(C)CO)S(=O)(=O)c2ccc(NC(=O)c3ccc(C(C)(C)C)cc3)cc2OC1CN(C)C(=O)CCN1CCOCC1
TP53,Ours,0.86,S(=O)(=O)(N(C1CCCCC1)C)C=2C=C3C(N(C=C(C3=O)C(=O)NCCOC)C)=CC2,CC1CN(C(C)CO)S(=O)(=O)c2ccc(NC(=O)c3ccc(C(C)(C)C)cc3)cc2OC1CN(C)C(=O)CCN1CCOCC1
TP53,Ours,0.86,S(=O)(=O)(N(C1CCCCC1)C)C=2C=C3C(N(C=C(C3=O)C(=O)NCCOC)C)=CC2,CC1CN(C(C)CO)C(=O)c2cc(-c3ccc(S(C)(=O)=O)cc3)cnc2OC1CN(C)Cc1ccc(C(=O)O)cc1
TP53,Ours,0.86,O=C1N(C(=O)NC=2C1=CC=C(C2)C(=O)NC=3C=C(C=CC3)C(=O)C)CCOC,CC(C)NC(=O)Nc1ccc2c(c1)C(=O)N(C(C)CO)CC(C)C(CN(C)Cc1ccc(C(F)(F)F)cc1)O2
TP53,Ours,0.86,O=C1N(C(=O)NC=2C1=CC=C(C2)C(=O)NC=3C=C(C=CC3)C(=O)C)CCOC,CC(C)NC(=O)Nc1ccc2c(c1)C(=O)N(C(C)CO)CC(C)C(CN(C)Cc1ccc(C(F)(F)F)cc1)O2
TP53,Ours,0.86,O=C1N(C(=O)NC2=C1C=CC(=C2)C(=O)NCCN3CCN(C4=CC=C(OC)C=C4)CC3)CCOC,CN1CCN(C(=O)CC2OC(NC(=O)Nc3cccc(F)c3)CC(CO)C2c2cccc(C#N)c2)CC1
TP53,Ours,0.86,O=C1N(C(=O)NC2=C1C=CC(=C2)C(=O)NCCN3CCN(C4=CC=C(OC)C=C4)CC3)CCOC,CC(C)NC(=O)Nc1ccc2c(c1)C(=O)N(C(C)CO)CC(C)C(CN(C)Cc1ccc(-c3ccccc3)cc1)O2
TP53,Ours,0.86,O=C1N(C(=O)NC2=C1C=CC(=C2)C(=O)NCC(CCCC)CC)CCOC,CCCNC(=O)N(C)CC1OCc2ccccc2-c2ccccc2C(=O)N(C(C)CO)CC1C
TP53,Ours,0.86,O=C1N(C(=O)NC2=C1C=CC(=C2)C(=O)NCC(CCCC)CC)CCOC,CCCNC(=O)N(C)CC1OCc2ccccc2-c2ccccc2C(=O)N(C(C)CO)CC1C
TP53,Ours,0.86,O=C(NCC1(C2=CC=CC=C2)CCCC1)C(=O)NC=3C(=CC=CC3)C,CC(C)(C)CNC(=O)CCCCCCC(=O)Nc1ccc(C(=O)Nc2ccccc2C(=O)Nc2ccccc2C(=O)NCC(=O)NCCCNC(=O)CCC(=O)Nc2ccc(C(=O)Nc3ccccc3C(=O)NCCCNC(=O)CCC(=O)Nc3ccc(C=O)cc3)cc2)cc1
TP53,Ours,0.86,O1C=2C(C=3N(N=CC3C1=O)CC(=O)N(C(C4=CC=NC=C4)C)CCCOC)=CC(=CC2)C,CC1CN(C(C)CO)C(=O)CCCn2cc(nn2)COC1CN(C)Cc1ccc(C(=O)O)cc1
TP53,Ours,0.86,O1C2=C(N(C(=O)CCC(=O)NC3=C(OCC)C=CC(OCC)=C3)CC1)C=CC=C2,COC1CN(C)C(=O)c2cc(NC(=O)C3CCOCC3)ccc2OCC(C)N(CCc2ccccc2)CC1C
TP53,Ours,0.86,O1C2=C(N(C(=O)CCC(=O)NC3=C(OCC)C=CC(OCC)=C3)CC1)C=CC=C2,COC1CN(C)C(=O)c2cc(NC(=O)C3CCOCC3)ccc2OCC(C)N(CCc2ccccc2)CC1C
TP53,Ours,0.86,O1C2=C(N(C(=O)CCC(=O)NC3=C(OCC)C=CC(OCC)=C3)CC1)C=CC=C2,CCCN1CC(OC)CC(=O)N(C)CC(C)C(CN(C)CC2CCCCC2)Oc2cc(NC(=O)C3CCOCC3)ccc21
TP53,Ours,0.86,O1C2=C(C=C(C1=O)C(OCC(=O)N3CC(OC(C3)C)C)=O)C=CC=C2OC,CC1CN(C(C)CO)C(=O)c2ccccc2-c2ccccc2COC1CN(C)Cc1ccc(C(=O)O)cc1
TP53,Ours,0.86,O1C(=NC2=C1C=CC(=C2)C)C3=C(O)C=C(NC(=O)COC4=CC(=CC=C4)C)C=C3,CC(C)(C)NC(=O)CC1CC2c3cc(NC(=O)c4cccnc4)ccc3OC2C(CO)O1
TP53,Ours,0.86,O(C1=C(NC(=O)CCN2CCN(CC2)CCO)C=CC(OC)=C1)C,CC1CCCCOC(CN(C)CC2CCCCC2)C(C)CN(C(C)CO)C(=O)c2cc(NC(=O)CCN3CCOCC3)ccc2O1
TP53,Ours,0.86,FC1=C(NC(=O)CN2C=3C(C=C(C2=O)CNC=4C=CC(=CC4)C)=CC=5OCCOC5C3)C=CC(F)=C1,CCCNC(=O)CC1CCC2C(COCC(O)CN2C(=O)c2ccc(F)cc2)O1
TP53,Ours,0.86,ClC=1C=C(NC(=O)C=2C3=C(OC2C)C=CC(O)=C3CN4CC(CCC4)C)C=CC1OC,CC1CN(C(C)CO)C(=O)c2cc(NC(=O)CCC(F)(F)F)ccc2OC1CN(C)CC1CC1
TP53,Ours,0.86,ClC1=C(S(=O)(=O)N(CC2=CC=CC=C2)C)C=C3OCCN(C3=C1)C(=O)C,CC1CN(C(C)CO)S(=O)(=O)c2ccc(-c3ccc(C(=O)N(C)C)cc3)cc2OC1CN(C)Cc1ccc(Cl)c(Cl)c1
TP53,Ours,0.85,S(=O)(=O)(NC=1C=C(OC)C=C(OC)C1)C=2C=C3OCC(OC3=CC2)C(=O)N4CCCC4,Cc1ccc(S(=O)(=O)Nc2ccc3c(c2)C2CC(CC(=O)NCCN4CCCCC4)OC(CO)C2O3)cc1
TP53,Ours,0.85,S(=O)(=O)(N1CCC(CC1)C)C=2C=C3N(C(=O)COC3=CC2)CC(=O)NCCN(C)C,CC(C)NC(=O)N(C)CC1OCCCCC(C)Oc2ccc(NS(C)(=O)=O)cc2C(=O)N(C(C)CO)CC1C
TP53,Ours,0.85,S(=O)(=O)(N(C1CCCCC1)C)C=2C=C3C(N(C=C(C3=O)C(=O)NCCOC)C)=CC2,COC1CN(C)C(=O)c2cc(NS(=O)(=O)c3ccc(C)cc3)ccc2OCC(C)NCC1C
TP53,Ours,0.85,OC=1N(C(=C2C1N(C3=C2C=CC=C3)C)C4=CC=C(OC)C=C4)CC(=O)NCCCOC,CC1CN(C(C)CO)C(=O)c2c(c3ccccc3n2C)-c2ccccc2COC1CN(C)Cc1ccc(F)cc1
TP53,Ours,0.85,O=C1N(C(=O)NC=2C1=CC=C(C2)C(=O)NC=3C=C(C=CC3)C(=O)C)CCOC,CC1CN(C(C)CO)C(=O)c2cc(NC(=O)Nc3ccc(C(F)(F)F)cc3)ccc2OC1CN(C)Cc1ccc(C(F)(F)F)cc1
TP53,Ours,0.85,O=C1N(C(=O)NC2=C1C=CC(=C2)C(=O)NCC(CCCC)CC)CCOC,CC1CCCCOC(CN(C)Cc2cccnc2)C(C)CN(C(C)CO)C(=O)c2cc(NC(=O)c3ccncc3)ccc2O1
TP53,Ours,0.85,O=C1N(C(=O)N(C=2N=C(N(C21)CCCCCC)CN3CCN(CC3)CCO)C)C,CC1CN(C(C)CO)C(=O)c2c(c3ccccc3n2C)-c2ccccc2COC1CN(C)Cc1ccc(C(F)(F)F)cc1
TP53,Ours,0.85,O1C2=C(N(C(=O)CCC(=O)NC3=C(OCC)C=CC(OCC)=C3)CC1)C=CC=C2,CCCCCC(=O)Nc1ccc2c(c1)OCC(C)N(C(=O)c1ccccn1)CC(C)C(OC)CN(C)C2=O
TP53,Ours,0.85,O1C(C(=O)NC=2C(C(=O)NC3=CC=C(C=C3)CC)=CC=CC2)CCC1,CC(NC(=O)CC1CCC(NC(=O)c2cccnc2)C(CO)O1)c1ccccc1
TP53,Ours,0.85,FC1=C(NC(=O)CN2C=3C(C=C(C2=O)CNC=4C=CC(=CC4)C)=CC=5OCCOC5C3)C=CC(F)=C1,CN1C(=O)c2cc(NC(=O)c3ccc(C(F)(F)F)cc3)ccc2OCC2OC(CC(=O)NCCc3ccncc3)CCC21
TP53,Ours,0.84,OC=1N(C(=C2C1N(C3=C2C=CC=C3)C)C4=CC=C(OC)C=C4)CC(=O)NCCCOC,CC1CN(C(C)CO)C(=O)c2c(c3ccccc3n2C)-c2ccccc2COC1CN(C)CC1CCCCC1
TP53,Ours,0.84,OC=1N(C(=C2C1N(C3=C2C=CC=C3)C)C4=CC=C(OC)C=C4)CC(=O)NCCCOC,CC1CN(C(C)CO)C(=O)c2c(c3ccccc3n2C)-c2ccccc2COC1CN(C)C(=O)C1CCCCC1
TP53,Ours,0.84,O=C1N(C(=O)NC2=C1C=CC(=C2)C(=O)NCCN3CCN(C4=CC=C(OC)C=C4)CC3)CCOC,COc1ccc(NC(=O)N(C)CC2OCCCCC(C)Oc3ccc(NC(=O)CCC(F)(F)F)cc3C(=O)N(C(C)CO)CC2C)cc1
TP53,Ours,0.83,S(=O)(=O)(N1CCC(CC1)C)C=2C=C3N(C(=O)COC3=CC2)CC(=O)NCCN(C)C,CC(C)C(CO)C(=O)Nc1ccc2c(c1)OC(CN(C)Cc1ccccn1)C(C)CN(C(C)CO)S2(=O)=O
TP53,Ours,0.82,S(=O)(=O)(N1CCC(CC1)C)C2=CC=3OC(=O)N(C3C=C2)CC(=O)NCC4=C(OC)C=CC=C4,CC1CN(C(C)CO)C(=O)c2c(c3ccccc3n2C)-c2ccccc2COC1CN(C)S(=O)(=O)c1ccc(F)cc1
TP53,Ours,0.82,O=C1N(C(=O)NC=2C1=CC=C(C2)C(=O)NC=3C=C(C=CC3)C(=O)C)CCOC,CC(C)NC(=O)Nc1ccc2c(c1)C(=O)N(C(C)CO)CC(C)C(CN(C)C(=O)NC(C)C)O2
